rmq-a	Set up job	﻿2026-10-07T20:16:13.9448153Z Current runner version: '2.337.0'
rmq-a	Set up job	2026-10-07T20:16:13.9486103Z ##[group]Runner Image Provisioner
rmq-a	Set up job	2026-10-07T20:16:13.9487289Z Hosted Compute Agent
rmq-a	Set up job	2026-10-07T20:16:13.9488070Z Version: 20260901.588
rmq-a	Set up job	2026-10-07T20:16:13.9489089Z Commit: f88ec8081b781fac6c440065ac7ff9e710ce3d0b
rmq-a	Set up job	2026-10-07T20:16:13.9490052Z Build Date: 2026-09-01T19:56:44Z
rmq-a	Set up job	2026-10-07T20:16:13.9490929Z Worker ID: {0f8775e7-fc6a-437d-b9e9-6ceb76468fcc}
rmq-a	Set up job	2026-10-07T20:16:13.9492272Z Azure Region: westcentralus
rmq-a	Set up job	2026-10-07T20:16:13.9493100Z ##[endgroup]
rmq-a	Set up job	2026-10-07T20:16:13.9495218Z ##[group]Operating System
rmq-a	Set up job	2026-10-07T20:16:13.9496085Z Ubuntu
rmq-a	Set up job	2026-10-07T20:16:13.9496725Z 24.04.5
rmq-a	Set up job	2026-10-07T20:16:13.9497473Z LTS
rmq-a	Set up job	2026-10-07T20:16:13.9498153Z ##[endgroup]
rmq-a	Set up job	2026-10-07T20:16:13.9498965Z ##[group]Runner Image
rmq-a	Set up job	2026-10-07T20:16:13.9499786Z Image: ubuntu-24.04
rmq-a	Set up job	2026-10-07T20:16:13.9500525Z Version: 20260927.320.1
rmq-a	Set up job	2026-10-07T20:16:13.9502585Z Included Software: https://github.com/actions/runner-images/blob/ubuntu24/20260927.320/images/ubuntu/Ubuntu2404-Readme.md
rmq-a	Set up job	2026-10-07T20:16:13.9505022Z Image Release: https://github.com/actions/runner-images/releases/tag/ubuntu24%2F20260927.320
rmq-a	Set up job	2026-10-07T20:16:13.9506317Z ##[endgroup]
rmq-a	Set up job	2026-10-07T20:16:13.9507817Z ##[group]GITHUB_TOKEN Permissions
rmq-a	Set up job	2026-10-07T20:16:13.9510665Z Contents: read
rmq-a	Set up job	2026-10-07T20:16:13.9512430Z Metadata: read
rmq-a	Set up job	2026-10-07T20:16:13.9513283Z ##[endgroup]
rmq-a	Set up job	2026-10-07T20:16:13.9515880Z Secret source: Actions
rmq-a	Set up job	2026-10-07T20:16:13.9517108Z Cache mode: write
rmq-a	Set up job	2026-10-07T20:16:13.9518044Z Prepare workflow directory
rmq-a	Set up job	2026-10-07T20:16:14.0329544Z Prepare all required actions
rmq-a	Set up job	2026-10-07T20:16:14.0492271Z Getting action download info
rmq-a	Set up job	2026-10-07T20:16:14.3629642Z Download action repository 'actions/checkout@11d5960a326750d5838078e36cf38b85af677262' (SHA:11d5960a326750d5838078e36cf38b85af677262)
rmq-a	Set up job	2026-10-07T20:16:14.4707489Z Download action repository 'actions/upload-artifact@ea165f8d65b6e75b540449e92b4886f43607fa02' (SHA:ea165f8d65b6e75b540449e92b4886f43607fa02)
rmq-a	Set up job	2026-10-07T20:16:14.7761125Z Complete job name: rmq-a
rmq-a	Run actions/checkout@11d5960a326750d5838078e36cf38b85af677262	﻿2026-10-07T20:16:14.8412136Z ##[group]Run actions/checkout@11d5960a326750d5838078e36cf38b85af677262
rmq-a	Run actions/checkout@11d5960a326750d5838078e36cf38b85af677262	2026-10-07T20:16:14.8413254Z with:
rmq-a	Run actions/checkout@11d5960a326750d5838078e36cf38b85af677262	2026-10-07T20:16:14.8413771Z   persist-credentials: false
rmq-a	Run actions/checkout@11d5960a326750d5838078e36cf38b85af677262	2026-10-07T20:16:14.8414357Z   repository: HuanHuanHuanFFF/Miner
rmq-a	Run actions/checkout@11d5960a326750d5838078e36cf38b85af677262	2026-10-07T20:16:14.8418287Z   token: ***
rmq-a	Run actions/checkout@11d5960a326750d5838078e36cf38b85af677262	2026-10-07T20:16:14.8418765Z   ssh-strict: true
rmq-a	Run actions/checkout@11d5960a326750d5838078e36cf38b85af677262	2026-10-07T20:16:14.8419256Z   ssh-user: git
rmq-a	Run actions/checkout@11d5960a326750d5838078e36cf38b85af677262	2026-10-07T20:16:14.8419739Z   clean: true
rmq-a	Run actions/checkout@11d5960a326750d5838078e36cf38b85af677262	2026-10-07T20:16:14.8420238Z   sparse-checkout-cone-mode: true
rmq-a	Run actions/checkout@11d5960a326750d5838078e36cf38b85af677262	2026-10-07T20:16:14.8420838Z   fetch-depth: 1
rmq-a	Run actions/checkout@11d5960a326750d5838078e36cf38b85af677262	2026-10-07T20:16:14.8421320Z   fetch-tags: false
rmq-a	Run actions/checkout@11d5960a326750d5838078e36cf38b85af677262	2026-10-07T20:16:14.8421930Z   show-progress: true
rmq-a	Run actions/checkout@11d5960a326750d5838078e36cf38b85af677262	2026-10-07T20:16:14.8422468Z   lfs: false
rmq-a	Run actions/checkout@11d5960a326750d5838078e36cf38b85af677262	2026-10-07T20:16:14.8422967Z   submodules: false
rmq-a	Run actions/checkout@11d5960a326750d5838078e36cf38b85af677262	2026-10-07T20:16:14.8423503Z   set-safe-directory: true
rmq-a	Run actions/checkout@11d5960a326750d5838078e36cf38b85af677262	2026-10-07T20:16:14.8424064Z   allow-unsafe-pr-checkout: false
rmq-a	Run actions/checkout@11d5960a326750d5838078e36cf38b85af677262	2026-10-07T20:16:14.8424768Z env:
rmq-a	Run actions/checkout@11d5960a326750d5838078e36cf38b85af677262	2026-10-07T20:16:14.8425258Z   ROUND4_SPEC: rmq-a
rmq-a	Run actions/checkout@11d5960a326750d5838078e36cf38b85af677262	2026-10-07T20:16:14.8425773Z   ROUND4_SPEC_DIR: evidence/round10
rmq-a	Run actions/checkout@11d5960a326750d5838078e36cf38b85af677262	2026-10-07T20:16:14.8426325Z ##[endgroup]
rmq-a	Run actions/checkout@11d5960a326750d5838078e36cf38b85af677262	2026-10-07T20:16:14.9737440Z Syncing repository: HuanHuanHuanFFF/Miner
rmq-a	Run actions/checkout@11d5960a326750d5838078e36cf38b85af677262	2026-10-07T20:16:15.0878949Z ##[group]Getting Git version info
rmq-a	Run actions/checkout@11d5960a326750d5838078e36cf38b85af677262	2026-10-07T20:16:15.0880883Z Working directory is '/home/runner/work/Miner/Miner'
rmq-a	Run actions/checkout@11d5960a326750d5838078e36cf38b85af677262	2026-10-07T20:16:15.0912686Z [command]/usr/bin/git version
rmq-a	Run actions/checkout@11d5960a326750d5838078e36cf38b85af677262	2026-10-07T20:16:15.0914283Z git version 2.55.0
rmq-a	Run actions/checkout@11d5960a326750d5838078e36cf38b85af677262	2026-10-07T20:16:15.0966541Z ##[endgroup]
rmq-a	Run actions/checkout@11d5960a326750d5838078e36cf38b85af677262	2026-10-07T20:16:15.0976214Z Temporarily overriding HOME='/home/runner/work/_temp/d43c2382-bfcf-40e6-81a9-135dceab4719' before making global git config changes
rmq-a	Run actions/checkout@11d5960a326750d5838078e36cf38b85af677262	2026-10-07T20:16:15.0978769Z Adding repository directory to the temporary git global config as a safe directory
rmq-a	Run actions/checkout@11d5960a326750d5838078e36cf38b85af677262	2026-10-07T20:16:15.0981127Z [command]/usr/bin/git config --global --add safe.directory /home/runner/work/Miner/Miner
rmq-a	Run actions/checkout@11d5960a326750d5838078e36cf38b85af677262	2026-10-07T20:16:15.0985355Z Deleting the contents of '/home/runner/work/Miner/Miner'
rmq-a	Run actions/checkout@11d5960a326750d5838078e36cf38b85af677262	2026-10-07T20:16:15.0987752Z ##[group]Initializing the repository
rmq-a	Run actions/checkout@11d5960a326750d5838078e36cf38b85af677262	2026-10-07T20:16:15.0989338Z [command]/usr/bin/git init /home/runner/work/Miner/Miner
rmq-a	Run actions/checkout@11d5960a326750d5838078e36cf38b85af677262	2026-10-07T20:16:15.0991948Z hint: Using 'master' as the name for the initial branch. This default branch name
rmq-a	Run actions/checkout@11d5960a326750d5838078e36cf38b85af677262	2026-10-07T20:16:15.0993900Z hint: will change to "main" in Git 3.0. To configure the initial branch name
rmq-a	Run actions/checkout@11d5960a326750d5838078e36cf38b85af677262	2026-10-07T20:16:15.0996152Z hint: to use in all of your new repositories, which will suppress this warning,
rmq-a	Run actions/checkout@11d5960a326750d5838078e36cf38b85af677262	2026-10-07T20:16:15.0997771Z hint: call:
rmq-a	Run actions/checkout@11d5960a326750d5838078e36cf38b85af677262	2026-10-07T20:16:15.0998941Z hint:
rmq-a	Run actions/checkout@11d5960a326750d5838078e36cf38b85af677262	2026-10-07T20:16:15.1000298Z hint: 	git config --global init.defaultBranch <name>
rmq-a	Run actions/checkout@11d5960a326750d5838078e36cf38b85af677262	2026-10-07T20:16:15.1002184Z hint:
rmq-a	Run actions/checkout@11d5960a326750d5838078e36cf38b85af677262	2026-10-07T20:16:15.1003634Z hint: Names commonly chosen instead of 'master' are 'main', 'trunk' and
rmq-a	Run actions/checkout@11d5960a326750d5838078e36cf38b85af677262	2026-10-07T20:16:15.1005461Z hint: 'development'. The just-created branch can be renamed via this command:
rmq-a	Run actions/checkout@11d5960a326750d5838078e36cf38b85af677262	2026-10-07T20:16:15.1006845Z hint:
rmq-a	Run actions/checkout@11d5960a326750d5838078e36cf38b85af677262	2026-10-07T20:16:15.1007863Z hint: 	git branch -m <name>
rmq-a	Run actions/checkout@11d5960a326750d5838078e36cf38b85af677262	2026-10-07T20:16:15.1008796Z hint:
rmq-a	Run actions/checkout@11d5960a326750d5838078e36cf38b85af677262	2026-10-07T20:16:15.1010244Z hint: Disable this message with "git config set advice.defaultBranchName false"
rmq-a	Run actions/checkout@11d5960a326750d5838078e36cf38b85af677262	2026-10-07T20:16:15.1011983Z Initialized empty Git repository in /home/runner/work/Miner/Miner/.git/
rmq-a	Run actions/checkout@11d5960a326750d5838078e36cf38b85af677262	2026-10-07T20:16:15.1015232Z [command]/usr/bin/git remote add origin https://github.com/HuanHuanHuanFFF/Miner
rmq-a	Run actions/checkout@11d5960a326750d5838078e36cf38b85af677262	2026-10-07T20:16:15.1018570Z ##[endgroup]
rmq-a	Run actions/checkout@11d5960a326750d5838078e36cf38b85af677262	2026-10-07T20:16:15.1019993Z ##[group]Disabling automatic garbage collection
rmq-a	Run actions/checkout@11d5960a326750d5838078e36cf38b85af677262	2026-10-07T20:16:15.1021274Z [command]/usr/bin/git config --local gc.auto 0
rmq-a	Run actions/checkout@11d5960a326750d5838078e36cf38b85af677262	2026-10-07T20:16:15.1024369Z ##[endgroup]
rmq-a	Run actions/checkout@11d5960a326750d5838078e36cf38b85af677262	2026-10-07T20:16:15.1025592Z ##[group]Setting up auth
rmq-a	Run actions/checkout@11d5960a326750d5838078e36cf38b85af677262	2026-10-07T20:16:15.1027042Z [command]/usr/bin/git config --local --name-only --get-regexp core\.sshCommand
rmq-a	Run actions/checkout@11d5960a326750d5838078e36cf38b85af677262	2026-10-07T20:16:15.1030929Z [command]/usr/bin/git submodule foreach --recursive sh -c "git config --local --name-only --get-regexp 'core\.sshCommand' && git config --local --unset-all 'core.sshCommand' || :"
rmq-a	Run actions/checkout@11d5960a326750d5838078e36cf38b85af677262	2026-10-07T20:16:15.1038948Z [command]/usr/bin/git config --local --name-only --get-regexp http\.https\:\/\/github\.com\/\.extraheader
rmq-a	Run actions/checkout@11d5960a326750d5838078e36cf38b85af677262	2026-10-07T20:16:15.1244405Z [command]/usr/bin/git submodule foreach --recursive sh -c "git config --local --name-only --get-regexp 'http\.https\:\/\/github\.com\/\.extraheader' && git config --local --unset-all 'http.https://github.com/.extraheader' || :"
rmq-a	Run actions/checkout@11d5960a326750d5838078e36cf38b85af677262	2026-10-07T20:16:15.1345605Z [command]/usr/bin/git config --local --name-only --get-regexp ^includeIf\.gitdir:
rmq-a	Run actions/checkout@11d5960a326750d5838078e36cf38b85af677262	2026-10-07T20:16:15.1380734Z [command]/usr/bin/git submodule foreach --recursive git config --local --show-origin --name-only --get-regexp remote.origin.url
rmq-a	Run actions/checkout@11d5960a326750d5838078e36cf38b85af677262	2026-10-07T20:16:15.1572623Z [command]/usr/bin/git config --local http.https://github.com/.extraheader AUTHORIZATION: basic ***
rmq-a	Run actions/checkout@11d5960a326750d5838078e36cf38b85af677262	2026-10-07T20:16:15.1610998Z ##[endgroup]
rmq-a	Run actions/checkout@11d5960a326750d5838078e36cf38b85af677262	2026-10-07T20:16:15.1613266Z ##[group]Fetching the repository
rmq-a	Run actions/checkout@11d5960a326750d5838078e36cf38b85af677262	2026-10-07T20:16:15.1622265Z [command]/usr/bin/git -c protocol.version=2 fetch --no-tags --prune --no-recurse-submodules --depth=1 origin +ee34ad9c7f09679dcddbb2b1f6e0285eed5d938e:refs/remotes/origin/codex/round10-balanced
rmq-a	Run actions/checkout@11d5960a326750d5838078e36cf38b85af677262	2026-10-07T20:16:24.8426964Z From https://github.com/HuanHuanHuanFFF/Miner
rmq-a	Run actions/checkout@11d5960a326750d5838078e36cf38b85af677262	2026-10-07T20:16:24.8429898Z  * [new ref]         ee34ad9c7f09679dcddbb2b1f6e0285eed5d938e -> origin/codex/round10-balanced
rmq-a	Run actions/checkout@11d5960a326750d5838078e36cf38b85af677262	2026-10-07T20:16:24.8435651Z ##[endgroup]
rmq-a	Run actions/checkout@11d5960a326750d5838078e36cf38b85af677262	2026-10-07T20:16:24.8437167Z ##[group]Determining the checkout info
rmq-a	Run actions/checkout@11d5960a326750d5838078e36cf38b85af677262	2026-10-07T20:16:24.8438764Z ##[endgroup]
rmq-a	Run actions/checkout@11d5960a326750d5838078e36cf38b85af677262	2026-10-07T20:16:24.8439763Z [command]/usr/bin/git sparse-checkout disable
rmq-a	Run actions/checkout@11d5960a326750d5838078e36cf38b85af677262	2026-10-07T20:16:24.8497903Z [command]/usr/bin/git config --local --unset-all extensions.worktreeConfig
rmq-a	Run actions/checkout@11d5960a326750d5838078e36cf38b85af677262	2026-10-07T20:16:24.8533946Z ##[group]Checking out the ref
rmq-a	Run actions/checkout@11d5960a326750d5838078e36cf38b85af677262	2026-10-07T20:16:24.8537878Z [command]/usr/bin/git checkout --progress --force -B codex/round10-balanced refs/remotes/origin/codex/round10-balanced
rmq-a	Run actions/checkout@11d5960a326750d5838078e36cf38b85af677262	2026-10-07T20:16:25.8663180Z Updating files:  76% (2977/3900)
rmq-a	Run actions/checkout@11d5960a326750d5838078e36cf38b85af677262	2026-10-07T20:16:25.8833691Z Updating files:  77% (3003/3900)
rmq-a	Run actions/checkout@11d5960a326750d5838078e36cf38b85af677262	2026-10-07T20:16:25.8927764Z Updating files:  78% (3042/3900)
rmq-a	Run actions/checkout@11d5960a326750d5838078e36cf38b85af677262	2026-10-07T20:16:25.9030157Z Updating files:  79% (3081/3900)
rmq-a	Run actions/checkout@11d5960a326750d5838078e36cf38b85af677262	2026-10-07T20:16:25.9164431Z Updating files:  80% (3120/3900)
rmq-a	Run actions/checkout@11d5960a326750d5838078e36cf38b85af677262	2026-10-07T20:16:25.9532140Z Updating files:  81% (3159/3900)
rmq-a	Run actions/checkout@11d5960a326750d5838078e36cf38b85af677262	2026-10-07T20:16:25.9729768Z Updating files:  82% (3198/3900)
rmq-a	Run actions/checkout@11d5960a326750d5838078e36cf38b85af677262	2026-10-07T20:16:25.9851881Z Updating files:  83% (3237/3900)
rmq-a	Run actions/checkout@11d5960a326750d5838078e36cf38b85af677262	2026-10-07T20:16:25.9946840Z Updating files:  84% (3276/3900)
rmq-a	Run actions/checkout@11d5960a326750d5838078e36cf38b85af677262	2026-10-07T20:16:26.0045621Z Updating files:  85% (3315/3900)
rmq-a	Run actions/checkout@11d5960a326750d5838078e36cf38b85af677262	2026-10-07T20:16:26.0128362Z Updating files:  86% (3354/3900)
rmq-a	Run actions/checkout@11d5960a326750d5838078e36cf38b85af677262	2026-10-07T20:16:26.0198670Z Updating files:  87% (3393/3900)
rmq-a	Run actions/checkout@11d5960a326750d5838078e36cf38b85af677262	2026-10-07T20:16:26.0260945Z Updating files:  88% (3432/3900)
rmq-a	Run actions/checkout@11d5960a326750d5838078e36cf38b85af677262	2026-10-07T20:16:26.0320519Z Updating files:  89% (3471/3900)
rmq-a	Run actions/checkout@11d5960a326750d5838078e36cf38b85af677262	2026-10-07T20:16:26.0366197Z Updating files:  90% (3510/3900)
rmq-a	Run actions/checkout@11d5960a326750d5838078e36cf38b85af677262	2026-10-07T20:16:26.0451036Z Updating files:  91% (3549/3900)
rmq-a	Run actions/checkout@11d5960a326750d5838078e36cf38b85af677262	2026-10-07T20:16:26.0496828Z Updating files:  92% (3588/3900)
rmq-a	Run actions/checkout@11d5960a326750d5838078e36cf38b85af677262	2026-10-07T20:16:26.0534206Z Updating files:  93% (3627/3900)
rmq-a	Run actions/checkout@11d5960a326750d5838078e36cf38b85af677262	2026-10-07T20:16:26.0599171Z Updating files:  94% (3666/3900)
rmq-a	Run actions/checkout@11d5960a326750d5838078e36cf38b85af677262	2026-10-07T20:16:26.0652330Z Updating files:  95% (3705/3900)
rmq-a	Run actions/checkout@11d5960a326750d5838078e36cf38b85af677262	2026-10-07T20:16:26.0808874Z Updating files:  96% (3744/3900)
rmq-a	Run actions/checkout@11d5960a326750d5838078e36cf38b85af677262	2026-10-07T20:16:26.0912757Z Updating files:  97% (3783/3900)
rmq-a	Run actions/checkout@11d5960a326750d5838078e36cf38b85af677262	2026-10-07T20:16:26.0952767Z Updating files:  98% (3822/3900)
rmq-a	Run actions/checkout@11d5960a326750d5838078e36cf38b85af677262	2026-10-07T20:16:26.0982317Z Updating files:  99% (3861/3900)
rmq-a	Run actions/checkout@11d5960a326750d5838078e36cf38b85af677262	2026-10-07T20:16:26.0983875Z Updating files: 100% (3900/3900)
rmq-a	Run actions/checkout@11d5960a326750d5838078e36cf38b85af677262	2026-10-07T20:16:26.1002458Z Updating files: 100% (3900/3900), done.
rmq-a	Run actions/checkout@11d5960a326750d5838078e36cf38b85af677262	2026-10-07T20:16:26.2710094Z Switched to a new branch 'codex/round10-balanced'
rmq-a	Run actions/checkout@11d5960a326750d5838078e36cf38b85af677262	2026-10-07T20:16:26.4133206Z branch 'codex/round10-balanced' set up to track 'origin/codex/round10-balanced'.
rmq-a	Run actions/checkout@11d5960a326750d5838078e36cf38b85af677262	2026-10-07T20:16:26.4165076Z ##[endgroup]
rmq-a	Run actions/checkout@11d5960a326750d5838078e36cf38b85af677262	2026-10-07T20:16:26.5932924Z [command]/usr/bin/git log -1 --format=%H
rmq-a	Run actions/checkout@11d5960a326750d5838078e36cf38b85af677262	2026-10-07T20:16:26.5970608Z ee34ad9c7f09679dcddbb2b1f6e0285eed5d938e
rmq-a	Run actions/checkout@11d5960a326750d5838078e36cf38b85af677262	2026-10-07T20:16:26.5984381Z ##[group]Removing auth
rmq-a	Run actions/checkout@11d5960a326750d5838078e36cf38b85af677262	2026-10-07T20:16:26.6007041Z [command]/usr/bin/git config --local --name-only --get-regexp core\.sshCommand
rmq-a	Run actions/checkout@11d5960a326750d5838078e36cf38b85af677262	2026-10-07T20:16:26.6036537Z [command]/usr/bin/git submodule foreach --recursive sh -c "git config --local --name-only --get-regexp 'core\.sshCommand' && git config --local --unset-all 'core.sshCommand' || :"
rmq-a	Run actions/checkout@11d5960a326750d5838078e36cf38b85af677262	2026-10-07T20:16:26.6252773Z [command]/usr/bin/git config --local --name-only --get-regexp http\.https\:\/\/github\.com\/\.extraheader
rmq-a	Run actions/checkout@11d5960a326750d5838078e36cf38b85af677262	2026-10-07T20:16:26.6308245Z http.https://github.com/.extraheader
rmq-a	Run actions/checkout@11d5960a326750d5838078e36cf38b85af677262	2026-10-07T20:16:26.6320992Z [command]/usr/bin/git config --local --unset-all http.https://github.com/.extraheader
rmq-a	Run actions/checkout@11d5960a326750d5838078e36cf38b85af677262	2026-10-07T20:16:26.6519579Z [command]/usr/bin/git submodule foreach --recursive sh -c "git config --local --name-only --get-regexp 'http\.https\:\/\/github\.com\/\.extraheader' && git config --local --unset-all 'http.https://github.com/.extraheader' || :"
rmq-a	Run actions/checkout@11d5960a326750d5838078e36cf38b85af677262	2026-10-07T20:16:26.6735278Z [command]/usr/bin/git config --local --name-only --get-regexp ^includeIf\.gitdir:
rmq-a	Run actions/checkout@11d5960a326750d5838078e36cf38b85af677262	2026-10-07T20:16:26.6766346Z [command]/usr/bin/git submodule foreach --recursive git config --local --show-origin --name-only --get-regexp remote.origin.url
rmq-a	Run actions/checkout@11d5960a326750d5838078e36cf38b85af677262	2026-10-07T20:16:26.6969696Z ##[endgroup]
rmq-a	Validate batch and exact candidate bytes	﻿2026-10-07T20:16:26.7329521Z ##[group]Run python3 scripts/round4.py preflight
rmq-a	Validate batch and exact candidate bytes	2026-10-07T20:16:26.7330122Z ^[[36;1mpython3 scripts/round4.py preflight^[[0m
rmq-a	Validate batch and exact candidate bytes	2026-10-07T20:16:26.7918585Z shell: /usr/bin/bash -e {0}
rmq-a	Validate batch and exact candidate bytes	2026-10-07T20:16:26.7919078Z env:
rmq-a	Validate batch and exact candidate bytes	2026-10-07T20:16:26.7919487Z   ROUND4_SPEC: rmq-a
rmq-a	Validate batch and exact candidate bytes	2026-10-07T20:16:26.7919866Z   ROUND4_SPEC_DIR: evidence/round10
rmq-a	Validate batch and exact candidate bytes	2026-10-07T20:16:26.7920211Z ##[endgroup]
rmq-a	Validate batch and exact candidate bytes	2026-10-07T20:16:26.8773003Z PREFLIGHT rmq-a 8 hash-bound source/proof pairs
rmq-a	Prepare isolated runner and pinned source	﻿2026-10-07T20:16:26.9112190Z ##[group]Run bash scripts/ci-prepare.sh
rmq-a	Prepare isolated runner and pinned source	2026-10-07T20:16:26.9112688Z ^[[36;1mbash scripts/ci-prepare.sh^[[0m
rmq-a	Prepare isolated runner and pinned source	2026-10-07T20:16:26.9154051Z shell: /usr/bin/bash -e {0}
rmq-a	Prepare isolated runner and pinned source	2026-10-07T20:16:26.9154451Z env:
rmq-a	Prepare isolated runner and pinned source	2026-10-07T20:16:26.9154887Z   ROUND4_SPEC: rmq-a
rmq-a	Prepare isolated runner and pinned source	2026-10-07T20:16:26.9155236Z   ROUND4_SPEC_DIR: evidence/round10
rmq-a	Prepare isolated runner and pinned source	2026-10-07T20:16:26.9155636Z ##[endgroup]
rmq-a	Prepare isolated runner and pinned source	2026-10-07T20:16:26.9322475Z Filesystem      Size  Used Avail Use% Mounted on
rmq-a	Prepare isolated runner and pinned source	2026-10-07T20:16:26.9323340Z /dev/root        72G   59G   13G  83% /
rmq-a	Prepare isolated runner and pinned source	2026-10-07T20:17:56.5243551Z Reading package lists...
rmq-a	Prepare isolated runner and pinned source	2026-10-07T20:17:56.7130230Z Building dependency tree...
rmq-a	Prepare isolated runner and pinned source	2026-10-07T20:17:56.7138217Z Reading state information...
rmq-a	Prepare isolated runner and pinned source	2026-10-07T20:17:56.8847146Z curl is already the newest version (8.5.0-2ubuntu10.15).
rmq-a	Prepare isolated runner and pinned source	2026-10-07T20:17:56.8848291Z python3 is already the newest version (3.12.3-0ubuntu2.1).
rmq-a	Prepare isolated runner and pinned source	2026-10-07T20:17:56.8850098Z python3-venv is already the newest version (3.12.3-0ubuntu2.1).
rmq-a	Prepare isolated runner and pinned source	2026-10-07T20:17:56.8851216Z git is already the newest version (1:2.55.0-0ppa1~ubuntu24.04.2).
rmq-a	Prepare isolated runner and pinned source	2026-10-07T20:17:56.8852858Z git set to manually installed.
rmq-a	Prepare isolated runner and pinned source	2026-10-07T20:17:56.8853711Z pkg-config is already the newest version (1.8.1-2build1).
rmq-a	Prepare isolated runner and pinned source	2026-10-07T20:17:56.8854763Z zlib1g-dev is already the newest version (1:1.3.dfsg-3.1ubuntu2.2).
rmq-a	Prepare isolated runner and pinned source	2026-10-07T20:17:56.8855867Z dbus-user-session is already the newest version (1.14.10-4ubuntu4.1).
rmq-a	Prepare isolated runner and pinned source	2026-10-07T20:17:56.8856857Z dbus-user-session set to manually installed.
rmq-a	Prepare isolated runner and pinned source	2026-10-07T20:17:56.8858005Z The following additional packages will be installed:
rmq-a	Prepare isolated runner and pinned source	2026-10-07T20:17:56.8858857Z   libssl3t64 openssl
rmq-a	Prepare isolated runner and pinned source	2026-10-07T20:17:56.8861323Z Suggested packages:
rmq-a	Prepare isolated runner and pinned source	2026-10-07T20:17:56.8862106Z   libssl-doc
rmq-a	Prepare isolated runner and pinned source	2026-10-07T20:17:56.9068542Z The following NEW packages will be installed:
rmq-a	Prepare isolated runner and pinned source	2026-10-07T20:17:56.9078665Z   bubblewrap build-essential
rmq-a	Prepare isolated runner and pinned source	2026-10-07T20:17:56.9087038Z The following packages will be upgraded:
rmq-a	Prepare isolated runner and pinned source	2026-10-07T20:17:56.9090311Z   libssl-dev libssl3t64 openssl
rmq-a	Prepare isolated runner and pinned source	2026-10-07T20:17:56.9255301Z 3 upgraded, 2 newly installed, 0 to remove and 27 not upgraded.
rmq-a	Prepare isolated runner and pinned source	2026-10-07T20:17:56.9256428Z Need to get 5413 kB of archives.
rmq-a	Prepare isolated runner and pinned source	2026-10-07T20:17:56.9257124Z After this operation, 154 kB of additional disk space will be used.
rmq-a	Prepare isolated runner and pinned source	2026-10-07T20:17:56.9257944Z Get:1 file:/etc/apt/apt-mirrors.txt Mirrorlist [144 B]
rmq-a	Prepare isolated runner and pinned source	2026-10-07T20:17:57.4053112Z Get:2 http://azure.archive.ubuntu.com/ubuntu noble-updates/main amd64 libssl-dev amd64 3.0.13-0ubuntu3.16 [2409 kB]
rmq-a	Prepare isolated runner and pinned source	2026-10-07T20:18:51.5975029Z Get:3 http://azure.archive.ubuntu.com/ubuntu noble-updates/main amd64 libssl3t64 amd64 3.0.13-0ubuntu3.16 [1945 kB]
rmq-a	Prepare isolated runner and pinned source	2026-10-07T20:19:34.7343558Z Get:4 http://azure.archive.ubuntu.com/ubuntu noble-updates/main amd64 openssl amd64 3.0.13-0ubuntu3.16 [1004 kB]
rmq-a	Prepare isolated runner and pinned source	2026-10-07T20:19:58.8066640Z Get:5 http://azure.archive.ubuntu.com/ubuntu noble-updates/main amd64 bubblewrap amd64 0.9.0-1ubuntu0.3 [50.4 kB]
rmq-a	Prepare isolated runner and pinned source	2026-10-07T20:20:00.4392824Z Get:6 http://azure.archive.ubuntu.com/ubuntu noble/main amd64 build-essential amd64 12.10ubuntu1 [4928 B]
rmq-a	Prepare isolated runner and pinned source	2026-10-07T20:20:00.8864703Z Fetched 5413 kB in 2min 4s (43.8 kB/s)
rmq-a	Prepare isolated runner and pinned source	2026-10-07T20:20:00.9276578Z (Reading database ... 
rmq-a	Prepare isolated runner and pinned source	2026-10-07T20:20:00.9277766Z (Reading database ... 5%
rmq-a	Prepare isolated runner and pinned source	2026-10-07T20:20:00.9278289Z (Reading database ... 10%
rmq-a	Prepare isolated runner and pinned source	2026-10-07T20:20:00.9278781Z (Reading database ... 15%
rmq-a	Prepare isolated runner and pinned source	2026-10-07T20:20:00.9279291Z (Reading database ... 20%
rmq-a	Prepare isolated runner and pinned source	2026-10-07T20:20:00.9279738Z (Reading database ... 25%
rmq-a	Prepare isolated runner and pinned source	2026-10-07T20:20:00.9280302Z (Reading database ... 30%
rmq-a	Prepare isolated runner and pinned source	2026-10-07T20:20:00.9280889Z (Reading database ... 35%
rmq-a	Prepare isolated runner and pinned source	2026-10-07T20:20:00.9281743Z (Reading database ... 40%
rmq-a	Prepare isolated runner and pinned source	2026-10-07T20:20:00.9284593Z (Reading database ... 45%
rmq-a	Prepare isolated runner and pinned source	2026-10-07T20:20:00.9285544Z (Reading database ... 50%
rmq-a	Prepare isolated runner and pinned source	2026-10-07T20:20:00.9342251Z (Reading database ... 55%
rmq-a	Prepare isolated runner and pinned source	2026-10-07T20:20:01.0499327Z (Reading database ... 60%
rmq-a	Prepare isolated runner and pinned source	2026-10-07T20:20:01.2328444Z (Reading database ... 65%
rmq-a	Prepare isolated runner and pinned source	2026-10-07T20:20:01.4364085Z (Reading database ... 70%
rmq-a	Prepare isolated runner and pinned source	2026-10-07T20:20:01.5894398Z (Reading database ... 75%
rmq-a	Prepare isolated runner and pinned source	2026-10-07T20:20:01.7376850Z (Reading database ... 80%
rmq-a	Prepare isolated runner and pinned source	2026-10-07T20:20:01.8846436Z (Reading database ... 85%
rmq-a	Prepare isolated runner and pinned source	2026-10-07T20:20:02.0396669Z (Reading database ... 90%
rmq-a	Prepare isolated runner and pinned source	2026-10-07T20:20:02.1118880Z (Reading database ... 95%
rmq-a	Prepare isolated runner and pinned source	2026-10-07T20:20:02.1120151Z (Reading database ... 100%
rmq-a	Prepare isolated runner and pinned source	2026-10-07T20:20:02.1126700Z (Reading database ... 202296 files and directories currently installed.)
rmq-a	Prepare isolated runner and pinned source	2026-10-07T20:20:02.1156090Z Preparing to unpack .../libssl-dev_3.0.13-0ubuntu3.16_amd64.deb ...
rmq-a	Prepare isolated runner and pinned source	2026-10-07T20:20:02.1272814Z Unpacking libssl-dev:amd64 (3.0.13-0ubuntu3.16) over (3.0.13-0ubuntu3.15) ...
rmq-a	Prepare isolated runner and pinned source	2026-10-07T20:20:02.3618610Z Preparing to unpack .../libssl3t64_3.0.13-0ubuntu3.16_amd64.deb ...
rmq-a	Prepare isolated runner and pinned source	2026-10-07T20:20:02.3667396Z Unpacking libssl3t64:amd64 (3.0.13-0ubuntu3.16) over (3.0.13-0ubuntu3.15) ...
rmq-a	Prepare isolated runner and pinned source	2026-10-07T20:20:02.4837787Z Setting up libssl3t64:amd64 (3.0.13-0ubuntu3.16) ...
rmq-a	Prepare isolated runner and pinned source	2026-10-07T20:20:02.5168618Z (Reading database ... 
rmq-a	Prepare isolated runner and pinned source	2026-10-07T20:20:02.5169636Z (Reading database ... 5%
rmq-a	Prepare isolated runner and pinned source	2026-10-07T20:20:02.5171749Z (Reading database ... 10%
rmq-a	Prepare isolated runner and pinned source	2026-10-07T20:20:02.5172205Z (Reading database ... 15%
rmq-a	Prepare isolated runner and pinned source	2026-10-07T20:20:02.5172750Z (Reading database ... 20%
rmq-a	Prepare isolated runner and pinned source	2026-10-07T20:20:02.5203667Z (Reading database ... 25%
rmq-a	Prepare isolated runner and pinned source	2026-10-07T20:20:02.5204906Z (Reading database ... 30%
rmq-a	Prepare isolated runner and pinned source	2026-10-07T20:20:02.5205849Z (Reading database ... 35%
rmq-a	Prepare isolated runner and pinned source	2026-10-07T20:20:02.5206501Z (Reading database ... 40%
rmq-a	Prepare isolated runner and pinned source	2026-10-07T20:20:02.5207310Z (Reading database ... 45%
rmq-a	Prepare isolated runner and pinned source	2026-10-07T20:20:02.5207844Z (Reading database ... 50%
rmq-a	Prepare isolated runner and pinned source	2026-10-07T20:20:02.5211933Z (Reading database ... 55%
rmq-a	Prepare isolated runner and pinned source	2026-10-07T20:20:02.5290725Z (Reading database ... 60%
rmq-a	Prepare isolated runner and pinned source	2026-10-07T20:20:02.5316108Z (Reading database ... 65%
rmq-a	Prepare isolated runner and pinned source	2026-10-07T20:20:02.5335658Z (Reading database ... 70%
rmq-a	Prepare isolated runner and pinned source	2026-10-07T20:20:02.5371336Z (Reading database ... 75%
rmq-a	Prepare isolated runner and pinned source	2026-10-07T20:20:02.5402254Z (Reading database ... 80%
rmq-a	Prepare isolated runner and pinned source	2026-10-07T20:20:02.5428627Z (Reading database ... 85%
rmq-a	Prepare isolated runner and pinned source	2026-10-07T20:20:02.5593009Z (Reading database ... 90%
rmq-a	Prepare isolated runner and pinned source	2026-10-07T20:20:02.5892896Z (Reading database ... 95%
rmq-a	Prepare isolated runner and pinned source	2026-10-07T20:20:02.5894277Z (Reading database ... 100%
rmq-a	Prepare isolated runner and pinned source	2026-10-07T20:20:02.5895299Z (Reading database ... 202296 files and directories currently installed.)
rmq-a	Prepare isolated runner and pinned source	2026-10-07T20:20:02.5938635Z Preparing to unpack .../openssl_3.0.13-0ubuntu3.16_amd64.deb ...
rmq-a	Prepare isolated runner and pinned source	2026-10-07T20:20:02.5966588Z Unpacking openssl (3.0.13-0ubuntu3.16) over (3.0.13-0ubuntu3.15) ...
rmq-a	Prepare isolated runner and pinned source	2026-10-07T20:20:02.7066614Z Selecting previously unselected package bubblewrap.
rmq-a	Prepare isolated runner and pinned source	2026-10-07T20:20:02.7196173Z Preparing to unpack .../bubblewrap_0.9.0-1ubuntu0.3_amd64.deb ...
rmq-a	Prepare isolated runner and pinned source	2026-10-07T20:20:02.7209139Z Unpacking bubblewrap (0.9.0-1ubuntu0.3) ...
rmq-a	Prepare isolated runner and pinned source	2026-10-07T20:20:02.7407319Z Selecting previously unselected package build-essential.
rmq-a	Prepare isolated runner and pinned source	2026-10-07T20:20:02.7532192Z Preparing to unpack .../build-essential_12.10ubuntu1_amd64.deb ...
rmq-a	Prepare isolated runner and pinned source	2026-10-07T20:20:02.7545993Z Unpacking build-essential (12.10ubuntu1) ...
rmq-a	Prepare isolated runner and pinned source	2026-10-07T20:20:02.7929438Z Setting up bubblewrap (0.9.0-1ubuntu0.3) ...
rmq-a	Prepare isolated runner and pinned source	2026-10-07T20:20:02.7976284Z Setting up libssl-dev:amd64 (3.0.13-0ubuntu3.16) ...
rmq-a	Prepare isolated runner and pinned source	2026-10-07T20:20:02.7996961Z Setting up build-essential (12.10ubuntu1) ...
rmq-a	Prepare isolated runner and pinned source	2026-10-07T20:20:02.8021008Z Setting up openssl (3.0.13-0ubuntu3.16) ...
rmq-a	Prepare isolated runner and pinned source	2026-10-07T20:20:02.8065762Z Processing triggers for man-db (2.12.0-4build2) ...
rmq-a	Prepare isolated runner and pinned source	2026-10-07T20:20:02.8088275Z Not building database; man-db/auto-update is not 'true'.
rmq-a	Prepare isolated runner and pinned source	2026-10-07T20:20:02.8102828Z Processing triggers for libc-bin (2.39-0ubuntu8.9) ...
rmq-a	Prepare isolated runner and pinned source	2026-10-07T20:20:03.3210565Z 
rmq-a	Prepare isolated runner and pinned source	2026-10-07T20:20:03.3211834Z Running kernel seems to be up-to-date.
rmq-a	Prepare isolated runner and pinned source	2026-10-07T20:20:03.3212562Z 
rmq-a	Prepare isolated runner and pinned source	2026-10-07T20:20:03.3212984Z Restarting services...
rmq-a	Prepare isolated runner and pinned source	2026-10-07T20:20:03.3598423Z  /etc/needrestart/restart.d/systemd-manager
rmq-a	Prepare isolated runner and pinned source	2026-10-07T20:20:03.6628111Z  systemctl restart packagekit.service php8.3-fpm.service systemd-journald.service systemd-networkd.service systemd-resolved.service systemd-udevd.service udisks2.service
rmq-a	Prepare isolated runner and pinned source	2026-10-07T20:20:03.9060076Z 
rmq-a	Prepare isolated runner and pinned source	2026-10-07T20:20:03.9067937Z Service restarts being deferred:
rmq-a	Prepare isolated runner and pinned source	2026-10-07T20:20:03.9087445Z  systemctl restart hosted-compute-agent.service
rmq-a	Prepare isolated runner and pinned source	2026-10-07T20:20:03.9100247Z  systemctl restart systemd-logind.service
rmq-a	Prepare isolated runner and pinned source	2026-10-07T20:20:03.9106300Z  systemctl restart walinuxagent.service
rmq-a	Prepare isolated runner and pinned source	2026-10-07T20:20:03.9108108Z 
rmq-a	Prepare isolated runner and pinned source	2026-10-07T20:20:03.9108518Z No containers need to be restarted.
rmq-a	Prepare isolated runner and pinned source	2026-10-07T20:20:03.9108951Z 
rmq-a	Prepare isolated runner and pinned source	2026-10-07T20:20:03.9110526Z User sessions running outdated binaries:
rmq-a	Prepare isolated runner and pinned source	2026-10-07T20:20:03.9113189Z  runner @ user manager service: systemd[1045]
rmq-a	Prepare isolated runner and pinned source	2026-10-07T20:20:03.9203282Z 
rmq-a	Prepare isolated runner and pinned source	2026-10-07T20:20:03.9209497Z No VM guests are running outdated hypervisor (qemu) binaries on this host.
rmq-a	Prepare isolated runner and pinned source	2026-10-07T20:20:04.8338197Z kernel.apparmor_restrict_unprivileged_userns = 0
rmq-a	Prepare isolated runner and pinned source	2026-10-07T20:20:04.8592730Z hint: Using 'master' as the name for the initial branch. This default branch name
rmq-a	Prepare isolated runner and pinned source	2026-10-07T20:20:04.8593929Z hint: will change to "main" in Git 3.0. To configure the initial branch name
rmq-a	Prepare isolated runner and pinned source	2026-10-07T20:20:04.8594708Z Initialized empty Git repository in /home/runner/work/_temp/deflate-upstream/.git/
rmq-a	Prepare isolated runner and pinned source	2026-10-07T20:20:04.8597718Z hint: to use in all of your new repositories, which will suppress this warning,
rmq-a	Prepare isolated runner and pinned source	2026-10-07T20:20:04.8598561Z hint: call:
rmq-a	Prepare isolated runner and pinned source	2026-10-07T20:20:04.8599262Z hint:
rmq-a	Prepare isolated runner and pinned source	2026-10-07T20:20:04.8599917Z hint: 	git config --global init.defaultBranch <name>
rmq-a	Prepare isolated runner and pinned source	2026-10-07T20:20:04.8600476Z hint:
rmq-a	Prepare isolated runner and pinned source	2026-10-07T20:20:04.8601063Z hint: Names commonly chosen instead of 'master' are 'main', 'trunk' and
rmq-a	Prepare isolated runner and pinned source	2026-10-07T20:20:04.8602257Z hint: 'development'. The just-created branch can be renamed via this command:
rmq-a	Prepare isolated runner and pinned source	2026-10-07T20:20:04.8602957Z hint:
rmq-a	Prepare isolated runner and pinned source	2026-10-07T20:20:04.8603479Z hint: 	git branch -m <name>
rmq-a	Prepare isolated runner and pinned source	2026-10-07T20:20:04.8603959Z hint:
rmq-a	Prepare isolated runner and pinned source	2026-10-07T20:20:04.8604785Z hint: Disable this message with "git config set advice.defaultBranchName false"
rmq-a	Prepare isolated runner and pinned source	2026-10-07T20:20:06.0250468Z From https://github.com/conjectures-io/conjectures-optimisation-deflate
rmq-a	Prepare isolated runner and pinned source	2026-10-07T20:20:06.0252018Z  * branch            a356bbff18b60c4527fbcc85d5a28ef9c20214e0 -> FETCH_HEAD
rmq-a	Prepare isolated runner and pinned source	2026-10-07T20:20:06.0841235Z HEAD is now at a356bbf make the pins telemetry instead of blocking (#30)
rmq-a	Prepare isolated runner and pinned source	2026-10-07T20:20:06.1097139Z Official pinned source files: 70/70 match
rmq-a	Prepare isolated runner and pinned source	2026-10-07T20:20:06.1381931Z Running as unit: run-u0.service; invocation ID: 77b31c617e244755a02224bbd401eead
rmq-a	Prepare isolated runner and pinned source	2026-10-07T20:20:06.1420836Z Finished with result: success
rmq-a	Prepare isolated runner and pinned source	2026-10-07T20:20:06.1422486Z Main processes terminated with: code=exited/status=0
rmq-a	Prepare isolated runner and pinned source	2026-10-07T20:20:06.1423426Z Service runtime: 2ms
rmq-a	Prepare isolated runner and pinned source	2026-10-07T20:20:06.1432279Z CPU time consumed: 1ms
rmq-a	Prepare isolated runner and pinned source	2026-10-07T20:20:06.1432900Z Memory peak: 256.0K
rmq-a	Prepare isolated runner and pinned source	2026-10-07T20:20:06.1433482Z Memory swap peak: 0B
rmq-a	Install official verification toolchain	﻿2026-10-07T20:20:06.1506635Z ##[group]Run bash scripts/ci-setup.sh
rmq-a	Install official verification toolchain	2026-10-07T20:20:06.1507029Z ^[[36;1mbash scripts/ci-setup.sh^[[0m
rmq-a	Install official verification toolchain	2026-10-07T20:20:06.1549520Z shell: /usr/bin/bash -e {0}
rmq-a	Install official verification toolchain	2026-10-07T20:20:06.1549869Z env:
rmq-a	Install official verification toolchain	2026-10-07T20:20:06.1550244Z   ROUND4_SPEC: rmq-a
rmq-a	Install official verification toolchain	2026-10-07T20:20:06.1550564Z   ROUND4_SPEC_DIR: evidence/round10
rmq-a	Install official verification toolchain	2026-10-07T20:20:06.1551052Z   DEFLATE_ROOT: /home/runner/work/_temp/deflate-upstream
rmq-a	Install official verification toolchain	2026-10-07T20:20:06.1551718Z   ELAN_HOME: /home/runner/work/_temp/deflate-upstream/validator/.work/elan
rmq-a	Install official verification toolchain	2026-10-07T20:20:06.1552207Z   XDG_CACHE_HOME: /home/runner/work/_temp/deflate-cache
rmq-a	Install official verification toolchain	2026-10-07T20:20:06.1552688Z   UV_CACHE_DIR: /home/runner/work/_temp/deflate-cache/uv
rmq-a	Install official verification toolchain	2026-10-07T20:20:06.1553079Z   XDG_RUNTIME_DIR: /run/user/1001
rmq-a	Install official verification toolchain	2026-10-07T20:20:06.1553479Z   DBUS_SESSION_BUS_ADDRESS: unix:path=/run/user/1001/bus
rmq-a	Install official verification toolchain	2026-10-07T20:20:06.1553905Z   VERIFY_CORPUS: corpus-stage1
rmq-a	Install official verification toolchain	2026-10-07T20:20:06.1554303Z   VERIFY_SANDBOX: bwrap
rmq-a	Install official verification toolchain	2026-10-07T20:20:06.1554668Z   GIT_TERMINAL_PROMPT: 0
rmq-a	Install official verification toolchain	2026-10-07T20:20:06.1555009Z ##[endgroup]
rmq-a	Install official verification toolchain	2026-10-07T20:20:06.2506578Z info: syncing channel updates for nightly-2026-08-18-x86_64-unknown-linux-gnu
rmq-a	Install official verification toolchain	2026-10-07T20:20:06.8372987Z info: latest update on 2026-08-18 for version 1.100.0-nightly (8fa1c96cf 2026-08-17)
rmq-a	Install official verification toolchain	2026-10-07T20:20:06.8373913Z info: downloading 6 components
rmq-a	Install official verification toolchain	2026-10-07T20:20:30.0488711Z 
rmq-a	Install official verification toolchain	2026-10-07T20:20:30.0556541Z   nightly-2026-08-18-x86_64-unknown-linux-gnu installed - rustc 1.100.0-nightly (8fa1c96cf 2026-08-17)
rmq-a	Install official verification toolchain	2026-10-07T20:20:30.0558155Z info: checking for self-update (current version: 1.29.1)
rmq-a	Install official verification toolchain	2026-10-07T20:20:30.0558508Z 
rmq-a	Install official verification toolchain	2026-10-07T20:20:30.1231057Z 
rmq-a	Install official verification toolchain	2026-10-07T20:20:30.1232629Z ^[[1m1/9  System packages^[[0m
rmq-a	Install official verification toolchain	2026-10-07T20:20:30.1236159Z   ^[[32m✓^[[0m cc, curl, python3, git, bubblewrap present
rmq-a	Install official verification toolchain	2026-10-07T20:20:30.1236754Z 
rmq-a	Install official verification toolchain	2026-10-07T20:20:30.1242709Z ^[[1m2/9  just (1.58.0)^[[0m
rmq-a	Install official verification toolchain	2026-10-07T20:20:30.1243563Z   ^[[33m·^[[0m installing into ~/.local/bin
rmq-a	Install official verification toolchain	2026-10-07T20:20:30.5736830Z   ^[[32m✓^[[0m installed ~/.local/bin/just
rmq-a	Install official verification toolchain	2026-10-07T20:20:30.5742007Z 
rmq-a	Install official verification toolchain	2026-10-07T20:20:30.5742507Z ^[[1m3/9  uv (0.12.15)^[[0m
rmq-a	Install official verification toolchain	2026-10-07T20:20:30.5745158Z   ^[[33m·^[[0m installing into ~/.local/bin
rmq-a	Install official verification toolchain	2026-10-07T20:20:31.5037554Z   ^[[32m✓^[[0m installed ~/.local/bin/uv
rmq-a	Install official verification toolchain	2026-10-07T20:20:31.5045791Z 
rmq-a	Install official verification toolchain	2026-10-07T20:20:31.5052830Z ^[[1m4/9  Python environment (.venv, from pyproject.toml)^[[0m
rmq-a	Install official verification toolchain	2026-10-07T20:20:31.5053919Z   ^[[33m·^[[0m syncing .venv from pyproject.toml
rmq-a	Install official verification toolchain	2026-10-07T20:20:34.8329582Z   ^[[32m✓^[[0m .venv ready
rmq-a	Install official verification toolchain	2026-10-07T20:20:34.8508905Z   ^[[33m·^[[0m bittensor SDK absent - miners do not need it; validators run ./setup.sh --chain
rmq-a	Install official verification toolchain	2026-10-07T20:20:34.8510283Z 
rmq-a	Install official verification toolchain	2026-10-07T20:20:34.8511814Z ^[[1m5/9  Trusted-input audit^[[0m
rmq-a	Install official verification toolchain	2026-10-07T20:20:34.8512868Z   ^[[32m✓^[[0m gate worker records observed code and benchmark identities
rmq-a	Install official verification toolchain	2026-10-07T20:20:34.8513432Z 
rmq-a	Install official verification toolchain	2026-10-07T20:20:34.8513827Z ^[[1m6/9  Configuration (.env)^[[0m
rmq-a	Install official verification toolchain	2026-10-07T20:20:34.8542952Z   ^[[32m✓^[[0m created .env from .env.example - edit it for a validator
rmq-a	Install official verification toolchain	2026-10-07T20:20:34.8543986Z 
rmq-a	Install official verification toolchain	2026-10-07T20:20:34.8545768Z ^[[1m7/9  Scoring corpus (corpus-stage1, the benchmark default)^[[0m
rmq-a	Install official verification toolchain	2026-10-07T20:20:34.8556223Z   ^[[33m·^[[0m fetching corpus-stage1 (and corpus-stage2, if reachable)
rmq-a	Install official verification toolchain	2026-10-07T20:20:34.8577842Z bash /home/runner/work/_temp/deflate-upstream/scripts/pull-corpus.sh 
rmq-a	Install official verification toolchain	2026-10-07T20:20:38.1232280Z stage 1  28 files, 15930000 bytes, at 0260078
rmq-a	Install official verification toolchain	2026-10-07T20:20:38.5391293Z stage 2  unavailable (https://github.com/conjectures-io/conjectures-compression-corpus-2) -- skipping the held-out corpus.
rmq-a	Install official verification toolchain	2026-10-07T20:20:38.5399957Z   ^[[32m✓^[[0m data/benchmark/corpus-stage1 ready
rmq-a	Install official verification toolchain	2026-10-07T20:20:42.2584263Z     Updating crates.io index
rmq-a	Install official verification toolchain	2026-10-07T20:20:42.7675458Z  Downloading crates ...
rmq-a	Install official verification toolchain	2026-10-07T20:20:42.8740953Z   Downloaded memchr v2.8.3
rmq-a	Install official verification toolchain	2026-10-07T20:20:43.0203457Z   Downloaded quote v1.0.47
rmq-a	Install official verification toolchain	2026-10-07T20:20:43.0887879Z   Downloaded itoa v1.0.18
rmq-a	Install official verification toolchain	2026-10-07T20:20:43.1292796Z   Downloaded zmij v1.0.23
rmq-a	Install official verification toolchain	2026-10-07T20:20:43.1302427Z   Downloaded unicode-ident v1.0.26
rmq-a	Install official verification toolchain	2026-10-07T20:20:43.1317369Z   Downloaded serde_core v1.0.229
rmq-a	Install official verification toolchain	2026-10-07T20:20:43.1336055Z   Downloaded proc-macro2 v1.0.107
rmq-a	Install official verification toolchain	2026-10-07T20:20:43.1355473Z   Downloaded serde_json v1.0.151
rmq-a	Install official verification toolchain	2026-10-07T20:20:43.1403687Z   Downloaded syn v2.0.119
rmq-a	Install official verification toolchain	2026-10-07T20:20:43.8182234Z    Compiling proc-macro2 v1.0.107
rmq-a	Install official verification toolchain	2026-10-07T20:20:43.8183123Z    Compiling serde_core v1.0.229
rmq-a	Install official verification toolchain	2026-10-07T20:21:03.1363462Z    Compiling unicode-ident v1.0.26
rmq-a	Install official verification toolchain	2026-10-07T20:21:04.2096843Z    Compiling quote v1.0.47
rmq-a	Install official verification toolchain	2026-10-07T20:21:04.2916875Z    Compiling zmij v1.0.23
rmq-a	Install official verification toolchain	2026-10-07T20:21:04.4302824Z    Compiling serde_json v1.0.151
rmq-a	Install official verification toolchain	2026-10-07T20:21:08.8713675Z    Compiling memchr v2.8.3
rmq-a	Install official verification toolchain	2026-10-07T20:21:09.3973063Z    Compiling itoa v1.0.18
rmq-a	Install official verification toolchain	2026-10-07T20:21:10.1985765Z    Compiling syn v2.0.119
rmq-a	Install official verification toolchain	2026-10-07T20:21:26.2993558Z    Compiling submission-precheck v0.1.0 (/home/runner/work/_temp/deflate-upstream/validator/precheck)
rmq-a	Install official verification toolchain	2026-10-07T20:21:28.4092431Z     Finished `release` profile [optimized] target(s) in 48.74s
rmq-a	Install official verification toolchain	2026-10-07T20:21:28.4713152Z 
rmq-a	Install official verification toolchain	2026-10-07T20:21:28.4723442Z ^[[1m8/9  Slot (validator/slot/src/parse.rs is a symlink to generated/, gitignored)^[[0m
rmq-a	Install official verification toolchain	2026-10-07T20:21:28.4743210Z   ^[[32m✓^[[0m seeded validator/slot/generated/parse.rs from miner/template
rmq-a	Install official verification toolchain	2026-10-07T20:21:28.4749092Z 
rmq-a	Install official verification toolchain	2026-10-07T20:21:28.4749826Z ^[[1m9/9  Toolchain: Lean, Aeneas, Charon, Mathlib^[[0m
rmq-a	Install official verification toolchain	2026-10-07T20:21:28.4797576Z 
rmq-a	Install official verification toolchain	2026-10-07T20:21:28.4798490Z ^[[1m1/6  Lean toolchain (leanprover/lean4:v4.31.0)^[[0m
rmq-a	Install official verification toolchain	2026-10-07T20:21:28.4800203Z   ^[[33m·^[[0m elan not found — installing into /home/runner/work/_temp/deflate-upstream/validator/.work/elan
rmq-a	Install official verification toolchain	2026-10-07T20:21:29.0302768Z info: default toolchain set to 'leanprover/lean4:v4.31.0'
rmq-a	Install official verification toolchain	2026-10-07T20:21:29.0345271Z   ^[[32m✓^[[0m installed elan at /home/runner/work/_temp/deflate-upstream/validator/.work/elan
rmq-a	Install official verification toolchain	2026-10-07T20:22:02.8471308Z   ^[[32m✓^[[0m Lean (version 4.31.0, x86_64-unknown-linux-gnu, commit 68218e876d2a38b1985b8590fff244a83c321783, Release)
rmq-a	Install official verification toolchain	2026-10-07T20:22:02.8670170Z 
rmq-a	Install official verification toolchain	2026-10-07T20:22:02.8671062Z ^[[1m2/6  Aeneas + Charon (nightly-2026.08.27-5b9dcf3 release)^[[0m
rmq-a	Install official verification toolchain	2026-10-07T20:22:02.8671982Z   ^[[33m·^[[0m not found — fetching the nightly-2026.08.27-5b9dcf3 release (~120 MB)
rmq-a	Install official verification toolchain	2026-10-07T20:22:08.7819817Z   ^[[32m✓^[[0m installed aeneas and charon at /home/runner/work/_temp/deflate-upstream/validator/.work/aeneas
rmq-a	Install official verification toolchain	2026-10-07T20:22:08.7832457Z 
rmq-a	Install official verification toolchain	2026-10-07T20:22:08.7833770Z ^[[1m3/6  Rust nightly for charon-driver (nightly-2026-08-18 + rustc-dev)^[[0m
rmq-a	Install official verification toolchain	2026-10-07T20:22:08.7987977Z   ^[[32m✓^[[0m nightly-2026-08-18 installed
rmq-a	Install official verification toolchain	2026-10-07T20:22:08.7988795Z 
rmq-a	Install official verification toolchain	2026-10-07T20:22:08.7989398Z ^[[1m4/6  Lean dependencies (Aeneas backend + Mathlib)^[[0m
rmq-a	Install official verification toolchain	2026-10-07T20:22:08.7991316Z   ^[[33m·^[[0m no shared checkout — fetching our own (~7 GB, ~10 min)
rmq-a	Install official verification toolchain	2026-10-07T20:22:08.8560109Z info: aeneas: cloning https://github.com/AeneasVerif/aeneas
rmq-a	Install official verification toolchain	2026-10-07T20:22:13.8790488Z info: aeneas: checking out revision '5b9dcf33dccdb1560ea7203ac57ea202476b6ed3'
rmq-a	Install official verification toolchain	2026-10-07T20:22:13.9933129Z info: toolchain not updated; already up-to-date
rmq-a	Install official verification toolchain	2026-10-07T20:22:14.4402835Z info: mathlib: cloning https://github.com/leanprover-community/mathlib4.git
rmq-a	Install official verification toolchain	2026-10-07T20:26:18.8982885Z info: mathlib: checking out revision 'fabf563a7c95a166b8d7b6efca11c8b4dc9d911f'
rmq-a	Install official verification toolchain	2026-10-07T20:26:20.7454887Z info: plausible: cloning https://github.com/leanprover-community/plausible
rmq-a	Install official verification toolchain	2026-10-07T20:26:21.4085340Z info: plausible: checking out revision '63045536fe95024e6c18fc7b48e03f506701c5bc'
rmq-a	Install official verification toolchain	2026-10-07T20:26:21.4198844Z info: LeanSearchClient: cloning https://github.com/leanprover-community/LeanSearchClient
rmq-a	Install official verification toolchain	2026-10-07T20:26:21.9063096Z info: LeanSearchClient: checking out revision 'c5d5b8fe6e5158def25cd28eb94e4141ad97c843'
rmq-a	Install official verification toolchain	2026-10-07T20:26:21.9157401Z info: importGraph: cloning https://github.com/leanprover-community/import-graph
rmq-a	Install official verification toolchain	2026-10-07T20:26:23.0160236Z info: importGraph: checking out revision '5c7542ed018c78194f1e2b903eaf6a792b74c03d'
rmq-a	Install official verification toolchain	2026-10-07T20:26:23.0304506Z info: proofwidgets: cloning https://github.com/leanprover-community/ProofWidgets4
rmq-a	Install official verification toolchain	2026-10-07T20:26:24.6462873Z info: proofwidgets: checking out revision '24b0d9dc081c5423f8eec7e866c441e5184f29d9'
rmq-a	Install official verification toolchain	2026-10-07T20:26:25.3304439Z info: aesop: cloning https://github.com/leanprover-community/aesop
rmq-a	Install official verification toolchain	2026-10-07T20:26:26.7190804Z info: aesop: checking out revision 'e3cb2f741431ce31bf73549fb52316a57368b06f'
rmq-a	Install official verification toolchain	2026-10-07T20:26:26.7358818Z info: Qq: cloning https://github.com/leanprover-community/quote4
rmq-a	Install official verification toolchain	2026-10-07T20:26:27.3796264Z info: Qq: checking out revision 'f46324995fca5f0483b742e4eb4daec7f4ee50d2'
rmq-a	Install official verification toolchain	2026-10-07T20:26:27.3906163Z info: batteries: cloning https://github.com/leanprover-community/batteries
rmq-a	Install official verification toolchain	2026-10-07T20:26:31.6167381Z info: batteries: checking out revision 'fa08db58b30eb033edcdab331bba000827f9f785'
rmq-a	Install official verification toolchain	2026-10-07T20:26:31.6465048Z info: Cli: cloning https://github.com/leanprover/lean4-cli
rmq-a	Install official verification toolchain	2026-10-07T20:26:32.1632925Z info: Cli: checking out revision '92564e5770e4d09f2d86dfbf8ada1e9c715b384c'
rmq-a	Install official verification toolchain	2026-10-07T20:26:32.1735631Z info: mathlib: running post-update hooks
rmq-a	Install official verification toolchain	2026-10-07T20:26:33.4761370Z ✔ [3/10] Built Batteries.Data.String.Basic (551ms)
rmq-a	Install official verification toolchain	2026-10-07T20:26:33.9777802Z ✔ [5/24] Built Cache.Lean (554ms)
rmq-a	Install official verification toolchain	2026-10-07T20:26:34.0803499Z ✔ [6/24] Built Batteries.Data.Array.Match (1.2s)
rmq-a	Install official verification toolchain	2026-10-07T20:26:34.2793395Z ✔ [7/24] Built Batteries.Data.String.Basic:c.o (151ms)
rmq-a	Install official verification toolchain	2026-10-07T20:26:34.3785105Z ✔ [8/24] Built Cache.Lean:c.o (168ms)
rmq-a	Install official verification toolchain	2026-10-07T20:26:34.7784044Z ✔ [9/24] Built Batteries.Data.Array.Match:c.o (319ms)
rmq-a	Install official verification toolchain	2026-10-07T20:26:35.0813845Z ✔ [10/24] Built Cache.Init (394ms)
rmq-a	Install official verification toolchain	2026-10-07T20:26:35.3795343Z ✔ [11/24] Built Batteries.Tactic.OpenPrivate (1.4s)
rmq-a	Install official verification toolchain	2026-10-07T20:26:35.4796508Z ✔ [12/24] Built Cache.Init:c.o (101ms)
rmq-a	Install official verification toolchain	2026-10-07T20:26:35.5813071Z ✔ [13/24] Built Batteries.Data.String.Matcher (463ms)
rmq-a	Install official verification toolchain	2026-10-07T20:26:35.8813378Z ✔ [14/24] Built Batteries.Data.String.Matcher:c.o (247ms)
rmq-a	Install official verification toolchain	2026-10-07T20:26:37.2831801Z ✔ [15/24] Built Batteries.Tactic.OpenPrivate:c.o (1.8s)
rmq-a	Install official verification toolchain	2026-10-07T20:26:37.7872943Z ✔ [16/24] Built Cache.IO (1.0s)
rmq-a	Install official verification toolchain	2026-10-07T20:26:38.8875472Z ✔ [17/24] Built Cache.Hashing (1.1s)
rmq-a	Install official verification toolchain	2026-10-07T20:26:39.4903611Z ✔ [18/24] Built Cache.Hashing:c.o (570ms)
rmq-a	Install official verification toolchain	2026-10-07T20:26:39.9903203Z ✔ [19/24] Built Cache.IO:c.o (2.2s)
rmq-a	Install official verification toolchain	2026-10-07T20:26:41.6954195Z ✔ [20/24] Built Cache.Requests (2.3s)
rmq-a	Install official verification toolchain	2026-10-07T20:26:43.1011986Z ✔ [21/24] Built Cache.Main (1.4s)
rmq-a	Install official verification toolchain	2026-10-07T20:26:44.1023215Z ✔ [22/24] Built Cache.Main:c.o (937ms)
rmq-a	Install official verification toolchain	2026-10-07T20:26:44.7023920Z ✔ [23/24] Built Cache.Requests:c.o (2.9s)
rmq-a	Install official verification toolchain	2026-10-07T20:26:45.4033276Z ✔ [24/24] Built cache:exe (764ms)
rmq-a	Install official verification toolchain	2026-10-07T20:26:47.4688385Z Current branch: HEAD
rmq-a	Install official verification toolchain	2026-10-07T20:26:47.4689891Z Using cache (Azure) from origin: (some leanprover-community/mathlib4)
rmq-a	Install official verification toolchain	2026-10-07T20:26:47.4690883Z Attempting to download 8542 file(s) from leanprover-community/mathlib4 cache
rmq-a	Install official verification toolchain	2026-10-07T20:26:48.5712930Z 
rmq-a	Install official verification toolchain	2026-10-07T20:26:48.6736064Z Downloaded: 1 file(s) [attempted 1/8542 = 0%, 16 KB/s], Decompressed: 0
rmq-a	Install official verification toolchain	2026-10-07T20:26:48.7743204Z Downloaded: 132 file(s) [attempted 132/8542 = 1%, 1723 KB/s], Decompressed: 9
rmq-a	Install official verification toolchain	2026-10-07T20:26:48.8763251Z Downloaded: 309 file(s) [attempted 309/8542 = 3%, 2195 KB/s], Decompressed: 9
rmq-a	Install official verification toolchain	2026-10-07T20:26:48.9744199Z Downloaded: 449 file(s) [attempted 449/8542 = 5%, 3547 KB/s], Decompressed: 9
rmq-a	Install official verification toolchain	2026-10-07T20:26:49.0872708Z Downloaded: 612 file(s) [attempted 612/8542 = 7%, 484 KB/s], Decompressed: 50
rmq-a	Install official verification toolchain	2026-10-07T20:26:49.1912993Z Downloaded: 772 file(s) [attempted 772/8542 = 9%, 981 KB/s], Decompressed: 50
rmq-a	Install official verification toolchain	2026-10-07T20:26:49.2983142Z Downloaded: 922 file(s) [attempted 922/8542 = 10%, 2277 KB/s], Decompressed: 50
rmq-a	Install official verification toolchain	2026-10-07T20:26:49.4043423Z Downloaded: 1074 file(s) [attempted 1074/8542 = 12%, 981 KB/s], Decompressed: 50
rmq-a	Install official verification toolchain	2026-10-07T20:26:49.5053026Z Downloaded: 1181 file(s) [attempted 1181/8542 = 13%, 872 KB/s], Decompressed: 50
rmq-a	Install official verification toolchain	2026-10-07T20:26:49.6032971Z Downloaded: 1330 file(s) [attempted 1330/8542 = 15%, 1189 KB/s], Decompressed: 50
rmq-a	Install official verification toolchain	2026-10-07T20:26:49.7042923Z Downloaded: 1479 file(s) [attempted 1479/8542 = 17%, 7301 KB/s], Decompressed: 50
rmq-a	Install official verification toolchain	2026-10-07T20:26:49.8047899Z Downloaded: 1641 file(s) [attempted 1641/8542 = 19%, 4164 KB/s], Decompressed: 50
rmq-a	Install official verification toolchain	2026-10-07T20:26:49.9033324Z Downloaded: 1853 file(s) [attempted 1853/8542 = 21%, 3258 KB/s], Decompressed: 50
rmq-a	Install official verification toolchain	2026-10-07T20:26:50.0045915Z Downloaded: 2023 file(s) [attempted 2023/8542 = 23%, 916 KB/s], Decompressed: 50
rmq-a	Install official verification toolchain	2026-10-07T20:26:50.1083191Z Downloaded: 2194 file(s) [attempted 2194/8542 = 25%, 1163 KB/s], Decompressed: 50
rmq-a	Install official verification toolchain	2026-10-07T20:26:50.2063999Z Downloaded: 2351 file(s) [attempted 2351/8542 = 27%, 577 KB/s], Decompressed: 50
rmq-a	Install official verification toolchain	2026-10-07T20:26:50.3105189Z Downloaded: 2499 file(s) [attempted 2499/8542 = 29%, 266 KB/s], Decompressed: 50
rmq-a	Install official verification toolchain	2026-10-07T20:26:50.4079852Z Downloaded: 2639 file(s) [attempted 2639/8542 = 30%, 143 KB/s], Decompressed: 50
rmq-a	Install official verification toolchain	2026-10-07T20:26:50.5135493Z Downloaded: 2777 file(s) [attempted 2777/8542 = 32%, 390 KB/s], Decompressed: 50
rmq-a	Install official verification toolchain	2026-10-07T20:26:50.6304955Z Downloaded: 2943 file(s) [attempted 2943/8542 = 34%, 3904 KB/s], Decompressed: 50
rmq-a	Install official verification toolchain	2026-10-07T20:26:50.7412931Z Downloaded: 3093 file(s) [attempted 3093/8542 = 36%, 1062 KB/s], Decompressed: 50
rmq-a	Install official verification toolchain	2026-10-07T20:26:50.8446924Z Downloaded: 3243 file(s) [attempted 3243/8542 = 37%, 3660 KB/s], Decompressed: 50
rmq-a	Install official verification toolchain	2026-10-07T20:26:50.9463775Z Downloaded: 3399 file(s) [attempted 3399/8542 = 39%, 3223 KB/s], Decompressed: 50
rmq-a	Install official verification toolchain	2026-10-07T20:26:51.0489214Z Downloaded: 3526 file(s) [attempted 3526/8542 = 41%, 1215 KB/s], Decompressed: 50
rmq-a	Install official verification toolchain	2026-10-07T20:26:51.1675239Z Downloaded: 3666 file(s) [attempted 3666/8542 = 42%, 1689 KB/s], Decompressed: 50
rmq-a	Install official verification toolchain	2026-10-07T20:26:51.2744804Z Downloaded: 3816 file(s) [attempted 3816/8542 = 44%, 2290 KB/s], Decompressed: 50
rmq-a	Install official verification toolchain	2026-10-07T20:26:51.3822920Z Downloaded: 3968 file(s) [attempted 3968/8542 = 46%, 8576 KB/s], Decompressed: 50
rmq-a	Install official verification toolchain	2026-10-07T20:26:51.4804017Z Downloaded: 4114 file(s) [attempted 4114/8542 = 48%, 3227 KB/s], Decompressed: 50
rmq-a	Install official verification toolchain	2026-10-07T20:26:51.5805015Z Downloaded: 4243 file(s) [attempted 4243/8542 = 49%, 420 KB/s], Decompressed: 50
rmq-a	Install official verification toolchain	2026-10-07T20:26:51.6810835Z Downloaded: 4385 file(s) [attempted 4385/8542 = 51%, 5041 KB/s], Decompressed: 50
rmq-a	Install official verification toolchain	2026-10-07T20:26:51.7832937Z Downloaded: 4540 file(s) [attempted 4540/8542 = 53%, 927 KB/s], Decompressed: 50
rmq-a	Install official verification toolchain	2026-10-07T20:26:51.8844052Z Downloaded: 4673 file(s) [attempted 4673/8542 = 54%, 709 KB/s], Decompressed: 50
rmq-a	Install official verification toolchain	2026-10-07T20:26:51.9886055Z Downloaded: 4794 file(s) [attempted 4794/8542 = 56%, 811 KB/s], Decompressed: 50
rmq-a	Install official verification toolchain	2026-10-07T20:26:52.0884191Z Downloaded: 4954 file(s) [attempted 4954/8542 = 57%, 1895 KB/s], Decompressed: 493
rmq-a	Install official verification toolchain	2026-10-07T20:26:52.1934857Z Downloaded: 5132 file(s) [attempted 5132/8542 = 60%, 3020 KB/s], Decompressed: 493
rmq-a	Install official verification toolchain	2026-10-07T20:26:52.2959009Z Downloaded: 5289 file(s) [attempted 5289/8542 = 61%, 2820 KB/s], Decompressed: 493
rmq-a	Install official verification toolchain	2026-10-07T20:26:52.4033070Z Downloaded: 5441 file(s) [attempted 5441/8542 = 63%, 5200 KB/s], Decompressed: 493
rmq-a	Install official verification toolchain	2026-10-07T20:26:52.5126187Z Downloaded: 5600 file(s) [attempted 5600/8542 = 65%, 1517 KB/s], Decompressed: 493
rmq-a	Install official verification toolchain	2026-10-07T20:26:52.7549194Z Downloaded: 5746 file(s) [attempted 5746/8542 = 67%, 6480 KB/s], Decompressed: 493
rmq-a	Install official verification toolchain	2026-10-07T20:26:52.8612769Z Downloaded: 5819 file(s) [attempted 5819/8542 = 68%, 2744 KB/s], Decompressed: 493
rmq-a	Install official verification toolchain	2026-10-07T20:26:52.9603297Z Downloaded: 5947 file(s) [attempted 5947/8542 = 69%, 688 KB/s], Decompressed: 493
rmq-a	Install official verification toolchain	2026-10-07T20:26:53.0789080Z Downloaded: 6076 file(s) [attempted 6076/8542 = 71%, 946 KB/s], Decompressed: 493
rmq-a	Install official verification toolchain	2026-10-07T20:26:53.1942804Z Downloaded: 6202 file(s) [attempted 6202/8542 = 72%, 1808 KB/s], Decompressed: 493
rmq-a	Install official verification toolchain	2026-10-07T20:26:53.2972947Z Downloaded: 6348 file(s) [attempted 6348/8542 = 74%, 758 KB/s], Decompressed: 493
rmq-a	Install official verification toolchain	2026-10-07T20:26:53.3967143Z Downloaded: 6500 file(s) [attempted 6500/8542 = 76%, 979 KB/s], Decompressed: 493
rmq-a	Install official verification toolchain	2026-10-07T20:26:53.4983002Z Downloaded: 6640 file(s) [attempted 6640/8542 = 77%, 402 KB/s], Decompressed: 493
rmq-a	Install official verification toolchain	2026-10-07T20:26:53.6014419Z Downloaded: 6783 file(s) [attempted 6783/8542 = 79%, 903 KB/s], Decompressed: 493
rmq-a	Install official verification toolchain	2026-10-07T20:26:53.7103732Z Downloaded: 6947 file(s) [attempted 6947/8542 = 81%, 2622 KB/s], Decompressed: 493
rmq-a	Install official verification toolchain	2026-10-07T20:26:53.8084281Z Downloaded: 7097 file(s) [attempted 7097/8542 = 83%, 2078 KB/s], Decompressed: 493
rmq-a	Install official verification toolchain	2026-10-07T20:26:53.9113324Z Downloaded: 7237 file(s) [attempted 7237/8542 = 84%, 443 KB/s], Decompressed: 493
rmq-a	Install official verification toolchain	2026-10-07T20:26:54.0112088Z Downloaded: 7359 file(s) [attempted 7359/8542 = 86%, 686 KB/s], Decompressed: 493
rmq-a	Install official verification toolchain	2026-10-07T20:26:54.1173121Z Downloaded: 7469 file(s) [attempted 7469/8542 = 87%, 1931 KB/s], Decompressed: 493
rmq-a	Install official verification toolchain	2026-10-07T20:26:54.2166978Z Downloaded: 7584 file(s) [attempted 7584/8542 = 88%, 1606 KB/s], Decompressed: 493
rmq-a	Install official verification toolchain	2026-10-07T20:26:54.3172896Z Downloaded: 7736 file(s) [attempted 7736/8542 = 90%, 3159 KB/s], Decompressed: 493
rmq-a	Install official verification toolchain	2026-10-07T20:26:54.4167196Z Downloaded: 7881 file(s) [attempted 7881/8542 = 92%, 176 KB/s], Decompressed: 493
rmq-a	Install official verification toolchain	2026-10-07T20:26:54.5273119Z Downloaded: 7991 file(s) [attempted 7991/8542 = 93%, 3412 KB/s], Decompressed: 493
rmq-a	Install official verification toolchain	2026-10-07T20:26:54.6213070Z Downloaded: 8151 file(s) [attempted 8151/8542 = 95%, 1650 KB/s], Decompressed: 493
rmq-a	Install official verification toolchain	2026-10-07T20:26:54.7280433Z Downloaded: 8271 file(s) [attempted 8271/8542 = 96%, 276 KB/s], Decompressed: 493
rmq-a	Install official verification toolchain	2026-10-07T20:26:54.8533064Z Downloaded: 8408 file(s) [attempted 8408/8542 = 98%, 9843 KB/s], Decompressed: 493
rmq-a	Install official verification toolchain	2026-10-07T20:26:54.9477574Z Downloaded: 8540 file(s) [attempted 8540/8542 = 99%, 1491 KB/s], Decompressed: 493
rmq-a	Install official verification toolchain	2026-10-07T20:26:54.9479341Z Downloaded: 8542 file(s) [attempted 8542/8542 = 100%, 1491 KB/s], Decompressed: 493
rmq-a	Install official verification toolchain	2026-10-07T20:28:32.8942730Z Decompressed 8542 file(s)
rmq-a	Install official verification toolchain	2026-10-07T20:28:32.8943260Z Already decompressed 8542 file(s)
rmq-a	Install official verification toolchain	2026-10-07T20:28:33.9963013Z info: plausible: cloning https://github.com/leanprover-community/plausible
rmq-a	Install official verification toolchain	2026-10-07T20:28:34.7740451Z info: plausible: checking out revision '63045536fe95024e6c18fc7b48e03f506701c5bc'
rmq-a	Install official verification toolchain	2026-10-07T20:28:34.7855499Z info: LeanSearchClient: cloning https://github.com/leanprover-community/LeanSearchClient
rmq-a	Install official verification toolchain	2026-10-07T20:28:35.2457727Z info: LeanSearchClient: checking out revision 'c5d5b8fe6e5158def25cd28eb94e4141ad97c843'
rmq-a	Install official verification toolchain	2026-10-07T20:28:35.2560494Z info: importGraph: cloning https://github.com/leanprover-community/import-graph
rmq-a	Install official verification toolchain	2026-10-07T20:28:37.2295555Z info: importGraph: checking out revision '5c7542ed018c78194f1e2b903eaf6a792b74c03d'
rmq-a	Install official verification toolchain	2026-10-07T20:28:37.2850403Z info: proofwidgets: cloning https://github.com/leanprover-community/ProofWidgets4
rmq-a	Install official verification toolchain	2026-10-07T20:28:41.9850539Z info: proofwidgets: checking out revision '24b0d9dc081c5423f8eec7e866c441e5184f29d9'
rmq-a	Install official verification toolchain	2026-10-07T20:28:42.6623153Z info: aesop: cloning https://github.com/leanprover-community/aesop
rmq-a	Install official verification toolchain	2026-10-07T20:28:43.9252892Z info: aesop: checking out revision 'e3cb2f741431ce31bf73549fb52316a57368b06f'
rmq-a	Install official verification toolchain	2026-10-07T20:28:43.9418141Z info: Qq: cloning https://github.com/leanprover-community/quote4
rmq-a	Install official verification toolchain	2026-10-07T20:28:44.4462952Z info: Qq: checking out revision 'f46324995fca5f0483b742e4eb4daec7f4ee50d2'
rmq-a	Install official verification toolchain	2026-10-07T20:28:44.4564355Z info: batteries: cloning https://github.com/leanprover-community/batteries
rmq-a	Install official verification toolchain	2026-10-07T20:28:48.7132938Z info: batteries: checking out revision 'fa08db58b30eb033edcdab331bba000827f9f785'
rmq-a	Install official verification toolchain	2026-10-07T20:28:48.7416257Z info: Cli: cloning https://github.com/leanprover/lean4-cli
rmq-a	Install official verification toolchain	2026-10-07T20:28:49.3572856Z info: Cli: checking out revision '92564e5770e4d09f2d86dfbf8ada1e9c715b384c'
rmq-a	Install official verification toolchain	2026-10-07T20:28:50.4703475Z ✔ [4/24] Built Batteries.Data.String.Basic (518ms)
rmq-a	Install official verification toolchain	2026-10-07T20:28:51.0733417Z ✔ [6/24] Built Batteries.Data.Array.Match (1.1s)
rmq-a	Install official verification toolchain	2026-10-07T20:28:51.2733522Z ✔ [7/24] Built Batteries.Data.String.Basic:c.o (160ms)
rmq-a	Install official verification toolchain	2026-10-07T20:28:51.5743363Z ✔ [10/24] Built Batteries.Data.Array.Match:c.o (315ms)
rmq-a	Install official verification toolchain	2026-10-07T20:28:51.8744131Z ✔ [11/24] Built Batteries.Tactic.OpenPrivate (1.4s)
rmq-a	Install official verification toolchain	2026-10-07T20:28:51.9733279Z ✔ [13/24] Built Batteries.Data.String.Matcher (447ms)
rmq-a	Install official verification toolchain	2026-10-07T20:28:52.2729325Z ✔ [19/24] Built Batteries.Data.String.Matcher:c.o (241ms)
rmq-a	Install official verification toolchain	2026-10-07T20:28:53.0743258Z ✔ [23/24] Built Batteries.Tactic.OpenPrivate:c.o (1.2s)
rmq-a	Install official verification toolchain	2026-10-07T20:28:59.1551708Z Decompressing 368 already-cached file(s) (8174 already decompressed)
rmq-a	Install official verification toolchain	2026-10-07T20:28:59.1552951Z Current branch: HEAD
rmq-a	Install official verification toolchain	2026-10-07T20:28:59.1553710Z Using cache (Azure) from origin: (some leanprover-community/mathlib4)
rmq-a	Install official verification toolchain	2026-10-07T20:28:59.1554577Z No files to download
rmq-a	Install official verification toolchain	2026-10-07T20:28:59.1555165Z Decompressed 368 already-cached file(s)
rmq-a	Install official verification toolchain	2026-10-07T20:28:59.1555864Z Completed successfully in 2561 ms!
rmq-a	Install official verification toolchain	2026-10-07T20:28:59.2013112Z   ^[[32m✓^[[0m fetched dependencies into lean/.lake/packages
rmq-a	Install official verification toolchain	2026-10-07T20:28:59.2014188Z 
rmq-a	Install official verification toolchain	2026-10-07T20:28:59.2014748Z ^[[1m5/6  Build^[[0m
rmq-a	Install official verification toolchain	2026-10-07T20:29:31.1987003Z   ^[[32m✓^[[0m contract (lean/Lz77)
rmq-a	Install official verification toolchain	2026-10-07T20:30:18.9212958Z   ^[[32m✓^[[0m slot and measure crates
rmq-a	Install official verification toolchain	2026-10-07T20:30:18.9213885Z   ^[[32m✓^[[0m C compiler for the engine (cc)
rmq-a	Install official verification toolchain	2026-10-07T20:30:20.0324166Z   ^[[32m✓^[[0m python deps in /home/runner/work/_temp/deflate-upstream/.venv/bin/python
rmq-a	Install official verification toolchain	2026-10-07T20:30:20.0325543Z   ^[[32m✓^[[0m bubblewrap for the proof sandbox
rmq-a	Install official verification toolchain	2026-10-07T20:30:20.0326599Z   ^[[32m✓^[[0m systemd-run for the memory cap
rmq-a	Install official verification toolchain	2026-10-07T20:30:20.0327198Z 
rmq-a	Install official verification toolchain	2026-10-07T20:30:20.0327592Z ^[[1m6/6  Self-test^[[0m
rmq-a	Install official verification toolchain	2026-10-07T20:30:21.0764553Z 2026-10-07 20:30:21.076 | DEBUG    | __main__:stage_intake:261 - [gate] parse.rs c756784f2c5bdaf7 -> slot/generated/parse.rs
rmq-a	Install official verification toolchain	2026-10-07T20:30:21.0768969Z 2026-10-07 20:30:21.076 | DEBUG    | __main__:stage_intake:261 - [gate] Parse.lean 1cbccb0f91b22437 -> lean/Proof/Parse.lean
rmq-a	Install official verification toolchain	2026-10-07T20:30:21.1192924Z 2026-10-07 20:30:21.118 | DEBUG    | sandbox.bwrap:run:110 - [bwrap] rustup exit=0 in 0.0s
rmq-a	Install official verification toolchain	2026-10-07T20:30:21.4358563Z 2026-10-07 20:30:21.435 | DEBUG    | sandbox.bwrap:run:110 - [bwrap] extract.sh exit=0 in 0.3s
rmq-a	Install official verification toolchain	2026-10-07T20:30:22.9550466Z 2026-10-07 20:30:22.954 | DEBUG    | sandbox.bwrap:run:110 - [bwrap] extract.sh exit=0 in 1.5s
rmq-a	Install official verification toolchain	2026-10-07T20:30:22.9565417Z 2026-10-07 20:30:22.955 | DEBUG    | __main__:stage_extract:356 - [gate] extracted Types.lean 276d4089d337e0d7, Funs.lean 0b0de9d9cfbcdce4, Constants.lean 7f3588b4c89a448d
rmq-a	Install official verification toolchain	2026-10-07T20:30:25.0675701Z 2026-10-07 20:30:25.067 | DEBUG    | sandbox.bwrap:run:110 - [bwrap] lake exit=0 in 2.1s
rmq-a	Install official verification toolchain	2026-10-07T20:30:39.0719851Z 2026-10-07 20:30:39.070 | DEBUG    | sandbox.bwrap:run:110 - [bwrap] lake exit=0 in 14.0s
rmq-a	Install official verification toolchain	2026-10-07T20:30:59.5438535Z 2026-10-07 20:30:59.543 | DEBUG    | sandbox.bwrap:run:110 - [bwrap] lake exit=0 in 20.5s
rmq-a	Install official verification toolchain	2026-10-07T20:31:01.6593090Z 2026-10-07 20:31:01.658 | DEBUG    | sandbox.bwrap:run:110 - [bwrap] lake exit=0 in 2.1s
rmq-a	Install official verification toolchain	2026-10-07T20:31:03.7139104Z 2026-10-07 20:31:03.713 | DEBUG    | sandbox.bwrap:run:110 - [bwrap] lake exit=0 in 2.0s
rmq-a	Install official verification toolchain	2026-10-07T20:31:03.7145024Z 2026-10-07 20:31:03.713 | DEBUG    | __main__:stage_axioms:423 - [gate] axiom query stdout: "'accepted' depends on axioms: [propext, Classical.choice, Quot.sound]"
rmq-a	Install official verification toolchain	2026-10-07T20:31:03.7146564Z 2026-10-07 20:31:03.713 | INFO     | __main__:main:703 - [gate] verification accepted in 42.7s (bwrap, 900s, 16384 MB)
rmq-a	Install official verification toolchain	2026-10-07T20:31:03.7268526Z verifying /home/runner/work/_temp/deflate-upstream/miner/template
rmq-a	Install official verification toolchain	2026-10-07T20:31:03.7270392Z workspace: /home/runner/work/_temp/deflate-upstream/data/verification-workspace/verify-4_tyvs61
rmq-a	Install official verification toolchain	2026-10-07T20:31:03.7271777Z 
rmq-a	Install official verification toolchain	2026-10-07T20:31:03.7272531Z 0 intake      ok — template: parse.rs, Parse.lean
rmq-a	Install official verification toolchain	2026-10-07T20:31:03.7273455Z 1 policy      ok — source prefilters passed
rmq-a	Install official verification toolchain	2026-10-07T20:31:03.7299847Z 2 static      ok — resolved operations: core::num::{impl}::wrapping_add, core::num::{impl}::wrapping_mul, core::slice::{impl}::len
rmq-a	Install official verification toolchain	2026-10-07T20:31:03.7302236Z 3 extract     ok — charon+aeneas re-run by the verifier, no new axioms
rmq-a	Install official verification toolchain	2026-10-07T20:31:03.7303567Z 4 statement   ok — `LZ77.Obligation slot.parse` typechecks (bwrap, 900s, 16384 MB)
rmq-a	Install official verification toolchain	2026-10-07T20:31:03.7305180Z 5 axioms      ok — ['Classical.choice', 'Quot.sound', 'propext']; extraction intact
rmq-a	Install official verification toolchain	2026-10-07T20:31:03.7306694Z 
rmq-a	Install official verification toolchain	2026-10-07T20:31:03.7307069Z proof accepted (scoring skipped)
rmq-a	Install official verification toolchain	2026-10-07T20:31:03.7890397Z 
rmq-a	Install official verification toolchain	2026-10-07T20:31:03.7892070Z ^[[1minit ok.^[[0m Toolchain in use:
rmq-a	Install official verification toolchain	2026-10-07T20:31:03.7893269Z   AENEAS_WORK    /home/runner/work/_temp/deflate-upstream/validator/.work/aeneas
rmq-a	Install official verification toolchain	2026-10-07T20:31:03.7894427Z   CHARON_DIR     /home/runner/work/_temp/deflate-upstream/validator/.work/aeneas
rmq-a	Install official verification toolchain	2026-10-07T20:31:03.7895606Z   ELAN_HOME      /home/runner/work/_temp/deflate-upstream/validator/.work/elan
rmq-a	Install official verification toolchain	2026-10-07T20:31:03.7896547Z   LEAN_PACKAGES  (own checkout under lean/.lake)
rmq-a	Install official verification toolchain	2026-10-07T20:31:03.7897052Z 
rmq-a	Install official verification toolchain	2026-10-07T20:31:03.7897332Z Next:  just smoke
rmq-a	Install official verification toolchain	2026-10-07T20:31:03.7898154Z 
rmq-a	Install official verification toolchain	2026-10-07T20:31:03.7898795Z ^[[1msetup done.^[[0m  Next:  just check miner/template     just --list
rmq-a	Install official verification toolchain	2026-10-07T20:31:03.8312301Z /home/runner/work/_temp/deflate-upstream/setup.sh --check
rmq-a	Install official verification toolchain	2026-10-07T20:31:03.8360836Z 
rmq-a	Install official verification toolchain	2026-10-07T20:31:03.8362015Z ^[[1m1/9  System packages^[[0m
rmq-a	Install official verification toolchain	2026-10-07T20:31:03.8365049Z   ^[[32m✓^[[0m cc, curl, python3, git, bubblewrap present
rmq-a	Install official verification toolchain	2026-10-07T20:31:03.8365651Z 
rmq-a	Install official verification toolchain	2026-10-07T20:31:03.8366131Z ^[[1m2/9  just (1.58.0)^[[0m
rmq-a	Install official verification toolchain	2026-10-07T20:31:03.8483303Z   ^[[32m✓^[[0m just 1.58.0 at /home/runner/.local/bin/just
rmq-a	Install official verification toolchain	2026-10-07T20:31:03.8484054Z 
rmq-a	Install official verification toolchain	2026-10-07T20:31:03.8484494Z ^[[1m3/9  uv (0.12.15)^[[0m
rmq-a	Install official verification toolchain	2026-10-07T20:31:03.9343431Z   ^[[32m✓^[[0m uv 0.12.15 at /home/runner/.local/bin/uv
rmq-a	Install official verification toolchain	2026-10-07T20:31:03.9344512Z 
rmq-a	Install official verification toolchain	2026-10-07T20:31:03.9345075Z ^[[1m4/9  Python environment (.venv, from pyproject.toml)^[[0m
rmq-a	Install official verification toolchain	2026-10-07T20:31:05.0487419Z   ^[[32m✓^[[0m .venv complete
rmq-a	Install official verification toolchain	2026-10-07T20:31:05.0637002Z   ^[[33m·^[[0m bittensor SDK absent - miners do not need it; validators run ./setup.sh --chain
rmq-a	Install official verification toolchain	2026-10-07T20:31:05.0638228Z 
rmq-a	Install official verification toolchain	2026-10-07T20:31:05.0638862Z ^[[1m5/9  Trusted-input audit^[[0m
rmq-a	Install official verification toolchain	2026-10-07T20:31:05.0639849Z   ^[[32m✓^[[0m gate worker records observed code and benchmark identities
rmq-a	Install official verification toolchain	2026-10-07T20:31:05.0640448Z 
rmq-a	Install official verification toolchain	2026-10-07T20:31:05.0640886Z ^[[1m6/9  Configuration (.env)^[[0m
rmq-a	Install official verification toolchain	2026-10-07T20:31:05.0641691Z   ^[[32m✓^[[0m .env present
rmq-a	Install official verification toolchain	2026-10-07T20:31:05.0642107Z 
rmq-a	Install official verification toolchain	2026-10-07T20:31:05.0642633Z ^[[1m7/9  Scoring corpus (corpus-stage1, the benchmark default)^[[0m
rmq-a	Install official verification toolchain	2026-10-07T20:31:05.0670854Z   ^[[32m✓^[[0m data/benchmark/corpus-stage1 present
rmq-a	Install official verification toolchain	2026-10-07T20:31:05.0689782Z 
rmq-a	Install official verification toolchain	2026-10-07T20:31:05.0696093Z ^[[1m8/9  Slot (validator/slot/src/parse.rs is a symlink to generated/, gitignored)^[[0m
rmq-a	Install official verification toolchain	2026-10-07T20:31:05.0697472Z   ^[[32m✓^[[0m validator/slot/generated/parse.rs present
rmq-a	Install official verification toolchain	2026-10-07T20:31:05.0697990Z 
rmq-a	Install official verification toolchain	2026-10-07T20:31:05.0698513Z ^[[1m9/9  Toolchain: Lean, Aeneas, Charon, Mathlib^[[0m
rmq-a	Install official verification toolchain	2026-10-07T20:31:05.0727807Z 
rmq-a	Install official verification toolchain	2026-10-07T20:31:05.0728679Z ^[[1m1/6  Lean toolchain (leanprover/lean4:v4.31.0)^[[0m
rmq-a	Install official verification toolchain	2026-10-07T20:31:05.0730026Z   ^[[32m✓^[[0m elan at /home/runner/work/_temp/deflate-upstream/validator/.work/elan
rmq-a	Install official verification toolchain	2026-10-07T20:31:05.1283173Z   ^[[32m✓^[[0m Lean (version 4.31.0, x86_64-unknown-linux-gnu, commit 68218e876d2a38b1985b8590fff244a83c321783, Release)
rmq-a	Install official verification toolchain	2026-10-07T20:31:05.1291865Z 
rmq-a	Install official verification toolchain	2026-10-07T20:31:05.1292806Z ^[[1m2/6  Aeneas + Charon (nightly-2026.08.27-5b9dcf3 release)^[[0m
rmq-a	Install official verification toolchain	2026-10-07T20:31:05.1294043Z   ^[[32m✓^[[0m aeneas at /home/runner/work/_temp/deflate-upstream/validator/.work/aeneas/aeneas
rmq-a	Install official verification toolchain	2026-10-07T20:31:05.1295346Z   ^[[32m✓^[[0m charon at /home/runner/work/_temp/deflate-upstream/validator/.work/aeneas/charon
rmq-a	Install official verification toolchain	2026-10-07T20:31:05.1297154Z 
rmq-a	Install official verification toolchain	2026-10-07T20:31:05.1322910Z ^[[1m3/6  Rust nightly for charon-driver (nightly-2026-08-18 + rustc-dev)^[[0m
rmq-a	Install official verification toolchain	2026-10-07T20:31:05.1363674Z   ^[[32m✓^[[0m nightly-2026-08-18 installed
rmq-a	Install official verification toolchain	2026-10-07T20:31:05.1364402Z 
rmq-a	Install official verification toolchain	2026-10-07T20:31:05.1364893Z ^[[1m4/6  Lean dependencies (Aeneas backend + Mathlib)^[[0m
rmq-a	Install official verification toolchain	2026-10-07T20:31:05.1365766Z   ^[[32m✓^[[0m lean/.lake/packages present
rmq-a	Install official verification toolchain	2026-10-07T20:31:05.1366270Z 
rmq-a	Install official verification toolchain	2026-10-07T20:31:05.1366655Z ^[[1m5/6  Build^[[0m
rmq-a	Install official verification toolchain	2026-10-07T20:31:05.1367319Z   ^[[32m✓^[[0m contract built
rmq-a	Install official verification toolchain	2026-10-07T20:31:05.1367950Z   ^[[32m✓^[[0m syntax checker built
rmq-a	Install official verification toolchain	2026-10-07T20:31:05.1368633Z   ^[[32m✓^[[0m engine built
rmq-a	Install official verification toolchain	2026-10-07T20:31:05.1369337Z   ^[[32m✓^[[0m C compiler for the engine (cc)
rmq-a	Install official verification toolchain	2026-10-07T20:31:05.4890213Z   ^[[32m✓^[[0m python deps in /home/runner/work/_temp/deflate-upstream/.venv/bin/python
rmq-a	Install official verification toolchain	2026-10-07T20:31:05.4892914Z   ^[[32m✓^[[0m bubblewrap for the proof sandbox
rmq-a	Install official verification toolchain	2026-10-07T20:31:05.4900032Z   ^[[32m✓^[[0m systemd-run for the memory cap
rmq-a	Install official verification toolchain	2026-10-07T20:31:05.4900378Z 
rmq-a	Install official verification toolchain	2026-10-07T20:31:05.4900708Z ^[[1m6/6  Self-test^[[0m
rmq-a	Install official verification toolchain	2026-10-07T20:31:05.4901309Z   ^[[32m✓^[[0m everything present — run without --check to self-test
rmq-a	Install official verification toolchain	2026-10-07T20:31:05.4901924Z 
rmq-a	Install official verification toolchain	2026-10-07T20:31:05.4942348Z /home/runner/work/_temp/deflate-upstream/.venv/bin/python /home/runner/work/_temp/deflate-upstream/validator/verifier/pins.py --check
rmq-a	Install official verification toolchain	2026-10-07T20:31:05.4943490Z ^[[1mready.^[[0m
rmq-a	Install official verification toolchain	2026-10-07T20:31:05.5332737Z pins ok — 70 contract, engine and gate files unchanged
rmq-a	Install official verification toolchain	2026-10-07T20:31:05.5409323Z a356bbff18b60c4527fbcc85d5a28ef9c20214e0
rmq-a	Install official verification toolchain	2026-10-07T20:31:05.5913357Z Lean (version 4.31.0, x86_64-unknown-linux-gnu, commit 68218e876d2a38b1985b8590fff244a83c321783, Release)
rmq-a	Install official verification toolchain	2026-10-07T20:31:05.6040879Z rustc 1.100.0-nightly (8fa1c96cf 2026-08-17)
rmq-a	Install official verification toolchain	2026-10-07T20:31:05.6058557Z just 1.58.0
rmq-a	Install official verification toolchain	2026-10-07T20:31:05.6104404Z uv 0.12.15 (x86_64-unknown-linux-gnu)
rmq-a	Install official verification toolchain	2026-10-07T20:31:05.6113857Z Linux runnervm8df0l 6.17.0-1022-azure #22-Ubuntu SMP Mon Jul 27 17:24:03 UTC 2026 x86_64 x86_64 x86_64 GNU/Linux
rmq-a	Install official verification toolchain	2026-10-07T20:31:05.6154067Z CPU(s):                                  2
rmq-a	Install official verification toolchain	2026-10-07T20:31:05.6162619Z Model name:                              INTEL(R) XEON(R) PLATINUM 8573C
rmq-a	Install official verification toolchain	2026-10-07T20:31:05.6168151Z c756784f2c5bdaf7b44ad8e0e646d9777557a09974afa1999f69a215fe2b7376  miner/template/parse.rs
rmq-a	Install official verification toolchain	2026-10-07T20:31:05.6178894Z 1cbccb0f91b22437209e785233c0a45d0a0713887c52fbfb8e5fec555c40b7a2  miner/template/Parse.lean
rmq-a	Install official verification toolchain	2026-10-07T20:31:05.6185762Z 37e7b307e925cc855ee2135385e81f9653301024cfdcb7364e48f271a5781fb6  validator/lean/lake-manifest.json
rmq-a	Install official verification toolchain	2026-10-07T20:31:05.6187829Z c6f818ab47f52b8d3161b0ee591e1ddb2ab8491a53d5609f9118730287b61f3b  validator/verifier/PINS.json
rmq-a	Install official verification toolchain	2026-10-07T20:31:05.6234001Z 6d48a129b156a4e032a6378b96d4258f89c9ccd759decdc66fdbf32c312277f4  data/benchmark/corpus-stage1/binary.db.bin
rmq-a	Install official verification toolchain	2026-10-07T20:31:05.6303102Z ada4433d366405395b1a415fbec247ce7e38525c05f4f09e40c111230394353c  data/benchmark/corpus-stage1/bundle.min.js.txt
rmq-a	Install official verification toolchain	2026-10-07T20:31:05.6315265Z 94a0152009cf44a20483a564f8b32d7ef32e4fbbea53843da9848e7b5f43743a  data/benchmark/corpus-stage1/catalog.xml.txt
rmq-a	Install official verification toolchain	2026-10-07T20:31:05.6324848Z dd2679f1b4553beb286ec43eda622e6c40e664b841de3af4887ee89faee223ec  data/benchmark/corpus-stage1/compressed.bin
rmq-a	Install official verification toolchain	2026-10-07T20:31:05.6401847Z 9353520d1b7b493a7f6f90d019e876c1580636732fc0d3197e51ed0766e2d4e2  data/benchmark/corpus-stage1/config.yaml.txt
rmq-a	Install official verification toolchain	2026-10-07T20:31:05.6421908Z 793cb2bc299557521c052defd985cddb934feac72d13b995cf475a0ff16347a5  data/benchmark/corpus-stage1/docs.md.txt
rmq-a	Install official verification toolchain	2026-10-07T20:31:05.6428489Z eb8d600ef976556175ab9410909871582d6845712bba0ad30607a0e79e9e60ba  data/benchmark/corpus-stage1/dump.sql.txt
rmq-a	Install official verification toolchain	2026-10-07T20:31:05.6512710Z 4b01b6b751d82ab6e1b5e5275c3308db25dd58e20afcd5c79b72caab7f8a2baf  data/benchmark/corpus-stage1/genome.fasta
rmq-a	Install official verification toolchain	2026-10-07T20:31:05.6522594Z 4cbc5cc76fe6bf05b5d2d49c5b7c7fe23780e0c8895a503d68f913479ba17254  data/benchmark/corpus-stage1/images.bin
rmq-a	Install official verification toolchain	2026-10-07T20:31:05.6614924Z 30ff2371b060320afcf60fa4e30c6a73855b5b704569e006bccc99262d37548e  data/benchmark/corpus-stage1/lean.txt
rmq-a	Install official verification toolchain	2026-10-07T20:31:05.6700099Z f58b5b1ba7cb2061f5a747ac87f84f2508b287219101f4a9d78c9513cb237204  data/benchmark/corpus-stage1/machine-code.bin
rmq-a	Install official verification toolchain	2026-10-07T20:31:05.6801722Z 4af8e993743404696f1a54e4d67e88f6a509414aed516b602c230b12e533e75c  data/benchmark/corpus-stage1/metrics.csv.txt
rmq-a	Install official verification toolchain	2026-10-07T20:31:05.6824273Z 174352fedf18646ab739edcb5ecea17832e4f8b700aa3f5d4f824e0c6221722e  data/benchmark/corpus-stage1/multibyte.txt
rmq-a	Install official verification toolchain	2026-10-07T20:31:05.6909060Z e2d69618c902e4c1847794b6f18ec67bb965da50ff68cda05305485b566e6ff2  data/benchmark/corpus-stage1/page.html.txt
rmq-a	Install official verification toolchain	2026-10-07T20:31:05.7009472Z 77bcc8ef22132bc4ef34324dc7897870e76e9b97452d1a3610e7f803a4486f17  data/benchmark/corpus-stage1/prose.txt
rmq-a	Install official verification toolchain	2026-10-07T20:31:05.7019591Z 63decf627edee015caecc4a8ab97c8a6d19606fcf115e2a98a9ac837c7ca1646  data/benchmark/corpus-stage1/records.json.txt
rmq-a	Install official verification toolchain	2026-10-07T20:31:05.7105052Z d7f2ee8a39592832c2c46089d07fc33c0bf1f985084577849a6db368d90cb700  data/benchmark/corpus-stage1/server.log
rmq-a	Install official verification toolchain	2026-10-07T20:31:05.7204548Z b04133d396ba4c81be9b5b9cf096402ed61526a85e2918c8553e3c9c15717cc3  data/benchmark/corpus-stage1/source.c.txt
rmq-a	Install official verification toolchain	2026-10-07T20:31:05.7219926Z dd4793f64b001c006b92f74e4488e91d4022893259bd88a2acbdf16cdad7a44b  data/benchmark/corpus-stage1/source.py.txt
rmq-a	Install official verification toolchain	2026-10-07T20:31:05.7306521Z 12edca346da882992b772a5686a191324858e46842626967cd89130d4c70bbd3  data/benchmark/corpus-stage1/source.rs.txt
rmq-a	Install official verification toolchain	2026-10-07T20:31:05.7316423Z 0f7395da91e686b53af9c818b6b96fa0a2eb7ac0b243a42247319341b8e7d522  data/benchmark/corpus-stage1/sourcemap.map.txt
rmq-a	Install official verification toolchain	2026-10-07T20:31:05.7318867Z e5d1db67caf732b985c2226791836f311774b6fe464a5d71e6f3fff3e6725f36  data/benchmark/corpus-stage1/sparse.bin
rmq-a	Install official verification toolchain	2026-10-07T20:31:05.7321097Z 0f806a930a41f56b5c9d85f91e81af6e90edf17ee6c66dabd88dcf63e18acf14  data/benchmark/corpus-stage1/tiny-app.log
rmq-a	Install official verification toolchain	2026-10-07T20:31:05.7323427Z 4ecee10b0b6b41ba5d1693b70ac95cb03de1a05712739e4bc6641b3af6cb0a73  data/benchmark/corpus-stage1/tiny-config.json.txt
rmq-a	Install official verification toolchain	2026-10-07T20:31:05.7400772Z e64e112bd3b2c63509c2dc3e687bb91e7e06dbc4bd13ecbdaac41241d0f03b1f  data/benchmark/corpus-stage1/weights-bf16.bin
rmq-a	Install official verification toolchain	2026-10-07T20:31:05.7409689Z 134a2ec77375f13fab74a200a80bc768dd6c3d4403bfccb473b38941fb2ff955  data/benchmark/corpus-stage1/weights-f16.bin
rmq-a	Install official verification toolchain	2026-10-07T20:31:05.7420138Z cbb1608ac057ef06f7dd2e6bb0ba32fa6a6ce6f91699c0e9c05f5644acc2c74d  data/benchmark/corpus-stage1/weights-f32.bin
rmq-a	Install official verification toolchain	2026-10-07T20:31:05.7429448Z c81adeb809c26ef1dd391c0a640c95b3ad76ebab127d690b5a7fdbe2e412779a  data/benchmark/corpus-stage1/weights-q8.bin
rmq-a	Install official verification toolchain	2026-10-07T20:31:05.8851582Z Filesystem      Size  Used Avail Use% Mounted on
rmq-a	Install official verification toolchain	2026-10-07T20:31:05.8852513Z /dev/root        72G   48G   24G  67% /
rmq-a	Check requested finite equivalence	﻿2026-10-07T20:31:05.8947265Z ##[group]Run export PATH="$HOME/.local/bin:$HOME/.cargo/bin:$ELAN_HOME/bin:$PATH"
rmq-a	Check requested finite equivalence	2026-10-07T20:31:05.8949721Z ^[[36;1mexport PATH="$HOME/.local/bin:$HOME/.cargo/bin:$ELAN_HOME/bin:$PATH"^[[0m
rmq-a	Check requested finite equivalence	2026-10-07T20:31:05.8950267Z ^[[36;1m"$DEFLATE_ROOT/.venv/bin/python" scripts/research-round4.py^[[0m
rmq-a	Check requested finite equivalence	2026-10-07T20:31:05.9510953Z shell: /usr/bin/bash -e {0}
rmq-a	Check requested finite equivalence	2026-10-07T20:31:05.9511787Z env:
rmq-a	Check requested finite equivalence	2026-10-07T20:31:05.9512235Z   ROUND4_SPEC: rmq-a
rmq-a	Check requested finite equivalence	2026-10-07T20:31:05.9512597Z   ROUND4_SPEC_DIR: evidence/round10
rmq-a	Check requested finite equivalence	2026-10-07T20:31:05.9513049Z   DEFLATE_ROOT: /home/runner/work/_temp/deflate-upstream
rmq-a	Check requested finite equivalence	2026-10-07T20:31:05.9513585Z   ELAN_HOME: /home/runner/work/_temp/deflate-upstream/validator/.work/elan
rmq-a	Check requested finite equivalence	2026-10-07T20:31:05.9514082Z   XDG_CACHE_HOME: /home/runner/work/_temp/deflate-cache
rmq-a	Check requested finite equivalence	2026-10-07T20:31:05.9514508Z   UV_CACHE_DIR: /home/runner/work/_temp/deflate-cache/uv
rmq-a	Check requested finite equivalence	2026-10-07T20:31:05.9514906Z   XDG_RUNTIME_DIR: /run/user/1001
rmq-a	Check requested finite equivalence	2026-10-07T20:31:05.9515321Z   DBUS_SESSION_BUS_ADDRESS: unix:path=/run/user/1001/bus
rmq-a	Check requested finite equivalence	2026-10-07T20:31:05.9515817Z   VERIFY_CORPUS: corpus-stage1
rmq-a	Check requested finite equivalence	2026-10-07T20:31:05.9516178Z   VERIFY_SANDBOX: bwrap
rmq-a	Check requested finite equivalence	2026-10-07T20:31:05.9516510Z   GIT_TERMINAL_PROMPT: 0
rmq-a	Check requested finite equivalence	2026-10-07T20:31:05.9516823Z ##[endgroup]
rmq-a	Check requested finite equivalence	2026-10-07T20:31:13.4744875Z EQUIVALENCE_RESULT r10-rmq8 r9-block-scalar 444 0
rmq-a	Check requested finite equivalence	2026-10-07T20:31:13.4745718Z 
rmq-a	Extract requested research candidates	﻿2026-10-07T20:31:13.4872712Z ##[group]Run export PATH="$HOME/.local/bin:$HOME/.cargo/bin:$ELAN_HOME/bin:$PATH"
rmq-a	Extract requested research candidates	2026-10-07T20:31:13.4873454Z ^[[36;1mexport PATH="$HOME/.local/bin:$HOME/.cargo/bin:$ELAN_HOME/bin:$PATH"^[[0m
rmq-a	Extract requested research candidates	2026-10-07T20:31:13.4874006Z ^[[36;1m"$DEFLATE_ROOT/.venv/bin/python" scripts/research-round5.py^[[0m
rmq-a	Extract requested research candidates	2026-10-07T20:31:13.4913422Z shell: /usr/bin/bash -e {0}
rmq-a	Extract requested research candidates	2026-10-07T20:31:13.4913871Z env:
rmq-a	Extract requested research candidates	2026-10-07T20:31:13.4914157Z   ROUND4_SPEC: rmq-a
rmq-a	Extract requested research candidates	2026-10-07T20:31:13.4914501Z   ROUND4_SPEC_DIR: evidence/round10
rmq-a	Extract requested research candidates	2026-10-07T20:31:13.4914943Z   DEFLATE_ROOT: /home/runner/work/_temp/deflate-upstream
rmq-a	Extract requested research candidates	2026-10-07T20:31:13.4915424Z   ELAN_HOME: /home/runner/work/_temp/deflate-upstream/validator/.work/elan
rmq-a	Extract requested research candidates	2026-10-07T20:31:13.4915896Z   XDG_CACHE_HOME: /home/runner/work/_temp/deflate-cache
rmq-a	Extract requested research candidates	2026-10-07T20:31:13.4916316Z   UV_CACHE_DIR: /home/runner/work/_temp/deflate-cache/uv
rmq-a	Extract requested research candidates	2026-10-07T20:31:13.4916722Z   XDG_RUNTIME_DIR: /run/user/1001
rmq-a	Extract requested research candidates	2026-10-07T20:31:13.4917144Z   DBUS_SESSION_BUS_ADDRESS: unix:path=/run/user/1001/bus
rmq-a	Extract requested research candidates	2026-10-07T20:31:13.4917628Z   VERIFY_CORPUS: corpus-stage1
rmq-a	Extract requested research candidates	2026-10-07T20:31:13.4917979Z   VERIFY_SANDBOX: bwrap
rmq-a	Extract requested research candidates	2026-10-07T20:31:13.4918315Z   GIT_TERMINAL_PROMPT: 0
rmq-a	Extract requested research candidates	2026-10-07T20:31:13.4918622Z ##[endgroup]
rmq-a	Extract requested research candidates	2026-10-07T20:33:11.9130870Z RESEARCH_EXTRACTION r10-rmq8 0 PROOF_NOT_RUN
rmq-a	Diagnose block phases and candidate discovery	﻿2026-10-07T20:33:12.0870847Z ##[group]Run export PATH="$HOME/.local/bin:$HOME/.cargo/bin:$ELAN_HOME/bin:$PATH"
rmq-a	Diagnose block phases and candidate discovery	2026-10-07T20:33:12.0871789Z ^[[36;1mexport PATH="$HOME/.local/bin:$HOME/.cargo/bin:$ELAN_HOME/bin:$PATH"^[[0m
rmq-a	Diagnose block phases and candidate discovery	2026-10-07T20:33:12.0872464Z ^[[36;1mif [[ "$ROUND4_SPEC_DIR" == evidence/round9 ]]; then "$DEFLATE_ROOT/.venv/bin/python" scripts/research-round9-phases.py; fi^[[0m
rmq-a	Diagnose block phases and candidate discovery	2026-10-07T20:33:12.0873319Z ^[[36;1mif [[ "$ROUND4_SPEC_DIR" == evidence/round9 ]]; then "$DEFLATE_ROOT/.venv/bin/python" scripts/research-round9-finder.py; fi^[[0m
rmq-a	Diagnose block phases and candidate discovery	2026-10-07T20:33:12.0874273Z ^[[36;1mif [[ "$ROUND4_SPEC_DIR" == evidence/round10 && -f scripts/research-round10-forward.py ]]; then "$DEFLATE_ROOT/.venv/bin/python" scripts/research-round10-forward.py; fi^[[0m
rmq-a	Diagnose block phases and candidate discovery	2026-10-07T20:33:12.0875289Z ^[[36;1mif [[ "$ROUND4_SPEC_DIR" == evidence/round10 && -f scripts/research-round10-finder.py ]]; then "$DEFLATE_ROOT/.venv/bin/python" scripts/research-round10-finder.py; fi^[[0m
rmq-a	Diagnose block phases and candidate discovery	2026-10-07T20:33:12.0959854Z shell: /usr/bin/bash -e {0}
rmq-a	Diagnose block phases and candidate discovery	2026-10-07T20:33:12.0960286Z env:
rmq-a	Diagnose block phases and candidate discovery	2026-10-07T20:33:12.0962872Z   ROUND4_SPEC: rmq-a
rmq-a	Diagnose block phases and candidate discovery	2026-10-07T20:33:12.0963307Z   ROUND4_SPEC_DIR: evidence/round10
rmq-a	Diagnose block phases and candidate discovery	2026-10-07T20:33:12.0963767Z   DEFLATE_ROOT: /home/runner/work/_temp/deflate-upstream
rmq-a	Diagnose block phases and candidate discovery	2026-10-07T20:33:12.0964402Z   ELAN_HOME: /home/runner/work/_temp/deflate-upstream/validator/.work/elan
rmq-a	Diagnose block phases and candidate discovery	2026-10-07T20:33:12.0964982Z   XDG_CACHE_HOME: /home/runner/work/_temp/deflate-cache
rmq-a	Diagnose block phases and candidate discovery	2026-10-07T20:33:12.0965445Z   UV_CACHE_DIR: /home/runner/work/_temp/deflate-cache/uv
rmq-a	Diagnose block phases and candidate discovery	2026-10-07T20:33:12.0965866Z   XDG_RUNTIME_DIR: /run/user/1001
rmq-a	Diagnose block phases and candidate discovery	2026-10-07T20:33:12.0966299Z   DBUS_SESSION_BUS_ADDRESS: unix:path=/run/user/1001/bus
rmq-a	Diagnose block phases and candidate discovery	2026-10-07T20:33:12.0966764Z   VERIFY_CORPUS: corpus-stage1
rmq-a	Diagnose block phases and candidate discovery	2026-10-07T20:33:12.0967151Z   VERIFY_SANDBOX: bwrap
rmq-a	Diagnose block phases and candidate discovery	2026-10-07T20:33:12.0967484Z   GIT_TERMINAL_PROMPT: 0
rmq-a	Diagnose block phases and candidate discovery	2026-10-07T20:33:12.0967853Z ##[endgroup]
rmq-a	Diagnose block phases and candidate discovery	2026-10-07T20:33:12.1803439Z ROUND10_FORWARD_NOT_REQUESTED
rmq-a	Diagnose block phases and candidate discovery	2026-10-07T20:33:12.2478931Z ROUND10_FINDER_DIAGNOSTIC_NOT_REQUESTED
rmq-a	Publish early extraction diagnostics	﻿2026-10-07T20:33:12.3049371Z ##[group]Run actions/upload-artifact@ea165f8d65b6e75b540449e92b4886f43607fa02
rmq-a	Publish early extraction diagnostics	2026-10-07T20:33:12.3049918Z with:
rmq-a	Publish early extraction diagnostics	2026-10-07T20:33:12.3050310Z   name: r10-37680712729-rmq-a-extraction
rmq-a	Publish early extraction diagnostics	2026-10-07T20:33:12.3050776Z   path: /home/runner/work/_temp/round4-receipts/research5/
rmq-a	Publish early extraction diagnostics	2026-10-07T20:33:12.3051183Z   retention-days: 1
rmq-a	Publish early extraction diagnostics	2026-10-07T20:33:12.3051819Z   compression-level: 9
rmq-a	Publish early extraction diagnostics	2026-10-07T20:33:12.3052288Z   if-no-files-found: ignore
rmq-a	Publish early extraction diagnostics	2026-10-07T20:33:12.3052630Z   overwrite: false
rmq-a	Publish early extraction diagnostics	2026-10-07T20:33:12.3052986Z   include-hidden-files: false
rmq-a	Publish early extraction diagnostics	2026-10-07T20:33:12.3055356Z env:
rmq-a	Publish early extraction diagnostics	2026-10-07T20:33:12.3055692Z   ROUND4_SPEC: rmq-a
rmq-a	Publish early extraction diagnostics	2026-10-07T20:33:12.3056038Z   ROUND4_SPEC_DIR: evidence/round10
rmq-a	Publish early extraction diagnostics	2026-10-07T20:33:12.3056441Z   DEFLATE_ROOT: /home/runner/work/_temp/deflate-upstream
rmq-a	Publish early extraction diagnostics	2026-10-07T20:33:12.3056925Z   ELAN_HOME: /home/runner/work/_temp/deflate-upstream/validator/.work/elan
rmq-a	Publish early extraction diagnostics	2026-10-07T20:33:12.3057571Z   XDG_CACHE_HOME: /home/runner/work/_temp/deflate-cache
rmq-a	Publish early extraction diagnostics	2026-10-07T20:33:12.3058327Z   UV_CACHE_DIR: /home/runner/work/_temp/deflate-cache/uv
rmq-a	Publish early extraction diagnostics	2026-10-07T20:33:12.3058828Z   XDG_RUNTIME_DIR: /run/user/1001
rmq-a	Publish early extraction diagnostics	2026-10-07T20:33:12.3059219Z   DBUS_SESSION_BUS_ADDRESS: unix:path=/run/user/1001/bus
rmq-a	Publish early extraction diagnostics	2026-10-07T20:33:12.3059597Z   VERIFY_CORPUS: corpus-stage1
rmq-a	Publish early extraction diagnostics	2026-10-07T20:33:12.3059935Z   VERIFY_SANDBOX: bwrap
rmq-a	Publish early extraction diagnostics	2026-10-07T20:33:12.3060274Z   GIT_TERMINAL_PROMPT: 0
rmq-a	Publish early extraction diagnostics	2026-10-07T20:33:12.3060613Z ##[endgroup]
rmq-a	Publish early extraction diagnostics	2026-10-07T20:33:12.8826610Z (node:5658) [DEP0040] DeprecationWarning: The `punycode` module is deprecated. Please use a userland alternative instead.
rmq-a	Publish early extraction diagnostics	2026-10-07T20:33:12.8827943Z (Use `node --trace-deprecation ...` to show where the warning was created)
rmq-a	Publish early extraction diagnostics	2026-10-07T20:33:12.8958484Z With the provided path, there will be 8 files uploaded
rmq-a	Publish early extraction diagnostics	2026-10-07T20:33:12.8969943Z Artifact name is valid!
rmq-a	Publish early extraction diagnostics	2026-10-07T20:33:12.8993488Z Root directory input is valid!
rmq-a	Publish early extraction diagnostics	2026-10-07T20:33:13.2952656Z Beginning upload of artifact content to blob storage
rmq-a	Publish early extraction diagnostics	2026-10-07T20:33:13.3806056Z (node:5658) [DEP0169] DeprecationWarning: `url.parse()` behavior is not standardized and prone to errors that have security implications. Use the WHATWG URL API instead. CVEs are not issued for `url.parse()` vulnerabilities.
rmq-a	Publish early extraction diagnostics	2026-10-07T20:33:13.7072724Z Uploaded bytes 83814
rmq-a	Publish early extraction diagnostics	2026-10-07T20:33:13.7723544Z Finished uploading artifact content to blob storage!
rmq-a	Publish early extraction diagnostics	2026-10-07T20:33:13.7725254Z SHA256 digest of uploaded artifact zip is 1d2b1351e324b669a5f82e7e6facead5da7b14466b810c857fd90542c420549e
rmq-a	Publish early extraction diagnostics	2026-10-07T20:33:13.7728060Z Finalizing artifact upload
rmq-a	Publish early extraction diagnostics	2026-10-07T20:33:14.0457139Z Artifact r10-37680712729-rmq-a-extraction.zip successfully finalized. Artifact ID 11510366080
rmq-a	Publish early extraction diagnostics	2026-10-07T20:33:14.0463702Z Artifact r10-37680712729-rmq-a-extraction has been successfully uploaded! Final size is 83814 bytes. Artifact ID is 11510366080
rmq-a	Publish early extraction diagnostics	2026-10-07T20:33:14.0466126Z Artifact download URL: https://github.com/HuanHuanHuanFFF/Miner/actions/runs/37680712729/artifacts/11510366080
rmq-a	Screen time and compression axes	﻿2026-10-07T20:33:14.0632228Z ##[group]Run export PATH="$HOME/.local/bin:$HOME/.cargo/bin:$ELAN_HOME/bin:$PATH"
rmq-a	Screen time and compression axes	2026-10-07T20:33:14.0632957Z ^[[36;1mexport PATH="$HOME/.local/bin:$HOME/.cargo/bin:$ELAN_HOME/bin:$PATH"^[[0m
rmq-a	Screen time and compression axes	2026-10-07T20:33:14.0633466Z ^[[36;1mexport PYTHONPATH="$DEFLATE_ROOT/validator"^[[0m
rmq-a	Screen time and compression axes	2026-10-07T20:33:14.0633921Z ^[[36;1m"$DEFLATE_ROOT/.venv/bin/python" scripts/round4.py screen^[[0m
rmq-a	Screen time and compression axes	2026-10-07T20:33:14.0680796Z shell: /usr/bin/bash -e {0}
rmq-a	Screen time and compression axes	2026-10-07T20:33:14.0681278Z env:
rmq-a	Screen time and compression axes	2026-10-07T20:33:14.0681694Z   ROUND4_SPEC: rmq-a
rmq-a	Screen time and compression axes	2026-10-07T20:33:14.0682015Z   ROUND4_SPEC_DIR: evidence/round10
rmq-a	Screen time and compression axes	2026-10-07T20:33:14.0682493Z   DEFLATE_ROOT: /home/runner/work/_temp/deflate-upstream
rmq-a	Screen time and compression axes	2026-10-07T20:33:14.0683030Z   ELAN_HOME: /home/runner/work/_temp/deflate-upstream/validator/.work/elan
rmq-a	Screen time and compression axes	2026-10-07T20:33:14.0683545Z   XDG_CACHE_HOME: /home/runner/work/_temp/deflate-cache
rmq-a	Screen time and compression axes	2026-10-07T20:33:14.0683982Z   UV_CACHE_DIR: /home/runner/work/_temp/deflate-cache/uv
rmq-a	Screen time and compression axes	2026-10-07T20:33:14.0684451Z   XDG_RUNTIME_DIR: /run/user/1001
rmq-a	Screen time and compression axes	2026-10-07T20:33:14.0685018Z   DBUS_SESSION_BUS_ADDRESS: unix:path=/run/user/1001/bus
rmq-a	Screen time and compression axes	2026-10-07T20:33:14.0685530Z   VERIFY_CORPUS: corpus-stage1
rmq-a	Screen time and compression axes	2026-10-07T20:33:14.0685941Z   VERIFY_SANDBOX: bwrap
rmq-a	Screen time and compression axes	2026-10-07T20:33:14.0686309Z   GIT_TERMINAL_PROMPT: 0
rmq-a	Screen time and compression axes	2026-10-07T20:33:14.0686744Z ##[endgroup]
rmq-a	Screen time and compression axes	2026-10-07T20:33:15.0531714Z MEASURE_BEGIN 1 probe3
rmq-a	Screen time and compression axes	2026-10-07T20:33:15.1011916Z ^[[32m2026-10-07 20:33:15.100^[[0m | ^[[34m^[[1mDEBUG   ^[[0m | ^[[36msandbox.bwrap^[[0m:^[[36mrun^[[0m:^[[36m110^[[0m - ^[[34m^[[1m[bwrap] rustc exit=0 in 0.0s^[[0m
rmq-a	Screen time and compression axes	2026-10-07T20:33:17.5000727Z ^[[32m2026-10-07 20:33:17.499^[[0m | ^[[34m^[[1mDEBUG   ^[[0m | ^[[36msandbox.bwrap^[[0m:^[[36mrun^[[0m:^[[36m110^[[0m - ^[[34m^[[1m[bwrap] cargo exit=0 in 2.4s^[[0m
rmq-a	Screen time and compression axes	2026-10-07T20:33:17.5002961Z ^[[32m2026-10-07 20:33:17.499^[[0m | ^[[34m^[[1mDEBUG   ^[[0m | ^[[36mbench.driver^[[0m:^[[36m_build^[[0m:^[[36m295^[[0m - ^[[34m^[[1m[bench] built incumbent in 2.4s exit=0^[[0m
rmq-a	Screen time and compression axes	2026-10-07T20:33:20.9700627Z ^[[32m2026-10-07 20:33:20.968^[[0m | ^[[34m^[[1mDEBUG   ^[[0m | ^[[36msandbox.bwrap^[[0m:^[[36mrun^[[0m:^[[36m110^[[0m - ^[[34m^[[1m[bwrap] cargo exit=0 in 3.5s^[[0m
rmq-a	Screen time and compression axes	2026-10-07T20:33:20.9704868Z ^[[32m2026-10-07 20:33:20.969^[[0m | ^[[34m^[[1mDEBUG   ^[[0m | ^[[36mbench.driver^[[0m:^[[36m_build^[[0m:^[[36m295^[[0m - ^[[34m^[[1m[bench] built probe3 in 3.5s exit=0^[[0m
rmq-a	Screen time and compression axes	2026-10-07T20:33:35.8868717Z ^[[32m2026-10-07 20:33:35.886^[[0m | ^[[34m^[[1mDEBUG   ^[[0m | ^[[36msandbox.bwrap^[[0m:^[[36mrun^[[0m:^[[36m110^[[0m - ^[[34m^[[1m[bwrap] measure exit=0 in 14.9s^[[0m
rmq-a	Screen time and compression axes	2026-10-07T20:33:35.8883192Z ^[[32m2026-10-07 20:33:35.886^[[0m | ^[[34m^[[1mDEBUG   ^[[0m | ^[[36mbench.driver^[[0m:^[[36m_measure^[[0m:^[[36m333^[[0m - ^[[34m^[[1m[bench] measured probe3 in 14.9s exit=0^[[0m
rmq-a	Screen time and compression axes	2026-10-07T20:33:35.8975541Z MEASUREMENT {"candidate": "probe3", "round": 1, "time": 0.4528317428564233, "size_pct": 35.92083771476539, "parse_s": 0.06805000599999998, "total_s": 0.307992331, "output_bytes": 5287026, "source_sha256": "e20ea5a7d2e77821008592faef393855077b9b8ceee244f390a85ac0257e047d"}
rmq-a	Screen time and compression axes	2026-10-07T20:33:35.8977615Z MEASURE_BEGIN 1 r3-432-fast3
rmq-a	Screen time and compression axes	2026-10-07T20:33:35.9415156Z ^[[32m2026-10-07 20:33:35.941^[[0m | ^[[34m^[[1mDEBUG   ^[[0m | ^[[36msandbox.bwrap^[[0m:^[[36mrun^[[0m:^[[36m110^[[0m - ^[[34m^[[1m[bwrap] rustc exit=0 in 0.0s^[[0m
rmq-a	Screen time and compression axes	2026-10-07T20:33:38.3335672Z ^[[32m2026-10-07 20:33:38.333^[[0m | ^[[34m^[[1mDEBUG   ^[[0m | ^[[36msandbox.bwrap^[[0m:^[[36mrun^[[0m:^[[36m110^[[0m - ^[[34m^[[1m[bwrap] cargo exit=0 in 2.4s^[[0m
rmq-a	Screen time and compression axes	2026-10-07T20:33:38.3337834Z ^[[32m2026-10-07 20:33:38.333^[[0m | ^[[34m^[[1mDEBUG   ^[[0m | ^[[36mbench.driver^[[0m:^[[36m_build^[[0m:^[[36m295^[[0m - ^[[34m^[[1m[bench] built incumbent in 2.4s exit=0^[[0m
rmq-a	Screen time and compression axes	2026-10-07T20:33:42.5609389Z ^[[32m2026-10-07 20:33:42.560^[[0m | ^[[34m^[[1mDEBUG   ^[[0m | ^[[36msandbox.bwrap^[[0m:^[[36mrun^[[0m:^[[36m110^[[0m - ^[[34m^[[1m[bwrap] cargo exit=0 in 4.2s^[[0m
rmq-a	Screen time and compression axes	2026-10-07T20:33:42.5611863Z ^[[32m2026-10-07 20:33:42.560^[[0m | ^[[34m^[[1mDEBUG   ^[[0m | ^[[36mbench.driver^[[0m:^[[36m_build^[[0m:^[[36m295^[[0m - ^[[34m^[[1m[bench] built r3-432-fast3 in 4.2s exit=0^[[0m
rmq-a	Screen time and compression axes	2026-10-07T20:33:57.1364131Z ^[[32m2026-10-07 20:33:57.135^[[0m | ^[[34m^[[1mDEBUG   ^[[0m | ^[[36msandbox.bwrap^[[0m:^[[36mrun^[[0m:^[[36m110^[[0m - ^[[34m^[[1m[bwrap] measure exit=0 in 14.6s^[[0m
rmq-a	Screen time and compression axes	2026-10-07T20:33:57.1365967Z ^[[32m2026-10-07 20:33:57.135^[[0m | ^[[34m^[[1mDEBUG   ^[[0m | ^[[36mbench.driver^[[0m:^[[36m_measure^[[0m:^[[36m333^[[0m - ^[[34m^[[1m[bench] measured r3-432-fast3 in 14.6s exit=0^[[0m
rmq-a	Screen time and compression axes	2026-10-07T20:33:57.1460861Z MEASUREMENT {"candidate": "r3-432-fast3", "round": 1, "time": 0.42570965859779136, "size_pct": 36.60213910633018, "parse_s": 0.045287162, "total_s": 0.2887527750000001, "output_bytes": 5410408, "source_sha256": "bae8014121e4710f4a34ce63452578b4bf69121b4f695e1b1356780a019108ef"}
rmq-a	Screen time and compression axes	2026-10-07T20:33:57.1464155Z MEASURE_BEGIN 1 public432
rmq-a	Screen time and compression axes	2026-10-07T20:33:57.1908551Z ^[[32m2026-10-07 20:33:57.190^[[0m | ^[[34m^[[1mDEBUG   ^[[0m | ^[[36msandbox.bwrap^[[0m:^[[36mrun^[[0m:^[[36m110^[[0m - ^[[34m^[[1m[bwrap] rustc exit=0 in 0.0s^[[0m
rmq-a	Screen time and compression axes	2026-10-07T20:33:59.5544928Z ^[[32m2026-10-07 20:33:59.553^[[0m | ^[[34m^[[1mDEBUG   ^[[0m | ^[[36msandbox.bwrap^[[0m:^[[36mrun^[[0m:^[[36m110^[[0m - ^[[34m^[[1m[bwrap] cargo exit=0 in 2.4s^[[0m
rmq-a	Screen time and compression axes	2026-10-07T20:33:59.5554630Z ^[[32m2026-10-07 20:33:59.553^[[0m | ^[[34m^[[1mDEBUG   ^[[0m | ^[[36mbench.driver^[[0m:^[[36m_build^[[0m:^[[36m295^[[0m - ^[[34m^[[1m[bench] built incumbent in 2.4s exit=0^[[0m
rmq-a	Screen time and compression axes	2026-10-07T20:34:03.7196045Z ^[[32m2026-10-07 20:34:03.719^[[0m | ^[[34m^[[1mDEBUG   ^[[0m | ^[[36msandbox.bwrap^[[0m:^[[36mrun^[[0m:^[[36m110^[[0m - ^[[34m^[[1m[bwrap] cargo exit=0 in 4.2s^[[0m
rmq-a	Screen time and compression axes	2026-10-07T20:34:03.7205876Z ^[[32m2026-10-07 20:34:03.719^[[0m | ^[[34m^[[1mDEBUG   ^[[0m | ^[[36mbench.driver^[[0m:^[[36m_build^[[0m:^[[36m295^[[0m - ^[[34m^[[1m[bench] built public432 in 4.2s exit=0^[[0m
rmq-a	Screen time and compression axes	2026-10-07T20:34:18.2813872Z ^[[32m2026-10-07 20:34:18.279^[[0m | ^[[34m^[[1mDEBUG   ^[[0m | ^[[36msandbox.bwrap^[[0m:^[[36mrun^[[0m:^[[36m110^[[0m - ^[[34m^[[1m[bwrap] measure exit=0 in 14.6s^[[0m
rmq-a	Screen time and compression axes	2026-10-07T20:34:18.2835644Z ^[[32m2026-10-07 20:34:18.279^[[0m | ^[[34m^[[1mDEBUG   ^[[0m | ^[[36mbench.driver^[[0m:^[[36m_measure^[[0m:^[[36m333^[[0m - ^[[34m^[[1m[bench] measured public432 in 14.6s exit=0^[[0m
rmq-a	Screen time and compression axes	2026-10-07T20:34:18.2899712Z MEASUREMENT {"candidate": "public432", "round": 1, "time": 0.42831279057078003, "size_pct": 36.52435870548103, "parse_s": 0.049867629, "total_s": 0.29091531600000003, "output_bytes": 5376051, "source_sha256": "160d1b3f9edb307a0f97bde13cd972b5f6f0a426dd669515f639e4bfa24ef054"}
rmq-a	Screen time and compression axes	2026-10-07T20:34:18.2903028Z MEASURE_BEGIN 1 public361
rmq-a	Screen time and compression axes	2026-10-07T20:34:18.3335871Z ^[[32m2026-10-07 20:34:18.333^[[0m | ^[[34m^[[1mDEBUG   ^[[0m | ^[[36msandbox.bwrap^[[0m:^[[36mrun^[[0m:^[[36m110^[[0m - ^[[34m^[[1m[bwrap] rustc exit=0 in 0.0s^[[0m
rmq-a	Screen time and compression axes	2026-10-07T20:34:20.6698621Z ^[[32m2026-10-07 20:34:20.669^[[0m | ^[[34m^[[1mDEBUG   ^[[0m | ^[[36msandbox.bwrap^[[0m:^[[36mrun^[[0m:^[[36m110^[[0m - ^[[34m^[[1m[bwrap] cargo exit=0 in 2.3s^[[0m
rmq-a	Screen time and compression axes	2026-10-07T20:34:20.6700898Z ^[[32m2026-10-07 20:34:20.669^[[0m | ^[[34m^[[1mDEBUG   ^[[0m | ^[[36mbench.driver^[[0m:^[[36m_build^[[0m:^[[36m295^[[0m - ^[[34m^[[1m[bench] built incumbent in 2.3s exit=0^[[0m
rmq-a	Screen time and compression axes	2026-10-07T20:34:25.6849272Z ^[[32m2026-10-07 20:34:25.684^[[0m | ^[[34m^[[1mDEBUG   ^[[0m | ^[[36msandbox.bwrap^[[0m:^[[36mrun^[[0m:^[[36m110^[[0m - ^[[34m^[[1m[bwrap] cargo exit=0 in 5.0s^[[0m
rmq-a	Screen time and compression axes	2026-10-07T20:34:25.6851272Z ^[[32m2026-10-07 20:34:25.684^[[0m | ^[[34m^[[1mDEBUG   ^[[0m | ^[[36mbench.driver^[[0m:^[[36m_build^[[0m:^[[36m295^[[0m - ^[[34m^[[1m[bench] built public361 in 5.0s exit=0^[[0m
rmq-a	Screen time and compression axes	2026-10-07T20:34:47.4028628Z ^[[32m2026-10-07 20:34:47.401^[[0m | ^[[34m^[[1mDEBUG   ^[[0m | ^[[36msandbox.bwrap^[[0m:^[[36mrun^[[0m:^[[36m110^[[0m - ^[[34m^[[1m[bwrap] measure exit=0 in 21.7s^[[0m
rmq-a	Screen time and compression axes	2026-10-07T20:34:47.4032904Z ^[[32m2026-10-07 20:34:47.401^[[0m | ^[[34m^[[1mDEBUG   ^[[0m | ^[[36mbench.driver^[[0m:^[[36m_measure^[[0m:^[[36m333^[[0m - ^[[34m^[[1m[bench] measured public361 in 21.7s exit=0^[[0m
rmq-a	Screen time and compression axes	2026-10-07T20:34:47.4124476Z MEASUREMENT {"candidate": "public361", "round": 1, "time": 1.0648416276060029, "size_pct": 33.95862675598211, "parse_s": 0.6567234730000001, "total_s": 0.8878301230000001, "output_bytes": 4887709, "source_sha256": "f426f7cec777ef2ca74616eb62205d54ae0bf6938799835a1fe6024ed59b5c45"}
rmq-a	Screen time and compression axes	2026-10-07T20:34:47.4128356Z MEASURE_BEGIN 1 mid-shadow
rmq-a	Screen time and compression axes	2026-10-07T20:34:47.4563048Z ^[[32m2026-10-07 20:34:47.455^[[0m | ^[[34m^[[1mDEBUG   ^[[0m | ^[[36msandbox.bwrap^[[0m:^[[36mrun^[[0m:^[[36m110^[[0m - ^[[34m^[[1m[bwrap] rustc exit=0 in 0.0s^[[0m
rmq-a	Screen time and compression axes	2026-10-07T20:34:49.8273697Z ^[[32m2026-10-07 20:34:49.826^[[0m | ^[[34m^[[1mDEBUG   ^[[0m | ^[[36msandbox.bwrap^[[0m:^[[36mrun^[[0m:^[[36m110^[[0m - ^[[34m^[[1m[bwrap] cargo exit=0 in 2.4s^[[0m
rmq-a	Screen time and compression axes	2026-10-07T20:34:49.8275882Z ^[[32m2026-10-07 20:34:49.826^[[0m | ^[[34m^[[1mDEBUG   ^[[0m | ^[[36mbench.driver^[[0m:^[[36m_build^[[0m:^[[36m295^[[0m - ^[[34m^[[1m[bench] built incumbent in 2.4s exit=0^[[0m
rmq-a	Screen time and compression axes	2026-10-07T20:34:54.8905811Z ^[[32m2026-10-07 20:34:54.890^[[0m | ^[[34m^[[1mDEBUG   ^[[0m | ^[[36msandbox.bwrap^[[0m:^[[36mrun^[[0m:^[[36m110^[[0m - ^[[34m^[[1m[bwrap] cargo exit=0 in 5.1s^[[0m
rmq-a	Screen time and compression axes	2026-10-07T20:34:54.8923509Z ^[[32m2026-10-07 20:34:54.890^[[0m | ^[[34m^[[1mDEBUG   ^[[0m | ^[[36mbench.driver^[[0m:^[[36m_build^[[0m:^[[36m295^[[0m - ^[[34m^[[1m[bench] built mid-shadow in 5.1s exit=0^[[0m
rmq-a	Screen time and compression axes	2026-10-07T20:35:16.6625353Z ^[[32m2026-10-07 20:35:16.661^[[0m | ^[[34m^[[1mDEBUG   ^[[0m | ^[[36msandbox.bwrap^[[0m:^[[36mrun^[[0m:^[[36m110^[[0m - ^[[34m^[[1m[bwrap] measure exit=0 in 21.8s^[[0m
rmq-a	Screen time and compression axes	2026-10-07T20:35:16.6627578Z ^[[32m2026-10-07 20:35:16.662^[[0m | ^[[34m^[[1mDEBUG   ^[[0m | ^[[36mbench.driver^[[0m:^[[36m_measure^[[0m:^[[36m333^[[0m - ^[[34m^[[1m[bench] measured mid-shadow in 21.8s exit=0^[[0m
rmq-a	Screen time and compression axes	2026-10-07T20:35:16.6725337Z MEASUREMENT {"candidate": "mid-shadow", "round": 1, "time": 1.0642435636795966, "size_pct": 33.95862675598211, "parse_s": 0.656410071, "total_s": 0.888572028, "output_bytes": 4887709, "source_sha256": "f426f7cec777ef2ca74616eb62205d54ae0bf6938799835a1fe6024ed59b5c45"}
rmq-a	Screen time and compression axes	2026-10-07T20:35:16.6729588Z MEASURE_BEGIN 1 r7-mid361-block1
rmq-a	Screen time and compression axes	2026-10-07T20:35:16.7148994Z ^[[32m2026-10-07 20:35:16.714^[[0m | ^[[34m^[[1mDEBUG   ^[[0m | ^[[36msandbox.bwrap^[[0m:^[[36mrun^[[0m:^[[36m110^[[0m - ^[[34m^[[1m[bwrap] rustc exit=0 in 0.0s^[[0m
rmq-a	Screen time and compression axes	2026-10-07T20:35:19.0982484Z ^[[32m2026-10-07 20:35:19.096^[[0m | ^[[34m^[[1mDEBUG   ^[[0m | ^[[36msandbox.bwrap^[[0m:^[[36mrun^[[0m:^[[36m110^[[0m - ^[[34m^[[1m[bwrap] cargo exit=0 in 2.4s^[[0m
rmq-a	Screen time and compression axes	2026-10-07T20:35:19.0986302Z ^[[32m2026-10-07 20:35:19.097^[[0m | ^[[34m^[[1mDEBUG   ^[[0m | ^[[36mbench.driver^[[0m:^[[36m_build^[[0m:^[[36m295^[[0m - ^[[34m^[[1m[bench] built incumbent in 2.4s exit=0^[[0m
rmq-a	Screen time and compression axes	2026-10-07T20:35:24.1961957Z ^[[32m2026-10-07 20:35:24.195^[[0m | ^[[34m^[[1mDEBUG   ^[[0m | ^[[36msandbox.bwrap^[[0m:^[[36mrun^[[0m:^[[36m110^[[0m - ^[[34m^[[1m[bwrap] cargo exit=0 in 5.1s^[[0m
rmq-a	Screen time and compression axes	2026-10-07T20:35:24.1974502Z ^[[32m2026-10-07 20:35:24.195^[[0m | ^[[34m^[[1mDEBUG   ^[[0m | ^[[36mbench.driver^[[0m:^[[36m_build^[[0m:^[[36m295^[[0m - ^[[34m^[[1m[bench] built r7-mid361-block1 in 5.1s exit=0^[[0m
rmq-a	Screen time and compression axes	2026-10-07T20:35:49.1633842Z ^[[32m2026-10-07 20:35:49.161^[[0m | ^[[34m^[[1mDEBUG   ^[[0m | ^[[36msandbox.bwrap^[[0m:^[[36mrun^[[0m:^[[36m110^[[0m - ^[[34m^[[1m[bwrap] measure exit=0 in 25.0s^[[0m
rmq-a	Screen time and compression axes	2026-10-07T20:35:49.1635507Z ^[[32m2026-10-07 20:35:49.161^[[0m | ^[[34m^[[1mDEBUG   ^[[0m | ^[[36mbench.driver^[[0m:^[[36m_measure^[[0m:^[[36m333^[[0m - ^[[34m^[[1m[bench] measured r7-mid361-block1 in 25.0s exit=0^[[0m
rmq-a	Screen time and compression axes	2026-10-07T20:35:49.1742833Z MEASUREMENT {"candidate": "r7-mid361-block1", "round": 1, "time": 1.3116405699258022, "size_pct": 33.934365747942536, "parse_s": 0.9306879769999998, "total_s": 1.1584288240000002, "output_bytes": 4882102, "source_sha256": "950eb21b3918adce71bad2737774f2e37531cfbcd45fb17afdd806ee0adc3ed5"}
rmq-a	Screen time and compression axes	2026-10-07T20:35:49.1746727Z MEASURE_BEGIN 1 r9-block-scalar
rmq-a	Screen time and compression axes	2026-10-07T20:35:49.2172297Z ^[[32m2026-10-07 20:35:49.216^[[0m | ^[[34m^[[1mDEBUG   ^[[0m | ^[[36msandbox.bwrap^[[0m:^[[36mrun^[[0m:^[[36m110^[[0m - ^[[34m^[[1m[bwrap] rustc exit=0 in 0.0s^[[0m
rmq-a	Screen time and compression axes	2026-10-07T20:35:51.5940401Z ^[[32m2026-10-07 20:35:51.592^[[0m | ^[[34m^[[1mDEBUG   ^[[0m | ^[[36msandbox.bwrap^[[0m:^[[36mrun^[[0m:^[[36m110^[[0m - ^[[34m^[[1m[bwrap] cargo exit=0 in 2.4s^[[0m
rmq-a	Screen time and compression axes	2026-10-07T20:35:51.5944754Z ^[[32m2026-10-07 20:35:51.593^[[0m | ^[[34m^[[1mDEBUG   ^[[0m | ^[[36mbench.driver^[[0m:^[[36m_build^[[0m:^[[36m295^[[0m - ^[[34m^[[1m[bench] built incumbent in 2.4s exit=0^[[0m
rmq-a	Screen time and compression axes	2026-10-07T20:35:56.6786446Z ^[[32m2026-10-07 20:35:56.677^[[0m | ^[[34m^[[1mDEBUG   ^[[0m | ^[[36msandbox.bwrap^[[0m:^[[36mrun^[[0m:^[[36m110^[[0m - ^[[34m^[[1m[bwrap] cargo exit=0 in 5.1s^[[0m
rmq-a	Screen time and compression axes	2026-10-07T20:35:56.6794277Z ^[[32m2026-10-07 20:35:56.677^[[0m | ^[[34m^[[1mDEBUG   ^[[0m | ^[[36mbench.driver^[[0m:^[[36m_build^[[0m:^[[36m295^[[0m - ^[[34m^[[1m[bench] built r9-block-scalar in 5.1s exit=0^[[0m
rmq-a	Screen time and compression axes	2026-10-07T20:36:21.7436309Z ^[[32m2026-10-07 20:36:21.743^[[0m | ^[[34m^[[1mDEBUG   ^[[0m | ^[[36msandbox.bwrap^[[0m:^[[36mrun^[[0m:^[[36m110^[[0m - ^[[34m^[[1m[bwrap] measure exit=0 in 25.1s^[[0m
rmq-a	Screen time and compression axes	2026-10-07T20:36:21.7438390Z ^[[32m2026-10-07 20:36:21.743^[[0m | ^[[34m^[[1mDEBUG   ^[[0m | ^[[36mbench.driver^[[0m:^[[36m_measure^[[0m:^[[36m333^[[0m - ^[[34m^[[1m[bench] measured r9-block-scalar in 25.1s exit=0^[[0m
rmq-a	Screen time and compression axes	2026-10-07T20:36:21.7542719Z MEASUREMENT {"candidate": "r9-block-scalar", "round": 1, "time": 1.3069769005463896, "size_pct": 33.934365747942536, "parse_s": 0.9280523830000001, "total_s": 1.1581641749999998, "output_bytes": 4882102, "source_sha256": "faf1d7281678d12c3243002121feecdd0ea139633dea197dbc77d86fb6319257"}
rmq-a	Screen time and compression axes	2026-10-07T20:36:21.7545664Z MEASURE_BEGIN 1 r10-rmq8
rmq-a	Screen time and compression axes	2026-10-07T20:36:21.8000556Z ^[[32m2026-10-07 20:36:21.799^[[0m | ^[[34m^[[1mDEBUG   ^[[0m | ^[[36msandbox.bwrap^[[0m:^[[36mrun^[[0m:^[[36m110^[[0m - ^[[34m^[[1m[bwrap] rustc exit=0 in 0.0s^[[0m
rmq-a	Screen time and compression axes	2026-10-07T20:36:24.2090765Z ^[[32m2026-10-07 20:36:24.208^[[0m | ^[[34m^[[1mDEBUG   ^[[0m | ^[[36msandbox.bwrap^[[0m:^[[36mrun^[[0m:^[[36m110^[[0m - ^[[34m^[[1m[bwrap] cargo exit=0 in 2.4s^[[0m
rmq-a	Screen time and compression axes	2026-10-07T20:36:24.2100500Z ^[[32m2026-10-07 20:36:24.209^[[0m | ^[[34m^[[1mDEBUG   ^[[0m | ^[[36mbench.driver^[[0m:^[[36m_build^[[0m:^[[36m295^[[0m - ^[[34m^[[1m[bench] built incumbent in 2.4s exit=0^[[0m
rmq-a	Screen time and compression axes	2026-10-07T20:36:29.4078392Z ^[[32m2026-10-07 20:36:29.407^[[0m | ^[[34m^[[1mDEBUG   ^[[0m | ^[[36msandbox.bwrap^[[0m:^[[36mrun^[[0m:^[[36m110^[[0m - ^[[34m^[[1m[bwrap] cargo exit=0 in 5.2s^[[0m
rmq-a	Screen time and compression axes	2026-10-07T20:36:29.4088326Z ^[[32m2026-10-07 20:36:29.407^[[0m | ^[[34m^[[1mDEBUG   ^[[0m | ^[[36mbench.driver^[[0m:^[[36m_build^[[0m:^[[36m295^[[0m - ^[[34m^[[1m[bench] built r10-rmq8 in 5.2s exit=0^[[0m
rmq-a	Screen time and compression axes	2026-10-07T20:36:55.2186382Z ^[[32m2026-10-07 20:36:55.218^[[0m | ^[[34m^[[1mDEBUG   ^[[0m | ^[[36msandbox.bwrap^[[0m:^[[36mrun^[[0m:^[[36m110^[[0m - ^[[34m^[[1m[bwrap] measure exit=0 in 25.8s^[[0m
rmq-a	Screen time and compression axes	2026-10-07T20:36:55.2190632Z ^[[32m2026-10-07 20:36:55.218^[[0m | ^[[34m^[[1mDEBUG   ^[[0m | ^[[36mbench.driver^[[0m:^[[36m_measure^[[0m:^[[36m333^[[0m - ^[[34m^[[1m[bench] measured r10-rmq8 in 25.8s exit=0^[[0m
rmq-a	Screen time and compression axes	2026-10-07T20:36:55.2313627Z MEASUREMENT {"candidate": "r10-rmq8", "round": 1, "time": 1.3733051269959886, "size_pct": 33.934365747942536, "parse_s": 0.993240486, "total_s": 1.223448058, "output_bytes": 4882102, "source_sha256": "7235e6c6afbc59339ec63f6a93249493488cfe76bcae9363f8d6db39a97c1857"}
rmq-a	Screen time and compression axes	2026-10-07T20:36:55.2320895Z MEASURE_BEGIN 2 r10-rmq8
rmq-a	Screen time and compression axes	2026-10-07T20:36:55.2808877Z ^[[32m2026-10-07 20:36:55.280^[[0m | ^[[34m^[[1mDEBUG   ^[[0m | ^[[36msandbox.bwrap^[[0m:^[[36mrun^[[0m:^[[36m110^[[0m - ^[[34m^[[1m[bwrap] rustc exit=0 in 0.0s^[[0m
rmq-a	Screen time and compression axes	2026-10-07T20:36:57.6960401Z ^[[32m2026-10-07 20:36:57.695^[[0m | ^[[34m^[[1mDEBUG   ^[[0m | ^[[36msandbox.bwrap^[[0m:^[[36mrun^[[0m:^[[36m110^[[0m - ^[[34m^[[1m[bwrap] cargo exit=0 in 2.4s^[[0m
rmq-a	Screen time and compression axes	2026-10-07T20:36:57.6983380Z ^[[32m2026-10-07 20:36:57.696^[[0m | ^[[34m^[[1mDEBUG   ^[[0m | ^[[36mbench.driver^[[0m:^[[36m_build^[[0m:^[[36m295^[[0m - ^[[34m^[[1m[bench] built incumbent in 2.4s exit=0^[[0m
rmq-a	Screen time and compression axes	2026-10-07T20:37:02.8420488Z ^[[32m2026-10-07 20:37:02.840^[[0m | ^[[34m^[[1mDEBUG   ^[[0m | ^[[36msandbox.bwrap^[[0m:^[[36mrun^[[0m:^[[36m110^[[0m - ^[[34m^[[1m[bwrap] cargo exit=0 in 5.1s^[[0m
rmq-a	Screen time and compression axes	2026-10-07T20:37:02.8424295Z ^[[32m2026-10-07 20:37:02.841^[[0m | ^[[34m^[[1mDEBUG   ^[[0m | ^[[36mbench.driver^[[0m:^[[36m_build^[[0m:^[[36m295^[[0m - ^[[34m^[[1m[bench] built r10-rmq8 in 5.1s exit=0^[[0m
rmq-a	Screen time and compression axes	2026-10-07T20:37:28.6523759Z ^[[32m2026-10-07 20:37:28.650^[[0m | ^[[34m^[[1mDEBUG   ^[[0m | ^[[36msandbox.bwrap^[[0m:^[[36mrun^[[0m:^[[36m110^[[0m - ^[[34m^[[1m[bwrap] measure exit=0 in 25.8s^[[0m
rmq-a	Screen time and compression axes	2026-10-07T20:37:28.6525234Z ^[[32m2026-10-07 20:37:28.650^[[0m | ^[[34m^[[1mDEBUG   ^[[0m | ^[[36mbench.driver^[[0m:^[[36m_measure^[[0m:^[[36m333^[[0m - ^[[34m^[[1m[bench] measured r10-rmq8 in 25.8s exit=0^[[0m
rmq-a	Screen time and compression axes	2026-10-07T20:37:28.6629759Z MEASUREMENT {"candidate": "r10-rmq8", "round": 2, "time": 1.3742934079927391, "size_pct": 33.934365747942536, "parse_s": 0.9930588610000001, "total_s": 1.2232088529999998, "output_bytes": 4882102, "source_sha256": "7235e6c6afbc59339ec63f6a93249493488cfe76bcae9363f8d6db39a97c1857"}
rmq-a	Screen time and compression axes	2026-10-07T20:37:28.6637116Z MEASURE_BEGIN 2 r9-block-scalar
rmq-a	Screen time and compression axes	2026-10-07T20:37:28.7068152Z ^[[32m2026-10-07 20:37:28.706^[[0m | ^[[34m^[[1mDEBUG   ^[[0m | ^[[36msandbox.bwrap^[[0m:^[[36mrun^[[0m:^[[36m110^[[0m - ^[[34m^[[1m[bwrap] rustc exit=0 in 0.0s^[[0m
rmq-a	Screen time and compression axes	2026-10-07T20:37:31.1002862Z ^[[32m2026-10-07 20:37:31.099^[[0m | ^[[34m^[[1mDEBUG   ^[[0m | ^[[36msandbox.bwrap^[[0m:^[[36mrun^[[0m:^[[36m110^[[0m - ^[[34m^[[1m[bwrap] cargo exit=0 in 2.4s^[[0m
rmq-a	Screen time and compression axes	2026-10-07T20:37:31.1004573Z ^[[32m2026-10-07 20:37:31.099^[[0m | ^[[34m^[[1mDEBUG   ^[[0m | ^[[36mbench.driver^[[0m:^[[36m_build^[[0m:^[[36m295^[[0m - ^[[34m^[[1m[bench] built incumbent in 2.4s exit=0^[[0m
rmq-a	Screen time and compression axes	2026-10-07T20:37:36.2188563Z ^[[32m2026-10-07 20:37:36.217^[[0m | ^[[34m^[[1mDEBUG   ^[[0m | ^[[36msandbox.bwrap^[[0m:^[[36mrun^[[0m:^[[36m110^[[0m - ^[[34m^[[1m[bwrap] cargo exit=0 in 5.1s^[[0m
rmq-a	Screen time and compression axes	2026-10-07T20:37:36.2191737Z ^[[32m2026-10-07 20:37:36.218^[[0m | ^[[34m^[[1mDEBUG   ^[[0m | ^[[36mbench.driver^[[0m:^[[36m_build^[[0m:^[[36m295^[[0m - ^[[34m^[[1m[bench] built r9-block-scalar in 5.1s exit=0^[[0m
rmq-a	Screen time and compression axes	2026-10-07T20:38:01.2125705Z ^[[32m2026-10-07 20:38:01.211^[[0m | ^[[34m^[[1mDEBUG   ^[[0m | ^[[36msandbox.bwrap^[[0m:^[[36mrun^[[0m:^[[36m110^[[0m - ^[[34m^[[1m[bwrap] measure exit=0 in 25.0s^[[0m
rmq-a	Screen time and compression axes	2026-10-07T20:38:01.2128196Z ^[[32m2026-10-07 20:38:01.212^[[0m | ^[[34m^[[1mDEBUG   ^[[0m | ^[[36mbench.driver^[[0m:^[[36m_measure^[[0m:^[[36m333^[[0m - ^[[34m^[[1m[bench] measured r9-block-scalar in 25.0s exit=0^[[0m
rmq-a	Screen time and compression axes	2026-10-07T20:38:01.2252413Z MEASUREMENT {"candidate": "r9-block-scalar", "round": 2, "time": 1.3064786162825024, "size_pct": 33.934365747942536, "parse_s": 0.9272432900000002, "total_s": 1.1562861959999997, "output_bytes": 4882102, "source_sha256": "faf1d7281678d12c3243002121feecdd0ea139633dea197dbc77d86fb6319257"}
rmq-a	Screen time and compression axes	2026-10-07T20:38:01.2257603Z MEASURE_BEGIN 2 r7-mid361-block1
rmq-a	Screen time and compression axes	2026-10-07T20:38:01.2716576Z ^[[32m2026-10-07 20:38:01.271^[[0m | ^[[34m^[[1mDEBUG   ^[[0m | ^[[36msandbox.bwrap^[[0m:^[[36mrun^[[0m:^[[36m110^[[0m - ^[[34m^[[1m[bwrap] rustc exit=0 in 0.0s^[[0m
rmq-a	Screen time and compression axes	2026-10-07T20:38:03.6629514Z ^[[32m2026-10-07 20:38:03.662^[[0m | ^[[34m^[[1mDEBUG   ^[[0m | ^[[36msandbox.bwrap^[[0m:^[[36mrun^[[0m:^[[36m110^[[0m - ^[[34m^[[1m[bwrap] cargo exit=0 in 2.4s^[[0m
rmq-a	Screen time and compression axes	2026-10-07T20:38:03.6632027Z ^[[32m2026-10-07 20:38:03.662^[[0m | ^[[34m^[[1mDEBUG   ^[[0m | ^[[36mbench.driver^[[0m:^[[36m_build^[[0m:^[[36m295^[[0m - ^[[34m^[[1m[bench] built incumbent in 2.4s exit=0^[[0m
rmq-a	Screen time and compression axes	2026-10-07T20:38:08.7640265Z ^[[32m2026-10-07 20:38:08.763^[[0m | ^[[34m^[[1mDEBUG   ^[[0m | ^[[36msandbox.bwrap^[[0m:^[[36mrun^[[0m:^[[36m110^[[0m - ^[[34m^[[1m[bwrap] cargo exit=0 in 5.1s^[[0m
rmq-a	Screen time and compression axes	2026-10-07T20:38:08.7642822Z ^[[32m2026-10-07 20:38:08.763^[[0m | ^[[34m^[[1mDEBUG   ^[[0m | ^[[36mbench.driver^[[0m:^[[36m_build^[[0m:^[[36m295^[[0m - ^[[34m^[[1m[bench] built r7-mid361-block1 in 5.1s exit=0^[[0m
rmq-a	Screen time and compression axes	2026-10-07T20:38:33.8701153Z ^[[32m2026-10-07 20:38:33.869^[[0m | ^[[34m^[[1mDEBUG   ^[[0m | ^[[36msandbox.bwrap^[[0m:^[[36mrun^[[0m:^[[36m110^[[0m - ^[[34m^[[1m[bwrap] measure exit=0 in 25.1s^[[0m
rmq-a	Screen time and compression axes	2026-10-07T20:38:33.8703395Z ^[[32m2026-10-07 20:38:33.869^[[0m | ^[[34m^[[1mDEBUG   ^[[0m | ^[[36mbench.driver^[[0m:^[[36m_measure^[[0m:^[[36m333^[[0m - ^[[34m^[[1m[bench] measured r7-mid361-block1 in 25.1s exit=0^[[0m
rmq-a	Screen time and compression axes	2026-10-07T20:38:33.8832024Z MEASUREMENT {"candidate": "r7-mid361-block1", "round": 2, "time": 1.3130435020296543, "size_pct": 33.934365747942536, "parse_s": 0.9339283130000001, "total_s": 1.1645534370000001, "output_bytes": 4882102, "source_sha256": "950eb21b3918adce71bad2737774f2e37531cfbcd45fb17afdd806ee0adc3ed5"}
rmq-a	Screen time and compression axes	2026-10-07T20:38:33.8836263Z MEASURE_BEGIN 2 mid-shadow
rmq-a	Screen time and compression axes	2026-10-07T20:38:33.9299300Z ^[[32m2026-10-07 20:38:33.928^[[0m | ^[[34m^[[1mDEBUG   ^[[0m | ^[[36msandbox.bwrap^[[0m:^[[36mrun^[[0m:^[[36m110^[[0m - ^[[34m^[[1m[bwrap] rustc exit=0 in 0.0s^[[0m
rmq-a	Screen time and compression axes	2026-10-07T20:38:36.3517070Z ^[[32m2026-10-07 20:38:36.350^[[0m | ^[[34m^[[1mDEBUG   ^[[0m | ^[[36msandbox.bwrap^[[0m:^[[36mrun^[[0m:^[[36m110^[[0m - ^[[34m^[[1m[bwrap] cargo exit=0 in 2.4s^[[0m
rmq-a	Screen time and compression axes	2026-10-07T20:38:36.3534480Z ^[[32m2026-10-07 20:38:36.350^[[0m | ^[[34m^[[1mDEBUG   ^[[0m | ^[[36mbench.driver^[[0m:^[[36m_build^[[0m:^[[36m295^[[0m - ^[[34m^[[1m[bench] built incumbent in 2.4s exit=0^[[0m
rmq-a	Screen time and compression axes	2026-10-07T20:38:41.4343209Z ^[[32m2026-10-07 20:38:41.433^[[0m | ^[[34m^[[1mDEBUG   ^[[0m | ^[[36msandbox.bwrap^[[0m:^[[36mrun^[[0m:^[[36m110^[[0m - ^[[34m^[[1m[bwrap] cargo exit=0 in 5.1s^[[0m
rmq-a	Screen time and compression axes	2026-10-07T20:38:41.4346732Z ^[[32m2026-10-07 20:38:41.433^[[0m | ^[[34m^[[1mDEBUG   ^[[0m | ^[[36mbench.driver^[[0m:^[[36m_build^[[0m:^[[36m295^[[0m - ^[[34m^[[1m[bench] built mid-shadow in 5.1s exit=0^[[0m
rmq-a	Screen time and compression axes	2026-10-07T20:39:03.2451798Z ^[[32m2026-10-07 20:39:03.244^[[0m | ^[[34m^[[1mDEBUG   ^[[0m | ^[[36msandbox.bwrap^[[0m:^[[36mrun^[[0m:^[[36m110^[[0m - ^[[34m^[[1m[bwrap] measure exit=0 in 21.8s^[[0m
rmq-a	Screen time and compression axes	2026-10-07T20:39:03.2453973Z ^[[32m2026-10-07 20:39:03.244^[[0m | ^[[34m^[[1mDEBUG   ^[[0m | ^[[36mbench.driver^[[0m:^[[36m_measure^[[0m:^[[36m333^[[0m - ^[[34m^[[1m[bench] measured mid-shadow in 21.8s exit=0^[[0m
rmq-a	Screen time and compression axes	2026-10-07T20:39:03.2640315Z MEASUREMENT {"candidate": "mid-shadow", "round": 2, "time": 1.0653845669959523, "size_pct": 33.95862675598211, "parse_s": 0.6583283800000002, "total_s": 0.8918181900000001, "output_bytes": 4887709, "source_sha256": "f426f7cec777ef2ca74616eb62205d54ae0bf6938799835a1fe6024ed59b5c45"}
rmq-a	Screen time and compression axes	2026-10-07T20:39:03.2675057Z MEASURE_BEGIN 2 public361
rmq-a	Screen time and compression axes	2026-10-07T20:39:03.3234368Z ^[[32m2026-10-07 20:39:03.322^[[0m | ^[[34m^[[1mDEBUG   ^[[0m | ^[[36msandbox.bwrap^[[0m:^[[36mrun^[[0m:^[[36m110^[[0m - ^[[34m^[[1m[bwrap] rustc exit=0 in 0.0s^[[0m
rmq-a	Screen time and compression axes	2026-10-07T20:39:05.8029181Z ^[[32m2026-10-07 20:39:05.802^[[0m | ^[[34m^[[1mDEBUG   ^[[0m | ^[[36msandbox.bwrap^[[0m:^[[36mrun^[[0m:^[[36m110^[[0m - ^[[34m^[[1m[bwrap] cargo exit=0 in 2.5s^[[0m
rmq-a	Screen time and compression axes	2026-10-07T20:39:05.8032866Z ^[[32m2026-10-07 20:39:05.802^[[0m | ^[[34m^[[1mDEBUG   ^[[0m | ^[[36mbench.driver^[[0m:^[[36m_build^[[0m:^[[36m295^[[0m - ^[[34m^[[1m[bench] built incumbent in 2.5s exit=0^[[0m
rmq-a	Screen time and compression axes	2026-10-07T20:39:10.8789823Z ^[[32m2026-10-07 20:39:10.877^[[0m | ^[[34m^[[1mDEBUG   ^[[0m | ^[[36msandbox.bwrap^[[0m:^[[36mrun^[[0m:^[[36m110^[[0m - ^[[34m^[[1m[bwrap] cargo exit=0 in 5.1s^[[0m
rmq-a	Screen time and compression axes	2026-10-07T20:39:10.8793255Z ^[[32m2026-10-07 20:39:10.878^[[0m | ^[[34m^[[1mDEBUG   ^[[0m | ^[[36mbench.driver^[[0m:^[[36m_build^[[0m:^[[36m295^[[0m - ^[[34m^[[1m[bench] built public361 in 5.1s exit=0^[[0m
rmq-a	Screen time and compression axes	2026-10-07T20:39:32.7743492Z ^[[32m2026-10-07 20:39:32.772^[[0m | ^[[34m^[[1mDEBUG   ^[[0m | ^[[36msandbox.bwrap^[[0m:^[[36mrun^[[0m:^[[36m110^[[0m - ^[[34m^[[1m[bwrap] measure exit=0 in 21.9s^[[0m
rmq-a	Screen time and compression axes	2026-10-07T20:39:32.7745878Z ^[[32m2026-10-07 20:39:32.772^[[0m | ^[[34m^[[1mDEBUG   ^[[0m | ^[[36mbench.driver^[[0m:^[[36m_measure^[[0m:^[[36m333^[[0m - ^[[34m^[[1m[bench] measured public361 in 21.9s exit=0^[[0m
rmq-a	Screen time and compression axes	2026-10-07T20:39:32.7843282Z MEASUREMENT {"candidate": "public361", "round": 2, "time": 1.0658117903037407, "size_pct": 33.95862675598211, "parse_s": 0.6602810130000001, "total_s": 0.893810178, "output_bytes": 4887709, "source_sha256": "f426f7cec777ef2ca74616eb62205d54ae0bf6938799835a1fe6024ed59b5c45"}
rmq-a	Screen time and compression axes	2026-10-07T20:39:32.7848111Z MEASURE_BEGIN 2 public432
rmq-a	Screen time and compression axes	2026-10-07T20:39:32.8275709Z ^[[32m2026-10-07 20:39:32.827^[[0m | ^[[34m^[[1mDEBUG   ^[[0m | ^[[36msandbox.bwrap^[[0m:^[[36mrun^[[0m:^[[36m110^[[0m - ^[[34m^[[1m[bwrap] rustc exit=0 in 0.0s^[[0m
rmq-a	Screen time and compression axes	2026-10-07T20:39:35.2428392Z ^[[32m2026-10-07 20:39:35.242^[[0m | ^[[34m^[[1mDEBUG   ^[[0m | ^[[36msandbox.bwrap^[[0m:^[[36mrun^[[0m:^[[36m110^[[0m - ^[[34m^[[1m[bwrap] cargo exit=0 in 2.4s^[[0m
rmq-a	Screen time and compression axes	2026-10-07T20:39:35.2430447Z ^[[32m2026-10-07 20:39:35.242^[[0m | ^[[34m^[[1mDEBUG   ^[[0m | ^[[36mbench.driver^[[0m:^[[36m_build^[[0m:^[[36m295^[[0m - ^[[34m^[[1m[bench] built incumbent in 2.4s exit=0^[[0m
rmq-a	Screen time and compression axes	2026-10-07T20:39:39.4642836Z ^[[32m2026-10-07 20:39:39.463^[[0m | ^[[34m^[[1mDEBUG   ^[[0m | ^[[36msandbox.bwrap^[[0m:^[[36mrun^[[0m:^[[36m110^[[0m - ^[[34m^[[1m[bwrap] cargo exit=0 in 4.2s^[[0m
rmq-a	Screen time and compression axes	2026-10-07T20:39:39.4660698Z ^[[32m2026-10-07 20:39:39.463^[[0m | ^[[34m^[[1mDEBUG   ^[[0m | ^[[36mbench.driver^[[0m:^[[36m_build^[[0m:^[[36m295^[[0m - ^[[34m^[[1m[bench] built public432 in 4.2s exit=0^[[0m
rmq-a	Screen time and compression axes	2026-10-07T20:39:54.1654367Z ^[[32m2026-10-07 20:39:54.164^[[0m | ^[[34m^[[1mDEBUG   ^[[0m | ^[[36msandbox.bwrap^[[0m:^[[36mrun^[[0m:^[[36m110^[[0m - ^[[34m^[[1m[bwrap] measure exit=0 in 14.7s^[[0m
rmq-a	Screen time and compression axes	2026-10-07T20:39:54.1663258Z ^[[32m2026-10-07 20:39:54.165^[[0m | ^[[34m^[[1mDEBUG   ^[[0m | ^[[36mbench.driver^[[0m:^[[36m_measure^[[0m:^[[36m333^[[0m - ^[[34m^[[1m[bench] measured public432 in 14.7s exit=0^[[0m
rmq-a	Screen time and compression axes	2026-10-07T20:39:54.1768482Z MEASUREMENT {"candidate": "public432", "round": 2, "time": 0.4315118264168348, "size_pct": 36.52435870548103, "parse_s": 0.050255529000000014, "total_s": 0.29573688300000006, "output_bytes": 5376051, "source_sha256": "160d1b3f9edb307a0f97bde13cd972b5f6f0a426dd669515f639e4bfa24ef054"}
rmq-a	Screen time and compression axes	2026-10-07T20:39:54.1773889Z MEASURE_BEGIN 2 r3-432-fast3
rmq-a	Screen time and compression axes	2026-10-07T20:39:54.2240900Z ^[[32m2026-10-07 20:39:54.223^[[0m | ^[[34m^[[1mDEBUG   ^[[0m | ^[[36msandbox.bwrap^[[0m:^[[36mrun^[[0m:^[[36m110^[[0m - ^[[34m^[[1m[bwrap] rustc exit=0 in 0.0s^[[0m
rmq-a	Screen time and compression axes	2026-10-07T20:39:56.6337507Z ^[[32m2026-10-07 20:39:56.632^[[0m | ^[[34m^[[1mDEBUG   ^[[0m | ^[[36msandbox.bwrap^[[0m:^[[36mrun^[[0m:^[[36m110^[[0m - ^[[34m^[[1m[bwrap] cargo exit=0 in 2.4s^[[0m
rmq-a	Screen time and compression axes	2026-10-07T20:39:56.6346255Z ^[[32m2026-10-07 20:39:56.632^[[0m | ^[[34m^[[1mDEBUG   ^[[0m | ^[[36mbench.driver^[[0m:^[[36m_build^[[0m:^[[36m295^[[0m - ^[[34m^[[1m[bench] built incumbent in 2.4s exit=0^[[0m
rmq-a	Screen time and compression axes	2026-10-07T20:40:00.9510960Z ^[[32m2026-10-07 20:40:00.948^[[0m | ^[[34m^[[1mDEBUG   ^[[0m | ^[[36msandbox.bwrap^[[0m:^[[36mrun^[[0m:^[[36m110^[[0m - ^[[34m^[[1m[bwrap] cargo exit=0 in 4.3s^[[0m
rmq-a	Screen time and compression axes	2026-10-07T20:40:00.9533792Z ^[[32m2026-10-07 20:40:00.949^[[0m | ^[[34m^[[1mDEBUG   ^[[0m | ^[[36mbench.driver^[[0m:^[[36m_build^[[0m:^[[36m295^[[0m - ^[[34m^[[1m[bench] built r3-432-fast3 in 4.3s exit=0^[[0m
rmq-a	Screen time and compression axes	2026-10-07T20:40:15.6153991Z ^[[32m2026-10-07 20:40:15.615^[[0m | ^[[34m^[[1mDEBUG   ^[[0m | ^[[36msandbox.bwrap^[[0m:^[[36mrun^[[0m:^[[36m110^[[0m - ^[[34m^[[1m[bwrap] measure exit=0 in 14.7s^[[0m
rmq-a	Screen time and compression axes	2026-10-07T20:40:15.6155671Z ^[[32m2026-10-07 20:40:15.615^[[0m | ^[[34m^[[1mDEBUG   ^[[0m | ^[[36mbench.driver^[[0m:^[[36m_measure^[[0m:^[[36m333^[[0m - ^[[34m^[[1m[bench] measured r3-432-fast3 in 14.7s exit=0^[[0m
rmq-a	Screen time and compression axes	2026-10-07T20:40:15.7016176Z MEASUREMENT {"candidate": "r3-432-fast3", "round": 2, "time": 0.42711118526844366, "size_pct": 36.60213910633018, "parse_s": 0.04555784200000001, "total_s": 0.291451371, "output_bytes": 5410408, "source_sha256": "bae8014121e4710f4a34ce63452578b4bf69121b4f695e1b1356780a019108ef"}
rmq-a	Screen time and compression axes	2026-10-07T20:40:15.7025425Z MEASURE_BEGIN 2 probe3
rmq-a	Screen time and compression axes	2026-10-07T20:40:15.7470172Z ^[[32m2026-10-07 20:40:15.745^[[0m | ^[[34m^[[1mDEBUG   ^[[0m | ^[[36msandbox.bwrap^[[0m:^[[36mrun^[[0m:^[[36m110^[[0m - ^[[34m^[[1m[bwrap] rustc exit=0 in 0.0s^[[0m
rmq-a	Screen time and compression axes	2026-10-07T20:40:18.1546403Z ^[[32m2026-10-07 20:40:18.153^[[0m | ^[[34m^[[1mDEBUG   ^[[0m | ^[[36msandbox.bwrap^[[0m:^[[36mrun^[[0m:^[[36m110^[[0m - ^[[34m^[[1m[bwrap] cargo exit=0 in 2.4s^[[0m
rmq-a	Screen time and compression axes	2026-10-07T20:40:18.1549906Z ^[[32m2026-10-07 20:40:18.153^[[0m | ^[[34m^[[1mDEBUG   ^[[0m | ^[[36mbench.driver^[[0m:^[[36m_build^[[0m:^[[36m295^[[0m - ^[[34m^[[1m[bench] built incumbent in 2.4s exit=0^[[0m
rmq-a	Screen time and compression axes	2026-10-07T20:40:21.6861638Z ^[[32m2026-10-07 20:40:21.684^[[0m | ^[[34m^[[1mDEBUG   ^[[0m | ^[[36msandbox.bwrap^[[0m:^[[36mrun^[[0m:^[[36m110^[[0m - ^[[34m^[[1m[bwrap] cargo exit=0 in 3.5s^[[0m
rmq-a	Screen time and compression axes	2026-10-07T20:40:21.6865202Z ^[[32m2026-10-07 20:40:21.685^[[0m | ^[[34m^[[1mDEBUG   ^[[0m | ^[[36mbench.driver^[[0m:^[[36m_build^[[0m:^[[36m295^[[0m - ^[[34m^[[1m[bench] built probe3 in 3.5s exit=0^[[0m
rmq-a	Screen time and compression axes	2026-10-07T20:40:36.5894396Z ^[[32m2026-10-07 20:40:36.589^[[0m | ^[[34m^[[1mDEBUG   ^[[0m | ^[[36msandbox.bwrap^[[0m:^[[36mrun^[[0m:^[[36m110^[[0m - ^[[34m^[[1m[bwrap] measure exit=0 in 14.9s^[[0m
rmq-a	Screen time and compression axes	2026-10-07T20:40:36.5913593Z ^[[32m2026-10-07 20:40:36.589^[[0m | ^[[34m^[[1mDEBUG   ^[[0m | ^[[36mbench.driver^[[0m:^[[36m_measure^[[0m:^[[36m333^[[0m - ^[[34m^[[1m[bench] measured probe3 in 14.9s exit=0^[[0m
rmq-a	Screen time and compression axes	2026-10-07T20:40:36.6011043Z MEASUREMENT {"candidate": "probe3", "round": 2, "time": 0.4521421802869003, "size_pct": 35.92083771476539, "parse_s": 0.06831071899999999, "total_s": 0.31041629299999995, "output_bytes": 5287026, "source_sha256": "e20ea5a7d2e77821008592faef393855077b9b8ceee244f390a85ac0257e047d"}
rmq-a	Screen time and compression axes	2026-10-07T20:40:36.6102288Z ROUND4_PHASE {"phase": "screen", "summary": [{"candidate": "r3-432-fast3", "control": true, "blocks": [1, 2], "time": 0.4264104219331175, "size_pct": 36.60213910633018, "own_anchor": {"time": 0.43787345819892, "size_pct": 36.999728556810254, "on_frontier": false, "dominating_ids": ["453"], "conditional_geometry_weight": 0, "size_gap_pp": 0}, "fixed_427": {"time": 0.4325519648683495, "size_pct": 36.859371565647756, "on_frontier": true, "dominating_ids": [], "conditional_geometry_weight": 0.0013674726005845135, "size_gap_pp": 0}, "stress_1pct": {"time": 0.4422521927809092, "size_pct": 36.999728556810254, "on_frontier": false, "dominating_ids": ["453", "481"], "conditional_geometry_weight": 0, "size_gap_pp": 0.439732922335601}, "time_change_pct_vs_fast3": [0.0, 0.0], "size_change_pp_vs_fast3": 0.0, "equivalence": null}, {"candidate": "mid-shadow", "control": true, "blocks": [1, 2], "time": 1.0648140653377745, "size_pct": 33.95862675598211, "own_anchor": {"time": 1.1603100325671325, "size_pct": 34.209957755736326, "on_frontier": false, "dominating_ids": ["375"], "conditional_geometry_weight": 0, "size_gap_pp": 0.002389753302253439}, "fixed_427": {"time": 1.0801504665229607, "size_pct": 34.19728114309628, "on_frontier": true, "dominating_ids": [], "conditional_geometry_weight": 0.04689032518346836, "size_gap_pp": 0}, "stress_1pct": {"time": 1.1720074017082158, "size_pct": 34.209957755736326, "on_frontier": false, "dominating_ids": ["375"], "conditional_geometry_weight": 0, "size_gap_pp": 0.002389753302253439}, "time_change_pct_vs_fast3": [149.9928160392267, 149.4396315859411], "size_change_pp_vs_fast3": -2.643512350348068, "equivalence": null}, {"candidate": "public361", "control": true, "blocks": [1, 2], "time": 1.065326708954872, "size_pct": 33.95862675598211, "own_anchor": {"time": 1.1608686942402877, "size_pct": 34.209957755736326, "on_frontier": false, "dominating_ids": ["375"], "conditional_geometry_weight": 0, "size_gap_pp": 0.002389753302253439}, "fixed_427": {"time": 1.0806704936903255, "size_pct": 34.19728114309628, "on_frontier": true, "dominating_ids": [], "conditional_geometry_weight": 0.04665526890522017, "size_gap_pp": 0}, "stress_1pct": {"time": 1.1724773811826905, "size_pct": 34.209957755736326, "on_frontier": false, "dominating_ids": ["375"], "conditional_geometry_weight": 0, "size_gap_pp": 0.002389753302253439}, "time_change_pct_vs_fast3": [150.13330238110962, 149.53965783730703], "size_change_pp_vs_fast3": -2.643512350348068, "equivalence": null}, {"candidate": "r9-block-scalar", "control": true, "blocks": [1, 2], "time": 1.3067277584144459, "size_pct": 33.934365747942536, "own_anchor": {"time": 1.423919798581995, "size_pct": 34.18551718968784, "on_frontier": false, "dominating_ids": ["360", "418", "422"], "conditional_geometry_weight": 0, "size_gap_pp": 0.008274726843147562}, "fixed_427": {"time": 1.3255484162130504, "size_pct": 34.172849633580135, "on_frontier": true, "dominating_ids": [], "conditional_geometry_weight": 0.02633940813655162, "size_gap_pp": 0}, "stress_1pct": {"time": 1.439088042664216, "size_pct": 34.18551718968784, "on_frontier": false, "dominating_ids": ["360", "418", "422"], "conditional_geometry_weight": 0, "size_gap_pp": 0.008274726843147562}, "time_change_pct_vs_fast3": [207.0113336989649, 205.8872399844475], "size_change_pp_vs_fast3": -2.6677733583876417, "equivalence": null}, {"candidate": "r7-mid361-block1", "control": true, "blocks": [1, 2], "time": 1.3123420359777282, "size_pct": 33.934365747942536, "own_anchor": {"time": 1.430037112531898, "size_pct": 34.18551718968784, "on_frontier": false, "dominating_ids": ["360", "418", "422"], "conditional_geometry_weight": 0, "size_gap_pp": 0.008274726843147562}, "fixed_427": {"time": 1.3312435556055275, "size_pct": 34.172849633580135, "on_frontier": true, "dominating_ids": [], "conditional_geometry_weight": 0.024800245665520398, "size_gap_pp": 0}, "stress_1pct": {"time": 1.4444518447294892, "size_pct": 34.18551718968784, "on_frontier": false, "dominating_ids": ["360", "418", "422"], "conditional_geometry_weight": 0, "size_gap_pp": 0.008274726843147562}, "time_change_pct_vs_fast3": [208.1068384133221, 207.42428372705652], "size_change_pp_vs_fast3": -2.6677733583876417, "equivalence": null}, {"candidate": "r10-rmq8", "control": false, "blocks": [1, 2], "time": 1.373799267494364, "size_pct": 33.934365747942536, "own_anchor": {"time": 1.4970061464288262, "size_pct": 34.18551718968784, "on_frontier": false, "dominating_ids": ["296", "360", "417", "418", "422"], "conditional_geometry_weight": 0, "size_gap_pp": 0.022459938803805812}, "fixed_427": {"time": 1.3935859489442612, "size_pct": 34.172849633580135, "on_frontier": true, "dominating_ids": [], "conditional_geometry_weight": 0.008165732982570695, "size_gap_pp": 0}, "stress_1pct": {"time": 1.51212082353038, "size_pct": 34.18551718968784, "on_frontier": false, "dominating_ids": ["296", "360", "417", "418", "419", "422"], "conditional_geometry_weight": 0, "size_gap_pp": 0.02451856911199002}, "time_change_pct_vs_fast3": [222.59195892322504, 221.76478991740333], "size_change_pp_vs_fast3": -2.6677733583876417, "equivalence": {"reference": "r9-block-scalar", "public_token_and_output_equal": true, "changed_files": [], "scope": "finite public corpus only; no all-input equivalence claim"}}, {"candidate": "public432", "control": true, "blocks": [1, 2], "time": 0.4299123084938074, "size_pct": 36.52435870548103, "own_anchor": {"time": 0.4413850574969763, "size_pct": 36.91273515631194, "on_frontier": false, "dominating_ids": ["481"], "conditional_geometry_weight": 0, "size_gap_pp": 0.35273952183728596}, "fixed_427": {"time": 0.436104288720345, "size_pct": 36.781044539812044, "on_frontier": true, "dominating_ids": [], "conditional_geometry_weight": 0.0006041667438991012, "size_gap_pp": 0}, "stress_1pct": {"time": 0.4457989080719461, "size_pct": 36.91273515631194, "on_frontier": false, "dominating_ids": ["451", "456", "481"], "conditional_geometry_weight": 0, "size_gap_pp": 0.6682900958168787}, "time_change_pct_vs_fast3": [0.6114805996093375, 1.0303268329592496], "size_change_pp_vs_fast3": -0.07778040084915006, "equivalence": null}, {"candidate": "probe3", "control": true, "blocks": [1, 2], "time": 0.4524869615716618, "size_pct": 35.92083771476539, "own_anchor": {"time": 0.46614327772931885, "size_pct": 36.173282125166494, "on_frontier": false, "dominating_ids": ["434", "437", "442", "464"], "conditional_geometry_weight": 0, "size_gap_pp": 0.4163487968876325}, "fixed_427": {"time": 0.4590040820715001, "size_pct": 36.173282125166494, "on_frontier": false, "dominating_ids": ["434", "437"], "conditional_geometry_weight": 0, "size_gap_pp": 0.18964693852773706}, "stress_1pct": {"time": 0.47080471050661205, "size_pct": 36.173282125166494, "on_frontier": false, "dominating_ids": ["434", "437", "442", "464"], "conditional_geometry_weight": 0, "size_gap_pp": 0.4163487968876325}, "time_change_pct_vs_fast3": [6.371028636739662, 5.860533716232319], "size_change_pp_vs_fast3": -0.6813013915647872, "equivalence": null}], "gates": {}, "failures": []}
rmq-a	Publish early paired measurement receipt	﻿2026-10-07T20:40:36.6360989Z ##[group]Run actions/upload-artifact@ea165f8d65b6e75b540449e92b4886f43607fa02
rmq-a	Publish early paired measurement receipt	2026-10-07T20:40:36.6361906Z with:
rmq-a	Publish early paired measurement receipt	2026-10-07T20:40:36.6362224Z   name: r10-37680712729-rmq-a-screen
rmq-a	Publish early paired measurement receipt	2026-10-07T20:40:36.6362656Z   path: /home/runner/work/_temp/round4-receipts/
rmq-a	Publish early paired measurement receipt	2026-10-07T20:40:36.6363099Z   retention-days: 1
rmq-a	Publish early paired measurement receipt	2026-10-07T20:40:36.6366363Z   compression-level: 9
rmq-a	Publish early paired measurement receipt	2026-10-07T20:40:36.6366757Z   if-no-files-found: ignore
rmq-a	Publish early paired measurement receipt	2026-10-07T20:40:36.6367136Z   overwrite: false
rmq-a	Publish early paired measurement receipt	2026-10-07T20:40:36.6367475Z   include-hidden-files: false
rmq-a	Publish early paired measurement receipt	2026-10-07T20:40:36.6367951Z env:
rmq-a	Publish early paired measurement receipt	2026-10-07T20:40:36.6368229Z   ROUND4_SPEC: rmq-a
rmq-a	Publish early paired measurement receipt	2026-10-07T20:40:36.6368574Z   ROUND4_SPEC_DIR: evidence/round10
rmq-a	Publish early paired measurement receipt	2026-10-07T20:40:36.6369069Z   DEFLATE_ROOT: /home/runner/work/_temp/deflate-upstream
rmq-a	Publish early paired measurement receipt	2026-10-07T20:40:36.6369836Z   ELAN_HOME: /home/runner/work/_temp/deflate-upstream/validator/.work/elan
rmq-a	Publish early paired measurement receipt	2026-10-07T20:40:36.6370511Z   XDG_CACHE_HOME: /home/runner/work/_temp/deflate-cache
rmq-a	Publish early paired measurement receipt	2026-10-07T20:40:36.6371071Z   UV_CACHE_DIR: /home/runner/work/_temp/deflate-cache/uv
rmq-a	Publish early paired measurement receipt	2026-10-07T20:40:36.6374716Z   XDG_RUNTIME_DIR: /run/user/1001
rmq-a	Publish early paired measurement receipt	2026-10-07T20:40:36.6375236Z   DBUS_SESSION_BUS_ADDRESS: unix:path=/run/user/1001/bus
rmq-a	Publish early paired measurement receipt	2026-10-07T20:40:36.6375761Z   VERIFY_CORPUS: corpus-stage1
rmq-a	Publish early paired measurement receipt	2026-10-07T20:40:36.6376160Z   VERIFY_SANDBOX: bwrap
rmq-a	Publish early paired measurement receipt	2026-10-07T20:40:36.6376519Z   GIT_TERMINAL_PROMPT: 0
rmq-a	Publish early paired measurement receipt	2026-10-07T20:40:36.6376874Z ##[endgroup]
rmq-a	Publish early paired measurement receipt	2026-10-07T20:40:36.8430223Z (node:6946) [DEP0040] DeprecationWarning: The `punycode` module is deprecated. Please use a userland alternative instead.
rmq-a	Publish early paired measurement receipt	2026-10-07T20:40:36.8431834Z (Use `node --trace-deprecation ...` to show where the warning was created)
rmq-a	Publish early paired measurement receipt	2026-10-07T20:40:36.8872821Z With the provided path, there will be 30 files uploaded
rmq-a	Publish early paired measurement receipt	2026-10-07T20:40:36.8873804Z Artifact name is valid!
rmq-a	Publish early paired measurement receipt	2026-10-07T20:40:36.8874272Z Root directory input is valid!
rmq-a	Publish early paired measurement receipt	2026-10-07T20:40:37.2202544Z Beginning upload of artifact content to blob storage
rmq-a	Publish early paired measurement receipt	2026-10-07T20:40:37.4035653Z (node:6946) [DEP0169] DeprecationWarning: `url.parse()` behavior is not standardized and prone to errors that have security implications. Use the WHATWG URL API instead. CVEs are not issued for `url.parse()` vulnerabilities.
rmq-a	Publish early paired measurement receipt	2026-10-07T20:40:37.8694742Z Uploaded bytes 420478
rmq-a	Publish early paired measurement receipt	2026-10-07T20:40:37.9350319Z Finished uploading artifact content to blob storage!
rmq-a	Publish early paired measurement receipt	2026-10-07T20:40:37.9351892Z SHA256 digest of uploaded artifact zip is c20ade2dbe368957ff584535747ce984dcd966d6f43c5bf5bf8a8b92123abec5
rmq-a	Publish early paired measurement receipt	2026-10-07T20:40:37.9352935Z Finalizing artifact upload
rmq-a	Publish early paired measurement receipt	2026-10-07T20:40:38.2166976Z Artifact r10-37680712729-rmq-a-screen.zip successfully finalized. Artifact ID 11509433723
rmq-a	Publish early paired measurement receipt	2026-10-07T20:40:38.2168196Z Artifact r10-37680712729-rmq-a-screen has been successfully uploaded! Final size is 420478 bytes. Artifact ID is 11509433723
rmq-a	Publish early paired measurement receipt	2026-10-07T20:40:38.2175279Z Artifact download URL: https://github.com/HuanHuanHuanFFF/Miner/actions/runs/37680712729/artifacts/11509433723
rmq-a	Refine shortlisted candidates	﻿2026-10-07T20:40:38.2306260Z ##[group]Run export PATH="$HOME/.local/bin:$HOME/.cargo/bin:$ELAN_HOME/bin:$PATH"
rmq-a	Refine shortlisted candidates	2026-10-07T20:40:38.2307103Z ^[[36;1mexport PATH="$HOME/.local/bin:$HOME/.cargo/bin:$ELAN_HOME/bin:$PATH"^[[0m
rmq-a	Refine shortlisted candidates	2026-10-07T20:40:38.2307763Z ^[[36;1mexport PYTHONPATH="$DEFLATE_ROOT/validator"^[[0m
rmq-a	Refine shortlisted candidates	2026-10-07T20:40:38.2308358Z ^[[36;1m"$DEFLATE_ROOT/.venv/bin/python" scripts/round4.py refine^[[0m
rmq-a	Refine shortlisted candidates	2026-10-07T20:40:38.2365042Z shell: /usr/bin/bash -e {0}
rmq-a	Refine shortlisted candidates	2026-10-07T20:40:38.2365459Z env:
rmq-a	Refine shortlisted candidates	2026-10-07T20:40:38.2365763Z   ROUND4_SPEC: rmq-a
rmq-a	Refine shortlisted candidates	2026-10-07T20:40:38.2366143Z   ROUND4_SPEC_DIR: evidence/round10
rmq-a	Refine shortlisted candidates	2026-10-07T20:40:38.2366868Z   DEFLATE_ROOT: /home/runner/work/_temp/deflate-upstream
rmq-a	Refine shortlisted candidates	2026-10-07T20:40:38.2367527Z   ELAN_HOME: /home/runner/work/_temp/deflate-upstream/validator/.work/elan
rmq-a	Refine shortlisted candidates	2026-10-07T20:40:38.2368186Z   XDG_CACHE_HOME: /home/runner/work/_temp/deflate-cache
rmq-a	Refine shortlisted candidates	2026-10-07T20:40:38.2368747Z   UV_CACHE_DIR: /home/runner/work/_temp/deflate-cache/uv
rmq-a	Refine shortlisted candidates	2026-10-07T20:40:38.2369235Z   XDG_RUNTIME_DIR: /run/user/1001
rmq-a	Refine shortlisted candidates	2026-10-07T20:40:38.2369771Z   DBUS_SESSION_BUS_ADDRESS: unix:path=/run/user/1001/bus
rmq-a	Refine shortlisted candidates	2026-10-07T20:40:38.2370264Z   VERIFY_CORPUS: corpus-stage1
rmq-a	Refine shortlisted candidates	2026-10-07T20:40:38.2370658Z   VERIFY_SANDBOX: bwrap
rmq-a	Refine shortlisted candidates	2026-10-07T20:40:38.2371017Z   GIT_TERMINAL_PROMPT: 0
rmq-a	Refine shortlisted candidates	2026-10-07T20:40:38.2371380Z ##[endgroup]
rmq-a	Refine shortlisted candidates	2026-10-07T20:40:38.3894622Z ROUND4_PHASE {"phase": "refine", "summary": [{"candidate": "r3-432-fast3", "control": true, "blocks": [1, 2], "time": 0.4264104219331175, "size_pct": 36.60213910633018, "own_anchor": {"time": 0.43787345819892, "size_pct": 36.999728556810254, "on_frontier": false, "dominating_ids": ["453"], "conditional_geometry_weight": 0, "size_gap_pp": 0}, "fixed_427": {"time": 0.4325519648683495, "size_pct": 36.859371565647756, "on_frontier": true, "dominating_ids": [], "conditional_geometry_weight": 0.0013674726005845135, "size_gap_pp": 0}, "stress_1pct": {"time": 0.4422521927809092, "size_pct": 36.999728556810254, "on_frontier": false, "dominating_ids": ["453", "481"], "conditional_geometry_weight": 0, "size_gap_pp": 0.439732922335601}, "time_change_pct_vs_fast3": [0.0, 0.0], "size_change_pp_vs_fast3": 0.0, "equivalence": null}, {"candidate": "mid-shadow", "control": true, "blocks": [1, 2], "time": 1.0648140653377745, "size_pct": 33.95862675598211, "own_anchor": {"time": 1.1603100325671325, "size_pct": 34.209957755736326, "on_frontier": false, "dominating_ids": ["375"], "conditional_geometry_weight": 0, "size_gap_pp": 0.002389753302253439}, "fixed_427": {"time": 1.0801504665229607, "size_pct": 34.19728114309628, "on_frontier": true, "dominating_ids": [], "conditional_geometry_weight": 0.04689032518346836, "size_gap_pp": 0}, "stress_1pct": {"time": 1.1720074017082158, "size_pct": 34.209957755736326, "on_frontier": false, "dominating_ids": ["375"], "conditional_geometry_weight": 0, "size_gap_pp": 0.002389753302253439}, "time_change_pct_vs_fast3": [149.9928160392267, 149.4396315859411], "size_change_pp_vs_fast3": -2.643512350348068, "equivalence": null}, {"candidate": "public361", "control": true, "blocks": [1, 2], "time": 1.065326708954872, "size_pct": 33.95862675598211, "own_anchor": {"time": 1.1608686942402877, "size_pct": 34.209957755736326, "on_frontier": false, "dominating_ids": ["375"], "conditional_geometry_weight": 0, "size_gap_pp": 0.002389753302253439}, "fixed_427": {"time": 1.0806704936903255, "size_pct": 34.19728114309628, "on_frontier": true, "dominating_ids": [], "conditional_geometry_weight": 0.04665526890522017, "size_gap_pp": 0}, "stress_1pct": {"time": 1.1724773811826905, "size_pct": 34.209957755736326, "on_frontier": false, "dominating_ids": ["375"], "conditional_geometry_weight": 0, "size_gap_pp": 0.002389753302253439}, "time_change_pct_vs_fast3": [150.13330238110962, 149.53965783730703], "size_change_pp_vs_fast3": -2.643512350348068, "equivalence": null}, {"candidate": "r9-block-scalar", "control": true, "blocks": [1, 2], "time": 1.3067277584144459, "size_pct": 33.934365747942536, "own_anchor": {"time": 1.423919798581995, "size_pct": 34.18551718968784, "on_frontier": false, "dominating_ids": ["360", "418", "422"], "conditional_geometry_weight": 0, "size_gap_pp": 0.008274726843147562}, "fixed_427": {"time": 1.3255484162130504, "size_pct": 34.172849633580135, "on_frontier": true, "dominating_ids": [], "conditional_geometry_weight": 0.02633940813655162, "size_gap_pp": 0}, "stress_1pct": {"time": 1.439088042664216, "size_pct": 34.18551718968784, "on_frontier": false, "dominating_ids": ["360", "418", "422"], "conditional_geometry_weight": 0, "size_gap_pp": 0.008274726843147562}, "time_change_pct_vs_fast3": [207.0113336989649, 205.8872399844475], "size_change_pp_vs_fast3": -2.6677733583876417, "equivalence": null}, {"candidate": "r7-mid361-block1", "control": true, "blocks": [1, 2], "time": 1.3123420359777282, "size_pct": 33.934365747942536, "own_anchor": {"time": 1.430037112531898, "size_pct": 34.18551718968784, "on_frontier": false, "dominating_ids": ["360", "418", "422"], "conditional_geometry_weight": 0, "size_gap_pp": 0.008274726843147562}, "fixed_427": {"time": 1.3312435556055275, "size_pct": 34.172849633580135, "on_frontier": true, "dominating_ids": [], "conditional_geometry_weight": 0.024800245665520398, "size_gap_pp": 0}, "stress_1pct": {"time": 1.4444518447294892, "size_pct": 34.18551718968784, "on_frontier": false, "dominating_ids": ["360", "418", "422"], "conditional_geometry_weight": 0, "size_gap_pp": 0.008274726843147562}, "time_change_pct_vs_fast3": [208.1068384133221, 207.42428372705652], "size_change_pp_vs_fast3": -2.6677733583876417, "equivalence": null}, {"candidate": "r10-rmq8", "control": false, "blocks": [1, 2], "time": 1.373799267494364, "size_pct": 33.934365747942536, "own_anchor": {"time": 1.4970061464288262, "size_pct": 34.18551718968784, "on_frontier": false, "dominating_ids": ["296", "360", "417", "418", "422"], "conditional_geometry_weight": 0, "size_gap_pp": 0.022459938803805812}, "fixed_427": {"time": 1.3935859489442612, "size_pct": 34.172849633580135, "on_frontier": true, "dominating_ids": [], "conditional_geometry_weight": 0.008165732982570695, "size_gap_pp": 0}, "stress_1pct": {"time": 1.51212082353038, "size_pct": 34.18551718968784, "on_frontier": false, "dominating_ids": ["296", "360", "417", "418", "419", "422"], "conditional_geometry_weight": 0, "size_gap_pp": 0.02451856911199002}, "time_change_pct_vs_fast3": [222.59195892322504, 221.76478991740333], "size_change_pp_vs_fast3": -2.6677733583876417, "equivalence": {"reference": "r9-block-scalar", "public_token_and_output_equal": true, "changed_files": [], "scope": "finite public corpus only; no all-input equivalence claim"}}, {"candidate": "public432", "control": true, "blocks": [1, 2], "time": 0.4299123084938074, "size_pct": 36.52435870548103, "own_anchor": {"time": 0.4413850574969763, "size_pct": 36.91273515631194, "on_frontier": false, "dominating_ids": ["481"], "conditional_geometry_weight": 0, "size_gap_pp": 0.35273952183728596}, "fixed_427": {"time": 0.436104288720345, "size_pct": 36.781044539812044, "on_frontier": true, "dominating_ids": [], "conditional_geometry_weight": 0.0006041667438991012, "size_gap_pp": 0}, "stress_1pct": {"time": 0.4457989080719461, "size_pct": 36.91273515631194, "on_frontier": false, "dominating_ids": ["451", "456", "481"], "conditional_geometry_weight": 0, "size_gap_pp": 0.6682900958168787}, "time_change_pct_vs_fast3": [0.6114805996093375, 1.0303268329592496], "size_change_pp_vs_fast3": -0.07778040084915006, "equivalence": null}, {"candidate": "probe3", "control": true, "blocks": [1, 2], "time": 0.4524869615716618, "size_pct": 35.92083771476539, "own_anchor": {"time": 0.46614327772931885, "size_pct": 36.173282125166494, "on_frontier": false, "dominating_ids": ["434", "437", "442", "464"], "conditional_geometry_weight": 0, "size_gap_pp": 0.4163487968876325}, "fixed_427": {"time": 0.4590040820715001, "size_pct": 36.173282125166494, "on_frontier": false, "dominating_ids": ["434", "437"], "conditional_geometry_weight": 0, "size_gap_pp": 0.18964693852773706}, "stress_1pct": {"time": 0.47080471050661205, "size_pct": 36.173282125166494, "on_frontier": false, "dominating_ids": ["434", "437", "442", "464"], "conditional_geometry_weight": 0, "size_gap_pp": 0.4163487968876325}, "time_change_pct_vs_fast3": [6.371028636739662, 5.860533716232319], "size_change_pp_vs_fast3": -0.6813013915647872, "equivalence": null}], "gates": {}, "failures": []}
rmq-a	Run selected fresh official gate	﻿2026-10-07T20:40:38.4073683Z ##[group]Run export PATH="$HOME/.local/bin:$HOME/.cargo/bin:$ELAN_HOME/bin:$PATH"
rmq-a	Run selected fresh official gate	2026-10-07T20:40:38.4074254Z ^[[36;1mexport PATH="$HOME/.local/bin:$HOME/.cargo/bin:$ELAN_HOME/bin:$PATH"^[[0m
rmq-a	Run selected fresh official gate	2026-10-07T20:40:38.4074669Z ^[[36;1mexport PYTHONPATH="$DEFLATE_ROOT/validator"^[[0m
rmq-a	Run selected fresh official gate	2026-10-07T20:40:38.4075060Z ^[[36;1m"$DEFLATE_ROOT/.venv/bin/python" scripts/round4.py gate^[[0m
rmq-a	Run selected fresh official gate	2026-10-07T20:40:38.4115110Z shell: /usr/bin/bash -e {0}
rmq-a	Run selected fresh official gate	2026-10-07T20:40:38.4115415Z env:
rmq-a	Run selected fresh official gate	2026-10-07T20:40:38.4115650Z   ROUND4_SPEC: rmq-a
rmq-a	Run selected fresh official gate	2026-10-07T20:40:38.4115915Z   ROUND4_SPEC_DIR: evidence/round10
rmq-a	Run selected fresh official gate	2026-10-07T20:40:38.4116261Z   DEFLATE_ROOT: /home/runner/work/_temp/deflate-upstream
rmq-a	Run selected fresh official gate	2026-10-07T20:40:38.4116679Z   ELAN_HOME: /home/runner/work/_temp/deflate-upstream/validator/.work/elan
rmq-a	Run selected fresh official gate	2026-10-07T20:40:38.4117089Z   XDG_CACHE_HOME: /home/runner/work/_temp/deflate-cache
rmq-a	Run selected fresh official gate	2026-10-07T20:40:38.4117459Z   UV_CACHE_DIR: /home/runner/work/_temp/deflate-cache/uv
rmq-a	Run selected fresh official gate	2026-10-07T20:40:38.4117782Z   XDG_RUNTIME_DIR: /run/user/1001
rmq-a	Run selected fresh official gate	2026-10-07T20:40:38.4118148Z   DBUS_SESSION_BUS_ADDRESS: unix:path=/run/user/1001/bus
rmq-a	Run selected fresh official gate	2026-10-07T20:40:38.4118483Z   VERIFY_CORPUS: corpus-stage1
rmq-a	Run selected fresh official gate	2026-10-07T20:40:38.4118752Z   VERIFY_SANDBOX: bwrap
rmq-a	Run selected fresh official gate	2026-10-07T20:40:38.4119000Z   GIT_TERMINAL_PROMPT: 0
rmq-a	Run selected fresh official gate	2026-10-07T20:40:38.4119255Z ##[endgroup]
rmq-a	Run selected fresh official gate	2026-10-07T20:40:38.5403562Z SYNTHETIC_INPUTS {"source-like.txt": {"bytes": 220484, "sha256": "326efe91d7d1e5a11bee87388ef45c7551b1b541f17a1749d7cd5cd53c25ab66"}, "short-log.txt": {"bytes": 32505, "sha256": "23ef9a1b24b2cfcd1c73f1ff1a71ab017cbcf921409f96f8839c74819d3c0b82"}, "table.csv": {"bytes": 193765, "sha256": "e773c09c5e5d585dc64330f220ca47963de24c1be3297a8161e89fca34b98a85"}, "multilingual.txt": {"bytes": 163270, "sha256": "bdd257c8c2afbd9c418ec8954e0ca3f2cedbfa5a622e9b2d5255f35647f1aecc"}, "random.bin": {"bytes": 131101, "sha256": "22c862f2c2c5fd5a072e9f74b5a056aacb9025228d040addb56dcd9bec4c09d3"}, "window-boundary.bin": {"bytes": 73735, "sha256": "3d5e223fd8ced74430c5b87ebbbe4ff9c9782c6902f9b137538dddc79f087dcc"}, "sparse.bin": {"bytes": 53803, "sha256": "c51b774d8aadb5b636c1463ff5a9df4fe6c326330101df1daf2e4745b07678d3"}, "tiny-structured.txt": {"bytes": 15588, "sha256": "2b4701704019445efcca8272c668d8015913d54616281baf813d477623dfcdd3"}}
rmq-a	Run selected fresh official gate	2026-10-07T20:40:38.5855284Z ^[[32m2026-10-07 20:40:38.584^[[0m | ^[[34m^[[1mDEBUG   ^[[0m | ^[[36msandbox.bwrap^[[0m:^[[36mrun^[[0m:^[[36m110^[[0m - ^[[34m^[[1m[bwrap] rustc exit=0 in 0.0s^[[0m
rmq-a	Run selected fresh official gate	2026-10-07T20:40:41.0143982Z ^[[32m2026-10-07 20:40:41.013^[[0m | ^[[34m^[[1mDEBUG   ^[[0m | ^[[36msandbox.bwrap^[[0m:^[[36mrun^[[0m:^[[36m110^[[0m - ^[[34m^[[1m[bwrap] cargo exit=0 in 2.4s^[[0m
rmq-a	Run selected fresh official gate	2026-10-07T20:40:41.0145790Z ^[[32m2026-10-07 20:40:41.013^[[0m | ^[[34m^[[1mDEBUG   ^[[0m | ^[[36mbench.driver^[[0m:^[[36m_build^[[0m:^[[36m295^[[0m - ^[[34m^[[1m[bench] built incumbent in 2.4s exit=0^[[0m
rmq-a	Run selected fresh official gate	2026-10-07T20:40:45.2653793Z ^[[32m2026-10-07 20:40:45.264^[[0m | ^[[34m^[[1mDEBUG   ^[[0m | ^[[36msandbox.bwrap^[[0m:^[[36mrun^[[0m:^[[36m110^[[0m - ^[[34m^[[1m[bwrap] cargo exit=0 in 4.3s^[[0m
rmq-a	Run selected fresh official gate	2026-10-07T20:40:45.2657995Z ^[[32m2026-10-07 20:40:45.264^[[0m | ^[[34m^[[1mDEBUG   ^[[0m | ^[[36mbench.driver^[[0m:^[[36m_build^[[0m:^[[36m295^[[0m - ^[[34m^[[1m[bench] built r3-432-fast3 in 4.3s exit=0^[[0m
rmq-a	Run selected fresh official gate	2026-10-07T20:40:45.9583136Z ^[[32m2026-10-07 20:40:45.956^[[0m | ^[[34m^[[1mDEBUG   ^[[0m | ^[[36msandbox.bwrap^[[0m:^[[36mrun^[[0m:^[[36m110^[[0m - ^[[34m^[[1m[bwrap] measure exit=0 in 0.7s^[[0m
rmq-a	Run selected fresh official gate	2026-10-07T20:40:45.9584187Z ^[[32m2026-10-07 20:40:45.956^[[0m | ^[[34m^[[1mDEBUG   ^[[0m | ^[[36mbench.driver^[[0m:^[[36m_measure^[[0m:^[[36m333^[[0m - ^[[34m^[[1m[bench] measured r3-432-fast3 in 0.7s exit=0^[[0m
rmq-a	Run selected fresh official gate	2026-10-07T20:40:45.9621897Z SYNTHETIC_MEASUREMENT {"candidate": "r3-432-fast3", "round": 1, "time": 0.3503215574256861, "size_pct": 36.611473427728505}
rmq-a	Run selected fresh official gate	2026-10-07T20:40:45.9629584Z SYNTHETIC_RAW 1 r3-432-fast3 {"kind": "meta", "schema_version": 4, "started_at_unix": 1791405645.280414, "corpus": "synthetic-transfer", "corpus_dir": "/home/runner/work/_temp/round4-receipts/synthetic-transfer", "os": "linux", "arch": "x86_64", "rustc_version": "rustc 1.100.0-nightly (8fa1c96cf 2026-08-17)", "cpu_model": "INTEL(R) XEON(R) PLATINUM 8573C", "cpu_governor": "performance", "warmup_rounds": 1, "measured_rounds": 11, "speed_floor": null, "methods": {"incumbent": {"external": false, "crate_dir": "/home/runner/work/_temp/deflate-upstream/data/bench-workspace/20261007T204038Z-c8f76e0a-4nk5948s/incumbent", "source_sha256": "b9e0d844baf5958cf0c1c66bfb9fd1f89663fa30f21a99c3c116b3dd2e771361", "lib_sha256": "141f58ceb5d68fdd9fef84fc9da46540dfd34174de8533d923ef187ae09ec57b"}, "r3-432-fast3": {"external": false, "crate_dir": "/home/runner/work/_temp/deflate-upstream/data/bench-workspace/20261007T204038Z-c8f76e0a-4nk5948s/r3-432-fast3", "source_sha256": "bae8014121e4710f4a34ce63452578b4bf69121b4f695e1b1356780a019108ef", "lib_sha256": "e3c97b3aef581e8e4a6e0f848cdd79427cdc9aa441d32c3110b73cc0508d3566"}}, "benchmark_provenance": {"version": 1, "engine_sha256": "ab202460691492f48d5c632375f5df2a74fc3769a81337e876607e9326a46fac", "template_sha256": "584b01793667c5257da4e76da919fbb3bb73c72fa434866622fe3905884d33f0", "host_sha256": "3725f12bbec145f978f61f4d54bba0122493f2233180f24ec971ac1be8efbd21", "cpus": "0", "process_affinity": [0, 1], "memory_mb": 2048, "sandbox": true, "build_profile": "release", "external_references": false}}
rmq-a	Run selected fresh official gate	2026-10-07T20:40:45.9653903Z SYNTHETIC_RAW 1 r3-432-fast3 {"kind": "file", "corpus": "synthetic-transfer", "file": "multilingual.txt", "raw_bytes": 163270, "sha256": "bdd257c8c2afbd9c418ec8954e0ca3f2cedbfa5a622e9b2d5255f35647f1aecc", "methods": {"incumbent": {"external": false, "output_bytes": 9206, "output_sha256": "dd1312ec4702740b4331fb5195ee7cf1f8f1e4ebb52c5bad2ee9ac46eb142e05", "tokens": 4618, "tokens_sha256": "a6e0f107a4d317d16a1a0fe1f14d8a05d25385b4de7fa5b1409ef0de972f3b25", "deterministic": true, "encode_s": 0.00048476, "errors": [], "reps": [{"phase": "warmup", "order_index": 1, "time_s": 0.002669385, "encode_s": 0.00048476, "total_s": 0.0031541449999999997}, {"phase": "measured", "order_index": 3, "time_s": 0.002542754, "encode_s": 0.000400031, "total_s": 0.002942785}, {"phase": "measured", "order_index": 5, "time_s": 0.002519323, "encode_s": 0.000411329, "total_s": 0.0029306519999999997}, {"phase": "measured", "order_index": 7, "time_s": 0.002532851, "encode_s": 0.000395975, "total_s": 0.002928826}, {"phase": "measured", "order_index": 9, "time_s": 0.002537296, "encode_s": 0.000388424, "total_s": 0.00292572}, {"phase": "measured", "order_index": 11, "time_s": 0.002500145, "encode_s": 0.000384154, "total_s": 0.002884299}, {"phase": "measured", "order_index": 13, "time_s": 0.002518531, "encode_s": 0.000394539, "total_s": 0.0029130700000000002}, {"phase": "measured", "order_index": 15, "time_s": 0.002518249, "encode_s": 0.000386049, "total_s": 0.002904298}, {"phase": "measured", "order_index": 17, "time_s": 0.002518475, "encode_s": 0.000393891, "total_s": 0.002912366}, {"phase": "measured", "order_index": 19, "time_s": 0.00251757, "encode_s": 0.000384352, "total_s": 0.002901922}, {"phase": "measured", "order_index": 21, "time_s": 0.00249622, "encode_s": 0.000392924, "total_s": 0.0028891439999999997}, {"phase": "measured", "order_index": 23, "time_s": 0.002487805, "encode_s": 0.000386522, "total_s": 0.002874327}]}, "r3-432-fast3": {"external": false, "output_bytes": 9684, "output_sha256": "a284573a2c433c69dbc0ce64c42cca6e59fe1f88b9f332af6236cb76a4cc5a89", "tokens": 5264, "tokens_sha256": "b76b372c9f2aeef288bc0b1429aeb3b3fe62fc4697f91a59072a22280df3b1fc", "deterministic": true, "encode_s": 0.000422182, "errors": [], "reps": [{"phase": "warmup", "order_index": 2, "time_s": 9.9224e-05, "encode_s": 0.000422182, "total_s": 0.000521406}, {"phase": "measured", "order_index": 4, "time_s": 9.6192e-05, "encode_s": 0.000375746, "total_s": 0.000471938}, {"phase": "measured", "order_index": 6, "time_s": 9.7052e-05, "encode_s": 0.000384372, "total_s": 0.00048142400000000004}, {"phase": "measured", "order_index": 8, "time_s": 9.5395e-05, "encode_s": 0.000374599, "total_s": 0.000469994}, {"phase": "measured", "order_index": 10, "time_s": 9.5507e-05, "encode_s": 0.000374584, "total_s": 0.000470091}, {"phase": "measured", "order_index": 12, "time_s": 0.000102621, "encode_s": 0.000375096, "total_s": 0.000477717}, {"phase": "measured", "order_index": 14, "time_s": 9.7067e-05, "encode_s": 0.000367845, "total_s": 0.000464912}, {"phase": "measured", "order_index": 16, "time_s": 9.5271e-05, "encode_s": 0.000384725, "total_s": 0.000479996}, {"phase": "measured", "order_index": 18, "time_s": 9.5735e-05, "encode_s": 0.000375497, "total_s": 0.00047123200000000003}, {"phase": "measured", "order_index": 20, "time_s": 9.5205e-05, "encode_s": 0.000385096, "total_s": 0.000480301}, {"phase": "measured", "order_index": 22, "time_s": 9.5359e-05, "encode_s": 0.000386163, "total_s": 0.000481522}, {"phase": "measured", "order_index": 24, "time_s": 9.5089e-05, "encode_s": 0.000384261, "total_s": 0.00047935}]}}}
rmq-a	Run selected fresh official gate	2026-10-07T20:40:45.9691268Z SYNTHETIC_RAW 1 r3-432-fast3 {"kind": "file", "corpus": "synthetic-transfer", "file": "random.bin", "raw_bytes": 131101, "sha256": "22c862f2c2c5fd5a072e9f74b5a056aacb9025228d040addb56dcd9bec4c09d3", "methods": {"incumbent": {"external": false, "output_bytes": 131445, "output_sha256": "deebb4fe887edb814c65fc8f8d20b733d4a395d0e32399c3c25af9b591d8dc2d", "tokens": 130620, "tokens_sha256": "5330a4dbafd88f2b8356a1db487249115b5a636a9e2bab5cf05094461ba5cbc3", "deterministic": true, "encode_s": 0.006015852, "errors": [], "reps": [{"phase": "warmup", "order_index": 25, "time_s": 0.002436655, "encode_s": 0.006015852, "total_s": 0.008452507}, {"phase": "measured", "order_index": 27, "time_s": 0.002536829, "encode_s": 0.00538878, "total_s": 0.007925609}, {"phase": "measured", "order_index": 29, "time_s": 0.002398577, "encode_s": 0.005368367, "total_s": 0.007766944}, {"phase": "measured", "order_index": 31, "time_s": 0.002421656, "encode_s": 0.00536193, "total_s": 0.007783586}, {"phase": "measured", "order_index": 33, "time_s": 0.002400227, "encode_s": 0.00537656, "total_s": 0.007776787}, {"phase": "measured", "order_index": 35, "time_s": 0.002440384, "encode_s": 0.005354773, "total_s": 0.0077951570000000005}, {"phase": "measured", "order_index": 37, "time_s": 0.002494192, "encode_s": 0.005388845, "total_s": 0.007883036999999999}, {"phase": "measured", "order_index": 39, "time_s": 0.002381862, "encode_s": 0.005409673, "total_s": 0.0077915350000000005}, {"phase": "measured", "order_index": 41, "time_s": 0.002419537, "encode_s": 0.005410903, "total_s": 0.00783044}, {"phase": "measured", "order_index": 43, "time_s": 0.002402722, "encode_s": 0.005387416, "total_s": 0.007790138}, {"phase": "measured", "order_index": 45, "time_s": 0.002439115, "encode_s": 0.005564648, "total_s": 0.008003763}, {"phase": "measured", "order_index": 47, "time_s": 0.002393235, "encode_s": 0.005409657, "total_s": 0.0078028920000000005}]}, "r3-432-fast3": {"external": false, "output_bytes": 131144, "output_sha256": "52b5974219d121f00e342319360c4c8bcac7ff2eda0365aa245dfe321fd4613b", "tokens": 131101, "tokens_sha256": "861ef26a6d151afca1053cb702d3d74a8e4ef1beae1928ecd65b6e1995a7cb99", "deterministic": true, "encode_s": 0.005404178, "errors": [], "reps": [{"phase": "warmup", "order_index": 26, "time_s": 3.6164e-05, "encode_s": 0.005404178, "total_s": 0.005440342}, {"phase": "measured", "order_index": 28, "time_s": 3.4742e-05, "encode_s": 0.005059832, "total_s": 0.005094574}, {"phase": "measured", "order_index": 30, "time_s": 3.3644e-05, "encode_s": 0.005098559, "total_s": 0.005132203}, {"phase": "measured", "order_index": 32, "time_s": 3.3892e-05, "encode_s": 0.005048758, "total_s": 0.00508265}, {"phase": "measured", "order_index": 34, "time_s": 3.3485e-05, "encode_s": 0.005073454, "total_s": 0.005106939}, {"phase": "measured", "order_index": 36, "time_s": 3.3457e-05, "encode_s": 0.005042219, "total_s": 0.0050756759999999995}, {"phase": "measured", "order_index": 38, "time_s": 3.3403e-05, "encode_s": 0.005144592, "total_s": 0.005177995}, {"phase": "measured", "order_index": 40, "time_s": 3.3398e-05, "encode_s": 0.005063621, "total_s": 0.0050970189999999995}, {"phase": "measured", "order_index": 42, "time_s": 3.3458e-05, "encode_s": 0.005078673, "total_s": 0.005112131}, {"phase": "measured", "order_index": 44, "time_s": 3.3846e-05, "encode_s": 0.005115135, "total_s": 0.0051489809999999995}, {"phase": "measured", "order_index": 46, "time_s": 3.3768e-05, "encode_s": 0.00507414, "total_s": 0.005107908}, {"phase": "measured", "order_index": 48, "time_s": 3.3993e-05, "encode_s": 0.005101364, "total_s": 0.005135357}]}}}
rmq-a	Run selected fresh official gate	2026-10-07T20:40:45.9725934Z SYNTHETIC_RAW 1 r3-432-fast3 {"kind": "file", "corpus": "synthetic-transfer", "file": "short-log.txt", "raw_bytes": 32505, "sha256": "23ef9a1b24b2cfcd1c73f1ff1a71ab017cbcf921409f96f8839c74819d3c0b82", "methods": {"incumbent": {"external": false, "output_bytes": 4871, "output_sha256": "b801c58b86a433392a15971de32130be788d25cd6f3a91a1abda0f0a909dac25", "tokens": 3017, "tokens_sha256": "fcd4ea723eb6d0e399dc5c1cf6825e8d767f6fc45a05600bb177054b19e7eaec", "deterministic": true, "encode_s": 0.000306602, "errors": [], "reps": [{"phase": "warmup", "order_index": 49, "time_s": 0.001236691, "encode_s": 0.000306602, "total_s": 0.001543293}, {"phase": "measured", "order_index": 51, "time_s": 0.001183972, "encode_s": 0.00029987, "total_s": 0.001483842}, {"phase": "measured", "order_index": 53, "time_s": 0.001185288, "encode_s": 0.000286081, "total_s": 0.0014713690000000001}, {"phase": "measured", "order_index": 55, "time_s": 0.0011402, "encode_s": 0.000282806, "total_s": 0.001423006}, {"phase": "measured", "order_index": 57, "time_s": 0.001158308, "encode_s": 0.000282347, "total_s": 0.001440655}, {"phase": "measured", "order_index": 59, "time_s": 0.001146666, "encode_s": 0.000285494, "total_s": 0.00143216}, {"phase": "measured", "order_index": 61, "time_s": 0.001152683, "encode_s": 0.000284024, "total_s": 0.0014367070000000002}, {"phase": "measured", "order_index": 63, "time_s": 0.001138835, "encode_s": 0.000285832, "total_s": 0.001424667}, {"phase": "measured", "order_index": 65, "time_s": 0.001131027, "encode_s": 0.000299013, "total_s": 0.00143004}, {"phase": "measured", "order_index": 67, "time_s": 0.001141266, "encode_s": 0.00028683, "total_s": 0.001428096}, {"phase": "measured", "order_index": 69, "time_s": 0.001138967, "encode_s": 0.000280489, "total_s": 0.001419456}, {"phase": "measured", "order_index": 71, "time_s": 0.001154577, "encode_s": 0.000280092, "total_s": 0.001434669}]}, "r3-432-fast3": {"external": false, "output_bytes": 8277, "output_sha256": "44efccadf8af77a0163a4d6740f486246dd4c10770eb34fe7972bafa6c805687", "tokens": 12200, "tokens_sha256": "891ba096a1bfc6ebae0e33da360e53f6233e820044e96dd5cab5ca945671f382", "deterministic": true, "encode_s": 0.000314864, "errors": [], "reps": [{"phase": "warmup", "order_index": 50, "time_s": 8.8818e-05, "encode_s": 0.000314864, "total_s": 0.000403682}, {"phase": "measured", "order_index": 52, "time_s": 0.000101835, "encode_s": 0.000304961, "total_s": 0.000406796}, {"phase": "measured", "order_index": 54, "time_s": 8.584e-05, "encode_s": 0.000307346, "total_s": 0.000393186}, {"phase": "measured", "order_index": 56, "time_s": 8.9035e-05, "encode_s": 0.000306379, "total_s": 0.000395414}, {"phase": "measured", "order_index": 58, "time_s": 9.0008e-05, "encode_s": 0.000306757, "total_s": 0.000396765}, {"phase": "measured", "order_index": 60, "time_s": 8.6225e-05, "encode_s": 0.000300761, "total_s": 0.00038698599999999997}, {"phase": "measured", "order_index": 62, "time_s": 8.5486e-05, "encode_s": 0.000300979, "total_s": 0.000386465}, {"phase": "measured", "order_index": 64, "time_s": 8.4522e-05, "encode_s": 0.000300738, "total_s": 0.00038526}, {"phase": "measured", "order_index": 66, "time_s": 8.8771e-05, "encode_s": 0.000295921, "total_s": 0.00038469199999999995}, {"phase": "measured", "order_index": 68, "time_s": 8.5027e-05, "encode_s": 0.000297346, "total_s": 0.000382373}, {"phase": "measured", "order_index": 70, "time_s": 9.3016e-05, "encode_s": 0.000299364, "total_s": 0.00039238}, {"phase": "measured", "order_index": 72, "time_s": 8.9276e-05, "encode_s": 0.000303434, "total_s": 0.00039271}]}}}
rmq-a	Run selected fresh official gate	2026-10-07T20:40:45.9752428Z SYNTHETIC_RAW 1 r3-432-fast3 {"kind": "file", "corpus": "synthetic-transfer", "file": "source-like.txt", "raw_bytes": 220484, "sha256": "326efe91d7d1e5a11bee87388ef45c7551b1b541f17a1749d7cd5cd53c25ab66", "methods": {"incumbent": {"external": false, "output_bytes": 16650, "output_sha256": "a459035fe1f2d45221381fefc1bad509a69c3effb5a67ee57a00384072a446f5", "tokens": 7890, "tokens_sha256": "cf67564e32e855eac2759e9b433da56b133fd538e426d3f122c000aa5d009805", "deterministic": true, "encode_s": 0.000365745, "errors": [], "reps": [{"phase": "warmup", "order_index": 73, "time_s": 0.004650616, "encode_s": 0.000365745, "total_s": 0.0050163609999999996}, {"phase": "measured", "order_index": 75, "time_s": 0.004644906, "encode_s": 0.000369581, "total_s": 0.005014487}, {"phase": "measured", "order_index": 77, "time_s": 0.004599003, "encode_s": 0.000371605, "total_s": 0.004970608}, {"phase": "measured", "order_index": 79, "time_s": 0.004642, "encode_s": 0.000373235, "total_s": 0.005015235}, {"phase": "measured", "order_index": 81, "time_s": 0.004723541, "encode_s": 0.000356294, "total_s": 0.005079835}, {"phase": "measured", "order_index": 83, "time_s": 0.004605652, "encode_s": 0.00036342, "total_s": 0.004969072}, {"phase": "measured", "order_index": 85, "time_s": 0.004607049, "encode_s": 0.000357676, "total_s": 0.0049647250000000006}, {"phase": "measured", "order_index": 87, "time_s": 0.004608216, "encode_s": 0.000362362, "total_s": 0.004970578}, {"phase": "measured", "order_index": 89, "time_s": 0.004632863, "encode_s": 0.000357926, "total_s": 0.004990789}, {"phase": "measured", "order_index": 91, "time_s": 0.004659745, "encode_s": 0.000364159, "total_s": 0.005023904}, {"phase": "measured", "order_index": 93, "time_s": 0.004612138, "encode_s": 0.000357874, "total_s": 0.004970012}, {"phase": "measured", "order_index": 95, "time_s": 0.004663175, "encode_s": 0.000373306, "total_s": 0.005036481000000001}]}, "r3-432-fast3": {"external": false, "output_bytes": 18393, "output_sha256": "735b68c4a5747696b4ebf6c0135116a705a15f24a8c0f6be52ce706276dd0986", "tokens": 12013, "tokens_sha256": "29f01c38ee319caf136f8241dc558b245fce41198010ea49e228211ed3642be9", "deterministic": true, "encode_s": 0.000420999, "errors": [], "reps": [{"phase": "warmup", "order_index": 74, "time_s": 0.000249177, "encode_s": 0.000420999, "total_s": 0.000670176}, {"phase": "measured", "order_index": 76, "time_s": 0.000253479, "encode_s": 0.000419589, "total_s": 0.000673068}, {"phase": "measured", "order_index": 78, "time_s": 0.000257542, "encode_s": 0.000420766, "total_s": 0.000678308}, {"phase": "measured", "order_index": 80, "time_s": 0.000270969, "encode_s": 0.000443837, "total_s": 0.0007148059999999999}, {"phase": "measured", "order_index": 82, "time_s": 0.000256466, "encode_s": 0.000422937, "total_s": 0.0006794030000000001}, {"phase": "measured", "order_index": 84, "time_s": 0.000252275, "encode_s": 0.000422238, "total_s": 0.0006745130000000001}, {"phase": "measured", "order_index": 86, "time_s": 0.000252113, "encode_s": 0.000440586, "total_s": 0.000692699}, {"phase": "measured", "order_index": 88, "time_s": 0.000254264, "encode_s": 0.000417893, "total_s": 0.000672157}, {"phase": "measured", "order_index": 90, "time_s": 0.000258647, "encode_s": 0.000416889, "total_s": 0.000675536}, {"phase": "measured", "order_index": 92, "time_s": 0.000259064, "encode_s": 0.000417771, "total_s": 0.000676835}, {"phase": "measured", "order_index": 94, "time_s": 0.000253156, "encode_s": 0.000426895, "total_s": 0.000680051}, {"phase": "measured", "order_index": 96, "time_s": 0.000251832, "encode_s": 0.000423689, "total_s": 0.000675521}]}}}
rmq-a	Run selected fresh official gate	2026-10-07T20:40:45.9777011Z SYNTHETIC_RAW 1 r3-432-fast3 {"kind": "file", "corpus": "synthetic-transfer", "file": "sparse.bin", "raw_bytes": 53803, "sha256": "c51b774d8aadb5b636c1463ff5a9df4fe6c326330101df1daf2e4745b07678d3", "methods": {"incumbent": {"external": false, "output_bytes": 1798, "output_sha256": "64a1ff1bc414863ad88544207256d2d9a5ba187a3a5dc2ad6425dd07405c2e2c", "tokens": 1263, "tokens_sha256": "fae120ea72c3aae525d182eab79475dc599c31ea79ce1f32050a110b01939d24", "deterministic": true, "encode_s": 0.000525793, "errors": [], "reps": [{"phase": "warmup", "order_index": 97, "time_s": 0.001228252, "encode_s": 0.000525793, "total_s": 0.001754045}, {"phase": "measured", "order_index": 99, "time_s": 0.001226332, "encode_s": 0.000493261, "total_s": 0.001719593}, {"phase": "measured", "order_index": 101, "time_s": 0.001234195, "encode_s": 0.000490218, "total_s": 0.001724413}, {"phase": "measured", "order_index": 103, "time_s": 0.001202599, "encode_s": 0.00049515, "total_s": 0.001697749}, {"phase": "measured", "order_index": 105, "time_s": 0.001207302, "encode_s": 0.000485492, "total_s": 0.001692794}, {"phase": "measured", "order_index": 107, "time_s": 0.001210646, "encode_s": 0.000495418, "total_s": 0.0017060639999999998}, {"phase": "measured", "order_index": 109, "time_s": 0.00120254, "encode_s": 0.00047713, "total_s": 0.0016796699999999999}, {"phase": "measured", "order_index": 111, "time_s": 0.00121398, "encode_s": 0.0004986, "total_s": 0.00171258}, {"phase": "measured", "order_index": 113, "time_s": 0.001223383, "encode_s": 0.000486546, "total_s": 0.001709929}, {"phase": "measured", "order_index": 115, "time_s": 0.001213771, "encode_s": 0.00048589, "total_s": 0.0016996609999999999}, {"phase": "measured", "order_index": 117, "time_s": 0.001213222, "encode_s": 0.000492723, "total_s": 0.001705945}, {"phase": "measured", "order_index": 119, "time_s": 0.001209135, "encode_s": 0.000497704, "total_s": 0.001706839}]}, "r3-432-fast3": {"external": false, "output_bytes": 2134, "output_sha256": "8acb9c34ad5e88c0e527f0a3911b99bfac744f4625124fc678d7cdbab669c714", "tokens": 3795, "tokens_sha256": "db99e2e413bed52a91e27df8b345bd15b546f6855c8d934b12febe253691eb65", "deterministic": true, "encode_s": 0.000507085, "errors": [], "reps": [{"phase": "warmup", "order_index": 98, "time_s": 2.3522e-05, "encode_s": 0.000507085, "total_s": 0.000530607}, {"phase": "measured", "order_index": 100, "time_s": 2.2832e-05, "encode_s": 0.000525435, "total_s": 0.000548267}, {"phase": "measured", "order_index": 102, "time_s": 2.2389e-05, "encode_s": 0.000487347, "total_s": 0.000509736}, {"phase": "measured", "order_index": 104, "time_s": 2.2768e-05, "encode_s": 0.000498094, "total_s": 0.0005208620000000001}, {"phase": "measured", "order_index": 106, "time_s": 2.2266e-05, "encode_s": 0.000495312, "total_s": 0.000517578}, {"phase": "measured", "order_index": 108, "time_s": 2.2727e-05, "encode_s": 0.000496518, "total_s": 0.000519245}, {"phase": "measured", "order_index": 110, "time_s": 2.2415e-05, "encode_s": 0.000489006, "total_s": 0.000511421}, {"phase": "measured", "order_index": 112, "time_s": 2.287e-05, "encode_s": 0.00048648, "total_s": 0.00050935}, {"phase": "measured", "order_index": 114, "time_s": 2.2391e-05, "encode_s": 0.000501522, "total_s": 0.000523913}, {"phase": "measured", "order_index": 116, "time_s": 2.2869e-05, "encode_s": 0.000500266, "total_s": 0.000523135}, {"phase": "measured", "order_index": 118, "time_s": 2.2126e-05, "encode_s": 0.000496112, "total_s": 0.0005182380000000001}, {"phase": "measured", "order_index": 120, "time_s": 2.2988e-05, "encode_s": 0.000486702, "total_s": 0.00050969}]}}}
rmq-a	Run selected fresh official gate	2026-10-07T20:40:45.9820209Z SYNTHETIC_RAW 1 r3-432-fast3 {"kind": "file", "corpus": "synthetic-transfer", "file": "table.csv", "raw_bytes": 193765, "sha256": "e773c09c5e5d585dc64330f220ca47963de24c1be3297a8161e89fca34b98a85", "methods": {"incumbent": {"external": false, "output_bytes": 65436, "output_sha256": "dcb53081688a36dad21b849906f65e985a744ef8864e9324768f44dbb485a3fc", "tokens": 39085, "tokens_sha256": "93d50fc8a84ae35d4a248c3fc06f3632d2da32348cd6896ad6f9f43ea9515f65", "deterministic": true, "encode_s": 0.002158512, "errors": [], "reps": [{"phase": "warmup", "order_index": 121, "time_s": 0.013586241, "encode_s": 0.002158512, "total_s": 0.015744753}, {"phase": "measured", "order_index": 123, "time_s": 0.013553394, "encode_s": 0.001874299, "total_s": 0.015427693}, {"phase": "measured", "order_index": 125, "time_s": 0.013585505, "encode_s": 0.001876503, "total_s": 0.015462008}, {"phase": "measured", "order_index": 127, "time_s": 0.013623314, "encode_s": 0.001868149, "total_s": 0.015491462999999999}, {"phase": "measured", "order_index": 129, "time_s": 0.013856421, "encode_s": 0.001878819, "total_s": 0.01573524}, {"phase": "measured", "order_index": 131, "time_s": 0.013589646, "encode_s": 0.001854802, "total_s": 0.015444448}, {"phase": "measured", "order_index": 133, "time_s": 0.01360265, "encode_s": 0.001889039, "total_s": 0.015491689000000001}, {"phase": "measured", "order_index": 135, "time_s": 0.013702039, "encode_s": 0.001871555, "total_s": 0.015573594}, {"phase": "measured", "order_index": 137, "time_s": 0.013611415, "encode_s": 0.001878122, "total_s": 0.015489537}, {"phase": "measured", "order_index": 139, "time_s": 0.0136108, "encode_s": 0.001875679, "total_s": 0.015486479}, {"phase": "measured", "order_index": 141, "time_s": 0.013588016, "encode_s": 0.001864594, "total_s": 0.01545261}, {"phase": "measured", "order_index": 143, "time_s": 0.013542881, "encode_s": 0.001857231, "total_s": 0.015400112}]}, "r3-432-fast3": {"external": false, "output_bytes": 66603, "output_sha256": "74aa82188e366b316c292a5804da3107ff83ff4f70e4441f20000f4fd72be71c", "tokens": 46913, "tokens_sha256": "4ac0c77b41058b22eb906f5a2b614520508f3faddd2681b64e6aea3cfb703c64", "deterministic": true, "encode_s": 0.002268201, "errors": [], "reps": [{"phase": "warmup", "order_index": 122, "time_s": 0.000987237, "encode_s": 0.002268201, "total_s": 0.0032554380000000003}, {"phase": "measured", "order_index": 124, "time_s": 0.000974937, "encode_s": 0.002246896, "total_s": 0.003221833}, {"phase": "measured", "order_index": 126, "time_s": 0.000995264, "encode_s": 0.002227774, "total_s": 0.003223038}, {"phase": "measured", "order_index": 128, "time_s": 0.001016294, "encode_s": 0.002250474, "total_s": 0.003266768}, {"phase": "measured", "order_index": 130, "time_s": 0.000982609, "encode_s": 0.002207182, "total_s": 0.003189791}, {"phase": "measured", "order_index": 132, "time_s": 0.000975658, "encode_s": 0.002214716, "total_s": 0.0031903739999999997}, {"phase": "measured", "order_index": 134, "time_s": 0.00097622, "encode_s": 0.002198147, "total_s": 0.003174367}, {"phase": "measured", "order_index": 136, "time_s": 0.000988739, "encode_s": 0.002191992, "total_s": 0.003180731}, {"phase": "measured", "order_index": 138, "time_s": 0.000983045, "encode_s": 0.002229278, "total_s": 0.003212323}, {"phase": "measured", "order_index": 140, "time_s": 0.000976855, "encode_s": 0.002211988, "total_s": 0.003188843}, {"phase": "measured", "order_index": 142, "time_s": 0.000966821, "encode_s": 0.002215095, "total_s": 0.003181916}, {"phase": "measured", "order_index": 144, "time_s": 0.000978447, "encode_s": 0.002211397, "total_s": 0.003189844}]}}}
rmq-a	Run selected fresh official gate	2026-10-07T20:40:45.9852543Z SYNTHETIC_RAW 1 r3-432-fast3 {"kind": "file", "corpus": "synthetic-transfer", "file": "tiny-structured.txt", "raw_bytes": 15588, "sha256": "2b4701704019445efcca8272c668d8015913d54616281baf813d477623dfcdd3", "methods": {"incumbent": {"external": false, "output_bytes": 1492, "output_sha256": "f35f34fe896e5ec7c7a15e89fe5bd6eb74d866642044e5d5df10ea85bcdc674f", "tokens": 1083, "tokens_sha256": "0fa05be94e7e54cd3cede626db4ec06f61e270d22e2f35d810b14ec5a00d6dde", "deterministic": true, "encode_s": 0.000221255, "errors": [], "reps": [{"phase": "warmup", "order_index": 145, "time_s": 0.00029543, "encode_s": 0.000221255, "total_s": 0.000516685}, {"phase": "measured", "order_index": 147, "time_s": 0.000259135, "encode_s": 0.000182088, "total_s": 0.00044122300000000003}, {"phase": "measured", "order_index": 149, "time_s": 0.000275773, "encode_s": 0.000179349, "total_s": 0.00045512199999999997}, {"phase": "measured", "order_index": 151, "time_s": 0.000279592, "encode_s": 0.000183235, "total_s": 0.00046282699999999996}, {"phase": "measured", "order_index": 153, "time_s": 0.000260409, "encode_s": 0.000172354, "total_s": 0.000432763}, {"phase": "measured", "order_index": 155, "time_s": 0.000275452, "encode_s": 0.000182337, "total_s": 0.000457789}, {"phase": "measured", "order_index": 157, "time_s": 0.000297677, "encode_s": 0.000184629, "total_s": 0.000482306}, {"phase": "measured", "order_index": 159, "time_s": 0.000264617, "encode_s": 0.000183333, "total_s": 0.00044794999999999996}, {"phase": "measured", "order_index": 161, "time_s": 0.000264249, "encode_s": 0.000178034, "total_s": 0.000442283}, {"phase": "measured", "order_index": 163, "time_s": 0.000281467, "encode_s": 0.000173308, "total_s": 0.000454775}, {"phase": "measured", "order_index": 165, "time_s": 0.000270822, "encode_s": 0.00018114, "total_s": 0.000451962}, {"phase": "measured", "order_index": 167, "time_s": 0.000271003, "encode_s": 0.000180894, "total_s": 0.00045189700000000004}]}, "r3-432-fast3": {"external": false, "output_bytes": 2299, "output_sha256": "b0b848b0cc9f13315492e78ac8ad5091e82b05ec5dd2dec88b45f99eeaae24ba", "tokens": 2612, "tokens_sha256": "2b05eebcbbecbfa25fbffd0210603157067c17e26adf721f5c2642ef3f525cd9", "deterministic": true, "encode_s": 0.000163239, "errors": [], "reps": [{"phase": "warmup", "order_index": 146, "time_s": 3.9809e-05, "encode_s": 0.000163239, "total_s": 0.000203048}, {"phase": "measured", "order_index": 148, "time_s": 3.3727e-05, "encode_s": 0.000169854, "total_s": 0.000203581}, {"phase": "measured", "order_index": 150, "time_s": 3.1101e-05, "encode_s": 0.000155748, "total_s": 0.000186849}, {"phase": "measured", "order_index": 152, "time_s": 3.4982e-05, "encode_s": 0.000150058, "total_s": 0.00018504}, {"phase": "measured", "order_index": 154, "time_s": 3.139e-05, "encode_s": 0.000161044, "total_s": 0.000192434}, {"phase": "measured", "order_index": 156, "time_s": 3.0526e-05, "encode_s": 0.000153261, "total_s": 0.00018378699999999998}, {"phase": "measured", "order_index": 158, "time_s": 3.4703e-05, "encode_s": 0.000150308, "total_s": 0.000185011}, {"phase": "measured", "order_index": 160, "time_s": 3.4003e-05, "encode_s": 0.000166085, "total_s": 0.000200088}, {"phase": "measured", "order_index": 162, "time_s": 3.3812e-05, "encode_s": 0.000158876, "total_s": 0.000192688}, {"phase": "measured", "order_index": 164, "time_s": 3.4771e-05, "encode_s": 0.000159947, "total_s": 0.000194718}, {"phase": "measured", "order_index": 166, "time_s": 3.0709e-05, "encode_s": 0.000178841, "total_s": 0.00020955}, {"phase": "measured", "order_index": 168, "time_s": 3.4851e-05, "encode_s": 0.000151019, "total_s": 0.00018587}]}}}
rmq-a	Run selected fresh official gate	2026-10-07T20:40:45.9892463Z SYNTHETIC_RAW 1 r3-432-fast3 {"kind": "file", "corpus": "synthetic-transfer", "file": "window-boundary.bin", "raw_bytes": 73735, "sha256": "3d5e223fd8ced74430c5b87ebbbe4ff9c9782c6902f9b137538dddc79f087dcc", "methods": {"incumbent": {"external": false, "output_bytes": 73933, "output_sha256": "5e456557d23dbd5249a36f224b7449a9d53075a00273d27d8ee8f397eeafb978", "tokens": 73559, "tokens_sha256": "35dd083034d7d329eefea50f23c8b2117879da70eb37280242ffd804c83eaf3b", "deterministic": true, "encode_s": 0.003344131, "errors": [], "reps": [{"phase": "warmup", "order_index": 169, "time_s": 0.001169227, "encode_s": 0.003344131, "total_s": 0.004513358}, {"phase": "measured", "order_index": 171, "time_s": 0.001162548, "encode_s": 0.003272972, "total_s": 0.00443552}, {"phase": "measured", "order_index": 173, "time_s": 0.001160748, "encode_s": 0.003294347, "total_s": 0.004455095}, {"phase": "measured", "order_index": 175, "time_s": 0.0011291, "encode_s": 0.003296813, "total_s": 0.004425913}, {"phase": "measured", "order_index": 177, "time_s": 0.001145594, "encode_s": 0.003276872, "total_s": 0.004422466}, {"phase": "measured", "order_index": 179, "time_s": 0.001134061, "encode_s": 0.003316384, "total_s": 0.004450445}, {"phase": "measured", "order_index": 181, "time_s": 0.00114317, "encode_s": 0.003231499, "total_s": 0.004374669}, {"phase": "measured", "order_index": 183, "time_s": 0.001123937, "encode_s": 0.003277885, "total_s": 0.004401822}, {"phase": "measured", "order_index": 185, "time_s": 0.001140336, "encode_s": 0.003245452, "total_s": 0.004385788}, {"phase": "measured", "order_index": 187, "time_s": 0.001143446, "encode_s": 0.003246091, "total_s": 0.004389537}, {"phase": "measured", "order_index": 189, "time_s": 0.001156783, "encode_s": 0.003465747, "total_s": 0.00462253}, {"phase": "measured", "order_index": 191, "time_s": 0.001201803, "encode_s": 0.003290341, "total_s": 0.004492144}]}, "r3-432-fast3": {"external": false, "output_bytes": 73760, "output_sha256": "7fc0f619879f4fb08483c528b61a18725bafcbfbce8f257146ac4741ba95851b", "tokens": 73735, "tokens_sha256": "8a3f0d4d337189d036871ced04356a9ba83426a905ea1c72d81f57b9d8549140", "deterministic": true, "encode_s": 0.002792219, "errors": [], "reps": [{"phase": "warmup", "order_index": 170, "time_s": 2.2984e-05, "encode_s": 0.002792219, "total_s": 0.002815203}, {"phase": "measured", "order_index": 172, "time_s": 2.4062e-05, "encode_s": 0.002792358, "total_s": 0.00281642}, {"phase": "measured", "order_index": 174, "time_s": 2.3586e-05, "encode_s": 0.002809145, "total_s": 0.002832731}, {"phase": "measured", "order_index": 176, "time_s": 2.3333e-05, "encode_s": 0.002785707, "total_s": 0.00280904}, {"phase": "measured", "order_index": 178, "time_s": 2.3868e-05, "encode_s": 0.002840772, "total_s": 0.00286464}, {"phase": "measured", "order_index": 180, "time_s": 2.4333e-05, "encode_s": 0.002793498, "total_s": 0.0028178310000000002}, {"phase": "measured", "order_index": 182, "time_s": 2.3328e-05, "encode_s": 0.002923763, "total_s": 0.0029470909999999998}, {"phase": "measured", "order_index": 184, "time_s": 2.3452e-05, "encode_s": 0.002801021, "total_s": 0.002824473}, {"phase": "measured", "order_index": 186, "time_s": 2.3707e-05, "encode_s": 0.002794487, "total_s": 0.002818194}, {"phase": "measured", "order_index": 188, "time_s": 2.3535e-05, "encode_s": 0.002818093, "total_s": 0.0028416279999999997}, {"phase": "measured", "order_index": 190, "time_s": 2.4622e-05, "encode_s": 0.002837758, "total_s": 0.0028623800000000003}, {"phase": "measured", "order_index": 192, "time_s": 2.3802e-05, "encode_s": 0.002773399, "total_s": 0.002797201}]}}}
rmq-a	Run selected fresh official gate	2026-10-07T20:40:46.0135489Z ^[[32m2026-10-07 20:40:46.013^[[0m | ^[[34m^[[1mDEBUG   ^[[0m | ^[[36msandbox.bwrap^[[0m:^[[36mrun^[[0m:^[[36m110^[[0m - ^[[34m^[[1m[bwrap] rustc exit=0 in 0.0s^[[0m
rmq-a	Run selected fresh official gate	2026-10-07T20:40:48.3769372Z ^[[32m2026-10-07 20:40:48.375^[[0m | ^[[34m^[[1mDEBUG   ^[[0m | ^[[36msandbox.bwrap^[[0m:^[[36mrun^[[0m:^[[36m110^[[0m - ^[[34m^[[1m[bwrap] cargo exit=0 in 2.4s^[[0m
rmq-a	Run selected fresh official gate	2026-10-07T20:40:48.3773026Z ^[[32m2026-10-07 20:40:48.376^[[0m | ^[[34m^[[1mDEBUG   ^[[0m | ^[[36mbench.driver^[[0m:^[[36m_build^[[0m:^[[36m295^[[0m - ^[[34m^[[1m[bench] built incumbent in 2.4s exit=0^[[0m
rmq-a	Run selected fresh official gate	2026-10-07T20:40:53.4556103Z ^[[32m2026-10-07 20:40:53.454^[[0m | ^[[34m^[[1mDEBUG   ^[[0m | ^[[36msandbox.bwrap^[[0m:^[[36mrun^[[0m:^[[36m110^[[0m - ^[[34m^[[1m[bwrap] cargo exit=0 in 5.1s^[[0m
rmq-a	Run selected fresh official gate	2026-10-07T20:40:53.4560685Z ^[[32m2026-10-07 20:40:53.455^[[0m | ^[[34m^[[1mDEBUG   ^[[0m | ^[[36mbench.driver^[[0m:^[[36m_build^[[0m:^[[36m295^[[0m - ^[[34m^[[1m[bench] built r10-rmq8 in 5.1s exit=0^[[0m
rmq-a	Run selected fresh official gate	2026-10-07T20:40:54.4133377Z ^[[32m2026-10-07 20:40:54.412^[[0m | ^[[34m^[[1mDEBUG   ^[[0m | ^[[36msandbox.bwrap^[[0m:^[[36mrun^[[0m:^[[36m110^[[0m - ^[[34m^[[1m[bwrap] measure exit=0 in 1.0s^[[0m
rmq-a	Run selected fresh official gate	2026-10-07T20:40:54.4135176Z ^[[32m2026-10-07 20:40:54.413^[[0m | ^[[34m^[[1mDEBUG   ^[[0m | ^[[36mbench.driver^[[0m:^[[36m_measure^[[0m:^[[36m333^[[0m - ^[[34m^[[1m[bench] measured r10-rmq8 in 1.0s exit=0^[[0m
rmq-a	Run selected fresh official gate	2026-10-07T20:40:54.4176640Z SYNTHETIC_MEASUREMENT {"candidate": "r10-rmq8", "round": 1, "time": 0.9636879786128282, "size_pct": 33.56950550785449}
rmq-a	Run selected fresh official gate	2026-10-07T20:40:54.4185096Z SYNTHETIC_RAW 1 r10-rmq8 {"kind": "meta", "schema_version": 4, "started_at_unix": 1791405653.4684305, "corpus": "synthetic-transfer", "corpus_dir": "/home/runner/work/_temp/round4-receipts/synthetic-transfer", "os": "linux", "arch": "x86_64", "rustc_version": "rustc 1.100.0-nightly (8fa1c96cf 2026-08-17)", "cpu_model": "INTEL(R) XEON(R) PLATINUM 8573C", "cpu_governor": "performance", "warmup_rounds": 1, "measured_rounds": 11, "speed_floor": null, "methods": {"incumbent": {"external": false, "crate_dir": "/home/runner/work/_temp/deflate-upstream/data/bench-workspace/20261007T204045Z-31d30148-6ol464h0/incumbent", "source_sha256": "b9e0d844baf5958cf0c1c66bfb9fd1f89663fa30f21a99c3c116b3dd2e771361", "lib_sha256": "141f58ceb5d68fdd9fef84fc9da46540dfd34174de8533d923ef187ae09ec57b"}, "r10-rmq8": {"external": false, "crate_dir": "/home/runner/work/_temp/deflate-upstream/data/bench-workspace/20261007T204045Z-31d30148-6ol464h0/r10-rmq8", "source_sha256": "7235e6c6afbc59339ec63f6a93249493488cfe76bcae9363f8d6db39a97c1857", "lib_sha256": "3d4a615bb3930ab37deecde343ca494e213340623bd29495340f503c1335c592"}}, "benchmark_provenance": {"version": 1, "engine_sha256": "ab202460691492f48d5c632375f5df2a74fc3769a81337e876607e9326a46fac", "template_sha256": "584b01793667c5257da4e76da919fbb3bb73c72fa434866622fe3905884d33f0", "host_sha256": "3725f12bbec145f978f61f4d54bba0122493f2233180f24ec971ac1be8efbd21", "cpus": "0", "process_affinity": [0, 1], "memory_mb": 2048, "sandbox": true, "build_profile": "release", "external_references": false}}
rmq-a	Run selected fresh official gate	2026-10-07T20:40:54.4210511Z SYNTHETIC_RAW 1 r10-rmq8 {"kind": "file", "corpus": "synthetic-transfer", "file": "multilingual.txt", "raw_bytes": 163270, "sha256": "bdd257c8c2afbd9c418ec8954e0ca3f2cedbfa5a622e9b2d5255f35647f1aecc", "methods": {"incumbent": {"external": false, "output_bytes": 9206, "output_sha256": "dd1312ec4702740b4331fb5195ee7cf1f8f1e4ebb52c5bad2ee9ac46eb142e05", "tokens": 4618, "tokens_sha256": "a6e0f107a4d317d16a1a0fe1f14d8a05d25385b4de7fa5b1409ef0de972f3b25", "deterministic": true, "encode_s": 0.000459669, "errors": [], "reps": [{"phase": "warmup", "order_index": 1, "time_s": 0.002777672, "encode_s": 0.000459669, "total_s": 0.0032373410000000004}, {"phase": "measured", "order_index": 3, "time_s": 0.002542638, "encode_s": 0.000399931, "total_s": 0.002942569}, {"phase": "measured", "order_index": 5, "time_s": 0.00255837, "encode_s": 0.000386463, "total_s": 0.002944833}, {"phase": "measured", "order_index": 7, "time_s": 0.00254923, "encode_s": 0.000391391, "total_s": 0.002940621}, {"phase": "measured", "order_index": 9, "time_s": 0.002523437, "encode_s": 0.000396972, "total_s": 0.0029204089999999997}, {"phase": "measured", "order_index": 11, "time_s": 0.002529463, "encode_s": 0.000391572, "total_s": 0.002921035}, {"phase": "measured", "order_index": 13, "time_s": 0.002479132, "encode_s": 0.000389969, "total_s": 0.002869101}, {"phase": "measured", "order_index": 15, "time_s": 0.002538666, "encode_s": 0.00040459, "total_s": 0.002943256}, {"phase": "measured", "order_index": 17, "time_s": 0.002490968, "encode_s": 0.000395215, "total_s": 0.002886183}, {"phase": "measured", "order_index": 19, "time_s": 0.002522174, "encode_s": 0.000394287, "total_s": 0.002916461}, {"phase": "measured", "order_index": 21, "time_s": 0.002543721, "encode_s": 0.000394583, "total_s": 0.002938304}, {"phase": "measured", "order_index": 23, "time_s": 0.002541915, "encode_s": 0.000390924, "total_s": 0.002932839}]}, "r10-rmq8": {"external": false, "output_bytes": 7354, "output_sha256": "8446e352761e31d56d827e0a1dfa84bf4bcd8b0bd6e245feb1956f074f5a9d9a", "tokens": 6693, "tokens_sha256": "cdfc886d550cc2480ead138713085c05e1a3d78a051e37a231e4cd6dc873903b", "deterministic": true, "encode_s": 0.000362945, "errors": [], "reps": [{"phase": "warmup", "order_index": 2, "time_s": 0.007171271, "encode_s": 0.000362945, "total_s": 0.007534216}, {"phase": "measured", "order_index": 4, "time_s": 0.006370993, "encode_s": 0.000339143, "total_s": 0.006710136}, {"phase": "measured", "order_index": 6, "time_s": 0.006322797, "encode_s": 0.000340671, "total_s": 0.006663468}, {"phase": "measured", "order_index": 8, "time_s": 0.006335781, "encode_s": 0.000364285, "total_s": 0.006700066}, {"phase": "measured", "order_index": 10, "time_s": 0.006283963, "encode_s": 0.000336904, "total_s": 0.006620867}, {"phase": "measured", "order_index": 12, "time_s": 0.006322132, "encode_s": 0.000342659, "total_s": 0.006664791000000001}, {"phase": "measured", "order_index": 14, "time_s": 0.006264974, "encode_s": 0.000355563, "total_s": 0.006620537}, {"phase": "measured", "order_index": 16, "time_s": 0.006268756, "encode_s": 0.000340885, "total_s": 0.006609641}, {"phase": "measured", "order_index": 18, "time_s": 0.006255235, "encode_s": 0.000358209, "total_s": 0.006613444}, {"phase": "measured", "order_index": 20, "time_s": 0.006271307, "encode_s": 0.000342341, "total_s": 0.006613648000000001}, {"phase": "measured", "order_index": 22, "time_s": 0.006280814, "encode_s": 0.000343745, "total_s": 0.006624559}, {"phase": "measured", "order_index": 24, "time_s": 0.006315876, "encode_s": 0.000360267, "total_s": 0.006676143}]}}}
rmq-a	Run selected fresh official gate	2026-10-07T20:40:54.4241052Z SYNTHETIC_RAW 1 r10-rmq8 {"kind": "file", "corpus": "synthetic-transfer", "file": "random.bin", "raw_bytes": 131101, "sha256": "22c862f2c2c5fd5a072e9f74b5a056aacb9025228d040addb56dcd9bec4c09d3", "methods": {"incumbent": {"external": false, "output_bytes": 131445, "output_sha256": "deebb4fe887edb814c65fc8f8d20b733d4a395d0e32399c3c25af9b591d8dc2d", "tokens": 130620, "tokens_sha256": "5330a4dbafd88f2b8356a1db487249115b5a636a9e2bab5cf05094461ba5cbc3", "deterministic": true, "encode_s": 0.005925494, "errors": [], "reps": [{"phase": "warmup", "order_index": 25, "time_s": 0.002427687, "encode_s": 0.005925494, "total_s": 0.008353181}, {"phase": "measured", "order_index": 27, "time_s": 0.00241862, "encode_s": 0.005427541, "total_s": 0.007846161}, {"phase": "measured", "order_index": 29, "time_s": 0.002424697, "encode_s": 0.005405541, "total_s": 0.007830238}, {"phase": "measured", "order_index": 31, "time_s": 0.002433579, "encode_s": 0.005389906, "total_s": 0.007823485}, {"phase": "measured", "order_index": 33, "time_s": 0.002419384, "encode_s": 0.005355308, "total_s": 0.007774692}, {"phase": "measured", "order_index": 35, "time_s": 0.002450501, "encode_s": 0.005363062, "total_s": 0.007813562999999999}, {"phase": "measured", "order_index": 37, "time_s": 0.002394582, "encode_s": 0.005450789, "total_s": 0.007845371}, {"phase": "measured", "order_index": 39, "time_s": 0.002414799, "encode_s": 0.005388024, "total_s": 0.007802823}, {"phase": "measured", "order_index": 41, "time_s": 0.002436137, "encode_s": 0.005386856, "total_s": 0.007822993}, {"phase": "measured", "order_index": 43, "time_s": 0.002434265, "encode_s": 0.005394048, "total_s": 0.007828313}, {"phase": "measured", "order_index": 45, "time_s": 0.002441567, "encode_s": 0.00547089, "total_s": 0.007912457}, {"phase": "measured", "order_index": 47, "time_s": 0.002471865, "encode_s": 0.005448897, "total_s": 0.007920762000000001}]}, "r10-rmq8": {"external": false, "output_bytes": 131144, "output_sha256": "52b5974219d121f00e342319360c4c8bcac7ff2eda0365aa245dfe321fd4613b", "tokens": 131101, "tokens_sha256": "861ef26a6d151afca1053cb702d3d74a8e4ef1beae1928ecd65b6e1995a7cb99", "deterministic": true, "encode_s": 0.005186122, "errors": [], "reps": [{"phase": "warmup", "order_index": 26, "time_s": 0.001204981, "encode_s": 0.005186122, "total_s": 0.0063911029999999995}, {"phase": "measured", "order_index": 28, "time_s": 0.001177697, "encode_s": 0.005024127, "total_s": 0.006201824}, {"phase": "measured", "order_index": 30, "time_s": 0.001176982, "encode_s": 0.005056815, "total_s": 0.006233797}, {"phase": "measured", "order_index": 32, "time_s": 0.001141299, "encode_s": 0.005011572, "total_s": 0.006152871}, {"phase": "measured", "order_index": 34, "time_s": 0.001172504, "encode_s": 0.00500648, "total_s": 0.006178984}, {"phase": "measured", "order_index": 36, "time_s": 0.001164735, "encode_s": 0.005006984, "total_s": 0.006171719}, {"phase": "measured", "order_index": 38, "time_s": 0.001095231, "encode_s": 0.005052518, "total_s": 0.006147748999999999}, {"phase": "measured", "order_index": 40, "time_s": 0.001182528, "encode_s": 0.005088184, "total_s": 0.0062707119999999995}, {"phase": "measured", "order_index": 42, "time_s": 0.001210132, "encode_s": 0.005052846, "total_s": 0.006262978}, {"phase": "measured", "order_index": 44, "time_s": 0.001122569, "encode_s": 0.005026716, "total_s": 0.006149284999999999}, {"phase": "measured", "order_index": 46, "time_s": 0.001159426, "encode_s": 0.005055205, "total_s": 0.006214631}, {"phase": "measured", "order_index": 48, "time_s": 0.001090787, "encode_s": 0.005080894, "total_s": 0.006171681}]}}}
rmq-a	Run selected fresh official gate	2026-10-07T20:40:54.4285025Z SYNTHETIC_RAW 1 r10-rmq8 {"kind": "file", "corpus": "synthetic-transfer", "file": "short-log.txt", "raw_bytes": 32505, "sha256": "23ef9a1b24b2cfcd1c73f1ff1a71ab017cbcf921409f96f8839c74819d3c0b82", "methods": {"incumbent": {"external": false, "output_bytes": 4871, "output_sha256": "b801c58b86a433392a15971de32130be788d25cd6f3a91a1abda0f0a909dac25", "tokens": 3017, "tokens_sha256": "fcd4ea723eb6d0e399dc5c1cf6825e8d767f6fc45a05600bb177054b19e7eaec", "deterministic": true, "encode_s": 0.000305467, "errors": [], "reps": [{"phase": "warmup", "order_index": 49, "time_s": 0.001163209, "encode_s": 0.000305467, "total_s": 0.001468676}, {"phase": "measured", "order_index": 51, "time_s": 0.001146203, "encode_s": 0.000290083, "total_s": 0.001436286}, {"phase": "measured", "order_index": 53, "time_s": 0.001140569, "encode_s": 0.000287566, "total_s": 0.0014281349999999999}, {"phase": "measured", "order_index": 55, "time_s": 0.00116579, "encode_s": 0.000285493, "total_s": 0.001451283}, {"phase": "measured", "order_index": 57, "time_s": 0.001130084, "encode_s": 0.000293405, "total_s": 0.001423489}, {"phase": "measured", "order_index": 59, "time_s": 0.001149303, "encode_s": 0.000285235, "total_s": 0.001434538}, {"phase": "measured", "order_index": 61, "time_s": 0.001143016, "encode_s": 0.000287288, "total_s": 0.0014303039999999999}, {"phase": "measured", "order_index": 63, "time_s": 0.001140471, "encode_s": 0.000282291, "total_s": 0.0014227620000000002}, {"phase": "measured", "order_index": 65, "time_s": 0.001136188, "encode_s": 0.00028781, "total_s": 0.001423998}, {"phase": "measured", "order_index": 67, "time_s": 0.001129498, "encode_s": 0.000293886, "total_s": 0.001423384}, {"phase": "measured", "order_index": 69, "time_s": 0.001140117, "encode_s": 0.0002855, "total_s": 0.001425617}, {"phase": "measured", "order_index": 71, "time_s": 0.00114079, "encode_s": 0.00028434, "total_s": 0.0014251300000000001}]}, "r10-rmq8": {"external": false, "output_bytes": 4831, "output_sha256": "48750da245a1f2618b8b50b9094f8fcebd04139c65980d9570606a52faa1df7b", "tokens": 3334, "tokens_sha256": "3c42c3585718f93e7e25668ccfb50bb95cb3087d06bb570c836283c1fa2fc1f5", "deterministic": true, "encode_s": 0.000295738, "errors": [], "reps": [{"phase": "warmup", "order_index": 50, "time_s": 0.000462556, "encode_s": 0.000295738, "total_s": 0.000758294}, {"phase": "measured", "order_index": 52, "time_s": 0.000447046, "encode_s": 0.000287521, "total_s": 0.000734567}, {"phase": "measured", "order_index": 54, "time_s": 0.000443399, "encode_s": 0.000289676, "total_s": 0.0007330749999999999}, {"phase": "measured", "order_index": 56, "time_s": 0.000433294, "encode_s": 0.000287133, "total_s": 0.000720427}, {"phase": "measured", "order_index": 58, "time_s": 0.000431193, "encode_s": 0.000285757, "total_s": 0.00071695}, {"phase": "measured", "order_index": 60, "time_s": 0.000438266, "encode_s": 0.000292117, "total_s": 0.000730383}, {"phase": "measured", "order_index": 62, "time_s": 0.000445167, "encode_s": 0.000306268, "total_s": 0.000751435}, {"phase": "measured", "order_index": 64, "time_s": 0.000449365, "encode_s": 0.000283102, "total_s": 0.000732467}, {"phase": "measured", "order_index": 66, "time_s": 0.000442478, "encode_s": 0.000289744, "total_s": 0.000732222}, {"phase": "measured", "order_index": 68, "time_s": 0.000432363, "encode_s": 0.000288421, "total_s": 0.000720784}, {"phase": "measured", "order_index": 70, "time_s": 0.000432668, "encode_s": 0.000293334, "total_s": 0.000726002}, {"phase": "measured", "order_index": 72, "time_s": 0.000432626, "encode_s": 0.000289456, "total_s": 0.000722082}]}}}
rmq-a	Run selected fresh official gate	2026-10-07T20:40:54.4309513Z SYNTHETIC_RAW 1 r10-rmq8 {"kind": "file", "corpus": "synthetic-transfer", "file": "source-like.txt", "raw_bytes": 220484, "sha256": "326efe91d7d1e5a11bee87388ef45c7551b1b541f17a1749d7cd5cd53c25ab66", "methods": {"incumbent": {"external": false, "output_bytes": 16650, "output_sha256": "a459035fe1f2d45221381fefc1bad509a69c3effb5a67ee57a00384072a446f5", "tokens": 7890, "tokens_sha256": "cf67564e32e855eac2759e9b433da56b133fd538e426d3f122c000aa5d009805", "deterministic": true, "encode_s": 0.000370026, "errors": [], "reps": [{"phase": "warmup", "order_index": 73, "time_s": 0.004656568, "encode_s": 0.000370026, "total_s": 0.005026594}, {"phase": "measured", "order_index": 75, "time_s": 0.004634832, "encode_s": 0.000366002, "total_s": 0.005000834}, {"phase": "measured", "order_index": 77, "time_s": 0.004660418, "encode_s": 0.000367533, "total_s": 0.005027951}, {"phase": "measured", "order_index": 79, "time_s": 0.004618067, "encode_s": 0.000357754, "total_s": 0.004975821}, {"phase": "measured", "order_index": 81, "time_s": 0.004603582, "encode_s": 0.000361337, "total_s": 0.004964919}, {"phase": "measured", "order_index": 83, "time_s": 0.004630151, "encode_s": 0.000359156, "total_s": 0.004989307}, {"phase": "measured", "order_index": 85, "time_s": 0.004599337, "encode_s": 0.000359857, "total_s": 0.004959194}, {"phase": "measured", "order_index": 87, "time_s": 0.004621298, "encode_s": 0.000362949, "total_s": 0.004984247000000001}, {"phase": "measured", "order_index": 89, "time_s": 0.004604153, "encode_s": 0.00036765, "total_s": 0.0049718029999999995}, {"phase": "measured", "order_index": 91, "time_s": 0.004640581, "encode_s": 0.000360065, "total_s": 0.005000646}, {"phase": "measured", "order_index": 93, "time_s": 0.004613958, "encode_s": 0.000361058, "total_s": 0.004975016}, {"phase": "measured", "order_index": 95, "time_s": 0.004606901, "encode_s": 0.000366781, "total_s": 0.004973682}]}, "r10-rmq8": {"external": false, "output_bytes": 18093, "output_sha256": "38b003ff6fbe88e86ad3d284406ce2022182fcb3a12022e55a3e9a7ff1c99ebd", "tokens": 9194, "tokens_sha256": "226809ab803247b8643baff94f7871853d99771786d05bf020661682180c3144", "deterministic": true, "encode_s": 0.00039639, "errors": [], "reps": [{"phase": "warmup", "order_index": 74, "time_s": 0.001874659, "encode_s": 0.00039639, "total_s": 0.0022710490000000002}, {"phase": "measured", "order_index": 76, "time_s": 0.001881876, "encode_s": 0.000395247, "total_s": 0.002277123}, {"phase": "measured", "order_index": 78, "time_s": 0.001884644, "encode_s": 0.00038629, "total_s": 0.002270934}, {"phase": "measured", "order_index": 80, "time_s": 0.001875574, "encode_s": 0.000381799, "total_s": 0.002257373}, {"phase": "measured", "order_index": 82, "time_s": 0.001862838, "encode_s": 0.000392747, "total_s": 0.002255585}, {"phase": "measured", "order_index": 84, "time_s": 0.001863296, "encode_s": 0.000380428, "total_s": 0.002243724}, {"phase": "measured", "order_index": 86, "time_s": 0.001874801, "encode_s": 0.000379438, "total_s": 0.002254239}, {"phase": "measured", "order_index": 88, "time_s": 0.00187432, "encode_s": 0.000383973, "total_s": 0.002258293}, {"phase": "measured", "order_index": 90, "time_s": 0.00186532, "encode_s": 0.000382352, "total_s": 0.002247672}, {"phase": "measured", "order_index": 92, "time_s": 0.001860127, "encode_s": 0.000385562, "total_s": 0.002245689}, {"phase": "measured", "order_index": 94, "time_s": 0.001891505, "encode_s": 0.000393241, "total_s": 0.002284746}, {"phase": "measured", "order_index": 96, "time_s": 0.001887083, "encode_s": 0.000384646, "total_s": 0.002271729}]}}}
rmq-a	Run selected fresh official gate	2026-10-07T20:40:54.4327053Z SYNTHETIC_RAW 1 r10-rmq8 {"kind": "file", "corpus": "synthetic-transfer", "file": "sparse.bin", "raw_bytes": 53803, "sha256": "c51b774d8aadb5b636c1463ff5a9df4fe6c326330101df1daf2e4745b07678d3", "methods": {"incumbent": {"external": false, "output_bytes": 1798, "output_sha256": "64a1ff1bc414863ad88544207256d2d9a5ba187a3a5dc2ad6425dd07405c2e2c", "tokens": 1263, "tokens_sha256": "fae120ea72c3aae525d182eab79475dc599c31ea79ce1f32050a110b01939d24", "deterministic": true, "encode_s": 0.000508603, "errors": [], "reps": [{"phase": "warmup", "order_index": 97, "time_s": 0.001237355, "encode_s": 0.000508603, "total_s": 0.0017459580000000001}, {"phase": "measured", "order_index": 99, "time_s": 0.001214224, "encode_s": 0.000497323, "total_s": 0.0017115470000000001}, {"phase": "measured", "order_index": 101, "time_s": 0.001210527, "encode_s": 0.000477534, "total_s": 0.001688061}, {"phase": "measured", "order_index": 103, "time_s": 0.001208361, "encode_s": 0.000482966, "total_s": 0.001691327}, {"phase": "measured", "order_index": 105, "time_s": 0.001212802, "encode_s": 0.000482172, "total_s": 0.0016949740000000001}, {"phase": "measured", "order_index": 107, "time_s": 0.001201059, "encode_s": 0.000475967, "total_s": 0.0016770259999999999}, {"phase": "measured", "order_index": 109, "time_s": 0.001213112, "encode_s": 0.000477153, "total_s": 0.0016902649999999998}, {"phase": "measured", "order_index": 111, "time_s": 0.001207129, "encode_s": 0.000476745, "total_s": 0.001683874}, {"phase": "measured", "order_index": 113, "time_s": 0.001208461, "encode_s": 0.000480053, "total_s": 0.0016885140000000001}, {"phase": "measured", "order_index": 115, "time_s": 0.001207436, "encode_s": 0.000474699, "total_s": 0.001682135}, {"phase": "measured", "order_index": 117, "time_s": 0.00121842, "encode_s": 0.000469946, "total_s": 0.001688366}, {"phase": "measured", "order_index": 119, "time_s": 0.001333162, "encode_s": 0.000489342, "total_s": 0.001822504}]}, "r10-rmq8": {"external": false, "output_bytes": 1402, "output_sha256": "5f6877d70a973d7df0155d800ecf1afae66e208fbb206d2b36f4de0e16d0ff27", "tokens": 1337, "tokens_sha256": "55997107e53f53722b29f5e7c0ded399b994cccea673fd0f1f22abdcb1ff8048", "deterministic": true, "encode_s": 0.000470187, "errors": [], "reps": [{"phase": "warmup", "order_index": 98, "time_s": 0.000312076, "encode_s": 0.000470187, "total_s": 0.0007822630000000001}, {"phase": "measured", "order_index": 100, "time_s": 0.000309821, "encode_s": 0.000470128, "total_s": 0.000779949}, {"phase": "measured", "order_index": 102, "time_s": 0.000346575, "encode_s": 0.000463497, "total_s": 0.000810072}, {"phase": "measured", "order_index": 104, "time_s": 0.000300701, "encode_s": 0.00045275, "total_s": 0.000753451}, {"phase": "measured", "order_index": 106, "time_s": 0.00032655, "encode_s": 0.000453419, "total_s": 0.0007799689999999999}, {"phase": "measured", "order_index": 108, "time_s": 0.000296821, "encode_s": 0.000454959, "total_s": 0.0007517800000000001}, {"phase": "measured", "order_index": 110, "time_s": 0.000296855, "encode_s": 0.000451444, "total_s": 0.000748299}, {"phase": "measured", "order_index": 112, "time_s": 0.00029747, "encode_s": 0.000452566, "total_s": 0.0007500359999999999}, {"phase": "measured", "order_index": 114, "time_s": 0.000311427, "encode_s": 0.000448614, "total_s": 0.000760041}, {"phase": "measured", "order_index": 116, "time_s": 0.00031223, "encode_s": 0.000449062, "total_s": 0.000761292}, {"phase": "measured", "order_index": 118, "time_s": 0.000298642, "encode_s": 0.00045354, "total_s": 0.000752182}, {"phase": "measured", "order_index": 120, "time_s": 0.000291709, "encode_s": 0.000463554, "total_s": 0.0007552629999999999}]}}}
rmq-a	Run selected fresh official gate	2026-10-07T20:40:54.4359481Z SYNTHETIC_RAW 1 r10-rmq8 {"kind": "file", "corpus": "synthetic-transfer", "file": "table.csv", "raw_bytes": 193765, "sha256": "e773c09c5e5d585dc64330f220ca47963de24c1be3297a8161e89fca34b98a85", "methods": {"incumbent": {"external": false, "output_bytes": 65436, "output_sha256": "dcb53081688a36dad21b849906f65e985a744ef8864e9324768f44dbb485a3fc", "tokens": 39085, "tokens_sha256": "93d50fc8a84ae35d4a248c3fc06f3632d2da32348cd6896ad6f9f43ea9515f65", "deterministic": true, "encode_s": 0.002135894, "errors": [], "reps": [{"phase": "warmup", "order_index": 121, "time_s": 0.013559101, "encode_s": 0.002135894, "total_s": 0.015694995}, {"phase": "measured", "order_index": 123, "time_s": 0.013632102, "encode_s": 0.001858087, "total_s": 0.015490189}, {"phase": "measured", "order_index": 125, "time_s": 0.013577851, "encode_s": 0.001862421, "total_s": 0.015440272}, {"phase": "measured", "order_index": 127, "time_s": 0.01382992, "encode_s": 0.001896217, "total_s": 0.015726137}, {"phase": "measured", "order_index": 129, "time_s": 0.013659121, "encode_s": 0.001877389, "total_s": 0.01553651}, {"phase": "measured", "order_index": 131, "time_s": 0.013671696, "encode_s": 0.001872409, "total_s": 0.015544105}, {"phase": "measured", "order_index": 133, "time_s": 0.013637412, "encode_s": 0.001871888, "total_s": 0.0155093}, {"phase": "measured", "order_index": 135, "time_s": 0.013639855, "encode_s": 0.001867367, "total_s": 0.015507222}, {"phase": "measured", "order_index": 137, "time_s": 0.013681143, "encode_s": 0.001863587, "total_s": 0.01554473}, {"phase": "measured", "order_index": 139, "time_s": 0.013601856, "encode_s": 0.001875363, "total_s": 0.015477219}, {"phase": "measured", "order_index": 141, "time_s": 0.013619782, "encode_s": 0.001895846, "total_s": 0.015515628}, {"phase": "measured", "order_index": 143, "time_s": 0.013605436, "encode_s": 0.001896875, "total_s": 0.015502311}]}, "r10-rmq8": {"external": false, "output_bytes": 57850, "output_sha256": "5970fdf032fa2826ec474d5dd7700c4a9e6ec344c1c5e4db897dc241b6f4d951", "tokens": 65949, "tokens_sha256": "f6ddafd22bb506fa18b7468bdadb3ea9b57c9536dc8965c161c0e5f3df2c6ff8", "deterministic": true, "encode_s": 0.001852534, "errors": [], "reps": [{"phase": "warmup", "order_index": 122, "time_s": 0.01508318, "encode_s": 0.001852534, "total_s": 0.016935714}, {"phase": "measured", "order_index": 124, "time_s": 0.01465549, "encode_s": 0.001751419, "total_s": 0.016406909}, {"phase": "measured", "order_index": 126, "time_s": 0.013944364, "encode_s": 0.001794109, "total_s": 0.015738473}, {"phase": "measured", "order_index": 128, "time_s": 0.013556785, "encode_s": 0.001763599, "total_s": 0.015320384}, {"phase": "measured", "order_index": 130, "time_s": 0.013652222, "encode_s": 0.001753627, "total_s": 0.015405849000000001}, {"phase": "measured", "order_index": 132, "time_s": 0.013584567, "encode_s": 0.00175275, "total_s": 0.015337317}, {"phase": "measured", "order_index": 134, "time_s": 0.013572573, "encode_s": 0.001749789, "total_s": 0.015322361999999999}, {"phase": "measured", "order_index": 136, "time_s": 0.013602317, "encode_s": 0.001756095, "total_s": 0.015358411999999998}, {"phase": "measured", "order_index": 138, "time_s": 0.013516344, "encode_s": 0.001748439, "total_s": 0.015264783}, {"phase": "measured", "order_index": 140, "time_s": 0.013480525, "encode_s": 0.001765252, "total_s": 0.015245777}, {"phase": "measured", "order_index": 142, "time_s": 0.013621665, "encode_s": 0.001751357, "total_s": 0.015373022}, {"phase": "measured", "order_index": 144, "time_s": 0.01352973, "encode_s": 0.001760293, "total_s": 0.015290023}]}}}
rmq-a	Run selected fresh official gate	2026-10-07T20:40:54.4388320Z SYNTHETIC_RAW 1 r10-rmq8 {"kind": "file", "corpus": "synthetic-transfer", "file": "tiny-structured.txt", "raw_bytes": 15588, "sha256": "2b4701704019445efcca8272c668d8015913d54616281baf813d477623dfcdd3", "methods": {"incumbent": {"external": false, "output_bytes": 1492, "output_sha256": "f35f34fe896e5ec7c7a15e89fe5bd6eb74d866642044e5d5df10ea85bcdc674f", "tokens": 1083, "tokens_sha256": "0fa05be94e7e54cd3cede626db4ec06f61e270d22e2f35d810b14ec5a00d6dde", "deterministic": true, "encode_s": 0.000194267, "errors": [], "reps": [{"phase": "warmup", "order_index": 145, "time_s": 0.000309551, "encode_s": 0.000194267, "total_s": 0.000503818}, {"phase": "measured", "order_index": 147, "time_s": 0.000272013, "encode_s": 0.000189575, "total_s": 0.00046158799999999997}, {"phase": "measured", "order_index": 149, "time_s": 0.000276581, "encode_s": 0.000188321, "total_s": 0.000464902}, {"phase": "measured", "order_index": 151, "time_s": 0.000280908, "encode_s": 0.000199521, "total_s": 0.000480429}, {"phase": "measured", "order_index": 153, "time_s": 0.000286946, "encode_s": 0.000192074, "total_s": 0.00047902000000000003}, {"phase": "measured", "order_index": 155, "time_s": 0.00028635, "encode_s": 0.000196369, "total_s": 0.000482719}, {"phase": "measured", "order_index": 157, "time_s": 0.000280508, "encode_s": 0.000189418, "total_s": 0.000469926}, {"phase": "measured", "order_index": 159, "time_s": 0.000272667, "encode_s": 0.000190989, "total_s": 0.000463656}, {"phase": "measured", "order_index": 161, "time_s": 0.000269289, "encode_s": 0.000184131, "total_s": 0.00045341999999999995}, {"phase": "measured", "order_index": 163, "time_s": 0.000274516, "encode_s": 0.000220892, "total_s": 0.000495408}, {"phase": "measured", "order_index": 165, "time_s": 0.000281297, "encode_s": 0.000187748, "total_s": 0.000469045}, {"phase": "measured", "order_index": 167, "time_s": 0.000290056, "encode_s": 0.000186529, "total_s": 0.000476585}]}, "r10-rmq8": {"external": false, "output_bytes": 1318, "output_sha256": "f23d7bb1ee17a9f8aac0aeae5cbde95ded30cb302220c9f17fc3320ce87e296e", "tokens": 1226, "tokens_sha256": "7bdca15b6f33c653076cfd1ae40f2221169e10ec6cd0c1c85c9ef49978f2fb43", "deterministic": true, "encode_s": 0.000174054, "errors": [], "reps": [{"phase": "warmup", "order_index": 146, "time_s": 0.000531683, "encode_s": 0.000174054, "total_s": 0.000705737}, {"phase": "measured", "order_index": 148, "time_s": 0.000496763, "encode_s": 0.000171319, "total_s": 0.000668082}, {"phase": "measured", "order_index": 150, "time_s": 0.000532911, "encode_s": 0.000177721, "total_s": 0.0007106319999999999}, {"phase": "measured", "order_index": 152, "time_s": 0.000494521, "encode_s": 0.00016668, "total_s": 0.000661201}, {"phase": "measured", "order_index": 154, "time_s": 0.000495702, "encode_s": 0.000175283, "total_s": 0.000670985}, {"phase": "measured", "order_index": 156, "time_s": 0.00050331, "encode_s": 0.00018372, "total_s": 0.0006870299999999999}, {"phase": "measured", "order_index": 158, "time_s": 0.00048926, "encode_s": 0.000173603, "total_s": 0.0006628630000000001}, {"phase": "measured", "order_index": 160, "time_s": 0.000492588, "encode_s": 0.000167567, "total_s": 0.0006601549999999999}, {"phase": "measured", "order_index": 162, "time_s": 0.000521028, "encode_s": 0.000186846, "total_s": 0.000707874}, {"phase": "measured", "order_index": 164, "time_s": 0.000522817, "encode_s": 0.000174911, "total_s": 0.000697728}, {"phase": "measured", "order_index": 166, "time_s": 0.000491722, "encode_s": 0.000167011, "total_s": 0.000658733}, {"phase": "measured", "order_index": 168, "time_s": 0.000503627, "encode_s": 0.000173842, "total_s": 0.000677469}]}}}
rmq-a	Run selected fresh official gate	2026-10-07T20:40:54.4412799Z SYNTHETIC_RAW 1 r10-rmq8 {"kind": "file", "corpus": "synthetic-transfer", "file": "window-boundary.bin", "raw_bytes": 73735, "sha256": "3d5e223fd8ced74430c5b87ebbbe4ff9c9782c6902f9b137538dddc79f087dcc", "methods": {"incumbent": {"external": false, "output_bytes": 73933, "output_sha256": "5e456557d23dbd5249a36f224b7449a9d53075a00273d27d8ee8f397eeafb978", "tokens": 73559, "tokens_sha256": "35dd083034d7d329eefea50f23c8b2117879da70eb37280242ffd804c83eaf3b", "deterministic": true, "encode_s": 0.002961587, "errors": [], "reps": [{"phase": "warmup", "order_index": 169, "time_s": 0.001173513, "encode_s": 0.002961587, "total_s": 0.0041351}, {"phase": "measured", "order_index": 171, "time_s": 0.001147402, "encode_s": 0.002930547, "total_s": 0.004077949}, {"phase": "measured", "order_index": 173, "time_s": 0.001132515, "encode_s": 0.002900421, "total_s": 0.004032936}, {"phase": "measured", "order_index": 175, "time_s": 0.001118545, "encode_s": 0.00293823, "total_s": 0.004056775}, {"phase": "measured", "order_index": 177, "time_s": 0.00114438, "encode_s": 0.002889851, "total_s": 0.004034231}, {"phase": "measured", "order_index": 179, "time_s": 0.001140327, "encode_s": 0.002918883, "total_s": 0.004059210000000001}, {"phase": "measured", "order_index": 181, "time_s": 0.001139097, "encode_s": 0.002937306, "total_s": 0.004076403}, {"phase": "measured", "order_index": 183, "time_s": 0.001142278, "encode_s": 0.002916977, "total_s": 0.0040592549999999995}, {"phase": "measured", "order_index": 185, "time_s": 0.001127645, "encode_s": 0.002925817, "total_s": 0.004053462}, {"phase": "measured", "order_index": 187, "time_s": 0.001142374, "encode_s": 0.002936961, "total_s": 0.004079335}, {"phase": "measured", "order_index": 189, "time_s": 0.001135622, "encode_s": 0.00288777, "total_s": 0.004023392}, {"phase": "measured", "order_index": 191, "time_s": 0.001133814, "encode_s": 0.00293539, "total_s": 0.004069204}]}, "r10-rmq8": {"external": false, "output_bytes": 73760, "output_sha256": "7fc0f619879f4fb08483c528b61a18725bafcbfbce8f257146ac4741ba95851b", "tokens": 73735, "tokens_sha256": "8a3f0d4d337189d036871ced04356a9ba83426a905ea1c72d81f57b9d8549140", "deterministic": true, "encode_s": 0.002767274, "errors": [], "reps": [{"phase": "warmup", "order_index": 170, "time_s": 0.000611528, "encode_s": 0.002767274, "total_s": 0.003378802}, {"phase": "measured", "order_index": 172, "time_s": 0.000585594, "encode_s": 0.002735835, "total_s": 0.003321429}, {"phase": "measured", "order_index": 174, "time_s": 0.00061921, "encode_s": 0.002755554, "total_s": 0.0033747639999999997}, {"phase": "measured", "order_index": 176, "time_s": 0.000627024, "encode_s": 0.0027842, "total_s": 0.003411224}, {"phase": "measured", "order_index": 178, "time_s": 0.000606255, "encode_s": 0.00272348, "total_s": 0.003329735}, {"phase": "measured", "order_index": 180, "time_s": 0.000619751, "encode_s": 0.002755352, "total_s": 0.003375103}, {"phase": "measured", "order_index": 182, "time_s": 0.000632254, "encode_s": 0.002743954, "total_s": 0.003376208}, {"phase": "measured", "order_index": 184, "time_s": 0.000618648, "encode_s": 0.002846053, "total_s": 0.0034647009999999997}, {"phase": "measured", "order_index": 186, "time_s": 0.000619478, "encode_s": 0.002726998, "total_s": 0.003346476}, {"phase": "measured", "order_index": 188, "time_s": 0.000609223, "encode_s": 0.002710158, "total_s": 0.0033193809999999997}, {"phase": "measured", "order_index": 190, "time_s": 0.000627957, "encode_s": 0.002742525, "total_s": 0.003370482}, {"phase": "measured", "order_index": 192, "time_s": 0.000621611, "encode_s": 0.00275488, "total_s": 0.0033764909999999997}]}}}
rmq-a	Run selected fresh official gate	2026-10-07T20:40:54.4686253Z ^[[32m2026-10-07 20:40:54.468^[[0m | ^[[34m^[[1mDEBUG   ^[[0m | ^[[36msandbox.bwrap^[[0m:^[[36mrun^[[0m:^[[36m110^[[0m - ^[[34m^[[1m[bwrap] rustc exit=0 in 0.0s^[[0m
rmq-a	Run selected fresh official gate	2026-10-07T20:40:56.8321641Z ^[[32m2026-10-07 20:40:56.831^[[0m | ^[[34m^[[1mDEBUG   ^[[0m | ^[[36msandbox.bwrap^[[0m:^[[36mrun^[[0m:^[[36m110^[[0m - ^[[34m^[[1m[bwrap] cargo exit=0 in 2.4s^[[0m
rmq-a	Run selected fresh official gate	2026-10-07T20:40:56.8333639Z ^[[32m2026-10-07 20:40:56.831^[[0m | ^[[34m^[[1mDEBUG   ^[[0m | ^[[36mbench.driver^[[0m:^[[36m_build^[[0m:^[[36m295^[[0m - ^[[34m^[[1m[bench] built incumbent in 2.4s exit=0^[[0m
rmq-a	Run selected fresh official gate	2026-10-07T20:41:01.9703613Z ^[[32m2026-10-07 20:41:01.968^[[0m | ^[[34m^[[1mDEBUG   ^[[0m | ^[[36msandbox.bwrap^[[0m:^[[36mrun^[[0m:^[[36m110^[[0m - ^[[34m^[[1m[bwrap] cargo exit=0 in 5.1s^[[0m
rmq-a	Run selected fresh official gate	2026-10-07T20:41:01.9704734Z ^[[32m2026-10-07 20:41:01.968^[[0m | ^[[34m^[[1mDEBUG   ^[[0m | ^[[36mbench.driver^[[0m:^[[36m_build^[[0m:^[[36m295^[[0m - ^[[34m^[[1m[bench] built r10-rmq8 in 5.1s exit=0^[[0m
rmq-a	Run selected fresh official gate	2026-10-07T20:41:02.9363430Z ^[[32m2026-10-07 20:41:02.935^[[0m | ^[[34m^[[1mDEBUG   ^[[0m | ^[[36msandbox.bwrap^[[0m:^[[36mrun^[[0m:^[[36m110^[[0m - ^[[34m^[[1m[bwrap] measure exit=0 in 1.0s^[[0m
rmq-a	Run selected fresh official gate	2026-10-07T20:41:02.9365244Z ^[[32m2026-10-07 20:41:02.935^[[0m | ^[[34m^[[1mDEBUG   ^[[0m | ^[[36mbench.driver^[[0m:^[[36m_measure^[[0m:^[[36m333^[[0m - ^[[34m^[[1m[bench] measured r10-rmq8 in 1.0s exit=0^[[0m
rmq-a	Run selected fresh official gate	2026-10-07T20:41:02.9409147Z SYNTHETIC_MEASUREMENT {"candidate": "r10-rmq8", "round": 2, "time": 0.9654455630353953, "size_pct": 33.56950550785449}
rmq-a	Run selected fresh official gate	2026-10-07T20:41:02.9429811Z SYNTHETIC_RAW 2 r10-rmq8 {"kind": "meta", "schema_version": 4, "started_at_unix": 1791405661.9846833, "corpus": "synthetic-transfer", "corpus_dir": "/home/runner/work/_temp/round4-receipts/synthetic-transfer", "os": "linux", "arch": "x86_64", "rustc_version": "rustc 1.100.0-nightly (8fa1c96cf 2026-08-17)", "cpu_model": "INTEL(R) XEON(R) PLATINUM 8573C", "cpu_governor": "performance", "warmup_rounds": 1, "measured_rounds": 11, "speed_floor": null, "methods": {"incumbent": {"external": false, "crate_dir": "/home/runner/work/_temp/deflate-upstream/data/bench-workspace/20261007T204054Z-31d30148-pc6keo72/incumbent", "source_sha256": "b9e0d844baf5958cf0c1c66bfb9fd1f89663fa30f21a99c3c116b3dd2e771361", "lib_sha256": "141f58ceb5d68fdd9fef84fc9da46540dfd34174de8533d923ef187ae09ec57b"}, "r10-rmq8": {"external": false, "crate_dir": "/home/runner/work/_temp/deflate-upstream/data/bench-workspace/20261007T204054Z-31d30148-pc6keo72/r10-rmq8", "source_sha256": "7235e6c6afbc59339ec63f6a93249493488cfe76bcae9363f8d6db39a97c1857", "lib_sha256": "3d4a615bb3930ab37deecde343ca494e213340623bd29495340f503c1335c592"}}, "benchmark_provenance": {"version": 1, "engine_sha256": "ab202460691492f48d5c632375f5df2a74fc3769a81337e876607e9326a46fac", "template_sha256": "584b01793667c5257da4e76da919fbb3bb73c72fa434866622fe3905884d33f0", "host_sha256": "3725f12bbec145f978f61f4d54bba0122493f2233180f24ec971ac1be8efbd21", "cpus": "0", "process_affinity": [0, 1], "memory_mb": 2048, "sandbox": true, "build_profile": "release", "external_references": false}}
rmq-a	Run selected fresh official gate	2026-10-07T20:41:02.9453785Z SYNTHETIC_RAW 2 r10-rmq8 {"kind": "file", "corpus": "synthetic-transfer", "file": "multilingual.txt", "raw_bytes": 163270, "sha256": "bdd257c8c2afbd9c418ec8954e0ca3f2cedbfa5a622e9b2d5255f35647f1aecc", "methods": {"incumbent": {"external": false, "output_bytes": 9206, "output_sha256": "dd1312ec4702740b4331fb5195ee7cf1f8f1e4ebb52c5bad2ee9ac46eb142e05", "tokens": 4618, "tokens_sha256": "a6e0f107a4d317d16a1a0fe1f14d8a05d25385b4de7fa5b1409ef0de972f3b25", "deterministic": true, "encode_s": 0.00047046, "errors": [], "reps": [{"phase": "warmup", "order_index": 1, "time_s": 0.002683969, "encode_s": 0.00047046, "total_s": 0.0031544290000000003}, {"phase": "measured", "order_index": 3, "time_s": 0.002465991, "encode_s": 0.000393469, "total_s": 0.00285946}, {"phase": "measured", "order_index": 5, "time_s": 0.002614318, "encode_s": 0.000390598, "total_s": 0.003004916}, {"phase": "measured", "order_index": 7, "time_s": 0.002521557, "encode_s": 0.000400923, "total_s": 0.00292248}, {"phase": "measured", "order_index": 9, "time_s": 0.002546628, "encode_s": 0.000424849, "total_s": 0.002971477}, {"phase": "measured", "order_index": 11, "time_s": 0.002555889, "encode_s": 0.000392057, "total_s": 0.002947946}, {"phase": "measured", "order_index": 13, "time_s": 0.00255698, "encode_s": 0.000393415, "total_s": 0.0029503949999999998}, {"phase": "measured", "order_index": 15, "time_s": 0.002540944, "encode_s": 0.00039759, "total_s": 0.002938534}, {"phase": "measured", "order_index": 17, "time_s": 0.002525008, "encode_s": 0.000382288, "total_s": 0.002907296}, {"phase": "measured", "order_index": 19, "time_s": 0.002550383, "encode_s": 0.000392511, "total_s": 0.0029428939999999997}, {"phase": "measured", "order_index": 21, "time_s": 0.002553913, "encode_s": 0.00039026, "total_s": 0.002944173}, {"phase": "measured", "order_index": 23, "time_s": 0.002522627, "encode_s": 0.000395449, "total_s": 0.002918076}]}, "r10-rmq8": {"external": false, "output_bytes": 7354, "output_sha256": "8446e352761e31d56d827e0a1dfa84bf4bcd8b0bd6e245feb1956f074f5a9d9a", "tokens": 6693, "tokens_sha256": "cdfc886d550cc2480ead138713085c05e1a3d78a051e37a231e4cd6dc873903b", "deterministic": true, "encode_s": 0.000360695, "errors": [], "reps": [{"phase": "warmup", "order_index": 2, "time_s": 0.006838243, "encode_s": 0.000360695, "total_s": 0.007198938}, {"phase": "measured", "order_index": 4, "time_s": 0.006326747, "encode_s": 0.000343597, "total_s": 0.006670344}, {"phase": "measured", "order_index": 6, "time_s": 0.006261394, "encode_s": 0.000364714, "total_s": 0.006626108}, {"phase": "measured", "order_index": 8, "time_s": 0.006623469, "encode_s": 0.000373621, "total_s": 0.00699709}, {"phase": "measured", "order_index": 10, "time_s": 0.006267447, "encode_s": 0.00033975, "total_s": 0.0066071969999999995}, {"phase": "measured", "order_index": 12, "time_s": 0.00628667, "encode_s": 0.000341695, "total_s": 0.006628365000000001}, {"phase": "measured", "order_index": 14, "time_s": 0.006357674, "encode_s": 0.000370584, "total_s": 0.006728258}, {"phase": "measured", "order_index": 16, "time_s": 0.006331642, "encode_s": 0.000355515, "total_s": 0.006687157}, {"phase": "measured", "order_index": 18, "time_s": 0.00646579, "encode_s": 0.000344903, "total_s": 0.006810693}, {"phase": "measured", "order_index": 20, "time_s": 0.006338102, "encode_s": 0.000340469, "total_s": 0.006678571}, {"phase": "measured", "order_index": 22, "time_s": 0.006297242, "encode_s": 0.000361791, "total_s": 0.006659033}, {"phase": "measured", "order_index": 24, "time_s": 0.006295721, "encode_s": 0.000342217, "total_s": 0.0066379379999999995}]}}}
rmq-a	Run selected fresh official gate	2026-10-07T20:41:02.9491121Z SYNTHETIC_RAW 2 r10-rmq8 {"kind": "file", "corpus": "synthetic-transfer", "file": "random.bin", "raw_bytes": 131101, "sha256": "22c862f2c2c5fd5a072e9f74b5a056aacb9025228d040addb56dcd9bec4c09d3", "methods": {"incumbent": {"external": false, "output_bytes": 131445, "output_sha256": "deebb4fe887edb814c65fc8f8d20b733d4a395d0e32399c3c25af9b591d8dc2d", "tokens": 130620, "tokens_sha256": "5330a4dbafd88f2b8356a1db487249115b5a636a9e2bab5cf05094461ba5cbc3", "deterministic": true, "encode_s": 0.005971773, "errors": [], "reps": [{"phase": "warmup", "order_index": 25, "time_s": 0.002461834, "encode_s": 0.005971773, "total_s": 0.008433607}, {"phase": "measured", "order_index": 27, "time_s": 0.002433022, "encode_s": 0.005462007, "total_s": 0.007895029}, {"phase": "measured", "order_index": 29, "time_s": 0.002412433, "encode_s": 0.005428414, "total_s": 0.007840847}, {"phase": "measured", "order_index": 31, "time_s": 0.002395988, "encode_s": 0.005372646, "total_s": 0.007768634}, {"phase": "measured", "order_index": 33, "time_s": 0.002408735, "encode_s": 0.005417939, "total_s": 0.007826674}, {"phase": "measured", "order_index": 35, "time_s": 0.002416238, "encode_s": 0.005426696, "total_s": 0.007842934}, {"phase": "measured", "order_index": 37, "time_s": 0.002424419, "encode_s": 0.005435439, "total_s": 0.007859858}, {"phase": "measured", "order_index": 39, "time_s": 0.002422395, "encode_s": 0.005437954, "total_s": 0.007860348999999999}, {"phase": "measured", "order_index": 41, "time_s": 0.002469845, "encode_s": 0.005475767, "total_s": 0.007945612000000001}, {"phase": "measured", "order_index": 43, "time_s": 0.002420604, "encode_s": 0.005438467, "total_s": 0.007859070999999999}, {"phase": "measured", "order_index": 45, "time_s": 0.00250229, "encode_s": 0.005497137, "total_s": 0.007999427}, {"phase": "measured", "order_index": 47, "time_s": 0.002406999, "encode_s": 0.005397895, "total_s": 0.007804894}]}, "r10-rmq8": {"external": false, "output_bytes": 131144, "output_sha256": "52b5974219d121f00e342319360c4c8bcac7ff2eda0365aa245dfe321fd4613b", "tokens": 131101, "tokens_sha256": "861ef26a6d151afca1053cb702d3d74a8e4ef1beae1928ecd65b6e1995a7cb99", "deterministic": true, "encode_s": 0.005301121, "errors": [], "reps": [{"phase": "warmup", "order_index": 26, "time_s": 0.001215916, "encode_s": 0.005301121, "total_s": 0.006517037}, {"phase": "measured", "order_index": 28, "time_s": 0.001102483, "encode_s": 0.005159869, "total_s": 0.0062623520000000005}, {"phase": "measured", "order_index": 30, "time_s": 0.001124018, "encode_s": 0.005074065, "total_s": 0.006198083}, {"phase": "measured", "order_index": 32, "time_s": 0.001190894, "encode_s": 0.005086103, "total_s": 0.0062769969999999994}, {"phase": "measured", "order_index": 34, "time_s": 0.001118008, "encode_s": 0.005103977, "total_s": 0.006221985}, {"phase": "measured", "order_index": 36, "time_s": 0.001194063, "encode_s": 0.005123066, "total_s": 0.0063171289999999995}, {"phase": "measured", "order_index": 38, "time_s": 0.001198314, "encode_s": 0.005113938, "total_s": 0.006312252}, {"phase": "measured", "order_index": 40, "time_s": 0.001190541, "encode_s": 0.005152875, "total_s": 0.006343416}, {"phase": "measured", "order_index": 42, "time_s": 0.001104033, "encode_s": 0.005128903, "total_s": 0.006232936}, {"phase": "measured", "order_index": 44, "time_s": 0.001097146, "encode_s": 0.005099057, "total_s": 0.006196203}, {"phase": "measured", "order_index": 46, "time_s": 0.001152313, "encode_s": 0.005115822, "total_s": 0.006268135}, {"phase": "measured", "order_index": 48, "time_s": 0.0010918, "encode_s": 0.00510137, "total_s": 0.00619317}]}}}
rmq-a	Run selected fresh official gate	2026-10-07T20:41:02.9533818Z SYNTHETIC_RAW 2 r10-rmq8 {"kind": "file", "corpus": "synthetic-transfer", "file": "short-log.txt", "raw_bytes": 32505, "sha256": "23ef9a1b24b2cfcd1c73f1ff1a71ab017cbcf921409f96f8839c74819d3c0b82", "methods": {"incumbent": {"external": false, "output_bytes": 4871, "output_sha256": "b801c58b86a433392a15971de32130be788d25cd6f3a91a1abda0f0a909dac25", "tokens": 3017, "tokens_sha256": "fcd4ea723eb6d0e399dc5c1cf6825e8d767f6fc45a05600bb177054b19e7eaec", "deterministic": true, "encode_s": 0.000307502, "errors": [], "reps": [{"phase": "warmup", "order_index": 49, "time_s": 0.001175882, "encode_s": 0.000307502, "total_s": 0.0014833840000000001}, {"phase": "measured", "order_index": 51, "time_s": 0.001136758, "encode_s": 0.000291417, "total_s": 0.001428175}, {"phase": "measured", "order_index": 53, "time_s": 0.001140915, "encode_s": 0.000286742, "total_s": 0.001427657}, {"phase": "measured", "order_index": 55, "time_s": 0.001126236, "encode_s": 0.00028533, "total_s": 0.001411566}, {"phase": "measured", "order_index": 57, "time_s": 0.001136013, "encode_s": 0.000295247, "total_s": 0.00143126}, {"phase": "measured", "order_index": 59, "time_s": 0.001152886, "encode_s": 0.000285447, "total_s": 0.001438333}, {"phase": "measured", "order_index": 61, "time_s": 0.001168081, "encode_s": 0.000297206, "total_s": 0.001465287}, {"phase": "measured", "order_index": 63, "time_s": 0.001193243, "encode_s": 0.000294936, "total_s": 0.001488179}, {"phase": "measured", "order_index": 65, "time_s": 0.001137405, "encode_s": 0.000297076, "total_s": 0.001434481}, {"phase": "measured", "order_index": 67, "time_s": 0.001144425, "encode_s": 0.000293213, "total_s": 0.001437638}, {"phase": "measured", "order_index": 69, "time_s": 0.001144482, "encode_s": 0.000287221, "total_s": 0.001431703}, {"phase": "measured", "order_index": 71, "time_s": 0.001159458, "encode_s": 0.000284456, "total_s": 0.001443914}]}, "r10-rmq8": {"external": false, "output_bytes": 4831, "output_sha256": "48750da245a1f2618b8b50b9094f8fcebd04139c65980d9570606a52faa1df7b", "tokens": 3334, "tokens_sha256": "3c42c3585718f93e7e25668ccfb50bb95cb3087d06bb570c836283c1fa2fc1f5", "deterministic": true, "encode_s": 0.000295026, "errors": [], "reps": [{"phase": "warmup", "order_index": 50, "time_s": 0.000454904, "encode_s": 0.000295026, "total_s": 0.00074993}, {"phase": "measured", "order_index": 52, "time_s": 0.000432137, "encode_s": 0.000306475, "total_s": 0.000738612}, {"phase": "measured", "order_index": 54, "time_s": 0.000443247, "encode_s": 0.000292898, "total_s": 0.000736145}, {"phase": "measured", "order_index": 56, "time_s": 0.000457958, "encode_s": 0.000291983, "total_s": 0.0007499410000000001}, {"phase": "measured", "order_index": 58, "time_s": 0.000438977, "encode_s": 0.000286222, "total_s": 0.0007251989999999999}, {"phase": "measured", "order_index": 60, "time_s": 0.000437645, "encode_s": 0.000292706, "total_s": 0.000730351}, {"phase": "measured", "order_index": 62, "time_s": 0.000460665, "encode_s": 0.000300417, "total_s": 0.000761082}, {"phase": "measured", "order_index": 64, "time_s": 0.000455056, "encode_s": 0.000287839, "total_s": 0.000742895}, {"phase": "measured", "order_index": 66, "time_s": 0.000440881, "encode_s": 0.000286974, "total_s": 0.000727855}, {"phase": "measured", "order_index": 68, "time_s": 0.000433132, "encode_s": 0.000285175, "total_s": 0.0007183070000000001}, {"phase": "measured", "order_index": 70, "time_s": 0.000442287, "encode_s": 0.000302268, "total_s": 0.000744555}, {"phase": "measured", "order_index": 72, "time_s": 0.000441954, "encode_s": 0.000287671, "total_s": 0.000729625}]}}}
rmq-a	Run selected fresh official gate	2026-10-07T20:41:02.9552130Z SYNTHETIC_RAW 2 r10-rmq8 {"kind": "file", "corpus": "synthetic-transfer", "file": "source-like.txt", "raw_bytes": 220484, "sha256": "326efe91d7d1e5a11bee87388ef45c7551b1b541f17a1749d7cd5cd53c25ab66", "methods": {"incumbent": {"external": false, "output_bytes": 16650, "output_sha256": "a459035fe1f2d45221381fefc1bad509a69c3effb5a67ee57a00384072a446f5", "tokens": 7890, "tokens_sha256": "cf67564e32e855eac2759e9b433da56b133fd538e426d3f122c000aa5d009805", "deterministic": true, "encode_s": 0.000366539, "errors": [], "reps": [{"phase": "warmup", "order_index": 73, "time_s": 0.004687839, "encode_s": 0.000366539, "total_s": 0.005054378}, {"phase": "measured", "order_index": 75, "time_s": 0.004610135, "encode_s": 0.000367382, "total_s": 0.004977517}, {"phase": "measured", "order_index": 77, "time_s": 0.004689793, "encode_s": 0.000364429, "total_s": 0.005054222000000001}, {"phase": "measured", "order_index": 79, "time_s": 0.004637532, "encode_s": 0.000358038, "total_s": 0.0049955699999999995}, {"phase": "measured", "order_index": 81, "time_s": 0.004763674, "encode_s": 0.000399086, "total_s": 0.00516276}, {"phase": "measured", "order_index": 83, "time_s": 0.004782398, "encode_s": 0.000494699, "total_s": 0.0052770970000000006}, {"phase": "measured", "order_index": 85, "time_s": 0.004660468, "encode_s": 0.000369835, "total_s": 0.005030303}, {"phase": "measured", "order_index": 87, "time_s": 0.004606136, "encode_s": 0.000360228, "total_s": 0.004966364}, {"phase": "measured", "order_index": 89, "time_s": 0.00463481, "encode_s": 0.000370551, "total_s": 0.005005361}, {"phase": "measured", "order_index": 91, "time_s": 0.004632445, "encode_s": 0.000365196, "total_s": 0.004997641}, {"phase": "measured", "order_index": 93, "time_s": 0.004635413, "encode_s": 0.00036521, "total_s": 0.005000623}, {"phase": "measured", "order_index": 95, "time_s": 0.004618058, "encode_s": 0.000358261, "total_s": 0.004976319000000001}]}, "r10-rmq8": {"external": false, "output_bytes": 18093, "output_sha256": "38b003ff6fbe88e86ad3d284406ce2022182fcb3a12022e55a3e9a7ff1c99ebd", "tokens": 9194, "tokens_sha256": "226809ab803247b8643baff94f7871853d99771786d05bf020661682180c3144", "deterministic": true, "encode_s": 0.000400211, "errors": [], "reps": [{"phase": "warmup", "order_index": 74, "time_s": 0.001920681, "encode_s": 0.000400211, "total_s": 0.002320892}, {"phase": "measured", "order_index": 76, "time_s": 0.001880263, "encode_s": 0.000389589, "total_s": 0.002269852}, {"phase": "measured", "order_index": 78, "time_s": 0.001872832, "encode_s": 0.000386684, "total_s": 0.002259516}, {"phase": "measured", "order_index": 80, "time_s": 0.001875215, "encode_s": 0.000393639, "total_s": 0.002268854}, {"phase": "measured", "order_index": 82, "time_s": 0.002162079, "encode_s": 0.000424199, "total_s": 0.002586278}, {"phase": "measured", "order_index": 84, "time_s": 0.002202806, "encode_s": 0.000422396, "total_s": 0.002625202}, {"phase": "measured", "order_index": 86, "time_s": 0.001868517, "encode_s": 0.000383161, "total_s": 0.002251678}, {"phase": "measured", "order_index": 88, "time_s": 0.002186078, "encode_s": 0.000418092, "total_s": 0.0026041700000000003}, {"phase": "measured", "order_index": 90, "time_s": 0.001923909, "encode_s": 0.000383844, "total_s": 0.002307753}, {"phase": "measured", "order_index": 92, "time_s": 0.001908182, "encode_s": 0.000395966, "total_s": 0.002304148}, {"phase": "measured", "order_index": 94, "time_s": 0.001871151, "encode_s": 0.00039802, "total_s": 0.002269171}, {"phase": "measured", "order_index": 96, "time_s": 0.001869757, "encode_s": 0.000381678, "total_s": 0.002251435}]}}}
rmq-a	Run selected fresh official gate	2026-10-07T20:41:02.9579289Z SYNTHETIC_RAW 2 r10-rmq8 {"kind": "file", "corpus": "synthetic-transfer", "file": "sparse.bin", "raw_bytes": 53803, "sha256": "c51b774d8aadb5b636c1463ff5a9df4fe6c326330101df1daf2e4745b07678d3", "methods": {"incumbent": {"external": false, "output_bytes": 1798, "output_sha256": "64a1ff1bc414863ad88544207256d2d9a5ba187a3a5dc2ad6425dd07405c2e2c", "tokens": 1263, "tokens_sha256": "fae120ea72c3aae525d182eab79475dc599c31ea79ce1f32050a110b01939d24", "deterministic": true, "encode_s": 0.000510568, "errors": [], "reps": [{"phase": "warmup", "order_index": 97, "time_s": 0.001230513, "encode_s": 0.000510568, "total_s": 0.0017410809999999998}, {"phase": "measured", "order_index": 99, "time_s": 0.00123967, "encode_s": 0.000494801, "total_s": 0.001734471}, {"phase": "measured", "order_index": 101, "time_s": 0.001204732, "encode_s": 0.000486548, "total_s": 0.00169128}, {"phase": "measured", "order_index": 103, "time_s": 0.001220705, "encode_s": 0.000483807, "total_s": 0.001704512}, {"phase": "measured", "order_index": 105, "time_s": 0.001283002, "encode_s": 0.000495731, "total_s": 0.0017787330000000002}, {"phase": "measured", "order_index": 107, "time_s": 0.001210601, "encode_s": 0.000470771, "total_s": 0.001681372}, {"phase": "measured", "order_index": 109, "time_s": 0.001229477, "encode_s": 0.000484671, "total_s": 0.001714148}, {"phase": "measured", "order_index": 111, "time_s": 0.001216538, "encode_s": 0.000470886, "total_s": 0.001687424}, {"phase": "measured", "order_index": 113, "time_s": 0.001219628, "encode_s": 0.000492103, "total_s": 0.001711731}, {"phase": "measured", "order_index": 115, "time_s": 0.001207164, "encode_s": 0.000470751, "total_s": 0.0016779149999999999}, {"phase": "measured", "order_index": 117, "time_s": 0.001205855, "encode_s": 0.000470748, "total_s": 0.001676603}, {"phase": "measured", "order_index": 119, "time_s": 0.001229379, "encode_s": 0.000480583, "total_s": 0.001709962}]}, "r10-rmq8": {"external": false, "output_bytes": 1402, "output_sha256": "5f6877d70a973d7df0155d800ecf1afae66e208fbb206d2b36f4de0e16d0ff27", "tokens": 1337, "tokens_sha256": "55997107e53f53722b29f5e7c0ded399b994cccea673fd0f1f22abdcb1ff8048", "deterministic": true, "encode_s": 0.000477056, "errors": [], "reps": [{"phase": "warmup", "order_index": 98, "time_s": 0.000324584, "encode_s": 0.000477056, "total_s": 0.00080164}, {"phase": "measured", "order_index": 100, "time_s": 0.000310713, "encode_s": 0.000466486, "total_s": 0.000777199}, {"phase": "measured", "order_index": 102, "time_s": 0.00031399, "encode_s": 0.000455754, "total_s": 0.0007697439999999999}, {"phase": "measured", "order_index": 104, "time_s": 0.000308789, "encode_s": 0.000509081, "total_s": 0.0008178700000000001}, {"phase": "measured", "order_index": 106, "time_s": 0.0003035, "encode_s": 0.000458216, "total_s": 0.000761716}, {"phase": "measured", "order_index": 108, "time_s": 0.000313145, "encode_s": 0.000480109, "total_s": 0.000793254}, {"phase": "measured", "order_index": 110, "time_s": 0.000299712, "encode_s": 0.000454081, "total_s": 0.000753793}, {"phase": "measured", "order_index": 112, "time_s": 0.000306198, "encode_s": 0.000464291, "total_s": 0.000770489}, {"phase": "measured", "order_index": 114, "time_s": 0.000313995, "encode_s": 0.000449848, "total_s": 0.0007638429999999999}, {"phase": "measured", "order_index": 116, "time_s": 0.00031013, "encode_s": 0.000451627, "total_s": 0.0007617570000000001}, {"phase": "measured", "order_index": 118, "time_s": 0.000293936, "encode_s": 0.000450129, "total_s": 0.000744065}, {"phase": "measured", "order_index": 120, "time_s": 0.000312725, "encode_s": 0.000459821, "total_s": 0.000772546}]}}}
rmq-a	Run selected fresh official gate	2026-10-07T20:41:02.9603021Z SYNTHETIC_RAW 2 r10-rmq8 {"kind": "file", "corpus": "synthetic-transfer", "file": "table.csv", "raw_bytes": 193765, "sha256": "e773c09c5e5d585dc64330f220ca47963de24c1be3297a8161e89fca34b98a85", "methods": {"incumbent": {"external": false, "output_bytes": 65436, "output_sha256": "dcb53081688a36dad21b849906f65e985a744ef8864e9324768f44dbb485a3fc", "tokens": 39085, "tokens_sha256": "93d50fc8a84ae35d4a248c3fc06f3632d2da32348cd6896ad6f9f43ea9515f65", "deterministic": true, "encode_s": 0.002162464, "errors": [], "reps": [{"phase": "warmup", "order_index": 121, "time_s": 0.013637606, "encode_s": 0.002162464, "total_s": 0.01580007}, {"phase": "measured", "order_index": 123, "time_s": 0.013728395, "encode_s": 0.00186562, "total_s": 0.015594015}, {"phase": "measured", "order_index": 125, "time_s": 0.013611883, "encode_s": 0.001867818, "total_s": 0.015479701}, {"phase": "measured", "order_index": 127, "time_s": 0.013646982, "encode_s": 0.001853434, "total_s": 0.015500416}, {"phase": "measured", "order_index": 129, "time_s": 0.013700834, "encode_s": 0.001933224, "total_s": 0.015634058}, {"phase": "measured", "order_index": 131, "time_s": 0.013604628, "encode_s": 0.00186676, "total_s": 0.015471388}, {"phase": "measured", "order_index": 133, "time_s": 0.013610637, "encode_s": 0.001860708, "total_s": 0.015471345000000001}, {"phase": "measured", "order_index": 135, "time_s": 0.013646013, "encode_s": 0.001891775, "total_s": 0.015537788}, {"phase": "measured", "order_index": 137, "time_s": 0.013619709, "encode_s": 0.001865347, "total_s": 0.015485056}, {"phase": "measured", "order_index": 139, "time_s": 0.014007996, "encode_s": 0.001927491, "total_s": 0.015935486999999998}, {"phase": "measured", "order_index": 141, "time_s": 0.013652189, "encode_s": 0.001915031, "total_s": 0.01556722}, {"phase": "measured", "order_index": 143, "time_s": 0.013567608, "encode_s": 0.001876541, "total_s": 0.015444149}]}, "r10-rmq8": {"external": false, "output_bytes": 57850, "output_sha256": "5970fdf032fa2826ec474d5dd7700c4a9e6ec344c1c5e4db897dc241b6f4d951", "tokens": 65949, "tokens_sha256": "f6ddafd22bb506fa18b7468bdadb3ea9b57c9536dc8965c161c0e5f3df2c6ff8", "deterministic": true, "encode_s": 0.001860632, "errors": [], "reps": [{"phase": "warmup", "order_index": 122, "time_s": 0.015028196, "encode_s": 0.001860632, "total_s": 0.016888828}, {"phase": "measured", "order_index": 124, "time_s": 0.014058306, "encode_s": 0.00177293, "total_s": 0.015831236}, {"phase": "measured", "order_index": 126, "time_s": 0.013641791, "encode_s": 0.001766032, "total_s": 0.015407823000000001}, {"phase": "measured", "order_index": 128, "time_s": 0.013639203, "encode_s": 0.001777593, "total_s": 0.015416796}, {"phase": "measured", "order_index": 130, "time_s": 0.013803504, "encode_s": 0.001749619, "total_s": 0.015553122999999999}, {"phase": "measured", "order_index": 132, "time_s": 0.013586104, "encode_s": 0.001795409, "total_s": 0.015381513}, {"phase": "measured", "order_index": 134, "time_s": 0.01358992, "encode_s": 0.001749362, "total_s": 0.015339282}, {"phase": "measured", "order_index": 136, "time_s": 0.013792613, "encode_s": 0.001771608, "total_s": 0.015564221}, {"phase": "measured", "order_index": 138, "time_s": 0.014095122, "encode_s": 0.001775848, "total_s": 0.015870969999999998}, {"phase": "measured", "order_index": 140, "time_s": 0.013733571, "encode_s": 0.001764066, "total_s": 0.015497637}, {"phase": "measured", "order_index": 142, "time_s": 0.013636714, "encode_s": 0.001768869, "total_s": 0.015405582999999999}, {"phase": "measured", "order_index": 144, "time_s": 0.013671147, "encode_s": 0.001738764, "total_s": 0.015409911}]}}}
rmq-a	Run selected fresh official gate	2026-10-07T20:41:02.9633963Z SYNTHETIC_RAW 2 r10-rmq8 {"kind": "file", "corpus": "synthetic-transfer", "file": "tiny-structured.txt", "raw_bytes": 15588, "sha256": "2b4701704019445efcca8272c668d8015913d54616281baf813d477623dfcdd3", "methods": {"incumbent": {"external": false, "output_bytes": 1492, "output_sha256": "f35f34fe896e5ec7c7a15e89fe5bd6eb74d866642044e5d5df10ea85bcdc674f", "tokens": 1083, "tokens_sha256": "0fa05be94e7e54cd3cede626db4ec06f61e270d22e2f35d810b14ec5a00d6dde", "deterministic": true, "encode_s": 0.000193339, "errors": [], "reps": [{"phase": "warmup", "order_index": 145, "time_s": 0.000290545, "encode_s": 0.000193339, "total_s": 0.000483884}, {"phase": "measured", "order_index": 147, "time_s": 0.000282902, "encode_s": 0.000191598, "total_s": 0.0004745}, {"phase": "measured", "order_index": 149, "time_s": 0.000281673, "encode_s": 0.000187219, "total_s": 0.00046889200000000005}, {"phase": "measured", "order_index": 151, "time_s": 0.000273519, "encode_s": 0.000184163, "total_s": 0.000457682}, {"phase": "measured", "order_index": 153, "time_s": 0.000278294, "encode_s": 0.00018417, "total_s": 0.000462464}, {"phase": "measured", "order_index": 155, "time_s": 0.000271626, "encode_s": 0.000194204, "total_s": 0.00046583000000000003}, {"phase": "measured", "order_index": 157, "time_s": 0.000272287, "encode_s": 0.000182608, "total_s": 0.00045489500000000003}, {"phase": "measured", "order_index": 159, "time_s": 0.000275221, "encode_s": 0.000191189, "total_s": 0.00046641}, {"phase": "measured", "order_index": 161, "time_s": 0.000278637, "encode_s": 0.000187866, "total_s": 0.00046650299999999995}, {"phase": "measured", "order_index": 163, "time_s": 0.000285677, "encode_s": 0.000184387, "total_s": 0.000470064}, {"phase": "measured", "order_index": 165, "time_s": 0.000274842, "encode_s": 0.000186559, "total_s": 0.000461401}, {"phase": "measured", "order_index": 167, "time_s": 0.000274122, "encode_s": 0.00018119, "total_s": 0.00045531200000000003}]}, "r10-rmq8": {"external": false, "output_bytes": 1318, "output_sha256": "f23d7bb1ee17a9f8aac0aeae5cbde95ded30cb302220c9f17fc3320ce87e296e", "tokens": 1226, "tokens_sha256": "7bdca15b6f33c653076cfd1ae40f2221169e10ec6cd0c1c85c9ef49978f2fb43", "deterministic": true, "encode_s": 0.000176403, "errors": [], "reps": [{"phase": "warmup", "order_index": 146, "time_s": 0.000525777, "encode_s": 0.000176403, "total_s": 0.00070218}, {"phase": "measured", "order_index": 148, "time_s": 0.000487432, "encode_s": 0.000168623, "total_s": 0.000656055}, {"phase": "measured", "order_index": 150, "time_s": 0.000490176, "encode_s": 0.000175794, "total_s": 0.0006659700000000001}, {"phase": "measured", "order_index": 152, "time_s": 0.000492494, "encode_s": 0.000166571, "total_s": 0.000659065}, {"phase": "measured", "order_index": 154, "time_s": 0.000490853, "encode_s": 0.000172091, "total_s": 0.000662944}, {"phase": "measured", "order_index": 156, "time_s": 0.000498265, "encode_s": 0.000165727, "total_s": 0.000663992}, {"phase": "measured", "order_index": 158, "time_s": 0.000490246, "encode_s": 0.000167912, "total_s": 0.0006581579999999999}, {"phase": "measured", "order_index": 160, "time_s": 0.000482792, "encode_s": 0.000166381, "total_s": 0.0006491730000000001}, {"phase": "measured", "order_index": 162, "time_s": 0.000489848, "encode_s": 0.000166033, "total_s": 0.000655881}, {"phase": "measured", "order_index": 164, "time_s": 0.000478995, "encode_s": 0.000174472, "total_s": 0.000653467}, {"phase": "measured", "order_index": 166, "time_s": 0.0004834, "encode_s": 0.000174444, "total_s": 0.000657844}, {"phase": "measured", "order_index": 168, "time_s": 0.00049065, "encode_s": 0.000168506, "total_s": 0.000659156}]}}}
rmq-a	Run selected fresh official gate	2026-10-07T20:41:02.9664765Z SYNTHETIC_RAW 2 r10-rmq8 {"kind": "file", "corpus": "synthetic-transfer", "file": "window-boundary.bin", "raw_bytes": 73735, "sha256": "3d5e223fd8ced74430c5b87ebbbe4ff9c9782c6902f9b137538dddc79f087dcc", "methods": {"incumbent": {"external": false, "output_bytes": 73933, "output_sha256": "5e456557d23dbd5249a36f224b7449a9d53075a00273d27d8ee8f397eeafb978", "tokens": 73559, "tokens_sha256": "35dd083034d7d329eefea50f23c8b2117879da70eb37280242ffd804c83eaf3b", "deterministic": true, "encode_s": 0.003042512, "errors": [], "reps": [{"phase": "warmup", "order_index": 169, "time_s": 0.001148496, "encode_s": 0.003042512, "total_s": 0.0041910079999999995}, {"phase": "measured", "order_index": 171, "time_s": 0.001140895, "encode_s": 0.00294788, "total_s": 0.004088775}, {"phase": "measured", "order_index": 173, "time_s": 0.00114082, "encode_s": 0.002978534, "total_s": 0.004119354}, {"phase": "measured", "order_index": 175, "time_s": 0.001133953, "encode_s": 0.002944196, "total_s": 0.004078149}, {"phase": "measured", "order_index": 177, "time_s": 0.001131543, "encode_s": 0.002962088, "total_s": 0.004093631}, {"phase": "measured", "order_index": 179, "time_s": 0.001144748, "encode_s": 0.002929815, "total_s": 0.004074563}, {"phase": "measured", "order_index": 181, "time_s": 0.001138655, "encode_s": 0.002947193, "total_s": 0.0040858479999999996}, {"phase": "measured", "order_index": 183, "time_s": 0.001150604, "encode_s": 0.002941586, "total_s": 0.00409219}, {"phase": "measured", "order_index": 185, "time_s": 0.001123813, "encode_s": 0.002969252, "total_s": 0.004093065}, {"phase": "measured", "order_index": 187, "time_s": 0.001140027, "encode_s": 0.002945042, "total_s": 0.004085069}, {"phase": "measured", "order_index": 189, "time_s": 0.001139694, "encode_s": 0.003083097, "total_s": 0.004222791}, {"phase": "measured", "order_index": 191, "time_s": 0.001169194, "encode_s": 0.003109753, "total_s": 0.004278947}]}, "r10-rmq8": {"external": false, "output_bytes": 73760, "output_sha256": "7fc0f619879f4fb08483c528b61a18725bafcbfbce8f257146ac4741ba95851b", "tokens": 73735, "tokens_sha256": "8a3f0d4d337189d036871ced04356a9ba83426a905ea1c72d81f57b9d8549140", "deterministic": true, "encode_s": 0.002800395, "errors": [], "reps": [{"phase": "warmup", "order_index": 170, "time_s": 0.000642116, "encode_s": 0.002800395, "total_s": 0.0034425109999999997}, {"phase": "measured", "order_index": 172, "time_s": 0.000632012, "encode_s": 0.002806748, "total_s": 0.00343876}, {"phase": "measured", "order_index": 174, "time_s": 0.000635099, "encode_s": 0.002796647, "total_s": 0.0034317460000000003}, {"phase": "measured", "order_index": 176, "time_s": 0.000628081, "encode_s": 0.002769387, "total_s": 0.003397468}, {"phase": "measured", "order_index": 178, "time_s": 0.000605794, "encode_s": 0.002801143, "total_s": 0.0034069369999999996}, {"phase": "measured", "order_index": 180, "time_s": 0.000581038, "encode_s": 0.002814649, "total_s": 0.0033956869999999997}, {"phase": "measured", "order_index": 182, "time_s": 0.000630606, "encode_s": 0.00279215, "total_s": 0.0034227560000000003}, {"phase": "measured", "order_index": 184, "time_s": 0.00059381, "encode_s": 0.002801456, "total_s": 0.003395266}, {"phase": "measured", "order_index": 186, "time_s": 0.000637307, "encode_s": 0.002818878, "total_s": 0.003456185}, {"phase": "measured", "order_index": 188, "time_s": 0.000615896, "encode_s": 0.002769744, "total_s": 0.00338564}, {"phase": "measured", "order_index": 190, "time_s": 0.000635788, "encode_s": 0.002777011, "total_s": 0.0034127989999999998}, {"phase": "measured", "order_index": 192, "time_s": 0.000648939, "encode_s": 0.002914585, "total_s": 0.0035635239999999998}]}}}
rmq-a	Run selected fresh official gate	2026-10-07T20:41:02.9966501Z ^[[32m2026-10-07 20:41:02.996^[[0m | ^[[34m^[[1mDEBUG   ^[[0m | ^[[36msandbox.bwrap^[[0m:^[[36mrun^[[0m:^[[36m110^[[0m - ^[[34m^[[1m[bwrap] rustc exit=0 in 0.0s^[[0m
rmq-a	Run selected fresh official gate	2026-10-07T20:41:05.3954078Z ^[[32m2026-10-07 20:41:05.394^[[0m | ^[[34m^[[1mDEBUG   ^[[0m | ^[[36msandbox.bwrap^[[0m:^[[36mrun^[[0m:^[[36m110^[[0m - ^[[34m^[[1m[bwrap] cargo exit=0 in 2.4s^[[0m
rmq-a	Run selected fresh official gate	2026-10-07T20:41:05.3956130Z ^[[32m2026-10-07 20:41:05.395^[[0m | ^[[34m^[[1mDEBUG   ^[[0m | ^[[36mbench.driver^[[0m:^[[36m_build^[[0m:^[[36m295^[[0m - ^[[34m^[[1m[bench] built incumbent in 2.4s exit=0^[[0m
rmq-a	Run selected fresh official gate	2026-10-07T20:41:09.6582435Z ^[[32m2026-10-07 20:41:09.657^[[0m | ^[[34m^[[1mDEBUG   ^[[0m | ^[[36msandbox.bwrap^[[0m:^[[36mrun^[[0m:^[[36m110^[[0m - ^[[34m^[[1m[bwrap] cargo exit=0 in 4.3s^[[0m
rmq-a	Run selected fresh official gate	2026-10-07T20:41:09.6586345Z ^[[32m2026-10-07 20:41:09.658^[[0m | ^[[34m^[[1mDEBUG   ^[[0m | ^[[36mbench.driver^[[0m:^[[36m_build^[[0m:^[[36m295^[[0m - ^[[34m^[[1m[bench] built r3-432-fast3 in 4.3s exit=0^[[0m
rmq-a	Run selected fresh official gate	2026-10-07T20:41:10.3523531Z ^[[32m2026-10-07 20:41:10.351^[[0m | ^[[34m^[[1mDEBUG   ^[[0m | ^[[36msandbox.bwrap^[[0m:^[[36mrun^[[0m:^[[36m110^[[0m - ^[[34m^[[1m[bwrap] measure exit=0 in 0.7s^[[0m
rmq-a	Run selected fresh official gate	2026-10-07T20:41:10.3533527Z ^[[32m2026-10-07 20:41:10.351^[[0m | ^[[34m^[[1mDEBUG   ^[[0m | ^[[36mbench.driver^[[0m:^[[36m_measure^[[0m:^[[36m333^[[0m - ^[[34m^[[1m[bench] measured r3-432-fast3 in 0.7s exit=0^[[0m
rmq-a	Run selected fresh official gate	2026-10-07T20:41:10.3561932Z SYNTHETIC_MEASUREMENT {"candidate": "r3-432-fast3", "round": 2, "time": 0.348686120989931, "size_pct": 36.611473427728505}
rmq-a	Run selected fresh official gate	2026-10-07T20:41:10.3570093Z SYNTHETIC_RAW 2 r3-432-fast3 {"kind": "meta", "schema_version": 4, "started_at_unix": 1791405669.6731994, "corpus": "synthetic-transfer", "corpus_dir": "/home/runner/work/_temp/round4-receipts/synthetic-transfer", "os": "linux", "arch": "x86_64", "rustc_version": "rustc 1.100.0-nightly (8fa1c96cf 2026-08-17)", "cpu_model": "INTEL(R) XEON(R) PLATINUM 8573C", "cpu_governor": "performance", "warmup_rounds": 1, "measured_rounds": 11, "speed_floor": null, "methods": {"incumbent": {"external": false, "crate_dir": "/home/runner/work/_temp/deflate-upstream/data/bench-workspace/20261007T204102Z-c8f76e0a-_e6j79qc/incumbent", "source_sha256": "b9e0d844baf5958cf0c1c66bfb9fd1f89663fa30f21a99c3c116b3dd2e771361", "lib_sha256": "141f58ceb5d68fdd9fef84fc9da46540dfd34174de8533d923ef187ae09ec57b"}, "r3-432-fast3": {"external": false, "crate_dir": "/home/runner/work/_temp/deflate-upstream/data/bench-workspace/20261007T204102Z-c8f76e0a-_e6j79qc/r3-432-fast3", "source_sha256": "bae8014121e4710f4a34ce63452578b4bf69121b4f695e1b1356780a019108ef", "lib_sha256": "e3c97b3aef581e8e4a6e0f848cdd79427cdc9aa441d32c3110b73cc0508d3566"}}, "benchmark_provenance": {"version": 1, "engine_sha256": "ab202460691492f48d5c632375f5df2a74fc3769a81337e876607e9326a46fac", "template_sha256": "584b01793667c5257da4e76da919fbb3bb73c72fa434866622fe3905884d33f0", "host_sha256": "3725f12bbec145f978f61f4d54bba0122493f2233180f24ec971ac1be8efbd21", "cpus": "0", "process_affinity": [0, 1], "memory_mb": 2048, "sandbox": true, "build_profile": "release", "external_references": false}}
rmq-a	Run selected fresh official gate	2026-10-07T20:41:10.3594082Z SYNTHETIC_RAW 2 r3-432-fast3 {"kind": "file", "corpus": "synthetic-transfer", "file": "multilingual.txt", "raw_bytes": 163270, "sha256": "bdd257c8c2afbd9c418ec8954e0ca3f2cedbfa5a622e9b2d5255f35647f1aecc", "methods": {"incumbent": {"external": false, "output_bytes": 9206, "output_sha256": "dd1312ec4702740b4331fb5195ee7cf1f8f1e4ebb52c5bad2ee9ac46eb142e05", "tokens": 4618, "tokens_sha256": "a6e0f107a4d317d16a1a0fe1f14d8a05d25385b4de7fa5b1409ef0de972f3b25", "deterministic": true, "encode_s": 0.000461657, "errors": [], "reps": [{"phase": "warmup", "order_index": 1, "time_s": 0.002729091, "encode_s": 0.000461657, "total_s": 0.0031907479999999998}, {"phase": "measured", "order_index": 3, "time_s": 0.002542738, "encode_s": 0.000391826, "total_s": 0.002934564}, {"phase": "measured", "order_index": 5, "time_s": 0.00250767, "encode_s": 0.000395791, "total_s": 0.002903461}, {"phase": "measured", "order_index": 7, "time_s": 0.00254185, "encode_s": 0.000380236, "total_s": 0.002922086}, {"phase": "measured", "order_index": 9, "time_s": 0.002465581, "encode_s": 0.000392883, "total_s": 0.0028584640000000002}, {"phase": "measured", "order_index": 11, "time_s": 0.002556069, "encode_s": 0.000386274, "total_s": 0.0029423429999999996}, {"phase": "measured", "order_index": 13, "time_s": 0.002537617, "encode_s": 0.000393965, "total_s": 0.002931582}, {"phase": "measured", "order_index": 15, "time_s": 0.002532677, "encode_s": 0.000385671, "total_s": 0.0029183480000000003}, {"phase": "measured", "order_index": 17, "time_s": 0.002552429, "encode_s": 0.000394823, "total_s": 0.002947252}, {"phase": "measured", "order_index": 19, "time_s": 0.002542329, "encode_s": 0.00038373, "total_s": 0.002926059}, {"phase": "measured", "order_index": 21, "time_s": 0.00252353, "encode_s": 0.000394693, "total_s": 0.002918223}, {"phase": "measured", "order_index": 23, "time_s": 0.002519644, "encode_s": 0.000389208, "total_s": 0.002908852}]}, "r3-432-fast3": {"external": false, "output_bytes": 9684, "output_sha256": "a284573a2c433c69dbc0ce64c42cca6e59fe1f88b9f332af6236cb76a4cc5a89", "tokens": 5264, "tokens_sha256": "b76b372c9f2aeef288bc0b1429aeb3b3fe62fc4697f91a59072a22280df3b1fc", "deterministic": true, "encode_s": 0.000390594, "errors": [], "reps": [{"phase": "warmup", "order_index": 2, "time_s": 9.9152e-05, "encode_s": 0.000390594, "total_s": 0.000489746}, {"phase": "measured", "order_index": 4, "time_s": 0.000103935, "encode_s": 0.000372376, "total_s": 0.000476311}, {"phase": "measured", "order_index": 6, "time_s": 9.4807e-05, "encode_s": 0.000374648, "total_s": 0.000469455}, {"phase": "measured", "order_index": 8, "time_s": 9.6033e-05, "encode_s": 0.000378254, "total_s": 0.000474287}, {"phase": "measured", "order_index": 10, "time_s": 9.4966e-05, "encode_s": 0.000375003, "total_s": 0.000469969}, {"phase": "measured", "order_index": 12, "time_s": 9.5327e-05, "encode_s": 0.000380237, "total_s": 0.00047556400000000004}, {"phase": "measured", "order_index": 14, "time_s": 9.5978e-05, "encode_s": 0.00037365, "total_s": 0.000469628}, {"phase": "measured", "order_index": 16, "time_s": 9.5957e-05, "encode_s": 0.000381224, "total_s": 0.000477181}, {"phase": "measured", "order_index": 18, "time_s": 9.5262e-05, "encode_s": 0.000375032, "total_s": 0.000470294}, {"phase": "measured", "order_index": 20, "time_s": 9.4975e-05, "encode_s": 0.000381918, "total_s": 0.00047689300000000004}, {"phase": "measured", "order_index": 22, "time_s": 9.4984e-05, "encode_s": 0.000374636, "total_s": 0.00046962}, {"phase": "measured", "order_index": 24, "time_s": 9.5687e-05, "encode_s": 0.00037845, "total_s": 0.000474137}]}}}
rmq-a	Run selected fresh official gate	2026-10-07T20:41:10.3626192Z SYNTHETIC_RAW 2 r3-432-fast3 {"kind": "file", "corpus": "synthetic-transfer", "file": "random.bin", "raw_bytes": 131101, "sha256": "22c862f2c2c5fd5a072e9f74b5a056aacb9025228d040addb56dcd9bec4c09d3", "methods": {"incumbent": {"external": false, "output_bytes": 131445, "output_sha256": "deebb4fe887edb814c65fc8f8d20b733d4a395d0e32399c3c25af9b591d8dc2d", "tokens": 130620, "tokens_sha256": "5330a4dbafd88f2b8356a1db487249115b5a636a9e2bab5cf05094461ba5cbc3", "deterministic": true, "encode_s": 0.006442138, "errors": [], "reps": [{"phase": "warmup", "order_index": 25, "time_s": 0.002435965, "encode_s": 0.006442138, "total_s": 0.008878103}, {"phase": "measured", "order_index": 27, "time_s": 0.002402523, "encode_s": 0.005516464, "total_s": 0.007918986999999999}, {"phase": "measured", "order_index": 29, "time_s": 0.002434558, "encode_s": 0.005329994, "total_s": 0.007764552}, {"phase": "measured", "order_index": 31, "time_s": 0.002415967, "encode_s": 0.005354639, "total_s": 0.007770605999999999}, {"phase": "measured", "order_index": 33, "time_s": 0.002443404, "encode_s": 0.005545921, "total_s": 0.007989325}, {"phase": "measured", "order_index": 35, "time_s": 0.002422666, "encode_s": 0.005395691, "total_s": 0.007818357}, {"phase": "measured", "order_index": 37, "time_s": 0.00240052, "encode_s": 0.005359199, "total_s": 0.007759719}, {"phase": "measured", "order_index": 39, "time_s": 0.00241565, "encode_s": 0.005352006, "total_s": 0.007767656}, {"phase": "measured", "order_index": 41, "time_s": 0.00242967, "encode_s": 0.005457143, "total_s": 0.007886813}, {"phase": "measured", "order_index": 43, "time_s": 0.002428759, "encode_s": 0.005369023, "total_s": 0.007797782}, {"phase": "measured", "order_index": 45, "time_s": 0.002433454, "encode_s": 0.005354966, "total_s": 0.00778842}, {"phase": "measured", "order_index": 47, "time_s": 0.002411948, "encode_s": 0.005412499, "total_s": 0.007824447}]}, "r3-432-fast3": {"external": false, "output_bytes": 131144, "output_sha256": "52b5974219d121f00e342319360c4c8bcac7ff2eda0365aa245dfe321fd4613b", "tokens": 131101, "tokens_sha256": "861ef26a6d151afca1053cb702d3d74a8e4ef1beae1928ecd65b6e1995a7cb99", "deterministic": true, "encode_s": 0.005252658, "errors": [], "reps": [{"phase": "warmup", "order_index": 26, "time_s": 3.2458e-05, "encode_s": 0.005252658, "total_s": 0.005285116}, {"phase": "measured", "order_index": 28, "time_s": 3.5174e-05, "encode_s": 0.00516882, "total_s": 0.005203994}, {"phase": "measured", "order_index": 30, "time_s": 3.3419e-05, "encode_s": 0.00506758, "total_s": 0.005100999}, {"phase": "measured", "order_index": 32, "time_s": 4.3026e-05, "encode_s": 0.005040524, "total_s": 0.00508355}, {"phase": "measured", "order_index": 34, "time_s": 3.3843e-05, "encode_s": 0.005081765, "total_s": 0.005115608000000001}, {"phase": "measured", "order_index": 36, "time_s": 3.2995e-05, "encode_s": 0.005113699, "total_s": 0.005146694}, {"phase": "measured", "order_index": 38, "time_s": 3.2784e-05, "encode_s": 0.005076994, "total_s": 0.005109778}, {"phase": "measured", "order_index": 40, "time_s": 3.2896e-05, "encode_s": 0.005063559, "total_s": 0.005096455}, {"phase": "measured", "order_index": 42, "time_s": 3.3719e-05, "encode_s": 0.005115134, "total_s": 0.005148853}, {"phase": "measured", "order_index": 44, "time_s": 3.35e-05, "encode_s": 0.005129873, "total_s": 0.005163373}, {"phase": "measured", "order_index": 46, "time_s": 3.277e-05, "encode_s": 0.005054227, "total_s": 0.005086996999999999}, {"phase": "measured", "order_index": 48, "time_s": 3.3143e-05, "encode_s": 0.005077333, "total_s": 0.005110476}]}}}
rmq-a	Run selected fresh official gate	2026-10-07T20:41:10.3657875Z SYNTHETIC_RAW 2 r3-432-fast3 {"kind": "file", "corpus": "synthetic-transfer", "file": "short-log.txt", "raw_bytes": 32505, "sha256": "23ef9a1b24b2cfcd1c73f1ff1a71ab017cbcf921409f96f8839c74819d3c0b82", "methods": {"incumbent": {"external": false, "output_bytes": 4871, "output_sha256": "b801c58b86a433392a15971de32130be788d25cd6f3a91a1abda0f0a909dac25", "tokens": 3017, "tokens_sha256": "fcd4ea723eb6d0e399dc5c1cf6825e8d767f6fc45a05600bb177054b19e7eaec", "deterministic": true, "encode_s": 0.000297636, "errors": [], "reps": [{"phase": "warmup", "order_index": 49, "time_s": 0.001193803, "encode_s": 0.000297636, "total_s": 0.001491439}, {"phase": "measured", "order_index": 51, "time_s": 0.001136649, "encode_s": 0.000295537, "total_s": 0.001432186}, {"phase": "measured", "order_index": 53, "time_s": 0.00115091, "encode_s": 0.00028726, "total_s": 0.00143817}, {"phase": "measured", "order_index": 55, "time_s": 0.001159635, "encode_s": 0.000292606, "total_s": 0.001452241}, {"phase": "measured", "order_index": 57, "time_s": 0.001154109, "encode_s": 0.000285068, "total_s": 0.0014391769999999998}, {"phase": "measured", "order_index": 59, "time_s": 0.001135089, "encode_s": 0.000287724, "total_s": 0.001422813}, {"phase": "measured", "order_index": 61, "time_s": 0.001161723, "encode_s": 0.0002857, "total_s": 0.001447423}, {"phase": "measured", "order_index": 63, "time_s": 0.00114304, "encode_s": 0.000284297, "total_s": 0.0014273369999999999}, {"phase": "measured", "order_index": 65, "time_s": 0.001176281, "encode_s": 0.000284358, "total_s": 0.001460639}, {"phase": "measured", "order_index": 67, "time_s": 0.001137162, "encode_s": 0.00028937, "total_s": 0.0014265319999999999}, {"phase": "measured", "order_index": 69, "time_s": 0.001146968, "encode_s": 0.000287824, "total_s": 0.0014347919999999998}, {"phase": "measured", "order_index": 71, "time_s": 0.001160099, "encode_s": 0.000288878, "total_s": 0.001448977}]}, "r3-432-fast3": {"external": false, "output_bytes": 8277, "output_sha256": "44efccadf8af77a0163a4d6740f486246dd4c10770eb34fe7972bafa6c805687", "tokens": 12200, "tokens_sha256": "891ba096a1bfc6ebae0e33da360e53f6233e820044e96dd5cab5ca945671f382", "deterministic": true, "encode_s": 0.000307754, "errors": [], "reps": [{"phase": "warmup", "order_index": 50, "time_s": 9.8104e-05, "encode_s": 0.000307754, "total_s": 0.000405858}, {"phase": "measured", "order_index": 52, "time_s": 8.6483e-05, "encode_s": 0.000301103, "total_s": 0.000387586}, {"phase": "measured", "order_index": 54, "time_s": 9.7131e-05, "encode_s": 0.000296632, "total_s": 0.000393763}, {"phase": "measured", "order_index": 56, "time_s": 9.1461e-05, "encode_s": 0.000328187, "total_s": 0.000419648}, {"phase": "measured", "order_index": 58, "time_s": 8.5923e-05, "encode_s": 0.000306701, "total_s": 0.000392624}, {"phase": "measured", "order_index": 60, "time_s": 8.7841e-05, "encode_s": 0.000306853, "total_s": 0.000394694}, {"phase": "measured", "order_index": 62, "time_s": 8.8792e-05, "encode_s": 0.000296331, "total_s": 0.000385123}, {"phase": "measured", "order_index": 64, "time_s": 9.0299e-05, "encode_s": 0.000299179, "total_s": 0.000389478}, {"phase": "measured", "order_index": 66, "time_s": 8.7012e-05, "encode_s": 0.000299714, "total_s": 0.000386726}, {"phase": "measured", "order_index": 68, "time_s": 8.4956e-05, "encode_s": 0.000297379, "total_s": 0.00038233500000000003}, {"phase": "measured", "order_index": 70, "time_s": 8.7076e-05, "encode_s": 0.00029602, "total_s": 0.000383096}, {"phase": "measured", "order_index": 72, "time_s": 9.0223e-05, "encode_s": 0.000295384, "total_s": 0.000385607}]}}}
rmq-a	Run selected fresh official gate	2026-10-07T20:41:10.3687132Z SYNTHETIC_RAW 2 r3-432-fast3 {"kind": "file", "corpus": "synthetic-transfer", "file": "source-like.txt", "raw_bytes": 220484, "sha256": "326efe91d7d1e5a11bee87388ef45c7551b1b541f17a1749d7cd5cd53c25ab66", "methods": {"incumbent": {"external": false, "output_bytes": 16650, "output_sha256": "a459035fe1f2d45221381fefc1bad509a69c3effb5a67ee57a00384072a446f5", "tokens": 7890, "tokens_sha256": "cf67564e32e855eac2759e9b433da56b133fd538e426d3f122c000aa5d009805", "deterministic": true, "encode_s": 0.000390656, "errors": [], "reps": [{"phase": "warmup", "order_index": 73, "time_s": 0.004859985, "encode_s": 0.000390656, "total_s": 0.0052506409999999995}, {"phase": "measured", "order_index": 75, "time_s": 0.004982605, "encode_s": 0.000407704, "total_s": 0.005390309}, {"phase": "measured", "order_index": 77, "time_s": 0.004800587, "encode_s": 0.000374146, "total_s": 0.005174733}, {"phase": "measured", "order_index": 79, "time_s": 0.004625575, "encode_s": 0.00036472, "total_s": 0.004990295}, {"phase": "measured", "order_index": 81, "time_s": 0.004622132, "encode_s": 0.000360882, "total_s": 0.004983014}, {"phase": "measured", "order_index": 83, "time_s": 0.004712222, "encode_s": 0.000373785, "total_s": 0.005086007}, {"phase": "measured", "order_index": 85, "time_s": 0.004701724, "encode_s": 0.000364106, "total_s": 0.00506583}, {"phase": "measured", "order_index": 87, "time_s": 0.004637931, "encode_s": 0.000363913, "total_s": 0.005001844}, {"phase": "measured", "order_index": 89, "time_s": 0.004619018, "encode_s": 0.000364539, "total_s": 0.004983557}, {"phase": "measured", "order_index": 91, "time_s": 0.004630309, "encode_s": 0.000359294, "total_s": 0.0049896030000000004}, {"phase": "measured", "order_index": 93, "time_s": 0.004646497, "encode_s": 0.000362676, "total_s": 0.0050091730000000004}, {"phase": "measured", "order_index": 95, "time_s": 0.004798625, "encode_s": 0.00036992, "total_s": 0.005168545}]}, "r3-432-fast3": {"external": false, "output_bytes": 18393, "output_sha256": "735b68c4a5747696b4ebf6c0135116a705a15f24a8c0f6be52ce706276dd0986", "tokens": 12013, "tokens_sha256": "29f01c38ee319caf136f8241dc558b245fce41198010ea49e228211ed3642be9", "deterministic": true, "encode_s": 0.0004491, "errors": [], "reps": [{"phase": "warmup", "order_index": 74, "time_s": 0.000290926, "encode_s": 0.0004491, "total_s": 0.000740026}, {"phase": "measured", "order_index": 76, "time_s": 0.000264031, "encode_s": 0.000435823, "total_s": 0.000699854}, {"phase": "measured", "order_index": 78, "time_s": 0.000250734, "encode_s": 0.00042028, "total_s": 0.0006710139999999999}, {"phase": "measured", "order_index": 80, "time_s": 0.000253297, "encode_s": 0.000427356, "total_s": 0.000680653}, {"phase": "measured", "order_index": 82, "time_s": 0.000258924, "encode_s": 0.000418917, "total_s": 0.000677841}, {"phase": "measured", "order_index": 84, "time_s": 0.000262828, "encode_s": 0.000435616, "total_s": 0.000698444}, {"phase": "measured", "order_index": 86, "time_s": 0.000253074, "encode_s": 0.000421385, "total_s": 0.000674459}, {"phase": "measured", "order_index": 88, "time_s": 0.000252544, "encode_s": 0.000419749, "total_s": 0.000672293}, {"phase": "measured", "order_index": 90, "time_s": 0.000254129, "encode_s": 0.000416744, "total_s": 0.000670873}, {"phase": "measured", "order_index": 92, "time_s": 0.000327301, "encode_s": 0.000467467, "total_s": 0.000794768}, {"phase": "measured", "order_index": 94, "time_s": 0.000258345, "encode_s": 0.000414526, "total_s": 0.000672871}, {"phase": "measured", "order_index": 96, "time_s": 0.000264008, "encode_s": 0.000424901, "total_s": 0.0006889089999999999}]}}}
rmq-a	Run selected fresh official gate	2026-10-07T20:41:10.3719122Z SYNTHETIC_RAW 2 r3-432-fast3 {"kind": "file", "corpus": "synthetic-transfer", "file": "sparse.bin", "raw_bytes": 53803, "sha256": "c51b774d8aadb5b636c1463ff5a9df4fe6c326330101df1daf2e4745b07678d3", "methods": {"incumbent": {"external": false, "output_bytes": 1798, "output_sha256": "64a1ff1bc414863ad88544207256d2d9a5ba187a3a5dc2ad6425dd07405c2e2c", "tokens": 1263, "tokens_sha256": "fae120ea72c3aae525d182eab79475dc599c31ea79ce1f32050a110b01939d24", "deterministic": true, "encode_s": 0.000512458, "errors": [], "reps": [{"phase": "warmup", "order_index": 97, "time_s": 0.001242072, "encode_s": 0.000512458, "total_s": 0.0017545300000000002}, {"phase": "measured", "order_index": 99, "time_s": 0.001209164, "encode_s": 0.000507737, "total_s": 0.0017169009999999998}, {"phase": "measured", "order_index": 101, "time_s": 0.001206157, "encode_s": 0.000489432, "total_s": 0.001695589}, {"phase": "measured", "order_index": 103, "time_s": 0.001236574, "encode_s": 0.000481116, "total_s": 0.00171769}, {"phase": "measured", "order_index": 105, "time_s": 0.001209219, "encode_s": 0.000483317, "total_s": 0.0016925360000000001}, {"phase": "measured", "order_index": 107, "time_s": 0.001213215, "encode_s": 0.000490382, "total_s": 0.0017035969999999998}, {"phase": "measured", "order_index": 109, "time_s": 0.001209967, "encode_s": 0.000481137, "total_s": 0.001691104}, {"phase": "measured", "order_index": 111, "time_s": 0.001213576, "encode_s": 0.000472606, "total_s": 0.001686182}, {"phase": "measured", "order_index": 113, "time_s": 0.001209623, "encode_s": 0.000490139, "total_s": 0.001699762}, {"phase": "measured", "order_index": 115, "time_s": 0.00120743, "encode_s": 0.000510998, "total_s": 0.0017184280000000001}, {"phase": "measured", "order_index": 117, "time_s": 0.001270987, "encode_s": 0.000505911, "total_s": 0.0017768979999999998}, {"phase": "measured", "order_index": 119, "time_s": 0.001248412, "encode_s": 0.000490161, "total_s": 0.001738573}]}, "r3-432-fast3": {"external": false, "output_bytes": 2134, "output_sha256": "8acb9c34ad5e88c0e527f0a3911b99bfac744f4625124fc678d7cdbab669c714", "tokens": 3795, "tokens_sha256": "db99e2e413bed52a91e27df8b345bd15b546f6855c8d934b12febe253691eb65", "deterministic": true, "encode_s": 0.000515684, "errors": [], "reps": [{"phase": "warmup", "order_index": 98, "time_s": 2.3775e-05, "encode_s": 0.000515684, "total_s": 0.0005394589999999999}, {"phase": "measured", "order_index": 100, "time_s": 2.2197e-05, "encode_s": 0.000496233, "total_s": 0.00051843}, {"phase": "measured", "order_index": 102, "time_s": 2.2837e-05, "encode_s": 0.000483767, "total_s": 0.000506604}, {"phase": "measured", "order_index": 104, "time_s": 2.2385e-05, "encode_s": 0.000493253, "total_s": 0.000515638}, {"phase": "measured", "order_index": 106, "time_s": 2.2228e-05, "encode_s": 0.000502344, "total_s": 0.000524572}, {"phase": "measured", "order_index": 108, "time_s": 2.2915e-05, "encode_s": 0.000489842, "total_s": 0.000512757}, {"phase": "measured", "order_index": 110, "time_s": 2.2683e-05, "encode_s": 0.000482529, "total_s": 0.000505212}, {"phase": "measured", "order_index": 112, "time_s": 2.252e-05, "encode_s": 0.000490956, "total_s": 0.000513476}, {"phase": "measured", "order_index": 114, "time_s": 2.3009e-05, "encode_s": 0.000498526, "total_s": 0.000521535}, {"phase": "measured", "order_index": 116, "time_s": 2.2602e-05, "encode_s": 0.000497792, "total_s": 0.0005203940000000001}, {"phase": "measured", "order_index": 118, "time_s": 2.3812e-05, "encode_s": 0.000481898, "total_s": 0.00050571}, {"phase": "measured", "order_index": 120, "time_s": 2.3213e-05, "encode_s": 0.000499682, "total_s": 0.000522895}]}}}
rmq-a	Run selected fresh official gate	2026-10-07T20:41:10.3747495Z SYNTHETIC_RAW 2 r3-432-fast3 {"kind": "file", "corpus": "synthetic-transfer", "file": "table.csv", "raw_bytes": 193765, "sha256": "e773c09c5e5d585dc64330f220ca47963de24c1be3297a8161e89fca34b98a85", "methods": {"incumbent": {"external": false, "output_bytes": 65436, "output_sha256": "dcb53081688a36dad21b849906f65e985a744ef8864e9324768f44dbb485a3fc", "tokens": 39085, "tokens_sha256": "93d50fc8a84ae35d4a248c3fc06f3632d2da32348cd6896ad6f9f43ea9515f65", "deterministic": true, "encode_s": 0.002214787, "errors": [], "reps": [{"phase": "warmup", "order_index": 121, "time_s": 0.013634805, "encode_s": 0.002214787, "total_s": 0.015849592}, {"phase": "measured", "order_index": 123, "time_s": 0.013612086, "encode_s": 0.00189257, "total_s": 0.015504656}, {"phase": "measured", "order_index": 125, "time_s": 0.013593451, "encode_s": 0.001872473, "total_s": 0.015465923999999999}, {"phase": "measured", "order_index": 127, "time_s": 0.013622362, "encode_s": 0.001875697, "total_s": 0.015498059000000002}, {"phase": "measured", "order_index": 129, "time_s": 0.013592333, "encode_s": 0.001872024, "total_s": 0.015464357}, {"phase": "measured", "order_index": 131, "time_s": 0.01363088, "encode_s": 0.001874032, "total_s": 0.015504912}, {"phase": "measured", "order_index": 133, "time_s": 0.013817963, "encode_s": 0.001879217, "total_s": 0.01569718}, {"phase": "measured", "order_index": 135, "time_s": 0.013577157, "encode_s": 0.001865427, "total_s": 0.015442583999999999}, {"phase": "measured", "order_index": 137, "time_s": 0.013714308, "encode_s": 0.001894515, "total_s": 0.015608822999999999}, {"phase": "measured", "order_index": 139, "time_s": 0.013599788, "encode_s": 0.001880422, "total_s": 0.01548021}, {"phase": "measured", "order_index": 141, "time_s": 0.013573317, "encode_s": 0.001875589, "total_s": 0.015448906}, {"phase": "measured", "order_index": 143, "time_s": 0.013641036, "encode_s": 0.001856606, "total_s": 0.015497642}]}, "r3-432-fast3": {"external": false, "output_bytes": 66603, "output_sha256": "74aa82188e366b316c292a5804da3107ff83ff4f70e4441f20000f4fd72be71c", "tokens": 46913, "tokens_sha256": "4ac0c77b41058b22eb906f5a2b614520508f3faddd2681b64e6aea3cfb703c64", "deterministic": true, "encode_s": 0.002276496, "errors": [], "reps": [{"phase": "warmup", "order_index": 122, "time_s": 0.001068946, "encode_s": 0.002276496, "total_s": 0.0033454419999999997}, {"phase": "measured", "order_index": 124, "time_s": 0.000985116, "encode_s": 0.002213166, "total_s": 0.003198282}, {"phase": "measured", "order_index": 126, "time_s": 0.000990054, "encode_s": 0.002287614, "total_s": 0.003277668}, {"phase": "measured", "order_index": 128, "time_s": 0.000989718, "encode_s": 0.002215164, "total_s": 0.003204882}, {"phase": "measured", "order_index": 130, "time_s": 0.000967282, "encode_s": 0.002219733, "total_s": 0.003187015}, {"phase": "measured", "order_index": 132, "time_s": 0.00100024, "encode_s": 0.00224679, "total_s": 0.0032470299999999997}, {"phase": "measured", "order_index": 134, "time_s": 0.000982972, "encode_s": 0.002220342, "total_s": 0.003203314}, {"phase": "measured", "order_index": 136, "time_s": 0.000985292, "encode_s": 0.002213875, "total_s": 0.003199167}, {"phase": "measured", "order_index": 138, "time_s": 0.000990139, "encode_s": 0.002213334, "total_s": 0.003203473}, {"phase": "measured", "order_index": 140, "time_s": 0.000990495, "encode_s": 0.002205829, "total_s": 0.003196324}, {"phase": "measured", "order_index": 142, "time_s": 0.000993087, "encode_s": 0.002210498, "total_s": 0.003203585}, {"phase": "measured", "order_index": 144, "time_s": 0.000996685, "encode_s": 0.002202887, "total_s": 0.0031995720000000004}]}}}
rmq-a	Run selected fresh official gate	2026-10-07T20:41:10.3783364Z SYNTHETIC_RAW 2 r3-432-fast3 {"kind": "file", "corpus": "synthetic-transfer", "file": "tiny-structured.txt", "raw_bytes": 15588, "sha256": "2b4701704019445efcca8272c668d8015913d54616281baf813d477623dfcdd3", "methods": {"incumbent": {"external": false, "output_bytes": 1492, "output_sha256": "f35f34fe896e5ec7c7a15e89fe5bd6eb74d866642044e5d5df10ea85bcdc674f", "tokens": 1083, "tokens_sha256": "0fa05be94e7e54cd3cede626db4ec06f61e270d22e2f35d810b14ec5a00d6dde", "deterministic": true, "encode_s": 0.000221427, "errors": [], "reps": [{"phase": "warmup", "order_index": 145, "time_s": 0.00029251, "encode_s": 0.000221427, "total_s": 0.000513937}, {"phase": "measured", "order_index": 147, "time_s": 0.000275016, "encode_s": 0.000187679, "total_s": 0.000462695}, {"phase": "measured", "order_index": 149, "time_s": 0.000259878, "encode_s": 0.000180431, "total_s": 0.000440309}, {"phase": "measured", "order_index": 151, "time_s": 0.00028087, "encode_s": 0.000185433, "total_s": 0.00046630300000000005}, {"phase": "measured", "order_index": 153, "time_s": 0.000262651, "encode_s": 0.000174738, "total_s": 0.00043738899999999994}, {"phase": "measured", "order_index": 155, "time_s": 0.000269413, "encode_s": 0.000181973, "total_s": 0.00045138599999999996}, {"phase": "measured", "order_index": 157, "time_s": 0.000279303, "encode_s": 0.000176768, "total_s": 0.000456071}, {"phase": "measured", "order_index": 159, "time_s": 0.000274454, "encode_s": 0.000180054, "total_s": 0.00045450799999999995}, {"phase": "measured", "order_index": 161, "time_s": 0.000262496, "encode_s": 0.000179829, "total_s": 0.000442325}, {"phase": "measured", "order_index": 163, "time_s": 0.000269123, "encode_s": 0.000172787, "total_s": 0.00044191}, {"phase": "measured", "order_index": 165, "time_s": 0.000270398, "encode_s": 0.000183369, "total_s": 0.000453767}, {"phase": "measured", "order_index": 167, "time_s": 0.000268044, "encode_s": 0.000173673, "total_s": 0.000441717}]}, "r3-432-fast3": {"external": false, "output_bytes": 2299, "output_sha256": "b0b848b0cc9f13315492e78ac8ad5091e82b05ec5dd2dec88b45f99eeaae24ba", "tokens": 2612, "tokens_sha256": "2b05eebcbbecbfa25fbffd0210603157067c17e26adf721f5c2642ef3f525cd9", "deterministic": true, "encode_s": 0.000166082, "errors": [], "reps": [{"phase": "warmup", "order_index": 146, "time_s": 3.8247e-05, "encode_s": 0.000166082, "total_s": 0.000204329}, {"phase": "measured", "order_index": 148, "time_s": 3.4992e-05, "encode_s": 0.000170137, "total_s": 0.000205129}, {"phase": "measured", "order_index": 150, "time_s": 3.1628e-05, "encode_s": 0.000151558, "total_s": 0.000183186}, {"phase": "measured", "order_index": 152, "time_s": 3.4788e-05, "encode_s": 0.000155944, "total_s": 0.00019073200000000002}, {"phase": "measured", "order_index": 154, "time_s": 3.2535e-05, "encode_s": 0.000164836, "total_s": 0.000197371}, {"phase": "measured", "order_index": 156, "time_s": 3.0614e-05, "encode_s": 0.000149702, "total_s": 0.00018031600000000003}, {"phase": "measured", "order_index": 158, "time_s": 3.1526e-05, "encode_s": 0.000155025, "total_s": 0.000186551}, {"phase": "measured", "order_index": 160, "time_s": 3.0176e-05, "encode_s": 0.000157128, "total_s": 0.000187304}, {"phase": "measured", "order_index": 162, "time_s": 3.3857e-05, "encode_s": 0.000158218, "total_s": 0.000192075}, {"phase": "measured", "order_index": 164, "time_s": 3.0949e-05, "encode_s": 0.00015419, "total_s": 0.00018513900000000002}, {"phase": "measured", "order_index": 166, "time_s": 3.5106e-05, "encode_s": 0.000166493, "total_s": 0.000201599}, {"phase": "measured", "order_index": 168, "time_s": 3.2078e-05, "encode_s": 0.000157983, "total_s": 0.000190061}]}}}
rmq-a	Run selected fresh official gate	2026-10-07T20:41:10.3817066Z SYNTHETIC_RAW 2 r3-432-fast3 {"kind": "file", "corpus": "synthetic-transfer", "file": "window-boundary.bin", "raw_bytes": 73735, "sha256": "3d5e223fd8ced74430c5b87ebbbe4ff9c9782c6902f9b137538dddc79f087dcc", "methods": {"incumbent": {"external": false, "output_bytes": 73933, "output_sha256": "5e456557d23dbd5249a36f224b7449a9d53075a00273d27d8ee8f397eeafb978", "tokens": 73559, "tokens_sha256": "35dd083034d7d329eefea50f23c8b2117879da70eb37280242ffd804c83eaf3b", "deterministic": true, "encode_s": 0.003544286, "errors": [], "reps": [{"phase": "warmup", "order_index": 169, "time_s": 0.001161157, "encode_s": 0.003544286, "total_s": 0.004705443}, {"phase": "measured", "order_index": 171, "time_s": 0.001165234, "encode_s": 0.003333784, "total_s": 0.004499018}, {"phase": "measured", "order_index": 173, "time_s": 0.001152514, "encode_s": 0.003296712, "total_s": 0.004449226}, {"phase": "measured", "order_index": 175, "time_s": 0.001142585, "encode_s": 0.003296629, "total_s": 0.004439214}, {"phase": "measured", "order_index": 177, "time_s": 0.00114614, "encode_s": 0.003293797, "total_s": 0.004439937}, {"phase": "measured", "order_index": 179, "time_s": 0.001139659, "encode_s": 0.003351986, "total_s": 0.004491645}, {"phase": "measured", "order_index": 181, "time_s": 0.001153571, "encode_s": 0.003288286, "total_s": 0.0044418570000000004}, {"phase": "measured", "order_index": 183, "time_s": 0.001139184, "encode_s": 0.003236923, "total_s": 0.004376107}, {"phase": "measured", "order_index": 185, "time_s": 0.001132835, "encode_s": 0.003299606, "total_s": 0.0044324410000000005}, {"phase": "measured", "order_index": 187, "time_s": 0.001162063, "encode_s": 0.003283021, "total_s": 0.004445084}, {"phase": "measured", "order_index": 189, "time_s": 0.001139272, "encode_s": 0.00332222, "total_s": 0.004461492}, {"phase": "measured", "order_index": 191, "time_s": 0.001140823, "encode_s": 0.003237464, "total_s": 0.004378287}]}, "r3-432-fast3": {"external": false, "output_bytes": 73760, "output_sha256": "7fc0f619879f4fb08483c528b61a18725bafcbfbce8f257146ac4741ba95851b", "tokens": 73735, "tokens_sha256": "8a3f0d4d337189d036871ced04356a9ba83426a905ea1c72d81f57b9d8549140", "deterministic": true, "encode_s": 0.002814748, "errors": [], "reps": [{"phase": "warmup", "order_index": 170, "time_s": 2.2894e-05, "encode_s": 0.002814748, "total_s": 0.002837642}, {"phase": "measured", "order_index": 172, "time_s": 2.3138e-05, "encode_s": 0.002806768, "total_s": 0.0028299059999999997}, {"phase": "measured", "order_index": 174, "time_s": 2.3579e-05, "encode_s": 0.002804109, "total_s": 0.002827688}, {"phase": "measured", "order_index": 176, "time_s": 2.3341e-05, "encode_s": 0.00281252, "total_s": 0.0028358610000000003}, {"phase": "measured", "order_index": 178, "time_s": 2.2987e-05, "encode_s": 0.0027844, "total_s": 0.0028073869999999997}, {"phase": "measured", "order_index": 180, "time_s": 2.3075e-05, "encode_s": 0.002796092, "total_s": 0.002819167}, {"phase": "measured", "order_index": 182, "time_s": 2.367e-05, "encode_s": 0.002854181, "total_s": 0.002877851}, {"phase": "measured", "order_index": 184, "time_s": 2.3006e-05, "encode_s": 0.002797814, "total_s": 0.00282082}, {"phase": "measured", "order_index": 186, "time_s": 2.319e-05, "encode_s": 0.002799728, "total_s": 0.002822918}, {"phase": "measured", "order_index": 188, "time_s": 2.3399e-05, "encode_s": 0.002773744, "total_s": 0.0027971429999999998}, {"phase": "measured", "order_index": 190, "time_s": 2.3323e-05, "encode_s": 0.002809714, "total_s": 0.002833037}, {"phase": "measured", "order_index": 192, "time_s": 2.3084e-05, "encode_s": 0.002805248, "total_s": 0.0028283320000000002}]}}}
rmq-a	Run selected fresh official gate	2026-10-07T20:41:10.3866157Z ROUND4_PHASE {"phase": "gate", "summary": [{"candidate": "r3-432-fast3", "control": true, "blocks": [1, 2], "time": 0.4264104219331175, "size_pct": 36.60213910633018, "own_anchor": {"time": 0.43787345819892, "size_pct": 36.999728556810254, "on_frontier": false, "dominating_ids": ["453"], "conditional_geometry_weight": 0, "size_gap_pp": 0}, "fixed_427": {"time": 0.4325519648683495, "size_pct": 36.859371565647756, "on_frontier": true, "dominating_ids": [], "conditional_geometry_weight": 0.0013674726005845135, "size_gap_pp": 0}, "stress_1pct": {"time": 0.4422521927809092, "size_pct": 36.999728556810254, "on_frontier": false, "dominating_ids": ["453", "481"], "conditional_geometry_weight": 0, "size_gap_pp": 0.439732922335601}, "time_change_pct_vs_fast3": [0.0, 0.0], "size_change_pp_vs_fast3": 0.0, "equivalence": null}, {"candidate": "mid-shadow", "control": true, "blocks": [1, 2], "time": 1.0648140653377745, "size_pct": 33.95862675598211, "own_anchor": {"time": 1.1603100325671325, "size_pct": 34.209957755736326, "on_frontier": false, "dominating_ids": ["375"], "conditional_geometry_weight": 0, "size_gap_pp": 0.002389753302253439}, "fixed_427": {"time": 1.0801504665229607, "size_pct": 34.19728114309628, "on_frontier": true, "dominating_ids": [], "conditional_geometry_weight": 0.04689032518346836, "size_gap_pp": 0}, "stress_1pct": {"time": 1.1720074017082158, "size_pct": 34.209957755736326, "on_frontier": false, "dominating_ids": ["375"], "conditional_geometry_weight": 0, "size_gap_pp": 0.002389753302253439}, "time_change_pct_vs_fast3": [149.9928160392267, 149.4396315859411], "size_change_pp_vs_fast3": -2.643512350348068, "equivalence": null}, {"candidate": "public361", "control": true, "blocks": [1, 2], "time": 1.065326708954872, "size_pct": 33.95862675598211, "own_anchor": {"time": 1.1608686942402877, "size_pct": 34.209957755736326, "on_frontier": false, "dominating_ids": ["375"], "conditional_geometry_weight": 0, "size_gap_pp": 0.002389753302253439}, "fixed_427": {"time": 1.0806704936903255, "size_pct": 34.19728114309628, "on_frontier": true, "dominating_ids": [], "conditional_geometry_weight": 0.04665526890522017, "size_gap_pp": 0}, "stress_1pct": {"time": 1.1724773811826905, "size_pct": 34.209957755736326, "on_frontier": false, "dominating_ids": ["375"], "conditional_geometry_weight": 0, "size_gap_pp": 0.002389753302253439}, "time_change_pct_vs_fast3": [150.13330238110962, 149.53965783730703], "size_change_pp_vs_fast3": -2.643512350348068, "equivalence": null}, {"candidate": "r9-block-scalar", "control": true, "blocks": [1, 2], "time": 1.3067277584144459, "size_pct": 33.934365747942536, "own_anchor": {"time": 1.423919798581995, "size_pct": 34.18551718968784, "on_frontier": false, "dominating_ids": ["360", "418", "422"], "conditional_geometry_weight": 0, "size_gap_pp": 0.008274726843147562}, "fixed_427": {"time": 1.3255484162130504, "size_pct": 34.172849633580135, "on_frontier": true, "dominating_ids": [], "conditional_geometry_weight": 0.02633940813655162, "size_gap_pp": 0}, "stress_1pct": {"time": 1.439088042664216, "size_pct": 34.18551718968784, "on_frontier": false, "dominating_ids": ["360", "418", "422"], "conditional_geometry_weight": 0, "size_gap_pp": 0.008274726843147562}, "time_change_pct_vs_fast3": [207.0113336989649, 205.8872399844475], "size_change_pp_vs_fast3": -2.6677733583876417, "equivalence": null}, {"candidate": "r7-mid361-block1", "control": true, "blocks": [1, 2], "time": 1.3123420359777282, "size_pct": 33.934365747942536, "own_anchor": {"time": 1.430037112531898, "size_pct": 34.18551718968784, "on_frontier": false, "dominating_ids": ["360", "418", "422"], "conditional_geometry_weight": 0, "size_gap_pp": 0.008274726843147562}, "fixed_427": {"time": 1.3312435556055275, "size_pct": 34.172849633580135, "on_frontier": true, "dominating_ids": [], "conditional_geometry_weight": 0.024800245665520398, "size_gap_pp": 0}, "stress_1pct": {"time": 1.4444518447294892, "size_pct": 34.18551718968784, "on_frontier": false, "dominating_ids": ["360", "418", "422"], "conditional_geometry_weight": 0, "size_gap_pp": 0.008274726843147562}, "time_change_pct_vs_fast3": [208.1068384133221, 207.42428372705652], "size_change_pp_vs_fast3": -2.6677733583876417, "equivalence": null}, {"candidate": "r10-rmq8", "control": false, "blocks": [1, 2], "time": 1.373799267494364, "size_pct": 33.934365747942536, "own_anchor": {"time": 1.4970061464288262, "size_pct": 34.18551718968784, "on_frontier": false, "dominating_ids": ["296", "360", "417", "418", "422"], "conditional_geometry_weight": 0, "size_gap_pp": 0.022459938803805812}, "fixed_427": {"time": 1.3935859489442612, "size_pct": 34.172849633580135, "on_frontier": true, "dominating_ids": [], "conditional_geometry_weight": 0.008165732982570695, "size_gap_pp": 0}, "stress_1pct": {"time": 1.51212082353038, "size_pct": 34.18551718968784, "on_frontier": false, "dominating_ids": ["296", "360", "417", "418", "419", "422"], "conditional_geometry_weight": 0, "size_gap_pp": 0.02451856911199002}, "time_change_pct_vs_fast3": [222.59195892322504, 221.76478991740333], "size_change_pp_vs_fast3": -2.6677733583876417, "equivalence": {"reference": "r9-block-scalar", "public_token_and_output_equal": true, "changed_files": [], "scope": "finite public corpus only; no all-input equivalence claim"}}, {"candidate": "public432", "control": true, "blocks": [1, 2], "time": 0.4299123084938074, "size_pct": 36.52435870548103, "own_anchor": {"time": 0.4413850574969763, "size_pct": 36.91273515631194, "on_frontier": false, "dominating_ids": ["481"], "conditional_geometry_weight": 0, "size_gap_pp": 0.35273952183728596}, "fixed_427": {"time": 0.436104288720345, "size_pct": 36.781044539812044, "on_frontier": true, "dominating_ids": [], "conditional_geometry_weight": 0.0006041667438991012, "size_gap_pp": 0}, "stress_1pct": {"time": 0.4457989080719461, "size_pct": 36.91273515631194, "on_frontier": false, "dominating_ids": ["451", "456", "481"], "conditional_geometry_weight": 0, "size_gap_pp": 0.6682900958168787}, "time_change_pct_vs_fast3": [0.6114805996093375, 1.0303268329592496], "size_change_pp_vs_fast3": -0.07778040084915006, "equivalence": null}, {"candidate": "probe3", "control": true, "blocks": [1, 2], "time": 0.4524869615716618, "size_pct": 35.92083771476539, "own_anchor": {"time": 0.46614327772931885, "size_pct": 36.173282125166494, "on_frontier": false, "dominating_ids": ["434", "437", "442", "464"], "conditional_geometry_weight": 0, "size_gap_pp": 0.4163487968876325}, "fixed_427": {"time": 0.4590040820715001, "size_pct": 36.173282125166494, "on_frontier": false, "dominating_ids": ["434", "437"], "conditional_geometry_weight": 0, "size_gap_pp": 0.18964693852773706}, "stress_1pct": {"time": 0.47080471050661205, "size_pct": 36.173282125166494, "on_frontier": false, "dominating_ids": ["434", "437", "442", "464"], "conditional_geometry_weight": 0, "size_gap_pp": 0.4163487968876325}, "time_change_pct_vs_fast3": [6.371028636739662, 5.860533716232319], "size_change_pp_vs_fast3": -0.6813013915647872, "equivalence": null}], "gates": {}, "failures": []}
rmq-a	Publish final evidence without toolchains or binaries	﻿2026-10-07T20:41:10.3977258Z ##[group]Run actions/upload-artifact@ea165f8d65b6e75b540449e92b4886f43607fa02
rmq-a	Publish final evidence without toolchains or binaries	2026-10-07T20:41:10.3977870Z with:
rmq-a	Publish final evidence without toolchains or binaries	2026-10-07T20:41:10.3978189Z   name: r10-37680712729-rmq-a-gate
rmq-a	Publish final evidence without toolchains or binaries	2026-10-07T20:41:10.3978641Z   path: /home/runner/work/_temp/round4-receipts/
rmq-a	Publish final evidence without toolchains or binaries	2026-10-07T20:41:10.3979228Z   retention-days: 1
rmq-a	Publish final evidence without toolchains or binaries	2026-10-07T20:41:10.3979585Z   compression-level: 9
rmq-a	Publish final evidence without toolchains or binaries	2026-10-07T20:41:10.3979960Z   if-no-files-found: ignore
rmq-a	Publish final evidence without toolchains or binaries	2026-10-07T20:41:10.3980313Z   overwrite: false
rmq-a	Publish final evidence without toolchains or binaries	2026-10-07T20:41:10.3980659Z   include-hidden-files: false
rmq-a	Publish final evidence without toolchains or binaries	2026-10-07T20:41:10.3981041Z env:
rmq-a	Publish final evidence without toolchains or binaries	2026-10-07T20:41:10.3981335Z   ROUND4_SPEC: rmq-a
rmq-a	Publish final evidence without toolchains or binaries	2026-10-07T20:41:10.3981977Z   ROUND4_SPEC_DIR: evidence/round10
rmq-a	Publish final evidence without toolchains or binaries	2026-10-07T20:41:10.3982481Z   DEFLATE_ROOT: /home/runner/work/_temp/deflate-upstream
rmq-a	Publish final evidence without toolchains or binaries	2026-10-07T20:41:10.3983029Z   ELAN_HOME: /home/runner/work/_temp/deflate-upstream/validator/.work/elan
rmq-a	Publish final evidence without toolchains or binaries	2026-10-07T20:41:10.3983920Z   XDG_CACHE_HOME: /home/runner/work/_temp/deflate-cache
rmq-a	Publish final evidence without toolchains or binaries	2026-10-07T20:41:10.3984470Z   UV_CACHE_DIR: /home/runner/work/_temp/deflate-cache/uv
rmq-a	Publish final evidence without toolchains or binaries	2026-10-07T20:41:10.3984956Z   XDG_RUNTIME_DIR: /run/user/1001
rmq-a	Publish final evidence without toolchains or binaries	2026-10-07T20:41:10.3985392Z   DBUS_SESSION_BUS_ADDRESS: unix:path=/run/user/1001/bus
rmq-a	Publish final evidence without toolchains or binaries	2026-10-07T20:41:10.3985886Z   VERIFY_CORPUS: corpus-stage1
rmq-a	Publish final evidence without toolchains or binaries	2026-10-07T20:41:10.3986277Z   VERIFY_SANDBOX: bwrap
rmq-a	Publish final evidence without toolchains or binaries	2026-10-07T20:41:10.3986668Z   GIT_TERMINAL_PROMPT: 0
rmq-a	Publish final evidence without toolchains or binaries	2026-10-07T20:41:10.3987011Z ##[endgroup]
rmq-a	Publish final evidence without toolchains or binaries	2026-10-07T20:41:10.5762831Z (node:7260) [DEP0040] DeprecationWarning: The `punycode` module is deprecated. Please use a userland alternative instead.
rmq-a	Publish final evidence without toolchains or binaries	2026-10-07T20:41:10.5771258Z (Use `node --trace-deprecation ...` to show where the warning was created)
rmq-a	Publish final evidence without toolchains or binaries	2026-10-07T20:41:10.6123477Z With the provided path, there will be 40 files uploaded
rmq-a	Publish final evidence without toolchains or binaries	2026-10-07T20:41:10.6124534Z Artifact name is valid!
rmq-a	Publish final evidence without toolchains or binaries	2026-10-07T20:41:10.6125086Z Root directory input is valid!
rmq-a	Publish final evidence without toolchains or binaries	2026-10-07T20:41:10.9432303Z Beginning upload of artifact content to blob storage
rmq-a	Publish final evidence without toolchains or binaries	2026-10-07T20:41:11.2003800Z (node:7260) [DEP0169] DeprecationWarning: `url.parse()` behavior is not standardized and prone to errors that have security implications. Use the WHATWG URL API instead. CVEs are not issued for `url.parse()` vulnerabilities.
rmq-a	Publish final evidence without toolchains or binaries	2026-10-07T20:41:11.7235143Z Uploaded bytes 731619
rmq-a	Publish final evidence without toolchains or binaries	2026-10-07T20:41:11.7882758Z Finished uploading artifact content to blob storage!
rmq-a	Publish final evidence without toolchains or binaries	2026-10-07T20:41:11.7888680Z SHA256 digest of uploaded artifact zip is 925dd7db632c956e22fb875801e1b59014c12b212f6c8b66b6751598649f589e
rmq-a	Publish final evidence without toolchains or binaries	2026-10-07T20:41:11.7889604Z Finalizing artifact upload
rmq-a	Publish final evidence without toolchains or binaries	2026-10-07T20:41:12.0334847Z Artifact r10-37680712729-rmq-a-gate.zip successfully finalized. Artifact ID 11510702406
rmq-a	Publish final evidence without toolchains or binaries	2026-10-07T20:41:12.0342697Z Artifact r10-37680712729-rmq-a-gate has been successfully uploaded! Final size is 731619 bytes. Artifact ID is 11510702406
rmq-a	Publish final evidence without toolchains or binaries	2026-10-07T20:41:12.0344163Z Artifact download URL: https://github.com/HuanHuanHuanFFF/Miner/actions/runs/37680712729/artifacts/11510702406
rmq-a	Post Run actions/checkout@11d5960a326750d5838078e36cf38b85af677262	﻿2026-10-07T20:41:12.0757966Z Post job cleanup.
rmq-a	Post Run actions/checkout@11d5960a326750d5838078e36cf38b85af677262	2026-10-07T20:41:12.1782989Z [command]/usr/bin/git version
rmq-a	Post Run actions/checkout@11d5960a326750d5838078e36cf38b85af677262	2026-10-07T20:41:12.1857704Z git version 2.55.0
rmq-a	Post Run actions/checkout@11d5960a326750d5838078e36cf38b85af677262	2026-10-07T20:41:12.1929289Z Temporarily overriding HOME='/home/runner/work/_temp/e19e4396-b6bb-4889-bebf-86ce279d7044' before making global git config changes
rmq-a	Post Run actions/checkout@11d5960a326750d5838078e36cf38b85af677262	2026-10-07T20:41:12.1941681Z Adding repository directory to the temporary git global config as a safe directory
rmq-a	Post Run actions/checkout@11d5960a326750d5838078e36cf38b85af677262	2026-10-07T20:41:12.1946734Z [command]/usr/bin/git config --global --add safe.directory /home/runner/work/Miner/Miner
rmq-a	Post Run actions/checkout@11d5960a326750d5838078e36cf38b85af677262	2026-10-07T20:41:12.1984707Z [command]/usr/bin/git config --local --name-only --get-regexp core\.sshCommand
rmq-a	Post Run actions/checkout@11d5960a326750d5838078e36cf38b85af677262	2026-10-07T20:41:12.2032746Z [command]/usr/bin/git submodule foreach --recursive sh -c "git config --local --name-only --get-regexp 'core\.sshCommand' && git config --local --unset-all 'core.sshCommand' || :"
rmq-a	Post Run actions/checkout@11d5960a326750d5838078e36cf38b85af677262	2026-10-07T20:41:12.2437121Z [command]/usr/bin/git config --local --name-only --get-regexp http\.https\:\/\/github\.com\/\.extraheader
rmq-a	Post Run actions/checkout@11d5960a326750d5838078e36cf38b85af677262	2026-10-07T20:41:12.2529323Z [command]/usr/bin/git submodule foreach --recursive sh -c "git config --local --name-only --get-regexp 'http\.https\:\/\/github\.com\/\.extraheader' && git config --local --unset-all 'http.https://github.com/.extraheader' || :"
rmq-a	Post Run actions/checkout@11d5960a326750d5838078e36cf38b85af677262	2026-10-07T20:41:12.3061834Z [command]/usr/bin/git config --local --name-only --get-regexp ^includeIf\.gitdir:
rmq-a	Post Run actions/checkout@11d5960a326750d5838078e36cf38b85af677262	2026-10-07T20:41:12.3138973Z [command]/usr/bin/git submodule foreach --recursive git config --local --show-origin --name-only --get-regexp remote.origin.url
rmq-a	Complete job	﻿2026-10-07T20:41:12.3640292Z Cleaning up orphan processes
rmq-a	Complete job	2026-10-07T20:41:12.4573055Z ##[warning]Node.js 20 is deprecated. The following actions target Node.js 20 but are being forced to run on Node.js 24: actions/checkout@11d5960a326750d5838078e36cf38b85af677262, actions/upload-artifact@ea165f8d65b6e75b540449e92b4886f43607fa02. For more information see: https://github.blog/changelog/2025-09-19-deprecation-of-node-20-on-github-actions-runners/
