mask-k	Set up job	﻿2026-10-07T23:24:38.9414344Z Current runner version: '2.337.0'
mask-k	Set up job	2026-10-07T23:24:38.9480682Z ##[group]Runner Image Provisioner
mask-k	Set up job	2026-10-07T23:24:38.9481932Z Hosted Compute Agent
mask-k	Set up job	2026-10-07T23:24:38.9482731Z Version: 20261002.596
mask-k	Set up job	2026-10-07T23:24:38.9483511Z Commit: c3d12f3313a95f25162a1503be624f3b0617f8c0
mask-k	Set up job	2026-10-07T23:24:38.9484461Z Build Date: 2026-10-02T22:28:27Z
mask-k	Set up job	2026-10-07T23:24:38.9485423Z Worker ID: {81bb5247-34f5-436f-85e2-92e6f9179b3d}
mask-k	Set up job	2026-10-07T23:24:38.9486304Z Region: westus3
mask-k	Set up job	2026-10-07T23:24:38.9507726Z Cloud: Azure
mask-k	Set up job	2026-10-07T23:24:38.9508513Z ##[endgroup]
mask-k	Set up job	2026-10-07T23:24:38.9510392Z ##[group]Operating System
mask-k	Set up job	2026-10-07T23:24:38.9511302Z Ubuntu
mask-k	Set up job	2026-10-07T23:24:38.9511971Z 24.04.5
mask-k	Set up job	2026-10-07T23:24:38.9512610Z LTS
mask-k	Set up job	2026-10-07T23:24:38.9513245Z ##[endgroup]
mask-k	Set up job	2026-10-07T23:24:38.9513913Z ##[group]Runner Image
mask-k	Set up job	2026-10-07T23:24:38.9515200Z Image: ubuntu-24.04
mask-k	Set up job	2026-10-07T23:24:38.9515925Z Version: 20261004.327.1
mask-k	Set up job	2026-10-07T23:24:38.9517518Z Included Software: https://github.com/actions/runner-images/blob/ubuntu24/20261004.327/images/ubuntu/Ubuntu2404-Readme.md
mask-k	Set up job	2026-10-07T23:24:38.9519867Z Image Release: https://github.com/actions/runner-images/releases/tag/ubuntu24%2F20261004.327
mask-k	Set up job	2026-10-07T23:24:38.9521179Z ##[endgroup]
mask-k	Set up job	2026-10-07T23:24:38.9522611Z ##[group]GITHUB_TOKEN Permissions
mask-k	Set up job	2026-10-07T23:24:38.9525402Z Contents: read
mask-k	Set up job	2026-10-07T23:24:38.9526150Z Metadata: read
mask-k	Set up job	2026-10-07T23:24:38.9547365Z ##[endgroup]
mask-k	Set up job	2026-10-07T23:24:38.9550182Z Secret source: Actions
mask-k	Set up job	2026-10-07T23:24:38.9551485Z Cache mode: write
mask-k	Set up job	2026-10-07T23:24:38.9552759Z Prepare workflow directory
mask-k	Set up job	2026-10-07T23:24:39.0432282Z Prepare all required actions
mask-k	Set up job	2026-10-07T23:24:39.0540437Z Getting action download info
mask-k	Set up job	2026-10-07T23:24:39.3762377Z Download action repository 'actions/checkout@11d5960a326750d5838078e36cf38b85af677262' (SHA:11d5960a326750d5838078e36cf38b85af677262)
mask-k	Set up job	2026-10-07T23:24:39.5286310Z Download action repository 'actions/upload-artifact@ea165f8d65b6e75b540449e92b4886f43607fa02' (SHA:ea165f8d65b6e75b540449e92b4886f43607fa02)
mask-k	Set up job	2026-10-07T23:24:39.8453486Z Complete job name: mask-k
mask-k	Run actions/checkout@11d5960a326750d5838078e36cf38b85af677262	﻿2026-10-07T23:24:39.9079784Z ##[group]Run actions/checkout@11d5960a326750d5838078e36cf38b85af677262
mask-k	Run actions/checkout@11d5960a326750d5838078e36cf38b85af677262	2026-10-07T23:24:39.9081176Z with:
mask-k	Run actions/checkout@11d5960a326750d5838078e36cf38b85af677262	2026-10-07T23:24:39.9081774Z   persist-credentials: false
mask-k	Run actions/checkout@11d5960a326750d5838078e36cf38b85af677262	2026-10-07T23:24:39.9082551Z   repository: HuanHuanHuanFFF/Miner
mask-k	Run actions/checkout@11d5960a326750d5838078e36cf38b85af677262	2026-10-07T23:24:39.9088967Z   token: ***
mask-k	Run actions/checkout@11d5960a326750d5838078e36cf38b85af677262	2026-10-07T23:24:39.9089591Z   ssh-strict: true
mask-k	Run actions/checkout@11d5960a326750d5838078e36cf38b85af677262	2026-10-07T23:24:39.9090174Z   ssh-user: git
mask-k	Run actions/checkout@11d5960a326750d5838078e36cf38b85af677262	2026-10-07T23:24:39.9090721Z   clean: true
mask-k	Run actions/checkout@11d5960a326750d5838078e36cf38b85af677262	2026-10-07T23:24:39.9091300Z   sparse-checkout-cone-mode: true
mask-k	Run actions/checkout@11d5960a326750d5838078e36cf38b85af677262	2026-10-07T23:24:39.9091988Z   fetch-depth: 1
mask-k	Run actions/checkout@11d5960a326750d5838078e36cf38b85af677262	2026-10-07T23:24:39.9092541Z   fetch-tags: false
mask-k	Run actions/checkout@11d5960a326750d5838078e36cf38b85af677262	2026-10-07T23:24:39.9093125Z   show-progress: true
mask-k	Run actions/checkout@11d5960a326750d5838078e36cf38b85af677262	2026-10-07T23:24:39.9093709Z   lfs: false
mask-k	Run actions/checkout@11d5960a326750d5838078e36cf38b85af677262	2026-10-07T23:24:39.9094262Z   submodules: false
mask-k	Run actions/checkout@11d5960a326750d5838078e36cf38b85af677262	2026-10-07T23:24:39.9094981Z   set-safe-directory: true
mask-k	Run actions/checkout@11d5960a326750d5838078e36cf38b85af677262	2026-10-07T23:24:39.9095645Z   allow-unsafe-pr-checkout: false
mask-k	Run actions/checkout@11d5960a326750d5838078e36cf38b85af677262	2026-10-07T23:24:39.9096518Z env:
mask-k	Run actions/checkout@11d5960a326750d5838078e36cf38b85af677262	2026-10-07T23:24:39.9097251Z   ROUND4_SPEC: mask-k
mask-k	Run actions/checkout@11d5960a326750d5838078e36cf38b85af677262	2026-10-07T23:24:39.9097885Z   ROUND4_SPEC_DIR: evidence/round10
mask-k	Run actions/checkout@11d5960a326750d5838078e36cf38b85af677262	2026-10-07T23:24:39.9098596Z ##[endgroup]
mask-k	Run actions/checkout@11d5960a326750d5838078e36cf38b85af677262	2026-10-07T23:24:40.1135448Z Syncing repository: HuanHuanHuanFFF/Miner
mask-k	Run actions/checkout@11d5960a326750d5838078e36cf38b85af677262	2026-10-07T23:24:40.1138645Z ##[group]Getting Git version info
mask-k	Run actions/checkout@11d5960a326750d5838078e36cf38b85af677262	2026-10-07T23:24:40.1140000Z Working directory is '/home/runner/work/Miner/Miner'
mask-k	Run actions/checkout@11d5960a326750d5838078e36cf38b85af677262	2026-10-07T23:24:40.1142009Z [command]/usr/bin/git version
mask-k	Run actions/checkout@11d5960a326750d5838078e36cf38b85af677262	2026-10-07T23:24:40.1142796Z git version 2.55.0
mask-k	Run actions/checkout@11d5960a326750d5838078e36cf38b85af677262	2026-10-07T23:24:40.1145965Z ##[endgroup]
mask-k	Run actions/checkout@11d5960a326750d5838078e36cf38b85af677262	2026-10-07T23:24:40.1154085Z Temporarily overriding HOME='/home/runner/work/_temp/b576f842-567d-47b6-8be9-24cfc22447dc' before making global git config changes
mask-k	Run actions/checkout@11d5960a326750d5838078e36cf38b85af677262	2026-10-07T23:24:40.1155904Z Adding repository directory to the temporary git global config as a safe directory
mask-k	Run actions/checkout@11d5960a326750d5838078e36cf38b85af677262	2026-10-07T23:24:40.1157460Z [command]/usr/bin/git config --global --add safe.directory /home/runner/work/Miner/Miner
mask-k	Run actions/checkout@11d5960a326750d5838078e36cf38b85af677262	2026-10-07T23:24:40.1159370Z Deleting the contents of '/home/runner/work/Miner/Miner'
mask-k	Run actions/checkout@11d5960a326750d5838078e36cf38b85af677262	2026-10-07T23:24:40.1160627Z ##[group]Initializing the repository
mask-k	Run actions/checkout@11d5960a326750d5838078e36cf38b85af677262	2026-10-07T23:24:40.1161438Z [command]/usr/bin/git init /home/runner/work/Miner/Miner
mask-k	Run actions/checkout@11d5960a326750d5838078e36cf38b85af677262	2026-10-07T23:24:40.1162850Z hint: Using 'master' as the name for the initial branch. This default branch name
mask-k	Run actions/checkout@11d5960a326750d5838078e36cf38b85af677262	2026-10-07T23:24:40.1164089Z hint: will change to "main" in Git 3.0. To configure the initial branch name
mask-k	Run actions/checkout@11d5960a326750d5838078e36cf38b85af677262	2026-10-07T23:24:40.1165275Z hint: to use in all of your new repositories, which will suppress this warning,
mask-k	Run actions/checkout@11d5960a326750d5838078e36cf38b85af677262	2026-10-07T23:24:40.1166221Z hint: call:
mask-k	Run actions/checkout@11d5960a326750d5838078e36cf38b85af677262	2026-10-07T23:24:40.1200243Z hint:
mask-k	Run actions/checkout@11d5960a326750d5838078e36cf38b85af677262	2026-10-07T23:24:40.1200967Z hint: 	git config --global init.defaultBranch <name>
mask-k	Run actions/checkout@11d5960a326750d5838078e36cf38b85af677262	2026-10-07T23:24:40.1201789Z hint:
mask-k	Run actions/checkout@11d5960a326750d5838078e36cf38b85af677262	2026-10-07T23:24:40.1211084Z hint: Names commonly chosen instead of 'master' are 'main', 'trunk' and
mask-k	Run actions/checkout@11d5960a326750d5838078e36cf38b85af677262	2026-10-07T23:24:40.1227757Z hint: 'development'. The just-created branch can be renamed via this command:
mask-k	Run actions/checkout@11d5960a326750d5838078e36cf38b85af677262	2026-10-07T23:24:40.1228878Z hint:
mask-k	Run actions/checkout@11d5960a326750d5838078e36cf38b85af677262	2026-10-07T23:24:40.1229551Z hint: 	git branch -m <name>
mask-k	Run actions/checkout@11d5960a326750d5838078e36cf38b85af677262	2026-10-07T23:24:40.1230556Z hint:
mask-k	Run actions/checkout@11d5960a326750d5838078e36cf38b85af677262	2026-10-07T23:24:40.1231461Z hint: Disable this message with "git config set advice.defaultBranchName false"
mask-k	Run actions/checkout@11d5960a326750d5838078e36cf38b85af677262	2026-10-07T23:24:40.1232779Z Initialized empty Git repository in /home/runner/work/Miner/Miner/.git/
mask-k	Run actions/checkout@11d5960a326750d5838078e36cf38b85af677262	2026-10-07T23:24:40.1235144Z [command]/usr/bin/git remote add origin https://github.com/HuanHuanHuanFFF/Miner
mask-k	Run actions/checkout@11d5960a326750d5838078e36cf38b85af677262	2026-10-07T23:24:40.1238009Z ##[endgroup]
mask-k	Run actions/checkout@11d5960a326750d5838078e36cf38b85af677262	2026-10-07T23:24:40.1239048Z ##[group]Disabling automatic garbage collection
mask-k	Run actions/checkout@11d5960a326750d5838078e36cf38b85af677262	2026-10-07T23:24:40.1239988Z [command]/usr/bin/git config --local gc.auto 0
mask-k	Run actions/checkout@11d5960a326750d5838078e36cf38b85af677262	2026-10-07T23:24:40.1243045Z ##[endgroup]
mask-k	Run actions/checkout@11d5960a326750d5838078e36cf38b85af677262	2026-10-07T23:24:40.1244148Z ##[group]Setting up auth
mask-k	Run actions/checkout@11d5960a326750d5838078e36cf38b85af677262	2026-10-07T23:24:40.1245117Z [command]/usr/bin/git config --local --name-only --get-regexp core\.sshCommand
mask-k	Run actions/checkout@11d5960a326750d5838078e36cf38b85af677262	2026-10-07T23:24:40.1248562Z [command]/usr/bin/git submodule foreach --recursive sh -c "git config --local --name-only --get-regexp 'core\.sshCommand' && git config --local --unset-all 'core.sshCommand' || :"
mask-k	Run actions/checkout@11d5960a326750d5838078e36cf38b85af677262	2026-10-07T23:24:40.1530596Z [command]/usr/bin/git config --local --name-only --get-regexp http\.https\:\/\/github\.com\/\.extraheader
mask-k	Run actions/checkout@11d5960a326750d5838078e36cf38b85af677262	2026-10-07T23:24:40.1572067Z [command]/usr/bin/git submodule foreach --recursive sh -c "git config --local --name-only --get-regexp 'http\.https\:\/\/github\.com\/\.extraheader' && git config --local --unset-all 'http.https://github.com/.extraheader' || :"
mask-k	Run actions/checkout@11d5960a326750d5838078e36cf38b85af677262	2026-10-07T23:24:40.1790810Z [command]/usr/bin/git config --local --name-only --get-regexp ^includeIf\.gitdir:
mask-k	Run actions/checkout@11d5960a326750d5838078e36cf38b85af677262	2026-10-07T23:24:40.1836387Z [command]/usr/bin/git submodule foreach --recursive git config --local --show-origin --name-only --get-regexp remote.origin.url
mask-k	Run actions/checkout@11d5960a326750d5838078e36cf38b85af677262	2026-10-07T23:24:40.2041934Z [command]/usr/bin/git config --local http.https://github.com/.extraheader AUTHORIZATION: basic ***
mask-k	Run actions/checkout@11d5960a326750d5838078e36cf38b85af677262	2026-10-07T23:24:40.2081206Z ##[endgroup]
mask-k	Run actions/checkout@11d5960a326750d5838078e36cf38b85af677262	2026-10-07T23:24:40.2082331Z ##[group]Fetching the repository
mask-k	Run actions/checkout@11d5960a326750d5838078e36cf38b85af677262	2026-10-07T23:24:40.2089688Z [command]/usr/bin/git -c protocol.version=2 fetch --no-tags --prune --no-recurse-submodules --depth=1 origin +cbd20a01b6c23902bad49382e4c54b9d84ba9a17:refs/remotes/origin/codex/round10-balanced
mask-k	Run actions/checkout@11d5960a326750d5838078e36cf38b85af677262	2026-10-07T23:24:50.6008668Z From https://github.com/HuanHuanHuanFFF/Miner
mask-k	Run actions/checkout@11d5960a326750d5838078e36cf38b85af677262	2026-10-07T23:24:50.6018041Z  * [new ref]         cbd20a01b6c23902bad49382e4c54b9d84ba9a17 -> origin/codex/round10-balanced
mask-k	Run actions/checkout@11d5960a326750d5838078e36cf38b85af677262	2026-10-07T23:24:50.6024115Z ##[endgroup]
mask-k	Run actions/checkout@11d5960a326750d5838078e36cf38b85af677262	2026-10-07T23:24:50.6024967Z ##[group]Determining the checkout info
mask-k	Run actions/checkout@11d5960a326750d5838078e36cf38b85af677262	2026-10-07T23:24:50.6025766Z ##[endgroup]
mask-k	Run actions/checkout@11d5960a326750d5838078e36cf38b85af677262	2026-10-07T23:24:50.6026379Z [command]/usr/bin/git sparse-checkout disable
mask-k	Run actions/checkout@11d5960a326750d5838078e36cf38b85af677262	2026-10-07T23:24:50.6075160Z [command]/usr/bin/git config --local --unset-all extensions.worktreeConfig
mask-k	Run actions/checkout@11d5960a326750d5838078e36cf38b85af677262	2026-10-07T23:24:50.6106077Z ##[group]Checking out the ref
mask-k	Run actions/checkout@11d5960a326750d5838078e36cf38b85af677262	2026-10-07T23:24:50.6109974Z [command]/usr/bin/git checkout --progress --force -B codex/round10-balanced refs/remotes/origin/codex/round10-balanced
mask-k	Run actions/checkout@11d5960a326750d5838078e36cf38b85af677262	2026-10-07T23:24:51.6298033Z Updating files:  85% (4323/5056)
mask-k	Run actions/checkout@11d5960a326750d5838078e36cf38b85af677262	2026-10-07T23:24:51.6427037Z Updating files:  86% (4349/5056)
mask-k	Run actions/checkout@11d5960a326750d5838078e36cf38b85af677262	2026-10-07T23:24:51.6491931Z Updating files:  87% (4399/5056)
mask-k	Run actions/checkout@11d5960a326750d5838078e36cf38b85af677262	2026-10-07T23:24:51.6596032Z Updating files:  88% (4450/5056)
mask-k	Run actions/checkout@11d5960a326750d5838078e36cf38b85af677262	2026-10-07T23:24:51.6685134Z Updating files:  89% (4500/5056)
mask-k	Run actions/checkout@11d5960a326750d5838078e36cf38b85af677262	2026-10-07T23:24:51.6746045Z Updating files:  90% (4551/5056)
mask-k	Run actions/checkout@11d5960a326750d5838078e36cf38b85af677262	2026-10-07T23:24:51.6815902Z Updating files:  91% (4601/5056)
mask-k	Run actions/checkout@11d5960a326750d5838078e36cf38b85af677262	2026-10-07T23:24:51.6901385Z Updating files:  92% (4652/5056)
mask-k	Run actions/checkout@11d5960a326750d5838078e36cf38b85af677262	2026-10-07T23:24:51.6949264Z Updating files:  93% (4703/5056)
mask-k	Run actions/checkout@11d5960a326750d5838078e36cf38b85af677262	2026-10-07T23:24:51.7010562Z Updating files:  94% (4753/5056)
mask-k	Run actions/checkout@11d5960a326750d5838078e36cf38b85af677262	2026-10-07T23:24:51.7069042Z Updating files:  95% (4804/5056)
mask-k	Run actions/checkout@11d5960a326750d5838078e36cf38b85af677262	2026-10-07T23:24:51.7150503Z Updating files:  96% (4854/5056)
mask-k	Run actions/checkout@11d5960a326750d5838078e36cf38b85af677262	2026-10-07T23:24:51.7232425Z Updating files:  97% (4905/5056)
mask-k	Run actions/checkout@11d5960a326750d5838078e36cf38b85af677262	2026-10-07T23:24:51.7260067Z Updating files:  98% (4955/5056)
mask-k	Run actions/checkout@11d5960a326750d5838078e36cf38b85af677262	2026-10-07T23:24:51.7292254Z Updating files:  99% (5006/5056)
mask-k	Run actions/checkout@11d5960a326750d5838078e36cf38b85af677262	2026-10-07T23:24:51.7293916Z Updating files: 100% (5056/5056)
mask-k	Run actions/checkout@11d5960a326750d5838078e36cf38b85af677262	2026-10-07T23:24:51.7294541Z Updating files: 100% (5056/5056), done.
mask-k	Run actions/checkout@11d5960a326750d5838078e36cf38b85af677262	2026-10-07T23:24:51.8777012Z Switched to a new branch 'codex/round10-balanced'
mask-k	Run actions/checkout@11d5960a326750d5838078e36cf38b85af677262	2026-10-07T23:24:51.8877901Z branch 'codex/round10-balanced' set up to track 'origin/codex/round10-balanced'.
mask-k	Run actions/checkout@11d5960a326750d5838078e36cf38b85af677262	2026-10-07T23:24:51.8951436Z ##[endgroup]
mask-k	Run actions/checkout@11d5960a326750d5838078e36cf38b85af677262	2026-10-07T23:24:51.9048130Z [command]/usr/bin/git log -1 --format=%H
mask-k	Run actions/checkout@11d5960a326750d5838078e36cf38b85af677262	2026-10-07T23:24:51.9068954Z cbd20a01b6c23902bad49382e4c54b9d84ba9a17
mask-k	Run actions/checkout@11d5960a326750d5838078e36cf38b85af677262	2026-10-07T23:24:51.9135718Z ##[group]Removing auth
mask-k	Run actions/checkout@11d5960a326750d5838078e36cf38b85af677262	2026-10-07T23:24:51.9137571Z [command]/usr/bin/git config --local --name-only --get-regexp core\.sshCommand
mask-k	Run actions/checkout@11d5960a326750d5838078e36cf38b85af677262	2026-10-07T23:24:51.9166886Z [command]/usr/bin/git submodule foreach --recursive sh -c "git config --local --name-only --get-regexp 'core\.sshCommand' && git config --local --unset-all 'core.sshCommand' || :"
mask-k	Run actions/checkout@11d5960a326750d5838078e36cf38b85af677262	2026-10-07T23:24:51.9349214Z [command]/usr/bin/git config --local --name-only --get-regexp http\.https\:\/\/github\.com\/\.extraheader
mask-k	Run actions/checkout@11d5960a326750d5838078e36cf38b85af677262	2026-10-07T23:24:51.9379982Z http.https://github.com/.extraheader
mask-k	Run actions/checkout@11d5960a326750d5838078e36cf38b85af677262	2026-10-07T23:24:51.9385680Z [command]/usr/bin/git config --local --unset-all http.https://github.com/.extraheader
mask-k	Run actions/checkout@11d5960a326750d5838078e36cf38b85af677262	2026-10-07T23:24:51.9589197Z [command]/usr/bin/git submodule foreach --recursive sh -c "git config --local --name-only --get-regexp 'http\.https\:\/\/github\.com\/\.extraheader' && git config --local --unset-all 'http.https://github.com/.extraheader' || :"
mask-k	Run actions/checkout@11d5960a326750d5838078e36cf38b85af677262	2026-10-07T23:24:51.9820982Z [command]/usr/bin/git config --local --name-only --get-regexp ^includeIf\.gitdir:
mask-k	Run actions/checkout@11d5960a326750d5838078e36cf38b85af677262	2026-10-07T23:24:51.9856957Z [command]/usr/bin/git submodule foreach --recursive git config --local --show-origin --name-only --get-regexp remote.origin.url
mask-k	Run actions/checkout@11d5960a326750d5838078e36cf38b85af677262	2026-10-07T23:24:52.0074041Z ##[endgroup]
mask-k	Validate batch and exact candidate bytes	﻿2026-10-07T23:24:52.1100856Z ##[group]Run python3 scripts/round4.py preflight
mask-k	Validate batch and exact candidate bytes	2026-10-07T23:24:52.1101346Z ^[[36;1mpython3 scripts/round4.py preflight^[[0m
mask-k	Validate batch and exact candidate bytes	2026-10-07T23:24:52.3222251Z shell: /usr/bin/bash -e {0}
mask-k	Validate batch and exact candidate bytes	2026-10-07T23:24:52.3222685Z env:
mask-k	Validate batch and exact candidate bytes	2026-10-07T23:24:52.3222969Z   ROUND4_SPEC: mask-k
mask-k	Validate batch and exact candidate bytes	2026-10-07T23:24:52.3223293Z   ROUND4_SPEC_DIR: evidence/round10
mask-k	Validate batch and exact candidate bytes	2026-10-07T23:24:52.3223650Z ##[endgroup]
mask-k	Validate batch and exact candidate bytes	2026-10-07T23:24:52.3869398Z PREFLIGHT mask-k 9 hash-bound source/proof pairs
mask-k	Prepare isolated runner and pinned source	﻿2026-10-07T23:24:52.4882639Z ##[group]Run bash scripts/ci-prepare.sh
mask-k	Prepare isolated runner and pinned source	2026-10-07T23:24:52.4882977Z ^[[36;1mbash scripts/ci-prepare.sh^[[0m
mask-k	Prepare isolated runner and pinned source	2026-10-07T23:24:52.4950407Z shell: /usr/bin/bash -e {0}
mask-k	Prepare isolated runner and pinned source	2026-10-07T23:24:52.4950657Z env:
mask-k	Prepare isolated runner and pinned source	2026-10-07T23:24:52.4950841Z   ROUND4_SPEC: mask-k
mask-k	Prepare isolated runner and pinned source	2026-10-07T23:24:52.4951051Z   ROUND4_SPEC_DIR: evidence/round10
mask-k	Prepare isolated runner and pinned source	2026-10-07T23:24:52.4951307Z ##[endgroup]
mask-k	Prepare isolated runner and pinned source	2026-10-07T23:24:52.7659194Z Filesystem      Size  Used Avail Use% Mounted on
mask-k	Prepare isolated runner and pinned source	2026-10-07T23:24:52.7660036Z /dev/root        72G   59G   13G  83% /
mask-k	Prepare isolated runner and pinned source	2026-10-07T23:26:38.3625030Z Reading package lists...
mask-k	Prepare isolated runner and pinned source	2026-10-07T23:26:38.5897304Z Building dependency tree...
mask-k	Prepare isolated runner and pinned source	2026-10-07T23:26:38.5905001Z Reading state information...
mask-k	Prepare isolated runner and pinned source	2026-10-07T23:26:38.7648056Z curl is already the newest version (8.5.0-2ubuntu10.15).
mask-k	Prepare isolated runner and pinned source	2026-10-07T23:26:38.7649081Z python3 is already the newest version (3.12.3-0ubuntu2.1).
mask-k	Prepare isolated runner and pinned source	2026-10-07T23:26:38.7649734Z python3-venv is already the newest version (3.12.3-0ubuntu2.1).
mask-k	Prepare isolated runner and pinned source	2026-10-07T23:26:38.7650429Z git is already the newest version (1:2.55.0-0ppa1~ubuntu24.04.2).
mask-k	Prepare isolated runner and pinned source	2026-10-07T23:26:38.7651117Z git set to manually installed.
mask-k	Prepare isolated runner and pinned source	2026-10-07T23:26:38.7651662Z pkg-config is already the newest version (1.8.1-2build1).
mask-k	Prepare isolated runner and pinned source	2026-10-07T23:26:38.7652240Z libssl-dev is already the newest version (3.0.13-0ubuntu3.16).
mask-k	Prepare isolated runner and pinned source	2026-10-07T23:26:38.7652847Z zlib1g-dev is already the newest version (1:1.3.dfsg-3.1ubuntu2.2).
mask-k	Prepare isolated runner and pinned source	2026-10-07T23:26:38.7654098Z dbus-user-session is already the newest version (1.14.10-4ubuntu4.1).
mask-k	Prepare isolated runner and pinned source	2026-10-07T23:26:38.7654663Z dbus-user-session set to manually installed.
mask-k	Prepare isolated runner and pinned source	2026-10-07T23:26:38.7655182Z The following NEW packages will be installed:
mask-k	Prepare isolated runner and pinned source	2026-10-07T23:26:38.7655870Z   bubblewrap build-essential
mask-k	Prepare isolated runner and pinned source	2026-10-07T23:26:38.7811888Z 0 upgraded, 2 newly installed, 0 to remove and 11 not upgraded.
mask-k	Prepare isolated runner and pinned source	2026-10-07T23:26:38.7812714Z Need to get 55.4 kB of archives.
mask-k	Prepare isolated runner and pinned source	2026-10-07T23:26:38.7813529Z After this operation, 151 kB of additional disk space will be used.
mask-k	Prepare isolated runner and pinned source	2026-10-07T23:26:38.7814272Z Get:1 file:/etc/apt/apt-mirrors.txt Mirrorlist [144 B]
mask-k	Prepare isolated runner and pinned source	2026-10-07T23:26:39.0557424Z Ign:2 http://azure.archive.ubuntu.com/ubuntu noble-updates/main amd64 bubblewrap amd64 0.9.0-1ubuntu0.3
mask-k	Prepare isolated runner and pinned source	2026-10-07T23:26:39.9340003Z Ign:3 http://azure.archive.ubuntu.com/ubuntu noble/main amd64 build-essential amd64 12.10ubuntu1
mask-k	Prepare isolated runner and pinned source	2026-10-07T23:26:41.1100522Z Ign:2 http://azure.archive.ubuntu.com/ubuntu noble-updates/main amd64 bubblewrap amd64 0.9.0-1ubuntu0.3
mask-k	Prepare isolated runner and pinned source	2026-10-07T23:26:41.6965128Z Get:2 https://archive.ubuntu.com/ubuntu noble-updates/main amd64 bubblewrap amd64 0.9.0-1ubuntu0.3 [50.4 kB]
mask-k	Prepare isolated runner and pinned source	2026-10-07T23:26:42.2163033Z Ign:3 http://azure.archive.ubuntu.com/ubuntu noble/main amd64 build-essential amd64 12.10ubuntu1
mask-k	Prepare isolated runner and pinned source	2026-10-07T23:26:42.3476327Z Get:3 https://archive.ubuntu.com/ubuntu noble/main amd64 build-essential amd64 12.10ubuntu1 [4928 B]
mask-k	Prepare isolated runner and pinned source	2026-10-07T23:26:42.6420400Z Fetched 55.4 kB in 4s (15.5 kB/s)
mask-k	Prepare isolated runner and pinned source	2026-10-07T23:26:42.6609487Z Selecting previously unselected package bubblewrap.
mask-k	Prepare isolated runner and pinned source	2026-10-07T23:26:42.6895852Z (Reading database ... 
mask-k	Prepare isolated runner and pinned source	2026-10-07T23:26:42.6897077Z (Reading database ... 5%
mask-k	Prepare isolated runner and pinned source	2026-10-07T23:26:42.6897669Z (Reading database ... 10%
mask-k	Prepare isolated runner and pinned source	2026-10-07T23:26:42.6898366Z (Reading database ... 15%
mask-k	Prepare isolated runner and pinned source	2026-10-07T23:26:42.6898632Z (Reading database ... 20%
mask-k	Prepare isolated runner and pinned source	2026-10-07T23:26:42.6898880Z (Reading database ... 25%
mask-k	Prepare isolated runner and pinned source	2026-10-07T23:26:42.6899153Z (Reading database ... 30%
mask-k	Prepare isolated runner and pinned source	2026-10-07T23:26:42.6899447Z (Reading database ... 35%
mask-k	Prepare isolated runner and pinned source	2026-10-07T23:26:42.6899718Z (Reading database ... 40%
mask-k	Prepare isolated runner and pinned source	2026-10-07T23:26:42.6899987Z (Reading database ... 45%
mask-k	Prepare isolated runner and pinned source	2026-10-07T23:26:42.6900254Z (Reading database ... 50%
mask-k	Prepare isolated runner and pinned source	2026-10-07T23:26:42.6943451Z (Reading database ... 55%
mask-k	Prepare isolated runner and pinned source	2026-10-07T23:26:42.8369640Z (Reading database ... 60%
mask-k	Prepare isolated runner and pinned source	2026-10-07T23:26:43.0434677Z (Reading database ... 65%
mask-k	Prepare isolated runner and pinned source	2026-10-07T23:26:43.2499922Z (Reading database ... 70%
mask-k	Prepare isolated runner and pinned source	2026-10-07T23:26:43.4489703Z (Reading database ... 75%
mask-k	Prepare isolated runner and pinned source	2026-10-07T23:26:43.8929619Z (Reading database ... 80%
mask-k	Prepare isolated runner and pinned source	2026-10-07T23:26:44.1673496Z (Reading database ... 85%
mask-k	Prepare isolated runner and pinned source	2026-10-07T23:26:44.4013643Z (Reading database ... 90%
mask-k	Prepare isolated runner and pinned source	2026-10-07T23:26:44.5179167Z (Reading database ... 95%
mask-k	Prepare isolated runner and pinned source	2026-10-07T23:26:44.5180262Z (Reading database ... 100%
mask-k	Prepare isolated runner and pinned source	2026-10-07T23:26:44.5181360Z (Reading database ... 203191 files and directories currently installed.)
mask-k	Prepare isolated runner and pinned source	2026-10-07T23:26:44.5225600Z Preparing to unpack .../bubblewrap_0.9.0-1ubuntu0.3_amd64.deb ...
mask-k	Prepare isolated runner and pinned source	2026-10-07T23:26:45.6127701Z Unpacking bubblewrap (0.9.0-1ubuntu0.3) ...
mask-k	Prepare isolated runner and pinned source	2026-10-07T23:26:45.6372662Z Selecting previously unselected package build-essential.
mask-k	Prepare isolated runner and pinned source	2026-10-07T23:26:45.6490949Z Preparing to unpack .../build-essential_12.10ubuntu1_amd64.deb ...
mask-k	Prepare isolated runner and pinned source	2026-10-07T23:26:45.6496895Z Unpacking build-essential (12.10ubuntu1) ...
mask-k	Prepare isolated runner and pinned source	2026-10-07T23:26:45.7592329Z Setting up bubblewrap (0.9.0-1ubuntu0.3) ...
mask-k	Prepare isolated runner and pinned source	2026-10-07T23:26:45.7637815Z Setting up build-essential (12.10ubuntu1) ...
mask-k	Prepare isolated runner and pinned source	2026-10-07T23:26:45.7657338Z Processing triggers for man-db (2.12.0-4build2) ...
mask-k	Prepare isolated runner and pinned source	2026-10-07T23:26:45.7682650Z Not building database; man-db/auto-update is not 'true'.
mask-k	Prepare isolated runner and pinned source	2026-10-07T23:26:46.6155348Z 
mask-k	Prepare isolated runner and pinned source	2026-10-07T23:26:46.6156339Z Running kernel seems to be up-to-date.
mask-k	Prepare isolated runner and pinned source	2026-10-07T23:26:46.6157057Z 
mask-k	Prepare isolated runner and pinned source	2026-10-07T23:26:46.6157362Z No services need to be restarted.
mask-k	Prepare isolated runner and pinned source	2026-10-07T23:26:46.6157785Z 
mask-k	Prepare isolated runner and pinned source	2026-10-07T23:26:46.6158067Z No containers need to be restarted.
mask-k	Prepare isolated runner and pinned source	2026-10-07T23:26:46.6158439Z 
mask-k	Prepare isolated runner and pinned source	2026-10-07T23:26:46.6158743Z No user sessions are running outdated binaries.
mask-k	Prepare isolated runner and pinned source	2026-10-07T23:26:46.6159155Z 
mask-k	Prepare isolated runner and pinned source	2026-10-07T23:26:46.6159544Z No VM guests are running outdated hypervisor (qemu) binaries on this host.
mask-k	Prepare isolated runner and pinned source	2026-10-07T23:26:47.7117139Z kernel.apparmor_restrict_unprivileged_userns = 0
mask-k	Prepare isolated runner and pinned source	2026-10-07T23:26:47.7408795Z hint: Using 'master' as the name for the initial branch. This default branch name
mask-k	Prepare isolated runner and pinned source	2026-10-07T23:26:47.7410015Z Initialized empty Git repository in /home/runner/work/_temp/deflate-upstream/.git/
mask-k	Prepare isolated runner and pinned source	2026-10-07T23:26:47.7411013Z hint: will change to "main" in Git 3.0. To configure the initial branch name
mask-k	Prepare isolated runner and pinned source	2026-10-07T23:26:47.7414321Z hint: to use in all of your new repositories, which will suppress this warning,
mask-k	Prepare isolated runner and pinned source	2026-10-07T23:26:47.7414975Z hint: call:
mask-k	Prepare isolated runner and pinned source	2026-10-07T23:26:47.7415379Z hint:
mask-k	Prepare isolated runner and pinned source	2026-10-07T23:26:47.7415922Z hint: 	git config --global init.defaultBranch <name>
mask-k	Prepare isolated runner and pinned source	2026-10-07T23:26:47.7416738Z hint:
mask-k	Prepare isolated runner and pinned source	2026-10-07T23:26:47.7417308Z hint: Names commonly chosen instead of 'master' are 'main', 'trunk' and
mask-k	Prepare isolated runner and pinned source	2026-10-07T23:26:47.7418129Z hint: 'development'. The just-created branch can be renamed via this command:
mask-k	Prepare isolated runner and pinned source	2026-10-07T23:26:47.7418815Z hint:
mask-k	Prepare isolated runner and pinned source	2026-10-07T23:26:47.7419237Z hint: 	git branch -m <name>
mask-k	Prepare isolated runner and pinned source	2026-10-07T23:26:47.7419722Z hint:
mask-k	Prepare isolated runner and pinned source	2026-10-07T23:26:47.7420293Z hint: Disable this message with "git config set advice.defaultBranchName false"
mask-k	Prepare isolated runner and pinned source	2026-10-07T23:26:49.1346455Z From https://github.com/conjectures-io/conjectures-optimisation-deflate
mask-k	Prepare isolated runner and pinned source	2026-10-07T23:26:49.1347715Z  * branch            a356bbff18b60c4527fbcc85d5a28ef9c20214e0 -> FETCH_HEAD
mask-k	Prepare isolated runner and pinned source	2026-10-07T23:26:49.1861085Z HEAD is now at a356bbf make the pins telemetry instead of blocking (#30)
mask-k	Prepare isolated runner and pinned source	2026-10-07T23:26:49.2113033Z Official pinned source files: 70/70 match
mask-k	Prepare isolated runner and pinned source	2026-10-07T23:26:49.3650751Z Running as unit: run-u0.service; invocation ID: 9e23f79ac6d74c9facd67ef5340f640a
mask-k	Prepare isolated runner and pinned source	2026-10-07T23:26:49.3689588Z Finished with result: success
mask-k	Prepare isolated runner and pinned source	2026-10-07T23:26:49.3690208Z Main processes terminated with: code=exited/status=0
mask-k	Prepare isolated runner and pinned source	2026-10-07T23:26:49.3690726Z Service runtime: 3ms
mask-k	Prepare isolated runner and pinned source	2026-10-07T23:26:49.3691144Z CPU time consumed: 1ms
mask-k	Prepare isolated runner and pinned source	2026-10-07T23:26:49.3691508Z Memory peak: 256.0K
mask-k	Prepare isolated runner and pinned source	2026-10-07T23:26:49.3692483Z Memory swap peak: 0B
mask-k	Install official verification toolchain	﻿2026-10-07T23:26:49.3777076Z ##[group]Run bash scripts/ci-setup.sh
mask-k	Install official verification toolchain	2026-10-07T23:26:49.3777417Z ^[[36;1mbash scripts/ci-setup.sh^[[0m
mask-k	Install official verification toolchain	2026-10-07T23:26:49.3837392Z shell: /usr/bin/bash -e {0}
mask-k	Install official verification toolchain	2026-10-07T23:26:49.3837616Z env:
mask-k	Install official verification toolchain	2026-10-07T23:26:49.3837791Z   ROUND4_SPEC: mask-k
mask-k	Install official verification toolchain	2026-10-07T23:26:49.3837996Z   ROUND4_SPEC_DIR: evidence/round10
mask-k	Install official verification toolchain	2026-10-07T23:26:49.3838266Z   DEFLATE_ROOT: /home/runner/work/_temp/deflate-upstream
mask-k	Install official verification toolchain	2026-10-07T23:26:49.3838616Z   ELAN_HOME: /home/runner/work/_temp/deflate-upstream/validator/.work/elan
mask-k	Install official verification toolchain	2026-10-07T23:26:49.3838965Z   XDG_CACHE_HOME: /home/runner/work/_temp/deflate-cache
mask-k	Install official verification toolchain	2026-10-07T23:26:49.3839251Z   UV_CACHE_DIR: /home/runner/work/_temp/deflate-cache/uv
mask-k	Install official verification toolchain	2026-10-07T23:26:49.3839501Z   XDG_RUNTIME_DIR: /run/user/1001
mask-k	Install official verification toolchain	2026-10-07T23:26:49.3839745Z   DBUS_SESSION_BUS_ADDRESS: unix:path=/run/user/1001/bus
mask-k	Install official verification toolchain	2026-10-07T23:26:49.3840000Z   VERIFY_CORPUS: corpus-stage1
mask-k	Install official verification toolchain	2026-10-07T23:26:49.3840205Z   VERIFY_SANDBOX: bwrap
mask-k	Install official verification toolchain	2026-10-07T23:26:49.3840389Z   GIT_TERMINAL_PROMPT: 0
mask-k	Install official verification toolchain	2026-10-07T23:26:49.3840596Z ##[endgroup]
mask-k	Install official verification toolchain	2026-10-07T23:26:49.5032987Z info: syncing channel updates for nightly-2026-08-18-x86_64-unknown-linux-gnu
mask-k	Install official verification toolchain	2026-10-07T23:26:49.7569089Z info: latest update on 2026-08-18 for version 1.100.0-nightly (8fa1c96cf 2026-08-17)
mask-k	Install official verification toolchain	2026-10-07T23:26:49.7569938Z info: downloading 6 components
mask-k	Install official verification toolchain	2026-10-07T23:27:09.1292169Z 
mask-k	Install official verification toolchain	2026-10-07T23:27:09.1356745Z   nightly-2026-08-18-x86_64-unknown-linux-gnu installed - rustc 1.100.0-nightly (8fa1c96cf 2026-08-17)
mask-k	Install official verification toolchain	2026-10-07T23:27:09.1357975Z info: checking for self-update (current version: 1.29.1)
mask-k	Install official verification toolchain	2026-10-07T23:27:09.1358248Z 
mask-k	Install official verification toolchain	2026-10-07T23:27:09.5177251Z 
mask-k	Install official verification toolchain	2026-10-07T23:27:09.5178771Z ^[[1m1/9  System packages^[[0m
mask-k	Install official verification toolchain	2026-10-07T23:27:09.5181671Z   ^[[32m✓^[[0m cc, curl, python3, git, bubblewrap present
mask-k	Install official verification toolchain	2026-10-07T23:27:09.5182093Z 
mask-k	Install official verification toolchain	2026-10-07T23:27:09.5187297Z ^[[1m2/9  just (1.58.0)^[[0m
mask-k	Install official verification toolchain	2026-10-07T23:27:09.5196393Z   ^[[33m·^[[0m installing into ~/.local/bin
mask-k	Install official verification toolchain	2026-10-07T23:27:09.8808714Z   ^[[32m✓^[[0m installed ~/.local/bin/just
mask-k	Install official verification toolchain	2026-10-07T23:27:09.8814615Z 
mask-k	Install official verification toolchain	2026-10-07T23:27:09.8815022Z ^[[1m3/9  uv (0.12.15)^[[0m
mask-k	Install official verification toolchain	2026-10-07T23:27:09.8816399Z   ^[[33m·^[[0m installing into ~/.local/bin
mask-k	Install official verification toolchain	2026-10-07T23:27:10.5888825Z   ^[[32m✓^[[0m installed ~/.local/bin/uv
mask-k	Install official verification toolchain	2026-10-07T23:27:10.5895402Z 
mask-k	Install official verification toolchain	2026-10-07T23:27:10.5895985Z ^[[1m4/9  Python environment (.venv, from pyproject.toml)^[[0m
mask-k	Install official verification toolchain	2026-10-07T23:27:10.5897114Z   ^[[33m·^[[0m syncing .venv from pyproject.toml
mask-k	Install official verification toolchain	2026-10-07T23:27:13.8038756Z   ^[[32m✓^[[0m .venv ready
mask-k	Install official verification toolchain	2026-10-07T23:27:13.8350713Z   ^[[33m·^[[0m bittensor SDK absent - miners do not need it; validators run ./setup.sh --chain
mask-k	Install official verification toolchain	2026-10-07T23:27:13.8351214Z 
mask-k	Install official verification toolchain	2026-10-07T23:27:13.8351391Z ^[[1m5/9  Trusted-input audit^[[0m
mask-k	Install official verification toolchain	2026-10-07T23:27:13.8351907Z   ^[[32m✓^[[0m gate worker records observed code and benchmark identities
mask-k	Install official verification toolchain	2026-10-07T23:27:13.8352230Z 
mask-k	Install official verification toolchain	2026-10-07T23:27:13.8352385Z ^[[1m6/9  Configuration (.env)^[[0m
mask-k	Install official verification toolchain	2026-10-07T23:27:13.8795974Z   ^[[32m✓^[[0m created .env from .env.example - edit it for a validator
mask-k	Install official verification toolchain	2026-10-07T23:27:13.8796987Z 
mask-k	Install official verification toolchain	2026-10-07T23:27:13.8797543Z ^[[1m7/9  Scoring corpus (corpus-stage1, the benchmark default)^[[0m
mask-k	Install official verification toolchain	2026-10-07T23:27:13.8798488Z   ^[[33m·^[[0m fetching corpus-stage1 (and corpus-stage2, if reachable)
mask-k	Install official verification toolchain	2026-10-07T23:27:13.8838906Z bash /home/runner/work/_temp/deflate-upstream/scripts/pull-corpus.sh 
mask-k	Install official verification toolchain	2026-10-07T23:27:16.4548056Z stage 1  28 files, 15930000 bytes, at 0260078
mask-k	Install official verification toolchain	2026-10-07T23:27:17.2262312Z stage 2  unavailable (https://github.com/conjectures-io/conjectures-compression-corpus-2) -- skipping the held-out corpus.
mask-k	Install official verification toolchain	2026-10-07T23:27:17.2272136Z   ^[[32m✓^[[0m data/benchmark/corpus-stage1 ready
mask-k	Install official verification toolchain	2026-10-07T23:27:18.2228338Z     Updating crates.io index
mask-k	Install official verification toolchain	2026-10-07T23:27:18.5739268Z  Downloading crates ...
mask-k	Install official verification toolchain	2026-10-07T23:27:18.6187885Z   Downloaded itoa v1.0.18
mask-k	Install official verification toolchain	2026-10-07T23:27:18.6207852Z   Downloaded zmij v1.0.23
mask-k	Install official verification toolchain	2026-10-07T23:27:18.6226201Z   Downloaded serde_core v1.0.229
mask-k	Install official verification toolchain	2026-10-07T23:27:18.6253670Z   Downloaded quote v1.0.47
mask-k	Install official verification toolchain	2026-10-07T23:27:18.6280499Z   Downloaded unicode-ident v1.0.26
mask-k	Install official verification toolchain	2026-10-07T23:27:18.6307772Z   Downloaded proc-macro2 v1.0.107
mask-k	Install official verification toolchain	2026-10-07T23:27:18.6333704Z   Downloaded memchr v2.8.3
mask-k	Install official verification toolchain	2026-10-07T23:27:18.6382275Z   Downloaded serde_json v1.0.151
mask-k	Install official verification toolchain	2026-10-07T23:27:18.6447021Z   Downloaded syn v2.0.119
mask-k	Install official verification toolchain	2026-10-07T23:27:18.6719694Z    Compiling proc-macro2 v1.0.107
mask-k	Install official verification toolchain	2026-10-07T23:27:18.6748262Z    Compiling serde_core v1.0.229
mask-k	Install official verification toolchain	2026-10-07T23:27:24.2162494Z    Compiling unicode-ident v1.0.26
mask-k	Install official verification toolchain	2026-10-07T23:27:24.6204626Z    Compiling zmij v1.0.23
mask-k	Install official verification toolchain	2026-10-07T23:27:24.7003683Z    Compiling quote v1.0.47
mask-k	Install official verification toolchain	2026-10-07T23:27:24.8093290Z    Compiling serde_json v1.0.151
mask-k	Install official verification toolchain	2026-10-07T23:27:28.2168248Z    Compiling memchr v2.8.3
mask-k	Install official verification toolchain	2026-10-07T23:27:28.5303726Z    Compiling itoa v1.0.18
mask-k	Install official verification toolchain	2026-10-07T23:27:29.2039969Z    Compiling syn v2.0.119
mask-k	Install official verification toolchain	2026-10-07T23:27:41.3860163Z    Compiling submission-precheck v0.1.0 (/home/runner/work/_temp/deflate-upstream/validator/precheck)
mask-k	Install official verification toolchain	2026-10-07T23:27:42.9298899Z     Finished `release` profile [optimized] target(s) in 25.44s
mask-k	Install official verification toolchain	2026-10-07T23:27:42.9512167Z 
mask-k	Install official verification toolchain	2026-10-07T23:27:42.9513187Z ^[[1m8/9  Slot (validator/slot/src/parse.rs is a symlink to generated/, gitignored)^[[0m
mask-k	Install official verification toolchain	2026-10-07T23:27:42.9538732Z   ^[[32m✓^[[0m seeded validator/slot/generated/parse.rs from miner/template
mask-k	Install official verification toolchain	2026-10-07T23:27:42.9539501Z 
mask-k	Install official verification toolchain	2026-10-07T23:27:42.9540544Z ^[[1m9/9  Toolchain: Lean, Aeneas, Charon, Mathlib^[[0m
mask-k	Install official verification toolchain	2026-10-07T23:27:42.9597995Z 
mask-k	Install official verification toolchain	2026-10-07T23:27:42.9598754Z ^[[1m1/6  Lean toolchain (leanprover/lean4:v4.31.0)^[[0m
mask-k	Install official verification toolchain	2026-10-07T23:27:42.9600222Z   ^[[33m·^[[0m elan not found — installing into /home/runner/work/_temp/deflate-upstream/validator/.work/elan
mask-k	Install official verification toolchain	2026-10-07T23:27:43.3593459Z info: default toolchain set to 'leanprover/lean4:v4.31.0'
mask-k	Install official verification toolchain	2026-10-07T23:27:43.3640433Z   ^[[32m✓^[[0m installed elan at /home/runner/work/_temp/deflate-upstream/validator/.work/elan
mask-k	Install official verification toolchain	2026-10-07T23:28:14.6358424Z   ^[[32m✓^[[0m Lean (version 4.31.0, x86_64-unknown-linux-gnu, commit 68218e876d2a38b1985b8590fff244a83c321783, Release)
mask-k	Install official verification toolchain	2026-10-07T23:28:14.6361218Z 
mask-k	Install official verification toolchain	2026-10-07T23:28:14.6361720Z ^[[1m2/6  Aeneas + Charon (nightly-2026.08.27-5b9dcf3 release)^[[0m
mask-k	Install official verification toolchain	2026-10-07T23:28:14.6362248Z   ^[[33m·^[[0m not found — fetching the nightly-2026.08.27-5b9dcf3 release (~120 MB)
mask-k	Install official verification toolchain	2026-10-07T23:28:21.1085091Z   ^[[32m✓^[[0m installed aeneas and charon at /home/runner/work/_temp/deflate-upstream/validator/.work/aeneas
mask-k	Install official verification toolchain	2026-10-07T23:28:21.1085997Z 
mask-k	Install official verification toolchain	2026-10-07T23:28:21.1086851Z ^[[1m3/6  Rust nightly for charon-driver (nightly-2026-08-18 + rustc-dev)^[[0m
mask-k	Install official verification toolchain	2026-10-07T23:28:21.5297668Z   ^[[32m✓^[[0m nightly-2026-08-18 installed
mask-k	Install official verification toolchain	2026-10-07T23:28:21.5307344Z 
mask-k	Install official verification toolchain	2026-10-07T23:28:21.5327689Z ^[[1m4/6  Lean dependencies (Aeneas backend + Mathlib)^[[0m
mask-k	Install official verification toolchain	2026-10-07T23:28:21.5337518Z   ^[[33m·^[[0m no shared checkout — fetching our own (~7 GB, ~10 min)
mask-k	Install official verification toolchain	2026-10-07T23:28:21.5799007Z info: aeneas: cloning https://github.com/AeneasVerif/aeneas
mask-k	Install official verification toolchain	2026-10-07T23:28:26.6668613Z info: aeneas: checking out revision '5b9dcf33dccdb1560ea7203ac57ea202476b6ed3'
mask-k	Install official verification toolchain	2026-10-07T23:28:26.8772854Z info: toolchain not updated; already up-to-date
mask-k	Install official verification toolchain	2026-10-07T23:28:27.3017902Z info: mathlib: cloning https://github.com/leanprover-community/mathlib4.git
mask-k	Install official verification toolchain	2026-10-07T23:29:08.8847046Z info: mathlib: checking out revision 'fabf563a7c95a166b8d7b6efca11c8b4dc9d911f'
mask-k	Install official verification toolchain	2026-10-07T23:29:10.6258090Z info: plausible: cloning https://github.com/leanprover-community/plausible
mask-k	Install official verification toolchain	2026-10-07T23:29:11.2584605Z info: plausible: checking out revision '63045536fe95024e6c18fc7b48e03f506701c5bc'
mask-k	Install official verification toolchain	2026-10-07T23:29:11.2704690Z info: LeanSearchClient: cloning https://github.com/leanprover-community/LeanSearchClient
mask-k	Install official verification toolchain	2026-10-07T23:29:11.7910592Z info: LeanSearchClient: checking out revision 'c5d5b8fe6e5158def25cd28eb94e4141ad97c843'
mask-k	Install official verification toolchain	2026-10-07T23:29:11.8016413Z info: importGraph: cloning https://github.com/leanprover-community/import-graph
mask-k	Install official verification toolchain	2026-10-07T23:29:13.0267868Z info: importGraph: checking out revision '5c7542ed018c78194f1e2b903eaf6a792b74c03d'
mask-k	Install official verification toolchain	2026-10-07T23:29:13.0405139Z info: proofwidgets: cloning https://github.com/leanprover-community/ProofWidgets4
mask-k	Install official verification toolchain	2026-10-07T23:29:14.6045641Z info: proofwidgets: checking out revision '24b0d9dc081c5423f8eec7e866c441e5184f29d9'
mask-k	Install official verification toolchain	2026-10-07T23:29:15.2058102Z info: aesop: cloning https://github.com/leanprover-community/aesop
mask-k	Install official verification toolchain	2026-10-07T23:29:16.5827898Z info: aesop: checking out revision 'e3cb2f741431ce31bf73549fb52316a57368b06f'
mask-k	Install official verification toolchain	2026-10-07T23:29:16.6019272Z info: Qq: cloning https://github.com/leanprover-community/quote4
mask-k	Install official verification toolchain	2026-10-07T23:29:17.3268013Z info: Qq: checking out revision 'f46324995fca5f0483b742e4eb4daec7f4ee50d2'
mask-k	Install official verification toolchain	2026-10-07T23:29:17.3380657Z info: batteries: cloning https://github.com/leanprover-community/batteries
mask-k	Install official verification toolchain	2026-10-07T23:29:21.1017707Z info: batteries: checking out revision 'fa08db58b30eb033edcdab331bba000827f9f785'
mask-k	Install official verification toolchain	2026-10-07T23:29:21.1336115Z info: Cli: cloning https://github.com/leanprover/lean4-cli
mask-k	Install official verification toolchain	2026-10-07T23:29:22.0691705Z info: Cli: checking out revision '92564e5770e4d09f2d86dfbf8ada1e9c715b384c'
mask-k	Install official verification toolchain	2026-10-07T23:29:22.0801344Z info: mathlib: running post-update hooks
mask-k	Install official verification toolchain	2026-10-07T23:29:23.2835542Z ✔ [3/10] Built Batteries.Data.String.Basic (538ms)
mask-k	Install official verification toolchain	2026-10-07T23:29:23.6840194Z ✔ [5/24] Built Batteries.Data.Array.Match (962ms)
mask-k	Install official verification toolchain	2026-10-07T23:29:23.8858218Z ✔ [6/24] Built Cache.Lean (612ms)
mask-k	Install official verification toolchain	2026-10-07T23:29:24.0845498Z ✔ [7/24] Built Batteries.Data.Array.Match:c.o (256ms)
mask-k	Install official verification toolchain	2026-10-07T23:29:24.2848333Z ✔ [8/24] Built Batteries.Data.String.Basic:c.o (132ms)
mask-k	Install official verification toolchain	2026-10-07T23:29:24.7863148Z ✔ [9/24] Built Batteries.Data.String.Matcher (516ms)
mask-k	Install official verification toolchain	2026-10-07T23:29:24.8869282Z ✔ [10/24] Built Cache.Lean:c.o (158ms)
mask-k	Install official verification toolchain	2026-10-07T23:29:24.9877604Z ✔ [11/24] Built Batteries.Tactic.OpenPrivate (1.3s)
mask-k	Install official verification toolchain	2026-10-07T23:29:25.1887953Z ✔ [12/24] Built Batteries.Data.String.Matcher:c.o (218ms)
mask-k	Install official verification toolchain	2026-10-07T23:29:25.3888109Z ✔ [13/24] Built Cache.Init (419ms)
mask-k	Install official verification toolchain	2026-10-07T23:29:25.4907363Z ✔ [14/24] Built Cache.Init:c.o (101ms)
mask-k	Install official verification toolchain	2026-10-07T23:29:26.5918107Z ✔ [15/24] Built Batteries.Tactic.OpenPrivate:c.o (1.5s)
mask-k	Install official verification toolchain	2026-10-07T23:29:27.2957978Z ✔ [16/24] Built Cache.IO (1.9s)
mask-k	Install official verification toolchain	2026-10-07T23:29:28.4987908Z ✔ [17/24] Built Cache.Hashing (1.2s)
mask-k	Install official verification toolchain	2026-10-07T23:29:28.9977345Z ✔ [18/24] Built Cache.Hashing:c.o (490ms)
mask-k	Install official verification toolchain	2026-10-07T23:29:29.1979940Z ✔ [19/24] Built Cache.IO:c.o (1.9s)
mask-k	Install official verification toolchain	2026-10-07T23:29:31.0019353Z ✔ [20/24] Built Cache.Requests (2.0s)
mask-k	Install official verification toolchain	2026-10-07T23:29:32.2035761Z ✔ [21/24] Built Cache.Main (1.3s)
mask-k	Install official verification toolchain	2026-10-07T23:29:33.0043532Z ✔ [22/24] Built Cache.Main:c.o (787ms)
mask-k	Install official verification toolchain	2026-10-07T23:29:33.5042113Z ✔ [23/24] Built Cache.Requests:c.o (2.5s)
mask-k	Install official verification toolchain	2026-10-07T23:29:34.3061151Z ✔ [24/24] Built cache:exe (803ms)
mask-k	Install official verification toolchain	2026-10-07T23:29:37.0574502Z Current branch: HEAD
mask-k	Install official verification toolchain	2026-10-07T23:29:37.0597370Z Using cache (Azure) from origin: (some leanprover-community/mathlib4)
mask-k	Install official verification toolchain	2026-10-07T23:29:37.0617214Z Attempting to download 8542 file(s) from leanprover-community/mathlib4 cache
mask-k	Install official verification toolchain	2026-10-07T23:29:38.5807148Z 
mask-k	Install official verification toolchain	2026-10-07T23:29:38.6798362Z Downloaded: 1 file(s) [attempted 1/8542 = 0%, 12 KB/s], Decompressed: 0
mask-k	Install official verification toolchain	2026-10-07T23:29:38.7794748Z Downloaded: 69 file(s) [attempted 69/8542 = 0%, 68 KB/s], Decompressed: 1
mask-k	Install official verification toolchain	2026-10-07T23:29:38.8887660Z Downloaded: 141 file(s) [attempted 141/8542 = 1%, 202 KB/s], Decompressed: 16
mask-k	Install official verification toolchain	2026-10-07T23:29:38.9867928Z Downloaded: 226 file(s) [attempted 226/8542 = 2%, 563 KB/s], Decompressed: 16
mask-k	Install official verification toolchain	2026-10-07T23:29:39.0857615Z Downloaded: 310 file(s) [attempted 310/8542 = 3%, 63 KB/s], Decompressed: 16
mask-k	Install official verification toolchain	2026-10-07T23:29:39.1907617Z Downloaded: 400 file(s) [attempted 400/8542 = 4%, 420 KB/s], Decompressed: 72
mask-k	Install official verification toolchain	2026-10-07T23:29:39.2907919Z Downloaded: 493 file(s) [attempted 493/8542 = 5%, 709 KB/s], Decompressed: 72
mask-k	Install official verification toolchain	2026-10-07T23:29:39.3958370Z Downloaded: 594 file(s) [attempted 594/8542 = 6%, 765 KB/s], Decompressed: 72
mask-k	Install official verification toolchain	2026-10-07T23:29:39.4974428Z Downloaded: 690 file(s) [attempted 690/8542 = 8%, 377 KB/s], Decompressed: 72
mask-k	Install official verification toolchain	2026-10-07T23:29:39.5997540Z Downloaded: 768 file(s) [attempted 768/8542 = 8%, 3682 KB/s], Decompressed: 72
mask-k	Install official verification toolchain	2026-10-07T23:29:39.6997791Z Downloaded: 861 file(s) [attempted 861/8542 = 10%, 663 KB/s], Decompressed: 72
mask-k	Install official verification toolchain	2026-10-07T23:29:39.8091488Z Downloaded: 911 file(s) [attempted 911/8542 = 10%, 759 KB/s], Decompressed: 72
mask-k	Install official verification toolchain	2026-10-07T23:29:39.9121116Z Downloaded: 988 file(s) [attempted 988/8542 = 11%, 2154 KB/s], Decompressed: 72
mask-k	Install official verification toolchain	2026-10-07T23:29:40.0188929Z Downloaded: 1079 file(s) [attempted 1079/8542 = 12%, 2337 KB/s], Decompressed: 72
mask-k	Install official verification toolchain	2026-10-07T23:29:40.1222384Z Downloaded: 1140 file(s) [attempted 1140/8542 = 13%, 2280 KB/s], Decompressed: 72
mask-k	Install official verification toolchain	2026-10-07T23:29:40.2506264Z Downloaded: 1229 file(s) [attempted 1229/8542 = 14%, 2553 KB/s], Decompressed: 72
mask-k	Install official verification toolchain	2026-10-07T23:29:40.3807664Z Downloaded: 1295 file(s) [attempted 1295/8542 = 15%, 375 KB/s], Decompressed: 72
mask-k	Install official verification toolchain	2026-10-07T23:29:40.5007275Z Downloaded: 1393 file(s) [attempted 1393/8542 = 16%, 472 KB/s], Decompressed: 72
mask-k	Install official verification toolchain	2026-10-07T23:29:40.6067677Z Downloaded: 1494 file(s) [attempted 1494/8542 = 17%, 503 KB/s], Decompressed: 72
mask-k	Install official verification toolchain	2026-10-07T23:29:40.7117704Z Downloaded: 1592 file(s) [attempted 1592/8542 = 18%, 1292 KB/s], Decompressed: 72
mask-k	Install official verification toolchain	2026-10-07T23:29:40.8158224Z Downloaded: 1655 file(s) [attempted 1655/8542 = 19%, 946 KB/s], Decompressed: 72
mask-k	Install official verification toolchain	2026-10-07T23:29:40.9187917Z Downloaded: 1754 file(s) [attempted 1754/8542 = 20%, 673 KB/s], Decompressed: 72
mask-k	Install official verification toolchain	2026-10-07T23:29:41.0197560Z Downloaded: 1826 file(s) [attempted 1826/8542 = 21%, 425 KB/s], Decompressed: 72
mask-k	Install official verification toolchain	2026-10-07T23:29:41.1308649Z Downloaded: 1920 file(s) [attempted 1920/8542 = 22%, 2347 KB/s], Decompressed: 72
mask-k	Install official verification toolchain	2026-10-07T23:29:41.2302543Z Downloaded: 2018 file(s) [attempted 2018/8542 = 23%, 981 KB/s], Decompressed: 72
mask-k	Install official verification toolchain	2026-10-07T23:29:41.3406513Z Downloaded: 2114 file(s) [attempted 2114/8542 = 24%, 137 KB/s], Decompressed: 72
mask-k	Install official verification toolchain	2026-10-07T23:29:41.4481941Z Downloaded: 2182 file(s) [attempted 2182/8542 = 25%, 859 KB/s], Decompressed: 346
mask-k	Install official verification toolchain	2026-10-07T23:29:41.5484543Z Downloaded: 2285 file(s) [attempted 2285/8542 = 26%, 294 KB/s], Decompressed: 346
mask-k	Install official verification toolchain	2026-10-07T23:29:41.6507884Z Downloaded: 2384 file(s) [attempted 2384/8542 = 27%, 1152 KB/s], Decompressed: 346
mask-k	Install official verification toolchain	2026-10-07T23:29:41.7558209Z Downloaded: 2459 file(s) [attempted 2459/8542 = 28%, 170 KB/s], Decompressed: 346
mask-k	Install official verification toolchain	2026-10-07T23:29:41.8541944Z Downloaded: 2555 file(s) [attempted 2555/8542 = 29%, 3023 KB/s], Decompressed: 346
mask-k	Install official verification toolchain	2026-10-07T23:29:41.9607805Z Downloaded: 2658 file(s) [attempted 2658/8542 = 31%, 344 KB/s], Decompressed: 346
mask-k	Install official verification toolchain	2026-10-07T23:29:42.0671354Z Downloaded: 2758 file(s) [attempted 2758/8542 = 32%, 1624 KB/s], Decompressed: 346
mask-k	Install official verification toolchain	2026-10-07T23:29:42.1864782Z Downloaded: 2857 file(s) [attempted 2857/8542 = 33%, 200 KB/s], Decompressed: 346
mask-k	Install official verification toolchain	2026-10-07T23:29:42.2890623Z Downloaded: 2962 file(s) [attempted 2962/8542 = 34%, 714 KB/s], Decompressed: 346
mask-k	Install official verification toolchain	2026-10-07T23:29:42.3955048Z Downloaded: 3049 file(s) [attempted 3049/8542 = 35%, 2953 KB/s], Decompressed: 346
mask-k	Install official verification toolchain	2026-10-07T23:29:42.5085200Z Downloaded: 3126 file(s) [attempted 3126/8542 = 36%, 592 KB/s], Decompressed: 346
mask-k	Install official verification toolchain	2026-10-07T23:29:42.6277616Z Downloaded: 3229 file(s) [attempted 3229/8542 = 37%, 1425 KB/s], Decompressed: 346
mask-k	Install official verification toolchain	2026-10-07T23:29:42.7277856Z Downloaded: 3337 file(s) [attempted 3337/8542 = 39%, 249 KB/s], Decompressed: 346
mask-k	Install official verification toolchain	2026-10-07T23:29:42.8384557Z Downloaded: 3440 file(s) [attempted 3440/8542 = 40%, 505 KB/s], Decompressed: 346
mask-k	Install official verification toolchain	2026-10-07T23:29:42.9421531Z Downloaded: 3545 file(s) [attempted 3545/8542 = 41%, 183 KB/s], Decompressed: 346
mask-k	Install official verification toolchain	2026-10-07T23:29:43.0402337Z Downloaded: 3653 file(s) [attempted 3653/8542 = 42%, 608 KB/s], Decompressed: 346
mask-k	Install official verification toolchain	2026-10-07T23:29:43.1413273Z Downloaded: 3754 file(s) [attempted 3754/8542 = 43%, 2812 KB/s], Decompressed: 346
mask-k	Install official verification toolchain	2026-10-07T23:29:43.3397942Z Downloaded: 3854 file(s) [attempted 3854/8542 = 45%, 420 KB/s], Decompressed: 346
mask-k	Install official verification toolchain	2026-10-07T23:29:43.4359398Z Downloaded: 3913 file(s) [attempted 3913/8542 = 45%, 633 KB/s], Decompressed: 346
mask-k	Install official verification toolchain	2026-10-07T23:29:43.5475273Z Downloaded: 4016 file(s) [attempted 4016/8542 = 47%, 159 KB/s], Decompressed: 346
mask-k	Install official verification toolchain	2026-10-07T23:29:43.6478066Z Downloaded: 4114 file(s) [attempted 4114/8542 = 48%, 481 KB/s], Decompressed: 346
mask-k	Install official verification toolchain	2026-10-07T23:29:43.7570067Z Downloaded: 4192 file(s) [attempted 4192/8542 = 49%, 270 KB/s], Decompressed: 346
mask-k	Install official verification toolchain	2026-10-07T23:29:43.8622173Z Downloaded: 4267 file(s) [attempted 4267/8542 = 49%, 2043 KB/s], Decompressed: 346
mask-k	Install official verification toolchain	2026-10-07T23:29:43.9670410Z Downloaded: 4367 file(s) [attempted 4367/8542 = 51%, 2157 KB/s], Decompressed: 346
mask-k	Install official verification toolchain	2026-10-07T23:29:44.0746584Z Downloaded: 4448 file(s) [attempted 4448/8542 = 52%, 167 KB/s], Decompressed: 346
mask-k	Install official verification toolchain	2026-10-07T23:29:44.1988278Z Downloaded: 4520 file(s) [attempted 4520/8542 = 52%, 74 KB/s], Decompressed: 346
mask-k	Install official verification toolchain	2026-10-07T23:29:44.3460728Z Downloaded: 4618 file(s) [attempted 4618/8542 = 54%, 1360 KB/s], Decompressed: 346
mask-k	Install official verification toolchain	2026-10-07T23:29:44.4559287Z Downloaded: 4721 file(s) [attempted 4721/8542 = 55%, 1242 KB/s], Decompressed: 346
mask-k	Install official verification toolchain	2026-10-07T23:29:44.5842381Z Downloaded: 4824 file(s) [attempted 4824/8542 = 56%, 1805 KB/s], Decompressed: 346
mask-k	Install official verification toolchain	2026-10-07T23:29:44.6843887Z Downloaded: 4927 file(s) [attempted 4927/8542 = 57%, 392 KB/s], Decompressed: 346
mask-k	Install official verification toolchain	2026-10-07T23:29:44.7864543Z Downloaded: 5030 file(s) [attempted 5030/8542 = 58%, 4117 KB/s], Decompressed: 346
mask-k	Install official verification toolchain	2026-10-07T23:29:44.8977934Z Downloaded: 5128 file(s) [attempted 5128/8542 = 60%, 771 KB/s], Decompressed: 346
mask-k	Install official verification toolchain	2026-10-07T23:29:45.0029427Z Downloaded: 5203 file(s) [attempted 5203/8542 = 60%, 665 KB/s], Decompressed: 346
mask-k	Install official verification toolchain	2026-10-07T23:29:45.1337833Z Downloaded: 5306 file(s) [attempted 5306/8542 = 62%, 4919 KB/s], Decompressed: 346
mask-k	Install official verification toolchain	2026-10-07T23:29:45.2510836Z Downloaded: 5409 file(s) [attempted 5409/8542 = 63%, 1752 KB/s], Decompressed: 346
mask-k	Install official verification toolchain	2026-10-07T23:29:45.3678194Z Downloaded: 5513 file(s) [attempted 5513/8542 = 64%, 2379 KB/s], Decompressed: 346
mask-k	Install official verification toolchain	2026-10-07T23:29:45.4697855Z Downloaded: 5613 file(s) [attempted 5613/8542 = 65%, 356 KB/s], Decompressed: 346
mask-k	Install official verification toolchain	2026-10-07T23:29:45.5724494Z Downloaded: 5721 file(s) [attempted 5721/8542 = 66%, 432 KB/s], Decompressed: 346
mask-k	Install official verification toolchain	2026-10-07T23:29:45.6787816Z Downloaded: 5819 file(s) [attempted 5819/8542 = 68%, 1260 KB/s], Decompressed: 346
mask-k	Install official verification toolchain	2026-10-07T23:29:45.7778166Z Downloaded: 5901 file(s) [attempted 5901/8542 = 69%, 971 KB/s], Decompressed: 346
mask-k	Install official verification toolchain	2026-10-07T23:29:45.8797795Z Downloaded: 6000 file(s) [attempted 6000/8542 = 70%, 2537 KB/s], Decompressed: 346
mask-k	Install official verification toolchain	2026-10-07T23:29:45.9909487Z Downloaded: 6091 file(s) [attempted 6091/8542 = 71%, 1095 KB/s], Decompressed: 346
mask-k	Install official verification toolchain	2026-10-07T23:29:46.1147716Z Downloaded: 6168 file(s) [attempted 6168/8542 = 72%, 481 KB/s], Decompressed: 346
mask-k	Install official verification toolchain	2026-10-07T23:29:46.2277261Z Downloaded: 6269 file(s) [attempted 6269/8542 = 73%, 1901 KB/s], Decompressed: 346
mask-k	Install official verification toolchain	2026-10-07T23:29:46.3447647Z Downloaded: 6365 file(s) [attempted 6365/8542 = 74%, 5706 KB/s], Decompressed: 346
mask-k	Install official verification toolchain	2026-10-07T23:29:46.4600770Z Downloaded: 6468 file(s) [attempted 6468/8542 = 75%, 788 KB/s], Decompressed: 346
mask-k	Install official verification toolchain	2026-10-07T23:29:46.6237960Z Downloaded: 6571 file(s) [attempted 6571/8542 = 76%, 279 KB/s], Decompressed: 346
mask-k	Install official verification toolchain	2026-10-07T23:29:46.7199114Z Downloaded: 6630 file(s) [attempted 6630/8542 = 77%, 2006 KB/s], Decompressed: 346
mask-k	Install official verification toolchain	2026-10-07T23:29:46.8307753Z Downloaded: 6731 file(s) [attempted 6731/8542 = 78%, 5574 KB/s], Decompressed: 346
mask-k	Install official verification toolchain	2026-10-07T23:29:46.9341849Z Downloaded: 6831 file(s) [attempted 6831/8542 = 79%, 124 KB/s], Decompressed: 346
mask-k	Install official verification toolchain	2026-10-07T23:29:47.0397920Z Downloaded: 6932 file(s) [attempted 6932/8542 = 81%, 133 KB/s], Decompressed: 346
mask-k	Install official verification toolchain	2026-10-07T23:29:47.2597862Z Downloaded: 6997 file(s) [attempted 6997/8542 = 81%, 681 KB/s], Decompressed: 346
mask-k	Install official verification toolchain	2026-10-07T23:29:47.3898384Z Downloaded: 7046 file(s) [attempted 7046/8542 = 82%, 325 KB/s], Decompressed: 346
mask-k	Install official verification toolchain	2026-10-07T23:29:47.4947324Z Downloaded: 7145 file(s) [attempted 7145/8542 = 83%, 360 KB/s], Decompressed: 346
mask-k	Install official verification toolchain	2026-10-07T23:29:47.6057025Z Downloaded: 7248 file(s) [attempted 7248/8542 = 84%, 297 KB/s], Decompressed: 346
mask-k	Install official verification toolchain	2026-10-07T23:29:47.7063701Z Downloaded: 7351 file(s) [attempted 7351/8542 = 86%, 158 KB/s], Decompressed: 346
mask-k	Install official verification toolchain	2026-10-07T23:29:47.8076545Z Downloaded: 7449 file(s) [attempted 7449/8542 = 87%, 1038 KB/s], Decompressed: 346
mask-k	Install official verification toolchain	2026-10-07T23:29:47.9597053Z Downloaded: 7550 file(s) [attempted 7550/8542 = 88%, 803 KB/s], Decompressed: 346
mask-k	Install official verification toolchain	2026-10-07T23:29:48.0994122Z Downloaded: 7571 file(s) [attempted 7571/8542 = 88%, 857 KB/s], Decompressed: 346
mask-k	Install official verification toolchain	2026-10-07T23:29:48.2277335Z Downloaded: 7634 file(s) [attempted 7634/8542 = 89%, 123 KB/s], Decompressed: 346
mask-k	Install official verification toolchain	2026-10-07T23:29:48.3287838Z Downloaded: 7704 file(s) [attempted 7704/8542 = 90%, 575 KB/s], Decompressed: 346
mask-k	Install official verification toolchain	2026-10-07T23:29:48.4311862Z Downloaded: 7803 file(s) [attempted 7803/8542 = 91%, 527 KB/s], Decompressed: 346
mask-k	Install official verification toolchain	2026-10-07T23:29:48.5505433Z Downloaded: 7805 file(s) [attempted 7805/8542 = 91%, 219 KB/s], Decompressed: 346
mask-k	Install official verification toolchain	2026-10-07T23:29:48.6574976Z Downloaded: 7864 file(s) [attempted 7864/8542 = 92%, 140 KB/s], Decompressed: 346
mask-k	Install official verification toolchain	2026-10-07T23:29:48.7641340Z Downloaded: 7960 file(s) [attempted 7960/8542 = 93%, 257 KB/s], Decompressed: 346
mask-k	Install official verification toolchain	2026-10-07T23:29:48.8867792Z Downloaded: 7993 file(s) [attempted 7993/8542 = 93%, 2314 KB/s], Decompressed: 346
mask-k	Install official verification toolchain	2026-10-07T23:29:49.0067828Z Downloaded: 8030 file(s) [attempted 8030/8542 = 94%, 517 KB/s], Decompressed: 346
mask-k	Install official verification toolchain	2026-10-07T23:29:49.1168429Z Downloaded: 8082 file(s) [attempted 8082/8542 = 94%, 311 KB/s], Decompressed: 346
mask-k	Install official verification toolchain	2026-10-07T23:29:49.2554875Z Downloaded: 8133 file(s) [attempted 8133/8542 = 95%, 354 KB/s], Decompressed: 346
mask-k	Install official verification toolchain	2026-10-07T23:29:49.3757918Z Downloaded: 8168 file(s) [attempted 8168/8542 = 95%, 1228 KB/s], Decompressed: 346
mask-k	Install official verification toolchain	2026-10-07T23:29:49.5537806Z Downloaded: 8203 file(s) [attempted 8203/8542 = 96%, 468 KB/s], Decompressed: 346
mask-k	Install official verification toolchain	2026-10-07T23:29:49.7553868Z Downloaded: 8250 file(s) [attempted 8250/8542 = 96%, 3697 KB/s], Decompressed: 346
mask-k	Install official verification toolchain	2026-10-07T23:29:49.9202885Z Downloaded: 8306 file(s) [attempted 8306/8542 = 97%, 304 KB/s], Decompressed: 346
mask-k	Install official verification toolchain	2026-10-07T23:29:50.0325810Z Downloaded: 8358 file(s) [attempted 8358/8542 = 97%, 1801 KB/s], Decompressed: 346
mask-k	Install official verification toolchain	2026-10-07T23:29:50.1913560Z Downloaded: 8386 file(s) [attempted 8386/8542 = 98%, 210 KB/s], Decompressed: 346
mask-k	Install official verification toolchain	2026-10-07T23:29:50.2917318Z Downloaded: 8416 file(s) [attempted 8416/8542 = 98%, 165 KB/s], Decompressed: 346
mask-k	Install official verification toolchain	2026-10-07T23:29:50.3999555Z Downloaded: 8473 file(s) [attempted 8473/8542 = 99%, 239 KB/s], Decompressed: 346
mask-k	Install official verification toolchain	2026-10-07T23:29:50.5183174Z Downloaded: 8480 file(s) [attempted 8480/8542 = 99%, 197 KB/s], Decompressed: 346
mask-k	Install official verification toolchain	2026-10-07T23:29:50.5226966Z Downloaded: 8541 file(s) [attempted 8541/8542 = 99%, 555 KB/s], Decompressed: 346
mask-k	Install official verification toolchain	2026-10-07T23:29:50.5227693Z Downloaded: 8542 file(s) [attempted 8542/8542 = 100%, 555 KB/s], Decompressed: 346
mask-k	Install official verification toolchain	2026-10-07T23:31:15.5897395Z Decompressed 8542 file(s)
mask-k	Install official verification toolchain	2026-10-07T23:31:15.5907956Z Already decompressed 8542 file(s)
mask-k	Install official verification toolchain	2026-10-07T23:31:16.6017890Z info: plausible: cloning https://github.com/leanprover-community/plausible
mask-k	Install official verification toolchain	2026-10-07T23:31:17.3327429Z info: plausible: checking out revision '63045536fe95024e6c18fc7b48e03f506701c5bc'
mask-k	Install official verification toolchain	2026-10-07T23:31:17.3446333Z info: LeanSearchClient: cloning https://github.com/leanprover-community/LeanSearchClient
mask-k	Install official verification toolchain	2026-10-07T23:31:18.0408312Z info: LeanSearchClient: checking out revision 'c5d5b8fe6e5158def25cd28eb94e4141ad97c843'
mask-k	Install official verification toolchain	2026-10-07T23:31:18.0504456Z info: importGraph: cloning https://github.com/leanprover-community/import-graph
mask-k	Install official verification toolchain	2026-10-07T23:31:18.7859817Z info: importGraph: checking out revision '5c7542ed018c78194f1e2b903eaf6a792b74c03d'
mask-k	Install official verification toolchain	2026-10-07T23:31:18.7996161Z info: proofwidgets: cloning https://github.com/leanprover-community/ProofWidgets4
mask-k	Install official verification toolchain	2026-10-07T23:31:20.5211310Z info: proofwidgets: checking out revision '24b0d9dc081c5423f8eec7e866c441e5184f29d9'
mask-k	Install official verification toolchain	2026-10-07T23:31:21.1057760Z info: aesop: cloning https://github.com/leanprover-community/aesop
mask-k	Install official verification toolchain	2026-10-07T23:31:22.4398266Z info: aesop: checking out revision 'e3cb2f741431ce31bf73549fb52316a57368b06f'
mask-k	Install official verification toolchain	2026-10-07T23:31:22.4569985Z info: Qq: cloning https://github.com/leanprover-community/quote4
mask-k	Install official verification toolchain	2026-10-07T23:31:23.1039461Z info: Qq: checking out revision 'f46324995fca5f0483b742e4eb4daec7f4ee50d2'
mask-k	Install official verification toolchain	2026-10-07T23:31:23.1152566Z info: batteries: cloning https://github.com/leanprover-community/batteries
mask-k	Install official verification toolchain	2026-10-07T23:31:26.9778270Z info: batteries: checking out revision 'fa08db58b30eb033edcdab331bba000827f9f785'
mask-k	Install official verification toolchain	2026-10-07T23:31:27.0095123Z info: Cli: cloning https://github.com/leanprover/lean4-cli
mask-k	Install official verification toolchain	2026-10-07T23:31:27.6777978Z info: Cli: checking out revision '92564e5770e4d09f2d86dfbf8ada1e9c715b384c'
mask-k	Install official verification toolchain	2026-10-07T23:31:29.1018013Z ✔ [4/24] Built Batteries.Data.String.Basic (836ms)
mask-k	Install official verification toolchain	2026-10-07T23:31:29.3999207Z ✔ [6/24] Built Batteries.Data.Array.Match (1.1s)
mask-k	Install official verification toolchain	2026-10-07T23:31:29.5998197Z ✔ [7/24] Built Batteries.Data.String.Basic:c.o (195ms)
mask-k	Install official verification toolchain	2026-10-07T23:31:29.8008058Z ✔ [10/24] Built Batteries.Data.Array.Match:c.o (248ms)
mask-k	Install official verification toolchain	2026-10-07T23:31:30.3038273Z ✔ [11/24] Built Batteries.Data.String.Matcher (477ms)
mask-k	Install official verification toolchain	2026-10-07T23:31:30.4048024Z ✔ [13/24] Built Batteries.Tactic.OpenPrivate (1.3s)
mask-k	Install official verification toolchain	2026-10-07T23:31:30.5026852Z ✔ [19/24] Built Batteries.Data.String.Matcher:c.o (220ms)
mask-k	Install official verification toolchain	2026-10-07T23:31:31.4038237Z ✔ [23/24] Built Batteries.Tactic.OpenPrivate:c.o (967ms)
mask-k	Install official verification toolchain	2026-10-07T23:31:48.1042547Z Decompressing 368 already-cached file(s) (8174 already decompressed)
mask-k	Install official verification toolchain	2026-10-07T23:31:48.1043156Z Current branch: HEAD
mask-k	Install official verification toolchain	2026-10-07T23:31:48.1043563Z Using cache (Azure) from origin: (some leanprover-community/mathlib4)
mask-k	Install official verification toolchain	2026-10-07T23:31:48.1044034Z No files to download
mask-k	Install official verification toolchain	2026-10-07T23:31:48.1044352Z Decompressed 368 already-cached file(s)
mask-k	Install official verification toolchain	2026-10-07T23:31:48.1044779Z Completed successfully in 2783 ms!
mask-k	Install official verification toolchain	2026-10-07T23:31:48.1665081Z   ^[[32m✓^[[0m fetched dependencies into lean/.lake/packages
mask-k	Install official verification toolchain	2026-10-07T23:31:48.1666022Z 
mask-k	Install official verification toolchain	2026-10-07T23:31:48.1666567Z ^[[1m5/6  Build^[[0m
mask-k	Install official verification toolchain	2026-10-07T23:32:26.2581728Z   ^[[32m✓^[[0m contract (lean/Lz77)
mask-k	Install official verification toolchain	2026-10-07T23:33:08.2573191Z   ^[[32m✓^[[0m slot and measure crates
mask-k	Install official verification toolchain	2026-10-07T23:33:08.2573988Z   ^[[32m✓^[[0m C compiler for the engine (cc)
mask-k	Install official verification toolchain	2026-10-07T23:33:09.9331575Z   ^[[32m✓^[[0m python deps in /home/runner/work/_temp/deflate-upstream/.venv/bin/python
mask-k	Install official verification toolchain	2026-10-07T23:33:09.9332598Z   ^[[32m✓^[[0m bubblewrap for the proof sandbox
mask-k	Install official verification toolchain	2026-10-07T23:33:09.9333450Z   ^[[32m✓^[[0m systemd-run for the memory cap
mask-k	Install official verification toolchain	2026-10-07T23:33:09.9333881Z 
mask-k	Install official verification toolchain	2026-10-07T23:33:09.9334176Z ^[[1m6/6  Self-test^[[0m
mask-k	Install official verification toolchain	2026-10-07T23:33:10.9691583Z 2026-10-07 23:33:10.968 | DEBUG    | __main__:stage_intake:261 - [gate] parse.rs c756784f2c5bdaf7 -> slot/generated/parse.rs
mask-k	Install official verification toolchain	2026-10-07T23:33:10.9698936Z 2026-10-07 23:33:10.969 | DEBUG    | __main__:stage_intake:261 - [gate] Parse.lean 1cbccb0f91b22437 -> lean/Proof/Parse.lean
mask-k	Install official verification toolchain	2026-10-07T23:33:11.0145853Z 2026-10-07 23:33:11.014 | DEBUG    | sandbox.bwrap:run:110 - [bwrap] rustup exit=0 in 0.0s
mask-k	Install official verification toolchain	2026-10-07T23:33:11.3432382Z 2026-10-07 23:33:11.342 | DEBUG    | sandbox.bwrap:run:110 - [bwrap] extract.sh exit=0 in 0.3s
mask-k	Install official verification toolchain	2026-10-07T23:33:12.6586191Z 2026-10-07 23:33:12.657 | DEBUG    | sandbox.bwrap:run:110 - [bwrap] extract.sh exit=0 in 1.3s
mask-k	Install official verification toolchain	2026-10-07T23:33:12.6587553Z 2026-10-07 23:33:12.658 | DEBUG    | __main__:stage_extract:356 - [gate] extracted Types.lean 276d4089d337e0d7, Funs.lean c572e6dc0ce0cdea, Constants.lean 7f3588b4c89a448d
mask-k	Install official verification toolchain	2026-10-07T23:33:14.5898262Z 2026-10-07 23:33:14.587 | DEBUG    | sandbox.bwrap:run:110 - [bwrap] lake exit=0 in 1.9s
mask-k	Install official verification toolchain	2026-10-07T23:33:29.1371128Z 2026-10-07 23:33:29.136 | DEBUG    | sandbox.bwrap:run:110 - [bwrap] lake exit=0 in 14.5s
mask-k	Install official verification toolchain	2026-10-07T23:33:49.9234382Z 2026-10-07 23:33:49.922 | DEBUG    | sandbox.bwrap:run:110 - [bwrap] lake exit=0 in 20.8s
mask-k	Install official verification toolchain	2026-10-07T23:33:52.2908044Z 2026-10-07 23:33:52.290 | DEBUG    | sandbox.bwrap:run:110 - [bwrap] lake exit=0 in 2.4s
mask-k	Install official verification toolchain	2026-10-07T23:33:54.6336944Z 2026-10-07 23:33:54.632 | DEBUG    | sandbox.bwrap:run:110 - [bwrap] lake exit=0 in 2.3s
mask-k	Install official verification toolchain	2026-10-07T23:33:54.6348547Z 2026-10-07 23:33:54.633 | DEBUG    | __main__:stage_axioms:423 - [gate] axiom query stdout: "'accepted' depends on axioms: [propext, Classical.choice, Quot.sound]"
mask-k	Install official verification toolchain	2026-10-07T23:33:54.6349999Z 2026-10-07 23:33:54.634 | INFO     | __main__:main:703 - [gate] verification accepted in 43.7s (bwrap, 900s, 16384 MB)
mask-k	Install official verification toolchain	2026-10-07T23:33:54.6461719Z verifying /home/runner/work/_temp/deflate-upstream/miner/template
mask-k	Install official verification toolchain	2026-10-07T23:33:54.6462628Z workspace: /home/runner/work/_temp/deflate-upstream/data/verification-workspace/verify-_rza5du5
mask-k	Install official verification toolchain	2026-10-07T23:33:54.6463266Z 
mask-k	Install official verification toolchain	2026-10-07T23:33:54.6463903Z 0 intake      ok — template: parse.rs, Parse.lean
mask-k	Install official verification toolchain	2026-10-07T23:33:54.6464476Z 1 policy      ok — source prefilters passed
mask-k	Install official verification toolchain	2026-10-07T23:33:54.6472730Z 2 static      ok — resolved operations: core::num::{impl}::wrapping_add, core::num::{impl}::wrapping_mul, core::slice::{impl}::len
mask-k	Install official verification toolchain	2026-10-07T23:33:54.6473969Z 3 extract     ok — charon+aeneas re-run by the verifier, no new axioms
mask-k	Install official verification toolchain	2026-10-07T23:33:54.6475191Z 4 statement   ok — `LZ77.Obligation slot.parse` typechecks (bwrap, 900s, 16384 MB)
mask-k	Install official verification toolchain	2026-10-07T23:33:54.6476012Z 5 axioms      ok — ['Classical.choice', 'Quot.sound', 'propext']; extraction intact
mask-k	Install official verification toolchain	2026-10-07T23:33:54.6476493Z 
mask-k	Install official verification toolchain	2026-10-07T23:33:54.6476895Z proof accepted (scoring skipped)
mask-k	Install official verification toolchain	2026-10-07T23:33:54.6983538Z 
mask-k	Install official verification toolchain	2026-10-07T23:33:54.6984653Z ^[[1minit ok.^[[0m Toolchain in use:
mask-k	Install official verification toolchain	2026-10-07T23:33:54.6985395Z   AENEAS_WORK    /home/runner/work/_temp/deflate-upstream/validator/.work/aeneas
mask-k	Install official verification toolchain	2026-10-07T23:33:54.6986135Z   CHARON_DIR     /home/runner/work/_temp/deflate-upstream/validator/.work/aeneas
mask-k	Install official verification toolchain	2026-10-07T23:33:54.6989988Z   ELAN_HOME      /home/runner/work/_temp/deflate-upstream/validator/.work/elan
mask-k	Install official verification toolchain	2026-10-07T23:33:54.6991279Z   LEAN_PACKAGES  (own checkout under lean/.lake)
mask-k	Install official verification toolchain	2026-10-07T23:33:54.6991650Z 
mask-k	Install official verification toolchain	2026-10-07T23:33:54.6991766Z Next:  just smoke
mask-k	Install official verification toolchain	2026-10-07T23:33:54.6991932Z 
mask-k	Install official verification toolchain	2026-10-07T23:33:54.6992270Z ^[[1msetup done.^[[0m  Next:  just check miner/template     just --list
mask-k	Install official verification toolchain	2026-10-07T23:33:54.9523610Z /home/runner/work/_temp/deflate-upstream/setup.sh --check
mask-k	Install official verification toolchain	2026-10-07T23:33:54.9573979Z 
mask-k	Install official verification toolchain	2026-10-07T23:33:54.9574719Z ^[[1m1/9  System packages^[[0m
mask-k	Install official verification toolchain	2026-10-07T23:33:54.9578593Z   ^[[32m✓^[[0m cc, curl, python3, git, bubblewrap present
mask-k	Install official verification toolchain	2026-10-07T23:33:54.9579072Z 
mask-k	Install official verification toolchain	2026-10-07T23:33:54.9579510Z ^[[1m2/9  just (1.58.0)^[[0m
mask-k	Install official verification toolchain	2026-10-07T23:33:54.9703286Z   ^[[32m✓^[[0m just 1.58.0 at /home/runner/.local/bin/just
mask-k	Install official verification toolchain	2026-10-07T23:33:54.9719059Z 
mask-k	Install official verification toolchain	2026-10-07T23:33:54.9719523Z ^[[1m3/9  uv (0.12.15)^[[0m
mask-k	Install official verification toolchain	2026-10-07T23:33:55.0175385Z   ^[[32m✓^[[0m uv 0.12.15 at /home/runner/.local/bin/uv
mask-k	Install official verification toolchain	2026-10-07T23:33:55.0176130Z 
mask-k	Install official verification toolchain	2026-10-07T23:33:55.0177045Z ^[[1m4/9  Python environment (.venv, from pyproject.toml)^[[0m
mask-k	Install official verification toolchain	2026-10-07T23:33:56.4228058Z   ^[[32m✓^[[0m .venv complete
mask-k	Install official verification toolchain	2026-10-07T23:33:56.4363920Z   ^[[33m·^[[0m bittensor SDK absent - miners do not need it; validators run ./setup.sh --chain
mask-k	Install official verification toolchain	2026-10-07T23:33:56.4371727Z 
mask-k	Install official verification toolchain	2026-10-07T23:33:56.4372039Z ^[[1m5/9  Trusted-input audit^[[0m
mask-k	Install official verification toolchain	2026-10-07T23:33:56.4372438Z   ^[[32m✓^[[0m gate worker records observed code and benchmark identities
mask-k	Install official verification toolchain	2026-10-07T23:33:56.4373125Z 
mask-k	Install official verification toolchain	2026-10-07T23:33:56.4373240Z ^[[1m6/9  Configuration (.env)^[[0m
mask-k	Install official verification toolchain	2026-10-07T23:33:56.4373694Z   ^[[32m✓^[[0m .env present
mask-k	Install official verification toolchain	2026-10-07T23:33:56.4373883Z 
mask-k	Install official verification toolchain	2026-10-07T23:33:56.4378446Z ^[[1m7/9  Scoring corpus (corpus-stage1, the benchmark default)^[[0m
mask-k	Install official verification toolchain	2026-10-07T23:33:56.4389614Z   ^[[32m✓^[[0m data/benchmark/corpus-stage1 present
mask-k	Install official verification toolchain	2026-10-07T23:33:56.4390149Z 
mask-k	Install official verification toolchain	2026-10-07T23:33:56.4390639Z ^[[1m8/9  Slot (validator/slot/src/parse.rs is a symlink to generated/, gitignored)^[[0m
mask-k	Install official verification toolchain	2026-10-07T23:33:56.4391303Z   ^[[32m✓^[[0m validator/slot/generated/parse.rs present
mask-k	Install official verification toolchain	2026-10-07T23:33:56.4395461Z 
mask-k	Install official verification toolchain	2026-10-07T23:33:56.4395837Z ^[[1m9/9  Toolchain: Lean, Aeneas, Charon, Mathlib^[[0m
mask-k	Install official verification toolchain	2026-10-07T23:33:56.4449201Z 
mask-k	Install official verification toolchain	2026-10-07T23:33:56.4449716Z ^[[1m1/6  Lean toolchain (leanprover/lean4:v4.31.0)^[[0m
mask-k	Install official verification toolchain	2026-10-07T23:33:56.4450573Z   ^[[32m✓^[[0m elan at /home/runner/work/_temp/deflate-upstream/validator/.work/elan
mask-k	Install official verification toolchain	2026-10-07T23:33:56.4908345Z   ^[[32m✓^[[0m Lean (version 4.31.0, x86_64-unknown-linux-gnu, commit 68218e876d2a38b1985b8590fff244a83c321783, Release)
mask-k	Install official verification toolchain	2026-10-07T23:33:56.4917620Z 
mask-k	Install official verification toolchain	2026-10-07T23:33:56.4918174Z ^[[1m2/6  Aeneas + Charon (nightly-2026.08.27-5b9dcf3 release)^[[0m
mask-k	Install official verification toolchain	2026-10-07T23:33:56.4919087Z   ^[[32m✓^[[0m aeneas at /home/runner/work/_temp/deflate-upstream/validator/.work/aeneas/aeneas
mask-k	Install official verification toolchain	2026-10-07T23:33:56.4920028Z   ^[[32m✓^[[0m charon at /home/runner/work/_temp/deflate-upstream/validator/.work/aeneas/charon
mask-k	Install official verification toolchain	2026-10-07T23:33:56.4920776Z 
mask-k	Install official verification toolchain	2026-10-07T23:33:56.4931292Z ^[[1m3/6  Rust nightly for charon-driver (nightly-2026-08-18 + rustc-dev)^[[0m
mask-k	Install official verification toolchain	2026-10-07T23:33:56.4990516Z   ^[[32m✓^[[0m nightly-2026-08-18 installed
mask-k	Install official verification toolchain	2026-10-07T23:33:56.4990977Z 
mask-k	Install official verification toolchain	2026-10-07T23:33:56.4991381Z ^[[1m4/6  Lean dependencies (Aeneas backend + Mathlib)^[[0m
mask-k	Install official verification toolchain	2026-10-07T23:33:56.4992004Z   ^[[32m✓^[[0m lean/.lake/packages present
mask-k	Install official verification toolchain	2026-10-07T23:33:56.4992364Z 
mask-k	Install official verification toolchain	2026-10-07T23:33:56.4992626Z ^[[1m5/6  Build^[[0m
mask-k	Install official verification toolchain	2026-10-07T23:33:56.4993062Z   ^[[32m✓^[[0m contract built
mask-k	Install official verification toolchain	2026-10-07T23:33:56.4993522Z   ^[[32m✓^[[0m syntax checker built
mask-k	Install official verification toolchain	2026-10-07T23:33:56.4994647Z   ^[[32m✓^[[0m engine built
mask-k	Install official verification toolchain	2026-10-07T23:33:56.4995372Z   ^[[32m✓^[[0m C compiler for the engine (cc)
mask-k	Install official verification toolchain	2026-10-07T23:33:56.8022321Z   ^[[32m✓^[[0m python deps in /home/runner/work/_temp/deflate-upstream/.venv/bin/python
mask-k	Install official verification toolchain	2026-10-07T23:33:56.8024024Z   ^[[32m✓^[[0m bubblewrap for the proof sandbox
mask-k	Install official verification toolchain	2026-10-07T23:33:56.8024455Z   ^[[32m✓^[[0m systemd-run for the memory cap
mask-k	Install official verification toolchain	2026-10-07T23:33:56.8024688Z 
mask-k	Install official verification toolchain	2026-10-07T23:33:56.8024863Z ^[[1m6/6  Self-test^[[0m
mask-k	Install official verification toolchain	2026-10-07T23:33:56.8025283Z   ^[[32m✓^[[0m everything present — run without --check to self-test
mask-k	Install official verification toolchain	2026-10-07T23:33:56.8025501Z 
mask-k	Install official verification toolchain	2026-10-07T23:33:56.8025593Z ^[[1mready.^[[0m
mask-k	Install official verification toolchain	2026-10-07T23:33:56.8074785Z /home/runner/work/_temp/deflate-upstream/.venv/bin/python /home/runner/work/_temp/deflate-upstream/validator/verifier/pins.py --check
mask-k	Install official verification toolchain	2026-10-07T23:33:56.9148033Z pins ok — 70 contract, engine and gate files unchanged
mask-k	Install official verification toolchain	2026-10-07T23:33:56.9229017Z a356bbff18b60c4527fbcc85d5a28ef9c20214e0
mask-k	Install official verification toolchain	2026-10-07T23:33:56.9626171Z Lean (version 4.31.0, x86_64-unknown-linux-gnu, commit 68218e876d2a38b1985b8590fff244a83c321783, Release)
mask-k	Install official verification toolchain	2026-10-07T23:33:56.9773023Z rustc 1.100.0-nightly (8fa1c96cf 2026-08-17)
mask-k	Install official verification toolchain	2026-10-07T23:33:56.9798620Z just 1.58.0
mask-k	Install official verification toolchain	2026-10-07T23:33:56.9839810Z uv 0.12.15 (x86_64-unknown-linux-gnu)
mask-k	Install official verification toolchain	2026-10-07T23:33:56.9854652Z Linux runnervmmprz5 6.17.0-1022-azure #22-Ubuntu SMP Mon Jul 27 17:24:03 UTC 2026 x86_64 x86_64 x86_64 GNU/Linux
mask-k	Install official verification toolchain	2026-10-07T23:33:56.9888492Z CPU(s):                                  2
mask-k	Install official verification toolchain	2026-10-07T23:33:56.9892437Z Model name:                              AMD EPYC 9V74 80-Core Processor
mask-k	Install official verification toolchain	2026-10-07T23:33:56.9907371Z c756784f2c5bdaf7b44ad8e0e646d9777557a09974afa1999f69a215fe2b7376  miner/template/parse.rs
mask-k	Install official verification toolchain	2026-10-07T23:33:56.9908424Z 1cbccb0f91b22437209e785233c0a45d0a0713887c52fbfb8e5fec555c40b7a2  miner/template/Parse.lean
mask-k	Install official verification toolchain	2026-10-07T23:33:56.9921006Z 37e7b307e925cc855ee2135385e81f9653301024cfdcb7364e48f271a5781fb6  validator/lean/lake-manifest.json
mask-k	Install official verification toolchain	2026-10-07T23:33:56.9922276Z c6f818ab47f52b8d3161b0ee591e1ddb2ab8491a53d5609f9118730287b61f3b  validator/verifier/PINS.json
mask-k	Install official verification toolchain	2026-10-07T23:33:56.9974244Z 6d48a129b156a4e032a6378b96d4258f89c9ccd759decdc66fdbf32c312277f4  data/benchmark/corpus-stage1/binary.db.bin
mask-k	Install official verification toolchain	2026-10-07T23:33:56.9993231Z ada4433d366405395b1a415fbec247ce7e38525c05f4f09e40c111230394353c  data/benchmark/corpus-stage1/bundle.min.js.txt
mask-k	Install official verification toolchain	2026-10-07T23:33:57.0011241Z 94a0152009cf44a20483a564f8b32d7ef32e4fbbea53843da9848e7b5f43743a  data/benchmark/corpus-stage1/catalog.xml.txt
mask-k	Install official verification toolchain	2026-10-07T23:33:57.0021911Z dd2679f1b4553beb286ec43eda622e6c40e664b841de3af4887ee89faee223ec  data/benchmark/corpus-stage1/compressed.bin
mask-k	Install official verification toolchain	2026-10-07T23:33:57.0031998Z 9353520d1b7b493a7f6f90d019e876c1580636732fc0d3197e51ed0766e2d4e2  data/benchmark/corpus-stage1/config.yaml.txt
mask-k	Install official verification toolchain	2026-10-07T23:33:57.0075803Z 793cb2bc299557521c052defd985cddb934feac72d13b995cf475a0ff16347a5  data/benchmark/corpus-stage1/docs.md.txt
mask-k	Install official verification toolchain	2026-10-07T23:33:57.0080269Z eb8d600ef976556175ab9410909871582d6845712bba0ad30607a0e79e9e60ba  data/benchmark/corpus-stage1/dump.sql.txt
mask-k	Install official verification toolchain	2026-10-07T23:33:57.0105327Z 4b01b6b751d82ab6e1b5e5275c3308db25dd58e20afcd5c79b72caab7f8a2baf  data/benchmark/corpus-stage1/genome.fasta
mask-k	Install official verification toolchain	2026-10-07T23:33:57.0123641Z 4cbc5cc76fe6bf05b5d2d49c5b7c7fe23780e0c8895a503d68f913479ba17254  data/benchmark/corpus-stage1/images.bin
mask-k	Install official verification toolchain	2026-10-07T23:33:57.0151144Z 30ff2371b060320afcf60fa4e30c6a73855b5b704569e006bccc99262d37548e  data/benchmark/corpus-stage1/lean.txt
mask-k	Install official verification toolchain	2026-10-07T23:33:57.0160729Z f58b5b1ba7cb2061f5a747ac87f84f2508b287219101f4a9d78c9513cb237204  data/benchmark/corpus-stage1/machine-code.bin
mask-k	Install official verification toolchain	2026-10-07T23:33:57.0198520Z 4af8e993743404696f1a54e4d67e88f6a509414aed516b602c230b12e533e75c  data/benchmark/corpus-stage1/metrics.csv.txt
mask-k	Install official verification toolchain	2026-10-07T23:33:57.0233531Z 174352fedf18646ab739edcb5ecea17832e4f8b700aa3f5d4f824e0c6221722e  data/benchmark/corpus-stage1/multibyte.txt
mask-k	Install official verification toolchain	2026-10-07T23:33:57.1042293Z e2d69618c902e4c1847794b6f18ec67bb965da50ff68cda05305485b566e6ff2  data/benchmark/corpus-stage1/page.html.txt
mask-k	Install official verification toolchain	2026-10-07T23:33:57.1242390Z 77bcc8ef22132bc4ef34324dc7897870e76e9b97452d1a3610e7f803a4486f17  data/benchmark/corpus-stage1/prose.txt
mask-k	Install official verification toolchain	2026-10-07T23:33:57.2642422Z 63decf627edee015caecc4a8ab97c8a6d19606fcf115e2a98a9ac837c7ca1646  data/benchmark/corpus-stage1/records.json.txt
mask-k	Install official verification toolchain	2026-10-07T23:33:57.2652760Z d7f2ee8a39592832c2c46089d07fc33c0bf1f985084577849a6db368d90cb700  data/benchmark/corpus-stage1/server.log
mask-k	Install official verification toolchain	2026-10-07T23:33:57.2872626Z b04133d396ba4c81be9b5b9cf096402ed61526a85e2918c8553e3c9c15717cc3  data/benchmark/corpus-stage1/source.c.txt
mask-k	Install official verification toolchain	2026-10-07T23:33:57.2889264Z dd4793f64b001c006b92f74e4488e91d4022893259bd88a2acbdf16cdad7a44b  data/benchmark/corpus-stage1/source.py.txt
mask-k	Install official verification toolchain	2026-10-07T23:33:57.2915016Z 12edca346da882992b772a5686a191324858e46842626967cd89130d4c70bbd3  data/benchmark/corpus-stage1/source.rs.txt
mask-k	Install official verification toolchain	2026-10-07T23:33:57.2924387Z 0f7395da91e686b53af9c818b6b96fa0a2eb7ac0b243a42247319341b8e7d522  data/benchmark/corpus-stage1/sourcemap.map.txt
mask-k	Install official verification toolchain	2026-10-07T23:33:57.2927134Z e5d1db67caf732b985c2226791836f311774b6fe464a5d71e6f3fff3e6725f36  data/benchmark/corpus-stage1/sparse.bin
mask-k	Install official verification toolchain	2026-10-07T23:33:57.2929031Z 0f806a930a41f56b5c9d85f91e81af6e90edf17ee6c66dabd88dcf63e18acf14  data/benchmark/corpus-stage1/tiny-app.log
mask-k	Install official verification toolchain	2026-10-07T23:33:57.2930586Z 4ecee10b0b6b41ba5d1693b70ac95cb03de1a05712739e4bc6641b3af6cb0a73  data/benchmark/corpus-stage1/tiny-config.json.txt
mask-k	Install official verification toolchain	2026-10-07T23:33:57.2940685Z e64e112bd3b2c63509c2dc3e687bb91e7e06dbc4bd13ecbdaac41241d0f03b1f  data/benchmark/corpus-stage1/weights-bf16.bin
mask-k	Install official verification toolchain	2026-10-07T23:33:57.3631812Z 134a2ec77375f13fab74a200a80bc768dd6c3d4403bfccb473b38941fb2ff955  data/benchmark/corpus-stage1/weights-f16.bin
mask-k	Install official verification toolchain	2026-10-07T23:33:57.3645737Z cbb1608ac057ef06f7dd2e6bb0ba32fa6a6ce6f91699c0e9c05f5644acc2c74d  data/benchmark/corpus-stage1/weights-f32.bin
mask-k	Install official verification toolchain	2026-10-07T23:33:57.3657681Z c81adeb809c26ef1dd391c0a640c95b3ad76ebab127d690b5a7fdbe2e412779a  data/benchmark/corpus-stage1/weights-q8.bin
mask-k	Install official verification toolchain	2026-10-07T23:33:57.7425254Z Filesystem      Size  Used Avail Use% Mounted on
mask-k	Install official verification toolchain	2026-10-07T23:33:57.7427257Z /dev/root        72G   48G   24G  67% /
mask-k	Check requested finite equivalence	﻿2026-10-07T23:33:57.8256038Z ##[group]Run export PATH="$HOME/.local/bin:$HOME/.cargo/bin:$ELAN_HOME/bin:$PATH"
mask-k	Check requested finite equivalence	2026-10-07T23:33:57.8256708Z ^[[36;1mexport PATH="$HOME/.local/bin:$HOME/.cargo/bin:$ELAN_HOME/bin:$PATH"^[[0m
mask-k	Check requested finite equivalence	2026-10-07T23:33:57.8257088Z ^[[36;1m"$DEFLATE_ROOT/.venv/bin/python" scripts/research-round4.py^[[0m
mask-k	Check requested finite equivalence	2026-10-07T23:33:57.9399540Z shell: /usr/bin/bash -e {0}
mask-k	Check requested finite equivalence	2026-10-07T23:33:57.9399808Z env:
mask-k	Check requested finite equivalence	2026-10-07T23:33:57.9399994Z   ROUND4_SPEC: mask-k
mask-k	Check requested finite equivalence	2026-10-07T23:33:57.9400196Z   ROUND4_SPEC_DIR: evidence/round10
mask-k	Check requested finite equivalence	2026-10-07T23:33:57.9400461Z   DEFLATE_ROOT: /home/runner/work/_temp/deflate-upstream
mask-k	Check requested finite equivalence	2026-10-07T23:33:57.9400808Z   ELAN_HOME: /home/runner/work/_temp/deflate-upstream/validator/.work/elan
mask-k	Check requested finite equivalence	2026-10-07T23:33:57.9401138Z   XDG_CACHE_HOME: /home/runner/work/_temp/deflate-cache
mask-k	Check requested finite equivalence	2026-10-07T23:33:57.9401414Z   UV_CACHE_DIR: /home/runner/work/_temp/deflate-cache/uv
mask-k	Check requested finite equivalence	2026-10-07T23:33:57.9401659Z   XDG_RUNTIME_DIR: /run/user/1001
mask-k	Check requested finite equivalence	2026-10-07T23:33:57.9401898Z   DBUS_SESSION_BUS_ADDRESS: unix:path=/run/user/1001/bus
mask-k	Check requested finite equivalence	2026-10-07T23:33:57.9402231Z   VERIFY_CORPUS: corpus-stage1
mask-k	Check requested finite equivalence	2026-10-07T23:33:57.9402439Z   VERIFY_SANDBOX: bwrap
mask-k	Check requested finite equivalence	2026-10-07T23:33:57.9402627Z   GIT_TERMINAL_PROMPT: 0
mask-k	Check requested finite equivalence	2026-10-07T23:33:57.9402815Z ##[endgroup]
mask-k	Check requested finite equivalence	2026-10-07T23:34:04.3878146Z EQUIVALENCE_RESULT r10-backward-prefixmask r10-record-nonempty 444 0
mask-k	Check requested finite equivalence	2026-10-07T23:34:04.3878808Z 
mask-k	Extract requested research candidates	﻿2026-10-07T23:34:04.3983977Z ##[group]Run export PATH="$HOME/.local/bin:$HOME/.cargo/bin:$ELAN_HOME/bin:$PATH"
mask-k	Extract requested research candidates	2026-10-07T23:34:04.3984439Z ^[[36;1mexport PATH="$HOME/.local/bin:$HOME/.cargo/bin:$ELAN_HOME/bin:$PATH"^[[0m
mask-k	Extract requested research candidates	2026-10-07T23:34:04.3984817Z ^[[36;1m"$DEFLATE_ROOT/.venv/bin/python" scripts/research-round5.py^[[0m
mask-k	Extract requested research candidates	2026-10-07T23:34:04.4039425Z shell: /usr/bin/bash -e {0}
mask-k	Extract requested research candidates	2026-10-07T23:34:04.4039631Z env:
mask-k	Extract requested research candidates	2026-10-07T23:34:04.4039799Z   ROUND4_SPEC: mask-k
mask-k	Extract requested research candidates	2026-10-07T23:34:04.4039992Z   ROUND4_SPEC_DIR: evidence/round10
mask-k	Extract requested research candidates	2026-10-07T23:34:04.4040256Z   DEFLATE_ROOT: /home/runner/work/_temp/deflate-upstream
mask-k	Extract requested research candidates	2026-10-07T23:34:04.4040594Z   ELAN_HOME: /home/runner/work/_temp/deflate-upstream/validator/.work/elan
mask-k	Extract requested research candidates	2026-10-07T23:34:04.4040942Z   XDG_CACHE_HOME: /home/runner/work/_temp/deflate-cache
mask-k	Extract requested research candidates	2026-10-07T23:34:04.4041224Z   UV_CACHE_DIR: /home/runner/work/_temp/deflate-cache/uv
mask-k	Extract requested research candidates	2026-10-07T23:34:04.4041471Z   XDG_RUNTIME_DIR: /run/user/1001
mask-k	Extract requested research candidates	2026-10-07T23:34:04.4041709Z   DBUS_SESSION_BUS_ADDRESS: unix:path=/run/user/1001/bus
mask-k	Extract requested research candidates	2026-10-07T23:34:04.4041994Z   VERIFY_CORPUS: corpus-stage1
mask-k	Extract requested research candidates	2026-10-07T23:34:04.4042191Z   VERIFY_SANDBOX: bwrap
mask-k	Extract requested research candidates	2026-10-07T23:34:04.4042369Z   GIT_TERMINAL_PROMPT: 0
mask-k	Extract requested research candidates	2026-10-07T23:34:04.4042549Z ##[endgroup]
mask-k	Extract requested research candidates	2026-10-07T23:35:50.7830991Z RESEARCH_EXTRACTION r10-backward-prefixmask 1 PROOF_NOT_RUN
mask-k	Diagnose block phases and candidate discovery	﻿2026-10-07T23:35:51.3335471Z ##[group]Run export PATH="$HOME/.local/bin:$HOME/.cargo/bin:$ELAN_HOME/bin:$PATH"
mask-k	Diagnose block phases and candidate discovery	2026-10-07T23:35:51.3337843Z ^[[36;1mexport PATH="$HOME/.local/bin:$HOME/.cargo/bin:$ELAN_HOME/bin:$PATH"^[[0m
mask-k	Diagnose block phases and candidate discovery	2026-10-07T23:35:51.3340161Z ^[[36;1mif [[ "$ROUND4_SPEC_DIR" == evidence/round9 ]]; then "$DEFLATE_ROOT/.venv/bin/python" scripts/research-round9-phases.py; fi^[[0m
mask-k	Diagnose block phases and candidate discovery	2026-10-07T23:35:51.3342534Z ^[[36;1mif [[ "$ROUND4_SPEC_DIR" == evidence/round9 ]]; then "$DEFLATE_ROOT/.venv/bin/python" scripts/research-round9-finder.py; fi^[[0m
mask-k	Diagnose block phases and candidate discovery	2026-10-07T23:35:51.3344966Z ^[[36;1mif [[ "$ROUND4_SPEC_DIR" == evidence/round10 && -f scripts/research-round10-forward.py ]]; then "$DEFLATE_ROOT/.venv/bin/python" scripts/research-round10-forward.py; fi^[[0m
mask-k	Diagnose block phases and candidate discovery	2026-10-07T23:35:51.3348140Z ^[[36;1mif [[ "$ROUND4_SPEC_DIR" == evidence/round10 && -f scripts/research-round10-finder.py ]]; then "$DEFLATE_ROOT/.venv/bin/python" scripts/research-round10-finder.py; fi^[[0m
mask-k	Diagnose block phases and candidate discovery	2026-10-07T23:35:51.3349114Z ^[[36;1mif [[ "$ROUND4_SPEC_DIR" == evidence/round10 && -f scripts/research-round10-endprobe.py ]]; then "$DEFLATE_ROOT/.venv/bin/python" scripts/research-round10-endprobe.py; fi^[[0m
mask-k	Diagnose block phases and candidate discovery	2026-10-07T23:35:51.3355177Z ^[[36;1mif [[ "$ROUND4_SPEC_DIR" == evidence/round10 && -f scripts/research-round10-costcache.py ]]; then "$DEFLATE_ROOT/.venv/bin/python" scripts/research-round10-costcache.py; fi^[[0m
mask-k	Diagnose block phases and candidate discovery	2026-10-07T23:35:51.3356412Z ^[[36;1mif [[ "$ROUND4_SPEC_DIR" == evidence/round10 && -f scripts/research-round10-packed.py ]]; then "$DEFLATE_ROOT/.venv/bin/python" scripts/research-round10-packed.py; fi^[[0m
mask-k	Diagnose block phases and candidate discovery	2026-10-07T23:35:51.3360567Z ^[[36;1mif [[ "$ROUND4_SPEC_DIR" == evidence/round10 && -f scripts/research-round10-prefixmask.py ]]; then "$DEFLATE_ROOT/.venv/bin/python" scripts/research-round10-prefixmask.py; fi^[[0m
mask-k	Diagnose block phases and candidate discovery	2026-10-07T23:35:51.3432148Z shell: /usr/bin/bash -e {0}
mask-k	Diagnose block phases and candidate discovery	2026-10-07T23:35:51.3434119Z env:
mask-k	Diagnose block phases and candidate discovery	2026-10-07T23:35:51.3436046Z   ROUND4_SPEC: mask-k
mask-k	Diagnose block phases and candidate discovery	2026-10-07T23:35:51.3438474Z   ROUND4_SPEC_DIR: evidence/round10
mask-k	Diagnose block phases and candidate discovery	2026-10-07T23:35:51.3438997Z   DEFLATE_ROOT: /home/runner/work/_temp/deflate-upstream
mask-k	Diagnose block phases and candidate discovery	2026-10-07T23:35:51.3441460Z   ELAN_HOME: /home/runner/work/_temp/deflate-upstream/validator/.work/elan
mask-k	Diagnose block phases and candidate discovery	2026-10-07T23:35:51.3443978Z   XDG_CACHE_HOME: /home/runner/work/_temp/deflate-cache
mask-k	Diagnose block phases and candidate discovery	2026-10-07T23:35:51.3446288Z   UV_CACHE_DIR: /home/runner/work/_temp/deflate-cache/uv
mask-k	Diagnose block phases and candidate discovery	2026-10-07T23:35:51.3450374Z   XDG_RUNTIME_DIR: /run/user/1001
mask-k	Diagnose block phases and candidate discovery	2026-10-07T23:35:51.3450763Z   DBUS_SESSION_BUS_ADDRESS: unix:path=/run/user/1001/bus
mask-k	Diagnose block phases and candidate discovery	2026-10-07T23:35:51.3454627Z   VERIFY_CORPUS: corpus-stage1
mask-k	Diagnose block phases and candidate discovery	2026-10-07T23:35:51.3457690Z   VERIFY_SANDBOX: bwrap
mask-k	Diagnose block phases and candidate discovery	2026-10-07T23:35:51.3461535Z   GIT_TERMINAL_PROMPT: 0
mask-k	Diagnose block phases and candidate discovery	2026-10-07T23:35:51.3461867Z ##[endgroup]
mask-k	Diagnose block phases and candidate discovery	2026-10-07T23:35:51.9023466Z ROUND10_FORWARD_NOT_REQUESTED
mask-k	Diagnose block phases and candidate discovery	2026-10-07T23:35:51.9506108Z ROUND10_FINDER_DIAGNOSTIC_NOT_REQUESTED
mask-k	Diagnose block phases and candidate discovery	2026-10-07T23:35:52.0016014Z ROUND10_ENDPROBE_NOT_REQUESTED
mask-k	Diagnose block phases and candidate discovery	2026-10-07T23:35:52.3160489Z ROUND10_COSTCACHE_NOT_REQUESTED
mask-k	Diagnose block phases and candidate discovery	2026-10-07T23:35:52.3689297Z ROUND10_PACKED_NOT_REQUESTED
mask-k	Diagnose block phases and candidate discovery	2026-10-07T23:35:57.9000380Z ROUND10_PREFIXMASK {"status": "VERIFIED_FINITE_PREFIXMASK_OPERATION_COUNTS", "files": 28, "totals": {"pm_publish_calls": 12812018, "pm_publish_disabled_calls": 0, "pm_publish_bad_order_calls": 0, "pm_publish_while_condition_checks": 32660424, "pm_publish_successful_pops": 7437794, "pm_best_len_calls": 6967033, "pm_best_len_valid_range_calls": 6967033, "pm_best_len_valid_range_lengths_sum": 28038648, "pm_best_len_singleton_calls": 3258508, "pm_prefix_offset_calls": 4044072, "d_best_len_fallback_calls": 0, "pm_cost_calls": 36704496, "d_bcost_calls": 14319160}}
mask-k	Publish early extraction diagnostics	﻿2026-10-07T23:35:57.9202945Z ##[group]Run actions/upload-artifact@ea165f8d65b6e75b540449e92b4886f43607fa02
mask-k	Publish early extraction diagnostics	2026-10-07T23:35:57.9203290Z with:
mask-k	Publish early extraction diagnostics	2026-10-07T23:35:57.9203476Z   name: r10-37702101006-mask-k-extraction
mask-k	Publish early extraction diagnostics	2026-10-07T23:35:57.9203754Z   path: /home/runner/work/_temp/round4-receipts/research5/
mask-k	Publish early extraction diagnostics	2026-10-07T23:35:57.9204010Z   retention-days: 1
mask-k	Publish early extraction diagnostics	2026-10-07T23:35:57.9204193Z   compression-level: 9
mask-k	Publish early extraction diagnostics	2026-10-07T23:35:57.9204378Z   if-no-files-found: ignore
mask-k	Publish early extraction diagnostics	2026-10-07T23:35:57.9204574Z   overwrite: false
mask-k	Publish early extraction diagnostics	2026-10-07T23:35:57.9204749Z   include-hidden-files: false
mask-k	Publish early extraction diagnostics	2026-10-07T23:35:57.9204952Z env:
mask-k	Publish early extraction diagnostics	2026-10-07T23:35:57.9205108Z   ROUND4_SPEC: mask-k
mask-k	Publish early extraction diagnostics	2026-10-07T23:35:57.9205296Z   ROUND4_SPEC_DIR: evidence/round10
mask-k	Publish early extraction diagnostics	2026-10-07T23:35:57.9205551Z   DEFLATE_ROOT: /home/runner/work/_temp/deflate-upstream
mask-k	Publish early extraction diagnostics	2026-10-07T23:35:57.9205880Z   ELAN_HOME: /home/runner/work/_temp/deflate-upstream/validator/.work/elan
mask-k	Publish early extraction diagnostics	2026-10-07T23:35:57.9206226Z   XDG_CACHE_HOME: /home/runner/work/_temp/deflate-cache
mask-k	Publish early extraction diagnostics	2026-10-07T23:35:57.9206506Z   UV_CACHE_DIR: /home/runner/work/_temp/deflate-cache/uv
mask-k	Publish early extraction diagnostics	2026-10-07T23:35:57.9207086Z   XDG_RUNTIME_DIR: /run/user/1001
mask-k	Publish early extraction diagnostics	2026-10-07T23:35:57.9207339Z   DBUS_SESSION_BUS_ADDRESS: unix:path=/run/user/1001/bus
mask-k	Publish early extraction diagnostics	2026-10-07T23:35:57.9207602Z   VERIFY_CORPUS: corpus-stage1
mask-k	Publish early extraction diagnostics	2026-10-07T23:35:57.9207811Z   VERIFY_SANDBOX: bwrap
mask-k	Publish early extraction diagnostics	2026-10-07T23:35:57.9208001Z   GIT_TERMINAL_PROMPT: 0
mask-k	Publish early extraction diagnostics	2026-10-07T23:35:57.9208184Z ##[endgroup]
mask-k	Publish early extraction diagnostics	2026-10-07T23:35:58.7495107Z (node:5334) [DEP0040] DeprecationWarning: The `punycode` module is deprecated. Please use a userland alternative instead.
mask-k	Publish early extraction diagnostics	2026-10-07T23:35:58.7496306Z (Use `node --trace-deprecation ...` to show where the warning was created)
mask-k	Publish early extraction diagnostics	2026-10-07T23:35:58.7593835Z With the provided path, there will be 5 files uploaded
mask-k	Publish early extraction diagnostics	2026-10-07T23:35:58.7594485Z Artifact name is valid!
mask-k	Publish early extraction diagnostics	2026-10-07T23:35:58.7594786Z Root directory input is valid!
mask-k	Publish early extraction diagnostics	2026-10-07T23:35:59.1365825Z Beginning upload of artifact content to blob storage
mask-k	Publish early extraction diagnostics	2026-10-07T23:35:59.1579227Z (node:5334) [DEP0169] DeprecationWarning: `url.parse()` behavior is not standardized and prone to errors that have security implications. Use the WHATWG URL API instead. CVEs are not issued for `url.parse()` vulnerabilities.
mask-k	Publish early extraction diagnostics	2026-10-07T23:35:59.3711570Z Uploaded bytes 3589
mask-k	Publish early extraction diagnostics	2026-10-07T23:35:59.4315685Z Finished uploading artifact content to blob storage!
mask-k	Publish early extraction diagnostics	2026-10-07T23:35:59.4316904Z SHA256 digest of uploaded artifact zip is d36dd007627e0d0fd5d46e322904ce12750b65b00dd443e4718e7772292cf405
mask-k	Publish early extraction diagnostics	2026-10-07T23:35:59.4317889Z Finalizing artifact upload
mask-k	Publish early extraction diagnostics	2026-10-07T23:35:59.6967723Z Artifact r10-37702101006-mask-k-extraction.zip successfully finalized. Artifact ID 11518476769
mask-k	Publish early extraction diagnostics	2026-10-07T23:35:59.6972104Z Artifact r10-37702101006-mask-k-extraction has been successfully uploaded! Final size is 3589 bytes. Artifact ID is 11518476769
mask-k	Publish early extraction diagnostics	2026-10-07T23:35:59.6972898Z Artifact download URL: https://github.com/HuanHuanHuanFFF/Miner/actions/runs/37702101006/artifacts/11518476769
mask-k	Screen time and compression axes	﻿2026-10-07T23:35:59.7095475Z ##[group]Run export PATH="$HOME/.local/bin:$HOME/.cargo/bin:$ELAN_HOME/bin:$PATH"
mask-k	Screen time and compression axes	2026-10-07T23:35:59.7095936Z ^[[36;1mexport PATH="$HOME/.local/bin:$HOME/.cargo/bin:$ELAN_HOME/bin:$PATH"^[[0m
mask-k	Screen time and compression axes	2026-10-07T23:35:59.7096291Z ^[[36;1mexport PYTHONPATH="$DEFLATE_ROOT/validator"^[[0m
mask-k	Screen time and compression axes	2026-10-07T23:35:59.7097122Z ^[[36;1m"$DEFLATE_ROOT/.venv/bin/python" scripts/round4.py screen^[[0m
mask-k	Screen time and compression axes	2026-10-07T23:35:59.7151318Z shell: /usr/bin/bash -e {0}
mask-k	Screen time and compression axes	2026-10-07T23:35:59.7151532Z env:
mask-k	Screen time and compression axes	2026-10-07T23:35:59.7151723Z   ROUND4_SPEC: mask-k
mask-k	Screen time and compression axes	2026-10-07T23:35:59.7151921Z   ROUND4_SPEC_DIR: evidence/round10
mask-k	Screen time and compression axes	2026-10-07T23:35:59.7152185Z   DEFLATE_ROOT: /home/runner/work/_temp/deflate-upstream
mask-k	Screen time and compression axes	2026-10-07T23:35:59.7152529Z   ELAN_HOME: /home/runner/work/_temp/deflate-upstream/validator/.work/elan
mask-k	Screen time and compression axes	2026-10-07T23:35:59.7152884Z   XDG_CACHE_HOME: /home/runner/work/_temp/deflate-cache
mask-k	Screen time and compression axes	2026-10-07T23:35:59.7153188Z   UV_CACHE_DIR: /home/runner/work/_temp/deflate-cache/uv
mask-k	Screen time and compression axes	2026-10-07T23:35:59.7153460Z   XDG_RUNTIME_DIR: /run/user/1001
mask-k	Screen time and compression axes	2026-10-07T23:35:59.7153750Z   DBUS_SESSION_BUS_ADDRESS: unix:path=/run/user/1001/bus
mask-k	Screen time and compression axes	2026-10-07T23:35:59.7154008Z   VERIFY_CORPUS: corpus-stage1
mask-k	Screen time and compression axes	2026-10-07T23:35:59.7154223Z   VERIFY_SANDBOX: bwrap
mask-k	Screen time and compression axes	2026-10-07T23:35:59.7154426Z   GIT_TERMINAL_PROMPT: 0
mask-k	Screen time and compression axes	2026-10-07T23:35:59.7154624Z ##[endgroup]
mask-k	Screen time and compression axes	2026-10-07T23:36:00.8532954Z MEASURE_BEGIN 1 probe3
mask-k	Screen time and compression axes	2026-10-07T23:36:00.9033804Z ^[[32m2026-10-07 23:36:00.902^[[0m | ^[[34m^[[1mDEBUG   ^[[0m | ^[[36msandbox.bwrap^[[0m:^[[36mrun^[[0m:^[[36m110^[[0m - ^[[34m^[[1m[bwrap] rustc exit=0 in 0.0s^[[0m
mask-k	Screen time and compression axes	2026-10-07T23:36:02.7259524Z ^[[32m2026-10-07 23:36:02.725^[[0m | ^[[34m^[[1mDEBUG   ^[[0m | ^[[36msandbox.bwrap^[[0m:^[[36mrun^[[0m:^[[36m110^[[0m - ^[[34m^[[1m[bwrap] cargo exit=0 in 1.8s^[[0m
mask-k	Screen time and compression axes	2026-10-07T23:36:02.7261350Z ^[[32m2026-10-07 23:36:02.725^[[0m | ^[[34m^[[1mDEBUG   ^[[0m | ^[[36mbench.driver^[[0m:^[[36m_build^[[0m:^[[36m295^[[0m - ^[[34m^[[1m[bench] built incumbent in 1.8s exit=0^[[0m
mask-k	Screen time and compression axes	2026-10-07T23:36:05.4422789Z ^[[32m2026-10-07 23:36:05.440^[[0m | ^[[34m^[[1mDEBUG   ^[[0m | ^[[36msandbox.bwrap^[[0m:^[[36mrun^[[0m:^[[36m110^[[0m - ^[[34m^[[1m[bwrap] cargo exit=0 in 2.7s^[[0m
mask-k	Screen time and compression axes	2026-10-07T23:36:05.4430079Z ^[[32m2026-10-07 23:36:05.440^[[0m | ^[[34m^[[1mDEBUG   ^[[0m | ^[[36mbench.driver^[[0m:^[[36m_build^[[0m:^[[36m295^[[0m - ^[[34m^[[1m[bench] built probe3 in 2.7s exit=0^[[0m
mask-k	Screen time and compression axes	2026-10-07T23:36:16.6760043Z ^[[32m2026-10-07 23:36:16.674^[[0m | ^[[34m^[[1mDEBUG   ^[[0m | ^[[36msandbox.bwrap^[[0m:^[[36mrun^[[0m:^[[36m110^[[0m - ^[[34m^[[1m[bwrap] measure exit=0 in 11.2s^[[0m
mask-k	Screen time and compression axes	2026-10-07T23:36:16.6772378Z ^[[32m2026-10-07 23:36:16.675^[[0m | ^[[34m^[[1mDEBUG   ^[[0m | ^[[36mbench.driver^[[0m:^[[36m_measure^[[0m:^[[36m333^[[0m - ^[[34m^[[1m[bench] measured probe3 in 11.2s exit=0^[[0m
mask-k	Screen time and compression axes	2026-10-07T23:36:16.6863071Z MEASUREMENT {"candidate": "probe3", "round": 1, "time": 0.459955391130862, "size_pct": 35.92083771476539, "parse_s": 0.053422804000000004, "total_s": 0.24171442900000004, "output_bytes": 5287026, "source_sha256": "e20ea5a7d2e77821008592faef393855077b9b8ceee244f390a85ac0257e047d"}
mask-k	Screen time and compression axes	2026-10-07T23:36:16.6864990Z MEASURE_BEGIN 1 r3-432-fast3
mask-k	Screen time and compression axes	2026-10-07T23:36:16.7274153Z ^[[32m2026-10-07 23:36:16.727^[[0m | ^[[34m^[[1mDEBUG   ^[[0m | ^[[36msandbox.bwrap^[[0m:^[[36mrun^[[0m:^[[36m110^[[0m - ^[[34m^[[1m[bwrap] rustc exit=0 in 0.0s^[[0m
mask-k	Screen time and compression axes	2026-10-07T23:36:18.5345317Z ^[[32m2026-10-07 23:36:18.533^[[0m | ^[[34m^[[1mDEBUG   ^[[0m | ^[[36msandbox.bwrap^[[0m:^[[36mrun^[[0m:^[[36m110^[[0m - ^[[34m^[[1m[bwrap] cargo exit=0 in 1.8s^[[0m
mask-k	Screen time and compression axes	2026-10-07T23:36:18.5347914Z ^[[32m2026-10-07 23:36:18.533^[[0m | ^[[34m^[[1mDEBUG   ^[[0m | ^[[36mbench.driver^[[0m:^[[36m_build^[[0m:^[[36m295^[[0m - ^[[34m^[[1m[bench] built incumbent in 1.8s exit=0^[[0m
mask-k	Screen time and compression axes	2026-10-07T23:36:21.8021590Z ^[[32m2026-10-07 23:36:21.801^[[0m | ^[[34m^[[1mDEBUG   ^[[0m | ^[[36msandbox.bwrap^[[0m:^[[36mrun^[[0m:^[[36m110^[[0m - ^[[34m^[[1m[bwrap] cargo exit=0 in 3.3s^[[0m
mask-k	Screen time and compression axes	2026-10-07T23:36:21.8024062Z ^[[32m2026-10-07 23:36:21.801^[[0m | ^[[34m^[[1mDEBUG   ^[[0m | ^[[36mbench.driver^[[0m:^[[36m_build^[[0m:^[[36m295^[[0m - ^[[34m^[[1m[bench] built r3-432-fast3 in 3.3s exit=0^[[0m
mask-k	Screen time and compression axes	2026-10-07T23:36:32.8272239Z ^[[32m2026-10-07 23:36:32.825^[[0m | ^[[34m^[[1mDEBUG   ^[[0m | ^[[36msandbox.bwrap^[[0m:^[[36mrun^[[0m:^[[36m110^[[0m - ^[[34m^[[1m[bwrap] measure exit=0 in 11.0s^[[0m
mask-k	Screen time and compression axes	2026-10-07T23:36:32.8274150Z ^[[32m2026-10-07 23:36:32.825^[[0m | ^[[34m^[[1mDEBUG   ^[[0m | ^[[36mbench.driver^[[0m:^[[36m_measure^[[0m:^[[36m333^[[0m - ^[[34m^[[1m[bench] measured r3-432-fast3 in 11.0s exit=0^[[0m
mask-k	Screen time and compression axes	2026-10-07T23:36:32.8352603Z MEASUREMENT {"candidate": "r3-432-fast3", "round": 1, "time": 0.43014174599607874, "size_pct": 36.60213910633018, "parse_s": 0.03397101599999999, "total_s": 0.224143827, "output_bytes": 5410408, "source_sha256": "bae8014121e4710f4a34ce63452578b4bf69121b4f695e1b1356780a019108ef"}
mask-k	Screen time and compression axes	2026-10-07T23:36:32.8358631Z MEASURE_BEGIN 1 public432
mask-k	Screen time and compression axes	2026-10-07T23:36:32.8769717Z ^[[32m2026-10-07 23:36:32.875^[[0m | ^[[34m^[[1mDEBUG   ^[[0m | ^[[36msandbox.bwrap^[[0m:^[[36mrun^[[0m:^[[36m110^[[0m - ^[[34m^[[1m[bwrap] rustc exit=0 in 0.0s^[[0m
mask-k	Screen time and compression axes	2026-10-07T23:36:34.6928520Z ^[[32m2026-10-07 23:36:34.692^[[0m | ^[[34m^[[1mDEBUG   ^[[0m | ^[[36msandbox.bwrap^[[0m:^[[36mrun^[[0m:^[[36m110^[[0m - ^[[34m^[[1m[bwrap] cargo exit=0 in 1.8s^[[0m
mask-k	Screen time and compression axes	2026-10-07T23:36:34.6929895Z ^[[32m2026-10-07 23:36:34.692^[[0m | ^[[34m^[[1mDEBUG   ^[[0m | ^[[36mbench.driver^[[0m:^[[36m_build^[[0m:^[[36m295^[[0m - ^[[34m^[[1m[bench] built incumbent in 1.8s exit=0^[[0m
mask-k	Screen time and compression axes	2026-10-07T23:36:37.9059063Z ^[[32m2026-10-07 23:36:37.905^[[0m | ^[[34m^[[1mDEBUG   ^[[0m | ^[[36msandbox.bwrap^[[0m:^[[36mrun^[[0m:^[[36m110^[[0m - ^[[34m^[[1m[bwrap] cargo exit=0 in 3.2s^[[0m
mask-k	Screen time and compression axes	2026-10-07T23:36:37.9060573Z ^[[32m2026-10-07 23:36:37.905^[[0m | ^[[34m^[[1mDEBUG   ^[[0m | ^[[36mbench.driver^[[0m:^[[36m_build^[[0m:^[[36m295^[[0m - ^[[34m^[[1m[bench] built public432 in 3.2s exit=0^[[0m
mask-k	Screen time and compression axes	2026-10-07T23:36:48.9776194Z ^[[32m2026-10-07 23:36:48.977^[[0m | ^[[34m^[[1mDEBUG   ^[[0m | ^[[36msandbox.bwrap^[[0m:^[[36mrun^[[0m:^[[36m110^[[0m - ^[[34m^[[1m[bwrap] measure exit=0 in 11.1s^[[0m
mask-k	Screen time and compression axes	2026-10-07T23:36:48.9785352Z ^[[32m2026-10-07 23:36:48.977^[[0m | ^[[34m^[[1mDEBUG   ^[[0m | ^[[36mbench.driver^[[0m:^[[36m_measure^[[0m:^[[36m333^[[0m - ^[[34m^[[1m[bench] measured public432 in 11.1s exit=0^[[0m
mask-k	Screen time and compression axes	2026-10-07T23:36:48.9864879Z MEASUREMENT {"candidate": "public432", "round": 1, "time": 0.4335848868103646, "size_pct": 36.52435870548103, "parse_s": 0.039011313, "total_s": 0.226968871, "output_bytes": 5376051, "source_sha256": "160d1b3f9edb307a0f97bde13cd972b5f6f0a426dd669515f639e4bfa24ef054"}
mask-k	Screen time and compression axes	2026-10-07T23:36:48.9868129Z MEASURE_BEGIN 1 public361
mask-k	Screen time and compression axes	2026-10-07T23:36:49.0368757Z ^[[32m2026-10-07 23:36:49.032^[[0m | ^[[34m^[[1mDEBUG   ^[[0m | ^[[36msandbox.bwrap^[[0m:^[[36mrun^[[0m:^[[36m110^[[0m - ^[[34m^[[1m[bwrap] rustc exit=0 in 0.0s^[[0m
mask-k	Screen time and compression axes	2026-10-07T23:36:50.8397160Z ^[[32m2026-10-07 23:36:50.839^[[0m | ^[[34m^[[1mDEBUG   ^[[0m | ^[[36msandbox.bwrap^[[0m:^[[36mrun^[[0m:^[[36m110^[[0m - ^[[34m^[[1m[bwrap] cargo exit=0 in 1.8s^[[0m
mask-k	Screen time and compression axes	2026-10-07T23:36:50.8409481Z ^[[32m2026-10-07 23:36:50.839^[[0m | ^[[34m^[[1mDEBUG   ^[[0m | ^[[36mbench.driver^[[0m:^[[36m_build^[[0m:^[[36m295^[[0m - ^[[34m^[[1m[bench] built incumbent in 1.8s exit=0^[[0m
mask-k	Screen time and compression axes	2026-10-07T23:36:54.7543659Z ^[[32m2026-10-07 23:36:54.754^[[0m | ^[[34m^[[1mDEBUG   ^[[0m | ^[[36msandbox.bwrap^[[0m:^[[36mrun^[[0m:^[[36m110^[[0m - ^[[34m^[[1m[bwrap] cargo exit=0 in 3.9s^[[0m
mask-k	Screen time and compression axes	2026-10-07T23:36:54.7545802Z ^[[32m2026-10-07 23:36:54.754^[[0m | ^[[34m^[[1mDEBUG   ^[[0m | ^[[36mbench.driver^[[0m:^[[36m_build^[[0m:^[[36m295^[[0m - ^[[34m^[[1m[bench] built public361 in 3.9s exit=0^[[0m
mask-k	Screen time and compression axes	2026-10-07T23:37:11.6406901Z ^[[32m2026-10-07 23:37:11.635^[[0m | ^[[34m^[[1mDEBUG   ^[[0m | ^[[36msandbox.bwrap^[[0m:^[[36mrun^[[0m:^[[36m110^[[0m - ^[[34m^[[1m[bwrap] measure exit=0 in 16.9s^[[0m
mask-k	Screen time and compression axes	2026-10-07T23:37:11.6425719Z ^[[32m2026-10-07 23:37:11.635^[[0m | ^[[34m^[[1mDEBUG   ^[[0m | ^[[36mbench.driver^[[0m:^[[36m_measure^[[0m:^[[36m333^[[0m - ^[[34m^[[1m[bench] measured public361 in 16.9s exit=0^[[0m
mask-k	Screen time and compression axes	2026-10-07T23:37:11.6456569Z MEASUREMENT {"candidate": "public361", "round": 1, "time": 1.120743852249737, "size_pct": 33.95862675598211, "parse_s": 0.5321585549999999, "total_s": 0.713751061, "output_bytes": 4887709, "source_sha256": "f426f7cec777ef2ca74616eb62205d54ae0bf6938799835a1fe6024ed59b5c45"}
mask-k	Screen time and compression axes	2026-10-07T23:37:11.6465199Z MEASURE_BEGIN 1 mid-shadow
mask-k	Screen time and compression axes	2026-10-07T23:37:11.6929631Z ^[[32m2026-10-07 23:37:11.691^[[0m | ^[[34m^[[1mDEBUG   ^[[0m | ^[[36msandbox.bwrap^[[0m:^[[36mrun^[[0m:^[[36m110^[[0m - ^[[34m^[[1m[bwrap] rustc exit=0 in 0.0s^[[0m
mask-k	Screen time and compression axes	2026-10-07T23:37:13.5693288Z ^[[32m2026-10-07 23:37:13.569^[[0m | ^[[34m^[[1mDEBUG   ^[[0m | ^[[36msandbox.bwrap^[[0m:^[[36mrun^[[0m:^[[36m110^[[0m - ^[[34m^[[1m[bwrap] cargo exit=0 in 1.9s^[[0m
mask-k	Screen time and compression axes	2026-10-07T23:37:13.5694822Z ^[[32m2026-10-07 23:37:13.569^[[0m | ^[[34m^[[1mDEBUG   ^[[0m | ^[[36mbench.driver^[[0m:^[[36m_build^[[0m:^[[36m295^[[0m - ^[[34m^[[1m[bench] built incumbent in 1.9s exit=0^[[0m
mask-k	Screen time and compression axes	2026-10-07T23:37:17.5354710Z ^[[32m2026-10-07 23:37:17.535^[[0m | ^[[34m^[[1mDEBUG   ^[[0m | ^[[36msandbox.bwrap^[[0m:^[[36mrun^[[0m:^[[36m110^[[0m - ^[[34m^[[1m[bwrap] cargo exit=0 in 4.0s^[[0m
mask-k	Screen time and compression axes	2026-10-07T23:37:17.5356394Z ^[[32m2026-10-07 23:37:17.535^[[0m | ^[[34m^[[1mDEBUG   ^[[0m | ^[[36mbench.driver^[[0m:^[[36m_build^[[0m:^[[36m295^[[0m - ^[[34m^[[1m[bench] built mid-shadow in 4.0s exit=0^[[0m
mask-k	Screen time and compression axes	2026-10-07T23:37:34.4039741Z ^[[32m2026-10-07 23:37:34.403^[[0m | ^[[34m^[[1mDEBUG   ^[[0m | ^[[36msandbox.bwrap^[[0m:^[[36mrun^[[0m:^[[36m110^[[0m - ^[[34m^[[1m[bwrap] measure exit=0 in 16.9s^[[0m
mask-k	Screen time and compression axes	2026-10-07T23:37:34.4050725Z ^[[32m2026-10-07 23:37:34.404^[[0m | ^[[34m^[[1mDEBUG   ^[[0m | ^[[36mbench.driver^[[0m:^[[36m_measure^[[0m:^[[36m333^[[0m - ^[[34m^[[1m[bench] measured mid-shadow in 16.9s exit=0^[[0m
mask-k	Screen time and compression axes	2026-10-07T23:37:34.4134142Z MEASUREMENT {"candidate": "mid-shadow", "round": 1, "time": 1.1205396250335828, "size_pct": 33.95862675598211, "parse_s": 0.531320258, "total_s": 0.713392725, "output_bytes": 4887709, "source_sha256": "f426f7cec777ef2ca74616eb62205d54ae0bf6938799835a1fe6024ed59b5c45"}
mask-k	Screen time and compression axes	2026-10-07T23:37:34.4137995Z MEASURE_BEGIN 1 r7-mid361-block1
mask-k	Screen time and compression axes	2026-10-07T23:37:34.4578988Z ^[[32m2026-10-07 23:37:34.457^[[0m | ^[[34m^[[1mDEBUG   ^[[0m | ^[[36msandbox.bwrap^[[0m:^[[36mrun^[[0m:^[[36m110^[[0m - ^[[34m^[[1m[bwrap] rustc exit=0 in 0.0s^[[0m
mask-k	Screen time and compression axes	2026-10-07T23:37:36.2412555Z ^[[32m2026-10-07 23:37:36.240^[[0m | ^[[34m^[[1mDEBUG   ^[[0m | ^[[36msandbox.bwrap^[[0m:^[[36mrun^[[0m:^[[36m110^[[0m - ^[[34m^[[1m[bwrap] cargo exit=0 in 1.8s^[[0m
mask-k	Screen time and compression axes	2026-10-07T23:37:36.2414221Z ^[[32m2026-10-07 23:37:36.240^[[0m | ^[[34m^[[1mDEBUG   ^[[0m | ^[[36mbench.driver^[[0m:^[[36m_build^[[0m:^[[36m295^[[0m - ^[[34m^[[1m[bench] built incumbent in 1.8s exit=0^[[0m
mask-k	Screen time and compression axes	2026-10-07T23:37:40.1008172Z ^[[32m2026-10-07 23:37:40.100^[[0m | ^[[34m^[[1mDEBUG   ^[[0m | ^[[36msandbox.bwrap^[[0m:^[[36mrun^[[0m:^[[36m110^[[0m - ^[[34m^[[1m[bwrap] cargo exit=0 in 3.9s^[[0m
mask-k	Screen time and compression axes	2026-10-07T23:37:40.1011147Z ^[[32m2026-10-07 23:37:40.100^[[0m | ^[[34m^[[1mDEBUG   ^[[0m | ^[[36mbench.driver^[[0m:^[[36m_build^[[0m:^[[36m295^[[0m - ^[[34m^[[1m[bench] built r7-mid361-block1 in 3.9s exit=0^[[0m
mask-k	Screen time and compression axes	2026-10-07T23:37:59.5620176Z ^[[32m2026-10-07 23:37:59.559^[[0m | ^[[34m^[[1mDEBUG   ^[[0m | ^[[36msandbox.bwrap^[[0m:^[[36mrun^[[0m:^[[36m110^[[0m - ^[[34m^[[1m[bwrap] measure exit=0 in 19.5s^[[0m
mask-k	Screen time and compression axes	2026-10-07T23:37:59.5621806Z ^[[32m2026-10-07 23:37:59.560^[[0m | ^[[34m^[[1mDEBUG   ^[[0m | ^[[36mbench.driver^[[0m:^[[36m_measure^[[0m:^[[36m333^[[0m - ^[[34m^[[1m[bench] measured r7-mid361-block1 in 19.5s exit=0^[[0m
mask-k	Screen time and compression axes	2026-10-07T23:37:59.5695594Z MEASUREMENT {"candidate": "r7-mid361-block1", "round": 1, "time": 1.3910137294605325, "size_pct": 33.934365747942536, "parse_s": 0.754921395, "total_s": 0.9321969819999998, "output_bytes": 4882102, "source_sha256": "950eb21b3918adce71bad2737774f2e37531cfbcd45fb17afdd806ee0adc3ed5"}
mask-k	Screen time and compression axes	2026-10-07T23:37:59.5699234Z MEASURE_BEGIN 1 r9-block-scalar
mask-k	Screen time and compression axes	2026-10-07T23:37:59.6128424Z ^[[32m2026-10-07 23:37:59.611^[[0m | ^[[34m^[[1mDEBUG   ^[[0m | ^[[36msandbox.bwrap^[[0m:^[[36mrun^[[0m:^[[36m110^[[0m - ^[[34m^[[1m[bwrap] rustc exit=0 in 0.0s^[[0m
mask-k	Screen time and compression axes	2026-10-07T23:38:01.4123915Z ^[[32m2026-10-07 23:38:01.411^[[0m | ^[[34m^[[1mDEBUG   ^[[0m | ^[[36msandbox.bwrap^[[0m:^[[36mrun^[[0m:^[[36m110^[[0m - ^[[34m^[[1m[bwrap] cargo exit=0 in 1.8s^[[0m
mask-k	Screen time and compression axes	2026-10-07T23:38:01.4128535Z ^[[32m2026-10-07 23:38:01.411^[[0m | ^[[34m^[[1mDEBUG   ^[[0m | ^[[36mbench.driver^[[0m:^[[36m_build^[[0m:^[[36m295^[[0m - ^[[34m^[[1m[bench] built incumbent in 1.8s exit=0^[[0m
mask-k	Screen time and compression axes	2026-10-07T23:38:05.4079136Z ^[[32m2026-10-07 23:38:05.407^[[0m | ^[[34m^[[1mDEBUG   ^[[0m | ^[[36msandbox.bwrap^[[0m:^[[36mrun^[[0m:^[[36m110^[[0m - ^[[34m^[[1m[bwrap] cargo exit=0 in 4.0s^[[0m
mask-k	Screen time and compression axes	2026-10-07T23:38:05.4087078Z ^[[32m2026-10-07 23:38:05.408^[[0m | ^[[34m^[[1mDEBUG   ^[[0m | ^[[36mbench.driver^[[0m:^[[36m_build^[[0m:^[[36m295^[[0m - ^[[34m^[[1m[bench] built r9-block-scalar in 4.0s exit=0^[[0m
mask-k	Screen time and compression axes	2026-10-07T23:38:24.8098855Z ^[[32m2026-10-07 23:38:24.807^[[0m | ^[[34m^[[1mDEBUG   ^[[0m | ^[[36msandbox.bwrap^[[0m:^[[36mrun^[[0m:^[[36m110^[[0m - ^[[34m^[[1m[bwrap] measure exit=0 in 19.4s^[[0m
mask-k	Screen time and compression axes	2026-10-07T23:38:24.8100448Z ^[[32m2026-10-07 23:38:24.807^[[0m | ^[[34m^[[1mDEBUG   ^[[0m | ^[[36mbench.driver^[[0m:^[[36m_measure^[[0m:^[[36m333^[[0m - ^[[34m^[[1m[bench] measured r9-block-scalar in 19.4s exit=0^[[0m
mask-k	Screen time and compression axes	2026-10-07T23:38:24.8176763Z MEASUREMENT {"candidate": "r9-block-scalar", "round": 1, "time": 1.3806208136876035, "size_pct": 33.934365747942536, "parse_s": 0.7467321849999999, "total_s": 0.9248908560000002, "output_bytes": 4882102, "source_sha256": "faf1d7281678d12c3243002121feecdd0ea139633dea197dbc77d86fb6319257"}
mask-k	Screen time and compression axes	2026-10-07T23:38:24.8180978Z MEASURE_BEGIN 1 r10-backward-prefixmask
mask-k	Screen time and compression axes	2026-10-07T23:38:24.8639776Z ^[[32m2026-10-07 23:38:24.863^[[0m | ^[[34m^[[1mDEBUG   ^[[0m | ^[[36msandbox.bwrap^[[0m:^[[36mrun^[[0m:^[[36m110^[[0m - ^[[34m^[[1m[bwrap] rustc exit=0 in 0.0s^[[0m
mask-k	Screen time and compression axes	2026-10-07T23:38:26.7323928Z ^[[32m2026-10-07 23:38:26.732^[[0m | ^[[34m^[[1mDEBUG   ^[[0m | ^[[36msandbox.bwrap^[[0m:^[[36mrun^[[0m:^[[36m110^[[0m - ^[[34m^[[1m[bwrap] cargo exit=0 in 1.9s^[[0m
mask-k	Screen time and compression axes	2026-10-07T23:38:26.7325580Z ^[[32m2026-10-07 23:38:26.732^[[0m | ^[[34m^[[1mDEBUG   ^[[0m | ^[[36mbench.driver^[[0m:^[[36m_build^[[0m:^[[36m295^[[0m - ^[[34m^[[1m[bench] built incumbent in 1.9s exit=0^[[0m
mask-k	Screen time and compression axes	2026-10-07T23:38:30.8482522Z ^[[32m2026-10-07 23:38:30.847^[[0m | ^[[34m^[[1mDEBUG   ^[[0m | ^[[36msandbox.bwrap^[[0m:^[[36mrun^[[0m:^[[36m110^[[0m - ^[[34m^[[1m[bwrap] cargo exit=0 in 4.1s^[[0m
mask-k	Screen time and compression axes	2026-10-07T23:38:30.8484311Z ^[[32m2026-10-07 23:38:30.848^[[0m | ^[[34m^[[1mDEBUG   ^[[0m | ^[[36mbench.driver^[[0m:^[[36m_build^[[0m:^[[36m295^[[0m - ^[[34m^[[1m[bench] built r10-backward-prefixmask in 4.1s exit=0^[[0m
mask-k	Screen time and compression axes	2026-10-07T23:38:51.0658320Z ^[[32m2026-10-07 23:38:51.065^[[0m | ^[[34m^[[1mDEBUG   ^[[0m | ^[[36msandbox.bwrap^[[0m:^[[36mrun^[[0m:^[[36m110^[[0m - ^[[34m^[[1m[bwrap] measure exit=0 in 20.2s^[[0m
mask-k	Screen time and compression axes	2026-10-07T23:38:51.0678605Z ^[[32m2026-10-07 23:38:51.065^[[0m | ^[[34m^[[1mDEBUG   ^[[0m | ^[[36mbench.driver^[[0m:^[[36m_measure^[[0m:^[[36m333^[[0m - ^[[34m^[[1m[bench] measured r10-backward-prefixmask in 20.2s exit=0^[[0m
mask-k	Screen time and compression axes	2026-10-07T23:38:51.0755998Z MEASUREMENT {"candidate": "r10-backward-prefixmask", "round": 1, "time": 1.480154375228584, "size_pct": 33.934365747942536, "parse_s": 0.8146314480000001, "total_s": 0.9930064330000001, "output_bytes": 4882102, "source_sha256": "5a4b534b9966d21f06f8cde90fe0c5c6f5d6c4429c2c19c57a2a1e300c9993c1"}
mask-k	Screen time and compression axes	2026-10-07T23:38:51.0759468Z MEASURE_BEGIN 1 r10-record-nonempty
mask-k	Screen time and compression axes	2026-10-07T23:38:51.1207678Z ^[[32m2026-10-07 23:38:51.120^[[0m | ^[[34m^[[1mDEBUG   ^[[0m | ^[[36msandbox.bwrap^[[0m:^[[36mrun^[[0m:^[[36m110^[[0m - ^[[34m^[[1m[bwrap] rustc exit=0 in 0.0s^[[0m
mask-k	Screen time and compression axes	2026-10-07T23:38:53.0205944Z ^[[32m2026-10-07 23:38:53.020^[[0m | ^[[34m^[[1mDEBUG   ^[[0m | ^[[36msandbox.bwrap^[[0m:^[[36mrun^[[0m:^[[36m110^[[0m - ^[[34m^[[1m[bwrap] cargo exit=0 in 1.9s^[[0m
mask-k	Screen time and compression axes	2026-10-07T23:38:53.0207843Z ^[[32m2026-10-07 23:38:53.020^[[0m | ^[[34m^[[1mDEBUG   ^[[0m | ^[[36mbench.driver^[[0m:^[[36m_build^[[0m:^[[36m295^[[0m - ^[[34m^[[1m[bench] built incumbent in 1.9s exit=0^[[0m
mask-k	Screen time and compression axes	2026-10-07T23:38:57.0692188Z ^[[32m2026-10-07 23:38:57.068^[[0m | ^[[34m^[[1mDEBUG   ^[[0m | ^[[36msandbox.bwrap^[[0m:^[[36mrun^[[0m:^[[36m110^[[0m - ^[[34m^[[1m[bwrap] cargo exit=0 in 4.0s^[[0m
mask-k	Screen time and compression axes	2026-10-07T23:38:57.0693988Z ^[[32m2026-10-07 23:38:57.069^[[0m | ^[[34m^[[1mDEBUG   ^[[0m | ^[[36mbench.driver^[[0m:^[[36m_build^[[0m:^[[36m295^[[0m - ^[[34m^[[1m[bench] built r10-record-nonempty in 4.0s exit=0^[[0m
mask-k	Screen time and compression axes	2026-10-07T23:39:16.4068781Z ^[[32m2026-10-07 23:39:16.406^[[0m | ^[[34m^[[1mDEBUG   ^[[0m | ^[[36msandbox.bwrap^[[0m:^[[36mrun^[[0m:^[[36m110^[[0m - ^[[34m^[[1m[bwrap] measure exit=0 in 19.3s^[[0m
mask-k	Screen time and compression axes	2026-10-07T23:39:16.4070503Z ^[[32m2026-10-07 23:39:16.406^[[0m | ^[[34m^[[1mDEBUG   ^[[0m | ^[[36mbench.driver^[[0m:^[[36m_measure^[[0m:^[[36m333^[[0m - ^[[34m^[[1m[bench] measured r10-record-nonempty in 19.3s exit=0^[[0m
mask-k	Screen time and compression axes	2026-10-07T23:39:16.4163992Z MEASUREMENT {"candidate": "r10-record-nonempty", "round": 1, "time": 1.3772489595896984, "size_pct": 33.934365747942536, "parse_s": 0.7381226839999999, "total_s": 0.9192390829999998, "output_bytes": 4882102, "source_sha256": "7f1c661fd1ce29d12c69671f034ff5a713e284ed1fcba66ba404ff25479b55b7"}
mask-k	Screen time and compression axes	2026-10-07T23:39:16.4168622Z MEASURE_BEGIN 2 r10-record-nonempty
mask-k	Screen time and compression axes	2026-10-07T23:39:16.4602387Z ^[[32m2026-10-07 23:39:16.459^[[0m | ^[[34m^[[1mDEBUG   ^[[0m | ^[[36msandbox.bwrap^[[0m:^[[36mrun^[[0m:^[[36m110^[[0m - ^[[34m^[[1m[bwrap] rustc exit=0 in 0.0s^[[0m
mask-k	Screen time and compression axes	2026-10-07T23:39:18.3059075Z ^[[32m2026-10-07 23:39:18.303^[[0m | ^[[34m^[[1mDEBUG   ^[[0m | ^[[36msandbox.bwrap^[[0m:^[[36mrun^[[0m:^[[36m110^[[0m - ^[[34m^[[1m[bwrap] cargo exit=0 in 1.8s^[[0m
mask-k	Screen time and compression axes	2026-10-07T23:39:18.3069518Z ^[[32m2026-10-07 23:39:18.304^[[0m | ^[[34m^[[1mDEBUG   ^[[0m | ^[[36mbench.driver^[[0m:^[[36m_build^[[0m:^[[36m295^[[0m - ^[[34m^[[1m[bench] built incumbent in 1.8s exit=0^[[0m
mask-k	Screen time and compression axes	2026-10-07T23:39:22.2713038Z ^[[32m2026-10-07 23:39:22.270^[[0m | ^[[34m^[[1mDEBUG   ^[[0m | ^[[36msandbox.bwrap^[[0m:^[[36mrun^[[0m:^[[36m110^[[0m - ^[[34m^[[1m[bwrap] cargo exit=0 in 4.0s^[[0m
mask-k	Screen time and compression axes	2026-10-07T23:39:22.2714397Z ^[[32m2026-10-07 23:39:22.270^[[0m | ^[[34m^[[1mDEBUG   ^[[0m | ^[[36mbench.driver^[[0m:^[[36m_build^[[0m:^[[36m295^[[0m - ^[[34m^[[1m[bench] built r10-record-nonempty in 4.0s exit=0^[[0m
mask-k	Screen time and compression axes	2026-10-07T23:39:41.5619008Z ^[[32m2026-10-07 23:39:41.560^[[0m | ^[[34m^[[1mDEBUG   ^[[0m | ^[[36msandbox.bwrap^[[0m:^[[36mrun^[[0m:^[[36m110^[[0m - ^[[34m^[[1m[bwrap] measure exit=0 in 19.3s^[[0m
mask-k	Screen time and compression axes	2026-10-07T23:39:41.5620500Z ^[[32m2026-10-07 23:39:41.560^[[0m | ^[[34m^[[1mDEBUG   ^[[0m | ^[[36mbench.driver^[[0m:^[[36m_measure^[[0m:^[[36m333^[[0m - ^[[34m^[[1m[bench] measured r10-record-nonempty in 19.3s exit=0^[[0m
mask-k	Screen time and compression axes	2026-10-07T23:39:41.5708859Z MEASUREMENT {"candidate": "r10-record-nonempty", "round": 2, "time": 1.3645751314343577, "size_pct": 33.934365747942536, "parse_s": 0.735811546, "total_s": 0.9145738870000001, "output_bytes": 4882102, "source_sha256": "7f1c661fd1ce29d12c69671f034ff5a713e284ed1fcba66ba404ff25479b55b7"}
mask-k	Screen time and compression axes	2026-10-07T23:39:41.5712267Z MEASURE_BEGIN 2 r10-backward-prefixmask
mask-k	Screen time and compression axes	2026-10-07T23:39:41.6156453Z ^[[32m2026-10-07 23:39:41.614^[[0m | ^[[34m^[[1mDEBUG   ^[[0m | ^[[36msandbox.bwrap^[[0m:^[[36mrun^[[0m:^[[36m110^[[0m - ^[[34m^[[1m[bwrap] rustc exit=0 in 0.0s^[[0m
mask-k	Screen time and compression axes	2026-10-07T23:39:43.4253794Z ^[[32m2026-10-07 23:39:43.425^[[0m | ^[[34m^[[1mDEBUG   ^[[0m | ^[[36msandbox.bwrap^[[0m:^[[36mrun^[[0m:^[[36m110^[[0m - ^[[34m^[[1m[bwrap] cargo exit=0 in 1.8s^[[0m
mask-k	Screen time and compression axes	2026-10-07T23:39:43.4255353Z ^[[32m2026-10-07 23:39:43.425^[[0m | ^[[34m^[[1mDEBUG   ^[[0m | ^[[36mbench.driver^[[0m:^[[36m_build^[[0m:^[[36m295^[[0m - ^[[34m^[[1m[bench] built incumbent in 1.8s exit=0^[[0m
mask-k	Screen time and compression axes	2026-10-07T23:39:47.3748483Z ^[[32m2026-10-07 23:39:47.373^[[0m | ^[[34m^[[1mDEBUG   ^[[0m | ^[[36msandbox.bwrap^[[0m:^[[36mrun^[[0m:^[[36m110^[[0m - ^[[34m^[[1m[bwrap] cargo exit=0 in 3.9s^[[0m
mask-k	Screen time and compression axes	2026-10-07T23:39:47.3750976Z ^[[32m2026-10-07 23:39:47.373^[[0m | ^[[34m^[[1mDEBUG   ^[[0m | ^[[36mbench.driver^[[0m:^[[36m_build^[[0m:^[[36m295^[[0m - ^[[34m^[[1m[bench] built r10-backward-prefixmask in 3.9s exit=0^[[0m
mask-k	Screen time and compression axes	2026-10-07T23:40:07.5117060Z ^[[32m2026-10-07 23:40:07.511^[[0m | ^[[34m^[[1mDEBUG   ^[[0m | ^[[36msandbox.bwrap^[[0m:^[[36mrun^[[0m:^[[36m110^[[0m - ^[[34m^[[1m[bwrap] measure exit=0 in 20.1s^[[0m
mask-k	Screen time and compression axes	2026-10-07T23:40:07.5119224Z ^[[32m2026-10-07 23:40:07.511^[[0m | ^[[34m^[[1mDEBUG   ^[[0m | ^[[36mbench.driver^[[0m:^[[36m_measure^[[0m:^[[36m333^[[0m - ^[[34m^[[1m[bench] measured r10-backward-prefixmask in 20.1s exit=0^[[0m
mask-k	Screen time and compression axes	2026-10-07T23:40:07.5227256Z MEASUREMENT {"candidate": "r10-backward-prefixmask", "round": 2, "time": 1.476941237514445, "size_pct": 33.934365747942536, "parse_s": 0.8120217289999999, "total_s": 0.9892115569999999, "output_bytes": 4882102, "source_sha256": "5a4b534b9966d21f06f8cde90fe0c5c6f5d6c4429c2c19c57a2a1e300c9993c1"}
mask-k	Screen time and compression axes	2026-10-07T23:40:07.5247241Z MEASURE_BEGIN 2 r9-block-scalar
mask-k	Screen time and compression axes	2026-10-07T23:40:07.5696166Z ^[[32m2026-10-07 23:40:07.568^[[0m | ^[[34m^[[1mDEBUG   ^[[0m | ^[[36msandbox.bwrap^[[0m:^[[36mrun^[[0m:^[[36m110^[[0m - ^[[34m^[[1m[bwrap] rustc exit=0 in 0.0s^[[0m
mask-k	Screen time and compression axes	2026-10-07T23:40:09.4191798Z ^[[32m2026-10-07 23:40:09.417^[[0m | ^[[34m^[[1mDEBUG   ^[[0m | ^[[36msandbox.bwrap^[[0m:^[[36mrun^[[0m:^[[36m110^[[0m - ^[[34m^[[1m[bwrap] cargo exit=0 in 1.8s^[[0m
mask-k	Screen time and compression axes	2026-10-07T23:40:09.4194358Z ^[[32m2026-10-07 23:40:09.417^[[0m | ^[[34m^[[1mDEBUG   ^[[0m | ^[[36mbench.driver^[[0m:^[[36m_build^[[0m:^[[36m295^[[0m - ^[[34m^[[1m[bench] built incumbent in 1.8s exit=0^[[0m
mask-k	Screen time and compression axes	2026-10-07T23:40:13.3835064Z ^[[32m2026-10-07 23:40:13.382^[[0m | ^[[34m^[[1mDEBUG   ^[[0m | ^[[36msandbox.bwrap^[[0m:^[[36mrun^[[0m:^[[36m110^[[0m - ^[[34m^[[1m[bwrap] cargo exit=0 in 4.0s^[[0m
mask-k	Screen time and compression axes	2026-10-07T23:40:13.3836569Z ^[[32m2026-10-07 23:40:13.383^[[0m | ^[[34m^[[1mDEBUG   ^[[0m | ^[[36mbench.driver^[[0m:^[[36m_build^[[0m:^[[36m295^[[0m - ^[[34m^[[1m[bench] built r9-block-scalar in 4.0s exit=0^[[0m
mask-k	Screen time and compression axes	2026-10-07T23:40:32.7201381Z ^[[32m2026-10-07 23:40:32.719^[[0m | ^[[34m^[[1mDEBUG   ^[[0m | ^[[36msandbox.bwrap^[[0m:^[[36mrun^[[0m:^[[36m110^[[0m - ^[[34m^[[1m[bwrap] measure exit=0 in 19.3s^[[0m
mask-k	Screen time and compression axes	2026-10-07T23:40:32.7218279Z ^[[32m2026-10-07 23:40:32.719^[[0m | ^[[34m^[[1mDEBUG   ^[[0m | ^[[36mbench.driver^[[0m:^[[36m_measure^[[0m:^[[36m333^[[0m - ^[[34m^[[1m[bench] measured r9-block-scalar in 19.3s exit=0^[[0m
mask-k	Screen time and compression axes	2026-10-07T23:40:32.7305007Z MEASUREMENT {"candidate": "r9-block-scalar", "round": 2, "time": 1.3791019562953006, "size_pct": 33.934365747942536, "parse_s": 0.7447483030000001, "total_s": 0.9222740989999999, "output_bytes": 4882102, "source_sha256": "faf1d7281678d12c3243002121feecdd0ea139633dea197dbc77d86fb6319257"}
mask-k	Screen time and compression axes	2026-10-07T23:40:32.7311103Z MEASURE_BEGIN 2 r7-mid361-block1
mask-k	Screen time and compression axes	2026-10-07T23:40:32.7785695Z ^[[32m2026-10-07 23:40:32.778^[[0m | ^[[34m^[[1mDEBUG   ^[[0m | ^[[36msandbox.bwrap^[[0m:^[[36mrun^[[0m:^[[36m110^[[0m - ^[[34m^[[1m[bwrap] rustc exit=0 in 0.0s^[[0m
mask-k	Screen time and compression axes	2026-10-07T23:40:34.6112457Z ^[[32m2026-10-07 23:40:34.609^[[0m | ^[[34m^[[1mDEBUG   ^[[0m | ^[[36msandbox.bwrap^[[0m:^[[36mrun^[[0m:^[[36m110^[[0m - ^[[34m^[[1m[bwrap] cargo exit=0 in 1.8s^[[0m
mask-k	Screen time and compression axes	2026-10-07T23:40:34.6115072Z ^[[32m2026-10-07 23:40:34.610^[[0m | ^[[34m^[[1mDEBUG   ^[[0m | ^[[36mbench.driver^[[0m:^[[36m_build^[[0m:^[[36m295^[[0m - ^[[34m^[[1m[bench] built incumbent in 1.8s exit=0^[[0m
mask-k	Screen time and compression axes	2026-10-07T23:40:38.4846083Z ^[[32m2026-10-07 23:40:38.483^[[0m | ^[[34m^[[1mDEBUG   ^[[0m | ^[[36msandbox.bwrap^[[0m:^[[36mrun^[[0m:^[[36m110^[[0m - ^[[34m^[[1m[bwrap] cargo exit=0 in 3.9s^[[0m
mask-k	Screen time and compression axes	2026-10-07T23:40:38.4847658Z ^[[32m2026-10-07 23:40:38.483^[[0m | ^[[34m^[[1mDEBUG   ^[[0m | ^[[36mbench.driver^[[0m:^[[36m_build^[[0m:^[[36m295^[[0m - ^[[34m^[[1m[bench] built r7-mid361-block1 in 3.9s exit=0^[[0m
mask-k	Screen time and compression axes	2026-10-07T23:40:57.9568610Z ^[[32m2026-10-07 23:40:57.954^[[0m | ^[[34m^[[1mDEBUG   ^[[0m | ^[[36msandbox.bwrap^[[0m:^[[36mrun^[[0m:^[[36m110^[[0m - ^[[34m^[[1m[bwrap] measure exit=0 in 19.5s^[[0m
mask-k	Screen time and compression axes	2026-10-07T23:40:57.9569518Z ^[[32m2026-10-07 23:40:57.954^[[0m | ^[[34m^[[1mDEBUG   ^[[0m | ^[[36mbench.driver^[[0m:^[[36m_measure^[[0m:^[[36m333^[[0m - ^[[34m^[[1m[bench] measured r7-mid361-block1 in 19.5s exit=0^[[0m
mask-k	Screen time and compression axes	2026-10-07T23:40:57.9659858Z MEASUREMENT {"candidate": "r7-mid361-block1", "round": 2, "time": 1.3868465029594057, "size_pct": 33.934365747942536, "parse_s": 0.7498545040000001, "total_s": 0.9273401250000003, "output_bytes": 4882102, "source_sha256": "950eb21b3918adce71bad2737774f2e37531cfbcd45fb17afdd806ee0adc3ed5"}
mask-k	Screen time and compression axes	2026-10-07T23:40:57.9663758Z MEASURE_BEGIN 2 mid-shadow
mask-k	Screen time and compression axes	2026-10-07T23:40:58.0145258Z ^[[32m2026-10-07 23:40:58.013^[[0m | ^[[34m^[[1mDEBUG   ^[[0m | ^[[36msandbox.bwrap^[[0m:^[[36mrun^[[0m:^[[36m110^[[0m - ^[[34m^[[1m[bwrap] rustc exit=0 in 0.0s^[[0m
mask-k	Screen time and compression axes	2026-10-07T23:40:59.8192801Z ^[[32m2026-10-07 23:40:59.818^[[0m | ^[[34m^[[1mDEBUG   ^[[0m | ^[[36msandbox.bwrap^[[0m:^[[36mrun^[[0m:^[[36m110^[[0m - ^[[34m^[[1m[bwrap] cargo exit=0 in 1.8s^[[0m
mask-k	Screen time and compression axes	2026-10-07T23:40:59.8194534Z ^[[32m2026-10-07 23:40:59.819^[[0m | ^[[34m^[[1mDEBUG   ^[[0m | ^[[36mbench.driver^[[0m:^[[36m_build^[[0m:^[[36m295^[[0m - ^[[34m^[[1m[bench] built incumbent in 1.8s exit=0^[[0m
mask-k	Screen time and compression axes	2026-10-07T23:41:03.6756819Z ^[[32m2026-10-07 23:41:03.675^[[0m | ^[[34m^[[1mDEBUG   ^[[0m | ^[[36msandbox.bwrap^[[0m:^[[36mrun^[[0m:^[[36m110^[[0m - ^[[34m^[[1m[bwrap] cargo exit=0 in 3.9s^[[0m
mask-k	Screen time and compression axes	2026-10-07T23:41:03.6758553Z ^[[32m2026-10-07 23:41:03.675^[[0m | ^[[34m^[[1mDEBUG   ^[[0m | ^[[36mbench.driver^[[0m:^[[36m_build^[[0m:^[[36m295^[[0m - ^[[34m^[[1m[bench] built mid-shadow in 3.9s exit=0^[[0m
mask-k	Screen time and compression axes	2026-10-07T23:41:20.5578384Z ^[[32m2026-10-07 23:41:20.556^[[0m | ^[[34m^[[1mDEBUG   ^[[0m | ^[[36msandbox.bwrap^[[0m:^[[36mrun^[[0m:^[[36m110^[[0m - ^[[34m^[[1m[bwrap] measure exit=0 in 16.9s^[[0m
mask-k	Screen time and compression axes	2026-10-07T23:41:20.5579994Z ^[[32m2026-10-07 23:41:20.556^[[0m | ^[[34m^[[1mDEBUG   ^[[0m | ^[[36mbench.driver^[[0m:^[[36m_measure^[[0m:^[[36m333^[[0m - ^[[34m^[[1m[bench] measured mid-shadow in 16.9s exit=0^[[0m
mask-k	Screen time and compression axes	2026-10-07T23:41:20.5672277Z MEASUREMENT {"candidate": "mid-shadow", "round": 2, "time": 1.118765410044529, "size_pct": 33.95862675598211, "parse_s": 0.531922768, "total_s": 0.7133789500000001, "output_bytes": 4887709, "source_sha256": "f426f7cec777ef2ca74616eb62205d54ae0bf6938799835a1fe6024ed59b5c45"}
mask-k	Screen time and compression axes	2026-10-07T23:41:20.5676252Z MEASURE_BEGIN 2 public361
mask-k	Screen time and compression axes	2026-10-07T23:41:20.6106048Z ^[[32m2026-10-07 23:41:20.609^[[0m | ^[[34m^[[1mDEBUG   ^[[0m | ^[[36msandbox.bwrap^[[0m:^[[36mrun^[[0m:^[[36m110^[[0m - ^[[34m^[[1m[bwrap] rustc exit=0 in 0.0s^[[0m
mask-k	Screen time and compression axes	2026-10-07T23:41:22.4080319Z ^[[32m2026-10-07 23:41:22.407^[[0m | ^[[34m^[[1mDEBUG   ^[[0m | ^[[36msandbox.bwrap^[[0m:^[[36mrun^[[0m:^[[36m110^[[0m - ^[[34m^[[1m[bwrap] cargo exit=0 in 1.8s^[[0m
mask-k	Screen time and compression axes	2026-10-07T23:41:22.4081852Z ^[[32m2026-10-07 23:41:22.407^[[0m | ^[[34m^[[1mDEBUG   ^[[0m | ^[[36mbench.driver^[[0m:^[[36m_build^[[0m:^[[36m295^[[0m - ^[[34m^[[1m[bench] built incumbent in 1.8s exit=0^[[0m
mask-k	Screen time and compression axes	2026-10-07T23:41:26.2598544Z ^[[32m2026-10-07 23:41:26.259^[[0m | ^[[34m^[[1mDEBUG   ^[[0m | ^[[36msandbox.bwrap^[[0m:^[[36mrun^[[0m:^[[36m110^[[0m - ^[[34m^[[1m[bwrap] cargo exit=0 in 3.9s^[[0m
mask-k	Screen time and compression axes	2026-10-07T23:41:26.2601168Z ^[[32m2026-10-07 23:41:26.259^[[0m | ^[[34m^[[1mDEBUG   ^[[0m | ^[[36mbench.driver^[[0m:^[[36m_build^[[0m:^[[36m295^[[0m - ^[[34m^[[1m[bench] built public361 in 3.9s exit=0^[[0m
mask-k	Screen time and compression axes	2026-10-07T23:41:43.1489895Z ^[[32m2026-10-07 23:41:43.148^[[0m | ^[[34m^[[1mDEBUG   ^[[0m | ^[[36msandbox.bwrap^[[0m:^[[36mrun^[[0m:^[[36m110^[[0m - ^[[34m^[[1m[bwrap] measure exit=0 in 16.9s^[[0m
mask-k	Screen time and compression axes	2026-10-07T23:41:43.1491545Z ^[[32m2026-10-07 23:41:43.148^[[0m | ^[[34m^[[1mDEBUG   ^[[0m | ^[[36mbench.driver^[[0m:^[[36m_measure^[[0m:^[[36m333^[[0m - ^[[34m^[[1m[bench] measured public361 in 16.9s exit=0^[[0m
mask-k	Screen time and compression axes	2026-10-07T23:41:43.1598143Z MEASUREMENT {"candidate": "public361", "round": 2, "time": 1.1220010896352324, "size_pct": 33.95862675598211, "parse_s": 0.5334803950000001, "total_s": 0.7147547400000002, "output_bytes": 4887709, "source_sha256": "f426f7cec777ef2ca74616eb62205d54ae0bf6938799835a1fe6024ed59b5c45"}
mask-k	Screen time and compression axes	2026-10-07T23:41:43.1604991Z MEASURE_BEGIN 2 public432
mask-k	Screen time and compression axes	2026-10-07T23:41:43.2032950Z ^[[32m2026-10-07 23:41:43.202^[[0m | ^[[34m^[[1mDEBUG   ^[[0m | ^[[36msandbox.bwrap^[[0m:^[[36mrun^[[0m:^[[36m110^[[0m - ^[[34m^[[1m[bwrap] rustc exit=0 in 0.0s^[[0m
mask-k	Screen time and compression axes	2026-10-07T23:41:44.9880919Z ^[[32m2026-10-07 23:41:44.987^[[0m | ^[[34m^[[1mDEBUG   ^[[0m | ^[[36msandbox.bwrap^[[0m:^[[36mrun^[[0m:^[[36m110^[[0m - ^[[34m^[[1m[bwrap] cargo exit=0 in 1.8s^[[0m
mask-k	Screen time and compression axes	2026-10-07T23:41:44.9882532Z ^[[32m2026-10-07 23:41:44.987^[[0m | ^[[34m^[[1mDEBUG   ^[[0m | ^[[36mbench.driver^[[0m:^[[36m_build^[[0m:^[[36m295^[[0m - ^[[34m^[[1m[bench] built incumbent in 1.8s exit=0^[[0m
mask-k	Screen time and compression axes	2026-10-07T23:41:48.1488636Z ^[[32m2026-10-07 23:41:48.146^[[0m | ^[[34m^[[1mDEBUG   ^[[0m | ^[[36msandbox.bwrap^[[0m:^[[36mrun^[[0m:^[[36m110^[[0m - ^[[34m^[[1m[bwrap] cargo exit=0 in 3.2s^[[0m
mask-k	Screen time and compression axes	2026-10-07T23:41:48.1505267Z ^[[32m2026-10-07 23:41:48.147^[[0m | ^[[34m^[[1mDEBUG   ^[[0m | ^[[36mbench.driver^[[0m:^[[36m_build^[[0m:^[[36m295^[[0m - ^[[34m^[[1m[bench] built public432 in 3.2s exit=0^[[0m
mask-k	Screen time and compression axes	2026-10-07T23:41:59.2379224Z ^[[32m2026-10-07 23:41:59.237^[[0m | ^[[34m^[[1mDEBUG   ^[[0m | ^[[36msandbox.bwrap^[[0m:^[[36mrun^[[0m:^[[36m110^[[0m - ^[[34m^[[1m[bwrap] measure exit=0 in 11.1s^[[0m
mask-k	Screen time and compression axes	2026-10-07T23:41:59.2397936Z ^[[32m2026-10-07 23:41:59.238^[[0m | ^[[34m^[[1mDEBUG   ^[[0m | ^[[36mbench.driver^[[0m:^[[36m_measure^[[0m:^[[36m333^[[0m - ^[[34m^[[1m[bench] measured public432 in 11.1s exit=0^[[0m
mask-k	Screen time and compression axes	2026-10-07T23:41:59.2484964Z MEASUREMENT {"candidate": "public432", "round": 2, "time": 0.43199551279590986, "size_pct": 36.52435870548103, "parse_s": 0.038941582, "total_s": 0.226887533, "output_bytes": 5376051, "source_sha256": "160d1b3f9edb307a0f97bde13cd972b5f6f0a426dd669515f639e4bfa24ef054"}
mask-k	Screen time and compression axes	2026-10-07T23:41:59.2489416Z MEASURE_BEGIN 2 r3-432-fast3
mask-k	Screen time and compression axes	2026-10-07T23:41:59.2886497Z ^[[32m2026-10-07 23:41:59.288^[[0m | ^[[34m^[[1mDEBUG   ^[[0m | ^[[36msandbox.bwrap^[[0m:^[[36mrun^[[0m:^[[36m110^[[0m - ^[[34m^[[1m[bwrap] rustc exit=0 in 0.0s^[[0m
mask-k	Screen time and compression axes	2026-10-07T23:42:01.0656060Z ^[[32m2026-10-07 23:42:01.064^[[0m | ^[[34m^[[1mDEBUG   ^[[0m | ^[[36msandbox.bwrap^[[0m:^[[36mrun^[[0m:^[[36m110^[[0m - ^[[34m^[[1m[bwrap] cargo exit=0 in 1.8s^[[0m
mask-k	Screen time and compression axes	2026-10-07T23:42:01.0659346Z ^[[32m2026-10-07 23:42:01.065^[[0m | ^[[34m^[[1mDEBUG   ^[[0m | ^[[36mbench.driver^[[0m:^[[36m_build^[[0m:^[[36m295^[[0m - ^[[34m^[[1m[bench] built incumbent in 1.8s exit=0^[[0m
mask-k	Screen time and compression axes	2026-10-07T23:42:04.2647064Z ^[[32m2026-10-07 23:42:04.263^[[0m | ^[[34m^[[1mDEBUG   ^[[0m | ^[[36msandbox.bwrap^[[0m:^[[36mrun^[[0m:^[[36m110^[[0m - ^[[34m^[[1m[bwrap] cargo exit=0 in 3.2s^[[0m
mask-k	Screen time and compression axes	2026-10-07T23:42:04.2649881Z ^[[32m2026-10-07 23:42:04.264^[[0m | ^[[34m^[[1mDEBUG   ^[[0m | ^[[36mbench.driver^[[0m:^[[36m_build^[[0m:^[[36m295^[[0m - ^[[34m^[[1m[bench] built r3-432-fast3 in 3.2s exit=0^[[0m
mask-k	Screen time and compression axes	2026-10-07T23:42:15.2873662Z ^[[32m2026-10-07 23:42:15.286^[[0m | ^[[34m^[[1mDEBUG   ^[[0m | ^[[36msandbox.bwrap^[[0m:^[[36mrun^[[0m:^[[36m110^[[0m - ^[[34m^[[1m[bwrap] measure exit=0 in 11.0s^[[0m
mask-k	Screen time and compression axes	2026-10-07T23:42:15.2877625Z ^[[32m2026-10-07 23:42:15.286^[[0m | ^[[34m^[[1mDEBUG   ^[[0m | ^[[36mbench.driver^[[0m:^[[36m_measure^[[0m:^[[36m333^[[0m - ^[[34m^[[1m[bench] measured r3-432-fast3 in 11.0s exit=0^[[0m
mask-k	Screen time and compression axes	2026-10-07T23:42:15.2979198Z MEASUREMENT {"candidate": "r3-432-fast3", "round": 2, "time": 0.43034807829635935, "size_pct": 36.60213910633018, "parse_s": 0.034077732, "total_s": 0.223820604, "output_bytes": 5410408, "source_sha256": "bae8014121e4710f4a34ce63452578b4bf69121b4f695e1b1356780a019108ef"}
mask-k	Screen time and compression axes	2026-10-07T23:42:15.2986200Z MEASURE_BEGIN 2 probe3
mask-k	Screen time and compression axes	2026-10-07T23:42:15.3487654Z ^[[32m2026-10-07 23:42:15.347^[[0m | ^[[34m^[[1mDEBUG   ^[[0m | ^[[36msandbox.bwrap^[[0m:^[[36mrun^[[0m:^[[36m110^[[0m - ^[[34m^[[1m[bwrap] rustc exit=0 in 0.0s^[[0m
mask-k	Screen time and compression axes	2026-10-07T23:42:17.1899016Z ^[[32m2026-10-07 23:42:17.189^[[0m | ^[[34m^[[1mDEBUG   ^[[0m | ^[[36msandbox.bwrap^[[0m:^[[36mrun^[[0m:^[[36m110^[[0m - ^[[34m^[[1m[bwrap] cargo exit=0 in 1.8s^[[0m
mask-k	Screen time and compression axes	2026-10-07T23:42:17.1904027Z ^[[32m2026-10-07 23:42:17.189^[[0m | ^[[34m^[[1mDEBUG   ^[[0m | ^[[36mbench.driver^[[0m:^[[36m_build^[[0m:^[[36m295^[[0m - ^[[34m^[[1m[bench] built incumbent in 1.8s exit=0^[[0m
mask-k	Screen time and compression axes	2026-10-07T23:42:19.8243843Z ^[[32m2026-10-07 23:42:19.824^[[0m | ^[[34m^[[1mDEBUG   ^[[0m | ^[[36msandbox.bwrap^[[0m:^[[36mrun^[[0m:^[[36m110^[[0m - ^[[34m^[[1m[bwrap] cargo exit=0 in 2.6s^[[0m
mask-k	Screen time and compression axes	2026-10-07T23:42:19.8245476Z ^[[32m2026-10-07 23:42:19.824^[[0m | ^[[34m^[[1mDEBUG   ^[[0m | ^[[36mbench.driver^[[0m:^[[36m_build^[[0m:^[[36m295^[[0m - ^[[34m^[[1m[bench] built probe3 in 2.6s exit=0^[[0m
mask-k	Screen time and compression axes	2026-10-07T23:42:31.0698257Z ^[[32m2026-10-07 23:42:31.068^[[0m | ^[[34m^[[1mDEBUG   ^[[0m | ^[[36msandbox.bwrap^[[0m:^[[36mrun^[[0m:^[[36m110^[[0m - ^[[34m^[[1m[bwrap] measure exit=0 in 11.2s^[[0m
mask-k	Screen time and compression axes	2026-10-07T23:42:31.0699138Z ^[[32m2026-10-07 23:42:31.068^[[0m | ^[[34m^[[1mDEBUG   ^[[0m | ^[[36mbench.driver^[[0m:^[[36m_measure^[[0m:^[[36m333^[[0m - ^[[34m^[[1m[bench] measured probe3 in 11.2s exit=0^[[0m
mask-k	Screen time and compression axes	2026-10-07T23:42:31.0801684Z MEASUREMENT {"candidate": "probe3", "round": 2, "time": 0.4611346634818169, "size_pct": 35.92083771476539, "parse_s": 0.053285756, "total_s": 0.24141916200000005, "output_bytes": 5287026, "source_sha256": "e20ea5a7d2e77821008592faef393855077b9b8ceee244f390a85ac0257e047d"}
mask-k	Screen time and compression axes	2026-10-07T23:42:31.0890031Z ROUND4_PHASE {"phase": "screen", "summary": [{"candidate": "r3-432-fast3", "control": true, "blocks": [1, 2], "time": 0.43024491214621907, "size_pct": 36.60213910633018, "own_anchor": {"time": 0.43787345819892, "size_pct": 36.999728556810254, "on_frontier": false, "dominating_ids": ["453"], "conditional_geometry_weight": 0, "size_gap_pp": 0}, "fixed_427": {"time": 0.4364416828269919, "size_pct": 36.859371565647756, "on_frontier": true, "dominating_ids": [], "conditional_geometry_weight": 0.027280421322571018, "size_gap_pp": 0}, "stress_1pct": {"time": 0.4422521927809092, "size_pct": 36.999728556810254, "on_frontier": false, "dominating_ids": ["453", "481"], "conditional_geometry_weight": 0, "size_gap_pp": 0.439732922335601}, "time_change_pct_vs_fast3": [0.0, 0.0], "size_change_pp_vs_fast3": 0.0, "equivalence": null}, {"candidate": "mid-shadow", "control": true, "blocks": [1, 2], "time": 1.119652517539056, "size_pct": 33.95862675598211, "own_anchor": {"time": 1.1590890408536922, "size_pct": 34.209957755736326, "on_frontier": false, "dominating_ids": ["375"], "conditional_geometry_weight": 0, "size_gap_pp": 0.002389753302253439}, "fixed_427": {"time": 1.1357787509876494, "size_pct": 34.19728114309628, "on_frontier": true, "dominating_ids": [], "conditional_geometry_weight": 0.023850077295657482, "size_gap_pp": 0}, "stress_1pct": {"time": 1.1722637268395666, "size_pct": 34.209957755736326, "on_frontier": false, "dominating_ids": ["375"], "conditional_geometry_weight": 0, "size_gap_pp": 0.002389753302253439}, "time_change_pct_vs_fast3": [160.50473720906825, 159.9675626468328], "size_change_pp_vs_fast3": -2.643512350348068, "equivalence": null}, {"candidate": "public361", "control": true, "blocks": [1, 2], "time": 1.1213724709424846, "size_pct": 33.95862675598211, "own_anchor": {"time": 1.1608686942402877, "size_pct": 34.209957755736326, "on_frontier": false, "dominating_ids": ["375"], "conditional_geometry_weight": 0, "size_gap_pp": 0.002389753302253439}, "fixed_427": {"time": 1.1375234766929037, "size_pct": 34.19728114309628, "on_frontier": true, "dominating_ids": [], "conditional_geometry_weight": 0.023096207001435415, "size_gap_pp": 0}, "stress_1pct": {"time": 1.1724773811826905, "size_pct": 34.209957755736326, "on_frontier": false, "dominating_ids": ["375"], "conditional_geometry_weight": 0, "size_gap_pp": 0.002389753302253439}, "time_change_pct_vs_fast3": [160.55221625941743, 160.7194376414912], "size_change_pp_vs_fast3": -2.643512350348068, "equivalence": null}, {"candidate": "r10-record-nonempty", "control": false, "blocks": [1, 2], "time": 1.370912045512028, "size_pct": 33.934365747942536, "own_anchor": {"time": 1.419201506502866, "size_pct": 34.18551718968784, "on_frontier": false, "dominating_ids": ["360", "418", "422"], "conditional_geometry_weight": 0, "size_gap_pp": 0.008274726843147562}, "fixed_427": {"time": 1.3906571426176972, "size_pct": 34.172849633580135, "on_frontier": true, "dominating_ids": [], "conditional_geometry_weight": 0.008785983698756208, "size_gap_pp": 0}, "stress_1pct": {"time": 1.4408227626097099, "size_pct": 34.18551718968784, "on_frontier": false, "dominating_ids": ["360", "418", "422"], "conditional_geometry_weight": 0, "size_gap_pp": 0.008274726843147562}, "time_change_pct_vs_fast3": [220.18490937223604, 217.0863773428175], "size_change_pp_vs_fast3": -2.6677733583876417, "equivalence": null}, {"candidate": "r9-block-scalar", "control": true, "blocks": [1, 2], "time": 1.379861384991452, "size_pct": 33.934365747942536, "own_anchor": {"time": 1.4284628197302225, "size_pct": 34.18551718968784, "on_frontier": false, "dominating_ids": ["360", "418", "422"], "conditional_geometry_weight": 0, "size_gap_pp": 0.008274726843147562}, "fixed_427": {"time": 1.3997353784604083, "size_pct": 34.172849633580135, "on_frontier": true, "dominating_ids": [], "conditional_geometry_weight": 0.0069360740090566595, "size_gap_pp": 0}, "stress_1pct": {"time": 1.444350261470851, "size_pct": 34.18551718968784, "on_frontier": false, "dominating_ids": ["360", "418", "422"], "conditional_geometry_weight": 0, "size_gap_pp": 0.008274726843147562}, "time_change_pct_vs_fast3": [220.96880308385357, 220.4619762111687], "size_change_pp_vs_fast3": -2.6677733583876417, "equivalence": null}, {"candidate": "r7-mid361-block1", "control": true, "blocks": [1, 2], "time": 1.388930116209969, "size_pct": 33.934365747942536, "own_anchor": {"time": 1.4378517350773432, "size_pct": 34.18551718968784, "on_frontier": false, "dominating_ids": ["360", "418", "422"], "conditional_geometry_weight": 0, "size_gap_pp": 0.008274726843147562}, "fixed_427": {"time": 1.4089347256284466, "size_pct": 34.172849633580135, "on_frontier": true, "dominating_ids": [], "conditional_geometry_weight": 0.005279676182918774, "size_gap_pp": 0}, "stress_1pct": {"time": 1.4552229141682858, "size_pct": 34.18551718968784, "on_frontier": false, "dominating_ids": ["360", "417", "418", "422"], "conditional_geometry_weight": 0, "size_gap_pp": 0.019033596148446463}, "time_change_pct_vs_fast3": [223.38496377266605, 222.26157682627164], "size_change_pp_vs_fast3": -2.6677733583876417, "equivalence": null}, {"candidate": "r10-backward-prefixmask", "control": false, "blocks": [1, 2], "time": 1.4785478063715145, "size_pct": 33.934365747942536, "own_anchor": {"time": 1.530625631267914, "size_pct": 34.18551718968784, "on_frontier": false, "dominating_ids": ["296", "360", "417", "418", "419", "422"], "conditional_geometry_weight": 0, "size_gap_pp": 0.02451856911199002}, "fixed_427": {"time": 1.4998431696355203, "size_pct": 34.172849633580135, "on_frontier": false, "dominating_ids": ["296", "417", "419"], "conditional_geometry_weight": 0, "size_gap_pp": 0.011851013004282152}, "stress_1pct": {"time": 1.5484782915654125, "size_pct": 34.18551718968784, "on_frontier": false, "dominating_ids": ["296", "360", "417", "418", "419", "422"], "conditional_geometry_weight": 0, "size_gap_pp": 0.02451856911199002}, "time_change_pct_vs_fast3": [244.1085151595766, 243.19689386351783], "size_change_pp_vs_fast3": -2.6677733583876417, "equivalence": {"reference": "r10-record-nonempty", "public_token_and_output_equal": true, "changed_files": [], "scope": "finite public corpus only; no all-input equivalence claim"}}, {"candidate": "public432", "control": true, "blocks": [1, 2], "time": 0.43279019980313727, "size_pct": 36.52435870548103, "own_anchor": {"time": 0.4413850574969763, "size_pct": 36.91273515631194, "on_frontier": false, "dominating_ids": ["481"], "conditional_geometry_weight": 0, "size_gap_pp": 0.35273952183728596}, "fixed_427": {"time": 0.4390236299852342, "size_pct": 36.781044539812044, "on_frontier": false, "dominating_ids": ["481"], "conditional_geometry_weight": 0, "size_gap_pp": 0.22104890533739052}, "stress_1pct": {"time": 0.44579890807194616, "size_pct": 36.91273515631194, "on_frontier": false, "dominating_ids": ["451", "456", "481"], "conditional_geometry_weight": 0, "size_gap_pp": 0.6682900958168787}, "time_change_pct_vs_fast3": [0.8004665546499368, 0.3828144199161443], "size_change_pp_vs_fast3": -0.07778040084915006, "equivalence": null}, {"candidate": "probe3", "control": true, "blocks": [1, 2], "time": 0.46054502730633945, "size_pct": 35.92083771476539, "own_anchor": {"time": 0.46614327772931885, "size_pct": 36.173282125166494, "on_frontier": false, "dominating_ids": ["434", "437", "442", "464"], "conditional_geometry_weight": 0, "size_gap_pp": 0.4163487968876325}, "fixed_427": {"time": 0.46717820725064463, "size_pct": 36.173282125166494, "on_frontier": false, "dominating_ids": ["434", "437", "442", "464"], "conditional_geometry_weight": 0, "size_gap_pp": 0.4163487968876325}, "stress_1pct": {"time": 0.47080471050661205, "size_pct": 36.173282125166494, "on_frontier": false, "dominating_ids": ["434", "437", "442", "464"], "conditional_geometry_weight": 0, "size_gap_pp": 0.4163487968876325}, "time_change_pct_vs_fast3": [6.931121057721068, 7.153880019014824], "size_change_pp_vs_fast3": -0.6813013915647872, "equivalence": null}], "gates": {}, "failures": []}
mask-k	Publish early paired measurement receipt	﻿2026-10-07T23:42:31.1387532Z ##[group]Run actions/upload-artifact@ea165f8d65b6e75b540449e92b4886f43607fa02
mask-k	Publish early paired measurement receipt	2026-10-07T23:42:31.1388031Z with:
mask-k	Publish early paired measurement receipt	2026-10-07T23:42:31.1388212Z   name: r10-37702101006-mask-k-screen
mask-k	Publish early paired measurement receipt	2026-10-07T23:42:31.1388454Z   path: /home/runner/work/_temp/round4-receipts/
mask-k	Publish early paired measurement receipt	2026-10-07T23:42:31.1388695Z   retention-days: 1
mask-k	Publish early paired measurement receipt	2026-10-07T23:42:31.1388878Z   compression-level: 9
mask-k	Publish early paired measurement receipt	2026-10-07T23:42:31.1389065Z   if-no-files-found: ignore
mask-k	Publish early paired measurement receipt	2026-10-07T23:42:31.1389365Z   overwrite: false
mask-k	Publish early paired measurement receipt	2026-10-07T23:42:31.1389613Z   include-hidden-files: false
mask-k	Publish early paired measurement receipt	2026-10-07T23:42:31.1389815Z env:
mask-k	Publish early paired measurement receipt	2026-10-07T23:42:31.1389973Z   ROUND4_SPEC: mask-k
mask-k	Publish early paired measurement receipt	2026-10-07T23:42:31.1390164Z   ROUND4_SPEC_DIR: evidence/round10
mask-k	Publish early paired measurement receipt	2026-10-07T23:42:31.1390419Z   DEFLATE_ROOT: /home/runner/work/_temp/deflate-upstream
mask-k	Publish early paired measurement receipt	2026-10-07T23:42:31.1390842Z   ELAN_HOME: /home/runner/work/_temp/deflate-upstream/validator/.work/elan
mask-k	Publish early paired measurement receipt	2026-10-07T23:42:31.1391260Z   XDG_CACHE_HOME: /home/runner/work/_temp/deflate-cache
mask-k	Publish early paired measurement receipt	2026-10-07T23:42:31.1391548Z   UV_CACHE_DIR: /home/runner/work/_temp/deflate-cache/uv
mask-k	Publish early paired measurement receipt	2026-10-07T23:42:31.1391837Z   XDG_RUNTIME_DIR: /run/user/1001
mask-k	Publish early paired measurement receipt	2026-10-07T23:42:31.1392159Z   DBUS_SESSION_BUS_ADDRESS: unix:path=/run/user/1001/bus
mask-k	Publish early paired measurement receipt	2026-10-07T23:42:31.1392518Z   VERIFY_CORPUS: corpus-stage1
mask-k	Publish early paired measurement receipt	2026-10-07T23:42:31.1392725Z   VERIFY_SANDBOX: bwrap
mask-k	Publish early paired measurement receipt	2026-10-07T23:42:31.1392910Z   GIT_TERMINAL_PROMPT: 0
mask-k	Publish early paired measurement receipt	2026-10-07T23:42:31.1393107Z ##[endgroup]
mask-k	Publish early paired measurement receipt	2026-10-07T23:42:31.2885519Z (node:6756) [DEP0040] DeprecationWarning: The `punycode` module is deprecated. Please use a userland alternative instead.
mask-k	Publish early paired measurement receipt	2026-10-07T23:42:31.2886869Z (Use `node --trace-deprecation ...` to show where the warning was created)
mask-k	Publish early paired measurement receipt	2026-10-07T23:42:31.3073454Z With the provided path, there will be 32 files uploaded
mask-k	Publish early paired measurement receipt	2026-10-07T23:42:31.3074349Z Artifact name is valid!
mask-k	Publish early paired measurement receipt	2026-10-07T23:42:31.3074740Z Root directory input is valid!
mask-k	Publish early paired measurement receipt	2026-10-07T23:42:31.7638921Z Beginning upload of artifact content to blob storage
mask-k	Publish early paired measurement receipt	2026-10-07T23:42:31.8980845Z (node:6756) [DEP0169] DeprecationWarning: `url.parse()` behavior is not standardized and prone to errors that have security implications. Use the WHATWG URL API instead. CVEs are not issued for `url.parse()` vulnerabilities.
mask-k	Publish early paired measurement receipt	2026-10-07T23:42:32.3043716Z Uploaded bytes 384063
mask-k	Publish early paired measurement receipt	2026-10-07T23:42:32.3615113Z Finished uploading artifact content to blob storage!
mask-k	Publish early paired measurement receipt	2026-10-07T23:42:32.3616351Z SHA256 digest of uploaded artifact zip is ddab6fa932a063d19be71300ee5a17a969818097f6d2852f52cc6b5c89f69fbb
mask-k	Publish early paired measurement receipt	2026-10-07T23:42:32.3617389Z Finalizing artifact upload
mask-k	Publish early paired measurement receipt	2026-10-07T23:42:32.7577062Z Artifact r10-37702101006-mask-k-screen.zip successfully finalized. Artifact ID 11517943956
mask-k	Publish early paired measurement receipt	2026-10-07T23:42:32.7578288Z Artifact r10-37702101006-mask-k-screen has been successfully uploaded! Final size is 384063 bytes. Artifact ID is 11517943956
mask-k	Publish early paired measurement receipt	2026-10-07T23:42:32.7587777Z Artifact download URL: https://github.com/HuanHuanHuanFFF/Miner/actions/runs/37702101006/artifacts/11517943956
mask-k	Refine shortlisted candidates	﻿2026-10-07T23:42:32.7733863Z ##[group]Run export PATH="$HOME/.local/bin:$HOME/.cargo/bin:$ELAN_HOME/bin:$PATH"
mask-k	Refine shortlisted candidates	2026-10-07T23:42:32.7734474Z ^[[36;1mexport PATH="$HOME/.local/bin:$HOME/.cargo/bin:$ELAN_HOME/bin:$PATH"^[[0m
mask-k	Refine shortlisted candidates	2026-10-07T23:42:32.7735047Z ^[[36;1mexport PYTHONPATH="$DEFLATE_ROOT/validator"^[[0m
mask-k	Refine shortlisted candidates	2026-10-07T23:42:32.7735543Z ^[[36;1m"$DEFLATE_ROOT/.venv/bin/python" scripts/round4.py refine^[[0m
mask-k	Refine shortlisted candidates	2026-10-07T23:42:32.7806992Z shell: /usr/bin/bash -e {0}
mask-k	Refine shortlisted candidates	2026-10-07T23:42:32.7807315Z env:
mask-k	Refine shortlisted candidates	2026-10-07T23:42:32.7807584Z   ROUND4_SPEC: mask-k
mask-k	Refine shortlisted candidates	2026-10-07T23:42:32.7807908Z   ROUND4_SPEC_DIR: evidence/round10
mask-k	Refine shortlisted candidates	2026-10-07T23:42:32.7808290Z   DEFLATE_ROOT: /home/runner/work/_temp/deflate-upstream
mask-k	Refine shortlisted candidates	2026-10-07T23:42:32.7808650Z   ELAN_HOME: /home/runner/work/_temp/deflate-upstream/validator/.work/elan
mask-k	Refine shortlisted candidates	2026-10-07T23:42:32.7809055Z   XDG_CACHE_HOME: /home/runner/work/_temp/deflate-cache
mask-k	Refine shortlisted candidates	2026-10-07T23:42:32.7809504Z   UV_CACHE_DIR: /home/runner/work/_temp/deflate-cache/uv
mask-k	Refine shortlisted candidates	2026-10-07T23:42:32.7809768Z   XDG_RUNTIME_DIR: /run/user/1001
mask-k	Refine shortlisted candidates	2026-10-07T23:42:32.7810056Z   DBUS_SESSION_BUS_ADDRESS: unix:path=/run/user/1001/bus
mask-k	Refine shortlisted candidates	2026-10-07T23:42:32.7810321Z   VERIFY_CORPUS: corpus-stage1
mask-k	Refine shortlisted candidates	2026-10-07T23:42:32.7810827Z   VERIFY_SANDBOX: bwrap
mask-k	Refine shortlisted candidates	2026-10-07T23:42:32.7811115Z   GIT_TERMINAL_PROMPT: 0
mask-k	Refine shortlisted candidates	2026-10-07T23:42:32.7811407Z ##[endgroup]
mask-k	Refine shortlisted candidates	2026-10-07T23:42:32.8908600Z ROUND4_PHASE {"phase": "refine", "summary": [{"candidate": "r3-432-fast3", "control": true, "blocks": [1, 2], "time": 0.43024491214621907, "size_pct": 36.60213910633018, "own_anchor": {"time": 0.43787345819892, "size_pct": 36.999728556810254, "on_frontier": false, "dominating_ids": ["453"], "conditional_geometry_weight": 0, "size_gap_pp": 0}, "fixed_427": {"time": 0.4364416828269919, "size_pct": 36.859371565647756, "on_frontier": true, "dominating_ids": [], "conditional_geometry_weight": 0.027280421322571018, "size_gap_pp": 0}, "stress_1pct": {"time": 0.4422521927809092, "size_pct": 36.999728556810254, "on_frontier": false, "dominating_ids": ["453", "481"], "conditional_geometry_weight": 0, "size_gap_pp": 0.439732922335601}, "time_change_pct_vs_fast3": [0.0, 0.0], "size_change_pp_vs_fast3": 0.0, "equivalence": null}, {"candidate": "mid-shadow", "control": true, "blocks": [1, 2], "time": 1.119652517539056, "size_pct": 33.95862675598211, "own_anchor": {"time": 1.1590890408536922, "size_pct": 34.209957755736326, "on_frontier": false, "dominating_ids": ["375"], "conditional_geometry_weight": 0, "size_gap_pp": 0.002389753302253439}, "fixed_427": {"time": 1.1357787509876494, "size_pct": 34.19728114309628, "on_frontier": true, "dominating_ids": [], "conditional_geometry_weight": 0.023850077295657482, "size_gap_pp": 0}, "stress_1pct": {"time": 1.1722637268395666, "size_pct": 34.209957755736326, "on_frontier": false, "dominating_ids": ["375"], "conditional_geometry_weight": 0, "size_gap_pp": 0.002389753302253439}, "time_change_pct_vs_fast3": [160.50473720906825, 159.9675626468328], "size_change_pp_vs_fast3": -2.643512350348068, "equivalence": null}, {"candidate": "public361", "control": true, "blocks": [1, 2], "time": 1.1213724709424846, "size_pct": 33.95862675598211, "own_anchor": {"time": 1.1608686942402877, "size_pct": 34.209957755736326, "on_frontier": false, "dominating_ids": ["375"], "conditional_geometry_weight": 0, "size_gap_pp": 0.002389753302253439}, "fixed_427": {"time": 1.1375234766929037, "size_pct": 34.19728114309628, "on_frontier": true, "dominating_ids": [], "conditional_geometry_weight": 0.023096207001435415, "size_gap_pp": 0}, "stress_1pct": {"time": 1.1724773811826905, "size_pct": 34.209957755736326, "on_frontier": false, "dominating_ids": ["375"], "conditional_geometry_weight": 0, "size_gap_pp": 0.002389753302253439}, "time_change_pct_vs_fast3": [160.55221625941743, 160.7194376414912], "size_change_pp_vs_fast3": -2.643512350348068, "equivalence": null}, {"candidate": "r10-record-nonempty", "control": false, "blocks": [1, 2], "time": 1.370912045512028, "size_pct": 33.934365747942536, "own_anchor": {"time": 1.419201506502866, "size_pct": 34.18551718968784, "on_frontier": false, "dominating_ids": ["360", "418", "422"], "conditional_geometry_weight": 0, "size_gap_pp": 0.008274726843147562}, "fixed_427": {"time": 1.3906571426176972, "size_pct": 34.172849633580135, "on_frontier": true, "dominating_ids": [], "conditional_geometry_weight": 0.008785983698756208, "size_gap_pp": 0}, "stress_1pct": {"time": 1.4408227626097099, "size_pct": 34.18551718968784, "on_frontier": false, "dominating_ids": ["360", "418", "422"], "conditional_geometry_weight": 0, "size_gap_pp": 0.008274726843147562}, "time_change_pct_vs_fast3": [220.18490937223604, 217.0863773428175], "size_change_pp_vs_fast3": -2.6677733583876417, "equivalence": null}, {"candidate": "r9-block-scalar", "control": true, "blocks": [1, 2], "time": 1.379861384991452, "size_pct": 33.934365747942536, "own_anchor": {"time": 1.4284628197302225, "size_pct": 34.18551718968784, "on_frontier": false, "dominating_ids": ["360", "418", "422"], "conditional_geometry_weight": 0, "size_gap_pp": 0.008274726843147562}, "fixed_427": {"time": 1.3997353784604083, "size_pct": 34.172849633580135, "on_frontier": true, "dominating_ids": [], "conditional_geometry_weight": 0.0069360740090566595, "size_gap_pp": 0}, "stress_1pct": {"time": 1.444350261470851, "size_pct": 34.18551718968784, "on_frontier": false, "dominating_ids": ["360", "418", "422"], "conditional_geometry_weight": 0, "size_gap_pp": 0.008274726843147562}, "time_change_pct_vs_fast3": [220.96880308385357, 220.4619762111687], "size_change_pp_vs_fast3": -2.6677733583876417, "equivalence": null}, {"candidate": "r7-mid361-block1", "control": true, "blocks": [1, 2], "time": 1.388930116209969, "size_pct": 33.934365747942536, "own_anchor": {"time": 1.4378517350773432, "size_pct": 34.18551718968784, "on_frontier": false, "dominating_ids": ["360", "418", "422"], "conditional_geometry_weight": 0, "size_gap_pp": 0.008274726843147562}, "fixed_427": {"time": 1.4089347256284466, "size_pct": 34.172849633580135, "on_frontier": true, "dominating_ids": [], "conditional_geometry_weight": 0.005279676182918774, "size_gap_pp": 0}, "stress_1pct": {"time": 1.4552229141682858, "size_pct": 34.18551718968784, "on_frontier": false, "dominating_ids": ["360", "417", "418", "422"], "conditional_geometry_weight": 0, "size_gap_pp": 0.019033596148446463}, "time_change_pct_vs_fast3": [223.38496377266605, 222.26157682627164], "size_change_pp_vs_fast3": -2.6677733583876417, "equivalence": null}, {"candidate": "r10-backward-prefixmask", "control": false, "blocks": [1, 2], "time": 1.4785478063715145, "size_pct": 33.934365747942536, "own_anchor": {"time": 1.530625631267914, "size_pct": 34.18551718968784, "on_frontier": false, "dominating_ids": ["296", "360", "417", "418", "419", "422"], "conditional_geometry_weight": 0, "size_gap_pp": 0.02451856911199002}, "fixed_427": {"time": 1.4998431696355203, "size_pct": 34.172849633580135, "on_frontier": false, "dominating_ids": ["296", "417", "419"], "conditional_geometry_weight": 0, "size_gap_pp": 0.011851013004282152}, "stress_1pct": {"time": 1.5484782915654125, "size_pct": 34.18551718968784, "on_frontier": false, "dominating_ids": ["296", "360", "417", "418", "419", "422"], "conditional_geometry_weight": 0, "size_gap_pp": 0.02451856911199002}, "time_change_pct_vs_fast3": [244.1085151595766, 243.19689386351783], "size_change_pp_vs_fast3": -2.6677733583876417, "equivalence": {"reference": "r10-record-nonempty", "public_token_and_output_equal": true, "changed_files": [], "scope": "finite public corpus only; no all-input equivalence claim"}}, {"candidate": "public432", "control": true, "blocks": [1, 2], "time": 0.43279019980313727, "size_pct": 36.52435870548103, "own_anchor": {"time": 0.4413850574969763, "size_pct": 36.91273515631194, "on_frontier": false, "dominating_ids": ["481"], "conditional_geometry_weight": 0, "size_gap_pp": 0.35273952183728596}, "fixed_427": {"time": 0.4390236299852342, "size_pct": 36.781044539812044, "on_frontier": false, "dominating_ids": ["481"], "conditional_geometry_weight": 0, "size_gap_pp": 0.22104890533739052}, "stress_1pct": {"time": 0.44579890807194616, "size_pct": 36.91273515631194, "on_frontier": false, "dominating_ids": ["451", "456", "481"], "conditional_geometry_weight": 0, "size_gap_pp": 0.6682900958168787}, "time_change_pct_vs_fast3": [0.8004665546499368, 0.3828144199161443], "size_change_pp_vs_fast3": -0.07778040084915006, "equivalence": null}, {"candidate": "probe3", "control": true, "blocks": [1, 2], "time": 0.46054502730633945, "size_pct": 35.92083771476539, "own_anchor": {"time": 0.46614327772931885, "size_pct": 36.173282125166494, "on_frontier": false, "dominating_ids": ["434", "437", "442", "464"], "conditional_geometry_weight": 0, "size_gap_pp": 0.4163487968876325}, "fixed_427": {"time": 0.46717820725064463, "size_pct": 36.173282125166494, "on_frontier": false, "dominating_ids": ["434", "437", "442", "464"], "conditional_geometry_weight": 0, "size_gap_pp": 0.4163487968876325}, "stress_1pct": {"time": 0.47080471050661205, "size_pct": 36.173282125166494, "on_frontier": false, "dominating_ids": ["434", "437", "442", "464"], "conditional_geometry_weight": 0, "size_gap_pp": 0.4163487968876325}, "time_change_pct_vs_fast3": [6.931121057721068, 7.153880019014824], "size_change_pp_vs_fast3": -0.6813013915647872, "equivalence": null}], "gates": {}, "failures": []}
mask-k	Run selected fresh official gate	﻿2026-10-07T23:42:32.9065104Z ##[group]Run export PATH="$HOME/.local/bin:$HOME/.cargo/bin:$ELAN_HOME/bin:$PATH"
mask-k	Run selected fresh official gate	2026-10-07T23:42:32.9065578Z ^[[36;1mexport PATH="$HOME/.local/bin:$HOME/.cargo/bin:$ELAN_HOME/bin:$PATH"^[[0m
mask-k	Run selected fresh official gate	2026-10-07T23:42:32.9065919Z ^[[36;1mexport PYTHONPATH="$DEFLATE_ROOT/validator"^[[0m
mask-k	Run selected fresh official gate	2026-10-07T23:42:32.9066233Z ^[[36;1m"$DEFLATE_ROOT/.venv/bin/python" scripts/round4.py gate^[[0m
mask-k	Run selected fresh official gate	2026-10-07T23:42:32.9119884Z shell: /usr/bin/bash -e {0}
mask-k	Run selected fresh official gate	2026-10-07T23:42:32.9120112Z env:
mask-k	Run selected fresh official gate	2026-10-07T23:42:32.9120287Z   ROUND4_SPEC: mask-k
mask-k	Run selected fresh official gate	2026-10-07T23:42:32.9120492Z   ROUND4_SPEC_DIR: evidence/round10
mask-k	Run selected fresh official gate	2026-10-07T23:42:32.9120763Z   DEFLATE_ROOT: /home/runner/work/_temp/deflate-upstream
mask-k	Run selected fresh official gate	2026-10-07T23:42:32.9121109Z   ELAN_HOME: /home/runner/work/_temp/deflate-upstream/validator/.work/elan
mask-k	Run selected fresh official gate	2026-10-07T23:42:32.9121445Z   XDG_CACHE_HOME: /home/runner/work/_temp/deflate-cache
mask-k	Run selected fresh official gate	2026-10-07T23:42:32.9121737Z   UV_CACHE_DIR: /home/runner/work/_temp/deflate-cache/uv
mask-k	Run selected fresh official gate	2026-10-07T23:42:32.9121994Z   XDG_RUNTIME_DIR: /run/user/1001
mask-k	Run selected fresh official gate	2026-10-07T23:42:32.9122292Z   DBUS_SESSION_BUS_ADDRESS: unix:path=/run/user/1001/bus
mask-k	Run selected fresh official gate	2026-10-07T23:42:32.9122554Z   VERIFY_CORPUS: corpus-stage1
mask-k	Run selected fresh official gate	2026-10-07T23:42:32.9122763Z   VERIFY_SANDBOX: bwrap
mask-k	Run selected fresh official gate	2026-10-07T23:42:32.9122954Z   GIT_TERMINAL_PROMPT: 0
mask-k	Run selected fresh official gate	2026-10-07T23:42:32.9123141Z ##[endgroup]
mask-k	Run selected fresh official gate	2026-10-07T23:42:33.0238564Z SYNTHETIC_INPUTS {"source-like.txt": {"bytes": 220484, "sha256": "326efe91d7d1e5a11bee87388ef45c7551b1b541f17a1749d7cd5cd53c25ab66"}, "short-log.txt": {"bytes": 32505, "sha256": "23ef9a1b24b2cfcd1c73f1ff1a71ab017cbcf921409f96f8839c74819d3c0b82"}, "table.csv": {"bytes": 193765, "sha256": "e773c09c5e5d585dc64330f220ca47963de24c1be3297a8161e89fca34b98a85"}, "multilingual.txt": {"bytes": 163270, "sha256": "bdd257c8c2afbd9c418ec8954e0ca3f2cedbfa5a622e9b2d5255f35647f1aecc"}, "random.bin": {"bytes": 131101, "sha256": "22c862f2c2c5fd5a072e9f74b5a056aacb9025228d040addb56dcd9bec4c09d3"}, "window-boundary.bin": {"bytes": 73735, "sha256": "3d5e223fd8ced74430c5b87ebbbe4ff9c9782c6902f9b137538dddc79f087dcc"}, "sparse.bin": {"bytes": 53803, "sha256": "c51b774d8aadb5b636c1463ff5a9df4fe6c326330101df1daf2e4745b07678d3"}, "tiny-structured.txt": {"bytes": 15588, "sha256": "2b4701704019445efcca8272c668d8015913d54616281baf813d477623dfcdd3"}}
mask-k	Run selected fresh official gate	2026-10-07T23:42:33.0685770Z ^[[32m2026-10-07 23:42:33.067^[[0m | ^[[34m^[[1mDEBUG   ^[[0m | ^[[36msandbox.bwrap^[[0m:^[[36mrun^[[0m:^[[36m110^[[0m - ^[[34m^[[1m[bwrap] rustc exit=0 in 0.0s^[[0m
mask-k	Run selected fresh official gate	2026-10-07T23:42:34.9608047Z ^[[32m2026-10-07 23:42:34.960^[[0m | ^[[34m^[[1mDEBUG   ^[[0m | ^[[36msandbox.bwrap^[[0m:^[[36mrun^[[0m:^[[36m110^[[0m - ^[[34m^[[1m[bwrap] cargo exit=0 in 1.9s^[[0m
mask-k	Run selected fresh official gate	2026-10-07T23:42:34.9609554Z ^[[32m2026-10-07 23:42:34.960^[[0m | ^[[34m^[[1mDEBUG   ^[[0m | ^[[36mbench.driver^[[0m:^[[36m_build^[[0m:^[[36m295^[[0m - ^[[34m^[[1m[bench] built incumbent in 1.9s exit=0^[[0m
mask-k	Run selected fresh official gate	2026-10-07T23:42:38.2464205Z ^[[32m2026-10-07 23:42:38.245^[[0m | ^[[34m^[[1mDEBUG   ^[[0m | ^[[36msandbox.bwrap^[[0m:^[[36mrun^[[0m:^[[36m110^[[0m - ^[[34m^[[1m[bwrap] cargo exit=0 in 3.3s^[[0m
mask-k	Run selected fresh official gate	2026-10-07T23:42:38.2470458Z ^[[32m2026-10-07 23:42:38.246^[[0m | ^[[34m^[[1mDEBUG   ^[[0m | ^[[36mbench.driver^[[0m:^[[36m_build^[[0m:^[[36m295^[[0m - ^[[34m^[[1m[bench] built r3-432-fast3 in 3.3s exit=0^[[0m
mask-k	Run selected fresh official gate	2026-10-07T23:42:38.8200166Z ^[[32m2026-10-07 23:42:38.819^[[0m | ^[[34m^[[1mDEBUG   ^[[0m | ^[[36msandbox.bwrap^[[0m:^[[36mrun^[[0m:^[[36m110^[[0m - ^[[34m^[[1m[bwrap] measure exit=0 in 0.6s^[[0m
mask-k	Run selected fresh official gate	2026-10-07T23:42:38.8201538Z ^[[32m2026-10-07 23:42:38.819^[[0m | ^[[34m^[[1mDEBUG   ^[[0m | ^[[36mbench.driver^[[0m:^[[36m_measure^[[0m:^[[36m333^[[0m - ^[[34m^[[1m[bench] measured r3-432-fast3 in 0.6s exit=0^[[0m
mask-k	Run selected fresh official gate	2026-10-07T23:42:38.8245561Z SYNTHETIC_MEASUREMENT {"candidate": "r3-432-fast3", "round": 1, "time": 0.3542730405567226, "size_pct": 36.611473427728505}
mask-k	Run selected fresh official gate	2026-10-07T23:42:38.8258157Z SYNTHETIC_RAW 1 r3-432-fast3 {"kind": "meta", "schema_version": 4, "started_at_unix": 1791416558.2623794, "corpus": "synthetic-transfer", "corpus_dir": "/home/runner/work/_temp/round4-receipts/synthetic-transfer", "os": "linux", "arch": "x86_64", "rustc_version": "rustc 1.100.0-nightly (8fa1c96cf 2026-08-17)", "cpu_model": "AMD EPYC 9V74 80-Core Processor", "cpu_governor": null, "warmup_rounds": 1, "measured_rounds": 11, "speed_floor": null, "methods": {"incumbent": {"external": false, "crate_dir": "/home/runner/work/_temp/deflate-upstream/data/bench-workspace/20261007T234233Z-c8f76e0a-cdjq956x/incumbent", "source_sha256": "b9e0d844baf5958cf0c1c66bfb9fd1f89663fa30f21a99c3c116b3dd2e771361", "lib_sha256": "141f58ceb5d68fdd9fef84fc9da46540dfd34174de8533d923ef187ae09ec57b"}, "r3-432-fast3": {"external": false, "crate_dir": "/home/runner/work/_temp/deflate-upstream/data/bench-workspace/20261007T234233Z-c8f76e0a-cdjq956x/r3-432-fast3", "source_sha256": "bae8014121e4710f4a34ce63452578b4bf69121b4f695e1b1356780a019108ef", "lib_sha256": "e3c97b3aef581e8e4a6e0f848cdd79427cdc9aa441d32c3110b73cc0508d3566"}}, "benchmark_provenance": {"version": 1, "engine_sha256": "ab202460691492f48d5c632375f5df2a74fc3769a81337e876607e9326a46fac", "template_sha256": "584b01793667c5257da4e76da919fbb3bb73c72fa434866622fe3905884d33f0", "host_sha256": "2b32344a74bca6b42edebf4f499412873c9bc3de9561a681587513913177b357", "cpus": "0", "process_affinity": [0, 1], "memory_mb": 2048, "sandbox": true, "build_profile": "release", "external_references": false}}
mask-k	Run selected fresh official gate	2026-10-07T23:42:38.8276138Z SYNTHETIC_RAW 1 r3-432-fast3 {"kind": "file", "corpus": "synthetic-transfer", "file": "multilingual.txt", "raw_bytes": 163270, "sha256": "bdd257c8c2afbd9c418ec8954e0ca3f2cedbfa5a622e9b2d5255f35647f1aecc", "methods": {"incumbent": {"external": false, "output_bytes": 9206, "output_sha256": "dd1312ec4702740b4331fb5195ee7cf1f8f1e4ebb52c5bad2ee9ac46eb142e05", "tokens": 4618, "tokens_sha256": "a6e0f107a4d317d16a1a0fe1f14d8a05d25385b4de7fa5b1409ef0de972f3b25", "deterministic": true, "encode_s": 0.000372529, "errors": [], "reps": [{"phase": "warmup", "order_index": 1, "time_s": 0.002018756, "encode_s": 0.000372529, "total_s": 0.002391285}, {"phase": "measured", "order_index": 3, "time_s": 0.001864786, "encode_s": 0.000300841, "total_s": 0.002165627}, {"phase": "measured", "order_index": 5, "time_s": 0.001848331, "encode_s": 0.000301993, "total_s": 0.002150324}, {"phase": "measured", "order_index": 7, "time_s": 0.001891896, "encode_s": 0.000296906, "total_s": 0.002188802}, {"phase": "measured", "order_index": 9, "time_s": 0.001855482, "encode_s": 0.000289804, "total_s": 0.002145286}, {"phase": "measured", "order_index": 11, "time_s": 0.001856874, "encode_s": 0.000299198, "total_s": 0.0021560719999999998}, {"phase": "measured", "order_index": 13, "time_s": 0.001857765, "encode_s": 0.000291207, "total_s": 0.002148972}, {"phase": "measured", "order_index": 15, "time_s": 0.001852597, "encode_s": 0.000300761, "total_s": 0.002153358}, {"phase": "measured", "order_index": 17, "time_s": 0.001858316, "encode_s": 0.000288633, "total_s": 0.002146949}, {"phase": "measured", "order_index": 19, "time_s": 0.001846518, "encode_s": 0.00029306, "total_s": 0.002139578}, {"phase": "measured", "order_index": 21, "time_s": 0.001853829, "encode_s": 0.000288462, "total_s": 0.002142291}, {"phase": "measured", "order_index": 23, "time_s": 0.001851005, "encode_s": 0.000290045, "total_s": 0.00214105}]}, "r3-432-fast3": {"external": false, "output_bytes": 9684, "output_sha256": "a284573a2c433c69dbc0ce64c42cca6e59fe1f88b9f332af6236cb76a4cc5a89", "tokens": 5264, "tokens_sha256": "b76b372c9f2aeef288bc0b1429aeb3b3fe62fc4697f91a59072a22280df3b1fc", "deterministic": true, "encode_s": 0.000319669, "errors": [], "reps": [{"phase": "warmup", "order_index": 2, "time_s": 7.7967e-05, "encode_s": 0.000319669, "total_s": 0.00039763600000000004}, {"phase": "measured", "order_index": 4, "time_s": 7.7987e-05, "encode_s": 0.000300611, "total_s": 0.000378598}, {"phase": "measured", "order_index": 6, "time_s": 7.7446e-05, "encode_s": 0.000288563, "total_s": 0.000366009}, {"phase": "measured", "order_index": 8, "time_s": 7.7195e-05, "encode_s": 0.000297465, "total_s": 0.00037466}, {"phase": "measured", "order_index": 10, "time_s": 7.7536e-05, "encode_s": 0.000287421, "total_s": 0.000364957}, {"phase": "measured", "order_index": 12, "time_s": 7.8578e-05, "encode_s": 0.000287101, "total_s": 0.000365679}, {"phase": "measured", "order_index": 14, "time_s": 7.7245e-05, "encode_s": 0.000284497, "total_s": 0.00036174199999999997}, {"phase": "measured", "order_index": 16, "time_s": 7.7286e-05, "encode_s": 0.000282994, "total_s": 0.00036028000000000004}, {"phase": "measured", "order_index": 18, "time_s": 7.7456e-05, "encode_s": 0.000291828, "total_s": 0.000369284}, {"phase": "measured", "order_index": 20, "time_s": 7.7437e-05, "encode_s": 0.000282233, "total_s": 0.00035967}, {"phase": "measured", "order_index": 22, "time_s": 7.7316e-05, "encode_s": 0.000290766, "total_s": 0.000368082}, {"phase": "measured", "order_index": 24, "time_s": 7.7557e-05, "encode_s": 0.000282583, "total_s": 0.00036014}]}}}
mask-k	Run selected fresh official gate	2026-10-07T23:42:38.8303533Z SYNTHETIC_RAW 1 r3-432-fast3 {"kind": "file", "corpus": "synthetic-transfer", "file": "random.bin", "raw_bytes": 131101, "sha256": "22c862f2c2c5fd5a072e9f74b5a056aacb9025228d040addb56dcd9bec4c09d3", "methods": {"incumbent": {"external": false, "output_bytes": 131445, "output_sha256": "deebb4fe887edb814c65fc8f8d20b733d4a395d0e32399c3c25af9b591d8dc2d", "tokens": 130620, "tokens_sha256": "5330a4dbafd88f2b8356a1db487249115b5a636a9e2bab5cf05094461ba5cbc3", "deterministic": true, "encode_s": 0.005268498, "errors": [], "reps": [{"phase": "warmup", "order_index": 25, "time_s": 0.001929803, "encode_s": 0.005268498, "total_s": 0.007198301}, {"phase": "measured", "order_index": 27, "time_s": 0.00192815, "encode_s": 0.004980086, "total_s": 0.006908236}, {"phase": "measured", "order_index": 29, "time_s": 0.0019615, "encode_s": 0.00503666, "total_s": 0.00699816}, {"phase": "measured", "order_index": 31, "time_s": 0.001947971, "encode_s": 0.00499676, "total_s": 0.006944731}, {"phase": "measured", "order_index": 33, "time_s": 0.001949163, "encode_s": 0.005035779, "total_s": 0.006984942}, {"phase": "measured", "order_index": 35, "time_s": 0.00194771, "encode_s": 0.005027146, "total_s": 0.006974856}, {"phase": "measured", "order_index": 37, "time_s": 0.001943583, "encode_s": 0.005002159, "total_s": 0.0069457419999999995}, {"phase": "measured", "order_index": 39, "time_s": 0.001934119, "encode_s": 0.005050121, "total_s": 0.00698424}, {"phase": "measured", "order_index": 41, "time_s": 0.001937514, "encode_s": 0.004986525, "total_s": 0.006924039}, {"phase": "measured", "order_index": 43, "time_s": 0.001979277, "encode_s": 0.005040146, "total_s": 0.007019423}, {"phase": "measured", "order_index": 45, "time_s": 0.00198103, "encode_s": 0.005092013, "total_s": 0.007073043}, {"phase": "measured", "order_index": 47, "time_s": 0.001948131, "encode_s": 0.005081548, "total_s": 0.0070296790000000005}]}, "r3-432-fast3": {"external": false, "output_bytes": 131144, "output_sha256": "52b5974219d121f00e342319360c4c8bcac7ff2eda0365aa245dfe321fd4613b", "tokens": 131101, "tokens_sha256": "861ef26a6d151afca1053cb702d3d74a8e4ef1beae1928ecd65b6e1995a7cb99", "deterministic": true, "encode_s": 0.004748538, "errors": [], "reps": [{"phase": "warmup", "order_index": 26, "time_s": 2.4177e-05, "encode_s": 0.004748538, "total_s": 0.004772715}, {"phase": "measured", "order_index": 28, "time_s": 2.3425e-05, "encode_s": 0.004737212, "total_s": 0.004760637}, {"phase": "measured", "order_index": 30, "time_s": 2.4306e-05, "encode_s": 0.003991324, "total_s": 0.00401563}, {"phase": "measured", "order_index": 32, "time_s": 2.6249e-05, "encode_s": 0.00477573, "total_s": 0.004801979}, {"phase": "measured", "order_index": 34, "time_s": 2.4126e-05, "encode_s": 0.004751543, "total_s": 0.004775669000000001}, {"phase": "measured", "order_index": 36, "time_s": 2.6279e-05, "encode_s": 0.004760927, "total_s": 0.004787206}, {"phase": "measured", "order_index": 38, "time_s": 4.1392e-05, "encode_s": 0.004736801, "total_s": 0.004778193}, {"phase": "measured", "order_index": 40, "time_s": 2.3605e-05, "encode_s": 0.004750692, "total_s": 0.004774297}, {"phase": "measured", "order_index": 42, "time_s": 2.3636e-05, "encode_s": 0.004766655, "total_s": 0.0047902909999999995}, {"phase": "measured", "order_index": 44, "time_s": 2.6961e-05, "encode_s": 0.004761708, "total_s": 0.004788669}, {"phase": "measured", "order_index": 46, "time_s": 2.8012e-05, "encode_s": 0.004809049, "total_s": 0.004837061}, {"phase": "measured", "order_index": 48, "time_s": 2.6019e-05, "encode_s": 0.004825053, "total_s": 0.0048510720000000005}]}}}
mask-k	Run selected fresh official gate	2026-10-07T23:42:38.8334713Z SYNTHETIC_RAW 1 r3-432-fast3 {"kind": "file", "corpus": "synthetic-transfer", "file": "short-log.txt", "raw_bytes": 32505, "sha256": "23ef9a1b24b2cfcd1c73f1ff1a71ab017cbcf921409f96f8839c74819d3c0b82", "methods": {"incumbent": {"external": false, "output_bytes": 4871, "output_sha256": "b801c58b86a433392a15971de32130be788d25cd6f3a91a1abda0f0a909dac25", "tokens": 3017, "tokens_sha256": "fcd4ea723eb6d0e399dc5c1cf6825e8d767f6fc45a05600bb177054b19e7eaec", "deterministic": true, "encode_s": 0.000233621, "errors": [], "reps": [{"phase": "warmup", "order_index": 49, "time_s": 0.00090087, "encode_s": 0.000233621, "total_s": 0.001134491}, {"phase": "measured", "order_index": 51, "time_s": 0.000882503, "encode_s": 0.000220941, "total_s": 0.0011034439999999999}, {"phase": "measured", "order_index": 53, "time_s": 0.000867841, "encode_s": 0.00021369, "total_s": 0.001081531}, {"phase": "measured", "order_index": 55, "time_s": 0.00090028, "encode_s": 0.00021341, "total_s": 0.00111369}, {"phase": "measured", "order_index": 57, "time_s": 0.000870184, "encode_s": 0.000212409, "total_s": 0.001082593}, {"phase": "measured", "order_index": 59, "time_s": 0.000896594, "encode_s": 0.00020671, "total_s": 0.001103304}, {"phase": "measured", "order_index": 61, "time_s": 0.000895683, "encode_s": 0.000207231, "total_s": 0.001102914}, {"phase": "measured", "order_index": 63, "time_s": 0.00088705, "encode_s": 0.000201983, "total_s": 0.001089033}, {"phase": "measured", "order_index": 65, "time_s": 0.000894401, "encode_s": 0.000227211, "total_s": 0.001121612}, {"phase": "measured", "order_index": 67, "time_s": 0.000907371, "encode_s": 0.000211286, "total_s": 0.0011186570000000001}, {"phase": "measured", "order_index": 69, "time_s": 0.000909884, "encode_s": 0.000227531, "total_s": 0.0011374150000000001}, {"phase": "measured", "order_index": 71, "time_s": 0.000886489, "encode_s": 0.000210515, "total_s": 0.001097004}]}, "r3-432-fast3": {"external": false, "output_bytes": 8277, "output_sha256": "44efccadf8af77a0163a4d6740f486246dd4c10770eb34fe7972bafa6c805687", "tokens": 12200, "tokens_sha256": "891ba096a1bfc6ebae0e33da360e53f6233e820044e96dd5cab5ca945671f382", "deterministic": true, "encode_s": 0.000238007, "errors": [], "reps": [{"phase": "warmup", "order_index": 50, "time_s": 7.2008e-05, "encode_s": 0.000238007, "total_s": 0.000310015}, {"phase": "measured", "order_index": 52, "time_s": 7.8277e-05, "encode_s": 0.000232649, "total_s": 0.000310926}, {"phase": "measured", "order_index": 54, "time_s": 6.6981e-05, "encode_s": 0.000229804, "total_s": 0.00029678500000000004}, {"phase": "measured", "order_index": 56, "time_s": 6.8433e-05, "encode_s": 0.000239268, "total_s": 0.000307701}, {"phase": "measured", "order_index": 58, "time_s": 6.7872e-05, "encode_s": 0.000232709, "total_s": 0.000300581}, {"phase": "measured", "order_index": 60, "time_s": 6.675e-05, "encode_s": 0.000253801, "total_s": 0.000320551}, {"phase": "measured", "order_index": 62, "time_s": 7.0596e-05, "encode_s": 0.000229774, "total_s": 0.00030037}, {"phase": "measured", "order_index": 64, "time_s": 6.6199e-05, "encode_s": 0.000228643, "total_s": 0.000294842}, {"phase": "measured", "order_index": 66, "time_s": 6.8212e-05, "encode_s": 0.000230466, "total_s": 0.00029867800000000003}, {"phase": "measured", "order_index": 68, "time_s": 6.7492e-05, "encode_s": 0.000230555, "total_s": 0.00029804699999999996}, {"phase": "measured", "order_index": 70, "time_s": 6.7491e-05, "encode_s": 0.000230025, "total_s": 0.000297516}, {"phase": "measured", "order_index": 72, "time_s": 6.7942e-05, "encode_s": 0.000231457, "total_s": 0.000299399}]}}}
mask-k	Run selected fresh official gate	2026-10-07T23:42:38.8363746Z SYNTHETIC_RAW 1 r3-432-fast3 {"kind": "file", "corpus": "synthetic-transfer", "file": "source-like.txt", "raw_bytes": 220484, "sha256": "326efe91d7d1e5a11bee87388ef45c7551b1b541f17a1749d7cd5cd53c25ab66", "methods": {"incumbent": {"external": false, "output_bytes": 16650, "output_sha256": "a459035fe1f2d45221381fefc1bad509a69c3effb5a67ee57a00384072a446f5", "tokens": 7890, "tokens_sha256": "cf67564e32e855eac2759e9b433da56b133fd538e426d3f122c000aa5d009805", "deterministic": true, "encode_s": 0.000298848, "errors": [], "reps": [{"phase": "warmup", "order_index": 73, "time_s": 0.003783241, "encode_s": 0.000298848, "total_s": 0.0040820890000000006}, {"phase": "measured", "order_index": 75, "time_s": 0.003643712, "encode_s": 0.000285107, "total_s": 0.003928819}, {"phase": "measured", "order_index": 77, "time_s": 0.003630152, "encode_s": 0.000290245, "total_s": 0.003920397}, {"phase": "measured", "order_index": 79, "time_s": 0.003634097, "encode_s": 0.000285187, "total_s": 0.003919284}, {"phase": "measured", "order_index": 81, "time_s": 0.003894238, "encode_s": 0.00029357, "total_s": 0.004187808}, {"phase": "measured", "order_index": 83, "time_s": 0.003641629, "encode_s": 0.000291457, "total_s": 0.003933086}, {"phase": "measured", "order_index": 85, "time_s": 0.003632456, "encode_s": 0.000281292, "total_s": 0.003913748}, {"phase": "measured", "order_index": 87, "time_s": 0.003623101, "encode_s": 0.000287952, "total_s": 0.003911053}, {"phase": "measured", "order_index": 89, "time_s": 0.003627939, "encode_s": 0.000275904, "total_s": 0.003903843}, {"phase": "measured", "order_index": 91, "time_s": 0.003645996, "encode_s": 0.000281902, "total_s": 0.003927898}, {"phase": "measured", "order_index": 93, "time_s": 0.003639255, "encode_s": 0.000276545, "total_s": 0.0039158000000000005}, {"phase": "measured", "order_index": 95, "time_s": 0.003631584, "encode_s": 0.000280431, "total_s": 0.0039120150000000005}]}, "r3-432-fast3": {"external": false, "output_bytes": 18393, "output_sha256": "735b68c4a5747696b4ebf6c0135116a705a15f24a8c0f6be52ce706276dd0986", "tokens": 12013, "tokens_sha256": "29f01c38ee319caf136f8241dc558b245fce41198010ea49e228211ed3642be9", "deterministic": true, "encode_s": 0.000324156, "errors": [], "reps": [{"phase": "warmup", "order_index": 74, "time_s": 0.000260901, "encode_s": 0.000324156, "total_s": 0.0005850569999999999}, {"phase": "measured", "order_index": 76, "time_s": 0.000209765, "encode_s": 0.000330616, "total_s": 0.0005403809999999999}, {"phase": "measured", "order_index": 78, "time_s": 0.000209714, "encode_s": 0.000315824, "total_s": 0.000525538}, {"phase": "measured", "order_index": 80, "time_s": 0.00021961, "encode_s": 0.000316314, "total_s": 0.000535924}, {"phase": "measured", "order_index": 82, "time_s": 0.00021371, "encode_s": 0.000342073, "total_s": 0.000555783}, {"phase": "measured", "order_index": 84, "time_s": 0.000209364, "encode_s": 0.000324857, "total_s": 0.000534221}, {"phase": "measured", "order_index": 86, "time_s": 0.000209474, "encode_s": 0.000326149, "total_s": 0.000535623}, {"phase": "measured", "order_index": 88, "time_s": 0.000208773, "encode_s": 0.000312038, "total_s": 0.0005208109999999999}, {"phase": "measured", "order_index": 90, "time_s": 0.000219178, "encode_s": 0.000314602, "total_s": 0.00053378}, {"phase": "measured", "order_index": 92, "time_s": 0.000208934, "encode_s": 0.000311687, "total_s": 0.000520621}, {"phase": "measured", "order_index": 94, "time_s": 0.000218968, "encode_s": 0.000317797, "total_s": 0.000536765}, {"phase": "measured", "order_index": 96, "time_s": 0.000208803, "encode_s": 0.000308312, "total_s": 0.000517115}]}}}
mask-k	Run selected fresh official gate	2026-10-07T23:42:38.8389111Z SYNTHETIC_RAW 1 r3-432-fast3 {"kind": "file", "corpus": "synthetic-transfer", "file": "sparse.bin", "raw_bytes": 53803, "sha256": "c51b774d8aadb5b636c1463ff5a9df4fe6c326330101df1daf2e4745b07678d3", "methods": {"incumbent": {"external": false, "output_bytes": 1798, "output_sha256": "64a1ff1bc414863ad88544207256d2d9a5ba187a3a5dc2ad6425dd07405c2e2c", "tokens": 1263, "tokens_sha256": "fae120ea72c3aae525d182eab79475dc599c31ea79ce1f32050a110b01939d24", "deterministic": true, "encode_s": 0.000452499, "errors": [], "reps": [{"phase": "warmup", "order_index": 97, "time_s": 0.000991987, "encode_s": 0.000452499, "total_s": 0.001444486}, {"phase": "measured", "order_index": 99, "time_s": 0.000969043, "encode_s": 0.000442614, "total_s": 0.001411657}, {"phase": "measured", "order_index": 101, "time_s": 0.000980329, "encode_s": 0.000441973, "total_s": 0.001422302}, {"phase": "measured", "order_index": 103, "time_s": 0.000964757, "encode_s": 0.000441091, "total_s": 0.001405848}, {"phase": "measured", "order_index": 105, "time_s": 0.000970104, "encode_s": 0.000438137, "total_s": 0.001408241}, {"phase": "measured", "order_index": 107, "time_s": 0.00096776, "encode_s": 0.000440751, "total_s": 0.001408511}, {"phase": "measured", "order_index": 109, "time_s": 0.000968042, "encode_s": 0.000446659, "total_s": 0.001414701}, {"phase": "measured", "order_index": 111, "time_s": 0.000966389, "encode_s": 0.000444596, "total_s": 0.001410985}, {"phase": "measured", "order_index": 113, "time_s": 0.00096709, "encode_s": 0.00044033, "total_s": 0.00140742}, {"phase": "measured", "order_index": 115, "time_s": 0.000970285, "encode_s": 0.000450555, "total_s": 0.00142084}, {"phase": "measured", "order_index": 117, "time_s": 0.000966679, "encode_s": 0.000439499, "total_s": 0.0014061780000000001}, {"phase": "measured", "order_index": 119, "time_s": 0.000966238, "encode_s": 0.000439018, "total_s": 0.0014052560000000001}]}, "r3-432-fast3": {"external": false, "output_bytes": 2134, "output_sha256": "8acb9c34ad5e88c0e527f0a3911b99bfac744f4625124fc678d7cdbab669c714", "tokens": 3795, "tokens_sha256": "db99e2e413bed52a91e27df8b345bd15b546f6855c8d934b12febe253691eb65", "deterministic": true, "encode_s": 0.000460781, "errors": [], "reps": [{"phase": "warmup", "order_index": 98, "time_s": 1.6555e-05, "encode_s": 0.000460781, "total_s": 0.000477336}, {"phase": "measured", "order_index": 100, "time_s": 1.6044e-05, "encode_s": 0.000464196, "total_s": 0.00048024}, {"phase": "measured", "order_index": 102, "time_s": 1.6004e-05, "encode_s": 0.000459059, "total_s": 0.000475063}, {"phase": "measured", "order_index": 104, "time_s": 1.5433e-05, "encode_s": 0.000451096, "total_s": 0.00046652900000000003}, {"phase": "measured", "order_index": 106, "time_s": 1.5574e-05, "encode_s": 0.000452358, "total_s": 0.000467932}, {"phase": "measured", "order_index": 108, "time_s": 1.5774e-05, "encode_s": 0.000445298, "total_s": 0.000461072}, {"phase": "measured", "order_index": 110, "time_s": 1.5604e-05, "encode_s": 0.00044084, "total_s": 0.000456444}, {"phase": "measured", "order_index": 112, "time_s": 1.5493e-05, "encode_s": 0.000438617, "total_s": 0.00045411}, {"phase": "measured", "order_index": 114, "time_s": 1.5694e-05, "encode_s": 0.000443184, "total_s": 0.000458878}, {"phase": "measured", "order_index": 116, "time_s": 1.5453e-05, "encode_s": 0.000444907, "total_s": 0.00046036}, {"phase": "measured", "order_index": 118, "time_s": 1.5253e-05, "encode_s": 0.00045416, "total_s": 0.000469413}, {"phase": "measured", "order_index": 120, "time_s": 1.5924e-05, "encode_s": 0.000455724, "total_s": 0.000471648}]}}}
mask-k	Run selected fresh official gate	2026-10-07T23:42:38.8404897Z SYNTHETIC_RAW 1 r3-432-fast3 {"kind": "file", "corpus": "synthetic-transfer", "file": "table.csv", "raw_bytes": 193765, "sha256": "e773c09c5e5d585dc64330f220ca47963de24c1be3297a8161e89fca34b98a85", "methods": {"incumbent": {"external": false, "output_bytes": 65436, "output_sha256": "dcb53081688a36dad21b849906f65e985a744ef8864e9324768f44dbb485a3fc", "tokens": 39085, "tokens_sha256": "93d50fc8a84ae35d4a248c3fc06f3632d2da32348cd6896ad6f9f43ea9515f65", "deterministic": true, "encode_s": 0.001670964, "errors": [], "reps": [{"phase": "warmup", "order_index": 121, "time_s": 0.010634251, "encode_s": 0.001670964, "total_s": 0.012305215000000001}, {"phase": "measured", "order_index": 123, "time_s": 0.010655504, "encode_s": 0.001386398, "total_s": 0.012041902}, {"phase": "measured", "order_index": 125, "time_s": 0.010643826, "encode_s": 0.001373489, "total_s": 0.012017315}, {"phase": "measured", "order_index": 127, "time_s": 0.010643846, "encode_s": 0.001384386, "total_s": 0.012028232}, {"phase": "measured", "order_index": 129, "time_s": 0.010663976, "encode_s": 0.00137409, "total_s": 0.012038066}, {"phase": "measured", "order_index": 131, "time_s": 0.010704667, "encode_s": 0.001374271, "total_s": 0.012078938}, {"phase": "measured", "order_index": 133, "time_s": 0.010941682, "encode_s": 0.001388622, "total_s": 0.012330304}, {"phase": "measured", "order_index": 135, "time_s": 0.010666029, "encode_s": 0.001386889, "total_s": 0.012052918000000001}, {"phase": "measured", "order_index": 137, "time_s": 0.010641613, "encode_s": 0.001384335, "total_s": 0.012025948}, {"phase": "measured", "order_index": 139, "time_s": 0.010642034, "encode_s": 0.001399158, "total_s": 0.012041192}, {"phase": "measured", "order_index": 141, "time_s": 0.010680912, "encode_s": 0.001373769, "total_s": 0.012054681000000001}, {"phase": "measured", "order_index": 143, "time_s": 0.010655333, "encode_s": 0.001380861, "total_s": 0.012036194}]}, "r3-432-fast3": {"external": false, "output_bytes": 66603, "output_sha256": "74aa82188e366b316c292a5804da3107ff83ff4f70e4441f20000f4fd72be71c", "tokens": 46913, "tokens_sha256": "4ac0c77b41058b22eb906f5a2b614520508f3faddd2681b64e6aea3cfb703c64", "deterministic": true, "encode_s": 0.001715041, "errors": [], "reps": [{"phase": "warmup", "order_index": 122, "time_s": 0.000788742, "encode_s": 0.001715041, "total_s": 0.002503783}, {"phase": "measured", "order_index": 124, "time_s": 0.000775022, "encode_s": 0.001636763, "total_s": 0.002411785}, {"phase": "measured", "order_index": 126, "time_s": 0.000799158, "encode_s": 0.001631416, "total_s": 0.002430574}, {"phase": "measured", "order_index": 128, "time_s": 0.000779709, "encode_s": 0.001631696, "total_s": 0.002411405}, {"phase": "measured", "order_index": 130, "time_s": 0.000769103, "encode_s": 0.00163416, "total_s": 0.002403263}, {"phase": "measured", "order_index": 132, "time_s": 0.000782203, "encode_s": 0.001694901, "total_s": 0.002477104}, {"phase": "measured", "order_index": 134, "time_s": 0.000776614, "encode_s": 0.001640109, "total_s": 0.002416723}, {"phase": "measured", "order_index": 136, "time_s": 0.000776144, "encode_s": 0.001642152, "total_s": 0.002418296}, {"phase": "measured", "order_index": 138, "time_s": 0.000783545, "encode_s": 0.001637645, "total_s": 0.00242119}, {"phase": "measured", "order_index": 140, "time_s": 0.000768052, "encode_s": 0.001645276, "total_s": 0.002413328}, {"phase": "measured", "order_index": 142, "time_s": 0.000775532, "encode_s": 0.001642603, "total_s": 0.002418135}, {"phase": "measured", "order_index": 144, "time_s": 0.000786119, "encode_s": 0.001645867, "total_s": 0.002431986}]}}}
mask-k	Run selected fresh official gate	2026-10-07T23:42:38.8441040Z SYNTHETIC_RAW 1 r3-432-fast3 {"kind": "file", "corpus": "synthetic-transfer", "file": "tiny-structured.txt", "raw_bytes": 15588, "sha256": "2b4701704019445efcca8272c668d8015913d54616281baf813d477623dfcdd3", "methods": {"incumbent": {"external": false, "output_bytes": 1492, "output_sha256": "f35f34fe896e5ec7c7a15e89fe5bd6eb74d866642044e5d5df10ea85bcdc674f", "tokens": 1083, "tokens_sha256": "0fa05be94e7e54cd3cede626db4ec06f61e270d22e2f35d810b14ec5a00d6dde", "deterministic": true, "encode_s": 0.000177756, "errors": [], "reps": [{"phase": "warmup", "order_index": 145, "time_s": 0.000218287, "encode_s": 0.000177756, "total_s": 0.000396043}, {"phase": "measured", "order_index": 147, "time_s": 0.000227371, "encode_s": 0.000148233, "total_s": 0.000375604}, {"phase": "measured", "order_index": 149, "time_s": 0.000219189, "encode_s": 0.000142824, "total_s": 0.000362013}, {"phase": "measured", "order_index": 151, "time_s": 0.0002067, "encode_s": 0.000135563, "total_s": 0.000342263}, {"phase": "measured", "order_index": 153, "time_s": 0.000223805, "encode_s": 0.000138258, "total_s": 0.000362063}, {"phase": "measured", "order_index": 155, "time_s": 0.000210696, "encode_s": 0.000134151, "total_s": 0.000344847}, {"phase": "measured", "order_index": 157, "time_s": 0.000222223, "encode_s": 0.000135083, "total_s": 0.000357306}, {"phase": "measured", "order_index": 159, "time_s": 0.000211147, "encode_s": 0.000132829, "total_s": 0.00034397599999999996}, {"phase": "measured", "order_index": 161, "time_s": 0.000234892, "encode_s": 0.000138658, "total_s": 0.00037355}, {"phase": "measured", "order_index": 163, "time_s": 0.000210586, "encode_s": 0.000136474, "total_s": 0.00034706}, {"phase": "measured", "order_index": 165, "time_s": 0.000218548, "encode_s": 0.000134521, "total_s": 0.000353069}, {"phase": "measured", "order_index": 167, "time_s": 0.000211026, "encode_s": 0.00013357, "total_s": 0.000344596}]}, "r3-432-fast3": {"external": false, "output_bytes": 2299, "output_sha256": "b0b848b0cc9f13315492e78ac8ad5091e82b05ec5dd2dec88b45f99eeaae24ba", "tokens": 2612, "tokens_sha256": "2b05eebcbbecbfa25fbffd0210603157067c17e26adf721f5c2642ef3f525cd9", "deterministic": true, "encode_s": 0.000127722, "errors": [], "reps": [{"phase": "warmup", "order_index": 146, "time_s": 2.9054e-05, "encode_s": 0.000127722, "total_s": 0.00015677600000000002}, {"phase": "measured", "order_index": 148, "time_s": 2.639e-05, "encode_s": 0.000123425, "total_s": 0.000149815}, {"phase": "measured", "order_index": 150, "time_s": 2.675e-05, "encode_s": 0.000121893, "total_s": 0.000148643}, {"phase": "measured", "order_index": 152, "time_s": 2.5108e-05, "encode_s": 0.00011993, "total_s": 0.000145038}, {"phase": "measured", "order_index": 154, "time_s": 2.4957e-05, "encode_s": 0.000118687, "total_s": 0.000143644}, {"phase": "measured", "order_index": 156, "time_s": 2.4457e-05, "encode_s": 0.000116074, "total_s": 0.000140531}, {"phase": "measured", "order_index": 158, "time_s": 2.6549e-05, "encode_s": 0.000115873, "total_s": 0.00014242199999999999}, {"phase": "measured", "order_index": 160, "time_s": 2.5218e-05, "encode_s": 0.000117086, "total_s": 0.000142304}, {"phase": "measured", "order_index": 162, "time_s": 2.5018e-05, "encode_s": 0.000124076, "total_s": 0.000149094}, {"phase": "measured", "order_index": 164, "time_s": 2.4416e-05, "encode_s": 0.000118448, "total_s": 0.000142864}, {"phase": "measured", "order_index": 166, "time_s": 2.4416e-05, "encode_s": 0.000117737, "total_s": 0.000142153}, {"phase": "measured", "order_index": 168, "time_s": 2.4186e-05, "encode_s": 0.000114832, "total_s": 0.000139018}]}}}
mask-k	Run selected fresh official gate	2026-10-07T23:42:38.8468896Z SYNTHETIC_RAW 1 r3-432-fast3 {"kind": "file", "corpus": "synthetic-transfer", "file": "window-boundary.bin", "raw_bytes": 73735, "sha256": "3d5e223fd8ced74430c5b87ebbbe4ff9c9782c6902f9b137538dddc79f087dcc", "methods": {"incumbent": {"external": false, "output_bytes": 73933, "output_sha256": "5e456557d23dbd5249a36f224b7449a9d53075a00273d27d8ee8f397eeafb978", "tokens": 73559, "tokens_sha256": "35dd083034d7d329eefea50f23c8b2117879da70eb37280242ffd804c83eaf3b", "deterministic": true, "encode_s": 0.003138845, "errors": [], "reps": [{"phase": "warmup", "order_index": 169, "time_s": 0.000885006, "encode_s": 0.003138845, "total_s": 0.004023851}, {"phase": "measured", "order_index": 171, "time_s": 0.000957786, "encode_s": 0.003238013, "total_s": 0.004195799}, {"phase": "measured", "order_index": 173, "time_s": 0.00090756, "encode_s": 0.002994069, "total_s": 0.0039016289999999998}, {"phase": "measured", "order_index": 175, "time_s": 0.000902703, "encode_s": 0.003038295, "total_s": 0.003940998}, {"phase": "measured", "order_index": 177, "time_s": 0.000894351, "encode_s": 0.003026607, "total_s": 0.003920958}, {"phase": "measured", "order_index": 179, "time_s": 0.000902432, "encode_s": 0.003023041, "total_s": 0.0039254730000000005}, {"phase": "measured", "order_index": 181, "time_s": 0.000903775, "encode_s": 0.003014249, "total_s": 0.003918024}, {"phase": "measured", "order_index": 183, "time_s": 0.000914301, "encode_s": 0.003015991, "total_s": 0.003930292}, {"phase": "measured", "order_index": 185, "time_s": 0.000895944, "encode_s": 0.003048369, "total_s": 0.003944313}, {"phase": "measured", "order_index": 187, "time_s": 0.000901401, "encode_s": 0.00302139, "total_s": 0.003922791}, {"phase": "measured", "order_index": 189, "time_s": 0.000895042, "encode_s": 0.00302897, "total_s": 0.003924012}, {"phase": "measured", "order_index": 191, "time_s": 0.000912699, "encode_s": 0.003054398, "total_s": 0.003967097}]}, "r3-432-fast3": {"external": false, "output_bytes": 73760, "output_sha256": "7fc0f619879f4fb08483c528b61a18725bafcbfbce8f257146ac4741ba95851b", "tokens": 73735, "tokens_sha256": "8a3f0d4d337189d036871ced04356a9ba83426a905ea1c72d81f57b9d8549140", "deterministic": true, "encode_s": 0.002473098, "errors": [], "reps": [{"phase": "warmup", "order_index": 170, "time_s": 1.7296e-05, "encode_s": 0.002473098, "total_s": 0.002490394}, {"phase": "measured", "order_index": 172, "time_s": 1.8418e-05, "encode_s": 0.002483613, "total_s": 0.002502031}, {"phase": "measured", "order_index": 174, "time_s": 1.7406e-05, "encode_s": 0.002472287, "total_s": 0.0024896930000000003}, {"phase": "measured", "order_index": 176, "time_s": 1.7806e-05, "encode_s": 0.00252209, "total_s": 0.002539896}, {"phase": "measured", "order_index": 178, "time_s": 1.7476e-05, "encode_s": 0.00246147, "total_s": 0.002478946}, {"phase": "measured", "order_index": 180, "time_s": 1.7667e-05, "encode_s": 0.002484514, "total_s": 0.002502181}, {"phase": "measured", "order_index": 182, "time_s": 1.7296e-05, "encode_s": 0.002467258, "total_s": 0.002484554}, {"phase": "measured", "order_index": 184, "time_s": 1.7506e-05, "encode_s": 0.002507719, "total_s": 0.002525225}, {"phase": "measured", "order_index": 186, "time_s": 1.7516e-05, "encode_s": 0.002468721, "total_s": 0.002486237}, {"phase": "measured", "order_index": 188, "time_s": 1.7035e-05, "encode_s": 0.002475421, "total_s": 0.0024924559999999997}, {"phase": "measured", "order_index": 190, "time_s": 1.6875e-05, "encode_s": 0.002446457, "total_s": 0.002463332}, {"phase": "measured", "order_index": 192, "time_s": 1.7306e-05, "encode_s": 0.002457043, "total_s": 0.002474349}]}}}
mask-k	Run selected fresh official gate	2026-10-07T23:42:38.8777246Z ^[[32m2026-10-07 23:42:38.876^[[0m | ^[[34m^[[1mDEBUG   ^[[0m | ^[[36msandbox.bwrap^[[0m:^[[36mrun^[[0m:^[[36m110^[[0m - ^[[34m^[[1m[bwrap] rustc exit=0 in 0.0s^[[0m
mask-k	Run selected fresh official gate	2026-10-07T23:42:40.7374093Z ^[[32m2026-10-07 23:42:40.737^[[0m | ^[[34m^[[1mDEBUG   ^[[0m | ^[[36msandbox.bwrap^[[0m:^[[36mrun^[[0m:^[[36m110^[[0m - ^[[34m^[[1m[bwrap] cargo exit=0 in 1.9s^[[0m
mask-k	Run selected fresh official gate	2026-10-07T23:42:40.7375735Z ^[[32m2026-10-07 23:42:40.737^[[0m | ^[[34m^[[1mDEBUG   ^[[0m | ^[[36mbench.driver^[[0m:^[[36m_build^[[0m:^[[36m295^[[0m - ^[[34m^[[1m[bench] built incumbent in 1.9s exit=0^[[0m
mask-k	Run selected fresh official gate	2026-10-07T23:42:44.7000324Z ^[[32m2026-10-07 23:42:44.698^[[0m | ^[[34m^[[1mDEBUG   ^[[0m | ^[[36msandbox.bwrap^[[0m:^[[36mrun^[[0m:^[[36m110^[[0m - ^[[34m^[[1m[bwrap] cargo exit=0 in 4.0s^[[0m
mask-k	Run selected fresh official gate	2026-10-07T23:42:44.7008861Z ^[[32m2026-10-07 23:42:44.699^[[0m | ^[[34m^[[1mDEBUG   ^[[0m | ^[[36mbench.driver^[[0m:^[[36m_build^[[0m:^[[36m295^[[0m - ^[[34m^[[1m[bench] built r9-block-scalar in 4.0s exit=0^[[0m
mask-k	Run selected fresh official gate	2026-10-07T23:42:45.4659440Z ^[[32m2026-10-07 23:42:45.463^[[0m | ^[[34m^[[1mDEBUG   ^[[0m | ^[[36msandbox.bwrap^[[0m:^[[36mrun^[[0m:^[[36m110^[[0m - ^[[34m^[[1m[bwrap] measure exit=0 in 0.8s^[[0m
mask-k	Run selected fresh official gate	2026-10-07T23:42:45.4661122Z ^[[32m2026-10-07 23:42:45.463^[[0m | ^[[34m^[[1mDEBUG   ^[[0m | ^[[36mbench.driver^[[0m:^[[36m_measure^[[0m:^[[36m333^[[0m - ^[[34m^[[1m[bench] measured r9-block-scalar in 0.8s exit=0^[[0m
mask-k	Run selected fresh official gate	2026-10-07T23:42:45.4683790Z SYNTHETIC_MEASUREMENT {"candidate": "r9-block-scalar", "round": 1, "time": 1.0008175878424883, "size_pct": 33.56950550785449}
mask-k	Run selected fresh official gate	2026-10-07T23:42:45.4691343Z SYNTHETIC_RAW 1 r9-block-scalar {"kind": "meta", "schema_version": 4, "started_at_unix": 1791416564.7136045, "corpus": "synthetic-transfer", "corpus_dir": "/home/runner/work/_temp/round4-receipts/synthetic-transfer", "os": "linux", "arch": "x86_64", "rustc_version": "rustc 1.100.0-nightly (8fa1c96cf 2026-08-17)", "cpu_model": "AMD EPYC 9V74 80-Core Processor", "cpu_governor": null, "warmup_rounds": 1, "measured_rounds": 11, "speed_floor": null, "methods": {"incumbent": {"external": false, "crate_dir": "/home/runner/work/_temp/deflate-upstream/data/bench-workspace/20261007T234238Z-161e5f8e-1uenbxg4/incumbent", "source_sha256": "b9e0d844baf5958cf0c1c66bfb9fd1f89663fa30f21a99c3c116b3dd2e771361", "lib_sha256": "141f58ceb5d68fdd9fef84fc9da46540dfd34174de8533d923ef187ae09ec57b"}, "r9-block-scalar": {"external": false, "crate_dir": "/home/runner/work/_temp/deflate-upstream/data/bench-workspace/20261007T234238Z-161e5f8e-1uenbxg4/r9-block-scalar", "source_sha256": "faf1d7281678d12c3243002121feecdd0ea139633dea197dbc77d86fb6319257", "lib_sha256": "484b649754f662c37c1a63e4ab1bd31e2362a04c0b6361e421e7263d93bc63dc"}}, "benchmark_provenance": {"version": 1, "engine_sha256": "ab202460691492f48d5c632375f5df2a74fc3769a81337e876607e9326a46fac", "template_sha256": "584b01793667c5257da4e76da919fbb3bb73c72fa434866622fe3905884d33f0", "host_sha256": "2b32344a74bca6b42edebf4f499412873c9bc3de9561a681587513913177b357", "cpus": "0", "process_affinity": [0, 1], "memory_mb": 2048, "sandbox": true, "build_profile": "release", "external_references": false}}
mask-k	Run selected fresh official gate	2026-10-07T23:42:45.4711940Z SYNTHETIC_RAW 1 r9-block-scalar {"kind": "file", "corpus": "synthetic-transfer", "file": "multilingual.txt", "raw_bytes": 163270, "sha256": "bdd257c8c2afbd9c418ec8954e0ca3f2cedbfa5a622e9b2d5255f35647f1aecc", "methods": {"incumbent": {"external": false, "output_bytes": 9206, "output_sha256": "dd1312ec4702740b4331fb5195ee7cf1f8f1e4ebb52c5bad2ee9ac46eb142e05", "tokens": 4618, "tokens_sha256": "a6e0f107a4d317d16a1a0fe1f14d8a05d25385b4de7fa5b1409ef0de972f3b25", "deterministic": true, "encode_s": 0.000365147, "errors": [], "reps": [{"phase": "warmup", "order_index": 1, "time_s": 0.0020216, "encode_s": 0.000365147, "total_s": 0.0023867470000000003}, {"phase": "measured", "order_index": 3, "time_s": 0.001861751, "encode_s": 0.000299529, "total_s": 0.00216128}, {"phase": "measured", "order_index": 5, "time_s": 0.00187446, "encode_s": 0.000297996, "total_s": 0.002172456}, {"phase": "measured", "order_index": 7, "time_s": 0.00187483, "encode_s": 0.000323395, "total_s": 0.002198225}, {"phase": "measured", "order_index": 9, "time_s": 0.001853037, "encode_s": 0.000309714, "total_s": 0.002162751}, {"phase": "measured", "order_index": 11, "time_s": 0.001879777, "encode_s": 0.000305678, "total_s": 0.002185455}, {"phase": "measured", "order_index": 13, "time_s": 0.001877594, "encode_s": 0.000298437, "total_s": 0.002176031}, {"phase": "measured", "order_index": 15, "time_s": 0.001858205, "encode_s": 0.000295884, "total_s": 0.002154089}, {"phase": "measured", "order_index": 17, "time_s": 0.001865616, "encode_s": 0.000305057, "total_s": 0.002170673}, {"phase": "measured", "order_index": 19, "time_s": 0.001893778, "encode_s": 0.000319619, "total_s": 0.002213397}, {"phase": "measured", "order_index": 21, "time_s": 0.001859908, "encode_s": 0.000295913, "total_s": 0.002155821}, {"phase": "measured", "order_index": 23, "time_s": 0.00186188, "encode_s": 0.000294952, "total_s": 0.002156832}]}, "r9-block-scalar": {"external": false, "output_bytes": 7354, "output_sha256": "8446e352761e31d56d827e0a1dfa84bf4bcd8b0bd6e245feb1956f074f5a9d9a", "tokens": 6693, "tokens_sha256": "cdfc886d550cc2480ead138713085c05e1a3d78a051e37a231e4cd6dc873903b", "deterministic": true, "encode_s": 0.000295973, "errors": [], "reps": [{"phase": "warmup", "order_index": 2, "time_s": 0.005846362, "encode_s": 0.000295973, "total_s": 0.006142335}, {"phase": "measured", "order_index": 4, "time_s": 0.005220625, "encode_s": 0.000287491, "total_s": 0.0055081159999999995}, {"phase": "measured", "order_index": 6, "time_s": 0.005219353, "encode_s": 0.00026697, "total_s": 0.005486323}, {"phase": "measured", "order_index": 8, "time_s": 0.005609647, "encode_s": 0.000298477, "total_s": 0.005908124}, {"phase": "measured", "order_index": 10, "time_s": 0.005238921, "encode_s": 0.000262834, "total_s": 0.005501755}, {"phase": "measured", "order_index": 12, "time_s": 0.005267605, "encode_s": 0.000268853, "total_s": 0.005536458}, {"phase": "measured", "order_index": 14, "time_s": 0.005204179, "encode_s": 0.000265879, "total_s": 0.005470058}, {"phase": "measured", "order_index": 16, "time_s": 0.005215497, "encode_s": 0.000264907, "total_s": 0.005480404}, {"phase": "measured", "order_index": 18, "time_s": 0.005208536, "encode_s": 0.000265648, "total_s": 0.005474184}, {"phase": "measured", "order_index": 20, "time_s": 0.005259413, "encode_s": 0.00026679, "total_s": 0.005526203}, {"phase": "measured", "order_index": 22, "time_s": 0.005251891, "encode_s": 0.000290555, "total_s": 0.0055424459999999995}, {"phase": "measured", "order_index": 24, "time_s": 0.005216008, "encode_s": 0.000262343, "total_s": 0.005478351}]}}}
mask-k	Run selected fresh official gate	2026-10-07T23:42:45.4738135Z SYNTHETIC_RAW 1 r9-block-scalar {"kind": "file", "corpus": "synthetic-transfer", "file": "random.bin", "raw_bytes": 131101, "sha256": "22c862f2c2c5fd5a072e9f74b5a056aacb9025228d040addb56dcd9bec4c09d3", "methods": {"incumbent": {"external": false, "output_bytes": 131445, "output_sha256": "deebb4fe887edb814c65fc8f8d20b733d4a395d0e32399c3c25af9b591d8dc2d", "tokens": 130620, "tokens_sha256": "5330a4dbafd88f2b8356a1db487249115b5a636a9e2bab5cf05094461ba5cbc3", "deterministic": true, "encode_s": 0.005333724, "errors": [], "reps": [{"phase": "warmup", "order_index": 25, "time_s": 0.001943162, "encode_s": 0.005333724, "total_s": 0.007276886}, {"phase": "measured", "order_index": 27, "time_s": 0.001921359, "encode_s": 0.004221427, "total_s": 0.006142786}, {"phase": "measured", "order_index": 29, "time_s": 0.001923743, "encode_s": 0.004190701, "total_s": 0.006114444}, {"phase": "measured", "order_index": 31, "time_s": 0.001938825, "encode_s": 0.00424388, "total_s": 0.006182705}, {"phase": "measured", "order_index": 33, "time_s": 0.001933358, "encode_s": 0.004238342, "total_s": 0.0061717000000000004}, {"phase": "measured", "order_index": 35, "time_s": 0.001966297, "encode_s": 0.004216069, "total_s": 0.006182366}, {"phase": "measured", "order_index": 37, "time_s": 0.001936071, "encode_s": 0.004223821, "total_s": 0.006159892}, {"phase": "measured", "order_index": 39, "time_s": 0.001939877, "encode_s": 0.004238082, "total_s": 0.006177959}, {"phase": "measured", "order_index": 41, "time_s": 0.0019217, "encode_s": 0.004241176, "total_s": 0.006162876}, {"phase": "measured", "order_index": 43, "time_s": 0.001913438, "encode_s": 0.004221547, "total_s": 0.006134985}, {"phase": "measured", "order_index": 45, "time_s": 0.001912816, "encode_s": 0.004202639, "total_s": 0.0061154550000000005}, {"phase": "measured", "order_index": 47, "time_s": 0.001914439, "encode_s": 0.004221857, "total_s": 0.006136295999999999}]}, "r9-block-scalar": {"external": false, "output_bytes": 131144, "output_sha256": "52b5974219d121f00e342319360c4c8bcac7ff2eda0365aa245dfe321fd4613b", "tokens": 131101, "tokens_sha256": "861ef26a6d151afca1053cb702d3d74a8e4ef1beae1928ecd65b6e1995a7cb99", "deterministic": true, "encode_s": 0.004773364, "errors": [], "reps": [{"phase": "warmup", "order_index": 26, "time_s": 0.000945627, "encode_s": 0.004773364, "total_s": 0.0057189910000000005}, {"phase": "measured", "order_index": 28, "time_s": 0.000855042, "encode_s": 0.00399004, "total_s": 0.0048450820000000006}, {"phase": "measured", "order_index": 30, "time_s": 0.00086051, "encode_s": 0.003993916, "total_s": 0.004854426}, {"phase": "measured", "order_index": 32, "time_s": 0.000853749, "encode_s": 0.004022017, "total_s": 0.004875766}, {"phase": "measured", "order_index": 34, "time_s": 0.000865146, "encode_s": 0.003977842, "total_s": 0.0048429879999999995}, {"phase": "measured", "order_index": 36, "time_s": 0.000852879, "encode_s": 0.003981086, "total_s": 0.004833965}, {"phase": "measured", "order_index": 38, "time_s": 0.000849924, "encode_s": 0.003997661, "total_s": 0.004847585}, {"phase": "measured", "order_index": 40, "time_s": 0.000858237, "encode_s": 0.003983069, "total_s": 0.004841306}, {"phase": "measured", "order_index": 42, "time_s": 0.000854541, "encode_s": 0.004001938, "total_s": 0.004856479}, {"phase": "measured", "order_index": 44, "time_s": 0.000853048, "encode_s": 0.00400306, "total_s": 0.0048561080000000005}, {"phase": "measured", "order_index": 46, "time_s": 0.000853649, "encode_s": 0.00396293, "total_s": 0.004816579}, {"phase": "measured", "order_index": 48, "time_s": 0.000851306, "encode_s": 0.004006345, "total_s": 0.004857650999999999}]}}}
mask-k	Run selected fresh official gate	2026-10-07T23:42:45.4764156Z SYNTHETIC_RAW 1 r9-block-scalar {"kind": "file", "corpus": "synthetic-transfer", "file": "short-log.txt", "raw_bytes": 32505, "sha256": "23ef9a1b24b2cfcd1c73f1ff1a71ab017cbcf921409f96f8839c74819d3c0b82", "methods": {"incumbent": {"external": false, "output_bytes": 4871, "output_sha256": "b801c58b86a433392a15971de32130be788d25cd6f3a91a1abda0f0a909dac25", "tokens": 3017, "tokens_sha256": "fcd4ea723eb6d0e399dc5c1cf6825e8d767f6fc45a05600bb177054b19e7eaec", "deterministic": true, "encode_s": 0.000230666, "errors": [], "reps": [{"phase": "warmup", "order_index": 49, "time_s": 0.00090749, "encode_s": 0.000230666, "total_s": 0.001138156}, {"phase": "measured", "order_index": 51, "time_s": 0.000891557, "encode_s": 0.000220791, "total_s": 0.001112348}, {"phase": "measured", "order_index": 53, "time_s": 0.00087435, "encode_s": 0.000220281, "total_s": 0.001094631}, {"phase": "measured", "order_index": 55, "time_s": 0.00088069, "encode_s": 0.00021973, "total_s": 0.00110042}, {"phase": "measured", "order_index": 57, "time_s": 0.000878937, "encode_s": 0.000212328, "total_s": 0.001091265}, {"phase": "measured", "order_index": 59, "time_s": 0.000879388, "encode_s": 0.000215283, "total_s": 0.001094671}, {"phase": "measured", "order_index": 61, "time_s": 0.000872948, "encode_s": 0.000222364, "total_s": 0.001095312}, {"phase": "measured", "order_index": 63, "time_s": 0.000881311, "encode_s": 0.00021405, "total_s": 0.001095361}, {"phase": "measured", "order_index": 65, "time_s": 0.000884816, "encode_s": 0.000215232, "total_s": 0.001100048}, {"phase": "measured", "order_index": 67, "time_s": 0.0008742, "encode_s": 0.000221582, "total_s": 0.001095782}, {"phase": "measured", "order_index": 69, "time_s": 0.000883805, "encode_s": 0.000215403, "total_s": 0.001099208}, {"phase": "measured", "order_index": 71, "time_s": 0.000882523, "encode_s": 0.000214221, "total_s": 0.001096744}]}, "r9-block-scalar": {"external": false, "output_bytes": 4831, "output_sha256": "48750da245a1f2618b8b50b9094f8fcebd04139c65980d9570606a52faa1df7b", "tokens": 3334, "tokens_sha256": "3c42c3585718f93e7e25668ccfb50bb95cb3087d06bb570c836283c1fa2fc1f5", "deterministic": true, "encode_s": 0.000221301, "errors": [], "reps": [{"phase": "warmup", "order_index": 50, "time_s": 0.000371998, "encode_s": 0.000221301, "total_s": 0.000593299}, {"phase": "measured", "order_index": 52, "time_s": 0.000364066, "encode_s": 0.000218387, "total_s": 0.000582453}, {"phase": "measured", "order_index": 54, "time_s": 0.000350115, "encode_s": 0.00021329, "total_s": 0.000563405}, {"phase": "measured", "order_index": 56, "time_s": 0.000348563, "encode_s": 0.000212158, "total_s": 0.0005607209999999999}, {"phase": "measured", "order_index": 58, "time_s": 0.000354872, "encode_s": 0.000217156, "total_s": 0.000572028}, {"phase": "measured", "order_index": 60, "time_s": 0.000351858, "encode_s": 0.000215392, "total_s": 0.0005672499999999999}, {"phase": "measured", "order_index": 62, "time_s": 0.000348702, "encode_s": 0.000214552, "total_s": 0.000563254}, {"phase": "measured", "order_index": 64, "time_s": 0.000355703, "encode_s": 0.000215213, "total_s": 0.000570916}, {"phase": "measured", "order_index": 66, "time_s": 0.000348412, "encode_s": 0.000221662, "total_s": 0.000570074}, {"phase": "measured", "order_index": 68, "time_s": 0.000348443, "encode_s": 0.000215352, "total_s": 0.000563795}, {"phase": "measured", "order_index": 70, "time_s": 0.000361542, "encode_s": 0.000212178, "total_s": 0.00057372}, {"phase": "measured", "order_index": 72, "time_s": 0.000349214, "encode_s": 0.000222253, "total_s": 0.000571467}]}}}
mask-k	Run selected fresh official gate	2026-10-07T23:42:45.4790953Z SYNTHETIC_RAW 1 r9-block-scalar {"kind": "file", "corpus": "synthetic-transfer", "file": "source-like.txt", "raw_bytes": 220484, "sha256": "326efe91d7d1e5a11bee87388ef45c7551b1b541f17a1749d7cd5cd53c25ab66", "methods": {"incumbent": {"external": false, "output_bytes": 16650, "output_sha256": "a459035fe1f2d45221381fefc1bad509a69c3effb5a67ee57a00384072a446f5", "tokens": 7890, "tokens_sha256": "cf67564e32e855eac2759e9b433da56b133fd538e426d3f122c000aa5d009805", "deterministic": true, "encode_s": 0.0002941, "errors": [], "reps": [{"phase": "warmup", "order_index": 73, "time_s": 0.003772994, "encode_s": 0.0002941, "total_s": 0.004067094}, {"phase": "measured", "order_index": 75, "time_s": 0.0037435, "encode_s": 0.000284456, "total_s": 0.004027956}, {"phase": "measured", "order_index": 77, "time_s": 0.003719625, "encode_s": 0.000281562, "total_s": 0.004001187}, {"phase": "measured", "order_index": 79, "time_s": 0.003721597, "encode_s": 0.000276774, "total_s": 0.003998371}, {"phase": "measured", "order_index": 81, "time_s": 0.003727096, "encode_s": 0.000276133, "total_s": 0.0040032290000000005}, {"phase": "measured", "order_index": 83, "time_s": 0.003717312, "encode_s": 0.00027361, "total_s": 0.003990922}, {"phase": "measured", "order_index": 85, "time_s": 0.003723821, "encode_s": 0.000273791, "total_s": 0.003997612}, {"phase": "measured", "order_index": 87, "time_s": 0.003732073, "encode_s": 0.00027352, "total_s": 0.004005593}, {"phase": "measured", "order_index": 89, "time_s": 0.003720496, "encode_s": 0.000274011, "total_s": 0.003994507}, {"phase": "measured", "order_index": 91, "time_s": 0.00373599, "encode_s": 0.000271787, "total_s": 0.004007777}, {"phase": "measured", "order_index": 93, "time_s": 0.003728628, "encode_s": 0.000273189, "total_s": 0.0040018169999999995}, {"phase": "measured", "order_index": 95, "time_s": 0.003729249, "encode_s": 0.000275774, "total_s": 0.004005023}]}, "r9-block-scalar": {"external": false, "output_bytes": 18093, "output_sha256": "38b003ff6fbe88e86ad3d284406ce2022182fcb3a12022e55a3e9a7ff1c99ebd", "tokens": 9194, "tokens_sha256": "226809ab803247b8643baff94f7871853d99771786d05bf020661682180c3144", "deterministic": true, "encode_s": 0.000302483, "errors": [], "reps": [{"phase": "warmup", "order_index": 74, "time_s": 0.001599097, "encode_s": 0.000302483, "total_s": 0.00190158}, {"phase": "measured", "order_index": 76, "time_s": 0.001584846, "encode_s": 0.000293209, "total_s": 0.001878055}, {"phase": "measured", "order_index": 78, "time_s": 0.001592947, "encode_s": 0.000294732, "total_s": 0.001887679}, {"phase": "measured", "order_index": 80, "time_s": 0.001582862, "encode_s": 0.000290806, "total_s": 0.001873668}, {"phase": "measured", "order_index": 82, "time_s": 0.001578125, "encode_s": 0.000289284, "total_s": 0.001867409}, {"phase": "measured", "order_index": 84, "time_s": 0.001588882, "encode_s": 0.000289253, "total_s": 0.001878135}, {"phase": "measured", "order_index": 86, "time_s": 0.00159451, "encode_s": 0.000286189, "total_s": 0.001880699}, {"phase": "measured", "order_index": 88, "time_s": 0.001583614, "encode_s": 0.000290325, "total_s": 0.0018739389999999998}, {"phase": "measured", "order_index": 90, "time_s": 0.001578416, "encode_s": 0.000288593, "total_s": 0.001867009}, {"phase": "measured", "order_index": 92, "time_s": 0.001576413, "encode_s": 0.00028684, "total_s": 0.001863253}, {"phase": "measured", "order_index": 94, "time_s": 0.001577745, "encode_s": 0.000288722, "total_s": 0.001866467}, {"phase": "measured", "order_index": 96, "time_s": 0.001575472, "encode_s": 0.000290705, "total_s": 0.0018661770000000001}]}}}
mask-k	Run selected fresh official gate	2026-10-07T23:42:45.4830731Z SYNTHETIC_RAW 1 r9-block-scalar {"kind": "file", "corpus": "synthetic-transfer", "file": "sparse.bin", "raw_bytes": 53803, "sha256": "c51b774d8aadb5b636c1463ff5a9df4fe6c326330101df1daf2e4745b07678d3", "methods": {"incumbent": {"external": false, "output_bytes": 1798, "output_sha256": "64a1ff1bc414863ad88544207256d2d9a5ba187a3a5dc2ad6425dd07405c2e2c", "tokens": 1263, "tokens_sha256": "fae120ea72c3aae525d182eab79475dc599c31ea79ce1f32050a110b01939d24", "deterministic": true, "encode_s": 0.000463895, "errors": [], "reps": [{"phase": "warmup", "order_index": 97, "time_s": 0.001016264, "encode_s": 0.000463895, "total_s": 0.001480159}, {"phase": "measured", "order_index": 99, "time_s": 0.000975522, "encode_s": 0.00045374, "total_s": 0.0014292620000000002}, {"phase": "measured", "order_index": 101, "time_s": 0.000968982, "encode_s": 0.000447421, "total_s": 0.0014164029999999999}, {"phase": "measured", "order_index": 103, "time_s": 0.000964445, "encode_s": 0.000439919, "total_s": 0.001404364}, {"phase": "measured", "order_index": 105, "time_s": 0.000970374, "encode_s": 0.000434972, "total_s": 0.001405346}, {"phase": "measured", "order_index": 107, "time_s": 0.00096761, "encode_s": 0.000439198, "total_s": 0.001406808}, {"phase": "measured", "order_index": 109, "time_s": 0.000969012, "encode_s": 0.000436534, "total_s": 0.001405546}, {"phase": "measured", "order_index": 111, "time_s": 0.000971076, "encode_s": 0.000435242, "total_s": 0.001406318}, {"phase": "measured", "order_index": 113, "time_s": 0.000968291, "encode_s": 0.000436174, "total_s": 0.0014044650000000001}, {"phase": "measured", "order_index": 115, "time_s": 0.000966519, "encode_s": 0.000436374, "total_s": 0.0014028930000000001}, {"phase": "measured", "order_index": 117, "time_s": 0.000968291, "encode_s": 0.000444967, "total_s": 0.0014132580000000001}, {"phase": "measured", "order_index": 119, "time_s": 0.000966939, "encode_s": 0.000445117, "total_s": 0.001412056}]}, "r9-block-scalar": {"external": false, "output_bytes": 1402, "output_sha256": "5f6877d70a973d7df0155d800ecf1afae66e208fbb206d2b36f4de0e16d0ff27", "tokens": 1337, "tokens_sha256": "55997107e53f53722b29f5e7c0ded399b994cccea673fd0f1f22abdcb1ff8048", "deterministic": true, "encode_s": 0.000429033, "errors": [], "reps": [{"phase": "warmup", "order_index": 98, "time_s": 0.000237175, "encode_s": 0.000429033, "total_s": 0.000666208}, {"phase": "measured", "order_index": 100, "time_s": 0.000235412, "encode_s": 0.000425438, "total_s": 0.0006608499999999999}, {"phase": "measured", "order_index": 102, "time_s": 0.000233099, "encode_s": 0.000425568, "total_s": 0.0006586669999999999}, {"phase": "measured", "order_index": 104, "time_s": 0.000234492, "encode_s": 0.000434842, "total_s": 0.0006693339999999999}, {"phase": "measured", "order_index": 106, "time_s": 0.000236544, "encode_s": 0.000426189, "total_s": 0.000662733}, {"phase": "measured", "order_index": 108, "time_s": 0.000232979, "encode_s": 0.00042688, "total_s": 0.0006598589999999999}, {"phase": "measured", "order_index": 110, "time_s": 0.0002336, "encode_s": 0.00042707, "total_s": 0.00066067}, {"phase": "measured", "order_index": 112, "time_s": 0.000244977, "encode_s": 0.000423425, "total_s": 0.000668402}, {"phase": "measured", "order_index": 114, "time_s": 0.000242804, "encode_s": 0.000420731, "total_s": 0.000663535}, {"phase": "measured", "order_index": 116, "time_s": 0.000242634, "encode_s": 0.000419969, "total_s": 0.000662603}, {"phase": "measured", "order_index": 118, "time_s": 0.000234051, "encode_s": 0.000426669, "total_s": 0.0006607200000000001}, {"phase": "measured", "order_index": 120, "time_s": 0.00023357, "encode_s": 0.000423705, "total_s": 0.000657275}]}}}
mask-k	Run selected fresh official gate	2026-10-07T23:42:45.4847829Z SYNTHETIC_RAW 1 r9-block-scalar {"kind": "file", "corpus": "synthetic-transfer", "file": "table.csv", "raw_bytes": 193765, "sha256": "e773c09c5e5d585dc64330f220ca47963de24c1be3297a8161e89fca34b98a85", "methods": {"incumbent": {"external": false, "output_bytes": 65436, "output_sha256": "dcb53081688a36dad21b849906f65e985a744ef8864e9324768f44dbb485a3fc", "tokens": 39085, "tokens_sha256": "93d50fc8a84ae35d4a248c3fc06f3632d2da32348cd6896ad6f9f43ea9515f65", "deterministic": true, "encode_s": 0.001410574, "errors": [], "reps": [{"phase": "warmup", "order_index": 121, "time_s": 0.010720587, "encode_s": 0.001410574, "total_s": 0.012131161}, {"phase": "measured", "order_index": 123, "time_s": 0.010664052, "encode_s": 0.001416824, "total_s": 0.012080876}, {"phase": "measured", "order_index": 125, "time_s": 0.010643412, "encode_s": 0.001388361, "total_s": 0.012031772999999999}, {"phase": "measured", "order_index": 127, "time_s": 0.010646226, "encode_s": 0.001398877, "total_s": 0.012045103}, {"phase": "measured", "order_index": 129, "time_s": 0.010633517, "encode_s": 0.001388791, "total_s": 0.012022308}, {"phase": "measured", "order_index": 131, "time_s": 0.010635019, "encode_s": 0.001397304, "total_s": 0.012032323000000001}, {"phase": "measured", "order_index": 133, "time_s": 0.010610933, "encode_s": 0.001406478, "total_s": 0.012017410999999999}, {"phase": "measured", "order_index": 135, "time_s": 0.010673556, "encode_s": 0.001404104, "total_s": 0.01207766}, {"phase": "measured", "order_index": 137, "time_s": 0.010638414, "encode_s": 0.001401661, "total_s": 0.012040075}, {"phase": "measured", "order_index": 139, "time_s": 0.010651684, "encode_s": 0.001410034, "total_s": 0.012061717999999999}, {"phase": "measured", "order_index": 141, "time_s": 0.010673266, "encode_s": 0.00140768, "total_s": 0.012080946}, {"phase": "measured", "order_index": 143, "time_s": 0.010628068, "encode_s": 0.001398056, "total_s": 0.012026124}]}, "r9-block-scalar": {"external": false, "output_bytes": 57850, "output_sha256": "5970fdf032fa2826ec474d5dd7700c4a9e6ec344c1c5e4db897dc241b6f4d951", "tokens": 65949, "tokens_sha256": "f6ddafd22bb506fa18b7468bdadb3ea9b57c9536dc8965c161c0e5f3df2c6ff8", "deterministic": true, "encode_s": 0.001418937, "errors": [], "reps": [{"phase": "warmup", "order_index": 122, "time_s": 0.011410481, "encode_s": 0.001418937, "total_s": 0.012829418}, {"phase": "measured", "order_index": 124, "time_s": 0.010805605, "encode_s": 0.001404014, "total_s": 0.012209619}, {"phase": "measured", "order_index": 126, "time_s": 0.010561178, "encode_s": 0.001393328, "total_s": 0.011954506}, {"phase": "measured", "order_index": 128, "time_s": 0.010526887, "encode_s": 0.001398706, "total_s": 0.011925593}, {"phase": "measured", "order_index": 130, "time_s": 0.010485004, "encode_s": 0.001393228, "total_s": 0.011878231999999999}, {"phase": "measured", "order_index": 132, "time_s": 0.010649621, "encode_s": 0.001410384, "total_s": 0.012060005}, {"phase": "measured", "order_index": 134, "time_s": 0.010547979, "encode_s": 0.001471726, "total_s": 0.012019705}, {"phase": "measured", "order_index": 136, "time_s": 0.010560778, "encode_s": 0.00138813, "total_s": 0.011948908}, {"phase": "measured", "order_index": 138, "time_s": 0.010577864, "encode_s": 0.001407379, "total_s": 0.011985243}, {"phase": "measured", "order_index": 140, "time_s": 0.010595309, "encode_s": 0.001390424, "total_s": 0.011985733}, {"phase": "measured", "order_index": 142, "time_s": 0.010580237, "encode_s": 0.001391295, "total_s": 0.011971532}, {"phase": "measured", "order_index": 144, "time_s": 0.010486937, "encode_s": 0.001417995, "total_s": 0.011904932}]}}}
mask-k	Run selected fresh official gate	2026-10-07T23:42:45.4863889Z SYNTHETIC_RAW 1 r9-block-scalar {"kind": "file", "corpus": "synthetic-transfer", "file": "tiny-structured.txt", "raw_bytes": 15588, "sha256": "2b4701704019445efcca8272c668d8015913d54616281baf813d477623dfcdd3", "methods": {"incumbent": {"external": false, "output_bytes": 1492, "output_sha256": "f35f34fe896e5ec7c7a15e89fe5bd6eb74d866642044e5d5df10ea85bcdc674f", "tokens": 1083, "tokens_sha256": "0fa05be94e7e54cd3cede626db4ec06f61e270d22e2f35d810b14ec5a00d6dde", "deterministic": true, "encode_s": 0.00015318, "errors": [], "reps": [{"phase": "warmup", "order_index": 145, "time_s": 0.000229995, "encode_s": 0.00015318, "total_s": 0.00038317500000000003}, {"phase": "measured", "order_index": 147, "time_s": 0.000216995, "encode_s": 0.00014677, "total_s": 0.000363765}, {"phase": "measured", "order_index": 149, "time_s": 0.000215953, "encode_s": 0.000145838, "total_s": 0.000361791}, {"phase": "measured", "order_index": 151, "time_s": 0.000216133, "encode_s": 0.00014064, "total_s": 0.000356773}, {"phase": "measured", "order_index": 153, "time_s": 0.000216255, "encode_s": 0.000138848, "total_s": 0.000355103}, {"phase": "measured", "order_index": 155, "time_s": 0.000207621, "encode_s": 0.000141983, "total_s": 0.000349604}, {"phase": "measured", "order_index": 157, "time_s": 0.000215033, "encode_s": 0.000138517, "total_s": 0.00035355}, {"phase": "measured", "order_index": 159, "time_s": 0.000203946, "encode_s": 0.000145958, "total_s": 0.00034990399999999995}, {"phase": "measured", "order_index": 161, "time_s": 0.000204296, "encode_s": 0.000174542, "total_s": 0.000378838}, {"phase": "measured", "order_index": 163, "time_s": 0.000204536, "encode_s": 0.00013972, "total_s": 0.00034425600000000003}, {"phase": "measured", "order_index": 165, "time_s": 0.000214021, "encode_s": 0.000138287, "total_s": 0.000352308}, {"phase": "measured", "order_index": 167, "time_s": 0.000210285, "encode_s": 0.000139188, "total_s": 0.000349473}]}, "r9-block-scalar": {"external": false, "output_bytes": 1318, "output_sha256": "f23d7bb1ee17a9f8aac0aeae5cbde95ded30cb302220c9f17fc3320ce87e296e", "tokens": 1226, "tokens_sha256": "7bdca15b6f33c653076cfd1ae40f2221169e10ec6cd0c1c85c9ef49978f2fb43", "deterministic": true, "encode_s": 0.000134131, "errors": [], "reps": [{"phase": "warmup", "order_index": 146, "time_s": 0.000376034, "encode_s": 0.000134131, "total_s": 0.000510165}, {"phase": "measured", "order_index": 148, "time_s": 0.000373149, "encode_s": 0.000130606, "total_s": 0.0005037549999999999}, {"phase": "measured", "order_index": 150, "time_s": 0.000377997, "encode_s": 0.000131968, "total_s": 0.000509965}, {"phase": "measured", "order_index": 152, "time_s": 0.000363745, "encode_s": 0.000129413, "total_s": 0.000493158}, {"phase": "measured", "order_index": 154, "time_s": 0.000353781, "encode_s": 0.00014034, "total_s": 0.000494121}, {"phase": "measured", "order_index": 156, "time_s": 0.000357236, "encode_s": 0.000128612, "total_s": 0.000485848}, {"phase": "measured", "order_index": 158, "time_s": 0.000354471, "encode_s": 0.000128112, "total_s": 0.00048258299999999997}, {"phase": "measured", "order_index": 160, "time_s": 0.000393129, "encode_s": 0.000130686, "total_s": 0.000523815}, {"phase": "measured", "order_index": 162, "time_s": 0.000357836, "encode_s": 0.000129515, "total_s": 0.000487351}, {"phase": "measured", "order_index": 164, "time_s": 0.000363665, "encode_s": 0.00012683, "total_s": 0.000490495}, {"phase": "measured", "order_index": 166, "time_s": 0.000375343, "encode_s": 0.000129043, "total_s": 0.000504386}, {"phase": "measured", "order_index": 168, "time_s": 0.000357816, "encode_s": 0.000134672, "total_s": 0.000492488}]}}}
mask-k	Run selected fresh official gate	2026-10-07T23:42:45.4880028Z SYNTHETIC_RAW 1 r9-block-scalar {"kind": "file", "corpus": "synthetic-transfer", "file": "window-boundary.bin", "raw_bytes": 73735, "sha256": "3d5e223fd8ced74430c5b87ebbbe4ff9c9782c6902f9b137538dddc79f087dcc", "methods": {"incumbent": {"external": false, "output_bytes": 73933, "output_sha256": "5e456557d23dbd5249a36f224b7449a9d53075a00273d27d8ee8f397eeafb978", "tokens": 73559, "tokens_sha256": "35dd083034d7d329eefea50f23c8b2117879da70eb37280242ffd804c83eaf3b", "deterministic": true, "encode_s": 0.002602941, "errors": [], "reps": [{"phase": "warmup", "order_index": 169, "time_s": 0.000902132, "encode_s": 0.002602941, "total_s": 0.003505073}, {"phase": "measured", "order_index": 171, "time_s": 0.000894251, "encode_s": 0.002571864, "total_s": 0.003466115}, {"phase": "measured", "order_index": 173, "time_s": 0.000909303, "encode_s": 0.002568369, "total_s": 0.0034776720000000002}, {"phase": "measured", "order_index": 175, "time_s": 0.000895603, "encode_s": 0.002591093, "total_s": 0.003486696}, {"phase": "measured", "order_index": 177, "time_s": 0.000905738, "encode_s": 0.002565965, "total_s": 0.003471703}, {"phase": "measured", "order_index": 179, "time_s": 0.000897055, "encode_s": 0.002590843, "total_s": 0.0034878979999999997}, {"phase": "measured", "order_index": 181, "time_s": 0.000897825, "encode_s": 0.002590973, "total_s": 0.003488798}, {"phase": "measured", "order_index": 183, "time_s": 0.000909693, "encode_s": 0.002587889, "total_s": 0.003497582}, {"phase": "measured", "order_index": 185, "time_s": 0.000909252, "encode_s": 0.002569882, "total_s": 0.003479134}, {"phase": "measured", "order_index": 187, "time_s": 0.000905527, "encode_s": 0.002608149, "total_s": 0.0035136760000000003}, {"phase": "measured", "order_index": 189, "time_s": 0.000904946, "encode_s": 0.002580768, "total_s": 0.003485714}, {"phase": "measured", "order_index": 191, "time_s": 0.000905998, "encode_s": 0.002578384, "total_s": 0.003484382}]}, "r9-block-scalar": {"external": false, "output_bytes": 73760, "output_sha256": "7fc0f619879f4fb08483c528b61a18725bafcbfbce8f257146ac4741ba95851b", "tokens": 73735, "tokens_sha256": "8a3f0d4d337189d036871ced04356a9ba83426a905ea1c72d81f57b9d8549140", "deterministic": true, "encode_s": 0.002434609, "errors": [], "reps": [{"phase": "warmup", "order_index": 170, "time_s": 0.000476574, "encode_s": 0.002434609, "total_s": 0.002911183}, {"phase": "measured", "order_index": 172, "time_s": 0.000481883, "encode_s": 0.002433116, "total_s": 0.0029149989999999997}, {"phase": "measured", "order_index": 174, "time_s": 0.000510125, "encode_s": 0.002437443, "total_s": 0.0029475680000000002}, {"phase": "measured", "order_index": 176, "time_s": 0.000476985, "encode_s": 0.002433457, "total_s": 0.002910442}, {"phase": "measured", "order_index": 178, "time_s": 0.000505517, "encode_s": 0.002411965, "total_s": 0.002917482}, {"phase": "measured", "order_index": 180, "time_s": 0.00048741, "encode_s": 0.002432356, "total_s": 0.0029197660000000003}, {"phase": "measured", "order_index": 182, "time_s": 0.000485308, "encode_s": 0.002438865, "total_s": 0.002924173}, {"phase": "measured", "order_index": 184, "time_s": 0.000485217, "encode_s": 0.002442, "total_s": 0.002927217}, {"phase": "measured", "order_index": 186, "time_s": 0.000476033, "encode_s": 0.002476472, "total_s": 0.002952505}, {"phase": "measured", "order_index": 188, "time_s": 0.00047364, "encode_s": 0.002445475, "total_s": 0.002919115}, {"phase": "measured", "order_index": 190, "time_s": 0.00047328, "encode_s": 0.002444944, "total_s": 0.002918224}, {"phase": "measured", "order_index": 192, "time_s": 0.000477456, "encode_s": 0.002431514, "total_s": 0.0029089700000000003}]}}}
mask-k	Run selected fresh official gate	2026-10-07T23:42:45.5363905Z ^[[32m2026-10-07 23:42:45.535^[[0m | ^[[34m^[[1mDEBUG   ^[[0m | ^[[36msandbox.bwrap^[[0m:^[[36mrun^[[0m:^[[36m110^[[0m - ^[[34m^[[1m[bwrap] rustc exit=0 in 0.0s^[[0m
mask-k	Run selected fresh official gate	2026-10-07T23:42:47.3838780Z ^[[32m2026-10-07 23:42:47.382^[[0m | ^[[34m^[[1mDEBUG   ^[[0m | ^[[36msandbox.bwrap^[[0m:^[[36mrun^[[0m:^[[36m110^[[0m - ^[[34m^[[1m[bwrap] cargo exit=0 in 1.8s^[[0m
mask-k	Run selected fresh official gate	2026-10-07T23:42:47.3848207Z ^[[32m2026-10-07 23:42:47.383^[[0m | ^[[34m^[[1mDEBUG   ^[[0m | ^[[36mbench.driver^[[0m:^[[36m_build^[[0m:^[[36m295^[[0m - ^[[34m^[[1m[bench] built incumbent in 1.8s exit=0^[[0m
mask-k	Run selected fresh official gate	2026-10-07T23:42:51.3057865Z ^[[32m2026-10-07 23:42:51.304^[[0m | ^[[34m^[[1mDEBUG   ^[[0m | ^[[36msandbox.bwrap^[[0m:^[[36mrun^[[0m:^[[36m110^[[0m - ^[[34m^[[1m[bwrap] cargo exit=0 in 3.9s^[[0m
mask-k	Run selected fresh official gate	2026-10-07T23:42:51.3060503Z ^[[32m2026-10-07 23:42:51.305^[[0m | ^[[34m^[[1mDEBUG   ^[[0m | ^[[36mbench.driver^[[0m:^[[36m_build^[[0m:^[[36m295^[[0m - ^[[34m^[[1m[bench] built r10-record-nonempty in 3.9s exit=0^[[0m
mask-k	Run selected fresh official gate	2026-10-07T23:42:52.0882002Z ^[[32m2026-10-07 23:42:52.087^[[0m | ^[[34m^[[1mDEBUG   ^[[0m | ^[[36msandbox.bwrap^[[0m:^[[36mrun^[[0m:^[[36m110^[[0m - ^[[34m^[[1m[bwrap] measure exit=0 in 0.8s^[[0m
mask-k	Run selected fresh official gate	2026-10-07T23:42:52.0883797Z ^[[32m2026-10-07 23:42:52.087^[[0m | ^[[34m^[[1mDEBUG   ^[[0m | ^[[36mbench.driver^[[0m:^[[36m_measure^[[0m:^[[36m333^[[0m - ^[[34m^[[1m[bench] measured r10-record-nonempty in 0.8s exit=0^[[0m
mask-k	Run selected fresh official gate	2026-10-07T23:42:52.0927639Z SYNTHETIC_MEASUREMENT {"candidate": "r10-record-nonempty", "round": 1, "time": 0.9952403510567364, "size_pct": 33.56950550785449}
mask-k	Run selected fresh official gate	2026-10-07T23:42:52.0934978Z SYNTHETIC_RAW 1 r10-record-nonempty {"kind": "meta", "schema_version": 4, "started_at_unix": 1791416571.319608, "corpus": "synthetic-transfer", "corpus_dir": "/home/runner/work/_temp/round4-receipts/synthetic-transfer", "os": "linux", "arch": "x86_64", "rustc_version": "rustc 1.100.0-nightly (8fa1c96cf 2026-08-17)", "cpu_model": "AMD EPYC 9V74 80-Core Processor", "cpu_governor": null, "warmup_rounds": 1, "measured_rounds": 11, "speed_floor": null, "methods": {"incumbent": {"external": false, "crate_dir": "/home/runner/work/_temp/deflate-upstream/data/bench-workspace/20261007T234245Z-6a548241-12qncwfp/incumbent", "source_sha256": "b9e0d844baf5958cf0c1c66bfb9fd1f89663fa30f21a99c3c116b3dd2e771361", "lib_sha256": "141f58ceb5d68fdd9fef84fc9da46540dfd34174de8533d923ef187ae09ec57b"}, "r10-record-nonempty": {"external": false, "crate_dir": "/home/runner/work/_temp/deflate-upstream/data/bench-workspace/20261007T234245Z-6a548241-12qncwfp/r10-record-nonempty", "source_sha256": "7f1c661fd1ce29d12c69671f034ff5a713e284ed1fcba66ba404ff25479b55b7", "lib_sha256": "d3f49ef38075e252119b02c5999dff95ba3e44be13959c9635d1bea0224aed3f"}}, "benchmark_provenance": {"version": 1, "engine_sha256": "ab202460691492f48d5c632375f5df2a74fc3769a81337e876607e9326a46fac", "template_sha256": "584b01793667c5257da4e76da919fbb3bb73c72fa434866622fe3905884d33f0", "host_sha256": "2b32344a74bca6b42edebf4f499412873c9bc3de9561a681587513913177b357", "cpus": "0", "process_affinity": [0, 1], "memory_mb": 2048, "sandbox": true, "build_profile": "release", "external_references": false}}
mask-k	Run selected fresh official gate	2026-10-07T23:42:52.0958133Z SYNTHETIC_RAW 1 r10-record-nonempty {"kind": "file", "corpus": "synthetic-transfer", "file": "multilingual.txt", "raw_bytes": 163270, "sha256": "bdd257c8c2afbd9c418ec8954e0ca3f2cedbfa5a622e9b2d5255f35647f1aecc", "methods": {"incumbent": {"external": false, "output_bytes": 9206, "output_sha256": "dd1312ec4702740b4331fb5195ee7cf1f8f1e4ebb52c5bad2ee9ac46eb142e05", "tokens": 4618, "tokens_sha256": "a6e0f107a4d317d16a1a0fe1f14d8a05d25385b4de7fa5b1409ef0de972f3b25", "deterministic": true, "encode_s": 0.000374631, "errors": [], "reps": [{"phase": "warmup", "order_index": 1, "time_s": 0.002040048, "encode_s": 0.000374631, "total_s": 0.002414679}, {"phase": "measured", "order_index": 3, "time_s": 0.001877985, "encode_s": 0.000302764, "total_s": 0.002180749}, {"phase": "measured", "order_index": 5, "time_s": 0.001873538, "encode_s": 0.000304767, "total_s": 0.0021783049999999997}, {"phase": "measured", "order_index": 7, "time_s": 0.001873708, "encode_s": 0.000322353, "total_s": 0.002196061}, {"phase": "measured", "order_index": 9, "time_s": 0.00186776, "encode_s": 0.00030067, "total_s": 0.00216843}, {"phase": "measured", "order_index": 11, "time_s": 0.001861339, "encode_s": 0.000302013, "total_s": 0.002163352}, {"phase": "measured", "order_index": 13, "time_s": 0.001865155, "encode_s": 0.000309504, "total_s": 0.0021746590000000002}, {"phase": "measured", "order_index": 15, "time_s": 0.001857905, "encode_s": 0.000299899, "total_s": 0.002157804}, {"phase": "measured", "order_index": 17, "time_s": 0.001856322, "encode_s": 0.000297556, "total_s": 0.002153878}, {"phase": "measured", "order_index": 19, "time_s": 0.001896642, "encode_s": 0.000303174, "total_s": 0.0021998160000000003}, {"phase": "measured", "order_index": 21, "time_s": 0.001857724, "encode_s": 0.000309253, "total_s": 0.002166977}, {"phase": "measured", "order_index": 23, "time_s": 0.001876633, "encode_s": 0.000299098, "total_s": 0.0021757309999999998}]}, "r10-record-nonempty": {"external": false, "output_bytes": 7354, "output_sha256": "8446e352761e31d56d827e0a1dfa84bf4bcd8b0bd6e245feb1956f074f5a9d9a", "tokens": 6693, "tokens_sha256": "cdfc886d550cc2480ead138713085c05e1a3d78a051e37a231e4cd6dc873903b", "deterministic": true, "encode_s": 0.000299689, "errors": [], "reps": [{"phase": "warmup", "order_index": 2, "time_s": 0.005822536, "encode_s": 0.000299689, "total_s": 0.006122224999999999}, {"phase": "measured", "order_index": 4, "time_s": 0.005213123, "encode_s": 0.000294762, "total_s": 0.005507885}, {"phase": "measured", "order_index": 6, "time_s": 0.005179012, "encode_s": 0.000270415, "total_s": 0.005449427}, {"phase": "measured", "order_index": 8, "time_s": 0.005196208, "encode_s": 0.000272749, "total_s": 0.005468957}, {"phase": "measured", "order_index": 10, "time_s": 0.005202978, "encode_s": 0.000270615, "total_s": 0.005473593}, {"phase": "measured", "order_index": 12, "time_s": 0.005229618, "encode_s": 0.00028017, "total_s": 0.005509788}, {"phase": "measured", "order_index": 14, "time_s": 0.005191932, "encode_s": 0.000270265, "total_s": 0.005462197}, {"phase": "measured", "order_index": 16, "time_s": 0.005214314, "encode_s": 0.000270014, "total_s": 0.005484328}, {"phase": "measured", "order_index": 18, "time_s": 0.005199913, "encode_s": 0.000276174, "total_s": 0.005476086999999999}, {"phase": "measured", "order_index": 20, "time_s": 0.005201737, "encode_s": 0.000265348, "total_s": 0.005467085}, {"phase": "measured", "order_index": 22, "time_s": 0.005214405, "encode_s": 0.000273, "total_s": 0.005487405}, {"phase": "measured", "order_index": 24, "time_s": 0.005212122, "encode_s": 0.000269674, "total_s": 0.005481796}]}}}
mask-k	Run selected fresh official gate	2026-10-07T23:42:52.0985965Z SYNTHETIC_RAW 1 r10-record-nonempty {"kind": "file", "corpus": "synthetic-transfer", "file": "random.bin", "raw_bytes": 131101, "sha256": "22c862f2c2c5fd5a072e9f74b5a056aacb9025228d040addb56dcd9bec4c09d3", "methods": {"incumbent": {"external": false, "output_bytes": 131445, "output_sha256": "deebb4fe887edb814c65fc8f8d20b733d4a395d0e32399c3c25af9b591d8dc2d", "tokens": 130620, "tokens_sha256": "5330a4dbafd88f2b8356a1db487249115b5a636a9e2bab5cf05094461ba5cbc3", "deterministic": true, "encode_s": 0.005332352, "errors": [], "reps": [{"phase": "warmup", "order_index": 25, "time_s": 0.001901099, "encode_s": 0.005332352, "total_s": 0.007233451}, {"phase": "measured", "order_index": 27, "time_s": 0.001884965, "encode_s": 0.004987676, "total_s": 0.006872641}, {"phase": "measured", "order_index": 29, "time_s": 0.001903413, "encode_s": 0.004976148, "total_s": 0.006879560999999999}, {"phase": "measured", "order_index": 31, "time_s": 0.001910794, "encode_s": 0.004987435, "total_s": 0.0068982290000000005}, {"phase": "measured", "order_index": 33, "time_s": 0.001887849, "encode_s": 0.005020154, "total_s": 0.006908002999999999}, {"phase": "measured", "order_index": 35, "time_s": 0.001898515, "encode_s": 0.005022908, "total_s": 0.006921423}, {"phase": "measured", "order_index": 37, "time_s": 0.001889081, "encode_s": 0.004969978, "total_s": 0.006859059}, {"phase": "measured", "order_index": 39, "time_s": 0.00188098, "encode_s": 0.005187004, "total_s": 0.007067984}, {"phase": "measured", "order_index": 41, "time_s": 0.002089071, "encode_s": 0.005075677, "total_s": 0.007164748}, {"phase": "measured", "order_index": 43, "time_s": 0.001897715, "encode_s": 0.004988837, "total_s": 0.006886552000000001}, {"phase": "measured", "order_index": 45, "time_s": 0.001885345, "encode_s": 0.005021777, "total_s": 0.006907122}, {"phase": "measured", "order_index": 47, "time_s": 0.001917904, "encode_s": 0.005004661, "total_s": 0.0069225649999999994}]}, "r10-record-nonempty": {"external": false, "output_bytes": 131144, "output_sha256": "52b5974219d121f00e342319360c4c8bcac7ff2eda0365aa245dfe321fd4613b", "tokens": 131101, "tokens_sha256": "861ef26a6d151afca1053cb702d3d74a8e4ef1beae1928ecd65b6e1995a7cb99", "deterministic": true, "encode_s": 0.004666554, "errors": [], "reps": [{"phase": "warmup", "order_index": 26, "time_s": 0.000935072, "encode_s": 0.004666554, "total_s": 0.005601626}, {"phase": "measured", "order_index": 28, "time_s": 0.000916934, "encode_s": 0.004660215, "total_s": 0.005577149}, {"phase": "measured", "order_index": 30, "time_s": 0.000928071, "encode_s": 0.00465026, "total_s": 0.005578331}, {"phase": "measured", "order_index": 32, "time_s": 0.00094063, "encode_s": 0.004648256, "total_s": 0.0055888859999999995}, {"phase": "measured", "order_index": 34, "time_s": 0.000920019, "encode_s": 0.004655678, "total_s": 0.005575697}, {"phase": "measured", "order_index": 36, "time_s": 0.000936314, "encode_s": 0.004680114, "total_s": 0.005616428}, {"phase": "measured", "order_index": 38, "time_s": 0.000942813, "encode_s": 0.004672643, "total_s": 0.005615456}, {"phase": "measured", "order_index": 40, "time_s": 0.001172938, "encode_s": 0.004982918, "total_s": 0.006155856}, {"phase": "measured", "order_index": 42, "time_s": 0.000931586, "encode_s": 0.004657651, "total_s": 0.0055892369999999995}, {"phase": "measured", "order_index": 44, "time_s": 0.000930855, "encode_s": 0.004684611, "total_s": 0.0056154659999999995}, {"phase": "measured", "order_index": 46, "time_s": 0.000925567, "encode_s": 0.004643309, "total_s": 0.005568876}, {"phase": "measured", "order_index": 48, "time_s": 0.000928421, "encode_s": 0.004635508, "total_s": 0.0055639290000000004}]}}}
mask-k	Run selected fresh official gate	2026-10-07T23:42:52.1022718Z SYNTHETIC_RAW 1 r10-record-nonempty {"kind": "file", "corpus": "synthetic-transfer", "file": "short-log.txt", "raw_bytes": 32505, "sha256": "23ef9a1b24b2cfcd1c73f1ff1a71ab017cbcf921409f96f8839c74819d3c0b82", "methods": {"incumbent": {"external": false, "output_bytes": 4871, "output_sha256": "b801c58b86a433392a15971de32130be788d25cd6f3a91a1abda0f0a909dac25", "tokens": 3017, "tokens_sha256": "fcd4ea723eb6d0e399dc5c1cf6825e8d767f6fc45a05600bb177054b19e7eaec", "deterministic": true, "encode_s": 0.000228002, "errors": [], "reps": [{"phase": "warmup", "order_index": 49, "time_s": 0.000916213, "encode_s": 0.000228002, "total_s": 0.001144215}, {"phase": "measured", "order_index": 51, "time_s": 0.000869263, "encode_s": 0.00021999, "total_s": 0.001089253}, {"phase": "measured", "order_index": 53, "time_s": 0.000856433, "encode_s": 0.000260801, "total_s": 0.001117234}, {"phase": "measured", "order_index": 55, "time_s": 0.000885286, "encode_s": 0.000220089, "total_s": 0.001105375}, {"phase": "measured", "order_index": 57, "time_s": 0.00090088, "encode_s": 0.000217596, "total_s": 0.001118476}, {"phase": "measured", "order_index": 59, "time_s": 0.000897215, "encode_s": 0.000218828, "total_s": 0.0011160430000000002}, {"phase": "measured", "order_index": 61, "time_s": 0.000893449, "encode_s": 0.000219459, "total_s": 0.0011129080000000001}, {"phase": "measured", "order_index": 63, "time_s": 0.000879839, "encode_s": 0.00021374, "total_s": 0.001093579}, {"phase": "measured", "order_index": 65, "time_s": 0.000892017, "encode_s": 0.000216925, "total_s": 0.0011089420000000001}, {"phase": "measured", "order_index": 67, "time_s": 0.000887701, "encode_s": 0.000223765, "total_s": 0.001111466}, {"phase": "measured", "order_index": 69, "time_s": 0.000888752, "encode_s": 0.000214151, "total_s": 0.0011029030000000001}, {"phase": "measured", "order_index": 71, "time_s": 0.00088079, "encode_s": 0.000212398, "total_s": 0.001093188}]}, "r10-record-nonempty": {"external": false, "output_bytes": 4831, "output_sha256": "48750da245a1f2618b8b50b9094f8fcebd04139c65980d9570606a52faa1df7b", "tokens": 3334, "tokens_sha256": "3c42c3585718f93e7e25668ccfb50bb95cb3087d06bb570c836283c1fa2fc1f5", "deterministic": true, "encode_s": 0.000238477, "errors": [], "reps": [{"phase": "warmup", "order_index": 50, "time_s": 0.000358387, "encode_s": 0.000238477, "total_s": 0.000596864}, {"phase": "measured", "order_index": 52, "time_s": 0.000352268, "encode_s": 0.000218407, "total_s": 0.000570675}, {"phase": "measured", "order_index": 54, "time_s": 0.000348963, "encode_s": 0.000221743, "total_s": 0.000570706}, {"phase": "measured", "order_index": 56, "time_s": 0.000363194, "encode_s": 0.000216434, "total_s": 0.000579628}, {"phase": "measured", "order_index": 58, "time_s": 0.000350035, "encode_s": 0.000231086, "total_s": 0.000581121}, {"phase": "measured", "order_index": 60, "time_s": 0.000348933, "encode_s": 0.000216424, "total_s": 0.0005653570000000001}, {"phase": "measured", "order_index": 62, "time_s": 0.000357857, "encode_s": 0.000215513, "total_s": 0.00057337}, {"phase": "measured", "order_index": 64, "time_s": 0.000356865, "encode_s": 0.000216925, "total_s": 0.00057379}, {"phase": "measured", "order_index": 66, "time_s": 0.000350916, "encode_s": 0.000215884, "total_s": 0.0005668}, {"phase": "measured", "order_index": 68, "time_s": 0.000351437, "encode_s": 0.000214552, "total_s": 0.000565989}, {"phase": "measured", "order_index": 70, "time_s": 0.000358067, "encode_s": 0.000212759, "total_s": 0.000570826}, {"phase": "measured", "order_index": 72, "time_s": 0.00034704, "encode_s": 0.000223465, "total_s": 0.000570505}]}}}
mask-k	Run selected fresh official gate	2026-10-07T23:42:52.1050939Z SYNTHETIC_RAW 1 r10-record-nonempty {"kind": "file", "corpus": "synthetic-transfer", "file": "source-like.txt", "raw_bytes": 220484, "sha256": "326efe91d7d1e5a11bee87388ef45c7551b1b541f17a1749d7cd5cd53c25ab66", "methods": {"incumbent": {"external": false, "output_bytes": 16650, "output_sha256": "a459035fe1f2d45221381fefc1bad509a69c3effb5a67ee57a00384072a446f5", "tokens": 7890, "tokens_sha256": "cf67564e32e855eac2759e9b433da56b133fd538e426d3f122c000aa5d009805", "deterministic": true, "encode_s": 0.000288052, "errors": [], "reps": [{"phase": "warmup", "order_index": 73, "time_s": 0.003692274, "encode_s": 0.000288052, "total_s": 0.003980326}, {"phase": "measured", "order_index": 75, "time_s": 0.003733486, "encode_s": 0.000298096, "total_s": 0.004031582}, {"phase": "measured", "order_index": 77, "time_s": 0.003699174, "encode_s": 0.000292228, "total_s": 0.003991402}, {"phase": "measured", "order_index": 79, "time_s": 0.003705133, "encode_s": 0.000285378, "total_s": 0.003990511}, {"phase": "measured", "order_index": 81, "time_s": 0.003706174, "encode_s": 0.000280771, "total_s": 0.003986945}, {"phase": "measured", "order_index": 83, "time_s": 0.003714086, "encode_s": 0.000276385, "total_s": 0.003990471}, {"phase": "measured", "order_index": 85, "time_s": 0.003708358, "encode_s": 0.000274201, "total_s": 0.003982559}, {"phase": "measured", "order_index": 87, "time_s": 0.003700326, "encode_s": 0.000279699, "total_s": 0.003980025}, {"phase": "measured", "order_index": 89, "time_s": 0.003678583, "encode_s": 0.000290015, "total_s": 0.003968598}, {"phase": "measured", "order_index": 91, "time_s": 0.003634828, "encode_s": 0.000281813, "total_s": 0.003916641}, {"phase": "measured", "order_index": 93, "time_s": 0.003618964, "encode_s": 0.000279669, "total_s": 0.0038986330000000003}, {"phase": "measured", "order_index": 95, "time_s": 0.003654367, "encode_s": 0.000274201, "total_s": 0.003928568}]}, "r10-record-nonempty": {"external": false, "output_bytes": 18093, "output_sha256": "38b003ff6fbe88e86ad3d284406ce2022182fcb3a12022e55a3e9a7ff1c99ebd", "tokens": 9194, "tokens_sha256": "226809ab803247b8643baff94f7871853d99771786d05bf020661682180c3144", "deterministic": true, "encode_s": 0.000297907, "errors": [], "reps": [{"phase": "warmup", "order_index": 74, "time_s": 0.001613899, "encode_s": 0.000297907, "total_s": 0.001911806}, {"phase": "measured", "order_index": 76, "time_s": 0.001622802, "encode_s": 0.000305428, "total_s": 0.00192823}, {"phase": "measured", "order_index": 78, "time_s": 0.001600709, "encode_s": 0.000297886, "total_s": 0.001898595}, {"phase": "measured", "order_index": 80, "time_s": 0.00158822, "encode_s": 0.00029353, "total_s": 0.00188175}, {"phase": "measured", "order_index": 82, "time_s": 0.001589473, "encode_s": 0.000291857, "total_s": 0.00188133}, {"phase": "measured", "order_index": 84, "time_s": 0.001591966, "encode_s": 0.000287541, "total_s": 0.0018795069999999999}, {"phase": "measured", "order_index": 86, "time_s": 0.001586117, "encode_s": 0.000290555, "total_s": 0.001876672}, {"phase": "measured", "order_index": 88, "time_s": 0.001687079, "encode_s": 0.000399068, "total_s": 0.002086147}, {"phase": "measured", "order_index": 90, "time_s": 0.001592567, "encode_s": 0.000316845, "total_s": 0.001909412}, {"phase": "measured", "order_index": 92, "time_s": 0.001582521, "encode_s": 0.000295412, "total_s": 0.001877933}, {"phase": "measured", "order_index": 94, "time_s": 0.00159504, "encode_s": 0.000291617, "total_s": 0.001886657}, {"phase": "measured", "order_index": 96, "time_s": 0.001587439, "encode_s": 0.000288312, "total_s": 0.001875751}]}}}
mask-k	Run selected fresh official gate	2026-10-07T23:42:52.1072089Z SYNTHETIC_RAW 1 r10-record-nonempty {"kind": "file", "corpus": "synthetic-transfer", "file": "sparse.bin", "raw_bytes": 53803, "sha256": "c51b774d8aadb5b636c1463ff5a9df4fe6c326330101df1daf2e4745b07678d3", "methods": {"incumbent": {"external": false, "output_bytes": 1798, "output_sha256": "64a1ff1bc414863ad88544207256d2d9a5ba187a3a5dc2ad6425dd07405c2e2c", "tokens": 1263, "tokens_sha256": "fae120ea72c3aae525d182eab79475dc599c31ea79ce1f32050a110b01939d24", "deterministic": true, "encode_s": 0.000462893, "errors": [], "reps": [{"phase": "warmup", "order_index": 97, "time_s": 0.000988782, "encode_s": 0.000462893, "total_s": 0.001451675}, {"phase": "measured", "order_index": 99, "time_s": 0.000969763, "encode_s": 0.000447481, "total_s": 0.001417244}, {"phase": "measured", "order_index": 101, "time_s": 0.00096748, "encode_s": 0.000449864, "total_s": 0.001417344}, {"phase": "measured", "order_index": 103, "time_s": 0.000969102, "encode_s": 0.000442533, "total_s": 0.001411635}, {"phase": "measured", "order_index": 105, "time_s": 0.000968862, "encode_s": 0.000445137, "total_s": 0.001413999}, {"phase": "measured", "order_index": 107, "time_s": 0.0009671, "encode_s": 0.000452608, "total_s": 0.001419708}, {"phase": "measured", "order_index": 109, "time_s": 0.000966709, "encode_s": 0.000449274, "total_s": 0.001415983}, {"phase": "measured", "order_index": 111, "time_s": 0.000966358, "encode_s": 0.000448292, "total_s": 0.00141465}, {"phase": "measured", "order_index": 113, "time_s": 0.000969954, "encode_s": 0.000450435, "total_s": 0.001420389}, {"phase": "measured", "order_index": 115, "time_s": 0.000968361, "encode_s": 0.000443204, "total_s": 0.001411565}, {"phase": "measured", "order_index": 117, "time_s": 0.000966439, "encode_s": 0.000443385, "total_s": 0.001409824}, {"phase": "measured", "order_index": 119, "time_s": 0.000966068, "encode_s": 0.000440119, "total_s": 0.0014061870000000001}]}, "r10-record-nonempty": {"external": false, "output_bytes": 1402, "output_sha256": "5f6877d70a973d7df0155d800ecf1afae66e208fbb206d2b36f4de0e16d0ff27", "tokens": 1337, "tokens_sha256": "55997107e53f53722b29f5e7c0ded399b994cccea673fd0f1f22abdcb1ff8048", "deterministic": true, "encode_s": 0.000441542, "errors": [], "reps": [{"phase": "warmup", "order_index": 98, "time_s": 0.000249745, "encode_s": 0.000441542, "total_s": 0.0006912870000000001}, {"phase": "measured", "order_index": 100, "time_s": 0.000252048, "encode_s": 0.000450665, "total_s": 0.000702713}, {"phase": "measured", "order_index": 102, "time_s": 0.000247851, "encode_s": 0.000434261, "total_s": 0.000682112}, {"phase": "measured", "order_index": 104, "time_s": 0.00027349, "encode_s": 0.000428472, "total_s": 0.000701962}, {"phase": "measured", "order_index": 106, "time_s": 0.000260941, "encode_s": 0.000428493, "total_s": 0.000689434}, {"phase": "measured", "order_index": 108, "time_s": 0.000251107, "encode_s": 0.000425528, "total_s": 0.000676635}, {"phase": "measured", "order_index": 110, "time_s": 0.000247892, "encode_s": 0.000423725, "total_s": 0.000671617}, {"phase": "measured", "order_index": 112, "time_s": 0.000250626, "encode_s": 0.00042741, "total_s": 0.0006780359999999999}, {"phase": "measured", "order_index": 114, "time_s": 0.000248152, "encode_s": 0.000433509, "total_s": 0.0006816610000000001}, {"phase": "measured", "order_index": 116, "time_s": 0.000246049, "encode_s": 0.000432157, "total_s": 0.000678206}, {"phase": "measured", "order_index": 118, "time_s": 0.000246569, "encode_s": 0.000430876, "total_s": 0.000677445}, {"phase": "measured", "order_index": 120, "time_s": 0.000250536, "encode_s": 0.000426169, "total_s": 0.000676705}]}}}
mask-k	Run selected fresh official gate	2026-10-07T23:42:52.1088065Z SYNTHETIC_RAW 1 r10-record-nonempty {"kind": "file", "corpus": "synthetic-transfer", "file": "table.csv", "raw_bytes": 193765, "sha256": "e773c09c5e5d585dc64330f220ca47963de24c1be3297a8161e89fca34b98a85", "methods": {"incumbent": {"external": false, "output_bytes": 65436, "output_sha256": "dcb53081688a36dad21b849906f65e985a744ef8864e9324768f44dbb485a3fc", "tokens": 39085, "tokens_sha256": "93d50fc8a84ae35d4a248c3fc06f3632d2da32348cd6896ad6f9f43ea9515f65", "deterministic": true, "encode_s": 0.001700579, "errors": [], "reps": [{"phase": "warmup", "order_index": 121, "time_s": 0.010713737, "encode_s": 0.001700579, "total_s": 0.012414316}, {"phase": "measured", "order_index": 123, "time_s": 0.010676571, "encode_s": 0.001399878, "total_s": 0.012076449}, {"phase": "measured", "order_index": 125, "time_s": 0.010628379, "encode_s": 0.001401791, "total_s": 0.01203017}, {"phase": "measured", "order_index": 127, "time_s": 0.010591353, "encode_s": 0.001378396, "total_s": 0.011969749}, {"phase": "measured", "order_index": 129, "time_s": 0.010591554, "encode_s": 0.001380499, "total_s": 0.011972053}, {"phase": "measured", "order_index": 131, "time_s": 0.010654669, "encode_s": 0.001382733, "total_s": 0.012037402}, {"phase": "measured", "order_index": 133, "time_s": 0.010632065, "encode_s": 0.001385257, "total_s": 0.012017322}, {"phase": "measured", "order_index": 135, "time_s": 0.01063573, "encode_s": 0.001377645, "total_s": 0.012013375}, {"phase": "measured", "order_index": 137, "time_s": 0.01053502, "encode_s": 0.00138124, "total_s": 0.011916260000000001}, {"phase": "measured", "order_index": 139, "time_s": 0.010433688, "encode_s": 0.001380599, "total_s": 0.011814287}, {"phase": "measured", "order_index": 141, "time_s": 0.010649671, "encode_s": 0.001380899, "total_s": 0.012030569999999999}, {"phase": "measured", "order_index": 143, "time_s": 0.01060895, "encode_s": 0.001396553, "total_s": 0.012005503}]}, "r10-record-nonempty": {"external": false, "output_bytes": 57850, "output_sha256": "5970fdf032fa2826ec474d5dd7700c4a9e6ec344c1c5e4db897dc241b6f4d951", "tokens": 65949, "tokens_sha256": "f6ddafd22bb506fa18b7468bdadb3ea9b57c9536dc8965c161c0e5f3df2c6ff8", "deterministic": true, "encode_s": 0.001475111, "errors": [], "reps": [{"phase": "warmup", "order_index": 122, "time_s": 0.011571242, "encode_s": 0.001475111, "total_s": 0.013046353}, {"phase": "measured", "order_index": 124, "time_s": 0.01115573, "encode_s": 0.001399778, "total_s": 0.012555508}, {"phase": "measured", "order_index": 126, "time_s": 0.01038845, "encode_s": 0.001406568, "total_s": 0.011795018}, {"phase": "measured", "order_index": 128, "time_s": 0.010437734, "encode_s": 0.001409984, "total_s": 0.011847718}, {"phase": "measured", "order_index": 130, "time_s": 0.010384794, "encode_s": 0.001376033, "total_s": 0.011760827}, {"phase": "measured", "order_index": 132, "time_s": 0.01036861, "encode_s": 0.001393759, "total_s": 0.011762369}, {"phase": "measured", "order_index": 134, "time_s": 0.010349832, "encode_s": 0.001376413, "total_s": 0.011726245}, {"phase": "measured", "order_index": 136, "time_s": 0.010393027, "encode_s": 0.001392387, "total_s": 0.011785414000000001}, {"phase": "measured", "order_index": 138, "time_s": 0.010352366, "encode_s": 0.001376904, "total_s": 0.01172927}, {"phase": "measured", "order_index": 140, "time_s": 0.010376932, "encode_s": 0.001406368, "total_s": 0.0117833}, {"phase": "measured", "order_index": 142, "time_s": 0.010387208, "encode_s": 0.001403934, "total_s": 0.011791142000000001}, {"phase": "measured", "order_index": 144, "time_s": 0.010350824, "encode_s": 0.001384034, "total_s": 0.011734857999999999}]}}}
mask-k	Run selected fresh official gate	2026-10-07T23:42:52.1109581Z SYNTHETIC_RAW 1 r10-record-nonempty {"kind": "file", "corpus": "synthetic-transfer", "file": "tiny-structured.txt", "raw_bytes": 15588, "sha256": "2b4701704019445efcca8272c668d8015913d54616281baf813d477623dfcdd3", "methods": {"incumbent": {"external": false, "output_bytes": 1492, "output_sha256": "f35f34fe896e5ec7c7a15e89fe5bd6eb74d866642044e5d5df10ea85bcdc674f", "tokens": 1083, "tokens_sha256": "0fa05be94e7e54cd3cede626db4ec06f61e270d22e2f35d810b14ec5a00d6dde", "deterministic": true, "encode_s": 0.000151067, "errors": [], "reps": [{"phase": "warmup", "order_index": 145, "time_s": 0.000228683, "encode_s": 0.000151067, "total_s": 0.00037975}, {"phase": "measured", "order_index": 147, "time_s": 0.000214562, "encode_s": 0.000146239, "total_s": 0.000360801}, {"phase": "measured", "order_index": 149, "time_s": 0.000204206, "encode_s": 0.000142804, "total_s": 0.00034701}, {"phase": "measured", "order_index": 151, "time_s": 0.000204326, "encode_s": 0.000140992, "total_s": 0.000345318}, {"phase": "measured", "order_index": 153, "time_s": 0.000210715, "encode_s": 0.000137647, "total_s": 0.00034836199999999996}, {"phase": "measured", "order_index": 155, "time_s": 0.000219178, "encode_s": 0.000141372, "total_s": 0.00036054999999999995}, {"phase": "measured", "order_index": 157, "time_s": 0.000209665, "encode_s": 0.000146369, "total_s": 0.00035603399999999997}, {"phase": "measured", "order_index": 159, "time_s": 0.000213851, "encode_s": 0.000135883, "total_s": 0.000349734}, {"phase": "measured", "order_index": 161, "time_s": 0.000216455, "encode_s": 0.000142503, "total_s": 0.000358958}, {"phase": "measured", "order_index": 163, "time_s": 0.000211727, "encode_s": 0.000143546, "total_s": 0.000355273}, {"phase": "measured", "order_index": 165, "time_s": 0.000210275, "encode_s": 0.000139279, "total_s": 0.00034955399999999997}, {"phase": "measured", "order_index": 167, "time_s": 0.000219349, "encode_s": 0.00014007, "total_s": 0.00035941900000000004}]}, "r10-record-nonempty": {"external": false, "output_bytes": 1318, "output_sha256": "f23d7bb1ee17a9f8aac0aeae5cbde95ded30cb302220c9f17fc3320ce87e296e", "tokens": 1226, "tokens_sha256": "7bdca15b6f33c653076cfd1ae40f2221169e10ec6cd0c1c85c9ef49978f2fb43", "deterministic": true, "encode_s": 0.000134291, "errors": [], "reps": [{"phase": "warmup", "order_index": 146, "time_s": 0.00037409, "encode_s": 0.000134291, "total_s": 0.000508381}, {"phase": "measured", "order_index": 148, "time_s": 0.000364266, "encode_s": 0.000131777, "total_s": 0.000496043}, {"phase": "measured", "order_index": 150, "time_s": 0.000355323, "encode_s": 0.000128963, "total_s": 0.000484286}, {"phase": "measured", "order_index": 152, "time_s": 0.00034714, "encode_s": 0.000146109, "total_s": 0.0004932490000000001}, {"phase": "measured", "order_index": 154, "time_s": 0.00034682, "encode_s": 0.00012697, "total_s": 0.00047379000000000003}, {"phase": "measured", "order_index": 156, "time_s": 0.00034706, "encode_s": 0.000127261, "total_s": 0.000474321}, {"phase": "measured", "order_index": 158, "time_s": 0.000345819, "encode_s": 0.000126289, "total_s": 0.00047210799999999995}, {"phase": "measured", "order_index": 160, "time_s": 0.000358137, "encode_s": 0.000129584, "total_s": 0.000487721}, {"phase": "measured", "order_index": 162, "time_s": 0.000351476, "encode_s": 0.000129675, "total_s": 0.000481151}, {"phase": "measured", "order_index": 164, "time_s": 0.000345297, "encode_s": 0.000136765, "total_s": 0.000482062}, {"phase": "measured", "order_index": 166, "time_s": 0.000348753, "encode_s": 0.00012687, "total_s": 0.000475623}, {"phase": "measured", "order_index": 168, "time_s": 0.000344597, "encode_s": 0.000126309, "total_s": 0.000470906}]}}}
mask-k	Run selected fresh official gate	2026-10-07T23:42:52.1137892Z SYNTHETIC_RAW 1 r10-record-nonempty {"kind": "file", "corpus": "synthetic-transfer", "file": "window-boundary.bin", "raw_bytes": 73735, "sha256": "3d5e223fd8ced74430c5b87ebbbe4ff9c9782c6902f9b137538dddc79f087dcc", "methods": {"incumbent": {"external": false, "output_bytes": 73933, "output_sha256": "5e456557d23dbd5249a36f224b7449a9d53075a00273d27d8ee8f397eeafb978", "tokens": 73559, "tokens_sha256": "35dd083034d7d329eefea50f23c8b2117879da70eb37280242ffd804c83eaf3b", "deterministic": true, "encode_s": 0.002597823, "errors": [], "reps": [{"phase": "warmup", "order_index": 169, "time_s": 0.000905888, "encode_s": 0.002597823, "total_s": 0.003503711}, {"phase": "measured", "order_index": 171, "time_s": 0.000898086, "encode_s": 0.002587198, "total_s": 0.003485284}, {"phase": "measured", "order_index": 173, "time_s": 0.000897976, "encode_s": 0.002589711, "total_s": 0.003487687}, {"phase": "measured", "order_index": 175, "time_s": 0.000889894, "encode_s": 0.002584624, "total_s": 0.0034745180000000002}, {"phase": "measured", "order_index": 177, "time_s": 0.000917085, "encode_s": 0.002579386, "total_s": 0.003496471}, {"phase": "measured", "order_index": 179, "time_s": 0.000918767, "encode_s": 0.002739175, "total_s": 0.003657942}, {"phase": "measured", "order_index": 181, "time_s": 0.000903794, "encode_s": 0.00260854, "total_s": 0.0035123339999999998}, {"phase": "measured", "order_index": 183, "time_s": 0.000905677, "encode_s": 0.002583041, "total_s": 0.003488718}, {"phase": "measured", "order_index": 185, "time_s": 0.000900019, "encode_s": 0.002588459, "total_s": 0.0034884779999999997}, {"phase": "measured", "order_index": 187, "time_s": 0.000895813, "encode_s": 0.002572786, "total_s": 0.003468599}, {"phase": "measured", "order_index": 189, "time_s": 0.000890845, "encode_s": 0.002569381, "total_s": 0.003460226}, {"phase": "measured", "order_index": 191, "time_s": 0.000898517, "encode_s": 0.002566136, "total_s": 0.0034646530000000003}]}, "r10-record-nonempty": {"external": false, "output_bytes": 73760, "output_sha256": "7fc0f619879f4fb08483c528b61a18725bafcbfbce8f257146ac4741ba95851b", "tokens": 73735, "tokens_sha256": "8a3f0d4d337189d036871ced04356a9ba83426a905ea1c72d81f57b9d8549140", "deterministic": true, "encode_s": 0.002442761, "errors": [], "reps": [{"phase": "warmup", "order_index": 170, "time_s": 0.000461472, "encode_s": 0.002442761, "total_s": 0.002904233}, {"phase": "measured", "order_index": 172, "time_s": 0.00046718, "encode_s": 0.00244202, "total_s": 0.0029092}, {"phase": "measured", "order_index": 174, "time_s": 0.000471256, "encode_s": 0.002438224, "total_s": 0.00290948}, {"phase": "measured", "order_index": 176, "time_s": 0.000469633, "encode_s": 0.002428559, "total_s": 0.002898192}, {"phase": "measured", "order_index": 178, "time_s": 0.000469233, "encode_s": 0.002474939, "total_s": 0.0029441719999999997}, {"phase": "measured", "order_index": 180, "time_s": 0.000473469, "encode_s": 0.002427649, "total_s": 0.0029011180000000003}, {"phase": "measured", "order_index": 182, "time_s": 0.000468552, "encode_s": 0.002436422, "total_s": 0.0029049740000000003}, {"phase": "measured", "order_index": 184, "time_s": 0.000459819, "encode_s": 0.002498845, "total_s": 0.0029586639999999997}, {"phase": "measured", "order_index": 186, "time_s": 0.000460871, "encode_s": 0.002429351, "total_s": 0.002890222}, {"phase": "measured", "order_index": 188, "time_s": 0.000459258, "encode_s": 0.00244165, "total_s": 0.0029009080000000002}, {"phase": "measured", "order_index": 190, "time_s": 0.00046713, "encode_s": 0.002435671, "total_s": 0.002902801}, {"phase": "measured", "order_index": 192, "time_s": 0.000467972, "encode_s": 0.002440347, "total_s": 0.002908319}]}}}
mask-k	Run selected fresh official gate	2026-10-07T23:42:52.1443431Z ^[[32m2026-10-07 23:42:52.144^[[0m | ^[[34m^[[1mDEBUG   ^[[0m | ^[[36msandbox.bwrap^[[0m:^[[36mrun^[[0m:^[[36m110^[[0m - ^[[34m^[[1m[bwrap] rustc exit=0 in 0.0s^[[0m
mask-k	Run selected fresh official gate	2026-10-07T23:42:53.9510435Z ^[[32m2026-10-07 23:42:53.947^[[0m | ^[[34m^[[1mDEBUG   ^[[0m | ^[[36msandbox.bwrap^[[0m:^[[36mrun^[[0m:^[[36m110^[[0m - ^[[34m^[[1m[bwrap] cargo exit=0 in 1.8s^[[0m
mask-k	Run selected fresh official gate	2026-10-07T23:42:53.9514661Z ^[[32m2026-10-07 23:42:53.948^[[0m | ^[[34m^[[1mDEBUG   ^[[0m | ^[[36mbench.driver^[[0m:^[[36m_build^[[0m:^[[36m295^[[0m - ^[[34m^[[1m[bench] built incumbent in 1.8s exit=0^[[0m
mask-k	Run selected fresh official gate	2026-10-07T23:42:57.9667282Z ^[[32m2026-10-07 23:42:57.966^[[0m | ^[[34m^[[1mDEBUG   ^[[0m | ^[[36msandbox.bwrap^[[0m:^[[36mrun^[[0m:^[[36m110^[[0m - ^[[34m^[[1m[bwrap] cargo exit=0 in 4.0s^[[0m
mask-k	Run selected fresh official gate	2026-10-07T23:42:57.9668938Z ^[[32m2026-10-07 23:42:57.966^[[0m | ^[[34m^[[1mDEBUG   ^[[0m | ^[[36mbench.driver^[[0m:^[[36m_build^[[0m:^[[36m295^[[0m - ^[[34m^[[1m[bench] built r10-backward-prefixmask in 4.0s exit=0^[[0m
mask-k	Run selected fresh official gate	2026-10-07T23:42:58.7615199Z ^[[32m2026-10-07 23:42:58.761^[[0m | ^[[34m^[[1mDEBUG   ^[[0m | ^[[36msandbox.bwrap^[[0m:^[[36mrun^[[0m:^[[36m110^[[0m - ^[[34m^[[1m[bwrap] measure exit=0 in 0.8s^[[0m
mask-k	Run selected fresh official gate	2026-10-07T23:42:58.7618415Z ^[[32m2026-10-07 23:42:58.761^[[0m | ^[[34m^[[1mDEBUG   ^[[0m | ^[[36mbench.driver^[[0m:^[[36m_measure^[[0m:^[[36m333^[[0m - ^[[34m^[[1m[bench] measured r10-backward-prefixmask in 0.8s exit=0^[[0m
mask-k	Run selected fresh official gate	2026-10-07T23:42:58.7659546Z SYNTHETIC_MEASUREMENT {"candidate": "r10-backward-prefixmask", "round": 1, "time": 1.0528632925456416, "size_pct": 33.56950550785449}
mask-k	Run selected fresh official gate	2026-10-07T23:42:58.7667848Z SYNTHETIC_RAW 1 r10-backward-prefixmask {"kind": "meta", "schema_version": 4, "started_at_unix": 1791416577.981525, "corpus": "synthetic-transfer", "corpus_dir": "/home/runner/work/_temp/round4-receipts/synthetic-transfer", "os": "linux", "arch": "x86_64", "rustc_version": "rustc 1.100.0-nightly (8fa1c96cf 2026-08-17)", "cpu_model": "AMD EPYC 9V74 80-Core Processor", "cpu_governor": null, "warmup_rounds": 1, "measured_rounds": 11, "speed_floor": null, "methods": {"incumbent": {"external": false, "crate_dir": "/home/runner/work/_temp/deflate-upstream/data/bench-workspace/20261007T234252Z-ab2e1e90-pqvc5r6f/incumbent", "source_sha256": "b9e0d844baf5958cf0c1c66bfb9fd1f89663fa30f21a99c3c116b3dd2e771361", "lib_sha256": "141f58ceb5d68fdd9fef84fc9da46540dfd34174de8533d923ef187ae09ec57b"}, "r10-backward-prefixmask": {"external": false, "crate_dir": "/home/runner/work/_temp/deflate-upstream/data/bench-workspace/20261007T234252Z-ab2e1e90-pqvc5r6f/r10-backward-prefixmask", "source_sha256": "5a4b534b9966d21f06f8cde90fe0c5c6f5d6c4429c2c19c57a2a1e300c9993c1", "lib_sha256": "cab2f25bba68ad022c916c5958290990ef99b500b7240604ee29721737b3bea2"}}, "benchmark_provenance": {"version": 1, "engine_sha256": "ab202460691492f48d5c632375f5df2a74fc3769a81337e876607e9326a46fac", "template_sha256": "584b01793667c5257da4e76da919fbb3bb73c72fa434866622fe3905884d33f0", "host_sha256": "2b32344a74bca6b42edebf4f499412873c9bc3de9561a681587513913177b357", "cpus": "0", "process_affinity": [0, 1], "memory_mb": 2048, "sandbox": true, "build_profile": "release", "external_references": false}}
mask-k	Run selected fresh official gate	2026-10-07T23:42:58.7688493Z SYNTHETIC_RAW 1 r10-backward-prefixmask {"kind": "file", "corpus": "synthetic-transfer", "file": "multilingual.txt", "raw_bytes": 163270, "sha256": "bdd257c8c2afbd9c418ec8954e0ca3f2cedbfa5a622e9b2d5255f35647f1aecc", "methods": {"incumbent": {"external": false, "output_bytes": 9206, "output_sha256": "dd1312ec4702740b4331fb5195ee7cf1f8f1e4ebb52c5bad2ee9ac46eb142e05", "tokens": 4618, "tokens_sha256": "a6e0f107a4d317d16a1a0fe1f14d8a05d25385b4de7fa5b1409ef0de972f3b25", "deterministic": true, "encode_s": 0.000364386, "errors": [], "reps": [{"phase": "warmup", "order_index": 1, "time_s": 0.002037354, "encode_s": 0.000364386, "total_s": 0.00240174}, {"phase": "measured", "order_index": 3, "time_s": 0.001864975, "encode_s": 0.000310005, "total_s": 0.00217498}, {"phase": "measured", "order_index": 5, "time_s": 0.001855061, "encode_s": 0.000299028, "total_s": 0.002154089}, {"phase": "measured", "order_index": 7, "time_s": 0.001871835, "encode_s": 0.000341432, "total_s": 0.002213267}, {"phase": "measured", "order_index": 9, "time_s": 0.001882932, "encode_s": 0.000308953, "total_s": 0.0021918849999999998}, {"phase": "measured", "order_index": 11, "time_s": 0.001880378, "encode_s": 0.000299519, "total_s": 0.002179897}, {"phase": "measured", "order_index": 13, "time_s": 0.001873308, "encode_s": 0.000296605, "total_s": 0.002169913}, {"phase": "measured", "order_index": 15, "time_s": 0.001853768, "encode_s": 0.000311677, "total_s": 0.0021654450000000002}, {"phase": "measured", "order_index": 17, "time_s": 0.001855601, "encode_s": 0.000308413, "total_s": 0.0021640139999999997}, {"phase": "measured", "order_index": 19, "time_s": 0.001866437, "encode_s": 0.000299069, "total_s": 0.002165506}, {"phase": "measured", "order_index": 21, "time_s": 0.001866928, "encode_s": 0.000303194, "total_s": 0.002170122}, {"phase": "measured", "order_index": 23, "time_s": 0.001866498, "encode_s": 0.00029997, "total_s": 0.002166468}]}, "r10-backward-prefixmask": {"external": false, "output_bytes": 7354, "output_sha256": "8446e352761e31d56d827e0a1dfa84bf4bcd8b0bd6e245feb1956f074f5a9d9a", "tokens": 6693, "tokens_sha256": "cdfc886d550cc2480ead138713085c05e1a3d78a051e37a231e4cd6dc873903b", "deterministic": true, "encode_s": 0.000270255, "errors": [], "reps": [{"phase": "warmup", "order_index": 2, "time_s": 0.006329777, "encode_s": 0.000270255, "total_s": 0.006600032}, {"phase": "measured", "order_index": 4, "time_s": 0.005787183, "encode_s": 0.000289224, "total_s": 0.006076407000000001}, {"phase": "measured", "order_index": 6, "time_s": 0.005791019, "encode_s": 0.00026667, "total_s": 0.006057689}, {"phase": "measured", "order_index": 8, "time_s": 0.005816678, "encode_s": 0.000271367, "total_s": 0.006088044999999999}, {"phase": "measured", "order_index": 10, "time_s": 0.005783818, "encode_s": 0.000279238, "total_s": 0.006063056}, {"phase": "measured", "order_index": 12, "time_s": 0.005756338, "encode_s": 0.000265117, "total_s": 0.006021454999999999}, {"phase": "measured", "order_index": 14, "time_s": 0.005753352, "encode_s": 0.000265659, "total_s": 0.0060190109999999995}, {"phase": "measured", "order_index": 16, "time_s": 0.005843988, "encode_s": 0.000269914, "total_s": 0.006113901999999999}, {"phase": "measured", "order_index": 18, "time_s": 0.00576476, "encode_s": 0.000289133, "total_s": 0.006053892999999999}, {"phase": "measured", "order_index": 20, "time_s": 0.005783118, "encode_s": 0.000265017, "total_s": 0.0060481350000000005}, {"phase": "measured", "order_index": 22, "time_s": 0.005769227, "encode_s": 0.00026672, "total_s": 0.006035947}, {"phase": "measured", "order_index": 24, "time_s": 0.005779502, "encode_s": 0.000277787, "total_s": 0.0060572889999999996}]}}}
mask-k	Run selected fresh official gate	2026-10-07T23:42:58.7716405Z SYNTHETIC_RAW 1 r10-backward-prefixmask {"kind": "file", "corpus": "synthetic-transfer", "file": "random.bin", "raw_bytes": 131101, "sha256": "22c862f2c2c5fd5a072e9f74b5a056aacb9025228d040addb56dcd9bec4c09d3", "methods": {"incumbent": {"external": false, "output_bytes": 131445, "output_sha256": "deebb4fe887edb814c65fc8f8d20b733d4a395d0e32399c3c25af9b591d8dc2d", "tokens": 130620, "tokens_sha256": "5330a4dbafd88f2b8356a1db487249115b5a636a9e2bab5cf05094461ba5cbc3", "deterministic": true, "encode_s": 0.005392842, "errors": [], "reps": [{"phase": "warmup", "order_index": 25, "time_s": 0.00192208, "encode_s": 0.005392842, "total_s": 0.007314922}, {"phase": "measured", "order_index": 27, "time_s": 0.001921189, "encode_s": 0.005000615, "total_s": 0.006921804}, {"phase": "measured", "order_index": 29, "time_s": 0.001912336, "encode_s": 0.00501706, "total_s": 0.006929396}, {"phase": "measured", "order_index": 31, "time_s": 0.001893217, "encode_s": 0.004944922, "total_s": 0.006838139}, {"phase": "measured", "order_index": 33, "time_s": 0.001886717, "encode_s": 0.005000114, "total_s": 0.0068868309999999995}, {"phase": "measured", "order_index": 35, "time_s": 0.001882031, "encode_s": 0.004996919, "total_s": 0.00687895}, {"phase": "measured", "order_index": 37, "time_s": 0.001906037, "encode_s": 0.00418975, "total_s": 0.006095787}, {"phase": "measured", "order_index": 39, "time_s": 0.001909532, "encode_s": 0.005027345, "total_s": 0.006936877}, {"phase": "measured", "order_index": 41, "time_s": 0.001887069, "encode_s": 0.004221026, "total_s": 0.006108095}, {"phase": "measured", "order_index": 43, "time_s": 0.001903633, "encode_s": 0.004197491, "total_s": 0.006101124}, {"phase": "measured", "order_index": 45, "time_s": 0.001909041, "encode_s": 0.004219825, "total_s": 0.006128866}, {"phase": "measured", "order_index": 47, "time_s": 0.00190171, "encode_s": 0.004241527, "total_s": 0.006143237}]}, "r10-backward-prefixmask": {"external": false, "output_bytes": 131144, "output_sha256": "52b5974219d121f00e342319360c4c8bcac7ff2eda0365aa245dfe321fd4613b", "tokens": 131101, "tokens_sha256": "861ef26a6d151afca1053cb702d3d74a8e4ef1beae1928ecd65b6e1995a7cb99", "deterministic": true, "encode_s": 0.004842748, "errors": [], "reps": [{"phase": "warmup", "order_index": 26, "time_s": 0.001047991, "encode_s": 0.004842748, "total_s": 0.005890739}, {"phase": "measured", "order_index": 28, "time_s": 0.000942632, "encode_s": 0.00464374, "total_s": 0.005586372}, {"phase": "measured", "order_index": 30, "time_s": 0.000923975, "encode_s": 0.004649639, "total_s": 0.005573613999999999}, {"phase": "measured", "order_index": 32, "time_s": 0.00093462, "encode_s": 0.004633395, "total_s": 0.005568015}, {"phase": "measured", "order_index": 34, "time_s": 0.000920399, "encode_s": 0.004661917, "total_s": 0.0055823159999999995}, {"phase": "measured", "order_index": 36, "time_s": 0.000832277, "encode_s": 0.004006565, "total_s": 0.004838842}, {"phase": "measured", "order_index": 38, "time_s": 0.000926719, "encode_s": 0.004648828, "total_s": 0.005575547}, {"phase": "measured", "order_index": 40, "time_s": 0.000819959, "encode_s": 0.003977902, "total_s": 0.0047978610000000005}, {"phase": "measured", "order_index": 42, "time_s": 0.000819128, "encode_s": 0.003975168, "total_s": 0.004794296}, {"phase": "measured", "order_index": 44, "time_s": 0.000818026, "encode_s": 0.003949039, "total_s": 0.004767065}, {"phase": "measured", "order_index": 46, "time_s": 0.000817215, "encode_s": 0.00398303, "total_s": 0.004800245}, {"phase": "measured", "order_index": 48, "time_s": 0.000816253, "encode_s": 0.00395625, "total_s": 0.004772503}]}}}
mask-k	Run selected fresh official gate	2026-10-07T23:42:58.7744484Z SYNTHETIC_RAW 1 r10-backward-prefixmask {"kind": "file", "corpus": "synthetic-transfer", "file": "short-log.txt", "raw_bytes": 32505, "sha256": "23ef9a1b24b2cfcd1c73f1ff1a71ab017cbcf921409f96f8839c74819d3c0b82", "methods": {"incumbent": {"external": false, "output_bytes": 4871, "output_sha256": "b801c58b86a433392a15971de32130be788d25cd6f3a91a1abda0f0a909dac25", "tokens": 3017, "tokens_sha256": "fcd4ea723eb6d0e399dc5c1cf6825e8d767f6fc45a05600bb177054b19e7eaec", "deterministic": true, "encode_s": 0.000242454, "errors": [], "reps": [{"phase": "warmup", "order_index": 49, "time_s": 0.000895372, "encode_s": 0.000242454, "total_s": 0.001137826}, {"phase": "measured", "order_index": 51, "time_s": 0.000894701, "encode_s": 0.000227932, "total_s": 0.001122633}, {"phase": "measured", "order_index": 53, "time_s": 0.000883775, "encode_s": 0.000216384, "total_s": 0.0011001589999999999}, {"phase": "measured", "order_index": 55, "time_s": 0.000890485, "encode_s": 0.000218307, "total_s": 0.001108792}, {"phase": "measured", "order_index": 57, "time_s": 0.000877605, "encode_s": 0.00022017, "total_s": 0.001097775}, {"phase": "measured", "order_index": 59, "time_s": 0.000886028, "encode_s": 0.000211647, "total_s": 0.001097675}, {"phase": "measured", "order_index": 61, "time_s": 0.00092128, "encode_s": 0.000216775, "total_s": 0.001138055}, {"phase": "measured", "order_index": 63, "time_s": 0.000886338, "encode_s": 0.000214111, "total_s": 0.0011004489999999999}, {"phase": "measured", "order_index": 65, "time_s": 0.001165647, "encode_s": 0.000227651, "total_s": 0.0013932979999999998}, {"phase": "measured", "order_index": 67, "time_s": 0.000888482, "encode_s": 0.000222113, "total_s": 0.001110595}, {"phase": "measured", "order_index": 69, "time_s": 0.000884525, "encode_s": 0.000214561, "total_s": 0.001099086}, {"phase": "measured", "order_index": 71, "time_s": 0.000879388, "encode_s": 0.00021383, "total_s": 0.001093218}]}, "r10-backward-prefixmask": {"external": false, "output_bytes": 4831, "output_sha256": "48750da245a1f2618b8b50b9094f8fcebd04139c65980d9570606a52faa1df7b", "tokens": 3334, "tokens_sha256": "3c42c3585718f93e7e25668ccfb50bb95cb3087d06bb570c836283c1fa2fc1f5", "deterministic": true, "encode_s": 0.000221602, "errors": [], "reps": [{"phase": "warmup", "order_index": 50, "time_s": 0.000357075, "encode_s": 0.000221602, "total_s": 0.000578677}, {"phase": "measured", "order_index": 52, "time_s": 0.000350936, "encode_s": 0.000215313, "total_s": 0.000566249}, {"phase": "measured", "order_index": 54, "time_s": 0.000358137, "encode_s": 0.000214461, "total_s": 0.000572598}, {"phase": "measured", "order_index": 56, "time_s": 0.000346479, "encode_s": 0.000220731, "total_s": 0.0005672100000000001}, {"phase": "measured", "order_index": 58, "time_s": 0.000345328, "encode_s": 0.000211887, "total_s": 0.000557215}, {"phase": "measured", "order_index": 60, "time_s": 0.00035314, "encode_s": 0.000214691, "total_s": 0.000567831}, {"phase": "measured", "order_index": 62, "time_s": 0.000348512, "encode_s": 0.000231747, "total_s": 0.000580259}, {"phase": "measured", "order_index": 64, "time_s": 0.000345518, "encode_s": 0.000212679, "total_s": 0.000558197}, {"phase": "measured", "order_index": 66, "time_s": 0.000350115, "encode_s": 0.000215964, "total_s": 0.000566079}, {"phase": "measured", "order_index": 68, "time_s": 0.00034723, "encode_s": 0.000214251, "total_s": 0.000561481}, {"phase": "measured", "order_index": 70, "time_s": 0.000356033, "encode_s": 0.000215794, "total_s": 0.000571827}, {"phase": "measured", "order_index": 72, "time_s": 0.000350014, "encode_s": 0.000213219, "total_s": 0.000563233}]}}}
mask-k	Run selected fresh official gate	2026-10-07T23:42:58.7774028Z SYNTHETIC_RAW 1 r10-backward-prefixmask {"kind": "file", "corpus": "synthetic-transfer", "file": "source-like.txt", "raw_bytes": 220484, "sha256": "326efe91d7d1e5a11bee87388ef45c7551b1b541f17a1749d7cd5cd53c25ab66", "methods": {"incumbent": {"external": false, "output_bytes": 16650, "output_sha256": "a459035fe1f2d45221381fefc1bad509a69c3effb5a67ee57a00384072a446f5", "tokens": 7890, "tokens_sha256": "cf67564e32e855eac2759e9b433da56b133fd538e426d3f122c000aa5d009805", "deterministic": true, "encode_s": 0.00029384, "errors": [], "reps": [{"phase": "warmup", "order_index": 73, "time_s": 0.003660286, "encode_s": 0.00029384, "total_s": 0.003954126}, {"phase": "measured", "order_index": 75, "time_s": 0.003674317, "encode_s": 0.000282404, "total_s": 0.003956721}, {"phase": "measured", "order_index": 77, "time_s": 0.003680406, "encode_s": 0.000276174, "total_s": 0.00395658}, {"phase": "measured", "order_index": 79, "time_s": 0.003728108, "encode_s": 0.00027336, "total_s": 0.004001468}, {"phase": "measured", "order_index": 81, "time_s": 0.003719294, "encode_s": 0.000283686, "total_s": 0.00400298}, {"phase": "measured", "order_index": 83, "time_s": 0.003634577, "encode_s": 0.000279549, "total_s": 0.0039141259999999995}, {"phase": "measured", "order_index": 85, "time_s": 0.003632754, "encode_s": 0.000275723, "total_s": 0.0039084770000000005}, {"phase": "measured", "order_index": 87, "time_s": 0.00368928, "encode_s": 0.000276414, "total_s": 0.0039656940000000005}, {"phase": "measured", "order_index": 89, "time_s": 0.00364951, "encode_s": 0.00027334, "total_s": 0.00392285}, {"phase": "measured", "order_index": 91, "time_s": 0.003651522, "encode_s": 0.000275453, "total_s": 0.003926975}, {"phase": "measured", "order_index": 93, "time_s": 0.003639464, "encode_s": 0.000275153, "total_s": 0.003914617}, {"phase": "measured", "order_index": 95, "time_s": 0.003638443, "encode_s": 0.000275212, "total_s": 0.003913655}]}, "r10-backward-prefixmask": {"external": false, "output_bytes": 18093, "output_sha256": "38b003ff6fbe88e86ad3d284406ce2022182fcb3a12022e55a3e9a7ff1c99ebd", "tokens": 9194, "tokens_sha256": "226809ab803247b8643baff94f7871853d99771786d05bf020661682180c3144", "deterministic": true, "encode_s": 0.000305558, "errors": [], "reps": [{"phase": "warmup", "order_index": 74, "time_s": 0.001565646, "encode_s": 0.000305558, "total_s": 0.001871204}, {"phase": "measured", "order_index": 76, "time_s": 0.001572687, "encode_s": 0.000292198, "total_s": 0.001864885}, {"phase": "measured", "order_index": 78, "time_s": 0.001564605, "encode_s": 0.000295623, "total_s": 0.001860228}, {"phase": "measured", "order_index": 80, "time_s": 0.001561901, "encode_s": 0.000304306, "total_s": 0.0018662070000000002}, {"phase": "measured", "order_index": 82, "time_s": 0.001563323, "encode_s": 0.000296655, "total_s": 0.001859978}, {"phase": "measured", "order_index": 84, "time_s": 0.001559918, "encode_s": 0.000289374, "total_s": 0.001849292}, {"phase": "measured", "order_index": 86, "time_s": 0.001571154, "encode_s": 0.000288792, "total_s": 0.001859946}, {"phase": "measured", "order_index": 88, "time_s": 0.001577114, "encode_s": 0.000288041, "total_s": 0.0018651549999999999}, {"phase": "measured", "order_index": 90, "time_s": 0.001573509, "encode_s": 0.000291637, "total_s": 0.001865146}, {"phase": "measured", "order_index": 92, "time_s": 0.001570264, "encode_s": 0.000289945, "total_s": 0.001860209}, {"phase": "measured", "order_index": 94, "time_s": 0.001571004, "encode_s": 0.000286889, "total_s": 0.001857893}, {"phase": "measured", "order_index": 96, "time_s": 0.001562571, "encode_s": 0.00029376, "total_s": 0.0018563310000000001}]}}}
mask-k	Run selected fresh official gate	2026-10-07T23:42:58.7797694Z SYNTHETIC_RAW 1 r10-backward-prefixmask {"kind": "file", "corpus": "synthetic-transfer", "file": "sparse.bin", "raw_bytes": 53803, "sha256": "c51b774d8aadb5b636c1463ff5a9df4fe6c326330101df1daf2e4745b07678d3", "methods": {"incumbent": {"external": false, "output_bytes": 1798, "output_sha256": "64a1ff1bc414863ad88544207256d2d9a5ba187a3a5dc2ad6425dd07405c2e2c", "tokens": 1263, "tokens_sha256": "fae120ea72c3aae525d182eab79475dc599c31ea79ce1f32050a110b01939d24", "deterministic": true, "encode_s": 0.000452297, "errors": [], "reps": [{"phase": "warmup", "order_index": 97, "time_s": 0.000975792, "encode_s": 0.000452297, "total_s": 0.001428089}, {"phase": "measured", "order_index": 99, "time_s": 0.000983564, "encode_s": 0.000456645, "total_s": 0.001440209}, {"phase": "measured", "order_index": 101, "time_s": 0.000965868, "encode_s": 0.000439558, "total_s": 0.001405426}, {"phase": "measured", "order_index": 103, "time_s": 0.000966399, "encode_s": 0.000437886, "total_s": 0.001404285}, {"phase": "measured", "order_index": 105, "time_s": 0.000965997, "encode_s": 0.000439169, "total_s": 0.001405166}, {"phase": "measured", "order_index": 107, "time_s": 0.000969242, "encode_s": 0.000435683, "total_s": 0.001404925}, {"phase": "measured", "order_index": 109, "time_s": 0.00096781, "encode_s": 0.000436924, "total_s": 0.001404734}, {"phase": "measured", "order_index": 111, "time_s": 0.000966027, "encode_s": 0.000435894, "total_s": 0.001401921}, {"phase": "measured", "order_index": 113, "time_s": 0.00096697, "encode_s": 0.000442393, "total_s": 0.001409363}, {"phase": "measured", "order_index": 115, "time_s": 0.000969684, "encode_s": 0.000445267, "total_s": 0.001414951}, {"phase": "measured", "order_index": 117, "time_s": 0.000967531, "encode_s": 0.000438947, "total_s": 0.001406478}, {"phase": "measured", "order_index": 119, "time_s": 0.000969073, "encode_s": 0.000444376, "total_s": 0.001413449}]}, "r10-backward-prefixmask": {"external": false, "output_bytes": 1402, "output_sha256": "5f6877d70a973d7df0155d800ecf1afae66e208fbb206d2b36f4de0e16d0ff27", "tokens": 1337, "tokens_sha256": "55997107e53f53722b29f5e7c0ded399b994cccea673fd0f1f22abdcb1ff8048", "deterministic": true, "encode_s": 0.000680701, "errors": [], "reps": [{"phase": "warmup", "order_index": 98, "time_s": 0.000243565, "encode_s": 0.000680701, "total_s": 0.000924266}, {"phase": "measured", "order_index": 100, "time_s": 0.000234301, "encode_s": 0.000430125, "total_s": 0.000664426}, {"phase": "measured", "order_index": 102, "time_s": 0.000232849, "encode_s": 0.000444146, "total_s": 0.000676995}, {"phase": "measured", "order_index": 104, "time_s": 0.000238207, "encode_s": 0.000427361, "total_s": 0.0006655680000000001}, {"phase": "measured", "order_index": 106, "time_s": 0.00023334, "encode_s": 0.000441752, "total_s": 0.000675092}, {"phase": "measured", "order_index": 108, "time_s": 0.000232719, "encode_s": 0.000427441, "total_s": 0.0006601599999999999}, {"phase": "measured", "order_index": 110, "time_s": 0.000240941, "encode_s": 0.000421823, "total_s": 0.0006627639999999999}, {"phase": "measured", "order_index": 112, "time_s": 0.000240761, "encode_s": 0.000422072, "total_s": 0.000662833}, {"phase": "measured", "order_index": 114, "time_s": 0.000245208, "encode_s": 0.000418096, "total_s": 0.000663304}, {"phase": "measured", "order_index": 116, "time_s": 0.00023323, "encode_s": 0.000418206, "total_s": 0.000651436}, {"phase": "measured", "order_index": 118, "time_s": 0.000233941, "encode_s": 0.000419719, "total_s": 0.0006536599999999999}, {"phase": "measured", "order_index": 120, "time_s": 0.000233159, "encode_s": 0.000418177, "total_s": 0.000651336}]}}}
mask-k	Run selected fresh official gate	2026-10-07T23:42:58.7813538Z SYNTHETIC_RAW 1 r10-backward-prefixmask {"kind": "file", "corpus": "synthetic-transfer", "file": "table.csv", "raw_bytes": 193765, "sha256": "e773c09c5e5d585dc64330f220ca47963de24c1be3297a8161e89fca34b98a85", "methods": {"incumbent": {"external": false, "output_bytes": 65436, "output_sha256": "dcb53081688a36dad21b849906f65e985a744ef8864e9324768f44dbb485a3fc", "tokens": 39085, "tokens_sha256": "93d50fc8a84ae35d4a248c3fc06f3632d2da32348cd6896ad6f9f43ea9515f65", "deterministic": true, "encode_s": 0.001665206, "errors": [], "reps": [{"phase": "warmup", "order_index": 121, "time_s": 0.010663382, "encode_s": 0.001665206, "total_s": 0.012328588000000001}, {"phase": "measured", "order_index": 123, "time_s": 0.01069548, "encode_s": 0.001402722, "total_s": 0.012098202}, {"phase": "measured", "order_index": 125, "time_s": 0.010746597, "encode_s": 0.001382502, "total_s": 0.012129099}, {"phase": "measured", "order_index": 127, "time_s": 0.010639706, "encode_s": 0.001377124, "total_s": 0.012016830000000001}, {"phase": "measured", "order_index": 129, "time_s": 0.010672715, "encode_s": 0.001387249, "total_s": 0.012059964}, {"phase": "measured", "order_index": 131, "time_s": 0.010833105, "encode_s": 0.001393158, "total_s": 0.012226263000000001}, {"phase": "measured", "order_index": 133, "time_s": 0.010706547, "encode_s": 0.001396323, "total_s": 0.01210287}, {"phase": "measured", "order_index": 135, "time_s": 0.010653938, "encode_s": 0.001384344, "total_s": 0.012038282}, {"phase": "measured", "order_index": 137, "time_s": 0.010636161, "encode_s": 0.001382272, "total_s": 0.012018433}, {"phase": "measured", "order_index": 139, "time_s": 0.01072911, "encode_s": 0.001415822, "total_s": 0.012144932}, {"phase": "measured", "order_index": 141, "time_s": 0.01070214, "encode_s": 0.001382913, "total_s": 0.012085053}, {"phase": "measured", "order_index": 143, "time_s": 0.010666216, "encode_s": 0.001393288, "total_s": 0.012059503999999999}]}, "r10-backward-prefixmask": {"external": false, "output_bytes": 57850, "output_sha256": "5970fdf032fa2826ec474d5dd7700c4a9e6ec344c1c5e4db897dc241b6f4d951", "tokens": 65949, "tokens_sha256": "f6ddafd22bb506fa18b7468bdadb3ea9b57c9536dc8965c161c0e5f3df2c6ff8", "deterministic": true, "encode_s": 0.001567199, "errors": [], "reps": [{"phase": "warmup", "order_index": 122, "time_s": 0.012695557, "encode_s": 0.001567199, "total_s": 0.014262756}, {"phase": "measured", "order_index": 124, "time_s": 0.012137692, "encode_s": 0.001376623, "total_s": 0.013514315}, {"phase": "measured", "order_index": 126, "time_s": 0.011624011, "encode_s": 0.001399577, "total_s": 0.013023588}, {"phase": "measured", "order_index": 128, "time_s": 0.011574828, "encode_s": 0.001383764, "total_s": 0.012958592000000001}, {"phase": "measured", "order_index": 130, "time_s": 0.01156912, "encode_s": 0.001393258, "total_s": 0.012962378}, {"phase": "measured", "order_index": 132, "time_s": 0.011586114, "encode_s": 0.001386107, "total_s": 0.012972220999999999}, {"phase": "measured", "order_index": 134, "time_s": 0.011544021, "encode_s": 0.001383163, "total_s": 0.012927184}, {"phase": "measured", "order_index": 136, "time_s": 0.011614978, "encode_s": 0.001372828, "total_s": 0.012987806}, {"phase": "measured", "order_index": 138, "time_s": 0.011773546, "encode_s": 0.001396874, "total_s": 0.013170419999999999}, {"phase": "measured", "order_index": 140, "time_s": 0.011539215, "encode_s": 0.001364666, "total_s": 0.012903881}, {"phase": "measured", "order_index": 142, "time_s": 0.011593867, "encode_s": 0.001375131, "total_s": 0.012968998}, {"phase": "measured", "order_index": 144, "time_s": 0.011826615, "encode_s": 0.001404064, "total_s": 0.013230679}]}}}
mask-k	Run selected fresh official gate	2026-10-07T23:42:58.7831456Z SYNTHETIC_RAW 1 r10-backward-prefixmask {"kind": "file", "corpus": "synthetic-transfer", "file": "tiny-structured.txt", "raw_bytes": 15588, "sha256": "2b4701704019445efcca8272c668d8015913d54616281baf813d477623dfcdd3", "methods": {"incumbent": {"external": false, "output_bytes": 1492, "output_sha256": "f35f34fe896e5ec7c7a15e89fe5bd6eb74d866642044e5d5df10ea85bcdc674f", "tokens": 1083, "tokens_sha256": "0fa05be94e7e54cd3cede626db4ec06f61e270d22e2f35d810b14ec5a00d6dde", "deterministic": true, "encode_s": 0.000152959, "errors": [], "reps": [{"phase": "warmup", "order_index": 145, "time_s": 0.000238277, "encode_s": 0.000152959, "total_s": 0.000391236}, {"phase": "measured", "order_index": 147, "time_s": 0.000210295, "encode_s": 0.000145679, "total_s": 0.000355974}, {"phase": "measured", "order_index": 149, "time_s": 0.000218046, "encode_s": 0.000138598, "total_s": 0.00035664400000000004}, {"phase": "measured", "order_index": 151, "time_s": 0.000217746, "encode_s": 0.000138878, "total_s": 0.000356624}, {"phase": "measured", "order_index": 153, "time_s": 0.000204426, "encode_s": 0.000160721, "total_s": 0.000365147}, {"phase": "measured", "order_index": 155, "time_s": 0.000216044, "encode_s": 0.000145428, "total_s": 0.000361472}, {"phase": "measured", "order_index": 157, "time_s": 0.000214832, "encode_s": 0.000135953, "total_s": 0.000350785}, {"phase": "measured", "order_index": 159, "time_s": 0.00021343, "encode_s": 0.000135974, "total_s": 0.000349404}, {"phase": "measured", "order_index": 161, "time_s": 0.00021347, "encode_s": 0.00013331, "total_s": 0.00034678}, {"phase": "measured", "order_index": 163, "time_s": 0.000214602, "encode_s": 0.000135212, "total_s": 0.000349814}, {"phase": "measured", "order_index": 165, "time_s": 0.00021369, "encode_s": 0.000135503, "total_s": 0.00034919300000000003}, {"phase": "measured", "order_index": 167, "time_s": 0.000213801, "encode_s": 0.000137115, "total_s": 0.000350916}]}, "r10-backward-prefixmask": {"external": false, "output_bytes": 1318, "output_sha256": "f23d7bb1ee17a9f8aac0aeae5cbde95ded30cb302220c9f17fc3320ce87e296e", "tokens": 1226, "tokens_sha256": "7bdca15b6f33c653076cfd1ae40f2221169e10ec6cd0c1c85c9ef49978f2fb43", "deterministic": true, "encode_s": 0.000132349, "errors": [], "reps": [{"phase": "warmup", "order_index": 146, "time_s": 0.000435032, "encode_s": 0.000132349, "total_s": 0.000567381}, {"phase": "measured", "order_index": 148, "time_s": 0.00042018, "encode_s": 0.000129824, "total_s": 0.000550004}, {"phase": "measured", "order_index": 150, "time_s": 0.000414952, "encode_s": 0.000128392, "total_s": 0.0005433440000000001}, {"phase": "measured", "order_index": 152, "time_s": 0.000411086, "encode_s": 0.000125138, "total_s": 0.0005362240000000001}, {"phase": "measured", "order_index": 154, "time_s": 0.000411146, "encode_s": 0.00012693, "total_s": 0.000538076}, {"phase": "measured", "order_index": 156, "time_s": 0.000411327, "encode_s": 0.000125488, "total_s": 0.000536815}, {"phase": "measured", "order_index": 158, "time_s": 0.000421071, "encode_s": 0.000123945, "total_s": 0.0005450160000000001}, {"phase": "measured", "order_index": 160, "time_s": 0.000421702, "encode_s": 0.000124616, "total_s": 0.000546318}, {"phase": "measured", "order_index": 162, "time_s": 0.000432038, "encode_s": 0.000127271, "total_s": 0.000559309}, {"phase": "measured", "order_index": 164, "time_s": 0.000425558, "encode_s": 0.000127662, "total_s": 0.00055322}, {"phase": "measured", "order_index": 166, "time_s": 0.000420841, "encode_s": 0.000129404, "total_s": 0.000550245}, {"phase": "measured", "order_index": 168, "time_s": 0.00041349, "encode_s": 0.000135673, "total_s": 0.000549163}]}}}
mask-k	Run selected fresh official gate	2026-10-07T23:42:58.7861724Z SYNTHETIC_RAW 1 r10-backward-prefixmask {"kind": "file", "corpus": "synthetic-transfer", "file": "window-boundary.bin", "raw_bytes": 73735, "sha256": "3d5e223fd8ced74430c5b87ebbbe4ff9c9782c6902f9b137538dddc79f087dcc", "methods": {"incumbent": {"external": false, "output_bytes": 73933, "output_sha256": "5e456557d23dbd5249a36f224b7449a9d53075a00273d27d8ee8f397eeafb978", "tokens": 73559, "tokens_sha256": "35dd083034d7d329eefea50f23c8b2117879da70eb37280242ffd804c83eaf3b", "deterministic": true, "encode_s": 0.002593977, "errors": [], "reps": [{"phase": "warmup", "order_index": 169, "time_s": 0.000895362, "encode_s": 0.002593977, "total_s": 0.003489339}, {"phase": "measured", "order_index": 171, "time_s": 0.000903544, "encode_s": 0.002578354, "total_s": 0.003481898}, {"phase": "measured", "order_index": 173, "time_s": 0.000909753, "encode_s": 0.002590182, "total_s": 0.003499935}, {"phase": "measured", "order_index": 175, "time_s": 0.0009003, "encode_s": 0.002558094, "total_s": 0.003458394}, {"phase": "measured", "order_index": 177, "time_s": 0.000902573, "encode_s": 0.002572315, "total_s": 0.0034748879999999998}, {"phase": "measured", "order_index": 179, "time_s": 0.000901601, "encode_s": 0.00258187, "total_s": 0.003483471}, {"phase": "measured", "order_index": 181, "time_s": 0.000895783, "encode_s": 0.002581128, "total_s": 0.003476911}, {"phase": "measured", "order_index": 183, "time_s": 0.000916303, "encode_s": 0.002566536, "total_s": 0.0034828389999999997}, {"phase": "measured", "order_index": 185, "time_s": 0.000901511, "encode_s": 0.002566326, "total_s": 0.0034678369999999997}, {"phase": "measured", "order_index": 187, "time_s": 0.000899678, "encode_s": 0.002565415, "total_s": 0.0034650930000000003}, {"phase": "measured", "order_index": 189, "time_s": 0.000901251, "encode_s": 0.002753807, "total_s": 0.003655058}, {"phase": "measured", "order_index": 191, "time_s": 0.000908221, "encode_s": 0.002554539, "total_s": 0.00346276}]}, "r10-backward-prefixmask": {"external": false, "output_bytes": 73760, "output_sha256": "7fc0f619879f4fb08483c528b61a18725bafcbfbce8f257146ac4741ba95851b", "tokens": 73735, "tokens_sha256": "8a3f0d4d337189d036871ced04356a9ba83426a905ea1c72d81f57b9d8549140", "deterministic": true, "encode_s": 0.002442811, "errors": [], "reps": [{"phase": "warmup", "order_index": 170, "time_s": 0.000461982, "encode_s": 0.002442811, "total_s": 0.002904793}, {"phase": "measured", "order_index": 172, "time_s": 0.000465448, "encode_s": 0.002439746, "total_s": 0.002905194}, {"phase": "measured", "order_index": 174, "time_s": 0.000464987, "encode_s": 0.00244188, "total_s": 0.002906867}, {"phase": "measured", "order_index": 176, "time_s": 0.000468502, "encode_s": 0.002424624, "total_s": 0.0028931259999999998}, {"phase": "measured", "order_index": 178, "time_s": 0.000471527, "encode_s": 0.002432075, "total_s": 0.002903602}, {"phase": "measured", "order_index": 180, "time_s": 0.000471607, "encode_s": 0.002426957, "total_s": 0.002898564}, {"phase": "measured", "order_index": 182, "time_s": 0.000461782, "encode_s": 0.002425536, "total_s": 0.002887318}, {"phase": "measured", "order_index": 184, "time_s": 0.000465808, "encode_s": 0.002405766, "total_s": 0.002871574}, {"phase": "measured", "order_index": 186, "time_s": 0.000470185, "encode_s": 0.002435199, "total_s": 0.002905384}, {"phase": "measured", "order_index": 188, "time_s": 0.000469143, "encode_s": 0.002409151, "total_s": 0.002878294}, {"phase": "measured", "order_index": 190, "time_s": 0.000461873, "encode_s": 0.002451073, "total_s": 0.0029129459999999996}, {"phase": "measured", "order_index": 192, "time_s": 0.000466469, "encode_s": 0.002415651, "total_s": 0.00288212}]}}}
mask-k	Run selected fresh official gate	2026-10-07T23:42:58.8158247Z ^[[32m2026-10-07 23:42:58.815^[[0m | ^[[34m^[[1mDEBUG   ^[[0m | ^[[36msandbox.bwrap^[[0m:^[[36mrun^[[0m:^[[36m110^[[0m - ^[[34m^[[1m[bwrap] rustc exit=0 in 0.0s^[[0m
mask-k	Run selected fresh official gate	2026-10-07T23:43:00.6504287Z ^[[32m2026-10-07 23:43:00.649^[[0m | ^[[34m^[[1mDEBUG   ^[[0m | ^[[36msandbox.bwrap^[[0m:^[[36mrun^[[0m:^[[36m110^[[0m - ^[[34m^[[1m[bwrap] cargo exit=0 in 1.8s^[[0m
mask-k	Run selected fresh official gate	2026-10-07T23:43:00.6507683Z ^[[32m2026-10-07 23:43:00.650^[[0m | ^[[34m^[[1mDEBUG   ^[[0m | ^[[36mbench.driver^[[0m:^[[36m_build^[[0m:^[[36m295^[[0m - ^[[34m^[[1m[bench] built incumbent in 1.8s exit=0^[[0m
mask-k	Run selected fresh official gate	2026-10-07T23:43:04.6739581Z ^[[32m2026-10-07 23:43:04.672^[[0m | ^[[34m^[[1mDEBUG   ^[[0m | ^[[36msandbox.bwrap^[[0m:^[[36mrun^[[0m:^[[36m110^[[0m - ^[[34m^[[1m[bwrap] cargo exit=0 in 4.0s^[[0m
mask-k	Run selected fresh official gate	2026-10-07T23:43:04.6741174Z ^[[32m2026-10-07 23:43:04.672^[[0m | ^[[34m^[[1mDEBUG   ^[[0m | ^[[36mbench.driver^[[0m:^[[36m_build^[[0m:^[[36m295^[[0m - ^[[34m^[[1m[bench] built r10-backward-prefixmask in 4.0s exit=0^[[0m
mask-k	Run selected fresh official gate	2026-10-07T23:43:05.4668749Z ^[[32m2026-10-07 23:43:05.466^[[0m | ^[[34m^[[1mDEBUG   ^[[0m | ^[[36msandbox.bwrap^[[0m:^[[36mrun^[[0m:^[[36m110^[[0m - ^[[34m^[[1m[bwrap] measure exit=0 in 0.8s^[[0m
mask-k	Run selected fresh official gate	2026-10-07T23:43:05.4687818Z ^[[32m2026-10-07 23:43:05.466^[[0m | ^[[34m^[[1mDEBUG   ^[[0m | ^[[36mbench.driver^[[0m:^[[36m_measure^[[0m:^[[36m333^[[0m - ^[[34m^[[1m[bench] measured r10-backward-prefixmask in 0.8s exit=0^[[0m
mask-k	Run selected fresh official gate	2026-10-07T23:43:05.4711822Z SYNTHETIC_MEASUREMENT {"candidate": "r10-backward-prefixmask", "round": 2, "time": 1.0461394328993225, "size_pct": 33.56950550785449}
mask-k	Run selected fresh official gate	2026-10-07T23:43:05.4719463Z SYNTHETIC_RAW 2 r10-backward-prefixmask {"kind": "meta", "schema_version": 4, "started_at_unix": 1791416584.6874824, "corpus": "synthetic-transfer", "corpus_dir": "/home/runner/work/_temp/round4-receipts/synthetic-transfer", "os": "linux", "arch": "x86_64", "rustc_version": "rustc 1.100.0-nightly (8fa1c96cf 2026-08-17)", "cpu_model": "AMD EPYC 9V74 80-Core Processor", "cpu_governor": null, "warmup_rounds": 1, "measured_rounds": 11, "speed_floor": null, "methods": {"incumbent": {"external": false, "crate_dir": "/home/runner/work/_temp/deflate-upstream/data/bench-workspace/20261007T234258Z-ab2e1e90-ncr5cwga/incumbent", "source_sha256": "b9e0d844baf5958cf0c1c66bfb9fd1f89663fa30f21a99c3c116b3dd2e771361", "lib_sha256": "141f58ceb5d68fdd9fef84fc9da46540dfd34174de8533d923ef187ae09ec57b"}, "r10-backward-prefixmask": {"external": false, "crate_dir": "/home/runner/work/_temp/deflate-upstream/data/bench-workspace/20261007T234258Z-ab2e1e90-ncr5cwga/r10-backward-prefixmask", "source_sha256": "5a4b534b9966d21f06f8cde90fe0c5c6f5d6c4429c2c19c57a2a1e300c9993c1", "lib_sha256": "cab2f25bba68ad022c916c5958290990ef99b500b7240604ee29721737b3bea2"}}, "benchmark_provenance": {"version": 1, "engine_sha256": "ab202460691492f48d5c632375f5df2a74fc3769a81337e876607e9326a46fac", "template_sha256": "584b01793667c5257da4e76da919fbb3bb73c72fa434866622fe3905884d33f0", "host_sha256": "2b32344a74bca6b42edebf4f499412873c9bc3de9561a681587513913177b357", "cpus": "0", "process_affinity": [0, 1], "memory_mb": 2048, "sandbox": true, "build_profile": "release", "external_references": false}}
mask-k	Run selected fresh official gate	2026-10-07T23:43:05.4739083Z SYNTHETIC_RAW 2 r10-backward-prefixmask {"kind": "file", "corpus": "synthetic-transfer", "file": "multilingual.txt", "raw_bytes": 163270, "sha256": "bdd257c8c2afbd9c418ec8954e0ca3f2cedbfa5a622e9b2d5255f35647f1aecc", "methods": {"incumbent": {"external": false, "output_bytes": 9206, "output_sha256": "dd1312ec4702740b4331fb5195ee7cf1f8f1e4ebb52c5bad2ee9ac46eb142e05", "tokens": 4618, "tokens_sha256": "a6e0f107a4d317d16a1a0fe1f14d8a05d25385b4de7fa5b1409ef0de972f3b25", "deterministic": true, "encode_s": 0.000366088, "errors": [], "reps": [{"phase": "warmup", "order_index": 1, "time_s": 0.002011154, "encode_s": 0.000366088, "total_s": 0.002377242}, {"phase": "measured", "order_index": 3, "time_s": 0.001873848, "encode_s": 0.0003139, "total_s": 0.0021877479999999998}, {"phase": "measured", "order_index": 5, "time_s": 0.001875031, "encode_s": 0.000301502, "total_s": 0.002176533}, {"phase": "measured", "order_index": 7, "time_s": 0.001873308, "encode_s": 0.000302764, "total_s": 0.002176072}, {"phase": "measured", "order_index": 9, "time_s": 0.001868852, "encode_s": 0.000301392, "total_s": 0.002170244}, {"phase": "measured", "order_index": 11, "time_s": 0.001858886, "encode_s": 0.0003199, "total_s": 0.002178786}, {"phase": "measured", "order_index": 13, "time_s": 0.001845847, "encode_s": 0.000310346, "total_s": 0.0021561930000000003}, {"phase": "measured", "order_index": 15, "time_s": 0.00186159, "encode_s": 0.000297807, "total_s": 0.002159397}, {"phase": "measured", "order_index": 17, "time_s": 0.001870223, "encode_s": 0.000300501, "total_s": 0.002170724}, {"phase": "measured", "order_index": 19, "time_s": 0.001865526, "encode_s": 0.000308843, "total_s": 0.0021743689999999998}, {"phase": "measured", "order_index": 21, "time_s": 0.001859277, "encode_s": 0.000302583, "total_s": 0.00216186}, {"phase": "measured", "order_index": 23, "time_s": 0.001864795, "encode_s": 0.000304126, "total_s": 0.002168921}]}, "r10-backward-prefixmask": {"external": false, "output_bytes": 7354, "output_sha256": "8446e352761e31d56d827e0a1dfa84bf4bcd8b0bd6e245feb1956f074f5a9d9a", "tokens": 6693, "tokens_sha256": "cdfc886d550cc2480ead138713085c05e1a3d78a051e37a231e4cd6dc873903b", "deterministic": true, "encode_s": 0.000273921, "errors": [], "reps": [{"phase": "warmup", "order_index": 2, "time_s": 0.006345672, "encode_s": 0.000273921, "total_s": 0.006619593}, {"phase": "measured", "order_index": 4, "time_s": 0.005755818, "encode_s": 0.000326439, "total_s": 0.006082257000000001}, {"phase": "measured", "order_index": 6, "time_s": 0.005738542, "encode_s": 0.000268272, "total_s": 0.006006814}, {"phase": "measured", "order_index": 8, "time_s": 0.005718732, "encode_s": 0.000270946, "total_s": 0.005989678}, {"phase": "measured", "order_index": 10, "time_s": 0.005760665, "encode_s": 0.000269364, "total_s": 0.006030029}, {"phase": "measured", "order_index": 12, "time_s": 0.005747966, "encode_s": 0.00028014, "total_s": 0.006028106}, {"phase": "measured", "order_index": 14, "time_s": 0.005774395, "encode_s": 0.000268152, "total_s": 0.006042547}, {"phase": "measured", "order_index": 16, "time_s": 0.005800235, "encode_s": 0.000270696, "total_s": 0.006070931}, {"phase": "measured", "order_index": 18, "time_s": 0.005791751, "encode_s": 0.00026697, "total_s": 0.006058721}, {"phase": "measured", "order_index": 20, "time_s": 0.005734757, "encode_s": 0.000276224, "total_s": 0.006010981}, {"phase": "measured", "order_index": 22, "time_s": 0.005728126, "encode_s": 0.00027336, "total_s": 0.006001486}, {"phase": "measured", "order_index": 24, "time_s": 0.005736478, "encode_s": 0.000271857, "total_s": 0.006008335}]}}}
mask-k	Run selected fresh official gate	2026-10-07T23:43:05.4760882Z SYNTHETIC_RAW 2 r10-backward-prefixmask {"kind": "file", "corpus": "synthetic-transfer", "file": "random.bin", "raw_bytes": 131101, "sha256": "22c862f2c2c5fd5a072e9f74b5a056aacb9025228d040addb56dcd9bec4c09d3", "methods": {"incumbent": {"external": false, "output_bytes": 131445, "output_sha256": "deebb4fe887edb814c65fc8f8d20b733d4a395d0e32399c3c25af9b591d8dc2d", "tokens": 130620, "tokens_sha256": "5330a4dbafd88f2b8356a1db487249115b5a636a9e2bab5cf05094461ba5cbc3", "deterministic": true, "encode_s": 0.005274967, "errors": [], "reps": [{"phase": "warmup", "order_index": 25, "time_s": 0.001900109, "encode_s": 0.005274967, "total_s": 0.007175076000000001}, {"phase": "measured", "order_index": 27, "time_s": 0.001897485, "encode_s": 0.00498323, "total_s": 0.006880715}, {"phase": "measured", "order_index": 29, "time_s": 0.001886618, "encode_s": 0.004981488, "total_s": 0.0068681060000000006}, {"phase": "measured", "order_index": 31, "time_s": 0.001929513, "encode_s": 0.005061397, "total_s": 0.0069909099999999995}, {"phase": "measured", "order_index": 33, "time_s": 0.001906168, "encode_s": 0.004978352, "total_s": 0.00688452}, {"phase": "measured", "order_index": 35, "time_s": 0.001887069, "encode_s": 0.004982669, "total_s": 0.006869738}, {"phase": "measured", "order_index": 37, "time_s": 0.001887069, "encode_s": 0.004195168, "total_s": 0.006082237}, {"phase": "measured", "order_index": 39, "time_s": 0.001902411, "encode_s": 0.004992674, "total_s": 0.006895085}, {"phase": "measured", "order_index": 41, "time_s": 0.001908721, "encode_s": 0.00420233, "total_s": 0.006111050999999999}, {"phase": "measured", "order_index": 43, "time_s": 0.001909863, "encode_s": 0.004157762, "total_s": 0.006067625}, {"phase": "measured", "order_index": 45, "time_s": 0.001905005, "encode_s": 0.004237162, "total_s": 0.0061421670000000005}, {"phase": "measured", "order_index": 47, "time_s": 0.001897284, "encode_s": 0.00422963, "total_s": 0.006126914}]}, "r10-backward-prefixmask": {"external": false, "output_bytes": 131144, "output_sha256": "52b5974219d121f00e342319360c4c8bcac7ff2eda0365aa245dfe321fd4613b", "tokens": 131101, "tokens_sha256": "861ef26a6d151afca1053cb702d3d74a8e4ef1beae1928ecd65b6e1995a7cb99", "deterministic": true, "encode_s": 0.00468979, "errors": [], "reps": [{"phase": "warmup", "order_index": 26, "time_s": 0.000920459, "encode_s": 0.00468979, "total_s": 0.005610249}, {"phase": "measured", "order_index": 28, "time_s": 0.000946618, "encode_s": 0.00465679, "total_s": 0.005603408}, {"phase": "measured", "order_index": 30, "time_s": 0.000935742, "encode_s": 0.004653986, "total_s": 0.0055897279999999995}, {"phase": "measured", "order_index": 32, "time_s": 0.000932678, "encode_s": 0.004694056, "total_s": 0.005626734}, {"phase": "measured", "order_index": 34, "time_s": 0.000932508, "encode_s": 0.004639404, "total_s": 0.005571912}, {"phase": "measured", "order_index": 36, "time_s": 0.000830355, "encode_s": 0.003998294, "total_s": 0.004828649}, {"phase": "measured", "order_index": 38, "time_s": 0.000935322, "encode_s": 0.004615168, "total_s": 0.00555049}, {"phase": "measured", "order_index": 40, "time_s": 0.000817646, "encode_s": 0.003981148, "total_s": 0.004798794}, {"phase": "measured", "order_index": 42, "time_s": 0.000813559, "encode_s": 0.00395559, "total_s": 0.004769149}, {"phase": "measured", "order_index": 44, "time_s": 0.000812007, "encode_s": 0.003961549, "total_s": 0.004773556}, {"phase": "measured", "order_index": 46, "time_s": 0.000822563, "encode_s": 0.003987548, "total_s": 0.004810111}, {"phase": "measured", "order_index": 48, "time_s": 0.000817456, "encode_s": 0.003979685, "total_s": 0.004797141}]}}}
mask-k	Run selected fresh official gate	2026-10-07T23:43:05.4786140Z SYNTHETIC_RAW 2 r10-backward-prefixmask {"kind": "file", "corpus": "synthetic-transfer", "file": "short-log.txt", "raw_bytes": 32505, "sha256": "23ef9a1b24b2cfcd1c73f1ff1a71ab017cbcf921409f96f8839c74819d3c0b82", "methods": {"incumbent": {"external": false, "output_bytes": 4871, "output_sha256": "b801c58b86a433392a15971de32130be788d25cd6f3a91a1abda0f0a909dac25", "tokens": 3017, "tokens_sha256": "fcd4ea723eb6d0e399dc5c1cf6825e8d767f6fc45a05600bb177054b19e7eaec", "deterministic": true, "encode_s": 0.00023398, "errors": [], "reps": [{"phase": "warmup", "order_index": 49, "time_s": 0.00090035, "encode_s": 0.00023398, "total_s": 0.00113433}, {"phase": "measured", "order_index": 51, "time_s": 0.000862944, "encode_s": 0.00022028, "total_s": 0.001083224}, {"phase": "measured", "order_index": 53, "time_s": 0.000874801, "encode_s": 0.000218558, "total_s": 0.001093359}, {"phase": "measured", "order_index": 55, "time_s": 0.000859479, "encode_s": 0.000218147, "total_s": 0.001077626}, {"phase": "measured", "order_index": 57, "time_s": 0.000860179, "encode_s": 0.000215744, "total_s": 0.001075923}, {"phase": "measured", "order_index": 59, "time_s": 0.00088116, "encode_s": 0.000216034, "total_s": 0.001097194}, {"phase": "measured", "order_index": 61, "time_s": 0.000875021, "encode_s": 0.00021325, "total_s": 0.001088271}, {"phase": "measured", "order_index": 63, "time_s": 0.000874701, "encode_s": 0.00022041, "total_s": 0.001095111}, {"phase": "measured", "order_index": 65, "time_s": 0.000877425, "encode_s": 0.000216525, "total_s": 0.00109395}, {"phase": "measured", "order_index": 67, "time_s": 0.000874111, "encode_s": 0.000210786, "total_s": 0.001084897}, {"phase": "measured", "order_index": 69, "time_s": 0.000880289, "encode_s": 0.000218828, "total_s": 0.0010991170000000001}, {"phase": "measured", "order_index": 71, "time_s": 0.000882613, "encode_s": 0.000214912, "total_s": 0.001097525}]}, "r10-backward-prefixmask": {"external": false, "output_bytes": 4831, "output_sha256": "48750da245a1f2618b8b50b9094f8fcebd04139c65980d9570606a52faa1df7b", "tokens": 3334, "tokens_sha256": "3c42c3585718f93e7e25668ccfb50bb95cb3087d06bb570c836283c1fa2fc1f5", "deterministic": true, "encode_s": 0.000222955, "errors": [], "reps": [{"phase": "warmup", "order_index": 50, "time_s": 0.000366859, "encode_s": 0.000222955, "total_s": 0.0005898139999999999}, {"phase": "measured", "order_index": 52, "time_s": 0.000358867, "encode_s": 0.00021992, "total_s": 0.000578787}, {"phase": "measured", "order_index": 54, "time_s": 0.000356685, "encode_s": 0.000217306, "total_s": 0.000573991}, {"phase": "measured", "order_index": 56, "time_s": 0.000347731, "encode_s": 0.000215543, "total_s": 0.000563274}, {"phase": "measured", "order_index": 58, "time_s": 0.000348322, "encode_s": 0.000215423, "total_s": 0.0005637449999999999}, {"phase": "measured", "order_index": 60, "time_s": 0.000355432, "encode_s": 0.000214501, "total_s": 0.000569933}, {"phase": "measured", "order_index": 62, "time_s": 0.00034674, "encode_s": 0.000214862, "total_s": 0.000561602}, {"phase": "measured", "order_index": 64, "time_s": 0.000346569, "encode_s": 0.000216334, "total_s": 0.000562903}, {"phase": "measured", "order_index": 66, "time_s": 0.000356584, "encode_s": 0.000212969, "total_s": 0.000569553}, {"phase": "measured", "order_index": 68, "time_s": 0.000347932, "encode_s": 0.000210555, "total_s": 0.000558487}, {"phase": "measured", "order_index": 70, "time_s": 0.000346569, "encode_s": 0.000212669, "total_s": 0.000559238}, {"phase": "measured", "order_index": 72, "time_s": 0.000355753, "encode_s": 0.00021354, "total_s": 0.000569293}]}}}
mask-k	Run selected fresh official gate	2026-10-07T23:43:05.4820553Z SYNTHETIC_RAW 2 r10-backward-prefixmask {"kind": "file", "corpus": "synthetic-transfer", "file": "source-like.txt", "raw_bytes": 220484, "sha256": "326efe91d7d1e5a11bee87388ef45c7551b1b541f17a1749d7cd5cd53c25ab66", "methods": {"incumbent": {"external": false, "output_bytes": 16650, "output_sha256": "a459035fe1f2d45221381fefc1bad509a69c3effb5a67ee57a00384072a446f5", "tokens": 7890, "tokens_sha256": "cf67564e32e855eac2759e9b433da56b133fd538e426d3f122c000aa5d009805", "deterministic": true, "encode_s": 0.0002867, "errors": [], "reps": [{"phase": "warmup", "order_index": 73, "time_s": 0.003722449, "encode_s": 0.0002867, "total_s": 0.004009149}, {"phase": "measured", "order_index": 75, "time_s": 0.003665685, "encode_s": 0.000282904, "total_s": 0.003948589}, {"phase": "measured", "order_index": 77, "time_s": 0.003732896, "encode_s": 0.000278868, "total_s": 0.004011764}, {"phase": "measured", "order_index": 79, "time_s": 0.003637793, "encode_s": 0.000277646, "total_s": 0.003915439}, {"phase": "measured", "order_index": 81, "time_s": 0.003638804, "encode_s": 0.000274933, "total_s": 0.003913737}, {"phase": "measured", "order_index": 83, "time_s": 0.003636912, "encode_s": 0.000276524, "total_s": 0.003913436}, {"phase": "measured", "order_index": 85, "time_s": 0.003640156, "encode_s": 0.000282444, "total_s": 0.0039226}, {"phase": "measured", "order_index": 87, "time_s": 0.003710512, "encode_s": 0.000283325, "total_s": 0.003993837}, {"phase": "measured", "order_index": 89, "time_s": 0.003713046, "encode_s": 0.000284907, "total_s": 0.003997952999999999}, {"phase": "measured", "order_index": 91, "time_s": 0.003699495, "encode_s": 0.000279679, "total_s": 0.003979174}, {"phase": "measured", "order_index": 93, "time_s": 0.003766376, "encode_s": 0.000278788, "total_s": 0.004045164}, {"phase": "measured", "order_index": 95, "time_s": 0.003714538, "encode_s": 0.000282644, "total_s": 0.003997182}]}, "r10-backward-prefixmask": {"external": false, "output_bytes": 18093, "output_sha256": "38b003ff6fbe88e86ad3d284406ce2022182fcb3a12022e55a3e9a7ff1c99ebd", "tokens": 9194, "tokens_sha256": "226809ab803247b8643baff94f7871853d99771786d05bf020661682180c3144", "deterministic": true, "encode_s": 0.000295623, "errors": [], "reps": [{"phase": "warmup", "order_index": 74, "time_s": 0.001571917, "encode_s": 0.000295623, "total_s": 0.00186754}, {"phase": "measured", "order_index": 76, "time_s": 0.001569232, "encode_s": 0.000291507, "total_s": 0.0018607390000000001}, {"phase": "measured", "order_index": 78, "time_s": 0.001578546, "encode_s": 0.000291297, "total_s": 0.001869843}, {"phase": "measured", "order_index": 80, "time_s": 0.001571475, "encode_s": 0.000290164, "total_s": 0.001861639}, {"phase": "measured", "order_index": 82, "time_s": 0.001563304, "encode_s": 0.000288923, "total_s": 0.001852227}, {"phase": "measured", "order_index": 84, "time_s": 0.001557796, "encode_s": 0.000297366, "total_s": 0.001855162}, {"phase": "measured", "order_index": 86, "time_s": 0.001562392, "encode_s": 0.000298237, "total_s": 0.001860629}, {"phase": "measured", "order_index": 88, "time_s": 0.001562342, "encode_s": 0.000294462, "total_s": 0.001856804}, {"phase": "measured", "order_index": 90, "time_s": 0.001559227, "encode_s": 0.000287561, "total_s": 0.001846788}, {"phase": "measured", "order_index": 92, "time_s": 0.001563103, "encode_s": 0.000290225, "total_s": 0.001853328}, {"phase": "measured", "order_index": 94, "time_s": 0.00156115, "encode_s": 0.000290996, "total_s": 0.001852146}, {"phase": "measured", "order_index": 96, "time_s": 0.001579268, "encode_s": 0.000291367, "total_s": 0.001870635}]}}}
mask-k	Run selected fresh official gate	2026-10-07T23:43:05.4850926Z SYNTHETIC_RAW 2 r10-backward-prefixmask {"kind": "file", "corpus": "synthetic-transfer", "file": "sparse.bin", "raw_bytes": 53803, "sha256": "c51b774d8aadb5b636c1463ff5a9df4fe6c326330101df1daf2e4745b07678d3", "methods": {"incumbent": {"external": false, "output_bytes": 1798, "output_sha256": "64a1ff1bc414863ad88544207256d2d9a5ba187a3a5dc2ad6425dd07405c2e2c", "tokens": 1263, "tokens_sha256": "fae120ea72c3aae525d182eab79475dc599c31ea79ce1f32050a110b01939d24", "deterministic": true, "encode_s": 0.000455593, "errors": [], "reps": [{"phase": "warmup", "order_index": 97, "time_s": 0.001016764, "encode_s": 0.000455593, "total_s": 0.001472357}, {"phase": "measured", "order_index": 99, "time_s": 0.001015231, "encode_s": 0.000458237, "total_s": 0.001473468}, {"phase": "measured", "order_index": 101, "time_s": 0.000996914, "encode_s": 0.000449234, "total_s": 0.001446148}, {"phase": "measured", "order_index": 103, "time_s": 0.001009594, "encode_s": 0.000455122, "total_s": 0.001464716}, {"phase": "measured", "order_index": 105, "time_s": 0.000994921, "encode_s": 0.000442513, "total_s": 0.001437434}, {"phase": "measured", "order_index": 107, "time_s": 0.001001882, "encode_s": 0.000442574, "total_s": 0.001444456}, {"phase": "measured", "order_index": 109, "time_s": 0.000996634, "encode_s": 0.000439248, "total_s": 0.0014358819999999999}, {"phase": "measured", "order_index": 111, "time_s": 0.000996363, "encode_s": 0.000438808, "total_s": 0.0014351709999999998}, {"phase": "measured", "order_index": 113, "time_s": 0.000996694, "encode_s": 0.000446699, "total_s": 0.001443393}, {"phase": "measured", "order_index": 115, "time_s": 0.000996283, "encode_s": 0.000452549, "total_s": 0.001448832}, {"phase": "measured", "order_index": 117, "time_s": 0.000998207, "encode_s": 0.000448823, "total_s": 0.0014470300000000002}, {"phase": "measured", "order_index": 119, "time_s": 0.000965978, "encode_s": 0.000448923, "total_s": 0.001414901}]}, "r10-backward-prefixmask": {"external": false, "output_bytes": 1402, "output_sha256": "5f6877d70a973d7df0155d800ecf1afae66e208fbb206d2b36f4de0e16d0ff27", "tokens": 1337, "tokens_sha256": "55997107e53f53722b29f5e7c0ded399b994cccea673fd0f1f22abdcb1ff8048", "deterministic": true, "encode_s": 0.000675313, "errors": [], "reps": [{"phase": "warmup", "order_index": 98, "time_s": 0.000234752, "encode_s": 0.000675313, "total_s": 0.0009100649999999999}, {"phase": "measured", "order_index": 100, "time_s": 0.000234732, "encode_s": 0.000426469, "total_s": 0.000661201}, {"phase": "measured", "order_index": 102, "time_s": 0.00023357, "encode_s": 0.000423765, "total_s": 0.000657335}, {"phase": "measured", "order_index": 104, "time_s": 0.000257296, "encode_s": 0.000431487, "total_s": 0.000688783}, {"phase": "measured", "order_index": 106, "time_s": 0.000232519, "encode_s": 0.000444927, "total_s": 0.000677446}, {"phase": "measured", "order_index": 108, "time_s": 0.000234051, "encode_s": 0.000462573, "total_s": 0.000696624}, {"phase": "measured", "order_index": 110, "time_s": 0.000244546, "encode_s": 0.000425248, "total_s": 0.000669794}, {"phase": "measured", "order_index": 112, "time_s": 0.000240751, "encode_s": 0.000426489, "total_s": 0.00066724}, {"phase": "measured", "order_index": 114, "time_s": 0.00023311, "encode_s": 0.000419468, "total_s": 0.000652578}, {"phase": "measured", "order_index": 116, "time_s": 0.000232799, "encode_s": 0.000427471, "total_s": 0.00066027}, {"phase": "measured", "order_index": 118, "time_s": 0.000231898, "encode_s": 0.000424225, "total_s": 0.000656123}, {"phase": "measured", "order_index": 120, "time_s": 0.000231757, "encode_s": 0.000430656, "total_s": 0.000662413}]}}}
mask-k	Run selected fresh official gate	2026-10-07T23:43:05.4867374Z SYNTHETIC_RAW 2 r10-backward-prefixmask {"kind": "file", "corpus": "synthetic-transfer", "file": "table.csv", "raw_bytes": 193765, "sha256": "e773c09c5e5d585dc64330f220ca47963de24c1be3297a8161e89fca34b98a85", "methods": {"incumbent": {"external": false, "output_bytes": 65436, "output_sha256": "dcb53081688a36dad21b849906f65e985a744ef8864e9324768f44dbb485a3fc", "tokens": 39085, "tokens_sha256": "93d50fc8a84ae35d4a248c3fc06f3632d2da32348cd6896ad6f9f43ea9515f65", "deterministic": true, "encode_s": 0.001642392, "errors": [], "reps": [{"phase": "warmup", "order_index": 121, "time_s": 0.010527961, "encode_s": 0.001642392, "total_s": 0.012170353}, {"phase": "measured", "order_index": 123, "time_s": 0.010490104, "encode_s": 0.001375462, "total_s": 0.011865566000000001}, {"phase": "measured", "order_index": 125, "time_s": 0.010667901, "encode_s": 0.001380138, "total_s": 0.012048039}, {"phase": "measured", "order_index": 127, "time_s": 0.010701261, "encode_s": 0.001432277, "total_s": 0.012133538}, {"phase": "measured", "order_index": 129, "time_s": 0.010720319, "encode_s": 0.001377755, "total_s": 0.012098074}, {"phase": "measured", "order_index": 131, "time_s": 0.010669794, "encode_s": 0.001388231, "total_s": 0.012058025}, {"phase": "measured", "order_index": 133, "time_s": 0.010690626, "encode_s": 0.001377885, "total_s": 0.012068511}, {"phase": "measured", "order_index": 135, "time_s": 0.010811737, "encode_s": 0.001404816, "total_s": 0.012216553}, {"phase": "measured", "order_index": 137, "time_s": 0.010684726, "encode_s": 0.001389072, "total_s": 0.012073798}, {"phase": "measured", "order_index": 139, "time_s": 0.010704606, "encode_s": 0.001383094, "total_s": 0.0120877}, {"phase": "measured", "order_index": 141, "time_s": 0.010678396, "encode_s": 0.001383013, "total_s": 0.012061409}, {"phase": "measured", "order_index": 143, "time_s": 0.010672288, "encode_s": 0.001403504, "total_s": 0.012075792}]}, "r10-backward-prefixmask": {"external": false, "output_bytes": 57850, "output_sha256": "5970fdf032fa2826ec474d5dd7700c4a9e6ec344c1c5e4db897dc241b6f4d951", "tokens": 65949, "tokens_sha256": "f6ddafd22bb506fa18b7468bdadb3ea9b57c9536dc8965c161c0e5f3df2c6ff8", "deterministic": true, "encode_s": 0.001570063, "errors": [], "reps": [{"phase": "warmup", "order_index": 122, "time_s": 0.01270842, "encode_s": 0.001570063, "total_s": 0.014278483}, {"phase": "measured", "order_index": 124, "time_s": 0.012076713, "encode_s": 0.001383765, "total_s": 0.013460478}, {"phase": "measured", "order_index": 126, "time_s": 0.01162784, "encode_s": 0.001368701, "total_s": 0.012996541}, {"phase": "measured", "order_index": 128, "time_s": 0.011650174, "encode_s": 0.001372057, "total_s": 0.013022230999999999}, {"phase": "measured", "order_index": 130, "time_s": 0.011658937, "encode_s": 0.00137419, "total_s": 0.013033126999999999}, {"phase": "measured", "order_index": 132, "time_s": 0.011620779, "encode_s": 0.001431226, "total_s": 0.013052005}, {"phase": "measured", "order_index": 134, "time_s": 0.011663503, "encode_s": 0.001375612, "total_s": 0.013039115}, {"phase": "measured", "order_index": 136, "time_s": 0.011806478, "encode_s": 0.001384395, "total_s": 0.013190873}, {"phase": "measured", "order_index": 138, "time_s": 0.011647189, "encode_s": 0.001377716, "total_s": 0.013024905}, {"phase": "measured", "order_index": 140, "time_s": 0.011682232, "encode_s": 0.001375182, "total_s": 0.013057414}, {"phase": "measured", "order_index": 142, "time_s": 0.011660769, "encode_s": 0.00139479, "total_s": 0.013055559}, {"phase": "measured", "order_index": 144, "time_s": 0.011699027, "encode_s": 0.001371596, "total_s": 0.013070623}]}}}
mask-k	Run selected fresh official gate	2026-10-07T23:43:05.4883563Z SYNTHETIC_RAW 2 r10-backward-prefixmask {"kind": "file", "corpus": "synthetic-transfer", "file": "tiny-structured.txt", "raw_bytes": 15588, "sha256": "2b4701704019445efcca8272c668d8015913d54616281baf813d477623dfcdd3", "methods": {"incumbent": {"external": false, "output_bytes": 1492, "output_sha256": "f35f34fe896e5ec7c7a15e89fe5bd6eb74d866642044e5d5df10ea85bcdc674f", "tokens": 1083, "tokens_sha256": "0fa05be94e7e54cd3cede626db4ec06f61e270d22e2f35d810b14ec5a00d6dde", "deterministic": true, "encode_s": 0.000158237, "errors": [], "reps": [{"phase": "warmup", "order_index": 145, "time_s": 0.000251307, "encode_s": 0.000158237, "total_s": 0.00040954399999999997}, {"phase": "measured", "order_index": 147, "time_s": 0.000205999, "encode_s": 0.000149404, "total_s": 0.000355403}, {"phase": "measured", "order_index": 149, "time_s": 0.000225317, "encode_s": 0.000144196, "total_s": 0.000369513}, {"phase": "measured", "order_index": 151, "time_s": 0.000227251, "encode_s": 0.000140611, "total_s": 0.00036786200000000005}, {"phase": "measured", "order_index": 153, "time_s": 0.000235984, "encode_s": 0.000140421, "total_s": 0.000376405}, {"phase": "measured", "order_index": 155, "time_s": 0.000214722, "encode_s": 0.000148012, "total_s": 0.000362734}, {"phase": "measured", "order_index": 157, "time_s": 0.000213781, "encode_s": 0.000146149, "total_s": 0.00035993}, {"phase": "measured", "order_index": 159, "time_s": 0.000214492, "encode_s": 0.000137336, "total_s": 0.000351828}, {"phase": "measured", "order_index": 161, "time_s": 0.000214171, "encode_s": 0.00014019, "total_s": 0.000354361}, {"phase": "measured", "order_index": 163, "time_s": 0.000216134, "encode_s": 0.000139719, "total_s": 0.000355853}, {"phase": "measured", "order_index": 165, "time_s": 0.000216314, "encode_s": 0.000142694, "total_s": 0.000359008}, {"phase": "measured", "order_index": 167, "time_s": 0.00021409, "encode_s": 0.000141673, "total_s": 0.00035576300000000004}]}, "r10-backward-prefixmask": {"external": false, "output_bytes": 1318, "output_sha256": "f23d7bb1ee17a9f8aac0aeae5cbde95ded30cb302220c9f17fc3320ce87e296e", "tokens": 1226, "tokens_sha256": "7bdca15b6f33c653076cfd1ae40f2221169e10ec6cd0c1c85c9ef49978f2fb43", "deterministic": true, "encode_s": 0.000144747, "errors": [], "reps": [{"phase": "warmup", "order_index": 146, "time_s": 0.000435783, "encode_s": 0.000144747, "total_s": 0.00058053}, {"phase": "measured", "order_index": 148, "time_s": 0.00042045, "encode_s": 0.000130676, "total_s": 0.000551126}, {"phase": "measured", "order_index": 150, "time_s": 0.000418447, "encode_s": 0.000129594, "total_s": 0.000548041}, {"phase": "measured", "order_index": 152, "time_s": 0.00041345, "encode_s": 0.000128683, "total_s": 0.000542133}, {"phase": "measured", "order_index": 154, "time_s": 0.000415303, "encode_s": 0.000128302, "total_s": 0.000543605}, {"phase": "measured", "order_index": 156, "time_s": 0.000415573, "encode_s": 0.000127481, "total_s": 0.000543054}, {"phase": "measured", "order_index": 158, "time_s": 0.000410876, "encode_s": 0.000126149, "total_s": 0.000537025}, {"phase": "measured", "order_index": 160, "time_s": 0.000425258, "encode_s": 0.000127741, "total_s": 0.000552999}, {"phase": "measured", "order_index": 162, "time_s": 0.00044028, "encode_s": 0.000131046, "total_s": 0.000571326}, {"phase": "measured", "order_index": 164, "time_s": 0.000429274, "encode_s": 0.000162153, "total_s": 0.0005914270000000001}, {"phase": "measured", "order_index": 166, "time_s": 0.000429664, "encode_s": 0.000128833, "total_s": 0.000558497}, {"phase": "measured", "order_index": 168, "time_s": 0.00043396, "encode_s": 0.000127421, "total_s": 0.000561381}]}}}
mask-k	Run selected fresh official gate	2026-10-07T23:43:05.4905802Z SYNTHETIC_RAW 2 r10-backward-prefixmask {"kind": "file", "corpus": "synthetic-transfer", "file": "window-boundary.bin", "raw_bytes": 73735, "sha256": "3d5e223fd8ced74430c5b87ebbbe4ff9c9782c6902f9b137538dddc79f087dcc", "methods": {"incumbent": {"external": false, "output_bytes": 73933, "output_sha256": "5e456557d23dbd5249a36f224b7449a9d53075a00273d27d8ee8f397eeafb978", "tokens": 73559, "tokens_sha256": "35dd083034d7d329eefea50f23c8b2117879da70eb37280242ffd804c83eaf3b", "deterministic": true, "encode_s": 0.002589121, "errors": [], "reps": [{"phase": "warmup", "order_index": 169, "time_s": 0.000899959, "encode_s": 0.002589121, "total_s": 0.00348908}, {"phase": "measured", "order_index": 171, "time_s": 0.000920499, "encode_s": 0.002589792, "total_s": 0.003510291}, {"phase": "measured", "order_index": 173, "time_s": 0.000901141, "encode_s": 0.002587238, "total_s": 0.003488379}, {"phase": "measured", "order_index": 175, "time_s": 0.000895823, "encode_s": 0.002563723, "total_s": 0.003459546}, {"phase": "measured", "order_index": 177, "time_s": 0.000901501, "encode_s": 0.002560899, "total_s": 0.0034624}, {"phase": "measured", "order_index": 179, "time_s": 0.000896373, "encode_s": 0.00258839, "total_s": 0.003484763}, {"phase": "measured", "order_index": 181, "time_s": 0.000932017, "encode_s": 0.0026015, "total_s": 0.003533517}, {"phase": "measured", "order_index": 183, "time_s": 0.000903094, "encode_s": 0.002575, "total_s": 0.003478094}, {"phase": "measured", "order_index": 185, "time_s": 0.000898076, "encode_s": 0.00259473, "total_s": 0.003492806}, {"phase": "measured", "order_index": 187, "time_s": 0.000903624, "encode_s": 0.002578374, "total_s": 0.003481998}, {"phase": "measured", "order_index": 189, "time_s": 0.000902593, "encode_s": 0.002586437, "total_s": 0.00348903}, {"phase": "measured", "order_index": 191, "time_s": 0.000898277, "encode_s": 0.002574299, "total_s": 0.003472576}]}, "r10-backward-prefixmask": {"external": false, "output_bytes": 73760, "output_sha256": "7fc0f619879f4fb08483c528b61a18725bafcbfbce8f257146ac4741ba95851b", "tokens": 73735, "tokens_sha256": "8a3f0d4d337189d036871ced04356a9ba83426a905ea1c72d81f57b9d8549140", "deterministic": true, "encode_s": 0.002443723, "errors": [], "reps": [{"phase": "warmup", "order_index": 170, "time_s": 0.000463255, "encode_s": 0.002443723, "total_s": 0.002906978}, {"phase": "measured", "order_index": 172, "time_s": 0.000456645, "encode_s": 0.002432196, "total_s": 0.002888841}, {"phase": "measured", "order_index": 174, "time_s": 0.000468963, "encode_s": 0.002435601, "total_s": 0.002904564}, {"phase": "measured", "order_index": 176, "time_s": 0.000461892, "encode_s": 0.002432426, "total_s": 0.002894318}, {"phase": "measured", "order_index": 178, "time_s": 0.000472648, "encode_s": 0.002440438, "total_s": 0.002913086}, {"phase": "measured", "order_index": 180, "time_s": 0.000475513, "encode_s": 0.002427919, "total_s": 0.002903432}, {"phase": "measured", "order_index": 182, "time_s": 0.000472799, "encode_s": 0.002436352, "total_s": 0.002909151}, {"phase": "measured", "order_index": 184, "time_s": 0.000457957, "encode_s": 0.002434058, "total_s": 0.002892015}, {"phase": "measured", "order_index": 186, "time_s": 0.000460941, "encode_s": 0.002438645, "total_s": 0.002899586}, {"phase": "measured", "order_index": 188, "time_s": 0.000456815, "encode_s": 0.002438726, "total_s": 0.002895541}, {"phase": "measured", "order_index": 190, "time_s": 0.000465648, "encode_s": 0.002417524, "total_s": 0.002883172}, {"phase": "measured", "order_index": 192, "time_s": 0.000472739, "encode_s": 0.002465976, "total_s": 0.0029387149999999997}]}}}
mask-k	Run selected fresh official gate	2026-10-07T23:43:05.5248149Z ^[[32m2026-10-07 23:43:05.524^[[0m | ^[[34m^[[1mDEBUG   ^[[0m | ^[[36msandbox.bwrap^[[0m:^[[36mrun^[[0m:^[[36m110^[[0m - ^[[34m^[[1m[bwrap] rustc exit=0 in 0.0s^[[0m
mask-k	Run selected fresh official gate	2026-10-07T23:43:07.3104800Z ^[[32m2026-10-07 23:43:07.308^[[0m | ^[[34m^[[1mDEBUG   ^[[0m | ^[[36msandbox.bwrap^[[0m:^[[36mrun^[[0m:^[[36m110^[[0m - ^[[34m^[[1m[bwrap] cargo exit=0 in 1.8s^[[0m
mask-k	Run selected fresh official gate	2026-10-07T23:43:07.3107777Z ^[[32m2026-10-07 23:43:07.308^[[0m | ^[[34m^[[1mDEBUG   ^[[0m | ^[[36mbench.driver^[[0m:^[[36m_build^[[0m:^[[36m295^[[0m - ^[[34m^[[1m[bench] built incumbent in 1.8s exit=0^[[0m
mask-k	Run selected fresh official gate	2026-10-07T23:43:11.2489583Z ^[[32m2026-10-07 23:43:11.248^[[0m | ^[[34m^[[1mDEBUG   ^[[0m | ^[[36msandbox.bwrap^[[0m:^[[36mrun^[[0m:^[[36m110^[[0m - ^[[34m^[[1m[bwrap] cargo exit=0 in 3.9s^[[0m
mask-k	Run selected fresh official gate	2026-10-07T23:43:11.2497026Z ^[[32m2026-10-07 23:43:11.249^[[0m | ^[[34m^[[1mDEBUG   ^[[0m | ^[[36mbench.driver^[[0m:^[[36m_build^[[0m:^[[36m295^[[0m - ^[[34m^[[1m[bench] built r10-record-nonempty in 3.9s exit=0^[[0m
mask-k	Run selected fresh official gate	2026-10-07T23:43:12.0306162Z ^[[32m2026-10-07 23:43:12.030^[[0m | ^[[34m^[[1mDEBUG   ^[[0m | ^[[36msandbox.bwrap^[[0m:^[[36mrun^[[0m:^[[36m110^[[0m - ^[[34m^[[1m[bwrap] measure exit=0 in 0.8s^[[0m
mask-k	Run selected fresh official gate	2026-10-07T23:43:12.0308053Z ^[[32m2026-10-07 23:43:12.030^[[0m | ^[[34m^[[1mDEBUG   ^[[0m | ^[[36mbench.driver^[[0m:^[[36m_measure^[[0m:^[[36m333^[[0m - ^[[34m^[[1m[bench] measured r10-record-nonempty in 0.8s exit=0^[[0m
mask-k	Run selected fresh official gate	2026-10-07T23:43:12.0355449Z SYNTHETIC_MEASUREMENT {"candidate": "r10-record-nonempty", "round": 2, "time": 0.9944209827215329, "size_pct": 33.56950550785449}
mask-k	Run selected fresh official gate	2026-10-07T23:43:12.0363004Z SYNTHETIC_RAW 2 r10-record-nonempty {"kind": "meta", "schema_version": 4, "started_at_unix": 1791416591.2634225, "corpus": "synthetic-transfer", "corpus_dir": "/home/runner/work/_temp/round4-receipts/synthetic-transfer", "os": "linux", "arch": "x86_64", "rustc_version": "rustc 1.100.0-nightly (8fa1c96cf 2026-08-17)", "cpu_model": "AMD EPYC 9V74 80-Core Processor", "cpu_governor": null, "warmup_rounds": 1, "measured_rounds": 11, "speed_floor": null, "methods": {"incumbent": {"external": false, "crate_dir": "/home/runner/work/_temp/deflate-upstream/data/bench-workspace/20261007T234305Z-6a548241-3i4rhegc/incumbent", "source_sha256": "b9e0d844baf5958cf0c1c66bfb9fd1f89663fa30f21a99c3c116b3dd2e771361", "lib_sha256": "141f58ceb5d68fdd9fef84fc9da46540dfd34174de8533d923ef187ae09ec57b"}, "r10-record-nonempty": {"external": false, "crate_dir": "/home/runner/work/_temp/deflate-upstream/data/bench-workspace/20261007T234305Z-6a548241-3i4rhegc/r10-record-nonempty", "source_sha256": "7f1c661fd1ce29d12c69671f034ff5a713e284ed1fcba66ba404ff25479b55b7", "lib_sha256": "d3f49ef38075e252119b02c5999dff95ba3e44be13959c9635d1bea0224aed3f"}}, "benchmark_provenance": {"version": 1, "engine_sha256": "ab202460691492f48d5c632375f5df2a74fc3769a81337e876607e9326a46fac", "template_sha256": "584b01793667c5257da4e76da919fbb3bb73c72fa434866622fe3905884d33f0", "host_sha256": "2b32344a74bca6b42edebf4f499412873c9bc3de9561a681587513913177b357", "cpus": "0", "process_affinity": [0, 1], "memory_mb": 2048, "sandbox": true, "build_profile": "release", "external_references": false}}
mask-k	Run selected fresh official gate	2026-10-07T23:43:12.0381821Z SYNTHETIC_RAW 2 r10-record-nonempty {"kind": "file", "corpus": "synthetic-transfer", "file": "multilingual.txt", "raw_bytes": 163270, "sha256": "bdd257c8c2afbd9c418ec8954e0ca3f2cedbfa5a622e9b2d5255f35647f1aecc", "methods": {"incumbent": {"external": false, "output_bytes": 9206, "output_sha256": "dd1312ec4702740b4331fb5195ee7cf1f8f1e4ebb52c5bad2ee9ac46eb142e05", "tokens": 4618, "tokens_sha256": "a6e0f107a4d317d16a1a0fe1f14d8a05d25385b4de7fa5b1409ef0de972f3b25", "deterministic": true, "encode_s": 0.000367752, "errors": [], "reps": [{"phase": "warmup", "order_index": 1, "time_s": 0.002009632, "encode_s": 0.000367752, "total_s": 0.0023773839999999997}, {"phase": "measured", "order_index": 3, "time_s": 0.001861339, "encode_s": 0.000301852, "total_s": 0.002163191}, {"phase": "measured", "order_index": 5, "time_s": 0.001860078, "encode_s": 0.00030744, "total_s": 0.0021675180000000002}, {"phase": "measured", "order_index": 7, "time_s": 0.001862261, "encode_s": 0.000302263, "total_s": 0.002164524}, {"phase": "measured", "order_index": 9, "time_s": 0.001874219, "encode_s": 0.000302383, "total_s": 0.002176602}, {"phase": "measured", "order_index": 11, "time_s": 0.001916963, "encode_s": 0.000297806, "total_s": 0.002214769}, {"phase": "measured", "order_index": 13, "time_s": 0.001843083, "encode_s": 0.000316905, "total_s": 0.002159988}, {"phase": "measured", "order_index": 15, "time_s": 0.001857324, "encode_s": 0.000297456, "total_s": 0.0021547800000000002}, {"phase": "measured", "order_index": 17, "time_s": 0.001867549, "encode_s": 0.000295082, "total_s": 0.002162631}, {"phase": "measured", "order_index": 19, "time_s": 0.001869011, "encode_s": 0.000298497, "total_s": 0.0021675080000000003}, {"phase": "measured", "order_index": 21, "time_s": 0.002339677, "encode_s": 0.000416655, "total_s": 0.0027563320000000002}, {"phase": "measured", "order_index": 23, "time_s": 0.001868471, "encode_s": 0.000300791, "total_s": 0.002169262}]}, "r10-record-nonempty": {"external": false, "output_bytes": 7354, "output_sha256": "8446e352761e31d56d827e0a1dfa84bf4bcd8b0bd6e245feb1956f074f5a9d9a", "tokens": 6693, "tokens_sha256": "cdfc886d550cc2480ead138713085c05e1a3d78a051e37a231e4cd6dc873903b", "deterministic": true, "encode_s": 0.000295252, "errors": [], "reps": [{"phase": "warmup", "order_index": 2, "time_s": 0.00586468, "encode_s": 0.000295252, "total_s": 0.006159932}, {"phase": "measured", "order_index": 4, "time_s": 0.005235247, "encode_s": 0.000284577, "total_s": 0.005519824}, {"phase": "measured", "order_index": 6, "time_s": 0.005245372, "encode_s": 0.000271377, "total_s": 0.005516749}, {"phase": "measured", "order_index": 8, "time_s": 0.005326113, "encode_s": 0.000273119, "total_s": 0.005599232}, {"phase": "measured", "order_index": 10, "time_s": 0.005232893, "encode_s": 0.000265027, "total_s": 0.00549792}, {"phase": "measured", "order_index": 12, "time_s": 0.005221906, "encode_s": 0.000275573, "total_s": 0.005497479}, {"phase": "measured", "order_index": 14, "time_s": 0.005216037, "encode_s": 0.000264947, "total_s": 0.0054809839999999995}, {"phase": "measured", "order_index": 16, "time_s": 0.005218261, "encode_s": 0.000267671, "total_s": 0.005485932}, {"phase": "measured", "order_index": 18, "time_s": 0.005207335, "encode_s": 0.000271397, "total_s": 0.005478731999999999}, {"phase": "measured", "order_index": 20, "time_s": 0.005210279, "encode_s": 0.000262794, "total_s": 0.005473073}, {"phase": "measured", "order_index": 22, "time_s": 0.005443999, "encode_s": 0.000277807, "total_s": 0.005721805999999999}, {"phase": "measured", "order_index": 24, "time_s": 0.005225632, "encode_s": 0.000278087, "total_s": 0.005503719}]}}}
mask-k	Run selected fresh official gate	2026-10-07T23:43:12.0413364Z SYNTHETIC_RAW 2 r10-record-nonempty {"kind": "file", "corpus": "synthetic-transfer", "file": "random.bin", "raw_bytes": 131101, "sha256": "22c862f2c2c5fd5a072e9f74b5a056aacb9025228d040addb56dcd9bec4c09d3", "methods": {"incumbent": {"external": false, "output_bytes": 131445, "output_sha256": "deebb4fe887edb814c65fc8f8d20b733d4a395d0e32399c3c25af9b591d8dc2d", "tokens": 130620, "tokens_sha256": "5330a4dbafd88f2b8356a1db487249115b5a636a9e2bab5cf05094461ba5cbc3", "deterministic": true, "encode_s": 0.005260364, "errors": [], "reps": [{"phase": "warmup", "order_index": 25, "time_s": 0.001937003, "encode_s": 0.005260364, "total_s": 0.007197367}, {"phase": "measured", "order_index": 27, "time_s": 0.001909041, "encode_s": 0.004949899, "total_s": 0.00685894}, {"phase": "measured", "order_index": 29, "time_s": 0.001918105, "encode_s": 0.004925753, "total_s": 0.0068438579999999995}, {"phase": "measured", "order_index": 31, "time_s": 0.001895531, "encode_s": 0.004973715, "total_s": 0.006869246}, {"phase": "measured", "order_index": 33, "time_s": 0.001926237, "encode_s": 0.00500369, "total_s": 0.006929927}, {"phase": "measured", "order_index": 35, "time_s": 0.001904925, "encode_s": 0.005020044, "total_s": 0.0069249690000000004}, {"phase": "measured", "order_index": 37, "time_s": 0.001909472, "encode_s": 0.0049369, "total_s": 0.006846372}, {"phase": "measured", "order_index": 39, "time_s": 0.001906187, "encode_s": 0.004970489, "total_s": 0.006876676}, {"phase": "measured", "order_index": 41, "time_s": 0.001879477, "encode_s": 0.004934356, "total_s": 0.006813833}, {"phase": "measured", "order_index": 43, "time_s": 0.001900038, "encode_s": 0.004986895, "total_s": 0.006886933}, {"phase": "measured", "order_index": 45, "time_s": 0.001916312, "encode_s": 0.004973494, "total_s": 0.006889806}, {"phase": "measured", "order_index": 47, "time_s": 0.001907529, "encode_s": 0.004981617, "total_s": 0.006889146}]}, "r10-record-nonempty": {"external": false, "output_bytes": 131144, "output_sha256": "52b5974219d121f00e342319360c4c8bcac7ff2eda0365aa245dfe321fd4613b", "tokens": 131101, "tokens_sha256": "861ef26a6d151afca1053cb702d3d74a8e4ef1beae1928ecd65b6e1995a7cb99", "deterministic": true, "encode_s": 0.004598352, "errors": [], "reps": [{"phase": "warmup", "order_index": 26, "time_s": 0.00094702, "encode_s": 0.004598352, "total_s": 0.005545372}, {"phase": "measured", "order_index": 28, "time_s": 0.000925857, "encode_s": 0.004637411, "total_s": 0.005563268}, {"phase": "measured", "order_index": 30, "time_s": 0.00094074, "encode_s": 0.004631372, "total_s": 0.005572112}, {"phase": "measured", "order_index": 32, "time_s": 0.000924515, "encode_s": 0.004650711, "total_s": 0.005575226}, {"phase": "measured", "order_index": 34, "time_s": 0.000939048, "encode_s": 0.00466396, "total_s": 0.005603008}, {"phase": "measured", "order_index": 36, "time_s": 0.000924716, "encode_s": 0.004629879, "total_s": 0.005554595}, {"phase": "measured", "order_index": 38, "time_s": 0.000934751, "encode_s": 0.00459687, "total_s": 0.0055316210000000005}, {"phase": "measured", "order_index": 40, "time_s": 0.000922122, "encode_s": 0.004645363, "total_s": 0.005567485}, {"phase": "measured", "order_index": 42, "time_s": 0.000933209, "encode_s": 0.004601507, "total_s": 0.005534716}, {"phase": "measured", "order_index": 44, "time_s": 0.000940369, "encode_s": 0.004625823, "total_s": 0.005566192}, {"phase": "measured", "order_index": 46, "time_s": 0.000949593, "encode_s": 0.004677501, "total_s": 0.005627094}, {"phase": "measured", "order_index": 48, "time_s": 0.000931286, "encode_s": 0.004619404, "total_s": 0.00555069}]}}}
mask-k	Run selected fresh official gate	2026-10-07T23:43:12.0443241Z SYNTHETIC_RAW 2 r10-record-nonempty {"kind": "file", "corpus": "synthetic-transfer", "file": "short-log.txt", "raw_bytes": 32505, "sha256": "23ef9a1b24b2cfcd1c73f1ff1a71ab017cbcf921409f96f8839c74819d3c0b82", "methods": {"incumbent": {"external": false, "output_bytes": 4871, "output_sha256": "b801c58b86a433392a15971de32130be788d25cd6f3a91a1abda0f0a909dac25", "tokens": 3017, "tokens_sha256": "fcd4ea723eb6d0e399dc5c1cf6825e8d767f6fc45a05600bb177054b19e7eaec", "deterministic": true, "encode_s": 0.000227671, "errors": [], "reps": [{"phase": "warmup", "order_index": 49, "time_s": 0.00088771, "encode_s": 0.000227671, "total_s": 0.001115381}, {"phase": "measured", "order_index": 51, "time_s": 0.000863544, "encode_s": 0.000217997, "total_s": 0.001081541}, {"phase": "measured", "order_index": 53, "time_s": 0.000887901, "encode_s": 0.000237196, "total_s": 0.001125097}, {"phase": "measured", "order_index": 55, "time_s": 0.000866369, "encode_s": 0.000216184, "total_s": 0.001082553}, {"phase": "measured", "order_index": 57, "time_s": 0.00088059, "encode_s": 0.000215914, "total_s": 0.0010965039999999999}, {"phase": "measured", "order_index": 59, "time_s": 0.000875642, "encode_s": 0.000228453, "total_s": 0.001104095}, {"phase": "measured", "order_index": 61, "time_s": 0.000866689, "encode_s": 0.000215232, "total_s": 0.001081921}, {"phase": "measured", "order_index": 63, "time_s": 0.00088743, "encode_s": 0.000217155, "total_s": 0.001104585}, {"phase": "measured", "order_index": 65, "time_s": 0.000868161, "encode_s": 0.000214721, "total_s": 0.001082882}, {"phase": "measured", "order_index": 67, "time_s": 0.000882663, "encode_s": 0.000212638, "total_s": 0.001095301}, {"phase": "measured", "order_index": 69, "time_s": 0.000882342, "encode_s": 0.000216244, "total_s": 0.0010985860000000001}, {"phase": "measured", "order_index": 71, "time_s": 0.000882833, "encode_s": 0.000215714, "total_s": 0.001098547}]}, "r10-record-nonempty": {"external": false, "output_bytes": 4831, "output_sha256": "48750da245a1f2618b8b50b9094f8fcebd04139c65980d9570606a52faa1df7b", "tokens": 3334, "tokens_sha256": "3c42c3585718f93e7e25668ccfb50bb95cb3087d06bb570c836283c1fa2fc1f5", "deterministic": true, "encode_s": 0.000232959, "errors": [], "reps": [{"phase": "warmup", "order_index": 50, "time_s": 0.000358658, "encode_s": 0.000232959, "total_s": 0.000591617}, {"phase": "measured", "order_index": 52, "time_s": 0.000355223, "encode_s": 0.000217366, "total_s": 0.000572589}, {"phase": "measured", "order_index": 54, "time_s": 0.000352899, "encode_s": 0.000217796, "total_s": 0.000570695}, {"phase": "measured", "order_index": 56, "time_s": 0.000358267, "encode_s": 0.000213931, "total_s": 0.000572198}, {"phase": "measured", "order_index": 58, "time_s": 0.000347761, "encode_s": 0.000231157, "total_s": 0.000578918}, {"phase": "measured", "order_index": 60, "time_s": 0.000348883, "encode_s": 0.000212869, "total_s": 0.000561752}, {"phase": "measured", "order_index": 62, "time_s": 0.000356614, "encode_s": 0.000215213, "total_s": 0.000571827}, {"phase": "measured", "order_index": 64, "time_s": 0.000350265, "encode_s": 0.000226499, "total_s": 0.000576764}, {"phase": "measured", "order_index": 66, "time_s": 0.000349183, "encode_s": 0.00021319, "total_s": 0.000562373}, {"phase": "measured", "order_index": 68, "time_s": 0.000369063, "encode_s": 0.00022001, "total_s": 0.000589073}, {"phase": "measured", "order_index": 70, "time_s": 0.000356715, "encode_s": 0.000212538, "total_s": 0.000569253}, {"phase": "measured", "order_index": 72, "time_s": 0.000346759, "encode_s": 0.000212799, "total_s": 0.0005595579999999999}]}}}
mask-k	Run selected fresh official gate	2026-10-07T23:43:12.0471118Z SYNTHETIC_RAW 2 r10-record-nonempty {"kind": "file", "corpus": "synthetic-transfer", "file": "source-like.txt", "raw_bytes": 220484, "sha256": "326efe91d7d1e5a11bee87388ef45c7551b1b541f17a1749d7cd5cd53c25ab66", "methods": {"incumbent": {"external": false, "output_bytes": 16650, "output_sha256": "a459035fe1f2d45221381fefc1bad509a69c3effb5a67ee57a00384072a446f5", "tokens": 7890, "tokens_sha256": "cf67564e32e855eac2759e9b433da56b133fd538e426d3f122c000aa5d009805", "deterministic": true, "encode_s": 0.000287932, "errors": [], "reps": [{"phase": "warmup", "order_index": 73, "time_s": 0.003726275, "encode_s": 0.000287932, "total_s": 0.004014207}, {"phase": "measured", "order_index": 75, "time_s": 0.003658814, "encode_s": 0.000285618, "total_s": 0.0039444319999999995}, {"phase": "measured", "order_index": 77, "time_s": 0.003623461, "encode_s": 0.000278277, "total_s": 0.003901738}, {"phase": "measured", "order_index": 79, "time_s": 0.003618543, "encode_s": 0.000275703, "total_s": 0.003894246}, {"phase": "measured", "order_index": 81, "time_s": 0.003611953, "encode_s": 0.000276074, "total_s": 0.003888027}, {"phase": "measured", "order_index": 83, "time_s": 0.003637562, "encode_s": 0.000279789, "total_s": 0.003917351}, {"phase": "measured", "order_index": 85, "time_s": 0.003688539, "encode_s": 0.000279088, "total_s": 0.003967627}, {"phase": "measured", "order_index": 87, "time_s": 0.0036228, "encode_s": 0.000283284, "total_s": 0.0039060839999999998}, {"phase": "measured", "order_index": 89, "time_s": 0.003682018, "encode_s": 0.000279159, "total_s": 0.003961177}, {"phase": "measured", "order_index": 91, "time_s": 0.00369654, "encode_s": 0.000278828, "total_s": 0.003975368}, {"phase": "measured", "order_index": 93, "time_s": 0.003720396, "encode_s": 0.000281993, "total_s": 0.004002389}, {"phase": "measured", "order_index": 95, "time_s": 0.003630672, "encode_s": 0.000275673, "total_s": 0.003906345}]}, "r10-record-nonempty": {"external": false, "output_bytes": 18093, "output_sha256": "38b003ff6fbe88e86ad3d284406ce2022182fcb3a12022e55a3e9a7ff1c99ebd", "tokens": 9194, "tokens_sha256": "226809ab803247b8643baff94f7871853d99771786d05bf020661682180c3144", "deterministic": true, "encode_s": 0.000298548, "errors": [], "reps": [{"phase": "warmup", "order_index": 74, "time_s": 0.001606448, "encode_s": 0.000298548, "total_s": 0.001904996}, {"phase": "measured", "order_index": 76, "time_s": 0.001603143, "encode_s": 0.000291337, "total_s": 0.00189448}, {"phase": "measured", "order_index": 78, "time_s": 0.001585606, "encode_s": 0.000290085, "total_s": 0.001875691}, {"phase": "measured", "order_index": 80, "time_s": 0.001587609, "encode_s": 0.000291306, "total_s": 0.001878915}, {"phase": "measured", "order_index": 82, "time_s": 0.001582341, "encode_s": 0.000288372, "total_s": 0.001870713}, {"phase": "measured", "order_index": 84, "time_s": 0.001582982, "encode_s": 0.000298026, "total_s": 0.001881008}, {"phase": "measured", "order_index": 86, "time_s": 0.001581841, "encode_s": 0.000297075, "total_s": 0.001878916}, {"phase": "measured", "order_index": 88, "time_s": 0.001579347, "encode_s": 0.0002869, "total_s": 0.0018662470000000001}, {"phase": "measured", "order_index": 90, "time_s": 0.001576693, "encode_s": 0.000293891, "total_s": 0.0018705840000000002}, {"phase": "measured", "order_index": 92, "time_s": 0.001586427, "encode_s": 0.000294391, "total_s": 0.001880818}, {"phase": "measured", "order_index": 94, "time_s": 0.001586077, "encode_s": 0.000292909, "total_s": 0.001878986}, {"phase": "measured", "order_index": 96, "time_s": 0.001582281, "encode_s": 0.000295462, "total_s": 0.001877743}]}}}
mask-k	Run selected fresh official gate	2026-10-07T23:43:12.0497422Z SYNTHETIC_RAW 2 r10-record-nonempty {"kind": "file", "corpus": "synthetic-transfer", "file": "sparse.bin", "raw_bytes": 53803, "sha256": "c51b774d8aadb5b636c1463ff5a9df4fe6c326330101df1daf2e4745b07678d3", "methods": {"incumbent": {"external": false, "output_bytes": 1798, "output_sha256": "64a1ff1bc414863ad88544207256d2d9a5ba187a3a5dc2ad6425dd07405c2e2c", "tokens": 1263, "tokens_sha256": "fae120ea72c3aae525d182eab79475dc599c31ea79ce1f32050a110b01939d24", "deterministic": true, "encode_s": 0.000471918, "errors": [], "reps": [{"phase": "warmup", "order_index": 97, "time_s": 0.001002362, "encode_s": 0.000471918, "total_s": 0.00147428}, {"phase": "measured", "order_index": 99, "time_s": 0.000967661, "encode_s": 0.000452418, "total_s": 0.0014200789999999999}, {"phase": "measured", "order_index": 101, "time_s": 0.000966149, "encode_s": 0.000450645, "total_s": 0.001416794}, {"phase": "measured", "order_index": 103, "time_s": 0.000964716, "encode_s": 0.000447531, "total_s": 0.001412247}, {"phase": "measured", "order_index": 105, "time_s": 0.000966739, "encode_s": 0.0004535, "total_s": 0.001420239}, {"phase": "measured", "order_index": 107, "time_s": 0.000966438, "encode_s": 0.000458057, "total_s": 0.001424495}, {"phase": "measured", "order_index": 109, "time_s": 0.000964545, "encode_s": 0.000454781, "total_s": 0.001419326}, {"phase": "measured", "order_index": 111, "time_s": 0.000965477, "encode_s": 0.000449343, "total_s": 0.00141482}, {"phase": "measured", "order_index": 113, "time_s": 0.000965197, "encode_s": 0.000445197, "total_s": 0.001410394}, {"phase": "measured", "order_index": 115, "time_s": 0.000966027, "encode_s": 0.000447851, "total_s": 0.001413878}, {"phase": "measured", "order_index": 117, "time_s": 0.000974761, "encode_s": 0.000450415, "total_s": 0.001425176}, {"phase": "measured", "order_index": 119, "time_s": 0.000965748, "encode_s": 0.000443314, "total_s": 0.001409062}]}, "r10-record-nonempty": {"external": false, "output_bytes": 1402, "output_sha256": "5f6877d70a973d7df0155d800ecf1afae66e208fbb206d2b36f4de0e16d0ff27", "tokens": 1337, "tokens_sha256": "55997107e53f53722b29f5e7c0ded399b994cccea673fd0f1f22abdcb1ff8048", "deterministic": true, "encode_s": 0.000448903, "errors": [], "reps": [{"phase": "warmup", "order_index": 98, "time_s": 0.000237185, "encode_s": 0.000448903, "total_s": 0.0006860880000000001}, {"phase": "measured", "order_index": 100, "time_s": 0.000235493, "encode_s": 0.000454872, "total_s": 0.000690365}, {"phase": "measured", "order_index": 102, "time_s": 0.000253209, "encode_s": 0.000430966, "total_s": 0.000684175}, {"phase": "measured", "order_index": 104, "time_s": 0.000263304, "encode_s": 0.000429284, "total_s": 0.0006925880000000001}, {"phase": "measured", "order_index": 106, "time_s": 0.000234331, "encode_s": 0.000428663, "total_s": 0.0006629940000000001}, {"phase": "measured", "order_index": 108, "time_s": 0.000234361, "encode_s": 0.000426349, "total_s": 0.00066071}, {"phase": "measured", "order_index": 110, "time_s": 0.00023348, "encode_s": 0.000423725, "total_s": 0.000657205}, {"phase": "measured", "order_index": 112, "time_s": 0.000233039, "encode_s": 0.00043319, "total_s": 0.000666229}, {"phase": "measured", "order_index": 114, "time_s": 0.00023338, "encode_s": 0.000439489, "total_s": 0.000672869}, {"phase": "measured", "order_index": 116, "time_s": 0.000232208, "encode_s": 0.000432999, "total_s": 0.000665207}, {"phase": "measured", "order_index": 118, "time_s": 0.000234321, "encode_s": 0.000436734, "total_s": 0.000671055}, {"phase": "measured", "order_index": 120, "time_s": 0.000241442, "encode_s": 0.000423244, "total_s": 0.0006646859999999999}]}}}
mask-k	Run selected fresh official gate	2026-10-07T23:43:12.0513157Z SYNTHETIC_RAW 2 r10-record-nonempty {"kind": "file", "corpus": "synthetic-transfer", "file": "table.csv", "raw_bytes": 193765, "sha256": "e773c09c5e5d585dc64330f220ca47963de24c1be3297a8161e89fca34b98a85", "methods": {"incumbent": {"external": false, "output_bytes": 65436, "output_sha256": "dcb53081688a36dad21b849906f65e985a744ef8864e9324768f44dbb485a3fc", "tokens": 39085, "tokens_sha256": "93d50fc8a84ae35d4a248c3fc06f3632d2da32348cd6896ad6f9f43ea9515f65", "deterministic": true, "encode_s": 0.001705326, "errors": [], "reps": [{"phase": "warmup", "order_index": 121, "time_s": 0.010625205, "encode_s": 0.001705326, "total_s": 0.012330531}, {"phase": "measured", "order_index": 123, "time_s": 0.010744103, "encode_s": 0.001468671, "total_s": 0.012212774}, {"phase": "measured", "order_index": 125, "time_s": 0.010685846, "encode_s": 0.001403713, "total_s": 0.012089559}, {"phase": "measured", "order_index": 127, "time_s": 0.010668369, "encode_s": 0.001376312, "total_s": 0.012044681}, {"phase": "measured", "order_index": 129, "time_s": 0.010646787, "encode_s": 0.001450424, "total_s": 0.012097211}, {"phase": "measured", "order_index": 131, "time_s": 0.010625846, "encode_s": 0.001383454, "total_s": 0.0120093}, {"phase": "measured", "order_index": 133, "time_s": 0.01064856, "encode_s": 0.001393339, "total_s": 0.012041899}, {"phase": "measured", "order_index": 135, "time_s": 0.010654769, "encode_s": 0.001387119, "total_s": 0.012041888}, {"phase": "measured", "order_index": 137, "time_s": 0.010698625, "encode_s": 0.001380909, "total_s": 0.012079534}, {"phase": "measured", "order_index": 139, "time_s": 0.01066865, "encode_s": 0.001379738, "total_s": 0.012048388}, {"phase": "measured", "order_index": 141, "time_s": 0.010633698, "encode_s": 0.00136747, "total_s": 0.012001168}, {"phase": "measured", "order_index": 143, "time_s": 0.010671785, "encode_s": 0.001393108, "total_s": 0.012064893}]}, "r10-record-nonempty": {"external": false, "output_bytes": 57850, "output_sha256": "5970fdf032fa2826ec474d5dd7700c4a9e6ec344c1c5e4db897dc241b6f4d951", "tokens": 65949, "tokens_sha256": "f6ddafd22bb506fa18b7468bdadb3ea9b57c9536dc8965c161c0e5f3df2c6ff8", "deterministic": true, "encode_s": 0.001643213, "errors": [], "reps": [{"phase": "warmup", "order_index": 122, "time_s": 0.011750041, "encode_s": 0.001643213, "total_s": 0.013393253999999999}, {"phase": "measured", "order_index": 124, "time_s": 0.01091477, "encode_s": 0.001406568, "total_s": 0.012321338000000001}, {"phase": "measured", "order_index": 126, "time_s": 0.010397964, "encode_s": 0.001383974, "total_s": 0.011781938}, {"phase": "measured", "order_index": 128, "time_s": 0.010386357, "encode_s": 0.001384195, "total_s": 0.011770552}, {"phase": "measured", "order_index": 130, "time_s": 0.010460748, "encode_s": 0.001373369, "total_s": 0.011834117}, {"phase": "measured", "order_index": 132, "time_s": 0.010404795, "encode_s": 0.001380018, "total_s": 0.011784813}, {"phase": "measured", "order_index": 134, "time_s": 0.010371635, "encode_s": 0.001379888, "total_s": 0.011751523}, {"phase": "measured", "order_index": 136, "time_s": 0.010324094, "encode_s": 0.001385987, "total_s": 0.011710081}, {"phase": "measured", "order_index": 138, "time_s": 0.010358065, "encode_s": 0.001403714, "total_s": 0.011761779}, {"phase": "measured", "order_index": 140, "time_s": 0.010393778, "encode_s": 0.001380118, "total_s": 0.011773895999999999}, {"phase": "measured", "order_index": 142, "time_s": 0.010330974, "encode_s": 0.001363794, "total_s": 0.011694768}, {"phase": "measured", "order_index": 144, "time_s": 0.010402281, "encode_s": 0.001382372, "total_s": 0.011784652999999999}]}}}
mask-k	Run selected fresh official gate	2026-10-07T23:43:12.0529166Z SYNTHETIC_RAW 2 r10-record-nonempty {"kind": "file", "corpus": "synthetic-transfer", "file": "tiny-structured.txt", "raw_bytes": 15588, "sha256": "2b4701704019445efcca8272c668d8015913d54616281baf813d477623dfcdd3", "methods": {"incumbent": {"external": false, "output_bytes": 1492, "output_sha256": "f35f34fe896e5ec7c7a15e89fe5bd6eb74d866642044e5d5df10ea85bcdc674f", "tokens": 1083, "tokens_sha256": "0fa05be94e7e54cd3cede626db4ec06f61e270d22e2f35d810b14ec5a00d6dde", "deterministic": true, "encode_s": 0.000150926, "errors": [], "reps": [{"phase": "warmup", "order_index": 145, "time_s": 0.000230706, "encode_s": 0.000150926, "total_s": 0.000381632}, {"phase": "measured", "order_index": 147, "time_s": 0.000219519, "encode_s": 0.000142343, "total_s": 0.000361862}, {"phase": "measured", "order_index": 149, "time_s": 0.000217877, "encode_s": 0.000141251, "total_s": 0.000359128}, {"phase": "measured", "order_index": 151, "time_s": 0.000217476, "encode_s": 0.000138778, "total_s": 0.00035625399999999997}, {"phase": "measured", "order_index": 153, "time_s": 0.000227681, "encode_s": 0.000138648, "total_s": 0.000366329}, {"phase": "measured", "order_index": 155, "time_s": 0.000219259, "encode_s": 0.000147901, "total_s": 0.00036716}, {"phase": "measured", "order_index": 157, "time_s": 0.000218638, "encode_s": 0.000132999, "total_s": 0.000351637}, {"phase": "measured", "order_index": 159, "time_s": 0.000217176, "encode_s": 0.000136414, "total_s": 0.00035359}, {"phase": "measured", "order_index": 161, "time_s": 0.000217606, "encode_s": 0.000135624, "total_s": 0.00035322999999999995}, {"phase": "measured", "order_index": 163, "time_s": 0.000217827, "encode_s": 0.000137706, "total_s": 0.000355533}, {"phase": "measured", "order_index": 165, "time_s": 0.000229734, "encode_s": 0.000141462, "total_s": 0.00037119599999999996}, {"phase": "measured", "order_index": 167, "time_s": 0.0002267, "encode_s": 0.000136645, "total_s": 0.000363345}]}, "r10-record-nonempty": {"external": false, "output_bytes": 1318, "output_sha256": "f23d7bb1ee17a9f8aac0aeae5cbde95ded30cb302220c9f17fc3320ce87e296e", "tokens": 1226, "tokens_sha256": "7bdca15b6f33c653076cfd1ae40f2221169e10ec6cd0c1c85c9ef49978f2fb43", "deterministic": true, "encode_s": 0.000134071, "errors": [], "reps": [{"phase": "warmup", "order_index": 146, "time_s": 0.000375032, "encode_s": 0.000134071, "total_s": 0.000509103}, {"phase": "measured", "order_index": 148, "time_s": 0.00036673, "encode_s": 0.000131377, "total_s": 0.000498107}, {"phase": "measured", "order_index": 150, "time_s": 0.000350435, "encode_s": 0.000137496, "total_s": 0.00048793100000000004}, {"phase": "measured", "order_index": 152, "time_s": 0.000348733, "encode_s": 0.000125608, "total_s": 0.000474341}, {"phase": "measured", "order_index": 154, "time_s": 0.000348943, "encode_s": 0.000128122, "total_s": 0.000477065}, {"phase": "measured", "order_index": 156, "time_s": 0.000344937, "encode_s": 0.000125468, "total_s": 0.000470405}, {"phase": "measured", "order_index": 158, "time_s": 0.000351387, "encode_s": 0.000126009, "total_s": 0.000477396}, {"phase": "measured", "order_index": 160, "time_s": 0.000351337, "encode_s": 0.000128252, "total_s": 0.000479589}, {"phase": "measured", "order_index": 162, "time_s": 0.00034689, "encode_s": 0.000135433, "total_s": 0.000482323}, {"phase": "measured", "order_index": 164, "time_s": 0.000345779, "encode_s": 0.000126559, "total_s": 0.000472338}, {"phase": "measured", "order_index": 166, "time_s": 0.000348372, "encode_s": 0.00012661, "total_s": 0.000474982}, {"phase": "measured", "order_index": 168, "time_s": 0.000344577, "encode_s": 0.000123575, "total_s": 0.000468152}]}}}
mask-k	Run selected fresh official gate	2026-10-07T23:43:12.0549496Z SYNTHETIC_RAW 2 r10-record-nonempty {"kind": "file", "corpus": "synthetic-transfer", "file": "window-boundary.bin", "raw_bytes": 73735, "sha256": "3d5e223fd8ced74430c5b87ebbbe4ff9c9782c6902f9b137538dddc79f087dcc", "methods": {"incumbent": {"external": false, "output_bytes": 73933, "output_sha256": "5e456557d23dbd5249a36f224b7449a9d53075a00273d27d8ee8f397eeafb978", "tokens": 73559, "tokens_sha256": "35dd083034d7d329eefea50f23c8b2117879da70eb37280242ffd804c83eaf3b", "deterministic": true, "encode_s": 0.00256915, "errors": [], "reps": [{"phase": "warmup", "order_index": 169, "time_s": 0.000909923, "encode_s": 0.00256915, "total_s": 0.003479073}, {"phase": "measured", "order_index": 171, "time_s": 0.000893679, "encode_s": 0.002536963, "total_s": 0.0034306420000000002}, {"phase": "measured", "order_index": 173, "time_s": 0.000897124, "encode_s": 0.002538034, "total_s": 0.0034351580000000002}, {"phase": "measured", "order_index": 175, "time_s": 0.000905718, "encode_s": 0.002546977, "total_s": 0.0034526950000000004}, {"phase": "measured", "order_index": 177, "time_s": 0.000894821, "encode_s": 0.002534929, "total_s": 0.00342975}, {"phase": "measured", "order_index": 179, "time_s": 0.000894931, "encode_s": 0.002541309, "total_s": 0.0034362399999999997}, {"phase": "measured", "order_index": 181, "time_s": 0.00090042, "encode_s": 0.002550693, "total_s": 0.003451113}, {"phase": "measured", "order_index": 183, "time_s": 0.000905086, "encode_s": 0.002572876, "total_s": 0.0034779620000000002}, {"phase": "measured", "order_index": 185, "time_s": 0.000899859, "encode_s": 0.002572155, "total_s": 0.003472014}, {"phase": "measured", "order_index": 187, "time_s": 0.00089367, "encode_s": 0.002549451, "total_s": 0.003443121}, {"phase": "measured", "order_index": 189, "time_s": 0.000910885, "encode_s": 0.002563082, "total_s": 0.0034739669999999997}, {"phase": "measured", "order_index": 191, "time_s": 0.000889072, "encode_s": 0.002562761, "total_s": 0.003451833}]}, "r10-record-nonempty": {"external": false, "output_bytes": 73760, "output_sha256": "7fc0f619879f4fb08483c528b61a18725bafcbfbce8f257146ac4741ba95851b", "tokens": 73735, "tokens_sha256": "8a3f0d4d337189d036871ced04356a9ba83426a905ea1c72d81f57b9d8549140", "deterministic": true, "encode_s": 0.002423141, "errors": [], "reps": [{"phase": "warmup", "order_index": 170, "time_s": 0.000474451, "encode_s": 0.002423141, "total_s": 0.002897592}, {"phase": "measured", "order_index": 172, "time_s": 0.000479459, "encode_s": 0.002399136, "total_s": 0.0028785950000000003}, {"phase": "measured", "order_index": 174, "time_s": 0.000464266, "encode_s": 0.002405054, "total_s": 0.00286932}, {"phase": "measured", "order_index": 176, "time_s": 0.000462424, "encode_s": 0.002410322, "total_s": 0.002872746}, {"phase": "measured", "order_index": 178, "time_s": 0.00046066, "encode_s": 0.002398746, "total_s": 0.002859406}, {"phase": "measured", "order_index": 180, "time_s": 0.000472137, "encode_s": 0.002400668, "total_s": 0.002872805}, {"phase": "measured", "order_index": 182, "time_s": 0.000470415, "encode_s": 0.002425996, "total_s": 0.002896411}, {"phase": "measured", "order_index": 184, "time_s": 0.000459929, "encode_s": 0.002482861, "total_s": 0.00294279}, {"phase": "measured", "order_index": 186, "time_s": 0.000461231, "encode_s": 0.002432556, "total_s": 0.002893787}, {"phase": "measured", "order_index": 188, "time_s": 0.000458548, "encode_s": 0.00249559, "total_s": 0.002954138}, {"phase": "measured", "order_index": 190, "time_s": 0.000458417, "encode_s": 0.002394919, "total_s": 0.002853336}, {"phase": "measured", "order_index": 192, "time_s": 0.000466149, "encode_s": 0.002400287, "total_s": 0.002866436}]}}}
mask-k	Run selected fresh official gate	2026-10-07T23:43:12.0888853Z ^[[32m2026-10-07 23:43:12.088^[[0m | ^[[34m^[[1mDEBUG   ^[[0m | ^[[36msandbox.bwrap^[[0m:^[[36mrun^[[0m:^[[36m110^[[0m - ^[[34m^[[1m[bwrap] rustc exit=0 in 0.0s^[[0m
mask-k	Run selected fresh official gate	2026-10-07T23:43:13.8928652Z ^[[32m2026-10-07 23:43:13.891^[[0m | ^[[34m^[[1mDEBUG   ^[[0m | ^[[36msandbox.bwrap^[[0m:^[[36mrun^[[0m:^[[36m110^[[0m - ^[[34m^[[1m[bwrap] cargo exit=0 in 1.8s^[[0m
mask-k	Run selected fresh official gate	2026-10-07T23:43:13.8958737Z ^[[32m2026-10-07 23:43:13.892^[[0m | ^[[34m^[[1mDEBUG   ^[[0m | ^[[36mbench.driver^[[0m:^[[36m_build^[[0m:^[[36m295^[[0m - ^[[34m^[[1m[bench] built incumbent in 1.8s exit=0^[[0m
mask-k	Run selected fresh official gate	2026-10-07T23:43:17.8507221Z ^[[32m2026-10-07 23:43:17.850^[[0m | ^[[34m^[[1mDEBUG   ^[[0m | ^[[36msandbox.bwrap^[[0m:^[[36mrun^[[0m:^[[36m110^[[0m - ^[[34m^[[1m[bwrap] cargo exit=0 in 4.0s^[[0m
mask-k	Run selected fresh official gate	2026-10-07T23:43:17.8508993Z ^[[32m2026-10-07 23:43:17.850^[[0m | ^[[34m^[[1mDEBUG   ^[[0m | ^[[36mbench.driver^[[0m:^[[36m_build^[[0m:^[[36m295^[[0m - ^[[34m^[[1m[bench] built r9-block-scalar in 4.0s exit=0^[[0m
mask-k	Run selected fresh official gate	2026-10-07T23:43:18.6167833Z ^[[32m2026-10-07 23:43:18.616^[[0m | ^[[34m^[[1mDEBUG   ^[[0m | ^[[36msandbox.bwrap^[[0m:^[[36mrun^[[0m:^[[36m110^[[0m - ^[[34m^[[1m[bwrap] measure exit=0 in 0.8s^[[0m
mask-k	Run selected fresh official gate	2026-10-07T23:43:18.6169609Z ^[[32m2026-10-07 23:43:18.616^[[0m | ^[[34m^[[1mDEBUG   ^[[0m | ^[[36mbench.driver^[[0m:^[[36m_measure^[[0m:^[[36m333^[[0m - ^[[34m^[[1m[bench] measured r9-block-scalar in 0.8s exit=0^[[0m
mask-k	Run selected fresh official gate	2026-10-07T23:43:18.6216241Z SYNTHETIC_MEASUREMENT {"candidate": "r9-block-scalar", "round": 2, "time": 1.001676777454847, "size_pct": 33.56950550785449}
mask-k	Run selected fresh official gate	2026-10-07T23:43:18.6224952Z SYNTHETIC_RAW 2 r9-block-scalar {"kind": "meta", "schema_version": 4, "started_at_unix": 1791416597.8667047, "corpus": "synthetic-transfer", "corpus_dir": "/home/runner/work/_temp/round4-receipts/synthetic-transfer", "os": "linux", "arch": "x86_64", "rustc_version": "rustc 1.100.0-nightly (8fa1c96cf 2026-08-17)", "cpu_model": "AMD EPYC 9V74 80-Core Processor", "cpu_governor": null, "warmup_rounds": 1, "measured_rounds": 11, "speed_floor": null, "methods": {"incumbent": {"external": false, "crate_dir": "/home/runner/work/_temp/deflate-upstream/data/bench-workspace/20261007T234312Z-161e5f8e-6zkgz_c_/incumbent", "source_sha256": "b9e0d844baf5958cf0c1c66bfb9fd1f89663fa30f21a99c3c116b3dd2e771361", "lib_sha256": "141f58ceb5d68fdd9fef84fc9da46540dfd34174de8533d923ef187ae09ec57b"}, "r9-block-scalar": {"external": false, "crate_dir": "/home/runner/work/_temp/deflate-upstream/data/bench-workspace/20261007T234312Z-161e5f8e-6zkgz_c_/r9-block-scalar", "source_sha256": "faf1d7281678d12c3243002121feecdd0ea139633dea197dbc77d86fb6319257", "lib_sha256": "484b649754f662c37c1a63e4ab1bd31e2362a04c0b6361e421e7263d93bc63dc"}}, "benchmark_provenance": {"version": 1, "engine_sha256": "ab202460691492f48d5c632375f5df2a74fc3769a81337e876607e9326a46fac", "template_sha256": "584b01793667c5257da4e76da919fbb3bb73c72fa434866622fe3905884d33f0", "host_sha256": "2b32344a74bca6b42edebf4f499412873c9bc3de9561a681587513913177b357", "cpus": "0", "process_affinity": [0, 1], "memory_mb": 2048, "sandbox": true, "build_profile": "release", "external_references": false}}
mask-k	Run selected fresh official gate	2026-10-07T23:43:18.6247889Z SYNTHETIC_RAW 2 r9-block-scalar {"kind": "file", "corpus": "synthetic-transfer", "file": "multilingual.txt", "raw_bytes": 163270, "sha256": "bdd257c8c2afbd9c418ec8954e0ca3f2cedbfa5a622e9b2d5255f35647f1aecc", "methods": {"incumbent": {"external": false, "output_bytes": 9206, "output_sha256": "dd1312ec4702740b4331fb5195ee7cf1f8f1e4ebb52c5bad2ee9ac46eb142e05", "tokens": 4618, "tokens_sha256": "a6e0f107a4d317d16a1a0fe1f14d8a05d25385b4de7fa5b1409ef0de972f3b25", "deterministic": true, "encode_s": 0.000363034, "errors": [], "reps": [{"phase": "warmup", "order_index": 1, "time_s": 0.002000828, "encode_s": 0.000363034, "total_s": 0.002363862}, {"phase": "measured", "order_index": 3, "time_s": 0.001860999, "encode_s": 0.000298767, "total_s": 0.002159766}, {"phase": "measured", "order_index": 5, "time_s": 0.001865595, "encode_s": 0.000298777, "total_s": 0.002164372}, {"phase": "measured", "order_index": 7, "time_s": 0.001862401, "encode_s": 0.000318438, "total_s": 0.002180839}, {"phase": "measured", "order_index": 9, "time_s": 0.001851375, "encode_s": 0.000298648, "total_s": 0.002150023}, {"phase": "measured", "order_index": 11, "time_s": 0.001853418, "encode_s": 0.000298998, "total_s": 0.002152416}, {"phase": "measured", "order_index": 13, "time_s": 0.001875891, "encode_s": 0.00030034, "total_s": 0.002176231}, {"phase": "measured", "order_index": 15, "time_s": 0.00186103, "encode_s": 0.000317075, "total_s": 0.002178105}, {"phase": "measured", "order_index": 17, "time_s": 0.001855491, "encode_s": 0.000297486, "total_s": 0.002152977}, {"phase": "measured", "order_index": 19, "time_s": 0.001856963, "encode_s": 0.000296865, "total_s": 0.002153828}, {"phase": "measured", "order_index": 21, "time_s": 0.001860088, "encode_s": 0.000298758, "total_s": 0.002158846}, {"phase": "measured", "order_index": 23, "time_s": 0.001876753, "encode_s": 0.000304647, "total_s": 0.0021814}]}, "r9-block-scalar": {"external": false, "output_bytes": 7354, "output_sha256": "8446e352761e31d56d827e0a1dfa84bf4bcd8b0bd6e245feb1956f074f5a9d9a", "tokens": 6693, "tokens_sha256": "cdfc886d550cc2480ead138713085c05e1a3d78a051e37a231e4cd6dc873903b", "deterministic": true, "encode_s": 0.000268362, "errors": [], "reps": [{"phase": "warmup", "order_index": 2, "time_s": 0.005846002, "encode_s": 0.000268362, "total_s": 0.006114364000000001}, {"phase": "measured", "order_index": 4, "time_s": 0.005249377, "encode_s": 0.000284756, "total_s": 0.005534133}, {"phase": "measured", "order_index": 6, "time_s": 0.005246533, "encode_s": 0.000277105, "total_s": 0.005523638}, {"phase": "measured", "order_index": 8, "time_s": 0.005231631, "encode_s": 0.00026663, "total_s": 0.005498261}, {"phase": "measured", "order_index": 10, "time_s": 0.005242556, "encode_s": 0.000265558, "total_s": 0.005508114}, {"phase": "measured", "order_index": 12, "time_s": 0.005251991, "encode_s": 0.00027995, "total_s": 0.005531941}, {"phase": "measured", "order_index": 14, "time_s": 0.005229047, "encode_s": 0.000269914, "total_s": 0.005498961}, {"phase": "measured", "order_index": 16, "time_s": 0.005238351, "encode_s": 0.000269534, "total_s": 0.005507885}, {"phase": "measured", "order_index": 18, "time_s": 0.005262036, "encode_s": 0.00026668, "total_s": 0.005528716}, {"phase": "measured", "order_index": 20, "time_s": 0.00529751, "encode_s": 0.000290625, "total_s": 0.005588135}, {"phase": "measured", "order_index": 22, "time_s": 0.005227364, "encode_s": 0.000268162, "total_s": 0.005495526}, {"phase": "measured", "order_index": 24, "time_s": 0.005249538, "encode_s": 0.000262864, "total_s": 0.005512402}]}}}
mask-k	Run selected fresh official gate	2026-10-07T23:43:18.6279891Z SYNTHETIC_RAW 2 r9-block-scalar {"kind": "file", "corpus": "synthetic-transfer", "file": "random.bin", "raw_bytes": 131101, "sha256": "22c862f2c2c5fd5a072e9f74b5a056aacb9025228d040addb56dcd9bec4c09d3", "methods": {"incumbent": {"external": false, "output_bytes": 131445, "output_sha256": "deebb4fe887edb814c65fc8f8d20b733d4a395d0e32399c3c25af9b591d8dc2d", "tokens": 130620, "tokens_sha256": "5330a4dbafd88f2b8356a1db487249115b5a636a9e2bab5cf05094461ba5cbc3", "deterministic": true, "encode_s": 0.005310529, "errors": [], "reps": [{"phase": "warmup", "order_index": 25, "time_s": 0.001932426, "encode_s": 0.005310529, "total_s": 0.007242955}, {"phase": "measured", "order_index": 27, "time_s": 0.001925766, "encode_s": 0.004222929, "total_s": 0.006148695}, {"phase": "measured", "order_index": 29, "time_s": 0.001904724, "encode_s": 0.004205082, "total_s": 0.006109806}, {"phase": "measured", "order_index": 31, "time_s": 0.001925025, "encode_s": 0.004210901, "total_s": 0.006135926}, {"phase": "measured", "order_index": 33, "time_s": 0.001916723, "encode_s": 0.004241917, "total_s": 0.00615864}, {"phase": "measured", "order_index": 35, "time_s": 0.001914539, "encode_s": 0.004201467, "total_s": 0.006116006}, {"phase": "measured", "order_index": 37, "time_s": 0.001920278, "encode_s": 0.004202878, "total_s": 0.006123156}, {"phase": "measured", "order_index": 39, "time_s": 0.001919997, "encode_s": 0.004198172, "total_s": 0.006118169}, {"phase": "measured", "order_index": 41, "time_s": 0.001929792, "encode_s": 0.004218452, "total_s": 0.006148244000000001}, {"phase": "measured", "order_index": 43, "time_s": 0.001910623, "encode_s": 0.004185443, "total_s": 0.006096066}, {"phase": "measured", "order_index": 45, "time_s": 0.001925926, "encode_s": 0.00436382, "total_s": 0.006289746}, {"phase": "measured", "order_index": 47, "time_s": 0.001892336, "encode_s": 0.004239102, "total_s": 0.0061314379999999995}]}, "r9-block-scalar": {"external": false, "output_bytes": 131144, "output_sha256": "52b5974219d121f00e342319360c4c8bcac7ff2eda0365aa245dfe321fd4613b", "tokens": 131101, "tokens_sha256": "861ef26a6d151afca1053cb702d3d74a8e4ef1beae1928ecd65b6e1995a7cb99", "deterministic": true, "encode_s": 0.004734455, "errors": [], "reps": [{"phase": "warmup", "order_index": 26, "time_s": 0.000950875, "encode_s": 0.004734455, "total_s": 0.005685330000000001}, {"phase": "measured", "order_index": 28, "time_s": 0.000847761, "encode_s": 0.003984391, "total_s": 0.004832152}, {"phase": "measured", "order_index": 30, "time_s": 0.000846769, "encode_s": 0.003981887, "total_s": 0.004828656}, {"phase": "measured", "order_index": 32, "time_s": 0.000836023, "encode_s": 0.003986284, "total_s": 0.004822307}, {"phase": "measured", "order_index": 34, "time_s": 0.000851406, "encode_s": 0.003977411, "total_s": 0.004828817}, {"phase": "measured", "order_index": 36, "time_s": 0.000852878, "encode_s": 0.004015468, "total_s": 0.004868346}, {"phase": "measured", "order_index": 38, "time_s": 0.000850234, "encode_s": 0.0040766, "total_s": 0.004926834}, {"phase": "measured", "order_index": 40, "time_s": 0.00086031, "encode_s": 0.003971302, "total_s": 0.004831612000000001}, {"phase": "measured", "order_index": 42, "time_s": 0.000847911, "encode_s": 0.003977921, "total_s": 0.0048258319999999995}, {"phase": "measured", "order_index": 44, "time_s": 0.000847841, "encode_s": 0.003964141, "total_s": 0.004811982}, {"phase": "measured", "order_index": 46, "time_s": 0.000856955, "encode_s": 0.00401053, "total_s": 0.0048674849999999995}, {"phase": "measured", "order_index": 48, "time_s": 0.000844265, "encode_s": 0.003971623, "total_s": 0.004815888}]}}}
mask-k	Run selected fresh official gate	2026-10-07T23:43:18.6307173Z SYNTHETIC_RAW 2 r9-block-scalar {"kind": "file", "corpus": "synthetic-transfer", "file": "short-log.txt", "raw_bytes": 32505, "sha256": "23ef9a1b24b2cfcd1c73f1ff1a71ab017cbcf921409f96f8839c74819d3c0b82", "methods": {"incumbent": {"external": false, "output_bytes": 4871, "output_sha256": "b801c58b86a433392a15971de32130be788d25cd6f3a91a1abda0f0a909dac25", "tokens": 3017, "tokens_sha256": "fcd4ea723eb6d0e399dc5c1cf6825e8d767f6fc45a05600bb177054b19e7eaec", "deterministic": true, "encode_s": 0.000238517, "errors": [], "reps": [{"phase": "warmup", "order_index": 49, "time_s": 0.000890755, "encode_s": 0.000238517, "total_s": 0.001129272}, {"phase": "measured", "order_index": 51, "time_s": 0.000856042, "encode_s": 0.000228433, "total_s": 0.0010844750000000001}, {"phase": "measured", "order_index": 53, "time_s": 0.000877765, "encode_s": 0.000218728, "total_s": 0.001096493}, {"phase": "measured", "order_index": 55, "time_s": 0.000874791, "encode_s": 0.000215994, "total_s": 0.001090785}, {"phase": "measured", "order_index": 57, "time_s": 0.000875803, "encode_s": 0.000219348, "total_s": 0.001095151}, {"phase": "measured", "order_index": 59, "time_s": 0.000890865, "encode_s": 0.000215633, "total_s": 0.001106498}, {"phase": "measured", "order_index": 61, "time_s": 0.000883484, "encode_s": 0.000215753, "total_s": 0.001099237}, {"phase": "measured", "order_index": 63, "time_s": 0.000883875, "encode_s": 0.000213901, "total_s": 0.001097776}, {"phase": "measured", "order_index": 65, "time_s": 0.000885717, "encode_s": 0.000214342, "total_s": 0.001100059}, {"phase": "measured", "order_index": 67, "time_s": 0.000899088, "encode_s": 0.000214912, "total_s": 0.001114}, {"phase": "measured", "order_index": 69, "time_s": 0.000899698, "encode_s": 0.000217937, "total_s": 0.001117635}, {"phase": "measured", "order_index": 71, "time_s": 0.00088765, "encode_s": 0.000223345, "total_s": 0.001110995}]}, "r9-block-scalar": {"external": false, "output_bytes": 4831, "output_sha256": "48750da245a1f2618b8b50b9094f8fcebd04139c65980d9570606a52faa1df7b", "tokens": 3334, "tokens_sha256": "3c42c3585718f93e7e25668ccfb50bb95cb3087d06bb570c836283c1fa2fc1f5", "deterministic": true, "encode_s": 0.000221161, "errors": [], "reps": [{"phase": "warmup", "order_index": 50, "time_s": 0.000358397, "encode_s": 0.000221161, "total_s": 0.000579558}, {"phase": "measured", "order_index": 52, "time_s": 0.000352418, "encode_s": 0.000218588, "total_s": 0.000571006}, {"phase": "measured", "order_index": 54, "time_s": 0.000358527, "encode_s": 0.000216054, "total_s": 0.000574581}, {"phase": "measured", "order_index": 56, "time_s": 0.000353259, "encode_s": 0.000220461, "total_s": 0.00057372}, {"phase": "measured", "order_index": 58, "time_s": 0.000348092, "encode_s": 0.000210705, "total_s": 0.000558797}, {"phase": "measured", "order_index": 60, "time_s": 0.000356745, "encode_s": 0.000217196, "total_s": 0.000573941}, {"phase": "measured", "order_index": 62, "time_s": 0.000348733, "encode_s": 0.000221772, "total_s": 0.000570505}, {"phase": "measured", "order_index": 64, "time_s": 0.000348082, "encode_s": 0.000210966, "total_s": 0.000559048}, {"phase": "measured", "order_index": 66, "time_s": 0.000357495, "encode_s": 0.000213741, "total_s": 0.000571236}, {"phase": "measured", "order_index": 68, "time_s": 0.0003608, "encode_s": 0.000216835, "total_s": 0.000577635}, {"phase": "measured", "order_index": 70, "time_s": 0.000348192, "encode_s": 0.00021322, "total_s": 0.000561412}, {"phase": "measured", "order_index": 72, "time_s": 0.000349323, "encode_s": 0.000214672, "total_s": 0.0005639950000000001}]}}}
mask-k	Run selected fresh official gate	2026-10-07T23:43:18.6335690Z SYNTHETIC_RAW 2 r9-block-scalar {"kind": "file", "corpus": "synthetic-transfer", "file": "source-like.txt", "raw_bytes": 220484, "sha256": "326efe91d7d1e5a11bee87388ef45c7551b1b541f17a1749d7cd5cd53c25ab66", "methods": {"incumbent": {"external": false, "output_bytes": 16650, "output_sha256": "a459035fe1f2d45221381fefc1bad509a69c3effb5a67ee57a00384072a446f5", "tokens": 7890, "tokens_sha256": "cf67564e32e855eac2759e9b433da56b133fd538e426d3f122c000aa5d009805", "deterministic": true, "encode_s": 0.000289133, "errors": [], "reps": [{"phase": "warmup", "order_index": 73, "time_s": 0.003766225, "encode_s": 0.000289133, "total_s": 0.004055358}, {"phase": "measured", "order_index": 75, "time_s": 0.003774977, "encode_s": 0.000286349, "total_s": 0.0040613260000000005}, {"phase": "measured", "order_index": 77, "time_s": 0.003686775, "encode_s": 0.000284196, "total_s": 0.003970971}, {"phase": "measured", "order_index": 79, "time_s": 0.003676069, "encode_s": 0.000286519, "total_s": 0.003962588}, {"phase": "measured", "order_index": 81, "time_s": 0.003646175, "encode_s": 0.000285528, "total_s": 0.003931703}, {"phase": "measured", "order_index": 83, "time_s": 0.003646314, "encode_s": 0.000289264, "total_s": 0.003935578}, {"phase": "measured", "order_index": 85, "time_s": 0.003655999, "encode_s": 0.000281061, "total_s": 0.00393706}, {"phase": "measured", "order_index": 87, "time_s": 0.003657201, "encode_s": 0.000287281, "total_s": 0.003944482}, {"phase": "measured", "order_index": 89, "time_s": 0.003673796, "encode_s": 0.000279489, "total_s": 0.003953285}, {"phase": "measured", "order_index": 91, "time_s": 0.003693405, "encode_s": 0.000278047, "total_s": 0.003971452}, {"phase": "measured", "order_index": 93, "time_s": 0.003812895, "encode_s": 0.000277736, "total_s": 0.004090631}, {"phase": "measured", "order_index": 95, "time_s": 0.003756269, "encode_s": 0.00027997, "total_s": 0.004036239}]}, "r9-block-scalar": {"external": false, "output_bytes": 18093, "output_sha256": "38b003ff6fbe88e86ad3d284406ce2022182fcb3a12022e55a3e9a7ff1c99ebd", "tokens": 9194, "tokens_sha256": "226809ab803247b8643baff94f7871853d99771786d05bf020661682180c3144", "deterministic": true, "encode_s": 0.000311937, "errors": [], "reps": [{"phase": "warmup", "order_index": 74, "time_s": 0.001597133, "encode_s": 0.000311937, "total_s": 0.00190907}, {"phase": "measured", "order_index": 76, "time_s": 0.001589342, "encode_s": 0.000299729, "total_s": 0.001889071}, {"phase": "measured", "order_index": 78, "time_s": 0.001584014, "encode_s": 0.000305869, "total_s": 0.001889883}, {"phase": "measured", "order_index": 80, "time_s": 0.001576092, "encode_s": 0.000334381, "total_s": 0.0019104730000000002}, {"phase": "measured", "order_index": 82, "time_s": 0.001580099, "encode_s": 0.000307821, "total_s": 0.00188792}, {"phase": "measured", "order_index": 84, "time_s": 0.001575912, "encode_s": 0.000305908, "total_s": 0.0018818200000000002}, {"phase": "measured", "order_index": 86, "time_s": 0.001577194, "encode_s": 0.000299258, "total_s": 0.001876452}, {"phase": "measured", "order_index": 88, "time_s": 0.00158819, "encode_s": 0.000295734, "total_s": 0.001883924}, {"phase": "measured", "order_index": 90, "time_s": 0.001579567, "encode_s": 0.000296645, "total_s": 0.001876212}, {"phase": "measured", "order_index": 92, "time_s": 0.001579887, "encode_s": 0.000290366, "total_s": 0.001870253}, {"phase": "measured", "order_index": 94, "time_s": 0.001585406, "encode_s": 0.000296624, "total_s": 0.0018820299999999998}, {"phase": "measured", "order_index": 96, "time_s": 0.001599947, "encode_s": 0.000292599, "total_s": 0.001892546}]}}}
mask-k	Run selected fresh official gate	2026-10-07T23:43:18.6355610Z SYNTHETIC_RAW 2 r9-block-scalar {"kind": "file", "corpus": "synthetic-transfer", "file": "sparse.bin", "raw_bytes": 53803, "sha256": "c51b774d8aadb5b636c1463ff5a9df4fe6c326330101df1daf2e4745b07678d3", "methods": {"incumbent": {"external": false, "output_bytes": 1798, "output_sha256": "64a1ff1bc414863ad88544207256d2d9a5ba187a3a5dc2ad6425dd07405c2e2c", "tokens": 1263, "tokens_sha256": "fae120ea72c3aae525d182eab79475dc599c31ea79ce1f32050a110b01939d24", "deterministic": true, "encode_s": 0.00046727, "errors": [], "reps": [{"phase": "warmup", "order_index": 97, "time_s": 0.001008942, "encode_s": 0.00046727, "total_s": 0.0014762120000000002}, {"phase": "measured", "order_index": 99, "time_s": 0.000995652, "encode_s": 0.000443685, "total_s": 0.0014393370000000002}, {"phase": "measured", "order_index": 101, "time_s": 0.000998607, "encode_s": 0.000437235, "total_s": 0.001435842}, {"phase": "measured", "order_index": 103, "time_s": 0.000967059, "encode_s": 0.000438206, "total_s": 0.0014052650000000002}, {"phase": "measured", "order_index": 105, "time_s": 0.000968571, "encode_s": 0.000441431, "total_s": 0.001410002}, {"phase": "measured", "order_index": 107, "time_s": 0.000968572, "encode_s": 0.000450245, "total_s": 0.001418817}, {"phase": "measured", "order_index": 109, "time_s": 0.000986469, "encode_s": 0.000454782, "total_s": 0.001441251}, {"phase": "measured", "order_index": 111, "time_s": 0.00096758, "encode_s": 0.000445218, "total_s": 0.001412798}, {"phase": "measured", "order_index": 113, "time_s": 0.000971496, "encode_s": 0.000443535, "total_s": 0.001415031}, {"phase": "measured", "order_index": 115, "time_s": 0.000965588, "encode_s": 0.000433069, "total_s": 0.001398657}, {"phase": "measured", "order_index": 117, "time_s": 0.000968742, "encode_s": 0.000441331, "total_s": 0.001410073}, {"phase": "measured", "order_index": 119, "time_s": 0.000971516, "encode_s": 0.000438337, "total_s": 0.001409853}]}, "r9-block-scalar": {"external": false, "output_bytes": 1402, "output_sha256": "5f6877d70a973d7df0155d800ecf1afae66e208fbb206d2b36f4de0e16d0ff27", "tokens": 1337, "tokens_sha256": "55997107e53f53722b29f5e7c0ded399b994cccea673fd0f1f22abdcb1ff8048", "deterministic": true, "encode_s": 0.000442954, "errors": [], "reps": [{"phase": "warmup", "order_index": 98, "time_s": 0.000236154, "encode_s": 0.000442954, "total_s": 0.000679108}, {"phase": "measured", "order_index": 100, "time_s": 0.000236955, "encode_s": 0.000433139, "total_s": 0.000670094}, {"phase": "measured", "order_index": 102, "time_s": 0.000242363, "encode_s": 0.00042071, "total_s": 0.0006630729999999999}, {"phase": "measured", "order_index": 104, "time_s": 0.000240791, "encode_s": 0.000425488, "total_s": 0.000666279}, {"phase": "measured", "order_index": 106, "time_s": 0.00023382, "encode_s": 0.000423855, "total_s": 0.000657675}, {"phase": "measured", "order_index": 108, "time_s": 0.00023323, "encode_s": 0.000421361, "total_s": 0.0006545909999999999}, {"phase": "measured", "order_index": 110, "time_s": 0.000237055, "encode_s": 0.000420901, "total_s": 0.000657956}, {"phase": "measured", "order_index": 112, "time_s": 0.000233289, "encode_s": 0.000421522, "total_s": 0.000654811}, {"phase": "measured", "order_index": 114, "time_s": 0.000232559, "encode_s": 0.000429053, "total_s": 0.000661612}, {"phase": "measured", "order_index": 116, "time_s": 0.000232929, "encode_s": 0.000430345, "total_s": 0.0006632739999999999}, {"phase": "measured", "order_index": 118, "time_s": 0.000232378, "encode_s": 0.000437015, "total_s": 0.000669393}, {"phase": "measured", "order_index": 120, "time_s": 0.000233009, "encode_s": 0.000430285, "total_s": 0.000663294}]}}}
mask-k	Run selected fresh official gate	2026-10-07T23:43:18.6384304Z SYNTHETIC_RAW 2 r9-block-scalar {"kind": "file", "corpus": "synthetic-transfer", "file": "table.csv", "raw_bytes": 193765, "sha256": "e773c09c5e5d585dc64330f220ca47963de24c1be3297a8161e89fca34b98a85", "methods": {"incumbent": {"external": false, "output_bytes": 65436, "output_sha256": "dcb53081688a36dad21b849906f65e985a744ef8864e9324768f44dbb485a3fc", "tokens": 39085, "tokens_sha256": "93d50fc8a84ae35d4a248c3fc06f3632d2da32348cd6896ad6f9f43ea9515f65", "deterministic": true, "encode_s": 0.001404244, "errors": [], "reps": [{"phase": "warmup", "order_index": 121, "time_s": 0.010747596, "encode_s": 0.001404244, "total_s": 0.01215184}, {"phase": "measured", "order_index": 123, "time_s": 0.01078302, "encode_s": 0.001415762, "total_s": 0.012198782000000002}, {"phase": "measured", "order_index": 125, "time_s": 0.010574908, "encode_s": 0.001390314, "total_s": 0.011965222}, {"phase": "measured", "order_index": 127, "time_s": 0.010597572, "encode_s": 0.001398616, "total_s": 0.011996188}, {"phase": "measured", "order_index": 129, "time_s": 0.010984302, "encode_s": 0.001396953, "total_s": 0.012381254999999999}, {"phase": "measured", "order_index": 131, "time_s": 0.010627207, "encode_s": 0.001385176, "total_s": 0.012012383}, {"phase": "measured", "order_index": 133, "time_s": 0.010617382, "encode_s": 0.001395251, "total_s": 0.012012633}, {"phase": "measured", "order_index": 135, "time_s": 0.01060269, "encode_s": 0.001392416, "total_s": 0.011995106}, {"phase": "measured", "order_index": 137, "time_s": 0.010564994, "encode_s": 0.001385987, "total_s": 0.011950981}, {"phase": "measured", "order_index": 139, "time_s": 0.010567438, "encode_s": 0.001386417, "total_s": 0.011953855}, {"phase": "measured", "order_index": 141, "time_s": 0.010564182, "encode_s": 0.001392006, "total_s": 0.011956188}, {"phase": "measured", "order_index": 143, "time_s": 0.010604733, "encode_s": 0.00138767, "total_s": 0.011992403}]}, "r9-block-scalar": {"external": false, "output_bytes": 57850, "output_sha256": "5970fdf032fa2826ec474d5dd7700c4a9e6ec344c1c5e4db897dc241b6f4d951", "tokens": 65949, "tokens_sha256": "f6ddafd22bb506fa18b7468bdadb3ea9b57c9536dc8965c161c0e5f3df2c6ff8", "deterministic": true, "encode_s": 0.001435721, "errors": [], "reps": [{"phase": "warmup", "order_index": 122, "time_s": 0.011213215, "encode_s": 0.001435721, "total_s": 0.012648936}, {"phase": "measured", "order_index": 124, "time_s": 0.011228297, "encode_s": 0.001415241, "total_s": 0.012643538}, {"phase": "measured", "order_index": 126, "time_s": 0.010548129, "encode_s": 0.001395912, "total_s": 0.011944040999999999}, {"phase": "measured", "order_index": 128, "time_s": 0.010499556, "encode_s": 0.001389492, "total_s": 0.011889048}, {"phase": "measured", "order_index": 130, "time_s": 0.010573286, "encode_s": 0.001386758, "total_s": 0.011960044}, {"phase": "measured", "order_index": 132, "time_s": 0.010599475, "encode_s": 0.001378456, "total_s": 0.011977931}, {"phase": "measured", "order_index": 134, "time_s": 0.010612655, "encode_s": 0.001392577, "total_s": 0.012005232000000001}, {"phase": "measured", "order_index": 136, "time_s": 0.010531904, "encode_s": 0.001393097, "total_s": 0.011925001}, {"phase": "measured", "order_index": 138, "time_s": 0.01059644, "encode_s": 0.001404294, "total_s": 0.012000734}, {"phase": "measured", "order_index": 140, "time_s": 0.010572855, "encode_s": 0.001399688, "total_s": 0.011972543}, {"phase": "measured", "order_index": 142, "time_s": 0.010598043, "encode_s": 0.001551035, "total_s": 0.012149078}, {"phase": "measured", "order_index": 144, "time_s": 0.01058309, "encode_s": 0.001390775, "total_s": 0.011973865}]}}}
mask-k	Run selected fresh official gate	2026-10-07T23:43:18.6415029Z SYNTHETIC_RAW 2 r9-block-scalar {"kind": "file", "corpus": "synthetic-transfer", "file": "tiny-structured.txt", "raw_bytes": 15588, "sha256": "2b4701704019445efcca8272c668d8015913d54616281baf813d477623dfcdd3", "methods": {"incumbent": {"external": false, "output_bytes": 1492, "output_sha256": "f35f34fe896e5ec7c7a15e89fe5bd6eb74d866642044e5d5df10ea85bcdc674f", "tokens": 1083, "tokens_sha256": "0fa05be94e7e54cd3cede626db4ec06f61e270d22e2f35d810b14ec5a00d6dde", "deterministic": true, "encode_s": 0.00015367, "errors": [], "reps": [{"phase": "warmup", "order_index": 145, "time_s": 0.000220922, "encode_s": 0.00015367, "total_s": 0.000374592}, {"phase": "measured", "order_index": 147, "time_s": 0.000206559, "encode_s": 0.000147982, "total_s": 0.000354541}, {"phase": "measured", "order_index": 149, "time_s": 0.000205738, "encode_s": 0.000144427, "total_s": 0.000350165}, {"phase": "measured", "order_index": 151, "time_s": 0.000208482, "encode_s": 0.000143925, "total_s": 0.000352407}, {"phase": "measured", "order_index": 153, "time_s": 0.000221662, "encode_s": 0.000141402, "total_s": 0.00036306399999999996}, {"phase": "measured", "order_index": 155, "time_s": 0.000205698, "encode_s": 0.000150196, "total_s": 0.00035589400000000005}, {"phase": "measured", "order_index": 157, "time_s": 0.000212388, "encode_s": 0.000136004, "total_s": 0.000348392}, {"phase": "measured", "order_index": 159, "time_s": 0.000212068, "encode_s": 0.000137606, "total_s": 0.000349674}, {"phase": "measured", "order_index": 161, "time_s": 0.000211276, "encode_s": 0.000141332, "total_s": 0.000352608}, {"phase": "measured", "order_index": 163, "time_s": 0.000213019, "encode_s": 0.000143155, "total_s": 0.000356174}, {"phase": "measured", "order_index": 165, "time_s": 0.000211227, "encode_s": 0.000141432, "total_s": 0.000352659}, {"phase": "measured", "order_index": 167, "time_s": 0.000221411, "encode_s": 0.000142324, "total_s": 0.000363735}]}, "r9-block-scalar": {"external": false, "output_bytes": 1318, "output_sha256": "f23d7bb1ee17a9f8aac0aeae5cbde95ded30cb302220c9f17fc3320ce87e296e", "tokens": 1226, "tokens_sha256": "7bdca15b6f33c653076cfd1ae40f2221169e10ec6cd0c1c85c9ef49978f2fb43", "deterministic": true, "encode_s": 0.000134241, "errors": [], "reps": [{"phase": "warmup", "order_index": 146, "time_s": 0.00038031, "encode_s": 0.000134241, "total_s": 0.000514551}, {"phase": "measured", "order_index": 148, "time_s": 0.000369143, "encode_s": 0.000140651, "total_s": 0.000509794}, {"phase": "measured", "order_index": 150, "time_s": 0.000357055, "encode_s": 0.000141472, "total_s": 0.000498527}, {"phase": "measured", "order_index": 152, "time_s": 0.00035346, "encode_s": 0.000131968, "total_s": 0.000485428}, {"phase": "measured", "order_index": 154, "time_s": 0.000350084, "encode_s": 0.000130456, "total_s": 0.00048054}, {"phase": "measured", "order_index": 156, "time_s": 0.000346829, "encode_s": 0.000129284, "total_s": 0.000476113}, {"phase": "measured", "order_index": 158, "time_s": 0.000355483, "encode_s": 0.000128853, "total_s": 0.00048433600000000003}, {"phase": "measured", "order_index": 160, "time_s": 0.000369644, "encode_s": 0.000133139, "total_s": 0.0005027829999999999}, {"phase": "measured", "order_index": 162, "time_s": 0.000357086, "encode_s": 0.000132188, "total_s": 0.000489274}, {"phase": "measured", "order_index": 164, "time_s": 0.000346379, "encode_s": 0.000138187, "total_s": 0.000484566}, {"phase": "measured", "order_index": 166, "time_s": 0.000347291, "encode_s": 0.000131387, "total_s": 0.000478678}, {"phase": "measured", "order_index": 168, "time_s": 0.000347811, "encode_s": 0.000128263, "total_s": 0.000476074}]}}}
mask-k	Run selected fresh official gate	2026-10-07T23:43:18.6432035Z SYNTHETIC_RAW 2 r9-block-scalar {"kind": "file", "corpus": "synthetic-transfer", "file": "window-boundary.bin", "raw_bytes": 73735, "sha256": "3d5e223fd8ced74430c5b87ebbbe4ff9c9782c6902f9b137538dddc79f087dcc", "methods": {"incumbent": {"external": false, "output_bytes": 73933, "output_sha256": "5e456557d23dbd5249a36f224b7449a9d53075a00273d27d8ee8f397eeafb978", "tokens": 73559, "tokens_sha256": "35dd083034d7d329eefea50f23c8b2117879da70eb37280242ffd804c83eaf3b", "deterministic": true, "encode_s": 0.00260887, "errors": [], "reps": [{"phase": "warmup", "order_index": 169, "time_s": 0.000898927, "encode_s": 0.00260887, "total_s": 0.003507797}, {"phase": "measured", "order_index": 171, "time_s": 0.000903294, "encode_s": 0.002566906, "total_s": 0.0034701999999999997}, {"phase": "measured", "order_index": 173, "time_s": 0.000885818, "encode_s": 0.002592415, "total_s": 0.003478233}, {"phase": "measured", "order_index": 175, "time_s": 0.000906639, "encode_s": 0.002600988, "total_s": 0.0035076269999999997}, {"phase": "measured", "order_index": 177, "time_s": 0.000899207, "encode_s": 0.00260225, "total_s": 0.003501457}, {"phase": "measured", "order_index": 179, "time_s": 0.000897876, "encode_s": 0.00261583, "total_s": 0.003513706}, {"phase": "measured", "order_index": 181, "time_s": 0.00090118, "encode_s": 0.002591805, "total_s": 0.003492985}, {"phase": "measured", "order_index": 183, "time_s": 0.000895212, "encode_s": 0.002580147, "total_s": 0.003475359}, {"phase": "measured", "order_index": 185, "time_s": 0.000903284, "encode_s": 0.002576542, "total_s": 0.0034798259999999997}, {"phase": "measured", "order_index": 187, "time_s": 0.000896524, "encode_s": 0.002576732, "total_s": 0.003473256}, {"phase": "measured", "order_index": 189, "time_s": 0.000890625, "encode_s": 0.002578865, "total_s": 0.00346949}, {"phase": "measured", "order_index": 191, "time_s": 0.000886679, "encode_s": 0.002586176, "total_s": 0.003472855}]}, "r9-block-scalar": {"external": false, "output_bytes": 73760, "output_sha256": "7fc0f619879f4fb08483c528b61a18725bafcbfbce8f257146ac4741ba95851b", "tokens": 73735, "tokens_sha256": "8a3f0d4d337189d036871ced04356a9ba83426a905ea1c72d81f57b9d8549140", "deterministic": true, "encode_s": 0.002438054, "errors": [], "reps": [{"phase": "warmup", "order_index": 170, "time_s": 0.000477205, "encode_s": 0.002438054, "total_s": 0.002915259}, {"phase": "measured", "order_index": 172, "time_s": 0.000481852, "encode_s": 0.002429662, "total_s": 0.002911514}, {"phase": "measured", "order_index": 174, "time_s": 0.000482994, "encode_s": 0.00242241, "total_s": 0.002905404}, {"phase": "measured", "order_index": 176, "time_s": 0.000479428, "encode_s": 0.002437263, "total_s": 0.002916691}, {"phase": "measured", "order_index": 178, "time_s": 0.000484376, "encode_s": 0.002440597, "total_s": 0.002924973}, {"phase": "measured", "order_index": 180, "time_s": 0.000475814, "encode_s": 0.002435149, "total_s": 0.0029109630000000004}, {"phase": "measured", "order_index": 182, "time_s": 0.000478517, "encode_s": 0.002427988, "total_s": 0.0029065049999999998}, {"phase": "measured", "order_index": 184, "time_s": 0.000473269, "encode_s": 0.002445004, "total_s": 0.0029182730000000003}, {"phase": "measured", "order_index": 186, "time_s": 0.00047373, "encode_s": 0.002573406, "total_s": 0.0030471359999999998}, {"phase": "measured", "order_index": 188, "time_s": 0.00047418, "encode_s": 0.002432215, "total_s": 0.002906395}, {"phase": "measured", "order_index": 190, "time_s": 0.000491877, "encode_s": 0.0024294, "total_s": 0.002921277}, {"phase": "measured", "order_index": 192, "time_s": 0.000483785, "encode_s": 0.002425555, "total_s": 0.00290934}]}}}
mask-k	Run selected fresh official gate	2026-10-07T23:43:18.6793054Z ^[[32m2026-10-07 23:43:18.679^[[0m | ^[[34m^[[1mDEBUG   ^[[0m | ^[[36msandbox.bwrap^[[0m:^[[36mrun^[[0m:^[[36m110^[[0m - ^[[34m^[[1m[bwrap] rustc exit=0 in 0.0s^[[0m
mask-k	Run selected fresh official gate	2026-10-07T23:43:20.5021867Z ^[[32m2026-10-07 23:43:20.500^[[0m | ^[[34m^[[1mDEBUG   ^[[0m | ^[[36msandbox.bwrap^[[0m:^[[36mrun^[[0m:^[[36m110^[[0m - ^[[34m^[[1m[bwrap] cargo exit=0 in 1.8s^[[0m
mask-k	Run selected fresh official gate	2026-10-07T23:43:20.5025173Z ^[[32m2026-10-07 23:43:20.500^[[0m | ^[[34m^[[1mDEBUG   ^[[0m | ^[[36mbench.driver^[[0m:^[[36m_build^[[0m:^[[36m295^[[0m - ^[[34m^[[1m[bench] built incumbent in 1.8s exit=0^[[0m
mask-k	Run selected fresh official gate	2026-10-07T23:43:23.7883045Z ^[[32m2026-10-07 23:43:23.787^[[0m | ^[[34m^[[1mDEBUG   ^[[0m | ^[[36msandbox.bwrap^[[0m:^[[36mrun^[[0m:^[[36m110^[[0m - ^[[34m^[[1m[bwrap] cargo exit=0 in 3.3s^[[0m
mask-k	Run selected fresh official gate	2026-10-07T23:43:23.7889475Z ^[[32m2026-10-07 23:43:23.788^[[0m | ^[[34m^[[1mDEBUG   ^[[0m | ^[[36mbench.driver^[[0m:^[[36m_build^[[0m:^[[36m295^[[0m - ^[[34m^[[1m[bench] built r3-432-fast3 in 3.3s exit=0^[[0m
mask-k	Run selected fresh official gate	2026-10-07T23:43:24.3605673Z ^[[32m2026-10-07 23:43:24.360^[[0m | ^[[34m^[[1mDEBUG   ^[[0m | ^[[36msandbox.bwrap^[[0m:^[[36mrun^[[0m:^[[36m110^[[0m - ^[[34m^[[1m[bwrap] measure exit=0 in 0.6s^[[0m
mask-k	Run selected fresh official gate	2026-10-07T23:43:24.3607560Z ^[[32m2026-10-07 23:43:24.360^[[0m | ^[[34m^[[1mDEBUG   ^[[0m | ^[[36mbench.driver^[[0m:^[[36m_measure^[[0m:^[[36m333^[[0m - ^[[34m^[[1m[bench] measured r3-432-fast3 in 0.6s exit=0^[[0m
mask-k	Run selected fresh official gate	2026-10-07T23:43:24.3658830Z SYNTHETIC_MEASUREMENT {"candidate": "r3-432-fast3", "round": 2, "time": 0.35740407293709026, "size_pct": 36.611473427728505}
mask-k	Run selected fresh official gate	2026-10-07T23:43:24.3666286Z SYNTHETIC_RAW 2 r3-432-fast3 {"kind": "meta", "schema_version": 4, "started_at_unix": 1791416603.8037977, "corpus": "synthetic-transfer", "corpus_dir": "/home/runner/work/_temp/round4-receipts/synthetic-transfer", "os": "linux", "arch": "x86_64", "rustc_version": "rustc 1.100.0-nightly (8fa1c96cf 2026-08-17)", "cpu_model": "AMD EPYC 9V74 80-Core Processor", "cpu_governor": null, "warmup_rounds": 1, "measured_rounds": 11, "speed_floor": null, "methods": {"incumbent": {"external": false, "crate_dir": "/home/runner/work/_temp/deflate-upstream/data/bench-workspace/20261007T234318Z-c8f76e0a-k9kab6x0/incumbent", "source_sha256": "b9e0d844baf5958cf0c1c66bfb9fd1f89663fa30f21a99c3c116b3dd2e771361", "lib_sha256": "141f58ceb5d68fdd9fef84fc9da46540dfd34174de8533d923ef187ae09ec57b"}, "r3-432-fast3": {"external": false, "crate_dir": "/home/runner/work/_temp/deflate-upstream/data/bench-workspace/20261007T234318Z-c8f76e0a-k9kab6x0/r3-432-fast3", "source_sha256": "bae8014121e4710f4a34ce63452578b4bf69121b4f695e1b1356780a019108ef", "lib_sha256": "e3c97b3aef581e8e4a6e0f848cdd79427cdc9aa441d32c3110b73cc0508d3566"}}, "benchmark_provenance": {"version": 1, "engine_sha256": "ab202460691492f48d5c632375f5df2a74fc3769a81337e876607e9326a46fac", "template_sha256": "584b01793667c5257da4e76da919fbb3bb73c72fa434866622fe3905884d33f0", "host_sha256": "2b32344a74bca6b42edebf4f499412873c9bc3de9561a681587513913177b357", "cpus": "0", "process_affinity": [0, 1], "memory_mb": 2048, "sandbox": true, "build_profile": "release", "external_references": false}}
mask-k	Run selected fresh official gate	2026-10-07T23:43:24.3687978Z SYNTHETIC_RAW 2 r3-432-fast3 {"kind": "file", "corpus": "synthetic-transfer", "file": "multilingual.txt", "raw_bytes": 163270, "sha256": "bdd257c8c2afbd9c418ec8954e0ca3f2cedbfa5a622e9b2d5255f35647f1aecc", "methods": {"incumbent": {"external": false, "output_bytes": 9206, "output_sha256": "dd1312ec4702740b4331fb5195ee7cf1f8f1e4ebb52c5bad2ee9ac46eb142e05", "tokens": 4618, "tokens_sha256": "a6e0f107a4d317d16a1a0fe1f14d8a05d25385b4de7fa5b1409ef0de972f3b25", "deterministic": true, "encode_s": 0.00037386, "errors": [], "reps": [{"phase": "warmup", "order_index": 1, "time_s": 0.002053305, "encode_s": 0.00037386, "total_s": 0.0024271650000000002}, {"phase": "measured", "order_index": 3, "time_s": 0.001862529, "encode_s": 0.000305418, "total_s": 0.002167947}, {"phase": "measured", "order_index": 5, "time_s": 0.00184994, "encode_s": 0.000295893, "total_s": 0.0021458329999999998}, {"phase": "measured", "order_index": 7, "time_s": 0.001840467, "encode_s": 0.000305958, "total_s": 0.002146425}, {"phase": "measured", "order_index": 9, "time_s": 0.001854026, "encode_s": 0.000293049, "total_s": 0.002147075}, {"phase": "measured", "order_index": 11, "time_s": 0.001850772, "encode_s": 0.000292157, "total_s": 0.002142929}, {"phase": "measured", "order_index": 13, "time_s": 0.001851183, "encode_s": 0.000293269, "total_s": 0.002144452}, {"phase": "measured", "order_index": 15, "time_s": 0.001849089, "encode_s": 0.000294651, "total_s": 0.00214374}, {"phase": "measured", "order_index": 17, "time_s": 0.001855318, "encode_s": 0.000298017, "total_s": 0.0021533349999999997}, {"phase": "measured", "order_index": 19, "time_s": 0.001865153, "encode_s": 0.000291136, "total_s": 0.002156289}, {"phase": "measured", "order_index": 21, "time_s": 0.001846435, "encode_s": 0.000300931, "total_s": 0.002147366}, {"phase": "measured", "order_index": 23, "time_s": 0.001851763, "encode_s": 0.000292197, "total_s": 0.00214396}]}, "r3-432-fast3": {"external": false, "output_bytes": 9684, "output_sha256": "a284573a2c433c69dbc0ce64c42cca6e59fe1f88b9f332af6236cb76a4cc5a89", "tokens": 5264, "tokens_sha256": "b76b372c9f2aeef288bc0b1429aeb3b3fe62fc4697f91a59072a22280df3b1fc", "deterministic": true, "encode_s": 0.000295613, "errors": [], "reps": [{"phase": "warmup", "order_index": 2, "time_s": 8.2163e-05, "encode_s": 0.000295613, "total_s": 0.000377776}, {"phase": "measured", "order_index": 4, "time_s": 7.7105e-05, "encode_s": 0.000290285, "total_s": 0.00036739}, {"phase": "measured", "order_index": 6, "time_s": 7.6625e-05, "encode_s": 0.000299408, "total_s": 0.000376033}, {"phase": "measured", "order_index": 8, "time_s": 7.7657e-05, "encode_s": 0.000288001, "total_s": 0.00036565800000000004}, {"phase": "measured", "order_index": 10, "time_s": 7.6545e-05, "encode_s": 0.000298316, "total_s": 0.00037486100000000004}, {"phase": "measured", "order_index": 12, "time_s": 7.6184e-05, "encode_s": 0.000285307, "total_s": 0.000361491}, {"phase": "measured", "order_index": 14, "time_s": 8.5938e-05, "encode_s": 0.000288732, "total_s": 0.00037467}, {"phase": "measured", "order_index": 16, "time_s": 7.6104e-05, "encode_s": 0.000286268, "total_s": 0.000362372}, {"phase": "measured", "order_index": 18, "time_s": 7.6645e-05, "encode_s": 0.000285507, "total_s": 0.000362152}, {"phase": "measured", "order_index": 20, "time_s": 7.7667e-05, "encode_s": 0.00029426, "total_s": 0.00037192700000000003}, {"phase": "measured", "order_index": 22, "time_s": 8.1542e-05, "encode_s": 0.000286248, "total_s": 0.00036779}, {"phase": "measured", "order_index": 24, "time_s": 7.6574e-05, "encode_s": 0.000297306, "total_s": 0.00037388}]}}}
mask-k	Run selected fresh official gate	2026-10-07T23:43:24.3715974Z SYNTHETIC_RAW 2 r3-432-fast3 {"kind": "file", "corpus": "synthetic-transfer", "file": "random.bin", "raw_bytes": 131101, "sha256": "22c862f2c2c5fd5a072e9f74b5a056aacb9025228d040addb56dcd9bec4c09d3", "methods": {"incumbent": {"external": false, "output_bytes": 131445, "output_sha256": "deebb4fe887edb814c65fc8f8d20b733d4a395d0e32399c3c25af9b591d8dc2d", "tokens": 130620, "tokens_sha256": "5330a4dbafd88f2b8356a1db487249115b5a636a9e2bab5cf05094461ba5cbc3", "deterministic": true, "encode_s": 0.005271474, "errors": [], "reps": [{"phase": "warmup", "order_index": 25, "time_s": 0.001948879, "encode_s": 0.005271474, "total_s": 0.007220353}, {"phase": "measured", "order_index": 27, "time_s": 0.001928137, "encode_s": 0.004957565, "total_s": 0.006885702}, {"phase": "measured", "order_index": 29, "time_s": 0.001940126, "encode_s": 0.005003823, "total_s": 0.006943949}, {"phase": "measured", "order_index": 31, "time_s": 0.001928518, "encode_s": 0.004964345, "total_s": 0.006892863}, {"phase": "measured", "order_index": 33, "time_s": 0.001949749, "encode_s": 0.004976072, "total_s": 0.0069258209999999995}, {"phase": "measured", "order_index": 35, "time_s": 0.001954257, "encode_s": 0.004991505, "total_s": 0.006945762}, {"phase": "measured", "order_index": 37, "time_s": 0.001938423, "encode_s": 0.00498208, "total_s": 0.006920503}, {"phase": "measured", "order_index": 39, "time_s": 0.001920797, "encode_s": 0.005013137, "total_s": 0.006933934}, {"phase": "measured", "order_index": 41, "time_s": 0.001935318, "encode_s": 0.004916563, "total_s": 0.006851881}, {"phase": "measured", "order_index": 43, "time_s": 0.001922509, "encode_s": 0.004992957, "total_s": 0.006915466}, {"phase": "measured", "order_index": 45, "time_s": 0.001951673, "encode_s": 0.00507506, "total_s": 0.007026733}, {"phase": "measured", "order_index": 47, "time_s": 0.001948508, "encode_s": 0.005040488, "total_s": 0.006988996}]}, "r3-432-fast3": {"external": false, "output_bytes": 131144, "output_sha256": "52b5974219d121f00e342319360c4c8bcac7ff2eda0365aa245dfe321fd4613b", "tokens": 131101, "tokens_sha256": "861ef26a6d151afca1053cb702d3d74a8e4ef1beae1928ecd65b6e1995a7cb99", "deterministic": true, "encode_s": 0.004716893, "errors": [], "reps": [{"phase": "warmup", "order_index": 26, "time_s": 2.4087e-05, "encode_s": 0.004716893, "total_s": 0.00474098}, {"phase": "measured", "order_index": 28, "time_s": 4.0992e-05, "encode_s": 0.00471458, "total_s": 0.0047555720000000004}, {"phase": "measured", "order_index": 30, "time_s": 2.685e-05, "encode_s": 0.00396614, "total_s": 0.00399299}, {"phase": "measured", "order_index": 32, "time_s": 2.4947e-05, "encode_s": 0.004744926, "total_s": 0.004769873}, {"phase": "measured", "order_index": 34, "time_s": 2.4156e-05, "encode_s": 0.004760209, "total_s": 0.004784365}, {"phase": "measured", "order_index": 36, "time_s": 2.4727e-05, "encode_s": 0.00472835, "total_s": 0.0047530770000000005}, {"phase": "measured", "order_index": 38, "time_s": 2.5408e-05, "encode_s": 0.004732227, "total_s": 0.0047576350000000005}, {"phase": "measured", "order_index": 40, "time_s": 2.63e-05, "encode_s": 0.004732066, "total_s": 0.004758366}, {"phase": "measured", "order_index": 42, "time_s": 2.4987e-05, "encode_s": 0.004745557, "total_s": 0.004770544}, {"phase": "measured", "order_index": 44, "time_s": 2.5758e-05, "encode_s": 0.004754921, "total_s": 0.0047806789999999995}, {"phase": "measured", "order_index": 46, "time_s": 2.644e-05, "encode_s": 0.004822662, "total_s": 0.004849102}, {"phase": "measured", "order_index": 48, "time_s": 2.6269e-05, "encode_s": 0.004764234, "total_s": 0.004790503}]}}}
mask-k	Run selected fresh official gate	2026-10-07T23:43:24.3743777Z SYNTHETIC_RAW 2 r3-432-fast3 {"kind": "file", "corpus": "synthetic-transfer", "file": "short-log.txt", "raw_bytes": 32505, "sha256": "23ef9a1b24b2cfcd1c73f1ff1a71ab017cbcf921409f96f8839c74819d3c0b82", "methods": {"incumbent": {"external": false, "output_bytes": 4871, "output_sha256": "b801c58b86a433392a15971de32130be788d25cd6f3a91a1abda0f0a909dac25", "tokens": 3017, "tokens_sha256": "fcd4ea723eb6d0e399dc5c1cf6825e8d767f6fc45a05600bb177054b19e7eaec", "deterministic": true, "encode_s": 0.000228973, "errors": [], "reps": [{"phase": "warmup", "order_index": 49, "time_s": 0.000895631, "encode_s": 0.000228973, "total_s": 0.001124604}, {"phase": "measured", "order_index": 51, "time_s": 0.000868931, "encode_s": 0.000221151, "total_s": 0.001090082}, {"phase": "measured", "order_index": 53, "time_s": 0.000903323, "encode_s": 0.00021381, "total_s": 0.001117133}, {"phase": "measured", "order_index": 55, "time_s": 0.000878656, "encode_s": 0.000211226, "total_s": 0.001089882}, {"phase": "measured", "order_index": 57, "time_s": 0.000895681, "encode_s": 0.000212508, "total_s": 0.0011081889999999999}, {"phase": "measured", "order_index": 59, "time_s": 0.000893057, "encode_s": 0.000210185, "total_s": 0.001103242}, {"phase": "measured", "order_index": 61, "time_s": 0.000870433, "encode_s": 0.000210496, "total_s": 0.001080929}, {"phase": "measured", "order_index": 63, "time_s": 0.000898255, "encode_s": 0.000208562, "total_s": 0.001106817}, {"phase": "measured", "order_index": 65, "time_s": 0.000883984, "encode_s": 0.000207891, "total_s": 0.001091875}, {"phase": "measured", "order_index": 67, "time_s": 0.000875881, "encode_s": 0.000211557, "total_s": 0.001087438}, {"phase": "measured", "order_index": 69, "time_s": 0.000896793, "encode_s": 0.000209554, "total_s": 0.001106347}, {"phase": "measured", "order_index": 71, "time_s": 0.000892967, "encode_s": 0.000212798, "total_s": 0.001105765}]}, "r3-432-fast3": {"external": false, "output_bytes": 8277, "output_sha256": "44efccadf8af77a0163a4d6740f486246dd4c10770eb34fe7972bafa6c805687", "tokens": 12200, "tokens_sha256": "891ba096a1bfc6ebae0e33da360e53f6233e820044e96dd5cab5ca945671f382", "deterministic": true, "encode_s": 0.000235182, "errors": [], "reps": [{"phase": "warmup", "order_index": 50, "time_s": 7.9449e-05, "encode_s": 0.000235182, "total_s": 0.000314631}, {"phase": "measured", "order_index": 52, "time_s": 6.675e-05, "encode_s": 0.000235693, "total_s": 0.000302443}, {"phase": "measured", "order_index": 54, "time_s": 7.4892e-05, "encode_s": 0.000235332, "total_s": 0.000310224}, {"phase": "measured", "order_index": 56, "time_s": 6.5278e-05, "encode_s": 0.000229033, "total_s": 0.000294311}, {"phase": "measured", "order_index": 58, "time_s": 6.5639e-05, "encode_s": 0.000250815, "total_s": 0.000316454}, {"phase": "measured", "order_index": 60, "time_s": 6.6009e-05, "encode_s": 0.000229343, "total_s": 0.000295352}, {"phase": "measured", "order_index": 62, "time_s": 6.5488e-05, "encode_s": 0.000240571, "total_s": 0.000306059}, {"phase": "measured", "order_index": 64, "time_s": 6.6189e-05, "encode_s": 0.000226489, "total_s": 0.000292678}, {"phase": "measured", "order_index": 66, "time_s": 6.5968e-05, "encode_s": 0.000228231, "total_s": 0.000294199}, {"phase": "measured", "order_index": 68, "time_s": 6.5839e-05, "encode_s": 0.000229754, "total_s": 0.00029559300000000003}, {"phase": "measured", "order_index": 70, "time_s": 6.5919e-05, "encode_s": 0.000229223, "total_s": 0.000295142}, {"phase": "measured", "order_index": 72, "time_s": 6.6209e-05, "encode_s": 0.000228942, "total_s": 0.000295151}]}}}
mask-k	Run selected fresh official gate	2026-10-07T23:43:24.3769723Z SYNTHETIC_RAW 2 r3-432-fast3 {"kind": "file", "corpus": "synthetic-transfer", "file": "source-like.txt", "raw_bytes": 220484, "sha256": "326efe91d7d1e5a11bee87388ef45c7551b1b541f17a1749d7cd5cd53c25ab66", "methods": {"incumbent": {"external": false, "output_bytes": 16650, "output_sha256": "a459035fe1f2d45221381fefc1bad509a69c3effb5a67ee57a00384072a446f5", "tokens": 7890, "tokens_sha256": "cf67564e32e855eac2759e9b433da56b133fd538e426d3f122c000aa5d009805", "deterministic": true, "encode_s": 0.000306278, "errors": [], "reps": [{"phase": "warmup", "order_index": 73, "time_s": 0.003814041, "encode_s": 0.000306278, "total_s": 0.004120319}, {"phase": "measured", "order_index": 75, "time_s": 0.003798278, "encode_s": 0.000294942, "total_s": 0.00409322}, {"phase": "measured", "order_index": 77, "time_s": 0.003805679, "encode_s": 0.000281331, "total_s": 0.00408701}, {"phase": "measured", "order_index": 79, "time_s": 0.003816255, "encode_s": 0.000283114, "total_s": 0.004099369}, {"phase": "measured", "order_index": 81, "time_s": 0.003840792, "encode_s": 0.000298887, "total_s": 0.004139679}, {"phase": "measured", "order_index": 83, "time_s": 0.003684147, "encode_s": 0.000292178, "total_s": 0.003976325}, {"phase": "measured", "order_index": 85, "time_s": 0.003670888, "encode_s": 0.00028075, "total_s": 0.003951638}, {"phase": "measured", "order_index": 87, "time_s": 0.003683586, "encode_s": 0.000288071, "total_s": 0.003971657}, {"phase": "measured", "order_index": 89, "time_s": 0.003686791, "encode_s": 0.000280349, "total_s": 0.00396714}, {"phase": "measured", "order_index": 91, "time_s": 0.003679491, "encode_s": 0.000279278, "total_s": 0.003958769}, {"phase": "measured", "order_index": 93, "time_s": 0.003648564, "encode_s": 0.000277185, "total_s": 0.003925749}, {"phase": "measured", "order_index": 95, "time_s": 0.003643827, "encode_s": 0.000276264, "total_s": 0.0039200910000000005}]}, "r3-432-fast3": {"external": false, "output_bytes": 18393, "output_sha256": "735b68c4a5747696b4ebf6c0135116a705a15f24a8c0f6be52ce706276dd0986", "tokens": 12013, "tokens_sha256": "29f01c38ee319caf136f8241dc558b245fce41198010ea49e228211ed3642be9", "deterministic": true, "encode_s": 0.000323774, "errors": [], "reps": [{"phase": "warmup", "order_index": 74, "time_s": 0.000216394, "encode_s": 0.000323774, "total_s": 0.0005401679999999999}, {"phase": "measured", "order_index": 76, "time_s": 0.000211597, "encode_s": 0.000318157, "total_s": 0.000529754}, {"phase": "measured", "order_index": 78, "time_s": 0.000219169, "encode_s": 0.000316303, "total_s": 0.0005354719999999999}, {"phase": "measured", "order_index": 80, "time_s": 0.000210155, "encode_s": 0.000319779, "total_s": 0.000529934}, {"phase": "measured", "order_index": 82, "time_s": 0.000211306, "encode_s": 0.000315272, "total_s": 0.000526578}, {"phase": "measured", "order_index": 84, "time_s": 0.000212719, "encode_s": 0.000320139, "total_s": 0.000532858}, {"phase": "measured", "order_index": 86, "time_s": 0.000211527, "encode_s": 0.000322663, "total_s": 0.00053419}, {"phase": "measured", "order_index": 88, "time_s": 0.000210185, "encode_s": 0.00031387, "total_s": 0.000524055}, {"phase": "measured", "order_index": 90, "time_s": 0.000221852, "encode_s": 0.00031403, "total_s": 0.000535882}, {"phase": "measured", "order_index": 92, "time_s": 0.000210055, "encode_s": 0.000316063, "total_s": 0.000526118}, {"phase": "measured", "order_index": 94, "time_s": 0.000219058, "encode_s": 0.000315493, "total_s": 0.0005345510000000001}, {"phase": "measured", "order_index": 96, "time_s": 0.000209574, "encode_s": 0.000307982, "total_s": 0.000517556}]}}}
mask-k	Run selected fresh official gate	2026-10-07T23:43:24.3795553Z SYNTHETIC_RAW 2 r3-432-fast3 {"kind": "file", "corpus": "synthetic-transfer", "file": "sparse.bin", "raw_bytes": 53803, "sha256": "c51b774d8aadb5b636c1463ff5a9df4fe6c326330101df1daf2e4745b07678d3", "methods": {"incumbent": {"external": false, "output_bytes": 1798, "output_sha256": "64a1ff1bc414863ad88544207256d2d9a5ba187a3a5dc2ad6425dd07405c2e2c", "tokens": 1263, "tokens_sha256": "fae120ea72c3aae525d182eab79475dc599c31ea79ce1f32050a110b01939d24", "deterministic": true, "encode_s": 0.000460901, "errors": [], "reps": [{"phase": "warmup", "order_index": 97, "time_s": 0.000999837, "encode_s": 0.000460901, "total_s": 0.001460738}, {"phase": "measured", "order_index": 99, "time_s": 0.000979176, "encode_s": 0.000443775, "total_s": 0.001422951}, {"phase": "measured", "order_index": 101, "time_s": 0.000993908, "encode_s": 0.00044743, "total_s": 0.001441338}, {"phase": "measured", "order_index": 103, "time_s": 0.000979357, "encode_s": 0.000440299, "total_s": 0.001419656}, {"phase": "measured", "order_index": 105, "time_s": 0.000989682, "encode_s": 0.000441091, "total_s": 0.001430773}, {"phase": "measured", "order_index": 107, "time_s": 0.00098115, "encode_s": 0.000437665, "total_s": 0.0014188150000000001}, {"phase": "measured", "order_index": 109, "time_s": 0.000980388, "encode_s": 0.000440439, "total_s": 0.001420827}, {"phase": "measured", "order_index": 111, "time_s": 0.000976202, "encode_s": 0.000440369, "total_s": 0.0014165710000000001}, {"phase": "measured", "order_index": 113, "time_s": 0.000977674, "encode_s": 0.000446589, "total_s": 0.001424263}, {"phase": "measured", "order_index": 115, "time_s": 0.000977434, "encode_s": 0.000451256, "total_s": 0.0014286899999999998}, {"phase": "measured", "order_index": 117, "time_s": 0.000977574, "encode_s": 0.000450825, "total_s": 0.001428399}, {"phase": "measured", "order_index": 119, "time_s": 0.000979066, "encode_s": 0.000452247, "total_s": 0.001431313}]}, "r3-432-fast3": {"external": false, "output_bytes": 2134, "output_sha256": "8acb9c34ad5e88c0e527f0a3911b99bfac744f4625124fc678d7cdbab669c714", "tokens": 3795, "tokens_sha256": "db99e2e413bed52a91e27df8b345bd15b546f6855c8d934b12febe253691eb65", "deterministic": true, "encode_s": 0.000465608, "errors": [], "reps": [{"phase": "warmup", "order_index": 98, "time_s": 1.6745e-05, "encode_s": 0.000465608, "total_s": 0.000482353}, {"phase": "measured", "order_index": 100, "time_s": 1.6315e-05, "encode_s": 0.000457485, "total_s": 0.00047379999999999997}, {"phase": "measured", "order_index": 102, "time_s": 1.5673e-05, "encode_s": 0.00045387, "total_s": 0.000469543}, {"phase": "measured", "order_index": 104, "time_s": 1.5914e-05, "encode_s": 0.000452738, "total_s": 0.000468652}, {"phase": "measured", "order_index": 106, "time_s": 1.5583e-05, "encode_s": 0.000456654, "total_s": 0.000472237}, {"phase": "measured", "order_index": 108, "time_s": 1.5453e-05, "encode_s": 0.000451606, "total_s": 0.00046705900000000003}, {"phase": "measured", "order_index": 110, "time_s": 1.5764e-05, "encode_s": 0.000453208, "total_s": 0.00046897199999999995}, {"phase": "measured", "order_index": 112, "time_s": 1.5483e-05, "encode_s": 0.000444776, "total_s": 0.000460259}, {"phase": "measured", "order_index": 114, "time_s": 1.5543e-05, "encode_s": 0.000444666, "total_s": 0.000460209}, {"phase": "measured", "order_index": 116, "time_s": 1.6194e-05, "encode_s": 0.000448552, "total_s": 0.00046474600000000004}, {"phase": "measured", "order_index": 118, "time_s": 1.5934e-05, "encode_s": 0.000446749, "total_s": 0.000462683}, {"phase": "measured", "order_index": 120, "time_s": 1.5644e-05, "encode_s": 0.000444215, "total_s": 0.00045985899999999996}]}}}
mask-k	Run selected fresh official gate	2026-10-07T23:43:24.3820667Z SYNTHETIC_RAW 2 r3-432-fast3 {"kind": "file", "corpus": "synthetic-transfer", "file": "table.csv", "raw_bytes": 193765, "sha256": "e773c09c5e5d585dc64330f220ca47963de24c1be3297a8161e89fca34b98a85", "methods": {"incumbent": {"external": false, "output_bytes": 65436, "output_sha256": "dcb53081688a36dad21b849906f65e985a744ef8864e9324768f44dbb485a3fc", "tokens": 39085, "tokens_sha256": "93d50fc8a84ae35d4a248c3fc06f3632d2da32348cd6896ad6f9f43ea9515f65", "deterministic": true, "encode_s": 0.001731703, "errors": [], "reps": [{"phase": "warmup", "order_index": 121, "time_s": 0.010676148, "encode_s": 0.001731703, "total_s": 0.012407851}, {"phase": "measured", "order_index": 123, "time_s": 0.010672883, "encode_s": 0.001395079, "total_s": 0.012067962}, {"phase": "measured", "order_index": 125, "time_s": 0.010713794, "encode_s": 0.001384644, "total_s": 0.012098438}, {"phase": "measured", "order_index": 127, "time_s": 0.010692492, "encode_s": 0.001379886, "total_s": 0.012072378}, {"phase": "measured", "order_index": 129, "time_s": 0.010686273, "encode_s": 0.001390152, "total_s": 0.012076425}, {"phase": "measured", "order_index": 131, "time_s": 0.010714906, "encode_s": 0.001400307, "total_s": 0.012115213}, {"phase": "measured", "order_index": 133, "time_s": 0.010709608, "encode_s": 0.001421639, "total_s": 0.012131247000000001}, {"phase": "measured", "order_index": 135, "time_s": 0.010718682, "encode_s": 0.001378925, "total_s": 0.012097607}, {"phase": "measured", "order_index": 137, "time_s": 0.010670309, "encode_s": 0.001383151, "total_s": 0.012053459999999998}, {"phase": "measured", "order_index": 139, "time_s": 0.010753663, "encode_s": 0.001412295, "total_s": 0.012165958000000001}, {"phase": "measured", "order_index": 141, "time_s": 0.01067731, "encode_s": 0.001378525, "total_s": 0.012055835}, {"phase": "measured", "order_index": 143, "time_s": 0.010793083, "encode_s": 0.001396472, "total_s": 0.012189555}]}, "r3-432-fast3": {"external": false, "output_bytes": 66603, "output_sha256": "74aa82188e366b316c292a5804da3107ff83ff4f70e4441f20000f4fd72be71c", "tokens": 46913, "tokens_sha256": "4ac0c77b41058b22eb906f5a2b614520508f3faddd2681b64e6aea3cfb703c64", "deterministic": true, "encode_s": 0.001716581, "errors": [], "reps": [{"phase": "warmup", "order_index": 122, "time_s": 0.00078122, "encode_s": 0.001716581, "total_s": 0.002497801}, {"phase": "measured", "order_index": 124, "time_s": 0.000779478, "encode_s": 0.001632965, "total_s": 0.002412443}, {"phase": "measured", "order_index": 126, "time_s": 0.000775791, "encode_s": 0.001643841, "total_s": 0.002419632}, {"phase": "measured", "order_index": 128, "time_s": 0.000780359, "encode_s": 0.001644913, "total_s": 0.002425272}, {"phase": "measured", "order_index": 130, "time_s": 0.000779337, "encode_s": 0.001657743, "total_s": 0.00243708}, {"phase": "measured", "order_index": 132, "time_s": 0.000782191, "encode_s": 0.001637122, "total_s": 0.002419313}, {"phase": "measured", "order_index": 134, "time_s": 0.000776223, "encode_s": 0.001637121, "total_s": 0.002413344}, {"phase": "measured", "order_index": 136, "time_s": 0.000775271, "encode_s": 0.001666165, "total_s": 0.002441436}, {"phase": "measured", "order_index": 138, "time_s": 0.000776233, "encode_s": 0.001674497, "total_s": 0.00245073}, {"phase": "measured", "order_index": 140, "time_s": 0.000784474, "encode_s": 0.001653967, "total_s": 0.002438441}, {"phase": "measured", "order_index": 142, "time_s": 0.00077511, "encode_s": 0.001650251, "total_s": 0.002425361}, {"phase": "measured", "order_index": 144, "time_s": 0.000777745, "encode_s": 0.0016228, "total_s": 0.002400545}]}}}
mask-k	Run selected fresh official gate	2026-10-07T23:43:24.3847688Z SYNTHETIC_RAW 2 r3-432-fast3 {"kind": "file", "corpus": "synthetic-transfer", "file": "tiny-structured.txt", "raw_bytes": 15588, "sha256": "2b4701704019445efcca8272c668d8015913d54616281baf813d477623dfcdd3", "methods": {"incumbent": {"external": false, "output_bytes": 1492, "output_sha256": "f35f34fe896e5ec7c7a15e89fe5bd6eb74d866642044e5d5df10ea85bcdc674f", "tokens": 1083, "tokens_sha256": "0fa05be94e7e54cd3cede626db4ec06f61e270d22e2f35d810b14ec5a00d6dde", "deterministic": true, "encode_s": 0.000154741, "errors": [], "reps": [{"phase": "warmup", "order_index": 145, "time_s": 0.000216995, "encode_s": 0.000154741, "total_s": 0.000371736}, {"phase": "measured", "order_index": 147, "time_s": 0.000209423, "encode_s": 0.000146799, "total_s": 0.000356222}, {"phase": "measured", "order_index": 149, "time_s": 0.000206288, "encode_s": 0.000141341, "total_s": 0.000347629}, {"phase": "measured", "order_index": 151, "time_s": 0.000205197, "encode_s": 0.000135132, "total_s": 0.000340329}, {"phase": "measured", "order_index": 153, "time_s": 0.000207621, "encode_s": 0.000135593, "total_s": 0.000343214}, {"phase": "measured", "order_index": 155, "time_s": 0.000203985, "encode_s": 0.000134932, "total_s": 0.000338917}, {"phase": "measured", "order_index": 157, "time_s": 0.000203865, "encode_s": 0.00013349, "total_s": 0.000337355}, {"phase": "measured", "order_index": 159, "time_s": 0.000203985, "encode_s": 0.000134372, "total_s": 0.000338357}, {"phase": "measured", "order_index": 161, "time_s": 0.000205598, "encode_s": 0.000134041, "total_s": 0.000339639}, {"phase": "measured", "order_index": 163, "time_s": 0.000206649, "encode_s": 0.000135884, "total_s": 0.000342533}, {"phase": "measured", "order_index": 165, "time_s": 0.000202443, "encode_s": 0.000132438, "total_s": 0.000334881}, {"phase": "measured", "order_index": 167, "time_s": 0.000201191, "encode_s": 0.000134171, "total_s": 0.00033536199999999996}]}, "r3-432-fast3": {"external": false, "output_bytes": 2299, "output_sha256": "b0b848b0cc9f13315492e78ac8ad5091e82b05ec5dd2dec88b45f99eeaae24ba", "tokens": 2612, "tokens_sha256": "2b05eebcbbecbfa25fbffd0210603157067c17e26adf721f5c2642ef3f525cd9", "deterministic": true, "encode_s": 0.000127932, "errors": [], "reps": [{"phase": "warmup", "order_index": 146, "time_s": 2.8863e-05, "encode_s": 0.000127932, "total_s": 0.00015679500000000002}, {"phase": "measured", "order_index": 148, "time_s": 2.7251e-05, "encode_s": 0.000122744, "total_s": 0.000149995}, {"phase": "measured", "order_index": 150, "time_s": 2.6279e-05, "encode_s": 0.000129143, "total_s": 0.000155422}, {"phase": "measured", "order_index": 152, "time_s": 2.5178e-05, "encode_s": 0.00012012, "total_s": 0.000145298}, {"phase": "measured", "order_index": 154, "time_s": 2.5809e-05, "encode_s": 0.000124787, "total_s": 0.00015059600000000002}, {"phase": "measured", "order_index": 156, "time_s": 2.4987e-05, "encode_s": 0.000117947, "total_s": 0.000142934}, {"phase": "measured", "order_index": 158, "time_s": 2.4306e-05, "encode_s": 0.000122213, "total_s": 0.000146519}, {"phase": "measured", "order_index": 160, "time_s": 2.3695e-05, "encode_s": 0.000115263, "total_s": 0.000138958}, {"phase": "measured", "order_index": 162, "time_s": 2.4317e-05, "encode_s": 0.000139358, "total_s": 0.00016367499999999998}, {"phase": "measured", "order_index": 164, "time_s": 2.6159e-05, "encode_s": 0.000118558, "total_s": 0.000144717}, {"phase": "measured", "order_index": 166, "time_s": 2.4697e-05, "encode_s": 0.000127361, "total_s": 0.000152058}, {"phase": "measured", "order_index": 168, "time_s": 2.4837e-05, "encode_s": 0.000116665, "total_s": 0.000141502}]}}}
mask-k	Run selected fresh official gate	2026-10-07T23:43:24.3873764Z SYNTHETIC_RAW 2 r3-432-fast3 {"kind": "file", "corpus": "synthetic-transfer", "file": "window-boundary.bin", "raw_bytes": 73735, "sha256": "3d5e223fd8ced74430c5b87ebbbe4ff9c9782c6902f9b137538dddc79f087dcc", "methods": {"incumbent": {"external": false, "output_bytes": 73933, "output_sha256": "5e456557d23dbd5249a36f224b7449a9d53075a00273d27d8ee8f397eeafb978", "tokens": 73559, "tokens_sha256": "35dd083034d7d329eefea50f23c8b2117879da70eb37280242ffd804c83eaf3b", "deterministic": true, "encode_s": 0.003052291, "errors": [], "reps": [{"phase": "warmup", "order_index": 169, "time_s": 0.000903614, "encode_s": 0.003052291, "total_s": 0.003955905}, {"phase": "measured", "order_index": 171, "time_s": 0.000915431, "encode_s": 0.002961605, "total_s": 0.003877036}, {"phase": "measured", "order_index": 173, "time_s": 0.000893558, "encode_s": 0.002978911, "total_s": 0.003872469}, {"phase": "measured", "order_index": 175, "time_s": 0.000923263, "encode_s": 0.002961906, "total_s": 0.003885169}, {"phase": "measured", "order_index": 177, "time_s": 0.00090774, "encode_s": 0.002993843, "total_s": 0.003901583}, {"phase": "measured", "order_index": 179, "time_s": 0.000902681, "encode_s": 0.002987524, "total_s": 0.003890205}, {"phase": "measured", "order_index": 181, "time_s": 0.000904685, "encode_s": 0.002985741, "total_s": 0.003890426}, {"phase": "measured", "order_index": 183, "time_s": 0.000899638, "encode_s": 0.002975566, "total_s": 0.0038752039999999997}, {"phase": "measured", "order_index": 185, "time_s": 0.000897343, "encode_s": 0.002970889, "total_s": 0.003868232}, {"phase": "measured", "order_index": 187, "time_s": 0.000906748, "encode_s": 0.002989497, "total_s": 0.0038962449999999996}, {"phase": "measured", "order_index": 189, "time_s": 0.000895091, "encode_s": 0.002989827, "total_s": 0.0038849180000000002}, {"phase": "measured", "order_index": 191, "time_s": 0.000893889, "encode_s": 0.002982086, "total_s": 0.0038759750000000003}]}, "r3-432-fast3": {"external": false, "output_bytes": 73760, "output_sha256": "7fc0f619879f4fb08483c528b61a18725bafcbfbce8f257146ac4741ba95851b", "tokens": 73735, "tokens_sha256": "8a3f0d4d337189d036871ced04356a9ba83426a905ea1c72d81f57b9d8549140", "deterministic": true, "encode_s": 0.002445241, "errors": [], "reps": [{"phase": "warmup", "order_index": 170, "time_s": 1.6956e-05, "encode_s": 0.002445241, "total_s": 0.0024621969999999997}, {"phase": "measured", "order_index": 172, "time_s": 1.7076e-05, "encode_s": 0.002447415, "total_s": 0.002464491}, {"phase": "measured", "order_index": 174, "time_s": 1.6625e-05, "encode_s": 0.002432293, "total_s": 0.002448918}, {"phase": "measured", "order_index": 176, "time_s": 1.7055e-05, "encode_s": 0.002473154, "total_s": 0.002490209}, {"phase": "measured", "order_index": 178, "time_s": 2.5578e-05, "encode_s": 0.002453894, "total_s": 0.002479472}, {"phase": "measured", "order_index": 180, "time_s": 1.6475e-05, "encode_s": 0.002446463, "total_s": 0.002462938}, {"phase": "measured", "order_index": 182, "time_s": 1.6425e-05, "encode_s": 0.002467745, "total_s": 0.00248417}, {"phase": "measured", "order_index": 184, "time_s": 1.6835e-05, "encode_s": 0.002468377, "total_s": 0.002485212}, {"phase": "measured", "order_index": 186, "time_s": 1.7296e-05, "encode_s": 0.002464691, "total_s": 0.002481987}, {"phase": "measured", "order_index": 188, "time_s": 1.7296e-05, "encode_s": 0.002466874, "total_s": 0.00248417}, {"phase": "measured", "order_index": 190, "time_s": 1.6885e-05, "encode_s": 0.002461316, "total_s": 0.0024782009999999998}, {"phase": "measured", "order_index": 192, "time_s": 1.6755e-05, "encode_s": 0.002449468, "total_s": 0.0024662229999999996}]}}}
mask-k	Run selected fresh official gate	2026-10-07T23:43:24.3918107Z ROUND4_PHASE {"phase": "gate", "summary": [{"candidate": "r3-432-fast3", "control": true, "blocks": [1, 2], "time": 0.43024491214621907, "size_pct": 36.60213910633018, "own_anchor": {"time": 0.43787345819892, "size_pct": 36.999728556810254, "on_frontier": false, "dominating_ids": ["453"], "conditional_geometry_weight": 0, "size_gap_pp": 0}, "fixed_427": {"time": 0.4364416828269919, "size_pct": 36.859371565647756, "on_frontier": true, "dominating_ids": [], "conditional_geometry_weight": 0.027280421322571018, "size_gap_pp": 0}, "stress_1pct": {"time": 0.4422521927809092, "size_pct": 36.999728556810254, "on_frontier": false, "dominating_ids": ["453", "481"], "conditional_geometry_weight": 0, "size_gap_pp": 0.439732922335601}, "time_change_pct_vs_fast3": [0.0, 0.0], "size_change_pp_vs_fast3": 0.0, "equivalence": null}, {"candidate": "mid-shadow", "control": true, "blocks": [1, 2], "time": 1.119652517539056, "size_pct": 33.95862675598211, "own_anchor": {"time": 1.1590890408536922, "size_pct": 34.209957755736326, "on_frontier": false, "dominating_ids": ["375"], "conditional_geometry_weight": 0, "size_gap_pp": 0.002389753302253439}, "fixed_427": {"time": 1.1357787509876494, "size_pct": 34.19728114309628, "on_frontier": true, "dominating_ids": [], "conditional_geometry_weight": 0.023850077295657482, "size_gap_pp": 0}, "stress_1pct": {"time": 1.1722637268395666, "size_pct": 34.209957755736326, "on_frontier": false, "dominating_ids": ["375"], "conditional_geometry_weight": 0, "size_gap_pp": 0.002389753302253439}, "time_change_pct_vs_fast3": [160.50473720906825, 159.9675626468328], "size_change_pp_vs_fast3": -2.643512350348068, "equivalence": null}, {"candidate": "public361", "control": true, "blocks": [1, 2], "time": 1.1213724709424846, "size_pct": 33.95862675598211, "own_anchor": {"time": 1.1608686942402877, "size_pct": 34.209957755736326, "on_frontier": false, "dominating_ids": ["375"], "conditional_geometry_weight": 0, "size_gap_pp": 0.002389753302253439}, "fixed_427": {"time": 1.1375234766929037, "size_pct": 34.19728114309628, "on_frontier": true, "dominating_ids": [], "conditional_geometry_weight": 0.023096207001435415, "size_gap_pp": 0}, "stress_1pct": {"time": 1.1724773811826905, "size_pct": 34.209957755736326, "on_frontier": false, "dominating_ids": ["375"], "conditional_geometry_weight": 0, "size_gap_pp": 0.002389753302253439}, "time_change_pct_vs_fast3": [160.55221625941743, 160.7194376414912], "size_change_pp_vs_fast3": -2.643512350348068, "equivalence": null}, {"candidate": "r10-record-nonempty", "control": false, "blocks": [1, 2], "time": 1.370912045512028, "size_pct": 33.934365747942536, "own_anchor": {"time": 1.419201506502866, "size_pct": 34.18551718968784, "on_frontier": false, "dominating_ids": ["360", "418", "422"], "conditional_geometry_weight": 0, "size_gap_pp": 0.008274726843147562}, "fixed_427": {"time": 1.3906571426176972, "size_pct": 34.172849633580135, "on_frontier": true, "dominating_ids": [], "conditional_geometry_weight": 0.008785983698756208, "size_gap_pp": 0}, "stress_1pct": {"time": 1.4408227626097099, "size_pct": 34.18551718968784, "on_frontier": false, "dominating_ids": ["360", "418", "422"], "conditional_geometry_weight": 0, "size_gap_pp": 0.008274726843147562}, "time_change_pct_vs_fast3": [220.18490937223604, 217.0863773428175], "size_change_pp_vs_fast3": -2.6677733583876417, "equivalence": null}, {"candidate": "r9-block-scalar", "control": true, "blocks": [1, 2], "time": 1.379861384991452, "size_pct": 33.934365747942536, "own_anchor": {"time": 1.4284628197302225, "size_pct": 34.18551718968784, "on_frontier": false, "dominating_ids": ["360", "418", "422"], "conditional_geometry_weight": 0, "size_gap_pp": 0.008274726843147562}, "fixed_427": {"time": 1.3997353784604083, "size_pct": 34.172849633580135, "on_frontier": true, "dominating_ids": [], "conditional_geometry_weight": 0.0069360740090566595, "size_gap_pp": 0}, "stress_1pct": {"time": 1.444350261470851, "size_pct": 34.18551718968784, "on_frontier": false, "dominating_ids": ["360", "418", "422"], "conditional_geometry_weight": 0, "size_gap_pp": 0.008274726843147562}, "time_change_pct_vs_fast3": [220.96880308385357, 220.4619762111687], "size_change_pp_vs_fast3": -2.6677733583876417, "equivalence": null}, {"candidate": "r7-mid361-block1", "control": true, "blocks": [1, 2], "time": 1.388930116209969, "size_pct": 33.934365747942536, "own_anchor": {"time": 1.4378517350773432, "size_pct": 34.18551718968784, "on_frontier": false, "dominating_ids": ["360", "418", "422"], "conditional_geometry_weight": 0, "size_gap_pp": 0.008274726843147562}, "fixed_427": {"time": 1.4089347256284466, "size_pct": 34.172849633580135, "on_frontier": true, "dominating_ids": [], "conditional_geometry_weight": 0.005279676182918774, "size_gap_pp": 0}, "stress_1pct": {"time": 1.4552229141682858, "size_pct": 34.18551718968784, "on_frontier": false, "dominating_ids": ["360", "417", "418", "422"], "conditional_geometry_weight": 0, "size_gap_pp": 0.019033596148446463}, "time_change_pct_vs_fast3": [223.38496377266605, 222.26157682627164], "size_change_pp_vs_fast3": -2.6677733583876417, "equivalence": null}, {"candidate": "r10-backward-prefixmask", "control": false, "blocks": [1, 2], "time": 1.4785478063715145, "size_pct": 33.934365747942536, "own_anchor": {"time": 1.530625631267914, "size_pct": 34.18551718968784, "on_frontier": false, "dominating_ids": ["296", "360", "417", "418", "419", "422"], "conditional_geometry_weight": 0, "size_gap_pp": 0.02451856911199002}, "fixed_427": {"time": 1.4998431696355203, "size_pct": 34.172849633580135, "on_frontier": false, "dominating_ids": ["296", "417", "419"], "conditional_geometry_weight": 0, "size_gap_pp": 0.011851013004282152}, "stress_1pct": {"time": 1.5484782915654125, "size_pct": 34.18551718968784, "on_frontier": false, "dominating_ids": ["296", "360", "417", "418", "419", "422"], "conditional_geometry_weight": 0, "size_gap_pp": 0.02451856911199002}, "time_change_pct_vs_fast3": [244.1085151595766, 243.19689386351783], "size_change_pp_vs_fast3": -2.6677733583876417, "equivalence": {"reference": "r10-record-nonempty", "public_token_and_output_equal": true, "changed_files": [], "scope": "finite public corpus only; no all-input equivalence claim"}}, {"candidate": "public432", "control": true, "blocks": [1, 2], "time": 0.43279019980313727, "size_pct": 36.52435870548103, "own_anchor": {"time": 0.4413850574969763, "size_pct": 36.91273515631194, "on_frontier": false, "dominating_ids": ["481"], "conditional_geometry_weight": 0, "size_gap_pp": 0.35273952183728596}, "fixed_427": {"time": 0.4390236299852342, "size_pct": 36.781044539812044, "on_frontier": false, "dominating_ids": ["481"], "conditional_geometry_weight": 0, "size_gap_pp": 0.22104890533739052}, "stress_1pct": {"time": 0.44579890807194616, "size_pct": 36.91273515631194, "on_frontier": false, "dominating_ids": ["451", "456", "481"], "conditional_geometry_weight": 0, "size_gap_pp": 0.6682900958168787}, "time_change_pct_vs_fast3": [0.8004665546499368, 0.3828144199161443], "size_change_pp_vs_fast3": -0.07778040084915006, "equivalence": null}, {"candidate": "probe3", "control": true, "blocks": [1, 2], "time": 0.46054502730633945, "size_pct": 35.92083771476539, "own_anchor": {"time": 0.46614327772931885, "size_pct": 36.173282125166494, "on_frontier": false, "dominating_ids": ["434", "437", "442", "464"], "conditional_geometry_weight": 0, "size_gap_pp": 0.4163487968876325}, "fixed_427": {"time": 0.46717820725064463, "size_pct": 36.173282125166494, "on_frontier": false, "dominating_ids": ["434", "437", "442", "464"], "conditional_geometry_weight": 0, "size_gap_pp": 0.4163487968876325}, "stress_1pct": {"time": 0.47080471050661205, "size_pct": 36.173282125166494, "on_frontier": false, "dominating_ids": ["434", "437", "442", "464"], "conditional_geometry_weight": 0, "size_gap_pp": 0.4163487968876325}, "time_change_pct_vs_fast3": [6.931121057721068, 7.153880019014824], "size_change_pp_vs_fast3": -0.6813013915647872, "equivalence": null}], "gates": {}, "failures": []}
mask-k	Publish final evidence without toolchains or binaries	﻿2026-10-07T23:43:24.4013505Z ##[group]Run actions/upload-artifact@ea165f8d65b6e75b540449e92b4886f43607fa02
mask-k	Publish final evidence without toolchains or binaries	2026-10-07T23:43:24.4014068Z with:
mask-k	Publish final evidence without toolchains or binaries	2026-10-07T23:43:24.4014331Z   name: r10-37702101006-mask-k-gate
mask-k	Publish final evidence without toolchains or binaries	2026-10-07T23:43:24.4014724Z   path: /home/runner/work/_temp/round4-receipts/
mask-k	Publish final evidence without toolchains or binaries	2026-10-07T23:43:24.4015123Z   retention-days: 1
mask-k	Publish final evidence without toolchains or binaries	2026-10-07T23:43:24.4015429Z   compression-level: 9
mask-k	Publish final evidence without toolchains or binaries	2026-10-07T23:43:24.4015722Z   if-no-files-found: ignore
mask-k	Publish final evidence without toolchains or binaries	2026-10-07T23:43:24.4016032Z   overwrite: false
mask-k	Publish final evidence without toolchains or binaries	2026-10-07T23:43:24.4016535Z   include-hidden-files: false
mask-k	Publish final evidence without toolchains or binaries	2026-10-07T23:43:24.4017143Z env:
mask-k	Publish final evidence without toolchains or binaries	2026-10-07T23:43:24.4017402Z   ROUND4_SPEC: mask-k
mask-k	Publish final evidence without toolchains or binaries	2026-10-07T23:43:24.4017714Z   ROUND4_SPEC_DIR: evidence/round10
mask-k	Publish final evidence without toolchains or binaries	2026-10-07T23:43:24.4018125Z   DEFLATE_ROOT: /home/runner/work/_temp/deflate-upstream
mask-k	Publish final evidence without toolchains or binaries	2026-10-07T23:43:24.4018681Z   ELAN_HOME: /home/runner/work/_temp/deflate-upstream/validator/.work/elan
mask-k	Publish final evidence without toolchains or binaries	2026-10-07T23:43:24.4019214Z   XDG_CACHE_HOME: /home/runner/work/_temp/deflate-cache
mask-k	Publish final evidence without toolchains or binaries	2026-10-07T23:43:24.4019661Z   UV_CACHE_DIR: /home/runner/work/_temp/deflate-cache/uv
mask-k	Publish final evidence without toolchains or binaries	2026-10-07T23:43:24.4020097Z   XDG_RUNTIME_DIR: /run/user/1001
mask-k	Publish final evidence without toolchains or binaries	2026-10-07T23:43:24.4020489Z   DBUS_SESSION_BUS_ADDRESS: unix:path=/run/user/1001/bus
mask-k	Publish final evidence without toolchains or binaries	2026-10-07T23:43:24.4020891Z   VERIFY_CORPUS: corpus-stage1
mask-k	Publish final evidence without toolchains or binaries	2026-10-07T23:43:24.4021211Z   VERIFY_SANDBOX: bwrap
mask-k	Publish final evidence without toolchains or binaries	2026-10-07T23:43:24.4021519Z   GIT_TERMINAL_PROMPT: 0
mask-k	Publish final evidence without toolchains or binaries	2026-10-07T23:43:24.4021814Z ##[endgroup]
mask-k	Publish final evidence without toolchains or binaries	2026-10-07T23:43:24.5489629Z (node:7359) [DEP0040] DeprecationWarning: The `punycode` module is deprecated. Please use a userland alternative instead.
mask-k	Publish final evidence without toolchains or binaries	2026-10-07T23:43:24.5491110Z (Use `node --trace-deprecation ...` to show where the warning was created)
mask-k	Publish final evidence without toolchains or binaries	2026-10-07T23:43:24.5804779Z With the provided path, there will be 42 files uploaded
mask-k	Publish final evidence without toolchains or binaries	2026-10-07T23:43:24.5805776Z Artifact name is valid!
mask-k	Publish final evidence without toolchains or binaries	2026-10-07T23:43:24.5806232Z Root directory input is valid!
mask-k	Publish final evidence without toolchains or binaries	2026-10-07T23:43:24.9267182Z Beginning upload of artifact content to blob storage
mask-k	Publish final evidence without toolchains or binaries	2026-10-07T23:43:25.1182099Z (node:7359) [DEP0169] DeprecationWarning: `url.parse()` behavior is not standardized and prone to errors that have security implications. Use the WHATWG URL API instead. CVEs are not issued for `url.parse()` vulnerabilities.
mask-k	Publish final evidence without toolchains or binaries	2026-10-07T23:43:25.5516089Z Uploaded bytes 696062
mask-k	Publish final evidence without toolchains or binaries	2026-10-07T23:43:25.6072787Z Finished uploading artifact content to blob storage!
mask-k	Publish final evidence without toolchains or binaries	2026-10-07T23:43:25.6073887Z SHA256 digest of uploaded artifact zip is fa9e8906fa814d799306bc3e72f97b09a831019271c2dbde88c3218ff2f47614
mask-k	Publish final evidence without toolchains or binaries	2026-10-07T23:43:25.6075007Z Finalizing artifact upload
mask-k	Publish final evidence without toolchains or binaries	2026-10-07T23:43:25.8860572Z Artifact r10-37702101006-mask-k-gate.zip successfully finalized. Artifact ID 11518807221
mask-k	Publish final evidence without toolchains or binaries	2026-10-07T23:43:25.8861781Z Artifact r10-37702101006-mask-k-gate has been successfully uploaded! Final size is 696062 bytes. Artifact ID is 11518807221
mask-k	Publish final evidence without toolchains or binaries	2026-10-07T23:43:25.8866924Z Artifact download URL: https://github.com/HuanHuanHuanFFF/Miner/actions/runs/37702101006/artifacts/11518807221
mask-k	Post Run actions/checkout@11d5960a326750d5838078e36cf38b85af677262	﻿2026-10-07T23:43:26.0237819Z Post job cleanup.
mask-k	Post Run actions/checkout@11d5960a326750d5838078e36cf38b85af677262	2026-10-07T23:43:26.3358358Z [command]/usr/bin/git version
mask-k	Post Run actions/checkout@11d5960a326750d5838078e36cf38b85af677262	2026-10-07T23:43:26.3409399Z git version 2.55.0
mask-k	Post Run actions/checkout@11d5960a326750d5838078e36cf38b85af677262	2026-10-07T23:43:26.3472181Z Temporarily overriding HOME='/home/runner/work/_temp/68726b58-9b58-4171-99b0-6650fc9c56ea' before making global git config changes
mask-k	Post Run actions/checkout@11d5960a326750d5838078e36cf38b85af677262	2026-10-07T23:43:26.3473336Z Adding repository directory to the temporary git global config as a safe directory
mask-k	Post Run actions/checkout@11d5960a326750d5838078e36cf38b85af677262	2026-10-07T23:43:26.3481636Z [command]/usr/bin/git config --global --add safe.directory /home/runner/work/Miner/Miner
mask-k	Post Run actions/checkout@11d5960a326750d5838078e36cf38b85af677262	2026-10-07T23:43:26.3604265Z [command]/usr/bin/git config --local --name-only --get-regexp core\.sshCommand
mask-k	Post Run actions/checkout@11d5960a326750d5838078e36cf38b85af677262	2026-10-07T23:43:26.3707764Z [command]/usr/bin/git submodule foreach --recursive sh -c "git config --local --name-only --get-regexp 'core\.sshCommand' && git config --local --unset-all 'core.sshCommand' || :"
mask-k	Post Run actions/checkout@11d5960a326750d5838078e36cf38b85af677262	2026-10-07T23:43:26.4078784Z [command]/usr/bin/git config --local --name-only --get-regexp http\.https\:\/\/github\.com\/\.extraheader
mask-k	Post Run actions/checkout@11d5960a326750d5838078e36cf38b85af677262	2026-10-07T23:43:26.4137367Z [command]/usr/bin/git submodule foreach --recursive sh -c "git config --local --name-only --get-regexp 'http\.https\:\/\/github\.com\/\.extraheader' && git config --local --unset-all 'http.https://github.com/.extraheader' || :"
mask-k	Post Run actions/checkout@11d5960a326750d5838078e36cf38b85af677262	2026-10-07T23:43:26.4457352Z [command]/usr/bin/git config --local --name-only --get-regexp ^includeIf\.gitdir:
mask-k	Post Run actions/checkout@11d5960a326750d5838078e36cf38b85af677262	2026-10-07T23:43:26.4487927Z [command]/usr/bin/git submodule foreach --recursive git config --local --show-origin --name-only --get-regexp remote.origin.url
mask-k	Complete job	﻿2026-10-07T23:43:26.4919231Z Cleaning up orphan processes
mask-k	Complete job	2026-10-07T23:43:26.7964434Z ##[warning]Node.js 20 is deprecated. The following actions target Node.js 20 but are being forced to run on Node.js 24: actions/checkout@11d5960a326750d5838078e36cf38b85af677262, actions/upload-artifact@ea165f8d65b6e75b540449e92b4886f43607fa02. For more information see: https://github.blog/changelog/2025-09-19-deprecation-of-node-20-on-github-actions-runners/
