round18	Set up job	﻿2026-10-09T18:44:16.6183801Z Current runner version: '2.337.0'
round18	Set up job	2026-10-09T18:44:16.6204130Z ##[group]Runner Image Provisioner
round18	Set up job	2026-10-09T18:44:16.6204936Z Hosted Compute Agent
round18	Set up job	2026-10-09T18:44:16.6205624Z Version: 20261002.596
round18	Set up job	2026-10-09T18:44:16.6206241Z Commit: c3d12f3313a95f25162a1503be624f3b0617f8c0
round18	Set up job	2026-10-09T18:44:16.6206821Z Build Date: 2026-10-02T22:28:27Z
round18	Set up job	2026-10-09T18:44:16.6207405Z Worker ID: {4cc8d125-9731-4ca9-81c2-143d4bf893ec}
round18	Set up job	2026-10-09T18:44:16.6208038Z Region: centralus
round18	Set up job	2026-10-09T18:44:16.6208530Z Cloud: Azure
round18	Set up job	2026-10-09T18:44:16.6208971Z ##[endgroup]
round18	Set up job	2026-10-09T18:44:16.6210122Z ##[group]Operating System
round18	Set up job	2026-10-09T18:44:16.6210639Z Ubuntu
round18	Set up job	2026-10-09T18:44:16.6211069Z 24.04.5
round18	Set up job	2026-10-09T18:44:16.6211493Z LTS
round18	Set up job	2026-10-09T18:44:16.6212017Z ##[endgroup]
round18	Set up job	2026-10-09T18:44:16.6212462Z ##[group]Runner Image
round18	Set up job	2026-10-09T18:44:16.6212958Z Image: ubuntu-24.04
round18	Set up job	2026-10-09T18:44:16.6213416Z Version: 20261004.327.1
round18	Set up job	2026-10-09T18:44:16.6214268Z Included Software: https://github.com/actions/runner-images/blob/ubuntu24/20261004.327/images/ubuntu/Ubuntu2404-Readme.md
round18	Set up job	2026-10-09T18:44:16.6215793Z Image Release: https://github.com/actions/runner-images/releases/tag/ubuntu24%2F20261004.327
round18	Set up job	2026-10-09T18:44:16.6216589Z ##[endgroup]
round18	Set up job	2026-10-09T18:44:16.6217455Z ##[group]GITHUB_TOKEN Permissions
round18	Set up job	2026-10-09T18:44:16.6219538Z Contents: read
round18	Set up job	2026-10-09T18:44:16.6220025Z Metadata: read
round18	Set up job	2026-10-09T18:44:16.6220460Z ##[endgroup]
round18	Set up job	2026-10-09T18:44:16.6222106Z Secret source: Actions
round18	Set up job	2026-10-09T18:44:16.6222879Z Cache mode: write
round18	Set up job	2026-10-09T18:44:16.6223632Z Prepare workflow directory
round18	Set up job	2026-10-09T18:44:16.6657858Z Prepare all required actions
round18	Set up job	2026-10-09T18:44:16.6698126Z Getting action download info
round18	Set up job	2026-10-09T18:44:16.9032726Z Download action repository 'actions/checkout@11d5960a326750d5838078e36cf38b85af677262' (SHA:11d5960a326750d5838078e36cf38b85af677262)
round18	Set up job	2026-10-09T18:44:17.0019197Z Download action repository 'actions/upload-artifact@ea165f8d65b6e75b540449e92b4886f43607fa02' (SHA:ea165f8d65b6e75b540449e92b4886f43607fa02)
round18	Set up job	2026-10-09T18:44:17.2496460Z Complete job name: round18
round18	Run actions/checkout@11d5960a326750d5838078e36cf38b85af677262	﻿2026-10-09T18:44:17.3012905Z ##[group]Run actions/checkout@11d5960a326750d5838078e36cf38b85af677262
round18	Run actions/checkout@11d5960a326750d5838078e36cf38b85af677262	2026-10-09T18:44:17.3013741Z with:
round18	Run actions/checkout@11d5960a326750d5838078e36cf38b85af677262	2026-10-09T18:44:17.3014173Z   persist-credentials: false
round18	Run actions/checkout@11d5960a326750d5838078e36cf38b85af677262	2026-10-09T18:44:17.3014693Z   repository: HuanHuanHuanFFF/Miner
round18	Run actions/checkout@11d5960a326750d5838078e36cf38b85af677262	2026-10-09T18:44:17.3018088Z   token: ***
round18	Run actions/checkout@11d5960a326750d5838078e36cf38b85af677262	2026-10-09T18:44:17.3018528Z   ssh-strict: true
round18	Run actions/checkout@11d5960a326750d5838078e36cf38b85af677262	2026-10-09T18:44:17.3018966Z   ssh-user: git
round18	Run actions/checkout@11d5960a326750d5838078e36cf38b85af677262	2026-10-09T18:44:17.3019379Z   clean: true
round18	Run actions/checkout@11d5960a326750d5838078e36cf38b85af677262	2026-10-09T18:44:17.3019823Z   sparse-checkout-cone-mode: true
round18	Run actions/checkout@11d5960a326750d5838078e36cf38b85af677262	2026-10-09T18:44:17.3020322Z   fetch-depth: 1
round18	Run actions/checkout@11d5960a326750d5838078e36cf38b85af677262	2026-10-09T18:44:17.3020725Z   fetch-tags: false
round18	Run actions/checkout@11d5960a326750d5838078e36cf38b85af677262	2026-10-09T18:44:17.3021176Z   show-progress: true
round18	Run actions/checkout@11d5960a326750d5838078e36cf38b85af677262	2026-10-09T18:44:17.3021598Z   lfs: false
round18	Run actions/checkout@11d5960a326750d5838078e36cf38b85af677262	2026-10-09T18:44:17.3022003Z   submodules: false
round18	Run actions/checkout@11d5960a326750d5838078e36cf38b85af677262	2026-10-09T18:44:17.3022500Z   set-safe-directory: true
round18	Run actions/checkout@11d5960a326750d5838078e36cf38b85af677262	2026-10-09T18:44:17.3022957Z   allow-unsafe-pr-checkout: false
round18	Run actions/checkout@11d5960a326750d5838078e36cf38b85af677262	2026-10-09T18:44:17.3023596Z env:
round18	Run actions/checkout@11d5960a326750d5838078e36cf38b85af677262	2026-10-09T18:44:17.3023991Z   ROUND4_SPEC: screen-n
round18	Run actions/checkout@11d5960a326750d5838078e36cf38b85af677262	2026-10-09T18:44:17.3024445Z   ROUND4_SPEC_DIR: evidence/round18
round18	Run actions/checkout@11d5960a326750d5838078e36cf38b85af677262	2026-10-09T18:44:17.3024980Z   ROUND18_MODE: standard
round18	Run actions/checkout@11d5960a326750d5838078e36cf38b85af677262	2026-10-09T18:44:17.3025837Z ##[endgroup]
round18	Run actions/checkout@11d5960a326750d5838078e36cf38b85af677262	2026-10-09T18:44:17.3838126Z Syncing repository: HuanHuanHuanFFF/Miner
round18	Run actions/checkout@11d5960a326750d5838078e36cf38b85af677262	2026-10-09T18:44:17.3839676Z ##[group]Getting Git version info
round18	Run actions/checkout@11d5960a326750d5838078e36cf38b85af677262	2026-10-09T18:44:17.3840277Z Working directory is '/home/runner/work/Miner/Miner'
round18	Run actions/checkout@11d5960a326750d5838078e36cf38b85af677262	2026-10-09T18:44:17.3841169Z [command]/usr/bin/git version
round18	Run actions/checkout@11d5960a326750d5838078e36cf38b85af677262	2026-10-09T18:44:17.3908280Z git version 2.55.0
round18	Run actions/checkout@11d5960a326750d5838078e36cf38b85af677262	2026-10-09T18:44:17.3928506Z ##[endgroup]
round18	Run actions/checkout@11d5960a326750d5838078e36cf38b85af677262	2026-10-09T18:44:17.3934508Z Temporarily overriding HOME='/home/runner/work/_temp/2e261bdd-ea29-40e2-b0d5-71c1b8da734e' before making global git config changes
round18	Run actions/checkout@11d5960a326750d5838078e36cf38b85af677262	2026-10-09T18:44:17.3936537Z Adding repository directory to the temporary git global config as a safe directory
round18	Run actions/checkout@11d5960a326750d5838078e36cf38b85af677262	2026-10-09T18:44:17.3939862Z [command]/usr/bin/git config --global --add safe.directory /home/runner/work/Miner/Miner
round18	Run actions/checkout@11d5960a326750d5838078e36cf38b85af677262	2026-10-09T18:44:17.3987266Z Deleting the contents of '/home/runner/work/Miner/Miner'
round18	Run actions/checkout@11d5960a326750d5838078e36cf38b85af677262	2026-10-09T18:44:17.3988601Z ##[group]Initializing the repository
round18	Run actions/checkout@11d5960a326750d5838078e36cf38b85af677262	2026-10-09T18:44:17.3989554Z [command]/usr/bin/git init /home/runner/work/Miner/Miner
round18	Run actions/checkout@11d5960a326750d5838078e36cf38b85af677262	2026-10-09T18:44:17.4058946Z hint: Using 'master' as the name for the initial branch. This default branch name
round18	Run actions/checkout@11d5960a326750d5838078e36cf38b85af677262	2026-10-09T18:44:17.4060344Z hint: will change to "main" in Git 3.0. To configure the initial branch name
round18	Run actions/checkout@11d5960a326750d5838078e36cf38b85af677262	2026-10-09T18:44:17.4061558Z hint: to use in all of your new repositories, which will suppress this warning,
round18	Run actions/checkout@11d5960a326750d5838078e36cf38b85af677262	2026-10-09T18:44:17.4062510Z hint: call:
round18	Run actions/checkout@11d5960a326750d5838078e36cf38b85af677262	2026-10-09T18:44:17.4063080Z hint:
round18	Run actions/checkout@11d5960a326750d5838078e36cf38b85af677262	2026-10-09T18:44:17.4063761Z hint: 	git config --global init.defaultBranch <name>
round18	Run actions/checkout@11d5960a326750d5838078e36cf38b85af677262	2026-10-09T18:44:17.4064556Z hint:
round18	Run actions/checkout@11d5960a326750d5838078e36cf38b85af677262	2026-10-09T18:44:17.4065713Z hint: Names commonly chosen instead of 'master' are 'main', 'trunk' and
round18	Run actions/checkout@11d5960a326750d5838078e36cf38b85af677262	2026-10-09T18:44:17.4066951Z hint: 'development'. The just-created branch can be renamed via this command:
round18	Run actions/checkout@11d5960a326750d5838078e36cf38b85af677262	2026-10-09T18:44:17.4068086Z hint:
round18	Run actions/checkout@11d5960a326750d5838078e36cf38b85af677262	2026-10-09T18:44:17.4068701Z hint: 	git branch -m <name>
round18	Run actions/checkout@11d5960a326750d5838078e36cf38b85af677262	2026-10-09T18:44:17.4069319Z hint:
round18	Run actions/checkout@11d5960a326750d5838078e36cf38b85af677262	2026-10-09T18:44:17.4070199Z hint: Disable this message with "git config set advice.defaultBranchName false"
round18	Run actions/checkout@11d5960a326750d5838078e36cf38b85af677262	2026-10-09T18:44:17.4071571Z Initialized empty Git repository in /home/runner/work/Miner/Miner/.git/
round18	Run actions/checkout@11d5960a326750d5838078e36cf38b85af677262	2026-10-09T18:44:17.4076970Z [command]/usr/bin/git remote add origin https://github.com/HuanHuanHuanFFF/Miner
round18	Run actions/checkout@11d5960a326750d5838078e36cf38b85af677262	2026-10-09T18:44:17.4110589Z ##[endgroup]
round18	Run actions/checkout@11d5960a326750d5838078e36cf38b85af677262	2026-10-09T18:44:17.4111672Z ##[group]Disabling automatic garbage collection
round18	Run actions/checkout@11d5960a326750d5838078e36cf38b85af677262	2026-10-09T18:44:17.4113875Z [command]/usr/bin/git config --local gc.auto 0
round18	Run actions/checkout@11d5960a326750d5838078e36cf38b85af677262	2026-10-09T18:44:17.4137956Z ##[endgroup]
round18	Run actions/checkout@11d5960a326750d5838078e36cf38b85af677262	2026-10-09T18:44:17.4138991Z ##[group]Setting up auth
round18	Run actions/checkout@11d5960a326750d5838078e36cf38b85af677262	2026-10-09T18:44:17.4143119Z [command]/usr/bin/git config --local --name-only --get-regexp core\.sshCommand
round18	Run actions/checkout@11d5960a326750d5838078e36cf38b85af677262	2026-10-09T18:44:17.4168424Z [command]/usr/bin/git submodule foreach --recursive sh -c "git config --local --name-only --get-regexp 'core\.sshCommand' && git config --local --unset-all 'core.sshCommand' || :"
round18	Run actions/checkout@11d5960a326750d5838078e36cf38b85af677262	2026-10-09T18:44:17.4423194Z [command]/usr/bin/git config --local --name-only --get-regexp http\.https\:\/\/github\.com\/\.extraheader
round18	Run actions/checkout@11d5960a326750d5838078e36cf38b85af677262	2026-10-09T18:44:17.4449074Z [command]/usr/bin/git submodule foreach --recursive sh -c "git config --local --name-only --get-regexp 'http\.https\:\/\/github\.com\/\.extraheader' && git config --local --unset-all 'http.https://github.com/.extraheader' || :"
round18	Run actions/checkout@11d5960a326750d5838078e36cf38b85af677262	2026-10-09T18:44:17.4615645Z [command]/usr/bin/git config --local --name-only --get-regexp ^includeIf\.gitdir:
round18	Run actions/checkout@11d5960a326750d5838078e36cf38b85af677262	2026-10-09T18:44:17.4642864Z [command]/usr/bin/git submodule foreach --recursive git config --local --show-origin --name-only --get-regexp remote.origin.url
round18	Run actions/checkout@11d5960a326750d5838078e36cf38b85af677262	2026-10-09T18:44:17.4800993Z [command]/usr/bin/git config --local http.https://github.com/.extraheader AUTHORIZATION: basic ***
round18	Run actions/checkout@11d5960a326750d5838078e36cf38b85af677262	2026-10-09T18:44:17.4830997Z ##[endgroup]
round18	Run actions/checkout@11d5960a326750d5838078e36cf38b85af677262	2026-10-09T18:44:17.4831933Z ##[group]Fetching the repository
round18	Run actions/checkout@11d5960a326750d5838078e36cf38b85af677262	2026-10-09T18:44:17.4839266Z [command]/usr/bin/git -c protocol.version=2 fetch --no-tags --prune --no-recurse-submodules --depth=1 origin +7a49524194fad7e241900af31c5ed992f332f75f:refs/remotes/origin/codex/round18-frontier
round18	Run actions/checkout@11d5960a326750d5838078e36cf38b85af677262	2026-10-09T18:44:28.6562725Z From https://github.com/HuanHuanHuanFFF/Miner
round18	Run actions/checkout@11d5960a326750d5838078e36cf38b85af677262	2026-10-09T18:44:28.6565636Z  * [new ref]         7a49524194fad7e241900af31c5ed992f332f75f -> origin/codex/round18-frontier
round18	Run actions/checkout@11d5960a326750d5838078e36cf38b85af677262	2026-10-09T18:44:28.6574629Z ##[endgroup]
round18	Run actions/checkout@11d5960a326750d5838078e36cf38b85af677262	2026-10-09T18:44:28.6576840Z ##[group]Determining the checkout info
round18	Run actions/checkout@11d5960a326750d5838078e36cf38b85af677262	2026-10-09T18:44:28.6578417Z ##[endgroup]
round18	Run actions/checkout@11d5960a326750d5838078e36cf38b85af677262	2026-10-09T18:44:28.6579262Z [command]/usr/bin/git sparse-checkout disable
round18	Run actions/checkout@11d5960a326750d5838078e36cf38b85af677262	2026-10-09T18:44:28.6641604Z [command]/usr/bin/git config --local --unset-all extensions.worktreeConfig
round18	Run actions/checkout@11d5960a326750d5838078e36cf38b85af677262	2026-10-09T18:44:28.6667535Z ##[group]Checking out the ref
round18	Run actions/checkout@11d5960a326750d5838078e36cf38b85af677262	2026-10-09T18:44:28.6671479Z [command]/usr/bin/git checkout --progress --force -B codex/round18-frontier refs/remotes/origin/codex/round18-frontier
round18	Run actions/checkout@11d5960a326750d5838078e36cf38b85af677262	2026-10-09T18:44:29.6827817Z Updating files:  47% (5140/10835)
round18	Run actions/checkout@11d5960a326750d5838078e36cf38b85af677262	2026-10-09T18:44:29.6995102Z Updating files:  48% (5201/10835)
round18	Run actions/checkout@11d5960a326750d5838078e36cf38b85af677262	2026-10-09T18:44:29.7167683Z Updating files:  49% (5310/10835)
round18	Run actions/checkout@11d5960a326750d5838078e36cf38b85af677262	2026-10-09T18:44:29.7346681Z Updating files:  50% (5418/10835)
round18	Run actions/checkout@11d5960a326750d5838078e36cf38b85af677262	2026-10-09T18:44:29.7511973Z Updating files:  51% (5526/10835)
round18	Run actions/checkout@11d5960a326750d5838078e36cf38b85af677262	2026-10-09T18:44:29.7710584Z Updating files:  52% (5635/10835)
round18	Run actions/checkout@11d5960a326750d5838078e36cf38b85af677262	2026-10-09T18:44:29.7918873Z Updating files:  53% (5743/10835)
round18	Run actions/checkout@11d5960a326750d5838078e36cf38b85af677262	2026-10-09T18:44:29.8024737Z Updating files:  54% (5851/10835)
round18	Run actions/checkout@11d5960a326750d5838078e36cf38b85af677262	2026-10-09T18:44:29.8170678Z Updating files:  55% (5960/10835)
round18	Run actions/checkout@11d5960a326750d5838078e36cf38b85af677262	2026-10-09T18:44:29.8340678Z Updating files:  56% (6068/10835)
round18	Run actions/checkout@11d5960a326750d5838078e36cf38b85af677262	2026-10-09T18:44:29.8517224Z Updating files:  57% (6176/10835)
round18	Run actions/checkout@11d5960a326750d5838078e36cf38b85af677262	2026-10-09T18:44:29.8733380Z Updating files:  58% (6285/10835)
round18	Run actions/checkout@11d5960a326750d5838078e36cf38b85af677262	2026-10-09T18:44:29.8909066Z Updating files:  59% (6393/10835)
round18	Run actions/checkout@11d5960a326750d5838078e36cf38b85af677262	2026-10-09T18:44:29.9023779Z Updating files:  60% (6501/10835)
round18	Run actions/checkout@11d5960a326750d5838078e36cf38b85af677262	2026-10-09T18:44:29.9235937Z Updating files:  61% (6610/10835)
round18	Run actions/checkout@11d5960a326750d5838078e36cf38b85af677262	2026-10-09T18:44:29.9371915Z Updating files:  62% (6718/10835)
round18	Run actions/checkout@11d5960a326750d5838078e36cf38b85af677262	2026-10-09T18:44:29.9560755Z Updating files:  63% (6827/10835)
round18	Run actions/checkout@11d5960a326750d5838078e36cf38b85af677262	2026-10-09T18:44:29.9756691Z Updating files:  64% (6935/10835)
round18	Run actions/checkout@11d5960a326750d5838078e36cf38b85af677262	2026-10-09T18:44:29.9979918Z Updating files:  65% (7043/10835)
round18	Run actions/checkout@11d5960a326750d5838078e36cf38b85af677262	2026-10-09T18:44:30.0599498Z Updating files:  66% (7152/10835)
round18	Run actions/checkout@11d5960a326750d5838078e36cf38b85af677262	2026-10-09T18:44:30.0998125Z Updating files:  67% (7260/10835)
round18	Run actions/checkout@11d5960a326750d5838078e36cf38b85af677262	2026-10-09T18:44:30.1454043Z Updating files:  68% (7368/10835)
round18	Run actions/checkout@11d5960a326750d5838078e36cf38b85af677262	2026-10-09T18:44:30.2464998Z Updating files:  69% (7477/10835)
round18	Run actions/checkout@11d5960a326750d5838078e36cf38b85af677262	2026-10-09T18:44:30.3043956Z Updating files:  70% (7585/10835)
round18	Run actions/checkout@11d5960a326750d5838078e36cf38b85af677262	2026-10-09T18:44:30.3323437Z Updating files:  71% (7693/10835)
round18	Run actions/checkout@11d5960a326750d5838078e36cf38b85af677262	2026-10-09T18:44:30.3707719Z Updating files:  72% (7802/10835)
round18	Run actions/checkout@11d5960a326750d5838078e36cf38b85af677262	2026-10-09T18:44:30.3930750Z Updating files:  73% (7910/10835)
round18	Run actions/checkout@11d5960a326750d5838078e36cf38b85af677262	2026-10-09T18:44:30.4292182Z Updating files:  74% (8018/10835)
round18	Run actions/checkout@11d5960a326750d5838078e36cf38b85af677262	2026-10-09T18:44:30.4602568Z Updating files:  75% (8127/10835)
round18	Run actions/checkout@11d5960a326750d5838078e36cf38b85af677262	2026-10-09T18:44:30.4816084Z Updating files:  76% (8235/10835)
round18	Run actions/checkout@11d5960a326750d5838078e36cf38b85af677262	2026-10-09T18:44:30.5033073Z Updating files:  77% (8343/10835)
round18	Run actions/checkout@11d5960a326750d5838078e36cf38b85af677262	2026-10-09T18:44:30.5230337Z Updating files:  78% (8452/10835)
round18	Run actions/checkout@11d5960a326750d5838078e36cf38b85af677262	2026-10-09T18:44:30.5459474Z Updating files:  79% (8560/10835)
round18	Run actions/checkout@11d5960a326750d5838078e36cf38b85af677262	2026-10-09T18:44:30.5625770Z Updating files:  80% (8668/10835)
round18	Run actions/checkout@11d5960a326750d5838078e36cf38b85af677262	2026-10-09T18:44:30.5842878Z Updating files:  81% (8777/10835)
round18	Run actions/checkout@11d5960a326750d5838078e36cf38b85af677262	2026-10-09T18:44:30.6041400Z Updating files:  82% (8885/10835)
round18	Run actions/checkout@11d5960a326750d5838078e36cf38b85af677262	2026-10-09T18:44:30.6250165Z Updating files:  83% (8994/10835)
round18	Run actions/checkout@11d5960a326750d5838078e36cf38b85af677262	2026-10-09T18:44:30.6369640Z Updating files:  84% (9102/10835)
round18	Run actions/checkout@11d5960a326750d5838078e36cf38b85af677262	2026-10-09T18:44:30.6787628Z Updating files:  85% (9210/10835)
round18	Run actions/checkout@11d5960a326750d5838078e36cf38b85af677262	2026-10-09T18:44:30.6862042Z Updating files:  85% (9298/10835)
round18	Run actions/checkout@11d5960a326750d5838078e36cf38b85af677262	2026-10-09T18:44:30.7184667Z Updating files:  86% (9319/10835)
round18	Run actions/checkout@11d5960a326750d5838078e36cf38b85af677262	2026-10-09T18:44:30.7517730Z Updating files:  87% (9427/10835)
round18	Run actions/checkout@11d5960a326750d5838078e36cf38b85af677262	2026-10-09T18:44:30.7716143Z Updating files:  88% (9535/10835)
round18	Run actions/checkout@11d5960a326750d5838078e36cf38b85af677262	2026-10-09T18:44:30.8016471Z Updating files:  89% (9644/10835)
round18	Run actions/checkout@11d5960a326750d5838078e36cf38b85af677262	2026-10-09T18:44:30.8211248Z Updating files:  90% (9752/10835)
round18	Run actions/checkout@11d5960a326750d5838078e36cf38b85af677262	2026-10-09T18:44:30.8733556Z Updating files:  91% (9860/10835)
round18	Run actions/checkout@11d5960a326750d5838078e36cf38b85af677262	2026-10-09T18:44:30.8962327Z Updating files:  92% (9969/10835)
round18	Run actions/checkout@11d5960a326750d5838078e36cf38b85af677262	2026-10-09T18:44:30.9133129Z Updating files:  93% (10077/10835)
round18	Run actions/checkout@11d5960a326750d5838078e36cf38b85af677262	2026-10-09T18:44:30.9338804Z Updating files:  94% (10185/10835)
round18	Run actions/checkout@11d5960a326750d5838078e36cf38b85af677262	2026-10-09T18:44:30.9456108Z Updating files:  95% (10294/10835)
round18	Run actions/checkout@11d5960a326750d5838078e36cf38b85af677262	2026-10-09T18:44:30.9683405Z Updating files:  96% (10402/10835)
round18	Run actions/checkout@11d5960a326750d5838078e36cf38b85af677262	2026-10-09T18:44:30.9911751Z Updating files:  97% (10510/10835)
round18	Run actions/checkout@11d5960a326750d5838078e36cf38b85af677262	2026-10-09T18:44:30.9954585Z Updating files:  98% (10619/10835)
round18	Run actions/checkout@11d5960a326750d5838078e36cf38b85af677262	2026-10-09T18:44:31.0008847Z Updating files:  99% (10727/10835)
round18	Run actions/checkout@11d5960a326750d5838078e36cf38b85af677262	2026-10-09T18:44:31.0009402Z Updating files: 100% (10835/10835)
round18	Run actions/checkout@11d5960a326750d5838078e36cf38b85af677262	2026-10-09T18:44:31.0009890Z Updating files: 100% (10835/10835), done.
round18	Run actions/checkout@11d5960a326750d5838078e36cf38b85af677262	2026-10-09T18:44:31.0110320Z Switched to a new branch 'codex/round18-frontier'
round18	Run actions/checkout@11d5960a326750d5838078e36cf38b85af677262	2026-10-09T18:44:31.0111969Z branch 'codex/round18-frontier' set up to track 'origin/codex/round18-frontier'.
round18	Run actions/checkout@11d5960a326750d5838078e36cf38b85af677262	2026-10-09T18:44:31.0166648Z ##[endgroup]
round18	Run actions/checkout@11d5960a326750d5838078e36cf38b85af677262	2026-10-09T18:44:31.0198442Z [command]/usr/bin/git log -1 --format=%H
round18	Run actions/checkout@11d5960a326750d5838078e36cf38b85af677262	2026-10-09T18:44:31.0220312Z 7a49524194fad7e241900af31c5ed992f332f75f
round18	Run actions/checkout@11d5960a326750d5838078e36cf38b85af677262	2026-10-09T18:44:31.0228613Z ##[group]Removing auth
round18	Run actions/checkout@11d5960a326750d5838078e36cf38b85af677262	2026-10-09T18:44:31.0231121Z [command]/usr/bin/git config --local --name-only --get-regexp core\.sshCommand
round18	Run actions/checkout@11d5960a326750d5838078e36cf38b85af677262	2026-10-09T18:44:31.0254198Z [command]/usr/bin/git submodule foreach --recursive sh -c "git config --local --name-only --get-regexp 'core\.sshCommand' && git config --local --unset-all 'core.sshCommand' || :"
round18	Run actions/checkout@11d5960a326750d5838078e36cf38b85af677262	2026-10-09T18:44:31.0427087Z [command]/usr/bin/git config --local --name-only --get-regexp http\.https\:\/\/github\.com\/\.extraheader
round18	Run actions/checkout@11d5960a326750d5838078e36cf38b85af677262	2026-10-09T18:44:31.0444204Z http.https://github.com/.extraheader
round18	Run actions/checkout@11d5960a326750d5838078e36cf38b85af677262	2026-10-09T18:44:31.0449018Z [command]/usr/bin/git config --local --unset-all http.https://github.com/.extraheader
round18	Run actions/checkout@11d5960a326750d5838078e36cf38b85af677262	2026-10-09T18:44:31.0473502Z [command]/usr/bin/git submodule foreach --recursive sh -c "git config --local --name-only --get-regexp 'http\.https\:\/\/github\.com\/\.extraheader' && git config --local --unset-all 'http.https://github.com/.extraheader' || :"
round18	Run actions/checkout@11d5960a326750d5838078e36cf38b85af677262	2026-10-09T18:44:31.0640187Z [command]/usr/bin/git config --local --name-only --get-regexp ^includeIf\.gitdir:
round18	Run actions/checkout@11d5960a326750d5838078e36cf38b85af677262	2026-10-09T18:44:31.0664742Z [command]/usr/bin/git submodule foreach --recursive git config --local --show-origin --name-only --get-regexp remote.origin.url
round18	Run actions/checkout@11d5960a326750d5838078e36cf38b85af677262	2026-10-09T18:44:31.0821829Z ##[endgroup]
round18	Validate frozen inputs and workflow route	﻿2026-10-09T18:44:31.0975313Z ##[group]Run python3 scripts/round18-preflight.py
round18	Validate frozen inputs and workflow route	2026-10-09T18:44:31.0976147Z ^[[36;1mpython3 scripts/round18-preflight.py^[[0m
round18	Validate frozen inputs and workflow route	2026-10-09T18:44:31.1112870Z shell: /usr/bin/bash -e {0}
round18	Validate frozen inputs and workflow route	2026-10-09T18:44:31.1113276Z env:
round18	Validate frozen inputs and workflow route	2026-10-09T18:44:31.1113572Z   ROUND4_SPEC: screen-n
round18	Validate frozen inputs and workflow route	2026-10-09T18:44:31.1113841Z   ROUND4_SPEC_DIR: evidence/round18
round18	Validate frozen inputs and workflow route	2026-10-09T18:44:31.1114158Z   ROUND18_MODE: standard
round18	Validate frozen inputs and workflow route	2026-10-09T18:44:31.1114427Z ##[endgroup]
round18	Validate frozen inputs and workflow route	2026-10-09T18:44:31.1651990Z R18_PREFLIGHT standard 8 hash-bound pairs
round18	Prepare original full validation environment	﻿2026-10-09T18:44:31.1765308Z ##[group]Run bash scripts/ci-prepare.sh
round18	Prepare original full validation environment	2026-10-09T18:44:31.1765869Z ^[[36;1mbash scripts/ci-prepare.sh^[[0m
round18	Prepare original full validation environment	2026-10-09T18:44:31.1798337Z shell: /usr/bin/bash -e {0}
round18	Prepare original full validation environment	2026-10-09T18:44:31.1798631Z env:
round18	Prepare original full validation environment	2026-10-09T18:44:31.1798923Z   ROUND4_SPEC: screen-n
round18	Prepare original full validation environment	2026-10-09T18:44:31.1799268Z   ROUND4_SPEC_DIR: evidence/round18
round18	Prepare original full validation environment	2026-10-09T18:44:31.1799642Z   ROUND18_MODE: standard
round18	Prepare original full validation environment	2026-10-09T18:44:31.1800034Z ##[endgroup]
round18	Prepare original full validation environment	2026-10-09T18:44:31.1868786Z Filesystem      Size  Used Avail Use% Mounted on
round18	Prepare original full validation environment	2026-10-09T18:44:31.1869279Z /dev/root       145G   60G   85G  42% /
round18	Prepare original full validation environment	2026-10-09T18:45:35.9641910Z Reading package lists...
round18	Prepare original full validation environment	2026-10-09T18:45:36.0771006Z Building dependency tree...
round18	Prepare original full validation environment	2026-10-09T18:45:36.0774288Z Reading state information...
round18	Prepare original full validation environment	2026-10-09T18:45:36.2228047Z curl is already the newest version (8.5.0-2ubuntu10.15).
round18	Prepare original full validation environment	2026-10-09T18:45:36.2228716Z python3 is already the newest version (3.12.3-0ubuntu2.1).
round18	Prepare original full validation environment	2026-10-09T18:45:36.2229372Z python3-venv is already the newest version (3.12.3-0ubuntu2.1).
round18	Prepare original full validation environment	2026-10-09T18:45:36.2229876Z git is already the newest version (1:2.55.0-0ppa1~ubuntu24.04.2).
round18	Prepare original full validation environment	2026-10-09T18:45:36.2230363Z git set to manually installed.
round18	Prepare original full validation environment	2026-10-09T18:45:36.2230787Z pkg-config is already the newest version (1.8.1-2build1).
round18	Prepare original full validation environment	2026-10-09T18:45:36.2231188Z libssl-dev is already the newest version (3.0.13-0ubuntu3.16).
round18	Prepare original full validation environment	2026-10-09T18:45:36.2231640Z zlib1g-dev is already the newest version (1:1.3.dfsg-3.1ubuntu2.2).
round18	Prepare original full validation environment	2026-10-09T18:45:36.2232087Z dbus-user-session is already the newest version (1.14.10-4ubuntu4.1).
round18	Prepare original full validation environment	2026-10-09T18:45:36.2232483Z dbus-user-session set to manually installed.
round18	Prepare original full validation environment	2026-10-09T18:45:36.2232829Z The following NEW packages will be installed:
round18	Prepare original full validation environment	2026-10-09T18:45:36.2234226Z   bubblewrap build-essential
round18	Prepare original full validation environment	2026-10-09T18:45:36.2371706Z 0 upgraded, 2 newly installed, 0 to remove and 23 not upgraded.
round18	Prepare original full validation environment	2026-10-09T18:45:36.2372186Z Need to get 55.4 kB of archives.
round18	Prepare original full validation environment	2026-10-09T18:45:36.2372628Z After this operation, 151 kB of additional disk space will be used.
round18	Prepare original full validation environment	2026-10-09T18:45:36.2373055Z Get:1 file:/etc/apt/apt-mirrors.txt Mirrorlist [144 B]
round18	Prepare original full validation environment	2026-10-09T18:45:36.2961670Z Get:2 http://azure.archive.ubuntu.com/ubuntu noble-updates/main amd64 bubblewrap amd64 0.9.0-1ubuntu0.3 [50.4 kB]
round18	Prepare original full validation environment	2026-10-09T18:45:36.3289536Z Get:3 http://azure.archive.ubuntu.com/ubuntu noble/main amd64 build-essential amd64 12.10ubuntu1 [4928 B]
round18	Prepare original full validation environment	2026-10-09T18:45:36.5183210Z Fetched 55.4 kB in 0s (559 kB/s)
round18	Prepare original full validation environment	2026-10-09T18:45:36.5351423Z Selecting previously unselected package bubblewrap.
round18	Prepare original full validation environment	2026-10-09T18:45:36.5492522Z (Reading database ... 
round18	Prepare original full validation environment	2026-10-09T18:45:36.5493050Z (Reading database ... 5%
round18	Prepare original full validation environment	2026-10-09T18:45:36.5493599Z (Reading database ... 10%
round18	Prepare original full validation environment	2026-10-09T18:45:36.5494457Z (Reading database ... 15%
round18	Prepare original full validation environment	2026-10-09T18:45:36.5495015Z (Reading database ... 20%
round18	Prepare original full validation environment	2026-10-09T18:45:36.5495320Z (Reading database ... 25%
round18	Prepare original full validation environment	2026-10-09T18:45:36.5495810Z (Reading database ... 30%
round18	Prepare original full validation environment	2026-10-09T18:45:36.5496276Z (Reading database ... 35%
round18	Prepare original full validation environment	2026-10-09T18:45:36.5496526Z (Reading database ... 40%
round18	Prepare original full validation environment	2026-10-09T18:45:36.5496780Z (Reading database ... 45%
round18	Prepare original full validation environment	2026-10-09T18:45:36.5497031Z (Reading database ... 50%
round18	Prepare original full validation environment	2026-10-09T18:45:36.5530621Z (Reading database ... 55%
round18	Prepare original full validation environment	2026-10-09T18:45:36.6901517Z (Reading database ... 60%
round18	Prepare original full validation environment	2026-10-09T18:45:36.8980287Z (Reading database ... 65%
round18	Prepare original full validation environment	2026-10-09T18:45:37.0863569Z (Reading database ... 70%
round18	Prepare original full validation environment	2026-10-09T18:45:37.2494898Z (Reading database ... 75%
round18	Prepare original full validation environment	2026-10-09T18:45:37.3931772Z (Reading database ... 80%
round18	Prepare original full validation environment	2026-10-09T18:45:37.5929904Z (Reading database ... 85%
round18	Prepare original full validation environment	2026-10-09T18:45:37.7407926Z (Reading database ... 90%
round18	Prepare original full validation environment	2026-10-09T18:45:37.9043583Z (Reading database ... 95%
round18	Prepare original full validation environment	2026-10-09T18:45:37.9044304Z (Reading database ... 100%
round18	Prepare original full validation environment	2026-10-09T18:45:37.9044943Z (Reading database ... 203191 files and directories currently installed.)
round18	Prepare original full validation environment	2026-10-09T18:45:37.9077437Z Preparing to unpack .../bubblewrap_0.9.0-1ubuntu0.3_amd64.deb ...
round18	Prepare original full validation environment	2026-10-09T18:45:37.9148255Z Unpacking bubblewrap (0.9.0-1ubuntu0.3) ...
round18	Prepare original full validation environment	2026-10-09T18:45:37.9318947Z Selecting previously unselected package build-essential.
round18	Prepare original full validation environment	2026-10-09T18:45:37.9407011Z Preparing to unpack .../build-essential_12.10ubuntu1_amd64.deb ...
round18	Prepare original full validation environment	2026-10-09T18:45:37.9413522Z Unpacking build-essential (12.10ubuntu1) ...
round18	Prepare original full validation environment	2026-10-09T18:45:37.9702108Z Setting up bubblewrap (0.9.0-1ubuntu0.3) ...
round18	Prepare original full validation environment	2026-10-09T18:45:37.9740808Z Setting up build-essential (12.10ubuntu1) ...
round18	Prepare original full validation environment	2026-10-09T18:45:37.9759585Z Processing triggers for man-db (2.12.0-4build2) ...
round18	Prepare original full validation environment	2026-10-09T18:45:37.9775903Z Not building database; man-db/auto-update is not 'true'.
round18	Prepare original full validation environment	2026-10-09T18:45:38.4109534Z 
round18	Prepare original full validation environment	2026-10-09T18:45:38.4110347Z Running kernel seems to be up-to-date.
round18	Prepare original full validation environment	2026-10-09T18:45:38.4110664Z 
round18	Prepare original full validation environment	2026-10-09T18:45:38.4110801Z No services need to be restarted.
round18	Prepare original full validation environment	2026-10-09T18:45:38.4111045Z 
round18	Prepare original full validation environment	2026-10-09T18:45:38.4111196Z No containers need to be restarted.
round18	Prepare original full validation environment	2026-10-09T18:45:38.4111473Z 
round18	Prepare original full validation environment	2026-10-09T18:45:38.4111673Z No user sessions are running outdated binaries.
round18	Prepare original full validation environment	2026-10-09T18:45:38.4111966Z 
round18	Prepare original full validation environment	2026-10-09T18:45:38.4112223Z No VM guests are running outdated hypervisor (qemu) binaries on this host.
round18	Prepare original full validation environment	2026-10-09T18:45:39.0427258Z kernel.apparmor_restrict_unprivileged_userns = 0
round18	Prepare original full validation environment	2026-10-09T18:45:39.0630012Z hint: Using 'master' as the name for the initial branch. This default branch name
round18	Prepare original full validation environment	2026-10-09T18:45:39.0630691Z hint: will change to "main" in Git 3.0. To configure the initial branch name
round18	Prepare original full validation environment	2026-10-09T18:45:39.0631142Z hint: to use in all of your new repositories, which will suppress this warning,
round18	Prepare original full validation environment	2026-10-09T18:45:39.0631536Z hint: call:
round18	Prepare original full validation environment	2026-10-09T18:45:39.0631790Z hint:
round18	Prepare original full validation environment	2026-10-09T18:45:39.0632096Z hint: 	git config --global init.defaultBranch <name>
round18	Prepare original full validation environment	2026-10-09T18:45:39.0632531Z hint:
round18	Prepare original full validation environment	2026-10-09T18:45:39.0632975Z hint: Names commonly chosen instead of 'master' are 'main', 'trunk' and
round18	Prepare original full validation environment	2026-10-09T18:45:39.0633539Z hint: 'development'. The just-created branch can be renamed via this command:
round18	Prepare original full validation environment	2026-10-09T18:45:39.0633925Z hint:
round18	Prepare original full validation environment	2026-10-09T18:45:39.0634160Z hint: 	git branch -m <name>
round18	Prepare original full validation environment	2026-10-09T18:45:39.0634434Z hint:
round18	Prepare original full validation environment	2026-10-09T18:45:39.0634763Z hint: Disable this message with "git config set advice.defaultBranchName false"
round18	Prepare original full validation environment	2026-10-09T18:45:39.0635263Z Initialized empty Git repository in /home/runner/work/_temp/deflate-upstream/.git/
round18	Prepare original full validation environment	2026-10-09T18:45:39.7483908Z From https://github.com/conjectures-io/conjectures-optimisation-deflate
round18	Prepare original full validation environment	2026-10-09T18:45:39.7484618Z  * branch            a356bbff18b60c4527fbcc85d5a28ef9c20214e0 -> FETCH_HEAD
round18	Prepare original full validation environment	2026-10-09T18:45:39.7974282Z HEAD is now at a356bbf make the pins telemetry instead of blocking (#30)
round18	Prepare original full validation environment	2026-10-09T18:45:39.8189199Z Official pinned source files: 70/70 match
round18	Prepare original full validation environment	2026-10-09T18:45:39.8421949Z Running as unit: run-u0.service; invocation ID: 7ae6773db5424f4183bbcc7f8e3079df
round18	Prepare original full validation environment	2026-10-09T18:45:39.8463206Z Finished with result: success
round18	Prepare original full validation environment	2026-10-09T18:45:39.8463749Z Main processes terminated with: code=exited/status=0
round18	Prepare original full validation environment	2026-10-09T18:45:39.8464302Z Service runtime: 3ms
round18	Prepare original full validation environment	2026-10-09T18:45:39.8464604Z CPU time consumed: 3ms
round18	Prepare original full validation environment	2026-10-09T18:45:39.8464895Z Memory peak: 512.0K
round18	Prepare original full validation environment	2026-10-09T18:45:39.8465593Z Memory swap peak: 0B
round18	Install original verification toolchain	﻿2026-10-09T18:45:39.8573349Z ##[group]Run bash scripts/ci-setup.sh
round18	Install original verification toolchain	2026-10-09T18:45:39.8573682Z ^[[36;1mbash scripts/ci-setup.sh^[[0m
round18	Install original verification toolchain	2026-10-09T18:45:39.8611371Z shell: /usr/bin/bash -e {0}
round18	Install original verification toolchain	2026-10-09T18:45:39.8611736Z env:
round18	Install original verification toolchain	2026-10-09T18:45:39.8611974Z   ROUND4_SPEC: screen-n
round18	Install original verification toolchain	2026-10-09T18:45:39.8612254Z   ROUND4_SPEC_DIR: evidence/round18
round18	Install original verification toolchain	2026-10-09T18:45:39.8612535Z   ROUND18_MODE: standard
round18	Install original verification toolchain	2026-10-09T18:45:39.8612860Z   DEFLATE_ROOT: /home/runner/work/_temp/deflate-upstream
round18	Install original verification toolchain	2026-10-09T18:45:39.8613288Z   ELAN_HOME: /home/runner/work/_temp/deflate-upstream/validator/.work/elan
round18	Install original verification toolchain	2026-10-09T18:45:39.8613682Z   XDG_CACHE_HOME: /home/runner/work/_temp/deflate-cache
round18	Install original verification toolchain	2026-10-09T18:45:39.8614025Z   UV_CACHE_DIR: /home/runner/work/_temp/deflate-cache/uv
round18	Install original verification toolchain	2026-10-09T18:45:39.8614366Z   XDG_RUNTIME_DIR: /run/user/1001
round18	Install original verification toolchain	2026-10-09T18:45:39.8614685Z   DBUS_SESSION_BUS_ADDRESS: unix:path=/run/user/1001/bus
round18	Install original verification toolchain	2026-10-09T18:45:39.8615011Z   VERIFY_CORPUS: corpus-stage1
round18	Install original verification toolchain	2026-10-09T18:45:39.8615294Z   VERIFY_SANDBOX: bwrap
round18	Install original verification toolchain	2026-10-09T18:45:39.8615758Z   GIT_TERMINAL_PROMPT: 0
round18	Install original verification toolchain	2026-10-09T18:45:39.8616130Z ##[endgroup]
round18	Install original verification toolchain	2026-10-09T18:45:39.8949407Z info: syncing channel updates for nightly-2026-08-18-x86_64-unknown-linux-gnu
round18	Install original verification toolchain	2026-10-09T18:45:40.3328044Z info: latest update on 2026-08-18 for version 1.100.0-nightly (8fa1c96cf 2026-08-17)
round18	Install original verification toolchain	2026-10-09T18:45:40.3328767Z info: downloading 6 components
round18	Install original verification toolchain	2026-10-09T18:45:58.0950306Z 
round18	Install original verification toolchain	2026-10-09T18:45:58.1012328Z   nightly-2026-08-18-x86_64-unknown-linux-gnu installed - rustc 1.100.0-nightly (8fa1c96cf 2026-08-17)
round18	Install original verification toolchain	2026-10-09T18:45:58.1012772Z 
round18	Install original verification toolchain	2026-10-09T18:45:58.1013656Z info: checking for self-update (current version: 1.29.1)
round18	Install original verification toolchain	2026-10-09T18:45:58.1449074Z 
round18	Install original verification toolchain	2026-10-09T18:45:58.1449999Z ^[[1m1/9  System packages^[[0m
round18	Install original verification toolchain	2026-10-09T18:45:58.1453604Z   ^[[32m✓^[[0m cc, curl, python3, git, bubblewrap present
round18	Install original verification toolchain	2026-10-09T18:45:58.1454052Z 
round18	Install original verification toolchain	2026-10-09T18:45:58.1454281Z ^[[1m2/9  just (1.58.0)^[[0m
round18	Install original verification toolchain	2026-10-09T18:45:58.1454798Z   ^[[33m·^[[0m installing into ~/.local/bin
round18	Install original verification toolchain	2026-10-09T18:45:58.4510985Z   ^[[32m✓^[[0m installed ~/.local/bin/just
round18	Install original verification toolchain	2026-10-09T18:45:58.4515002Z 
round18	Install original verification toolchain	2026-10-09T18:45:58.4515194Z ^[[1m3/9  uv (0.12.15)^[[0m
round18	Install original verification toolchain	2026-10-09T18:45:58.4516927Z   ^[[33m·^[[0m installing into ~/.local/bin
round18	Install original verification toolchain	2026-10-09T18:45:59.0995578Z   ^[[32m✓^[[0m installed ~/.local/bin/uv
round18	Install original verification toolchain	2026-10-09T18:45:59.0999726Z 
round18	Install original verification toolchain	2026-10-09T18:45:59.1000628Z ^[[1m4/9  Python environment (.venv, from pyproject.toml)^[[0m
round18	Install original verification toolchain	2026-10-09T18:45:59.1001417Z   ^[[33m·^[[0m syncing .venv from pyproject.toml
round18	Install original verification toolchain	2026-10-09T18:46:01.4706278Z   ^[[32m✓^[[0m .venv ready
round18	Install original verification toolchain	2026-10-09T18:46:01.4854579Z   ^[[33m·^[[0m bittensor SDK absent - miners do not need it; validators run ./setup.sh --chain
round18	Install original verification toolchain	2026-10-09T18:46:01.4855161Z 
round18	Install original verification toolchain	2026-10-09T18:46:01.4855550Z ^[[1m5/9  Trusted-input audit^[[0m
round18	Install original verification toolchain	2026-10-09T18:46:01.4856659Z   ^[[32m✓^[[0m gate worker records observed code and benchmark identities
round18	Install original verification toolchain	2026-10-09T18:46:01.4857093Z 
round18	Install original verification toolchain	2026-10-09T18:46:01.4857321Z ^[[1m6/9  Configuration (.env)^[[0m
round18	Install original verification toolchain	2026-10-09T18:46:01.4870880Z   ^[[32m✓^[[0m created .env from .env.example - edit it for a validator
round18	Install original verification toolchain	2026-10-09T18:46:01.4871595Z 
round18	Install original verification toolchain	2026-10-09T18:46:01.4872290Z ^[[1m7/9  Scoring corpus (corpus-stage1, the benchmark default)^[[0m
round18	Install original verification toolchain	2026-10-09T18:46:01.4873175Z   ^[[33m·^[[0m fetching corpus-stage1 (and corpus-stage2, if reachable)
round18	Install original verification toolchain	2026-10-09T18:46:01.4907725Z bash /home/runner/work/_temp/deflate-upstream/scripts/pull-corpus.sh 
round18	Install original verification toolchain	2026-10-09T18:46:02.9420069Z stage 1  28 files, 15930000 bytes, at 0260078
round18	Install original verification toolchain	2026-10-09T18:46:03.0713039Z stage 2  unavailable (https://github.com/conjectures-io/conjectures-compression-corpus-2) -- skipping the held-out corpus.
round18	Install original verification toolchain	2026-10-09T18:46:03.0719904Z   ^[[32m✓^[[0m data/benchmark/corpus-stage1 ready
round18	Install original verification toolchain	2026-10-09T18:46:03.1994683Z     Updating crates.io index
round18	Install original verification toolchain	2026-10-09T18:46:03.4004668Z  Downloading crates ...
round18	Install original verification toolchain	2026-10-09T18:46:03.4497597Z   Downloaded quote v1.0.47
round18	Install original verification toolchain	2026-10-09T18:46:03.4531224Z   Downloaded serde_core v1.0.229
round18	Install original verification toolchain	2026-10-09T18:46:03.4585153Z   Downloaded itoa v1.0.18
round18	Install original verification toolchain	2026-10-09T18:46:03.4603860Z   Downloaded proc-macro2 v1.0.107
round18	Install original verification toolchain	2026-10-09T18:46:03.4735696Z   Downloaded zmij v1.0.23
round18	Install original verification toolchain	2026-10-09T18:46:03.4772513Z   Downloaded unicode-ident v1.0.26
round18	Install original verification toolchain	2026-10-09T18:46:03.4856799Z   Downloaded memchr v2.8.3
round18	Install original verification toolchain	2026-10-09T18:46:03.4886163Z   Downloaded serde_json v1.0.151
round18	Install original verification toolchain	2026-10-09T18:46:03.4939858Z   Downloaded syn v2.0.119
round18	Install original verification toolchain	2026-10-09T18:46:03.5106936Z    Compiling proc-macro2 v1.0.107
round18	Install original verification toolchain	2026-10-09T18:46:03.5107772Z    Compiling unicode-ident v1.0.26
round18	Install original verification toolchain	2026-10-09T18:46:03.5108288Z    Compiling serde_core v1.0.229
round18	Install original verification toolchain	2026-10-09T18:46:03.5108998Z    Compiling quote v1.0.47
round18	Install original verification toolchain	2026-10-09T18:46:03.6818796Z    Compiling zmij v1.0.23
round18	Install original verification toolchain	2026-10-09T18:46:03.8443843Z    Compiling serde_json v1.0.151
round18	Install original verification toolchain	2026-10-09T18:46:03.9006134Z    Compiling memchr v2.8.3
round18	Install original verification toolchain	2026-10-09T18:46:04.2023191Z    Compiling itoa v1.0.18
round18	Install original verification toolchain	2026-10-09T18:46:04.9044828Z    Compiling syn v2.0.119
round18	Install original verification toolchain	2026-10-09T18:46:12.2537441Z    Compiling submission-precheck v0.1.0 (/home/runner/work/_temp/deflate-upstream/validator/precheck)
round18	Install original verification toolchain	2026-10-09T18:46:13.3140161Z     Finished `release` profile [optimized] target(s) in 10.22s
round18	Install original verification toolchain	2026-10-09T18:46:13.3204814Z 
round18	Install original verification toolchain	2026-10-09T18:46:13.3206212Z ^[[1m8/9  Slot (validator/slot/src/parse.rs is a symlink to generated/, gitignored)^[[0m
round18	Install original verification toolchain	2026-10-09T18:46:13.3225633Z   ^[[32m✓^[[0m seeded validator/slot/generated/parse.rs from miner/template
round18	Install original verification toolchain	2026-10-09T18:46:13.3226209Z 
round18	Install original verification toolchain	2026-10-09T18:46:13.3226475Z ^[[1m9/9  Toolchain: Lean, Aeneas, Charon, Mathlib^[[0m
round18	Install original verification toolchain	2026-10-09T18:46:13.3271574Z 
round18	Install original verification toolchain	2026-10-09T18:46:13.3272428Z ^[[1m1/6  Lean toolchain (leanprover/lean4:v4.31.0)^[[0m
round18	Install original verification toolchain	2026-10-09T18:46:13.3273194Z   ^[[33m·^[[0m elan not found — installing into /home/runner/work/_temp/deflate-upstream/validator/.work/elan
round18	Install original verification toolchain	2026-10-09T18:46:13.6927190Z info: default toolchain set to 'leanprover/lean4:v4.31.0'
round18	Install original verification toolchain	2026-10-09T18:46:13.6962408Z   ^[[32m✓^[[0m installed elan at /home/runner/work/_temp/deflate-upstream/validator/.work/elan
round18	Install original verification toolchain	2026-10-09T18:46:29.1567638Z   ^[[32m✓^[[0m Lean (version 4.31.0, x86_64-unknown-linux-gnu, commit 68218e876d2a38b1985b8590fff244a83c321783, Release)
round18	Install original verification toolchain	2026-10-09T18:46:29.1568113Z 
round18	Install original verification toolchain	2026-10-09T18:46:29.1568382Z ^[[1m2/6  Aeneas + Charon (nightly-2026.08.27-5b9dcf3 release)^[[0m
round18	Install original verification toolchain	2026-10-09T18:46:29.1569050Z   ^[[33m·^[[0m not found — fetching the nightly-2026.08.27-5b9dcf3 release (~120 MB)
round18	Install original verification toolchain	2026-10-09T18:46:32.3981431Z   ^[[32m✓^[[0m installed aeneas and charon at /home/runner/work/_temp/deflate-upstream/validator/.work/aeneas
round18	Install original verification toolchain	2026-10-09T18:46:32.3982221Z 
round18	Install original verification toolchain	2026-10-09T18:46:32.3982557Z ^[[1m3/6  Rust nightly for charon-driver (nightly-2026-08-18 + rustc-dev)^[[0m
round18	Install original verification toolchain	2026-10-09T18:46:32.4042886Z   ^[[32m✓^[[0m nightly-2026-08-18 installed
round18	Install original verification toolchain	2026-10-09T18:46:32.4043383Z 
round18	Install original verification toolchain	2026-10-09T18:46:32.4043687Z ^[[1m4/6  Lean dependencies (Aeneas backend + Mathlib)^[[0m
round18	Install original verification toolchain	2026-10-09T18:46:32.4044414Z   ^[[33m·^[[0m no shared checkout — fetching our own (~7 GB, ~10 min)
round18	Install original verification toolchain	2026-10-09T18:46:32.4411375Z info: aeneas: cloning https://github.com/AeneasVerif/aeneas
round18	Install original verification toolchain	2026-10-09T18:46:35.4353506Z info: aeneas: checking out revision '5b9dcf33dccdb1560ea7203ac57ea202476b6ed3'
round18	Install original verification toolchain	2026-10-09T18:46:35.5011497Z info: toolchain not updated; already up-to-date
round18	Install original verification toolchain	2026-10-09T18:46:35.8458384Z info: mathlib: cloning https://github.com/leanprover-community/mathlib4.git
round18	Install original verification toolchain	2026-10-09T18:47:06.7977780Z info: mathlib: checking out revision 'fabf563a7c95a166b8d7b6efca11c8b4dc9d911f'
round18	Install original verification toolchain	2026-10-09T18:47:08.3431232Z info: plausible: cloning https://github.com/leanprover-community/plausible
round18	Install original verification toolchain	2026-10-09T18:47:08.7302137Z info: plausible: checking out revision '63045536fe95024e6c18fc7b48e03f506701c5bc'
round18	Install original verification toolchain	2026-10-09T18:47:08.7379369Z info: LeanSearchClient: cloning https://github.com/leanprover-community/LeanSearchClient
round18	Install original verification toolchain	2026-10-09T18:47:09.0643988Z info: LeanSearchClient: checking out revision 'c5d5b8fe6e5158def25cd28eb94e4141ad97c843'
round18	Install original verification toolchain	2026-10-09T18:47:09.0705933Z info: importGraph: cloning https://github.com/leanprover-community/import-graph
round18	Install original verification toolchain	2026-10-09T18:47:09.4380069Z info: importGraph: checking out revision '5c7542ed018c78194f1e2b903eaf6a792b74c03d'
round18	Install original verification toolchain	2026-10-09T18:47:09.4471885Z info: proofwidgets: cloning https://github.com/leanprover-community/ProofWidgets4
round18	Install original verification toolchain	2026-10-09T18:47:10.1922557Z info: proofwidgets: checking out revision '24b0d9dc081c5423f8eec7e866c441e5184f29d9'
round18	Install original verification toolchain	2026-10-09T18:47:10.7616254Z info: aesop: cloning https://github.com/leanprover-community/aesop
round18	Install original verification toolchain	2026-10-09T18:47:11.6012064Z info: aesop: checking out revision 'e3cb2f741431ce31bf73549fb52316a57368b06f'
round18	Install original verification toolchain	2026-10-09T18:47:11.6128428Z info: Qq: cloning https://github.com/leanprover-community/quote4
round18	Install original verification toolchain	2026-10-09T18:47:12.0107029Z info: Qq: checking out revision 'f46324995fca5f0483b742e4eb4daec7f4ee50d2'
round18	Install original verification toolchain	2026-10-09T18:47:12.0170564Z info: batteries: cloning https://github.com/leanprover-community/batteries
round18	Install original verification toolchain	2026-10-09T18:47:25.5456058Z info: batteries: checking out revision 'fa08db58b30eb033edcdab331bba000827f9f785'
round18	Install original verification toolchain	2026-10-09T18:47:25.5701983Z info: Cli: cloning https://github.com/leanprover/lean4-cli
round18	Install original verification toolchain	2026-10-09T18:47:26.1140610Z info: Cli: checking out revision '92564e5770e4d09f2d86dfbf8ada1e9c715b384c'
round18	Install original verification toolchain	2026-10-09T18:47:26.1212049Z info: mathlib: running post-update hooks
round18	Install original verification toolchain	2026-10-09T18:47:26.9266834Z ✔ [4/24] Built Cache.Lean (382ms)
round18	Install original verification toolchain	2026-10-09T18:47:27.0262371Z ✔ [5/24] Built Batteries.Data.String.Basic (432ms)
round18	Install original verification toolchain	2026-10-09T18:47:27.2266914Z ✔ [6/24] Built Cache.Lean:c.o (260ms)
round18	Install original verification toolchain	2026-10-09T18:47:27.3249493Z ✔ [7/24] Built Batteries.Data.String.Basic:c.o (141ms)
round18	Install original verification toolchain	2026-10-09T18:47:27.4250721Z ✔ [8/24] Built Cache.Init (445ms)
round18	Install original verification toolchain	2026-10-09T18:47:27.5252769Z ✔ [9/24] Built Batteries.Data.Array.Match (915ms)
round18	Install original verification toolchain	2026-10-09T18:47:27.5253829Z ✔ [10/24] Built Cache.Init:c.o (81ms)
round18	Install original verification toolchain	2026-10-09T18:47:27.7254989Z ✔ [11/24] Built Batteries.Data.String.Matcher (278ms)
round18	Install original verification toolchain	2026-10-09T18:47:27.7286679Z ✔ [12/24] Built Batteries.Tactic.OpenPrivate (1.2s)
round18	Install original verification toolchain	2026-10-09T18:47:27.7306606Z ✔ [13/24] Built Batteries.Data.Array.Match:c.o (230ms)
round18	Install original verification toolchain	2026-10-09T18:47:27.9249627Z ✔ [14/24] Built Batteries.Data.String.Matcher:c.o (198ms)
round18	Install original verification toolchain	2026-10-09T18:47:28.7257702Z ✔ [15/24] Built Batteries.Tactic.OpenPrivate:c.o (1.0s)
round18	Install original verification toolchain	2026-10-09T18:47:28.9259219Z ✔ [16/24] Built Cache.IO (1.2s)
round18	Install original verification toolchain	2026-10-09T18:47:29.5265524Z ✔ [17/24] Built Cache.Hashing (574ms)
round18	Install original verification toolchain	2026-10-09T18:47:29.9278041Z ✔ [18/24] Built Cache.Hashing:c.o (485ms)
round18	Install original verification toolchain	2026-10-09T18:47:30.3284276Z ✔ [19/24] Built Cache.IO:c.o (1.4s)
round18	Install original verification toolchain	2026-10-09T18:47:31.0290505Z ✔ [20/24] Built Cache.Requests (1.5s)
round18	Install original verification toolchain	2026-10-09T18:47:31.7297701Z ✔ [21/24] Built Cache.Main (727ms)
round18	Install original verification toolchain	2026-10-09T18:47:32.2302582Z ✔ [22/24] Built Cache.Main:c.o (471ms)
round18	Install original verification toolchain	2026-10-09T18:47:32.8309108Z ✔ [23/24] Built Cache.Requests:c.o (1.8s)
round18	Install original verification toolchain	2026-10-09T18:47:33.3314919Z ✔ [24/24] Built cache:exe (500ms)
round18	Install original verification toolchain	2026-10-09T18:47:34.9954106Z Current branch: HEAD
round18	Install original verification toolchain	2026-10-09T18:47:34.9954809Z Using cache (Azure) from origin: (some leanprover-community/mathlib4)
round18	Install original verification toolchain	2026-10-09T18:47:34.9956128Z Attempting to download 8542 file(s) from leanprover-community/mathlib4 cache
round18	Install original verification toolchain	2026-10-09T18:47:35.8419391Z 
round18	Install original verification toolchain	2026-10-09T18:47:35.9419301Z Downloaded: 1 file(s) [attempted 1/8542 = 0%, 34 KB/s], Decompressed: 0
round18	Install original verification toolchain	2026-10-09T18:47:36.0631655Z Downloaded: 164 file(s) [attempted 164/8542 = 1%, 2334 KB/s], Decompressed: 27
round18	Install original verification toolchain	2026-10-09T18:47:36.1631884Z Downloaded: 509 file(s) [attempted 509/8542 = 5%, 9152 KB/s], Decompressed: 27
round18	Install original verification toolchain	2026-10-09T18:47:36.2630053Z Downloaded: 863 file(s) [attempted 863/8542 = 10%, 2733 KB/s], Decompressed: 27
round18	Install original verification toolchain	2026-10-09T18:47:36.3646128Z Downloaded: 1226 file(s) [attempted 1226/8542 = 14%, 5704 KB/s], Decompressed: 109
round18	Install original verification toolchain	2026-10-09T18:47:36.4627589Z Downloaded: 1645 file(s) [attempted 1645/8542 = 19%, 11735 KB/s], Decompressed: 109
round18	Install original verification toolchain	2026-10-09T18:47:36.5673268Z Downloaded: 2013 file(s) [attempted 2013/8542 = 23%, 30439 KB/s], Decompressed: 109
round18	Install original verification toolchain	2026-10-09T18:47:36.6786165Z Downloaded: 2408 file(s) [attempted 2408/8542 = 28%, 5270 KB/s], Decompressed: 109
round18	Install original verification toolchain	2026-10-09T18:47:36.7760361Z Downloaded: 2750 file(s) [attempted 2750/8542 = 32%, 7202 KB/s], Decompressed: 109
round18	Install original verification toolchain	2026-10-09T18:47:36.8766197Z Downloaded: 3047 file(s) [attempted 3047/8542 = 35%, 5871 KB/s], Decompressed: 109
round18	Install original verification toolchain	2026-10-09T18:47:36.9808910Z Downloaded: 3352 file(s) [attempted 3352/8542 = 39%, 1363 KB/s], Decompressed: 109
round18	Install original verification toolchain	2026-10-09T18:47:37.0849702Z Downloaded: 3663 file(s) [attempted 3663/8542 = 42%, 2818 KB/s], Decompressed: 109
round18	Install original verification toolchain	2026-10-09T18:47:37.1833584Z Downloaded: 4014 file(s) [attempted 4014/8542 = 46%, 10967 KB/s], Decompressed: 109
round18	Install original verification toolchain	2026-10-09T18:47:37.2838217Z Downloaded: 4364 file(s) [attempted 4364/8542 = 51%, 972 KB/s], Decompressed: 109
round18	Install original verification toolchain	2026-10-09T18:47:37.3841035Z Downloaded: 4670 file(s) [attempted 4670/8542 = 54%, 30980 KB/s], Decompressed: 109
round18	Install original verification toolchain	2026-10-09T18:47:37.4866060Z Downloaded: 5061 file(s) [attempted 5061/8542 = 59%, 11567 KB/s], Decompressed: 109
round18	Install original verification toolchain	2026-10-09T18:47:37.5838680Z Downloaded: 5419 file(s) [attempted 5419/8542 = 63%, 19321 KB/s], Decompressed: 109
round18	Install original verification toolchain	2026-10-09T18:47:37.6836861Z Downloaded: 5732 file(s) [attempted 5732/8542 = 67%, 2368 KB/s], Decompressed: 109
round18	Install original verification toolchain	2026-10-09T18:47:37.7935992Z Downloaded: 6027 file(s) [attempted 6027/8542 = 70%, 26273 KB/s], Decompressed: 109
round18	Install original verification toolchain	2026-10-09T18:47:37.8926181Z Downloaded: 6350 file(s) [attempted 6350/8542 = 74%, 1251 KB/s], Decompressed: 109
round18	Install original verification toolchain	2026-10-09T18:47:37.9966445Z Downloaded: 6619 file(s) [attempted 6619/8542 = 77%, 7592 KB/s], Decompressed: 109
round18	Install original verification toolchain	2026-10-09T18:47:38.0936053Z Downloaded: 6952 file(s) [attempted 6952/8542 = 81%, 7384 KB/s], Decompressed: 109
round18	Install original verification toolchain	2026-10-09T18:47:38.1916598Z Downloaded: 7331 file(s) [attempted 7331/8542 = 85%, 2395 KB/s], Decompressed: 109
round18	Install original verification toolchain	2026-10-09T18:47:38.3006255Z Downloaded: 7692 file(s) [attempted 7692/8542 = 90%, 2690 KB/s], Decompressed: 109
round18	Install original verification toolchain	2026-10-09T18:47:38.3986275Z Downloaded: 8132 file(s) [attempted 8132/8542 = 95%, 9361 KB/s], Decompressed: 109
round18	Install original verification toolchain	2026-10-09T18:47:38.4696133Z Downloaded: 8462 file(s) [attempted 8462/8542 = 99%, 3727 KB/s], Decompressed: 109
round18	Install original verification toolchain	2026-10-09T18:47:38.4746526Z Downloaded: 8542 file(s) [attempted 8542/8542 = 100%, 3727 KB/s], Decompressed: 109
round18	Install original verification toolchain	2026-10-09T18:48:09.4673831Z Decompressed 8542 file(s)
round18	Install original verification toolchain	2026-10-09T18:48:09.4674543Z Already decompressed 8542 file(s)
round18	Install original verification toolchain	2026-10-09T18:48:10.3818693Z info: plausible: cloning https://github.com/leanprover-community/plausible
round18	Install original verification toolchain	2026-10-09T18:48:10.9808470Z info: plausible: checking out revision '63045536fe95024e6c18fc7b48e03f506701c5bc'
round18	Install original verification toolchain	2026-10-09T18:48:11.0083335Z info: LeanSearchClient: cloning https://github.com/leanprover-community/LeanSearchClient
round18	Install original verification toolchain	2026-10-09T18:48:11.5798941Z info: LeanSearchClient: checking out revision 'c5d5b8fe6e5158def25cd28eb94e4141ad97c843'
round18	Install original verification toolchain	2026-10-09T18:48:11.6159269Z info: importGraph: cloning https://github.com/leanprover-community/import-graph
round18	Install original verification toolchain	2026-10-09T18:48:12.3628000Z info: importGraph: checking out revision '5c7542ed018c78194f1e2b903eaf6a792b74c03d'
round18	Install original verification toolchain	2026-10-09T18:48:12.4090914Z info: proofwidgets: cloning https://github.com/leanprover-community/ProofWidgets4
round18	Install original verification toolchain	2026-10-09T18:48:13.4759664Z info: proofwidgets: checking out revision '24b0d9dc081c5423f8eec7e866c441e5184f29d9'
round18	Install original verification toolchain	2026-10-09T18:48:14.0633484Z info: aesop: cloning https://github.com/leanprover-community/aesop
round18	Install original verification toolchain	2026-10-09T18:48:15.1407422Z info: aesop: checking out revision 'e3cb2f741431ce31bf73549fb52316a57368b06f'
round18	Install original verification toolchain	2026-10-09T18:48:15.1555542Z info: Qq: cloning https://github.com/leanprover-community/quote4
round18	Install original verification toolchain	2026-10-09T18:48:15.8864394Z info: Qq: checking out revision 'f46324995fca5f0483b742e4eb4daec7f4ee50d2'
round18	Install original verification toolchain	2026-10-09T18:48:15.8973447Z info: batteries: cloning https://github.com/leanprover-community/batteries
round18	Install original verification toolchain	2026-10-09T18:48:25.8062720Z info: batteries: checking out revision 'fa08db58b30eb033edcdab331bba000827f9f785'
round18	Install original verification toolchain	2026-10-09T18:48:25.8310673Z info: Cli: cloning https://github.com/leanprover/lean4-cli
round18	Install original verification toolchain	2026-10-09T18:48:26.2025864Z info: Cli: checking out revision '92564e5770e4d09f2d86dfbf8ada1e9c715b384c'
round18	Install original verification toolchain	2026-10-09T18:48:26.9130814Z ✔ [8/24] Built Batteries.Data.String.Basic (355ms)
round18	Install original verification toolchain	2026-10-09T18:48:27.1124654Z ✔ [9/24] Built Batteries.Data.String.Basic:c.o (124ms)
round18	Install original verification toolchain	2026-10-09T18:48:27.3127819Z ✔ [10/24] Built Batteries.Data.Array.Match (686ms)
round18	Install original verification toolchain	2026-10-09T18:48:27.4128838Z ✔ [11/24] Built Batteries.Tactic.OpenPrivate (819ms)
round18	Install original verification toolchain	2026-10-09T18:48:27.5128406Z ✔ [16/24] Built Batteries.Data.Array.Match:c.o (264ms)
round18	Install original verification toolchain	2026-10-09T18:48:27.6129816Z ✔ [17/24] Built Batteries.Data.String.Matcher (296ms)
round18	Install original verification toolchain	2026-10-09T18:48:27.7130534Z ✔ [22/24] Built Batteries.Data.String.Matcher:c.o (135ms)
round18	Install original verification toolchain	2026-10-09T18:48:28.3136099Z ✔ [23/24] Built Batteries.Tactic.OpenPrivate:c.o (914ms)
round18	Install original verification toolchain	2026-10-09T18:48:31.1383880Z Decompressing 368 already-cached file(s) (8174 already decompressed)
round18	Install original verification toolchain	2026-10-09T18:48:31.1384352Z Current branch: HEAD
round18	Install original verification toolchain	2026-10-09T18:48:31.1384691Z Using cache (Azure) from origin: (some leanprover-community/mathlib4)
round18	Install original verification toolchain	2026-10-09T18:48:31.1385064Z No files to download
round18	Install original verification toolchain	2026-10-09T18:48:31.1385322Z Decompressed 368 already-cached file(s)
round18	Install original verification toolchain	2026-10-09T18:48:31.1385904Z Completed successfully in 1245 ms!
round18	Install original verification toolchain	2026-10-09T18:48:31.1767441Z   ^[[32m✓^[[0m fetched dependencies into lean/.lake/packages
round18	Install original verification toolchain	2026-10-09T18:48:31.1767819Z 
round18	Install original verification toolchain	2026-10-09T18:48:31.1768016Z ^[[1m5/6  Build^[[0m
round18	Install original verification toolchain	2026-10-09T18:48:40.9440902Z   ^[[32m✓^[[0m contract (lean/Lz77)
round18	Install original verification toolchain	2026-10-09T18:49:03.6580174Z   ^[[32m✓^[[0m slot and measure crates
round18	Install original verification toolchain	2026-10-09T18:49:03.6580957Z   ^[[32m✓^[[0m C compiler for the engine (cc)
round18	Install original verification toolchain	2026-10-09T18:49:05.0716871Z   ^[[32m✓^[[0m python deps in /home/runner/work/_temp/deflate-upstream/.venv/bin/python
round18	Install original verification toolchain	2026-10-09T18:49:05.0717762Z   ^[[32m✓^[[0m bubblewrap for the proof sandbox
round18	Install original verification toolchain	2026-10-09T18:49:05.0718532Z   ^[[32m✓^[[0m systemd-run for the memory cap
round18	Install original verification toolchain	2026-10-09T18:49:05.0718887Z 
round18	Install original verification toolchain	2026-10-09T18:49:05.0720725Z ^[[1m6/6  Self-test^[[0m
round18	Install original verification toolchain	2026-10-09T18:49:06.1462012Z 2026-10-09 18:49:06.146 | DEBUG    | __main__:stage_intake:261 - [gate] parse.rs c756784f2c5bdaf7 -> slot/generated/parse.rs
round18	Install original verification toolchain	2026-10-09T18:49:06.1464567Z 2026-10-09 18:49:06.146 | DEBUG    | __main__:stage_intake:261 - [gate] Parse.lean 1cbccb0f91b22437 -> lean/Proof/Parse.lean
round18	Install original verification toolchain	2026-10-09T18:49:06.1851146Z 2026-10-09 18:49:06.184 | DEBUG    | sandbox.bwrap:run:110 - [bwrap] rustup exit=0 in 0.0s
round18	Install original verification toolchain	2026-10-09T18:49:07.1149577Z 2026-10-09 18:49:07.114 | DEBUG    | sandbox.bwrap:run:110 - [bwrap] extract.sh exit=0 in 0.9s
round18	Install original verification toolchain	2026-10-09T18:49:08.2172330Z 2026-10-09 18:49:08.216 | DEBUG    | sandbox.bwrap:run:110 - [bwrap] extract.sh exit=0 in 1.1s
round18	Install original verification toolchain	2026-10-09T18:49:08.2174423Z 2026-10-09 18:49:08.217 | DEBUG    | __main__:stage_extract:356 - [gate] extracted Types.lean 276d4089d337e0d7, Funs.lean e63959496b95eb02, Constants.lean 7f3588b4c89a448d
round18	Install original verification toolchain	2026-10-09T18:49:10.1341411Z 2026-10-09 18:49:10.133 | DEBUG    | sandbox.bwrap:run:110 - [bwrap] lake exit=0 in 1.9s
round18	Install original verification toolchain	2026-10-09T18:49:18.5257912Z 2026-10-09 18:49:18.525 | DEBUG    | sandbox.bwrap:run:110 - [bwrap] lake exit=0 in 8.4s
round18	Install original verification toolchain	2026-10-09T18:49:33.8586107Z 2026-10-09 18:49:33.858 | DEBUG    | sandbox.bwrap:run:110 - [bwrap] lake exit=0 in 15.3s
round18	Install original verification toolchain	2026-10-09T18:49:35.7474006Z 2026-10-09 18:49:35.747 | DEBUG    | sandbox.bwrap:run:110 - [bwrap] lake exit=0 in 1.9s
round18	Install original verification toolchain	2026-10-09T18:49:37.5922405Z 2026-10-09 18:49:37.591 | DEBUG    | sandbox.bwrap:run:110 - [bwrap] lake exit=0 in 1.8s
round18	Install original verification toolchain	2026-10-09T18:49:37.5925134Z 2026-10-09 18:49:37.592 | DEBUG    | __main__:stage_axioms:423 - [gate] axiom query stdout: "'accepted' depends on axioms: [propext, Classical.choice, Quot.sound]"
round18	Install original verification toolchain	2026-10-09T18:49:37.5956065Z 2026-10-09 18:49:37.592 | INFO     | __main__:main:703 - [gate] verification accepted in 31.5s (bwrap, 900s, 16384 MB)
round18	Install original verification toolchain	2026-10-09T18:49:37.6018164Z verifying /home/runner/work/_temp/deflate-upstream/miner/template
round18	Install original verification toolchain	2026-10-09T18:49:37.6018885Z workspace: /home/runner/work/_temp/deflate-upstream/data/verification-workspace/verify-btpm61a5
round18	Install original verification toolchain	2026-10-09T18:49:37.6019367Z 
round18	Install original verification toolchain	2026-10-09T18:49:37.6019842Z 0 intake      ok — template: parse.rs, Parse.lean
round18	Install original verification toolchain	2026-10-09T18:49:37.6020312Z 1 policy      ok — source prefilters passed
round18	Install original verification toolchain	2026-10-09T18:49:37.6027540Z 2 static      ok — resolved operations: core::num::{impl}::wrapping_add, core::num::{impl}::wrapping_mul, core::slice::{impl}::len
round18	Install original verification toolchain	2026-10-09T18:49:37.6028221Z 3 extract     ok — charon+aeneas re-run by the verifier, no new axioms
round18	Install original verification toolchain	2026-10-09T18:49:37.6028764Z 4 statement   ok — `LZ77.Obligation slot.parse` typechecks (bwrap, 900s, 16384 MB)
round18	Install original verification toolchain	2026-10-09T18:49:37.6029319Z 5 axioms      ok — ['Classical.choice', 'Quot.sound', 'propext']; extraction intact
round18	Install original verification toolchain	2026-10-09T18:49:37.6029597Z 
round18	Install original verification toolchain	2026-10-09T18:49:37.6029744Z proof accepted (scoring skipped)
round18	Install original verification toolchain	2026-10-09T18:49:37.6618219Z 
round18	Install original verification toolchain	2026-10-09T18:49:37.6618955Z ^[[1minit ok.^[[0m Toolchain in use:
round18	Install original verification toolchain	2026-10-09T18:49:37.6619907Z   AENEAS_WORK    /home/runner/work/_temp/deflate-upstream/validator/.work/aeneas
round18	Install original verification toolchain	2026-10-09T18:49:37.6620968Z   CHARON_DIR     /home/runner/work/_temp/deflate-upstream/validator/.work/aeneas
round18	Install original verification toolchain	2026-10-09T18:49:37.6621574Z   ELAN_HOME      /home/runner/work/_temp/deflate-upstream/validator/.work/elan
round18	Install original verification toolchain	2026-10-09T18:49:37.6622185Z   LEAN_PACKAGES  (own checkout under lean/.lake)
round18	Install original verification toolchain	2026-10-09T18:49:37.6622543Z 
round18	Install original verification toolchain	2026-10-09T18:49:37.6622671Z Next:  just smoke
round18	Install original verification toolchain	2026-10-09T18:49:37.6624839Z 
round18	Install original verification toolchain	2026-10-09T18:49:37.6625333Z ^[[1msetup done.^[[0m  Next:  just check miner/template     just --list
round18	Install original verification toolchain	2026-10-09T18:49:37.6792183Z /home/runner/work/_temp/deflate-upstream/setup.sh --check
round18	Install original verification toolchain	2026-10-09T18:49:37.6832536Z 
round18	Install original verification toolchain	2026-10-09T18:49:37.6833161Z ^[[1m1/9  System packages^[[0m
round18	Install original verification toolchain	2026-10-09T18:49:37.6834936Z   ^[[32m✓^[[0m cc, curl, python3, git, bubblewrap present
round18	Install original verification toolchain	2026-10-09T18:49:37.6835334Z 
round18	Install original verification toolchain	2026-10-09T18:49:37.6835602Z ^[[1m2/9  just (1.58.0)^[[0m
round18	Install original verification toolchain	2026-10-09T18:49:37.6900817Z   ^[[32m✓^[[0m just 1.58.0 at /home/runner/.local/bin/just
round18	Install original verification toolchain	2026-10-09T18:49:37.6901087Z 
round18	Install original verification toolchain	2026-10-09T18:49:37.6901322Z ^[[1m3/9  uv (0.12.15)^[[0m
round18	Install original verification toolchain	2026-10-09T18:49:37.7220369Z   ^[[32m✓^[[0m uv 0.12.15 at /home/runner/.local/bin/uv
round18	Install original verification toolchain	2026-10-09T18:49:37.7220718Z 
round18	Install original verification toolchain	2026-10-09T18:49:37.7221219Z ^[[1m4/9  Python environment (.venv, from pyproject.toml)^[[0m
round18	Install original verification toolchain	2026-10-09T18:49:38.6466190Z   ^[[32m✓^[[0m .venv complete
round18	Install original verification toolchain	2026-10-09T18:49:38.6587850Z   ^[[33m·^[[0m bittensor SDK absent - miners do not need it; validators run ./setup.sh --chain
round18	Install original verification toolchain	2026-10-09T18:49:38.6588293Z 
round18	Install original verification toolchain	2026-10-09T18:49:38.6588450Z ^[[1m5/9  Trusted-input audit^[[0m
round18	Install original verification toolchain	2026-10-09T18:49:38.6588865Z   ^[[32m✓^[[0m gate worker records observed code and benchmark identities
round18	Install original verification toolchain	2026-10-09T18:49:38.6589168Z 
round18	Install original verification toolchain	2026-10-09T18:49:38.6589463Z ^[[1m6/9  Configuration (.env)^[[0m
round18	Install original verification toolchain	2026-10-09T18:49:38.6590239Z   ^[[32m✓^[[0m .env present
round18	Install original verification toolchain	2026-10-09T18:49:38.6590427Z 
round18	Install original verification toolchain	2026-10-09T18:49:38.6590804Z ^[[1m7/9  Scoring corpus (corpus-stage1, the benchmark default)^[[0m
round18	Install original verification toolchain	2026-10-09T18:49:38.6607956Z   ^[[32m✓^[[0m data/benchmark/corpus-stage1 present
round18	Install original verification toolchain	2026-10-09T18:49:38.6608508Z 
round18	Install original verification toolchain	2026-10-09T18:49:38.6609076Z ^[[1m8/9  Slot (validator/slot/src/parse.rs is a symlink to generated/, gitignored)^[[0m
round18	Install original verification toolchain	2026-10-09T18:49:38.6611912Z   ^[[32m✓^[[0m validator/slot/generated/parse.rs present
round18	Install original verification toolchain	2026-10-09T18:49:38.6612228Z 
round18	Install original verification toolchain	2026-10-09T18:49:38.6612501Z ^[[1m9/9  Toolchain: Lean, Aeneas, Charon, Mathlib^[[0m
round18	Install original verification toolchain	2026-10-09T18:49:38.6656001Z 
round18	Install original verification toolchain	2026-10-09T18:49:38.6656831Z ^[[1m1/6  Lean toolchain (leanprover/lean4:v4.31.0)^[[0m
round18	Install original verification toolchain	2026-10-09T18:49:38.6659334Z   ^[[32m✓^[[0m elan at /home/runner/work/_temp/deflate-upstream/validator/.work/elan
round18	Install original verification toolchain	2026-10-09T18:49:38.7005282Z   ^[[32m✓^[[0m Lean (version 4.31.0, x86_64-unknown-linux-gnu, commit 68218e876d2a38b1985b8590fff244a83c321783, Release)
round18	Install original verification toolchain	2026-10-09T18:49:38.7006295Z 
round18	Install original verification toolchain	2026-10-09T18:49:38.7006688Z ^[[1m2/6  Aeneas + Charon (nightly-2026.08.27-5b9dcf3 release)^[[0m
round18	Install original verification toolchain	2026-10-09T18:49:38.7007536Z   ^[[32m✓^[[0m aeneas at /home/runner/work/_temp/deflate-upstream/validator/.work/aeneas/aeneas
round18	Install original verification toolchain	2026-10-09T18:49:38.7008358Z   ^[[32m✓^[[0m charon at /home/runner/work/_temp/deflate-upstream/validator/.work/aeneas/charon
round18	Install original verification toolchain	2026-10-09T18:49:38.7008976Z 
round18	Install original verification toolchain	2026-10-09T18:49:38.7009305Z ^[[1m3/6  Rust nightly for charon-driver (nightly-2026-08-18 + rustc-dev)^[[0m
round18	Install original verification toolchain	2026-10-09T18:49:38.7065057Z   ^[[32m✓^[[0m nightly-2026-08-18 installed
round18	Install original verification toolchain	2026-10-09T18:49:38.7065566Z 
round18	Install original verification toolchain	2026-10-09T18:49:38.7065868Z ^[[1m4/6  Lean dependencies (Aeneas backend + Mathlib)^[[0m
round18	Install original verification toolchain	2026-10-09T18:49:38.7066440Z   ^[[32m✓^[[0m lean/.lake/packages present
round18	Install original verification toolchain	2026-10-09T18:49:38.7066811Z 
round18	Install original verification toolchain	2026-10-09T18:49:38.7067027Z ^[[1m5/6  Build^[[0m
round18	Install original verification toolchain	2026-10-09T18:49:38.7067433Z   ^[[32m✓^[[0m contract built
round18	Install original verification toolchain	2026-10-09T18:49:38.7069721Z   ^[[32m✓^[[0m syntax checker built
round18	Install original verification toolchain	2026-10-09T18:49:38.7070179Z   ^[[32m✓^[[0m engine built
round18	Install original verification toolchain	2026-10-09T18:49:38.7070495Z   ^[[32m✓^[[0m C compiler for the engine (cc)
round18	Install original verification toolchain	2026-10-09T18:49:39.0014066Z   ^[[32m✓^[[0m python deps in /home/runner/work/_temp/deflate-upstream/.venv/bin/python
round18	Install original verification toolchain	2026-10-09T18:49:39.0015104Z   ^[[32m✓^[[0m bubblewrap for the proof sandbox
round18	Install original verification toolchain	2026-10-09T18:49:39.0015882Z   ^[[32m✓^[[0m systemd-run for the memory cap
round18	Install original verification toolchain	2026-10-09T18:49:39.0016501Z 
round18	Install original verification toolchain	2026-10-09T18:49:39.0016921Z ^[[1m6/6  Self-test^[[0m
round18	Install original verification toolchain	2026-10-09T18:49:39.0017414Z   ^[[32m✓^[[0m everything present — run without --check to self-test
round18	Install original verification toolchain	2026-10-09T18:49:39.0017903Z 
round18	Install original verification toolchain	2026-10-09T18:49:39.0018196Z ^[[1mready.^[[0m
round18	Install original verification toolchain	2026-10-09T18:49:39.0058773Z /home/runner/work/_temp/deflate-upstream/.venv/bin/python /home/runner/work/_temp/deflate-upstream/validator/verifier/pins.py --check
round18	Install original verification toolchain	2026-10-09T18:49:39.0378790Z pins ok — 70 contract, engine and gate files unchanged
round18	Install original verification toolchain	2026-10-09T18:49:39.0436943Z a356bbff18b60c4527fbcc85d5a28ef9c20214e0
round18	Install original verification toolchain	2026-10-09T18:49:39.0746336Z Lean (version 4.31.0, x86_64-unknown-linux-gnu, commit 68218e876d2a38b1985b8590fff244a83c321783, Release)
round18	Install original verification toolchain	2026-10-09T18:49:39.0843126Z rustc 1.100.0-nightly (8fa1c96cf 2026-08-17)
round18	Install original verification toolchain	2026-10-09T18:49:39.0859322Z just 1.58.0
round18	Install original verification toolchain	2026-10-09T18:49:39.0894313Z uv 0.12.15 (x86_64-unknown-linux-gnu)
round18	Install original verification toolchain	2026-10-09T18:49:39.0903582Z Linux runnervmmprz5 6.17.0-1022-azure #22-Ubuntu SMP Mon Jul 27 17:24:03 UTC 2026 x86_64 x86_64 x86_64 GNU/Linux
round18	Install original verification toolchain	2026-10-09T18:49:39.0929995Z CPU(s):                                  4
round18	Install original verification toolchain	2026-10-09T18:49:39.0930584Z Model name:                              INTEL(R) XEON(R) PLATINUM 8573C
round18	Install original verification toolchain	2026-10-09T18:49:39.0943186Z c756784f2c5bdaf7b44ad8e0e646d9777557a09974afa1999f69a215fe2b7376  miner/template/parse.rs
round18	Install original verification toolchain	2026-10-09T18:49:39.0944059Z 1cbccb0f91b22437209e785233c0a45d0a0713887c52fbfb8e5fec555c40b7a2  miner/template/Parse.lean
round18	Install original verification toolchain	2026-10-09T18:49:39.0953518Z 37e7b307e925cc855ee2135385e81f9653301024cfdcb7364e48f271a5781fb6  validator/lean/lake-manifest.json
round18	Install original verification toolchain	2026-10-09T18:49:39.0954472Z c6f818ab47f52b8d3161b0ee591e1ddb2ab8491a53d5609f9118730287b61f3b  validator/verifier/PINS.json
round18	Install original verification toolchain	2026-10-09T18:49:39.0988264Z 6d48a129b156a4e032a6378b96d4258f89c9ccd759decdc66fdbf32c312277f4  data/benchmark/corpus-stage1/binary.db.bin
round18	Install original verification toolchain	2026-10-09T18:49:39.1006407Z ada4433d366405395b1a415fbec247ce7e38525c05f4f09e40c111230394353c  data/benchmark/corpus-stage1/bundle.min.js.txt
round18	Install original verification toolchain	2026-10-09T18:49:39.1016942Z 94a0152009cf44a20483a564f8b32d7ef32e4fbbea53843da9848e7b5f43743a  data/benchmark/corpus-stage1/catalog.xml.txt
round18	Install original verification toolchain	2026-10-09T18:49:39.1022395Z dd2679f1b4553beb286ec43eda622e6c40e664b841de3af4887ee89faee223ec  data/benchmark/corpus-stage1/compressed.bin
round18	Install original verification toolchain	2026-10-09T18:49:39.1028702Z 9353520d1b7b493a7f6f90d019e876c1580636732fc0d3197e51ed0766e2d4e2  data/benchmark/corpus-stage1/config.yaml.txt
round18	Install original verification toolchain	2026-10-09T18:49:39.1044858Z 793cb2bc299557521c052defd985cddb934feac72d13b995cf475a0ff16347a5  data/benchmark/corpus-stage1/docs.md.txt
round18	Install original verification toolchain	2026-10-09T18:49:39.1049247Z eb8d600ef976556175ab9410909871582d6845712bba0ad30607a0e79e9e60ba  data/benchmark/corpus-stage1/dump.sql.txt
round18	Install original verification toolchain	2026-10-09T18:49:39.1062238Z 4b01b6b751d82ab6e1b5e5275c3308db25dd58e20afcd5c79b72caab7f8a2baf  data/benchmark/corpus-stage1/genome.fasta
round18	Install original verification toolchain	2026-10-09T18:49:39.1067667Z 4cbc5cc76fe6bf05b5d2d49c5b7c7fe23780e0c8895a503d68f913479ba17254  data/benchmark/corpus-stage1/images.bin
round18	Install original verification toolchain	2026-10-09T18:49:39.1086254Z 30ff2371b060320afcf60fa4e30c6a73855b5b704569e006bccc99262d37548e  data/benchmark/corpus-stage1/lean.txt
round18	Install original verification toolchain	2026-10-09T18:49:39.1093277Z f58b5b1ba7cb2061f5a747ac87f84f2508b287219101f4a9d78c9513cb237204  data/benchmark/corpus-stage1/machine-code.bin
round18	Install original verification toolchain	2026-10-09T18:49:39.1116653Z 4af8e993743404696f1a54e4d67e88f6a509414aed516b602c230b12e533e75c  data/benchmark/corpus-stage1/metrics.csv.txt
round18	Install original verification toolchain	2026-10-09T18:49:39.1137056Z 174352fedf18646ab739edcb5ecea17832e4f8b700aa3f5d4f824e0c6221722e  data/benchmark/corpus-stage1/multibyte.txt
round18	Install original verification toolchain	2026-10-09T18:49:39.1149110Z e2d69618c902e4c1847794b6f18ec67bb965da50ff68cda05305485b566e6ff2  data/benchmark/corpus-stage1/page.html.txt
round18	Install original verification toolchain	2026-10-09T18:49:39.1169959Z 77bcc8ef22132bc4ef34324dc7897870e76e9b97452d1a3610e7f803a4486f17  data/benchmark/corpus-stage1/prose.txt
round18	Install original verification toolchain	2026-10-09T18:49:39.1179537Z 63decf627edee015caecc4a8ab97c8a6d19606fcf115e2a98a9ac837c7ca1646  data/benchmark/corpus-stage1/records.json.txt
round18	Install original verification toolchain	2026-10-09T18:49:39.1186291Z d7f2ee8a39592832c2c46089d07fc33c0bf1f985084577849a6db368d90cb700  data/benchmark/corpus-stage1/server.log
round18	Install original verification toolchain	2026-10-09T18:49:39.1208917Z b04133d396ba4c81be9b5b9cf096402ed61526a85e2918c8553e3c9c15717cc3  data/benchmark/corpus-stage1/source.c.txt
round18	Install original verification toolchain	2026-10-09T18:49:39.1219836Z dd4793f64b001c006b92f74e4488e91d4022893259bd88a2acbdf16cdad7a44b  data/benchmark/corpus-stage1/source.py.txt
round18	Install original verification toolchain	2026-10-09T18:49:39.1235026Z 12edca346da882992b772a5686a191324858e46842626967cd89130d4c70bbd3  data/benchmark/corpus-stage1/source.rs.txt
round18	Install original verification toolchain	2026-10-09T18:49:39.1241256Z 0f7395da91e686b53af9c818b6b96fa0a2eb7ac0b243a42247319341b8e7d522  data/benchmark/corpus-stage1/sourcemap.map.txt
round18	Install original verification toolchain	2026-10-09T18:49:39.1243079Z e5d1db67caf732b985c2226791836f311774b6fe464a5d71e6f3fff3e6725f36  data/benchmark/corpus-stage1/sparse.bin
round18	Install original verification toolchain	2026-10-09T18:49:39.1245137Z 0f806a930a41f56b5c9d85f91e81af6e90edf17ee6c66dabd88dcf63e18acf14  data/benchmark/corpus-stage1/tiny-app.log
round18	Install original verification toolchain	2026-10-09T18:49:39.1246721Z 4ecee10b0b6b41ba5d1693b70ac95cb03de1a05712739e4bc6641b3af6cb0a73  data/benchmark/corpus-stage1/tiny-config.json.txt
round18	Install original verification toolchain	2026-10-09T18:49:39.1253169Z e64e112bd3b2c63509c2dc3e687bb91e7e06dbc4bd13ecbdaac41241d0f03b1f  data/benchmark/corpus-stage1/weights-bf16.bin
round18	Install original verification toolchain	2026-10-09T18:49:39.1258443Z 134a2ec77375f13fab74a200a80bc768dd6c3d4403bfccb473b38941fb2ff955  data/benchmark/corpus-stage1/weights-f16.bin
round18	Install original verification toolchain	2026-10-09T18:49:39.1265830Z cbb1608ac057ef06f7dd2e6bb0ba32fa6a6ce6f91699c0e9c05f5644acc2c74d  data/benchmark/corpus-stage1/weights-f32.bin
round18	Install original verification toolchain	2026-10-09T18:49:39.1271292Z c81adeb809c26ef1dd391c0a640c95b3ad76ebab127d690b5a7fdbe2e412779a  data/benchmark/corpus-stage1/weights-q8.bin
round18	Install original verification toolchain	2026-10-09T18:49:39.2079839Z Filesystem      Size  Used Avail Use% Mounted on
round18	Install original verification toolchain	2026-10-09T18:49:39.2080427Z /dev/root       145G   49G   96G  34% /
round18	Run standard candidate checks and paired measurements	﻿2026-10-09T18:49:39.2145990Z ##[group]Run export PATH="$HOME/.local/bin:$HOME/.cargo/bin:$ELAN_HOME/bin:$PATH"
round18	Run standard candidate checks and paired measurements	2026-10-09T18:49:39.2146566Z ^[[36;1mexport PATH="$HOME/.local/bin:$HOME/.cargo/bin:$ELAN_HOME/bin:$PATH"^[[0m
round18	Run standard candidate checks and paired measurements	2026-10-09T18:49:39.2146992Z ^[[36;1mexport PYTHONPATH="$DEFLATE_ROOT/validator"^[[0m
round18	Run standard candidate checks and paired measurements	2026-10-09T18:49:39.2147409Z ^[[36;1m"$DEFLATE_ROOT/.venv/bin/python" scripts/research-round4.py^[[0m
round18	Run standard candidate checks and paired measurements	2026-10-09T18:49:39.2147847Z ^[[36;1m"$DEFLATE_ROOT/.venv/bin/python" scripts/research-round5.py^[[0m
round18	Run standard candidate checks and paired measurements	2026-10-09T18:49:39.2148292Z ^[[36;1m"$DEFLATE_ROOT/.venv/bin/python" scripts/research-round14.py^[[0m
round18	Run standard candidate checks and paired measurements	2026-10-09T18:49:39.2148695Z ^[[36;1m"$DEFLATE_ROOT/.venv/bin/python" scripts/round4.py screen^[[0m
round18	Run standard candidate checks and paired measurements	2026-10-09T18:49:39.2149105Z ^[[36;1m"$DEFLATE_ROOT/.venv/bin/python" scripts/round4.py refine^[[0m
round18	Run standard candidate checks and paired measurements	2026-10-09T18:49:39.2149511Z ^[[36;1m"$DEFLATE_ROOT/.venv/bin/python" scripts/round4.py gate^[[0m
round18	Run standard candidate checks and paired measurements	2026-10-09T18:49:39.2316132Z shell: /usr/bin/bash -e {0}
round18	Run standard candidate checks and paired measurements	2026-10-09T18:49:39.2316525Z env:
round18	Run standard candidate checks and paired measurements	2026-10-09T18:49:39.2316785Z   ROUND4_SPEC: screen-n
round18	Run standard candidate checks and paired measurements	2026-10-09T18:49:39.2317196Z   ROUND4_SPEC_DIR: evidence/round18
round18	Run standard candidate checks and paired measurements	2026-10-09T18:49:39.2317512Z   ROUND18_MODE: standard
round18	Run standard candidate checks and paired measurements	2026-10-09T18:49:39.2317810Z   DEFLATE_ROOT: /home/runner/work/_temp/deflate-upstream
round18	Run standard candidate checks and paired measurements	2026-10-09T18:49:39.2318308Z   ELAN_HOME: /home/runner/work/_temp/deflate-upstream/validator/.work/elan
round18	Run standard candidate checks and paired measurements	2026-10-09T18:49:39.2318782Z   XDG_CACHE_HOME: /home/runner/work/_temp/deflate-cache
round18	Run standard candidate checks and paired measurements	2026-10-09T18:49:39.2319167Z   UV_CACHE_DIR: /home/runner/work/_temp/deflate-cache/uv
round18	Run standard candidate checks and paired measurements	2026-10-09T18:49:39.2319515Z   XDG_RUNTIME_DIR: /run/user/1001
round18	Run standard candidate checks and paired measurements	2026-10-09T18:49:39.2319903Z   DBUS_SESSION_BUS_ADDRESS: unix:path=/run/user/1001/bus
round18	Run standard candidate checks and paired measurements	2026-10-09T18:49:39.2320260Z   VERIFY_CORPUS: corpus-stage1
round18	Run standard candidate checks and paired measurements	2026-10-09T18:49:39.2320547Z   VERIFY_SANDBOX: bwrap
round18	Run standard candidate checks and paired measurements	2026-10-09T18:49:39.2320812Z   GIT_TERMINAL_PROMPT: 0
round18	Run standard candidate checks and paired measurements	2026-10-09T18:49:39.2321150Z ##[endgroup]
round18	Run standard candidate checks and paired measurements	2026-10-09T18:50:01.6652272Z RESEARCH_EXTRACTION r18-553-lookahead 0 PROOF_NOT_RUN
round18	Run standard candidate checks and paired measurements	2026-10-09T18:50:05.6117480Z {"status": "VERIFIED_FINITE_NATIVE_DECODE_ONLY", "cases": [{"candidate": "r18-553-lookahead", "reference": "public553", "cases": 540, "decode_or_panic_failures": 0, "token_changes": 11}]}
round18	Run standard candidate checks and paired measurements	2026-10-09T18:50:05.6118369Z R13_NATIVE_DECODE expected540 finite cases; not original gate
round18	Run standard candidate checks and paired measurements	2026-10-09T18:50:06.2077258Z MEASURE_BEGIN 1 probe3
round18	Run standard candidate checks and paired measurements	2026-10-09T18:50:06.2449610Z ^[[32m2026-10-09 18:50:06.244^[[0m | ^[[34m^[[1mDEBUG   ^[[0m | ^[[36msandbox.bwrap^[[0m:^[[36mrun^[[0m:^[[36m110^[[0m - ^[[34m^[[1m[bwrap] rustc exit=0 in 0.0s^[[0m
round18	Run standard candidate checks and paired measurements	2026-10-09T18:50:08.2171885Z ^[[32m2026-10-09 18:50:08.216^[[0m | ^[[34m^[[1mDEBUG   ^[[0m | ^[[36msandbox.bwrap^[[0m:^[[36mrun^[[0m:^[[36m110^[[0m - ^[[34m^[[1m[bwrap] cargo exit=0 in 2.0s^[[0m
round18	Run standard candidate checks and paired measurements	2026-10-09T18:50:08.2173425Z ^[[32m2026-10-09 18:50:08.216^[[0m | ^[[34m^[[1mDEBUG   ^[[0m | ^[[36mbench.driver^[[0m:^[[36m_build^[[0m:^[[36m295^[[0m - ^[[34m^[[1m[bench] built incumbent in 2.0s exit=0^[[0m
round18	Run standard candidate checks and paired measurements	2026-10-09T18:50:11.1223917Z ^[[32m2026-10-09 18:50:11.122^[[0m | ^[[34m^[[1mDEBUG   ^[[0m | ^[[36msandbox.bwrap^[[0m:^[[36mrun^[[0m:^[[36m110^[[0m - ^[[34m^[[1m[bwrap] cargo exit=0 in 2.9s^[[0m
round18	Run standard candidate checks and paired measurements	2026-10-09T18:50:11.1230143Z ^[[32m2026-10-09 18:50:11.122^[[0m | ^[[34m^[[1mDEBUG   ^[[0m | ^[[36mbench.driver^[[0m:^[[36m_build^[[0m:^[[36m295^[[0m - ^[[34m^[[1m[bench] built probe3 in 2.9s exit=0^[[0m
round18	Run standard candidate checks and paired measurements	2026-10-09T18:50:23.6936535Z ^[[32m2026-10-09 18:50:23.693^[[0m | ^[[34m^[[1mDEBUG   ^[[0m | ^[[36msandbox.bwrap^[[0m:^[[36mrun^[[0m:^[[36m110^[[0m - ^[[34m^[[1m[bwrap] measure exit=0 in 12.6s^[[0m
round18	Run standard candidate checks and paired measurements	2026-10-09T18:50:23.6938259Z ^[[32m2026-10-09 18:50:23.693^[[0m | ^[[34m^[[1mDEBUG   ^[[0m | ^[[36mbench.driver^[[0m:^[[36m_measure^[[0m:^[[36m333^[[0m - ^[[34m^[[1m[bench] measured probe3 in 12.6s exit=0^[[0m
round18	Run standard candidate checks and paired measurements	2026-10-09T18:50:23.7030293Z MEASUREMENT {"candidate": "probe3", "round": 1, "time": 0.45055437059287246, "size_pct": 35.92083771476539, "parse_s": 0.058226872999999985, "total_s": 0.2602677219999999, "output_bytes": 5287026, "source_sha256": "e20ea5a7d2e77821008592faef393855077b9b8ceee244f390a85ac0257e047d"}
round18	Run standard candidate checks and paired measurements	2026-10-09T18:50:23.7031493Z MEASURE_BEGIN 1 r3-432-fast3
round18	Run standard candidate checks and paired measurements	2026-10-09T18:50:23.7438578Z ^[[32m2026-10-09 18:50:23.743^[[0m | ^[[34m^[[1mDEBUG   ^[[0m | ^[[36msandbox.bwrap^[[0m:^[[36mrun^[[0m:^[[36m110^[[0m - ^[[34m^[[1m[bwrap] rustc exit=0 in 0.0s^[[0m
round18	Run standard candidate checks and paired measurements	2026-10-09T18:50:25.7171750Z ^[[32m2026-10-09 18:50:25.716^[[0m | ^[[34m^[[1mDEBUG   ^[[0m | ^[[36msandbox.bwrap^[[0m:^[[36mrun^[[0m:^[[36m110^[[0m - ^[[34m^[[1m[bwrap] cargo exit=0 in 2.0s^[[0m
round18	Run standard candidate checks and paired measurements	2026-10-09T18:50:25.7172987Z ^[[32m2026-10-09 18:50:25.717^[[0m | ^[[34m^[[1mDEBUG   ^[[0m | ^[[36mbench.driver^[[0m:^[[36m_build^[[0m:^[[36m295^[[0m - ^[[34m^[[1m[bench] built incumbent in 2.0s exit=0^[[0m
round18	Run standard candidate checks and paired measurements	2026-10-09T18:50:29.2353927Z ^[[32m2026-10-09 18:50:29.235^[[0m | ^[[34m^[[1mDEBUG   ^[[0m | ^[[36msandbox.bwrap^[[0m:^[[36mrun^[[0m:^[[36m110^[[0m - ^[[34m^[[1m[bwrap] cargo exit=0 in 3.5s^[[0m
round18	Run standard candidate checks and paired measurements	2026-10-09T18:50:29.2355496Z ^[[32m2026-10-09 18:50:29.235^[[0m | ^[[34m^[[1mDEBUG   ^[[0m | ^[[36mbench.driver^[[0m:^[[36m_build^[[0m:^[[36m295^[[0m - ^[[34m^[[1m[bench] built r3-432-fast3 in 3.5s exit=0^[[0m
round18	Run standard candidate checks and paired measurements	2026-10-09T18:50:41.6282288Z ^[[32m2026-10-09 18:50:41.627^[[0m | ^[[34m^[[1mDEBUG   ^[[0m | ^[[36msandbox.bwrap^[[0m:^[[36mrun^[[0m:^[[36m110^[[0m - ^[[34m^[[1m[bwrap] measure exit=0 in 12.4s^[[0m
round18	Run standard candidate checks and paired measurements	2026-10-09T18:50:41.6283902Z ^[[32m2026-10-09 18:50:41.628^[[0m | ^[[34m^[[1mDEBUG   ^[[0m | ^[[36mbench.driver^[[0m:^[[36m_measure^[[0m:^[[36m333^[[0m - ^[[34m^[[1m[bench] measured r3-432-fast3 in 12.4s exit=0^[[0m
round18	Run standard candidate checks and paired measurements	2026-10-09T18:50:41.6364778Z MEASUREMENT {"candidate": "r3-432-fast3", "round": 1, "time": 0.42469480706922325, "size_pct": 36.60213910633018, "parse_s": 0.03866845900000001, "total_s": 0.24460399800000002, "output_bytes": 5410408, "source_sha256": "bae8014121e4710f4a34ce63452578b4bf69121b4f695e1b1356780a019108ef"}
round18	Run standard candidate checks and paired measurements	2026-10-09T18:50:41.6366429Z MEASURE_BEGIN 1 public432
round18	Run standard candidate checks and paired measurements	2026-10-09T18:50:41.6734542Z ^[[32m2026-10-09 18:50:41.673^[[0m | ^[[34m^[[1mDEBUG   ^[[0m | ^[[36msandbox.bwrap^[[0m:^[[36mrun^[[0m:^[[36m110^[[0m - ^[[34m^[[1m[bwrap] rustc exit=0 in 0.0s^[[0m
round18	Run standard candidate checks and paired measurements	2026-10-09T18:50:43.6455509Z ^[[32m2026-10-09 18:50:43.645^[[0m | ^[[34m^[[1mDEBUG   ^[[0m | ^[[36msandbox.bwrap^[[0m:^[[36mrun^[[0m:^[[36m110^[[0m - ^[[34m^[[1m[bwrap] cargo exit=0 in 2.0s^[[0m
round18	Run standard candidate checks and paired measurements	2026-10-09T18:50:43.6457126Z ^[[32m2026-10-09 18:50:43.645^[[0m | ^[[34m^[[1mDEBUG   ^[[0m | ^[[36mbench.driver^[[0m:^[[36m_build^[[0m:^[[36m295^[[0m - ^[[34m^[[1m[bench] built incumbent in 2.0s exit=0^[[0m
round18	Run standard candidate checks and paired measurements	2026-10-09T18:50:47.1087835Z ^[[32m2026-10-09 18:50:47.108^[[0m | ^[[34m^[[1mDEBUG   ^[[0m | ^[[36msandbox.bwrap^[[0m:^[[36mrun^[[0m:^[[36m110^[[0m - ^[[34m^[[1m[bwrap] cargo exit=0 in 3.5s^[[0m
round18	Run standard candidate checks and paired measurements	2026-10-09T18:50:47.1089457Z ^[[32m2026-10-09 18:50:47.108^[[0m | ^[[34m^[[1mDEBUG   ^[[0m | ^[[36mbench.driver^[[0m:^[[36m_build^[[0m:^[[36m295^[[0m - ^[[34m^[[1m[bench] built public432 in 3.5s exit=0^[[0m
round18	Run standard candidate checks and paired measurements	2026-10-09T18:50:59.5336237Z ^[[32m2026-10-09 18:50:59.533^[[0m | ^[[34m^[[1mDEBUG   ^[[0m | ^[[36msandbox.bwrap^[[0m:^[[36mrun^[[0m:^[[36m110^[[0m - ^[[34m^[[1m[bwrap] measure exit=0 in 12.4s^[[0m
round18	Run standard candidate checks and paired measurements	2026-10-09T18:50:59.5337210Z ^[[32m2026-10-09 18:50:59.533^[[0m | ^[[34m^[[1mDEBUG   ^[[0m | ^[[36mbench.driver^[[0m:^[[36m_measure^[[0m:^[[36m333^[[0m - ^[[34m^[[1m[bench] measured public432 in 12.4s exit=0^[[0m
round18	Run standard candidate checks and paired measurements	2026-10-09T18:50:59.5415651Z MEASUREMENT {"candidate": "public432", "round": 1, "time": 0.4261761702940485, "size_pct": 36.52435870548103, "parse_s": 0.04262424199999999, "total_s": 0.246880575, "output_bytes": 5376051, "source_sha256": "160d1b3f9edb307a0f97bde13cd972b5f6f0a426dd669515f639e4bfa24ef054"}
round18	Run standard candidate checks and paired measurements	2026-10-09T18:50:59.5419013Z MEASURE_BEGIN 1 public514
round18	Run standard candidate checks and paired measurements	2026-10-09T18:50:59.5870264Z ^[[32m2026-10-09 18:50:59.586^[[0m | ^[[34m^[[1mDEBUG   ^[[0m | ^[[36msandbox.bwrap^[[0m:^[[36mrun^[[0m:^[[36m110^[[0m - ^[[34m^[[1m[bwrap] rustc exit=0 in 0.0s^[[0m
round18	Run standard candidate checks and paired measurements	2026-10-09T18:51:01.5619543Z ^[[32m2026-10-09 18:51:01.561^[[0m | ^[[34m^[[1mDEBUG   ^[[0m | ^[[36msandbox.bwrap^[[0m:^[[36mrun^[[0m:^[[36m110^[[0m - ^[[34m^[[1m[bwrap] cargo exit=0 in 2.0s^[[0m
round18	Run standard candidate checks and paired measurements	2026-10-09T18:51:01.5623220Z ^[[32m2026-10-09 18:51:01.561^[[0m | ^[[34m^[[1mDEBUG   ^[[0m | ^[[36mbench.driver^[[0m:^[[36m_build^[[0m:^[[36m295^[[0m - ^[[34m^[[1m[bench] built incumbent in 2.0s exit=0^[[0m
round18	Run standard candidate checks and paired measurements	2026-10-09T18:51:05.0991045Z ^[[32m2026-10-09 18:51:05.098^[[0m | ^[[34m^[[1mDEBUG   ^[[0m | ^[[36msandbox.bwrap^[[0m:^[[36mrun^[[0m:^[[36m110^[[0m - ^[[34m^[[1m[bwrap] cargo exit=0 in 3.5s^[[0m
round18	Run standard candidate checks and paired measurements	2026-10-09T18:51:05.0992364Z ^[[32m2026-10-09 18:51:05.099^[[0m | ^[[34m^[[1mDEBUG   ^[[0m | ^[[36mbench.driver^[[0m:^[[36m_build^[[0m:^[[36m295^[[0m - ^[[34m^[[1m[bench] built public514 in 3.5s exit=0^[[0m
round18	Run standard candidate checks and paired measurements	2026-10-09T18:51:17.4382880Z ^[[32m2026-10-09 18:51:17.437^[[0m | ^[[34m^[[1mDEBUG   ^[[0m | ^[[36msandbox.bwrap^[[0m:^[[36mrun^[[0m:^[[36m110^[[0m - ^[[34m^[[1m[bwrap] measure exit=0 in 12.3s^[[0m
round18	Run standard candidate checks and paired measurements	2026-10-09T18:51:17.4384666Z ^[[32m2026-10-09 18:51:17.438^[[0m | ^[[34m^[[1mDEBUG   ^[[0m | ^[[36mbench.driver^[[0m:^[[36m_measure^[[0m:^[[36m333^[[0m - ^[[34m^[[1m[bench] measured public514 in 12.3s exit=0^[[0m
round18	Run standard candidate checks and paired measurements	2026-10-09T18:51:17.4463355Z MEASUREMENT {"candidate": "public514", "round": 1, "time": 0.42218889436258206, "size_pct": 36.20314548923299, "parse_s": 0.04493847799999999, "total_s": 0.24346420000000002, "output_bytes": 5340006, "source_sha256": "e337b70b9bd81a1f189a05a37fcd26ca13b1a741a3b6bd8c89705e30896b004a"}
round18	Run standard candidate checks and paired measurements	2026-10-09T18:51:17.4465693Z MEASURE_BEGIN 1 public553
round18	Run standard candidate checks and paired measurements	2026-10-09T18:51:17.4847471Z ^[[32m2026-10-09 18:51:17.484^[[0m | ^[[34m^[[1mDEBUG   ^[[0m | ^[[36msandbox.bwrap^[[0m:^[[36mrun^[[0m:^[[36m110^[[0m - ^[[34m^[[1m[bwrap] rustc exit=0 in 0.0s^[[0m
round18	Run standard candidate checks and paired measurements	2026-10-09T18:51:19.4588265Z ^[[32m2026-10-09 18:51:19.458^[[0m | ^[[34m^[[1mDEBUG   ^[[0m | ^[[36msandbox.bwrap^[[0m:^[[36mrun^[[0m:^[[36m110^[[0m - ^[[34m^[[1m[bwrap] cargo exit=0 in 2.0s^[[0m
round18	Run standard candidate checks and paired measurements	2026-10-09T18:51:19.4590097Z ^[[32m2026-10-09 18:51:19.458^[[0m | ^[[34m^[[1mDEBUG   ^[[0m | ^[[36mbench.driver^[[0m:^[[36m_build^[[0m:^[[36m295^[[0m - ^[[34m^[[1m[bench] built incumbent in 2.0s exit=0^[[0m
round18	Run standard candidate checks and paired measurements	2026-10-09T18:51:23.7468686Z ^[[32m2026-10-09 18:51:23.746^[[0m | ^[[34m^[[1mDEBUG   ^[[0m | ^[[36msandbox.bwrap^[[0m:^[[36mrun^[[0m:^[[36m110^[[0m - ^[[34m^[[1m[bwrap] cargo exit=0 in 4.3s^[[0m
round18	Run standard candidate checks and paired measurements	2026-10-09T18:51:23.7470372Z ^[[32m2026-10-09 18:51:23.746^[[0m | ^[[34m^[[1mDEBUG   ^[[0m | ^[[36mbench.driver^[[0m:^[[36m_build^[[0m:^[[36m295^[[0m - ^[[34m^[[1m[bench] built public553 in 4.3s exit=0^[[0m
round18	Run standard candidate checks and paired measurements	2026-10-09T18:51:36.1406213Z ^[[32m2026-10-09 18:51:36.140^[[0m | ^[[34m^[[1mDEBUG   ^[[0m | ^[[36msandbox.bwrap^[[0m:^[[36mrun^[[0m:^[[36m110^[[0m - ^[[34m^[[1m[bwrap] measure exit=0 in 12.4s^[[0m
round18	Run standard candidate checks and paired measurements	2026-10-09T18:51:36.1407780Z ^[[32m2026-10-09 18:51:36.140^[[0m | ^[[34m^[[1mDEBUG   ^[[0m | ^[[36mbench.driver^[[0m:^[[36m_measure^[[0m:^[[36m333^[[0m - ^[[34m^[[1m[bench] measured public553 in 12.4s exit=0^[[0m
round18	Run standard candidate checks and paired measurements	2026-10-09T18:51:36.1486641Z MEASUREMENT {"candidate": "public553", "round": 1, "time": 0.4264607887745486, "size_pct": 35.92285817991532, "parse_s": 0.04996876700000001, "total_s": 0.24792956700000005, "output_bytes": 5262297, "source_sha256": "a5b4943d4b1363fb8cf87bca7573b246e88eb94ecdb23efc98cdb6e6a5ff6ea4"}
round18	Run standard candidate checks and paired measurements	2026-10-09T18:51:36.1489760Z MEASURE_BEGIN 1 lazy16
round18	Run standard candidate checks and paired measurements	2026-10-09T18:51:36.1986231Z ^[[32m2026-10-09 18:51:36.198^[[0m | ^[[34m^[[1mDEBUG   ^[[0m | ^[[36msandbox.bwrap^[[0m:^[[36mrun^[[0m:^[[36m110^[[0m - ^[[34m^[[1m[bwrap] rustc exit=0 in 0.0s^[[0m
round18	Run standard candidate checks and paired measurements	2026-10-09T18:51:38.1685016Z ^[[32m2026-10-09 18:51:38.168^[[0m | ^[[34m^[[1mDEBUG   ^[[0m | ^[[36msandbox.bwrap^[[0m:^[[36mrun^[[0m:^[[36m110^[[0m - ^[[34m^[[1m[bwrap] cargo exit=0 in 2.0s^[[0m
round18	Run standard candidate checks and paired measurements	2026-10-09T18:51:38.1686248Z ^[[32m2026-10-09 18:51:38.168^[[0m | ^[[34m^[[1mDEBUG   ^[[0m | ^[[36mbench.driver^[[0m:^[[36m_build^[[0m:^[[36m295^[[0m - ^[[34m^[[1m[bench] built incumbent in 2.0s exit=0^[[0m
round18	Run standard candidate checks and paired measurements	2026-10-09T18:51:41.7527592Z ^[[32m2026-10-09 18:51:41.752^[[0m | ^[[34m^[[1mDEBUG   ^[[0m | ^[[36msandbox.bwrap^[[0m:^[[36mrun^[[0m:^[[36m110^[[0m - ^[[34m^[[1m[bwrap] cargo exit=0 in 3.6s^[[0m
round18	Run standard candidate checks and paired measurements	2026-10-09T18:51:41.7532607Z ^[[32m2026-10-09 18:51:41.752^[[0m | ^[[34m^[[1mDEBUG   ^[[0m | ^[[36mbench.driver^[[0m:^[[36m_build^[[0m:^[[36m295^[[0m - ^[[34m^[[1m[bench] built lazy16 in 3.6s exit=0^[[0m
round18	Run standard candidate checks and paired measurements	2026-10-09T18:51:54.1131746Z ^[[32m2026-10-09 18:51:54.112^[[0m | ^[[34m^[[1mDEBUG   ^[[0m | ^[[36msandbox.bwrap^[[0m:^[[36mrun^[[0m:^[[36m110^[[0m - ^[[34m^[[1m[bwrap] measure exit=0 in 12.4s^[[0m
round18	Run standard candidate checks and paired measurements	2026-10-09T18:51:54.1132677Z ^[[32m2026-10-09 18:51:54.112^[[0m | ^[[34m^[[1mDEBUG   ^[[0m | ^[[36mbench.driver^[[0m:^[[36m_measure^[[0m:^[[36m333^[[0m - ^[[34m^[[1m[bench] measured lazy16 in 12.4s exit=0^[[0m
round18	Run standard candidate checks and paired measurements	2026-10-09T18:51:54.1214317Z MEASUREMENT {"candidate": "lazy16", "round": 1, "time": 0.4255313454841058, "size_pct": 36.0111613751328, "parse_s": 0.05002144799999999, "total_s": 0.247771551, "output_bytes": 5292124, "source_sha256": "a701dc4fce2483f4ea3bd6a85d0634123d74434522291e4b4814e5d9bab4d7ce"}
round18	Run standard candidate checks and paired measurements	2026-10-09T18:51:54.1219574Z MEASURE_BEGIN 1 r18-553-lookahead
round18	Run standard candidate checks and paired measurements	2026-10-09T18:51:54.1574225Z ^[[32m2026-10-09 18:51:54.157^[[0m | ^[[34m^[[1mDEBUG   ^[[0m | ^[[36msandbox.bwrap^[[0m:^[[36mrun^[[0m:^[[36m110^[[0m - ^[[34m^[[1m[bwrap] rustc exit=0 in 0.0s^[[0m
round18	Run standard candidate checks and paired measurements	2026-10-09T18:51:56.1320871Z ^[[32m2026-10-09 18:51:56.131^[[0m | ^[[34m^[[1mDEBUG   ^[[0m | ^[[36msandbox.bwrap^[[0m:^[[36mrun^[[0m:^[[36m110^[[0m - ^[[34m^[[1m[bwrap] cargo exit=0 in 2.0s^[[0m
round18	Run standard candidate checks and paired measurements	2026-10-09T18:51:56.1321924Z ^[[32m2026-10-09 18:51:56.131^[[0m | ^[[34m^[[1mDEBUG   ^[[0m | ^[[36mbench.driver^[[0m:^[[36m_build^[[0m:^[[36m295^[[0m - ^[[34m^[[1m[bench] built incumbent in 2.0s exit=0^[[0m
round18	Run standard candidate checks and paired measurements	2026-10-09T18:52:00.5134290Z ^[[32m2026-10-09 18:52:00.513^[[0m | ^[[34m^[[1mDEBUG   ^[[0m | ^[[36msandbox.bwrap^[[0m:^[[36mrun^[[0m:^[[36m110^[[0m - ^[[34m^[[1m[bwrap] cargo exit=0 in 4.4s^[[0m
round18	Run standard candidate checks and paired measurements	2026-10-09T18:52:00.5135669Z ^[[32m2026-10-09 18:52:00.513^[[0m | ^[[34m^[[1mDEBUG   ^[[0m | ^[[36mbench.driver^[[0m:^[[36m_build^[[0m:^[[36m295^[[0m - ^[[34m^[[1m[bench] built r18-553-lookahead in 4.4s exit=0^[[0m
round18	Run standard candidate checks and paired measurements	2026-10-09T18:52:12.9400220Z ^[[32m2026-10-09 18:52:12.939^[[0m | ^[[34m^[[1mDEBUG   ^[[0m | ^[[36msandbox.bwrap^[[0m:^[[36mrun^[[0m:^[[36m110^[[0m - ^[[34m^[[1m[bwrap] measure exit=0 in 12.4s^[[0m
round18	Run standard candidate checks and paired measurements	2026-10-09T18:52:12.9401833Z ^[[32m2026-10-09 18:52:12.939^[[0m | ^[[34m^[[1mDEBUG   ^[[0m | ^[[36mbench.driver^[[0m:^[[36m_measure^[[0m:^[[36m333^[[0m - ^[[34m^[[1m[bench] measured r18-553-lookahead in 12.4s exit=0^[[0m
round18	Run standard candidate checks and paired measurements	2026-10-09T18:52:12.9479359Z MEASUREMENT {"candidate": "r18-553-lookahead", "round": 1, "time": 0.4300060135974618, "size_pct": 35.82163002592645, "parse_s": 0.05230312100000001, "total_s": 0.250766415, "output_bytes": 5237315, "source_sha256": "aec1e423cabfdb84418a0621bcab006e92a381506bbe4eeb580b18dfc2ce89b7"}
round18	Run standard candidate checks and paired measurements	2026-10-09T18:52:12.9482342Z MEASURE_BEGIN 1 public553-shadow
round18	Run standard candidate checks and paired measurements	2026-10-09T18:52:12.9847386Z ^[[32m2026-10-09 18:52:12.984^[[0m | ^[[34m^[[1mDEBUG   ^[[0m | ^[[36msandbox.bwrap^[[0m:^[[36mrun^[[0m:^[[36m110^[[0m - ^[[34m^[[1m[bwrap] rustc exit=0 in 0.0s^[[0m
round18	Run standard candidate checks and paired measurements	2026-10-09T18:52:14.9586587Z ^[[32m2026-10-09 18:52:14.958^[[0m | ^[[34m^[[1mDEBUG   ^[[0m | ^[[36msandbox.bwrap^[[0m:^[[36mrun^[[0m:^[[36m110^[[0m - ^[[34m^[[1m[bwrap] cargo exit=0 in 2.0s^[[0m
round18	Run standard candidate checks and paired measurements	2026-10-09T18:52:14.9588124Z ^[[32m2026-10-09 18:52:14.958^[[0m | ^[[34m^[[1mDEBUG   ^[[0m | ^[[36mbench.driver^[[0m:^[[36m_build^[[0m:^[[36m295^[[0m - ^[[34m^[[1m[bench] built incumbent in 2.0s exit=0^[[0m
round18	Run standard candidate checks and paired measurements	2026-10-09T18:52:19.2581138Z ^[[32m2026-10-09 18:52:19.257^[[0m | ^[[34m^[[1mDEBUG   ^[[0m | ^[[36msandbox.bwrap^[[0m:^[[36mrun^[[0m:^[[36m110^[[0m - ^[[34m^[[1m[bwrap] cargo exit=0 in 4.3s^[[0m
round18	Run standard candidate checks and paired measurements	2026-10-09T18:52:19.2582846Z ^[[32m2026-10-09 18:52:19.258^[[0m | ^[[34m^[[1mDEBUG   ^[[0m | ^[[36mbench.driver^[[0m:^[[36m_build^[[0m:^[[36m295^[[0m - ^[[34m^[[1m[bench] built public553-shadow in 4.3s exit=0^[[0m
round18	Run standard candidate checks and paired measurements	2026-10-09T18:52:31.6537660Z ^[[32m2026-10-09 18:52:31.652^[[0m | ^[[34m^[[1mDEBUG   ^[[0m | ^[[36msandbox.bwrap^[[0m:^[[36mrun^[[0m:^[[36m110^[[0m - ^[[34m^[[1m[bwrap] measure exit=0 in 12.4s^[[0m
round18	Run standard candidate checks and paired measurements	2026-10-09T18:52:31.6539619Z ^[[32m2026-10-09 18:52:31.652^[[0m | ^[[34m^[[1mDEBUG   ^[[0m | ^[[36mbench.driver^[[0m:^[[36m_measure^[[0m:^[[36m333^[[0m - ^[[34m^[[1m[bench] measured public553-shadow in 12.4s exit=0^[[0m
round18	Run standard candidate checks and paired measurements	2026-10-09T18:52:31.6610427Z MEASUREMENT {"candidate": "public553-shadow", "round": 1, "time": 0.4273121916867921, "size_pct": 35.92285817991532, "parse_s": 0.049900984, "total_s": 0.248497533, "output_bytes": 5262297, "source_sha256": "a5b4943d4b1363fb8cf87bca7573b246e88eb94ecdb23efc98cdb6e6a5ff6ea4"}
round18	Run standard candidate checks and paired measurements	2026-10-09T18:52:31.6614007Z MEASURE_BEGIN 2 public553-shadow
round18	Run standard candidate checks and paired measurements	2026-10-09T18:52:31.6966569Z ^[[32m2026-10-09 18:52:31.696^[[0m | ^[[34m^[[1mDEBUG   ^[[0m | ^[[36msandbox.bwrap^[[0m:^[[36mrun^[[0m:^[[36m110^[[0m - ^[[34m^[[1m[bwrap] rustc exit=0 in 0.0s^[[0m
round18	Run standard candidate checks and paired measurements	2026-10-09T18:52:33.6738824Z ^[[32m2026-10-09 18:52:33.673^[[0m | ^[[34m^[[1mDEBUG   ^[[0m | ^[[36msandbox.bwrap^[[0m:^[[36mrun^[[0m:^[[36m110^[[0m - ^[[34m^[[1m[bwrap] cargo exit=0 in 2.0s^[[0m
round18	Run standard candidate checks and paired measurements	2026-10-09T18:52:33.6740207Z ^[[32m2026-10-09 18:52:33.673^[[0m | ^[[34m^[[1mDEBUG   ^[[0m | ^[[36mbench.driver^[[0m:^[[36m_build^[[0m:^[[36m295^[[0m - ^[[34m^[[1m[bench] built incumbent in 2.0s exit=0^[[0m
round18	Run standard candidate checks and paired measurements	2026-10-09T18:52:37.9755690Z ^[[32m2026-10-09 18:52:37.975^[[0m | ^[[34m^[[1mDEBUG   ^[[0m | ^[[36msandbox.bwrap^[[0m:^[[36mrun^[[0m:^[[36m110^[[0m - ^[[34m^[[1m[bwrap] cargo exit=0 in 4.3s^[[0m
round18	Run standard candidate checks and paired measurements	2026-10-09T18:52:37.9757158Z ^[[32m2026-10-09 18:52:37.975^[[0m | ^[[34m^[[1mDEBUG   ^[[0m | ^[[36mbench.driver^[[0m:^[[36m_build^[[0m:^[[36m295^[[0m - ^[[34m^[[1m[bench] built public553-shadow in 4.3s exit=0^[[0m
round18	Run standard candidate checks and paired measurements	2026-10-09T18:52:50.3599686Z ^[[32m2026-10-09 18:52:50.359^[[0m | ^[[34m^[[1mDEBUG   ^[[0m | ^[[36msandbox.bwrap^[[0m:^[[36mrun^[[0m:^[[36m110^[[0m - ^[[34m^[[1m[bwrap] measure exit=0 in 12.4s^[[0m
round18	Run standard candidate checks and paired measurements	2026-10-09T18:52:50.3601176Z ^[[32m2026-10-09 18:52:50.359^[[0m | ^[[34m^[[1mDEBUG   ^[[0m | ^[[36mbench.driver^[[0m:^[[36m_measure^[[0m:^[[36m333^[[0m - ^[[34m^[[1m[bench] measured public553-shadow in 12.4s exit=0^[[0m
round18	Run standard candidate checks and paired measurements	2026-10-09T18:52:50.3698168Z MEASUREMENT {"candidate": "public553-shadow", "round": 2, "time": 0.4282427051281983, "size_pct": 35.92285817991532, "parse_s": 0.049976987, "total_s": 0.24796127199999998, "output_bytes": 5262297, "source_sha256": "a5b4943d4b1363fb8cf87bca7573b246e88eb94ecdb23efc98cdb6e6a5ff6ea4"}
round18	Run standard candidate checks and paired measurements	2026-10-09T18:52:50.3705929Z MEASURE_BEGIN 2 r18-553-lookahead
round18	Run standard candidate checks and paired measurements	2026-10-09T18:52:50.4084496Z ^[[32m2026-10-09 18:52:50.408^[[0m | ^[[34m^[[1mDEBUG   ^[[0m | ^[[36msandbox.bwrap^[[0m:^[[36mrun^[[0m:^[[36m110^[[0m - ^[[34m^[[1m[bwrap] rustc exit=0 in 0.0s^[[0m
round18	Run standard candidate checks and paired measurements	2026-10-09T18:52:52.3829809Z ^[[32m2026-10-09 18:52:52.382^[[0m | ^[[34m^[[1mDEBUG   ^[[0m | ^[[36msandbox.bwrap^[[0m:^[[36mrun^[[0m:^[[36m110^[[0m - ^[[34m^[[1m[bwrap] cargo exit=0 in 2.0s^[[0m
round18	Run standard candidate checks and paired measurements	2026-10-09T18:52:52.3831224Z ^[[32m2026-10-09 18:52:52.382^[[0m | ^[[34m^[[1mDEBUG   ^[[0m | ^[[36mbench.driver^[[0m:^[[36m_build^[[0m:^[[36m295^[[0m - ^[[34m^[[1m[bench] built incumbent in 2.0s exit=0^[[0m
round18	Run standard candidate checks and paired measurements	2026-10-09T18:52:56.7659126Z ^[[32m2026-10-09 18:52:56.765^[[0m | ^[[34m^[[1mDEBUG   ^[[0m | ^[[36msandbox.bwrap^[[0m:^[[36mrun^[[0m:^[[36m110^[[0m - ^[[34m^[[1m[bwrap] cargo exit=0 in 4.4s^[[0m
round18	Run standard candidate checks and paired measurements	2026-10-09T18:52:56.7660863Z ^[[32m2026-10-09 18:52:56.765^[[0m | ^[[34m^[[1mDEBUG   ^[[0m | ^[[36mbench.driver^[[0m:^[[36m_build^[[0m:^[[36m295^[[0m - ^[[34m^[[1m[bench] built r18-553-lookahead in 4.4s exit=0^[[0m
round18	Run standard candidate checks and paired measurements	2026-10-09T18:53:09.1665836Z ^[[32m2026-10-09 18:53:09.166^[[0m | ^[[34m^[[1mDEBUG   ^[[0m | ^[[36msandbox.bwrap^[[0m:^[[36mrun^[[0m:^[[36m110^[[0m - ^[[34m^[[1m[bwrap] measure exit=0 in 12.4s^[[0m
round18	Run standard candidate checks and paired measurements	2026-10-09T18:53:09.1666963Z ^[[32m2026-10-09 18:53:09.166^[[0m | ^[[34m^[[1mDEBUG   ^[[0m | ^[[36mbench.driver^[[0m:^[[36m_measure^[[0m:^[[36m333^[[0m - ^[[34m^[[1m[bench] measured r18-553-lookahead in 12.4s exit=0^[[0m
round18	Run standard candidate checks and paired measurements	2026-10-09T18:53:09.1757526Z MEASUREMENT {"candidate": "r18-553-lookahead", "round": 2, "time": 0.4291792250216376, "size_pct": 35.82163002592645, "parse_s": 0.05227916200000001, "total_s": 0.250416573, "output_bytes": 5237315, "source_sha256": "aec1e423cabfdb84418a0621bcab006e92a381506bbe4eeb580b18dfc2ce89b7"}
round18	Run standard candidate checks and paired measurements	2026-10-09T18:53:09.1760598Z MEASURE_BEGIN 2 lazy16
round18	Run standard candidate checks and paired measurements	2026-10-09T18:53:09.2112162Z ^[[32m2026-10-09 18:53:09.210^[[0m | ^[[34m^[[1mDEBUG   ^[[0m | ^[[36msandbox.bwrap^[[0m:^[[36mrun^[[0m:^[[36m110^[[0m - ^[[34m^[[1m[bwrap] rustc exit=0 in 0.0s^[[0m
round18	Run standard candidate checks and paired measurements	2026-10-09T18:53:11.1910914Z ^[[32m2026-10-09 18:53:11.190^[[0m | ^[[34m^[[1mDEBUG   ^[[0m | ^[[36msandbox.bwrap^[[0m:^[[36mrun^[[0m:^[[36m110^[[0m - ^[[34m^[[1m[bwrap] cargo exit=0 in 2.0s^[[0m
round18	Run standard candidate checks and paired measurements	2026-10-09T18:53:11.1912666Z ^[[32m2026-10-09 18:53:11.190^[[0m | ^[[34m^[[1mDEBUG   ^[[0m | ^[[36mbench.driver^[[0m:^[[36m_build^[[0m:^[[36m295^[[0m - ^[[34m^[[1m[bench] built incumbent in 2.0s exit=0^[[0m
round18	Run standard candidate checks and paired measurements	2026-10-09T18:53:14.7679225Z ^[[32m2026-10-09 18:53:14.767^[[0m | ^[[34m^[[1mDEBUG   ^[[0m | ^[[36msandbox.bwrap^[[0m:^[[36mrun^[[0m:^[[36m110^[[0m - ^[[34m^[[1m[bwrap] cargo exit=0 in 3.6s^[[0m
round18	Run standard candidate checks and paired measurements	2026-10-09T18:53:14.7684155Z ^[[32m2026-10-09 18:53:14.767^[[0m | ^[[34m^[[1mDEBUG   ^[[0m | ^[[36mbench.driver^[[0m:^[[36m_build^[[0m:^[[36m295^[[0m - ^[[34m^[[1m[bench] built lazy16 in 3.6s exit=0^[[0m
round18	Run standard candidate checks and paired measurements	2026-10-09T18:53:27.1702676Z ^[[32m2026-10-09 18:53:27.169^[[0m | ^[[34m^[[1mDEBUG   ^[[0m | ^[[36msandbox.bwrap^[[0m:^[[36mrun^[[0m:^[[36m110^[[0m - ^[[34m^[[1m[bwrap] measure exit=0 in 12.4s^[[0m
round18	Run standard candidate checks and paired measurements	2026-10-09T18:53:27.1703601Z ^[[32m2026-10-09 18:53:27.170^[[0m | ^[[34m^[[1mDEBUG   ^[[0m | ^[[36mbench.driver^[[0m:^[[36m_measure^[[0m:^[[36m333^[[0m - ^[[34m^[[1m[bench] measured lazy16 in 12.4s exit=0^[[0m
round18	Run standard candidate checks and paired measurements	2026-10-09T18:53:27.1804716Z MEASUREMENT {"candidate": "lazy16", "round": 2, "time": 0.42678104278101553, "size_pct": 36.0111613751328, "parse_s": 0.049993253000000015, "total_s": 0.248660532, "output_bytes": 5292124, "source_sha256": "a701dc4fce2483f4ea3bd6a85d0634123d74434522291e4b4814e5d9bab4d7ce"}
round18	Run standard candidate checks and paired measurements	2026-10-09T18:53:27.1808387Z MEASURE_BEGIN 2 public553
round18	Run standard candidate checks and paired measurements	2026-10-09T18:53:27.2202621Z ^[[32m2026-10-09 18:53:27.220^[[0m | ^[[34m^[[1mDEBUG   ^[[0m | ^[[36msandbox.bwrap^[[0m:^[[36mrun^[[0m:^[[36m110^[[0m - ^[[34m^[[1m[bwrap] rustc exit=0 in 0.0s^[[0m
round18	Run standard candidate checks and paired measurements	2026-10-09T18:53:29.2018534Z ^[[32m2026-10-09 18:53:29.201^[[0m | ^[[34m^[[1mDEBUG   ^[[0m | ^[[36msandbox.bwrap^[[0m:^[[36mrun^[[0m:^[[36m110^[[0m - ^[[34m^[[1m[bwrap] cargo exit=0 in 2.0s^[[0m
round18	Run standard candidate checks and paired measurements	2026-10-09T18:53:29.2021605Z ^[[32m2026-10-09 18:53:29.201^[[0m | ^[[34m^[[1mDEBUG   ^[[0m | ^[[36mbench.driver^[[0m:^[[36m_build^[[0m:^[[36m295^[[0m - ^[[34m^[[1m[bench] built incumbent in 2.0s exit=0^[[0m
round18	Run standard candidate checks and paired measurements	2026-10-09T18:53:33.4933114Z ^[[32m2026-10-09 18:53:33.492^[[0m | ^[[34m^[[1mDEBUG   ^[[0m | ^[[36msandbox.bwrap^[[0m:^[[36mrun^[[0m:^[[36m110^[[0m - ^[[34m^[[1m[bwrap] cargo exit=0 in 4.3s^[[0m
round18	Run standard candidate checks and paired measurements	2026-10-09T18:53:33.4934175Z ^[[32m2026-10-09 18:53:33.493^[[0m | ^[[34m^[[1mDEBUG   ^[[0m | ^[[36mbench.driver^[[0m:^[[36m_build^[[0m:^[[36m295^[[0m - ^[[34m^[[1m[bench] built public553 in 4.3s exit=0^[[0m
round18	Run standard candidate checks and paired measurements	2026-10-09T18:53:45.8993750Z ^[[32m2026-10-09 18:53:45.899^[[0m | ^[[34m^[[1mDEBUG   ^[[0m | ^[[36msandbox.bwrap^[[0m:^[[36mrun^[[0m:^[[36m110^[[0m - ^[[34m^[[1m[bwrap] measure exit=0 in 12.4s^[[0m
round18	Run standard candidate checks and paired measurements	2026-10-09T18:53:45.8995564Z ^[[32m2026-10-09 18:53:45.899^[[0m | ^[[34m^[[1mDEBUG   ^[[0m | ^[[36mbench.driver^[[0m:^[[36m_measure^[[0m:^[[36m333^[[0m - ^[[34m^[[1m[bench] measured public553 in 12.4s exit=0^[[0m
round18	Run standard candidate checks and paired measurements	2026-10-09T18:53:45.9085485Z MEASUREMENT {"candidate": "public553", "round": 2, "time": 0.4266082770800286, "size_pct": 35.92285817991532, "parse_s": 0.049992005000000006, "total_s": 0.24879728500000003, "output_bytes": 5262297, "source_sha256": "a5b4943d4b1363fb8cf87bca7573b246e88eb94ecdb23efc98cdb6e6a5ff6ea4"}
round18	Run standard candidate checks and paired measurements	2026-10-09T18:53:45.9088890Z MEASURE_BEGIN 2 public514
round18	Run standard candidate checks and paired measurements	2026-10-09T18:53:45.9500434Z ^[[32m2026-10-09 18:53:45.949^[[0m | ^[[34m^[[1mDEBUG   ^[[0m | ^[[36msandbox.bwrap^[[0m:^[[36mrun^[[0m:^[[36m110^[[0m - ^[[34m^[[1m[bwrap] rustc exit=0 in 0.0s^[[0m
round18	Run standard candidate checks and paired measurements	2026-10-09T18:53:47.9254899Z ^[[32m2026-10-09 18:53:47.925^[[0m | ^[[34m^[[1mDEBUG   ^[[0m | ^[[36msandbox.bwrap^[[0m:^[[36mrun^[[0m:^[[36m110^[[0m - ^[[34m^[[1m[bwrap] cargo exit=0 in 2.0s^[[0m
round18	Run standard candidate checks and paired measurements	2026-10-09T18:53:47.9256823Z ^[[32m2026-10-09 18:53:47.925^[[0m | ^[[34m^[[1mDEBUG   ^[[0m | ^[[36mbench.driver^[[0m:^[[36m_build^[[0m:^[[36m295^[[0m - ^[[34m^[[1m[bench] built incumbent in 2.0s exit=0^[[0m
round18	Run standard candidate checks and paired measurements	2026-10-09T18:53:51.4697171Z ^[[32m2026-10-09 18:53:51.469^[[0m | ^[[34m^[[1mDEBUG   ^[[0m | ^[[36msandbox.bwrap^[[0m:^[[36mrun^[[0m:^[[36m110^[[0m - ^[[34m^[[1m[bwrap] cargo exit=0 in 3.5s^[[0m
round18	Run standard candidate checks and paired measurements	2026-10-09T18:53:51.4699112Z ^[[32m2026-10-09 18:53:51.469^[[0m | ^[[34m^[[1mDEBUG   ^[[0m | ^[[36mbench.driver^[[0m:^[[36m_build^[[0m:^[[36m295^[[0m - ^[[34m^[[1m[bench] built public514 in 3.5s exit=0^[[0m
round18	Run standard candidate checks and paired measurements	2026-10-09T18:54:03.7662729Z ^[[32m2026-10-09 18:54:03.765^[[0m | ^[[34m^[[1mDEBUG   ^[[0m | ^[[36msandbox.bwrap^[[0m:^[[36mrun^[[0m:^[[36m110^[[0m - ^[[34m^[[1m[bwrap] measure exit=0 in 12.3s^[[0m
round18	Run standard candidate checks and paired measurements	2026-10-09T18:54:03.7664087Z ^[[32m2026-10-09 18:54:03.766^[[0m | ^[[34m^[[1mDEBUG   ^[[0m | ^[[36mbench.driver^[[0m:^[[36m_measure^[[0m:^[[36m333^[[0m - ^[[34m^[[1m[bench] measured public514 in 12.3s exit=0^[[0m
round18	Run standard candidate checks and paired measurements	2026-10-09T18:54:03.7758496Z MEASUREMENT {"candidate": "public514", "round": 2, "time": 0.4218424307505633, "size_pct": 36.20314548923299, "parse_s": 0.044965324999999993, "total_s": 0.24234890100000003, "output_bytes": 5340006, "source_sha256": "e337b70b9bd81a1f189a05a37fcd26ca13b1a741a3b6bd8c89705e30896b004a"}
round18	Run standard candidate checks and paired measurements	2026-10-09T18:54:03.7762305Z MEASURE_BEGIN 2 public432
round18	Run standard candidate checks and paired measurements	2026-10-09T18:54:03.8180570Z ^[[32m2026-10-09 18:54:03.817^[[0m | ^[[34m^[[1mDEBUG   ^[[0m | ^[[36msandbox.bwrap^[[0m:^[[36mrun^[[0m:^[[36m110^[[0m - ^[[34m^[[1m[bwrap] rustc exit=0 in 0.0s^[[0m
round18	Run standard candidate checks and paired measurements	2026-10-09T18:54:05.7978782Z ^[[32m2026-10-09 18:54:05.797^[[0m | ^[[34m^[[1mDEBUG   ^[[0m | ^[[36msandbox.bwrap^[[0m:^[[36mrun^[[0m:^[[36m110^[[0m - ^[[34m^[[1m[bwrap] cargo exit=0 in 2.0s^[[0m
round18	Run standard candidate checks and paired measurements	2026-10-09T18:54:05.7979959Z ^[[32m2026-10-09 18:54:05.797^[[0m | ^[[34m^[[1mDEBUG   ^[[0m | ^[[36mbench.driver^[[0m:^[[36m_build^[[0m:^[[36m295^[[0m - ^[[34m^[[1m[bench] built incumbent in 2.0s exit=0^[[0m
round18	Run standard candidate checks and paired measurements	2026-10-09T18:54:09.2588362Z ^[[32m2026-10-09 18:54:09.258^[[0m | ^[[34m^[[1mDEBUG   ^[[0m | ^[[36msandbox.bwrap^[[0m:^[[36mrun^[[0m:^[[36m110^[[0m - ^[[34m^[[1m[bwrap] cargo exit=0 in 3.5s^[[0m
round18	Run standard candidate checks and paired measurements	2026-10-09T18:54:09.2590079Z ^[[32m2026-10-09 18:54:09.258^[[0m | ^[[34m^[[1mDEBUG   ^[[0m | ^[[36mbench.driver^[[0m:^[[36m_build^[[0m:^[[36m295^[[0m - ^[[34m^[[1m[bench] built public432 in 3.5s exit=0^[[0m
round18	Run standard candidate checks and paired measurements	2026-10-09T18:54:21.6673019Z ^[[32m2026-10-09 18:54:21.666^[[0m | ^[[34m^[[1mDEBUG   ^[[0m | ^[[36msandbox.bwrap^[[0m:^[[36mrun^[[0m:^[[36m110^[[0m - ^[[34m^[[1m[bwrap] measure exit=0 in 12.4s^[[0m
round18	Run standard candidate checks and paired measurements	2026-10-09T18:54:21.6674611Z ^[[32m2026-10-09 18:54:21.667^[[0m | ^[[34m^[[1mDEBUG   ^[[0m | ^[[36mbench.driver^[[0m:^[[36m_measure^[[0m:^[[36m333^[[0m - ^[[34m^[[1m[bench] measured public432 in 12.4s exit=0^[[0m
round18	Run standard candidate checks and paired measurements	2026-10-09T18:54:21.6762748Z MEASUREMENT {"candidate": "public432", "round": 2, "time": 0.4257140279738306, "size_pct": 36.52435870548103, "parse_s": 0.04261177599999999, "total_s": 0.246262727, "output_bytes": 5376051, "source_sha256": "160d1b3f9edb307a0f97bde13cd972b5f6f0a426dd669515f639e4bfa24ef054"}
round18	Run standard candidate checks and paired measurements	2026-10-09T18:54:21.6766359Z MEASURE_BEGIN 2 r3-432-fast3
round18	Run standard candidate checks and paired measurements	2026-10-09T18:54:21.7180649Z ^[[32m2026-10-09 18:54:21.717^[[0m | ^[[34m^[[1mDEBUG   ^[[0m | ^[[36msandbox.bwrap^[[0m:^[[36mrun^[[0m:^[[36m110^[[0m - ^[[34m^[[1m[bwrap] rustc exit=0 in 0.0s^[[0m
round18	Run standard candidate checks and paired measurements	2026-10-09T18:54:23.6960548Z ^[[32m2026-10-09 18:54:23.695^[[0m | ^[[34m^[[1mDEBUG   ^[[0m | ^[[36msandbox.bwrap^[[0m:^[[36mrun^[[0m:^[[36m110^[[0m - ^[[34m^[[1m[bwrap] cargo exit=0 in 2.0s^[[0m
round18	Run standard candidate checks and paired measurements	2026-10-09T18:54:23.6961963Z ^[[32m2026-10-09 18:54:23.695^[[0m | ^[[34m^[[1mDEBUG   ^[[0m | ^[[36mbench.driver^[[0m:^[[36m_build^[[0m:^[[36m295^[[0m - ^[[34m^[[1m[bench] built incumbent in 2.0s exit=0^[[0m
round18	Run standard candidate checks and paired measurements	2026-10-09T18:54:27.2097313Z ^[[32m2026-10-09 18:54:27.209^[[0m | ^[[34m^[[1mDEBUG   ^[[0m | ^[[36msandbox.bwrap^[[0m:^[[36mrun^[[0m:^[[36m110^[[0m - ^[[34m^[[1m[bwrap] cargo exit=0 in 3.5s^[[0m
round18	Run standard candidate checks and paired measurements	2026-10-09T18:54:27.2098751Z ^[[32m2026-10-09 18:54:27.209^[[0m | ^[[34m^[[1mDEBUG   ^[[0m | ^[[36mbench.driver^[[0m:^[[36m_build^[[0m:^[[36m295^[[0m - ^[[34m^[[1m[bench] built r3-432-fast3 in 3.5s exit=0^[[0m
round18	Run standard candidate checks and paired measurements	2026-10-09T18:54:39.6217326Z ^[[32m2026-10-09 18:54:39.621^[[0m | ^[[34m^[[1mDEBUG   ^[[0m | ^[[36msandbox.bwrap^[[0m:^[[36mrun^[[0m:^[[36m110^[[0m - ^[[34m^[[1m[bwrap] measure exit=0 in 12.4s^[[0m
round18	Run standard candidate checks and paired measurements	2026-10-09T18:54:39.6218464Z ^[[32m2026-10-09 18:54:39.621^[[0m | ^[[34m^[[1mDEBUG   ^[[0m | ^[[36mbench.driver^[[0m:^[[36m_measure^[[0m:^[[36m333^[[0m - ^[[34m^[[1m[bench] measured r3-432-fast3 in 12.4s exit=0^[[0m
round18	Run standard candidate checks and paired measurements	2026-10-09T18:54:39.6304940Z MEASUREMENT {"candidate": "r3-432-fast3", "round": 2, "time": 0.42556030654283883, "size_pct": 36.60213910633018, "parse_s": 0.038618491000000005, "total_s": 0.24603482, "output_bytes": 5410408, "source_sha256": "bae8014121e4710f4a34ce63452578b4bf69121b4f695e1b1356780a019108ef"}
round18	Run standard candidate checks and paired measurements	2026-10-09T18:54:39.6308724Z MEASURE_BEGIN 2 probe3
round18	Run standard candidate checks and paired measurements	2026-10-09T18:54:39.6681934Z ^[[32m2026-10-09 18:54:39.667^[[0m | ^[[34m^[[1mDEBUG   ^[[0m | ^[[36msandbox.bwrap^[[0m:^[[36mrun^[[0m:^[[36m110^[[0m - ^[[34m^[[1m[bwrap] rustc exit=0 in 0.0s^[[0m
round18	Run standard candidate checks and paired measurements	2026-10-09T18:54:41.6532477Z ^[[32m2026-10-09 18:54:41.652^[[0m | ^[[34m^[[1mDEBUG   ^[[0m | ^[[36msandbox.bwrap^[[0m:^[[36mrun^[[0m:^[[36m110^[[0m - ^[[34m^[[1m[bwrap] cargo exit=0 in 2.0s^[[0m
round18	Run standard candidate checks and paired measurements	2026-10-09T18:54:41.6534013Z ^[[32m2026-10-09 18:54:41.653^[[0m | ^[[34m^[[1mDEBUG   ^[[0m | ^[[36mbench.driver^[[0m:^[[36m_build^[[0m:^[[36m295^[[0m - ^[[34m^[[1m[bench] built incumbent in 2.0s exit=0^[[0m
round18	Run standard candidate checks and paired measurements	2026-10-09T18:54:44.5499056Z ^[[32m2026-10-09 18:54:44.549^[[0m | ^[[34m^[[1mDEBUG   ^[[0m | ^[[36msandbox.bwrap^[[0m:^[[36mrun^[[0m:^[[36m110^[[0m - ^[[34m^[[1m[bwrap] cargo exit=0 in 2.9s^[[0m
round18	Run standard candidate checks and paired measurements	2026-10-09T18:54:44.5500680Z ^[[32m2026-10-09 18:54:44.549^[[0m | ^[[34m^[[1mDEBUG   ^[[0m | ^[[36mbench.driver^[[0m:^[[36m_build^[[0m:^[[36m295^[[0m - ^[[34m^[[1m[bench] built probe3 in 2.9s exit=0^[[0m
round18	Run standard candidate checks and paired measurements	2026-10-09T18:54:57.1590779Z ^[[32m2026-10-09 18:54:57.158^[[0m | ^[[34m^[[1mDEBUG   ^[[0m | ^[[36msandbox.bwrap^[[0m:^[[36mrun^[[0m:^[[36m110^[[0m - ^[[34m^[[1m[bwrap] measure exit=0 in 12.6s^[[0m
round18	Run standard candidate checks and paired measurements	2026-10-09T18:54:57.1592328Z ^[[32m2026-10-09 18:54:57.158^[[0m | ^[[34m^[[1mDEBUG   ^[[0m | ^[[36mbench.driver^[[0m:^[[36m_measure^[[0m:^[[36m333^[[0m - ^[[34m^[[1m[bench] measured probe3 in 12.6s exit=0^[[0m
round18	Run standard candidate checks and paired measurements	2026-10-09T18:54:57.1684078Z MEASUREMENT {"candidate": "probe3", "round": 2, "time": 0.45185451946598987, "size_pct": 35.92083771476539, "parse_s": 0.058301804, "total_s": 0.262124764, "output_bytes": 5287026, "source_sha256": "e20ea5a7d2e77821008592faef393855077b9b8ceee244f390a85ac0257e047d"}
round18	Run standard candidate checks and paired measurements	2026-10-09T18:54:57.1749585Z ROUND4_PHASE {"phase": "screen", "summary": [{"candidate": "lazy16", "control": true, "blocks": [1, 2], "time": 0.4261561941325607, "size_pct": 36.0111613751328, "own_anchor": {"time": 0.43650966713423445, "size_pct": 36.45622903151959, "on_frontier": true, "dominating_ids": [], "conditional_geometry_weight": 0.007841784739261537, "size_gap_pp": 0}, "fixed_427": {"time": 0.4322940754524284, "size_pct": 36.26424056202124, "on_frontier": true, "dominating_ids": [], "conditional_geometry_weight": 0.06332396686289607, "size_gap_pp": 0}, "stress_1pct": {"time": 0.4417021661754278, "size_pct": 36.45622903151959, "on_frontier": false, "dominating_ids": ["546"], "conditional_geometry_weight": 0, "size_gap_pp": 0.28035549042774477}, "time_change_pct_vs_fast3": [0.1969740154478039, 0.28685387697309217], "size_change_pp_vs_fast3": -0.590977731197377, "equivalence": null}, {"candidate": "public514", "control": true, "blocks": [1, 2], "time": 0.4220156625565727, "size_pct": 36.20314548923299, "own_anchor": {"time": 0.4322682082556498, "size_pct": 36.65058590774305, "on_frontier": false, "dominating_ids": ["539"], "conditional_geometry_weight": 0, "size_gap_pp": 0.014138503906806932}, "fixed_427": {"time": 0.42809390825043164, "size_pct": 36.45757390179582, "on_frontier": true, "dominating_ids": [], "conditional_geometry_weight": 0.002628560652404002, "size_gap_pp": 0}, "stress_1pct": {"time": 0.4365908903382063, "size_pct": 36.65058590774305, "on_frontier": false, "dominating_ids": ["539", "575", "578"], "conditional_geometry_weight": 0, "size_gap_pp": 0.10025321598044457}, "time_change_pct_vs_fast3": [-0.590050234881434, -0.873642521427509], "size_change_pp_vs_fast3": -0.39899361709719017, "equivalence": null}, {"candidate": "public553", "control": true, "blocks": [1, 2], "time": 0.4265345329272886, "size_pct": 35.92285817991532, "own_anchor": {"time": 0.44285363968810937, "size_pct": 36.34294785824295, "on_frontier": false, "dominating_ids": ["546"], "conditional_geometry_weight": 0, "size_gap_pp": 0.16707431715110488}, "fixed_427": {"time": 0.4326778634196726, "size_pct": 36.17531678973844, "on_frontier": true, "dominating_ids": [], "conditional_geometry_weight": 0.07647673923082318, "size_gap_pp": 0}, "stress_1pct": {"time": 0.4472821760849905, "size_pct": 36.34294785824295, "on_frontier": false, "dominating_ids": ["543", "546"], "conditional_geometry_weight": 0, "size_gap_pp": 0.3075631776953287}, "time_change_pct_vs_fast3": [0.41582371056341216, 0.24625664590367524], "size_change_pp_vs_fast3": -0.6792809264148545, "equivalence": null}, {"candidate": "public553-shadow", "control": true, "blocks": [1, 2], "time": 0.4277774484074952, "size_pct": 35.92285817991532, "own_anchor": {"time": 0.44414403856981277, "size_pct": 36.34294785824295, "on_frontier": false, "dominating_ids": ["546"], "conditional_geometry_weight": 0, "size_gap_pp": 0.16707431715110488}, "fixed_427": {"time": 0.43393868047637435, "size_pct": 36.17531678973844, "on_frontier": true, "dominating_ids": [], "conditional_geometry_weight": 0.060725411030455555, "size_gap_pp": 0}, "stress_1pct": {"time": 0.44899581028600377, "size_pct": 36.34294785824295, "on_frontier": false, "dominating_ids": ["543", "546"], "conditional_geometry_weight": 0, "size_gap_pp": 0.3075631776953287}, "time_change_pct_vs_fast3": [0.6162977681858584, 0.630321612264706], "size_change_pp_vs_fast3": -0.6792809264148545, "equivalence": null}, {"candidate": "r18-553-lookahead", "control": false, "blocks": [1, 2], "time": 0.42959261930954973, "size_pct": 35.82163002592645, "own_anchor": {"time": 0.44602881524562654, "size_pct": 36.24053592031256, "on_frontier": false, "dominating_ids": ["543", "546"], "conditional_geometry_weight": 0, "size_gap_pp": 0.20515123976493754}, "fixed_427": {"time": 0.43577999508753246, "size_pct": 36.07337722467801, "on_frontier": true, "dominating_ids": [], "conditional_geometry_weight": 0.07744917440356576, "size_gap_pp": 0}, "stress_1pct": {"time": 0.451000491848697, "size_pct": 36.24053592031256, "on_frontier": false, "dominating_ids": ["543", "546"], "conditional_geometry_weight": 0, "size_gap_pp": 0.20515123976493754}, "time_change_pct_vs_fast3": [1.250593706311287, 0.8503891042372036], "size_change_pp_vs_fast3": -0.7805090804037249, "equivalence": null}, {"candidate": "r3-432-fast3", "control": true, "blocks": [1, 2], "time": 0.42512755680603104, "size_pct": 36.60213910633018, "own_anchor": {"time": 0.43787345819892, "size_pct": 36.999728556810254, "on_frontier": false, "dominating_ids": ["539", "575", "578"], "conditional_geometry_weight": 0, "size_gap_pp": 0.4493958650476486}, "fixed_427": {"time": 0.4312506227743484, "size_pct": 36.859371565647756, "on_frontier": true, "dominating_ids": [], "conditional_geometry_weight": 0.0001333156768634187, "size_gap_pp": 0}, "stress_1pct": {"time": 0.4422521927809092, "size_pct": 36.999728556810254, "on_frontier": false, "dominating_ids": ["511", "539", "546", "555", "575", "578"], "conditional_geometry_weight": 0, "size_gap_pp": 0.8238550157184079}, "time_change_pct_vs_fast3": [0.0, 0.0], "size_change_pp_vs_fast3": 0.0, "equivalence": null}, {"candidate": "probe3", "control": true, "blocks": [1, 2], "time": 0.45120444502943113, "size_pct": 35.92083771476539, "own_anchor": {"time": 0.46614327772931885, "size_pct": 36.173282125166494, "on_frontier": false, "dominating_ids": ["464", "528", "534", "543", "580"], "conditional_geometry_weight": 0, "size_gap_pp": 0.47576138697611725}, "fixed_427": {"time": 0.45770309358298455, "size_pct": 36.173282125166494, "on_frontier": false, "dominating_ids": ["543", "580"], "conditional_geometry_weight": 0, "size_gap_pp": 0.2389398658880708}, "stress_1pct": {"time": 0.4708047105066121, "size_pct": 36.173282125166494, "on_frontier": false, "dominating_ids": ["464", "528", "534", "543", "580"], "conditional_geometry_weight": 0, "size_gap_pp": 0.47576138697611725}, "time_change_pct_vs_fast3": [6.088975681643838, 6.178727789901184], "size_change_pp_vs_fast3": -0.6813013915647872, "equivalence": null}, {"candidate": "public432", "control": true, "blocks": [1, 2], "time": 0.4259450991339395, "size_pct": 36.52435870548103, "own_anchor": {"time": 0.4413850574969763, "size_pct": 36.91273515631194, "on_frontier": false, "dominating_ids": ["511", "539", "546", "555", "575", "578"], "conditional_geometry_weight": 0, "size_gap_pp": 0.7368616152200929}, "fixed_427": {"time": 0.4320799400754985, "size_pct": 36.781044539812044, "on_frontier": false, "dominating_ids": ["539"], "conditional_geometry_weight": 0, "size_gap_pp": 0.14459713597580048}, "stress_1pct": {"time": 0.4457989080719461, "size_pct": 36.91273515631194, "on_frontier": false, "dominating_ids": ["511", "539", "543", "546", "555", "575", "578"], "conditional_geometry_weight": 0, "size_gap_pp": 0.8773504757643167}, "time_change_pct_vs_fast3": [0.34880653122366656, 0.03612212620123234], "size_change_pp_vs_fast3": -0.07778040084915006, "equivalence": null}], "gates": {}, "failures": []}
round18	Run standard candidate checks and paired measurements	2026-10-09T18:54:57.2830140Z ROUND4_PHASE {"phase": "refine", "summary": [{"candidate": "lazy16", "control": true, "blocks": [1, 2], "time": 0.4261561941325607, "size_pct": 36.0111613751328, "own_anchor": {"time": 0.43650966713423445, "size_pct": 36.45622903151959, "on_frontier": true, "dominating_ids": [], "conditional_geometry_weight": 0.007841784739261537, "size_gap_pp": 0}, "fixed_427": {"time": 0.4322940754524284, "size_pct": 36.26424056202124, "on_frontier": true, "dominating_ids": [], "conditional_geometry_weight": 0.06332396686289607, "size_gap_pp": 0}, "stress_1pct": {"time": 0.4417021661754278, "size_pct": 36.45622903151959, "on_frontier": false, "dominating_ids": ["546"], "conditional_geometry_weight": 0, "size_gap_pp": 0.28035549042774477}, "time_change_pct_vs_fast3": [0.1969740154478039, 0.28685387697309217], "size_change_pp_vs_fast3": -0.590977731197377, "equivalence": null}, {"candidate": "public514", "control": true, "blocks": [1, 2], "time": 0.4220156625565727, "size_pct": 36.20314548923299, "own_anchor": {"time": 0.4322682082556498, "size_pct": 36.65058590774305, "on_frontier": false, "dominating_ids": ["539"], "conditional_geometry_weight": 0, "size_gap_pp": 0.014138503906806932}, "fixed_427": {"time": 0.42809390825043164, "size_pct": 36.45757390179582, "on_frontier": true, "dominating_ids": [], "conditional_geometry_weight": 0.002628560652404002, "size_gap_pp": 0}, "stress_1pct": {"time": 0.4365908903382063, "size_pct": 36.65058590774305, "on_frontier": false, "dominating_ids": ["539", "575", "578"], "conditional_geometry_weight": 0, "size_gap_pp": 0.10025321598044457}, "time_change_pct_vs_fast3": [-0.590050234881434, -0.873642521427509], "size_change_pp_vs_fast3": -0.39899361709719017, "equivalence": null}, {"candidate": "public553", "control": true, "blocks": [1, 2], "time": 0.4265345329272886, "size_pct": 35.92285817991532, "own_anchor": {"time": 0.44285363968810937, "size_pct": 36.34294785824295, "on_frontier": false, "dominating_ids": ["546"], "conditional_geometry_weight": 0, "size_gap_pp": 0.16707431715110488}, "fixed_427": {"time": 0.4326778634196726, "size_pct": 36.17531678973844, "on_frontier": true, "dominating_ids": [], "conditional_geometry_weight": 0.07647673923082318, "size_gap_pp": 0}, "stress_1pct": {"time": 0.4472821760849905, "size_pct": 36.34294785824295, "on_frontier": false, "dominating_ids": ["543", "546"], "conditional_geometry_weight": 0, "size_gap_pp": 0.3075631776953287}, "time_change_pct_vs_fast3": [0.41582371056341216, 0.24625664590367524], "size_change_pp_vs_fast3": -0.6792809264148545, "equivalence": null}, {"candidate": "public553-shadow", "control": true, "blocks": [1, 2], "time": 0.4277774484074952, "size_pct": 35.92285817991532, "own_anchor": {"time": 0.44414403856981277, "size_pct": 36.34294785824295, "on_frontier": false, "dominating_ids": ["546"], "conditional_geometry_weight": 0, "size_gap_pp": 0.16707431715110488}, "fixed_427": {"time": 0.43393868047637435, "size_pct": 36.17531678973844, "on_frontier": true, "dominating_ids": [], "conditional_geometry_weight": 0.060725411030455555, "size_gap_pp": 0}, "stress_1pct": {"time": 0.44899581028600377, "size_pct": 36.34294785824295, "on_frontier": false, "dominating_ids": ["543", "546"], "conditional_geometry_weight": 0, "size_gap_pp": 0.3075631776953287}, "time_change_pct_vs_fast3": [0.6162977681858584, 0.630321612264706], "size_change_pp_vs_fast3": -0.6792809264148545, "equivalence": null}, {"candidate": "r18-553-lookahead", "control": false, "blocks": [1, 2], "time": 0.42959261930954973, "size_pct": 35.82163002592645, "own_anchor": {"time": 0.44602881524562654, "size_pct": 36.24053592031256, "on_frontier": false, "dominating_ids": ["543", "546"], "conditional_geometry_weight": 0, "size_gap_pp": 0.20515123976493754}, "fixed_427": {"time": 0.43577999508753246, "size_pct": 36.07337722467801, "on_frontier": true, "dominating_ids": [], "conditional_geometry_weight": 0.07744917440356576, "size_gap_pp": 0}, "stress_1pct": {"time": 0.451000491848697, "size_pct": 36.24053592031256, "on_frontier": false, "dominating_ids": ["543", "546"], "conditional_geometry_weight": 0, "size_gap_pp": 0.20515123976493754}, "time_change_pct_vs_fast3": [1.250593706311287, 0.8503891042372036], "size_change_pp_vs_fast3": -0.7805090804037249, "equivalence": null}, {"candidate": "r3-432-fast3", "control": true, "blocks": [1, 2], "time": 0.42512755680603104, "size_pct": 36.60213910633018, "own_anchor": {"time": 0.43787345819892, "size_pct": 36.999728556810254, "on_frontier": false, "dominating_ids": ["539", "575", "578"], "conditional_geometry_weight": 0, "size_gap_pp": 0.4493958650476486}, "fixed_427": {"time": 0.4312506227743484, "size_pct": 36.859371565647756, "on_frontier": true, "dominating_ids": [], "conditional_geometry_weight": 0.0001333156768634187, "size_gap_pp": 0}, "stress_1pct": {"time": 0.4422521927809092, "size_pct": 36.999728556810254, "on_frontier": false, "dominating_ids": ["511", "539", "546", "555", "575", "578"], "conditional_geometry_weight": 0, "size_gap_pp": 0.8238550157184079}, "time_change_pct_vs_fast3": [0.0, 0.0], "size_change_pp_vs_fast3": 0.0, "equivalence": null}, {"candidate": "probe3", "control": true, "blocks": [1, 2], "time": 0.45120444502943113, "size_pct": 35.92083771476539, "own_anchor": {"time": 0.46614327772931885, "size_pct": 36.173282125166494, "on_frontier": false, "dominating_ids": ["464", "528", "534", "543", "580"], "conditional_geometry_weight": 0, "size_gap_pp": 0.47576138697611725}, "fixed_427": {"time": 0.45770309358298455, "size_pct": 36.173282125166494, "on_frontier": false, "dominating_ids": ["543", "580"], "conditional_geometry_weight": 0, "size_gap_pp": 0.2389398658880708}, "stress_1pct": {"time": 0.4708047105066121, "size_pct": 36.173282125166494, "on_frontier": false, "dominating_ids": ["464", "528", "534", "543", "580"], "conditional_geometry_weight": 0, "size_gap_pp": 0.47576138697611725}, "time_change_pct_vs_fast3": [6.088975681643838, 6.178727789901184], "size_change_pp_vs_fast3": -0.6813013915647872, "equivalence": null}, {"candidate": "public432", "control": true, "blocks": [1, 2], "time": 0.4259450991339395, "size_pct": 36.52435870548103, "own_anchor": {"time": 0.4413850574969763, "size_pct": 36.91273515631194, "on_frontier": false, "dominating_ids": ["511", "539", "546", "555", "575", "578"], "conditional_geometry_weight": 0, "size_gap_pp": 0.7368616152200929}, "fixed_427": {"time": 0.4320799400754985, "size_pct": 36.781044539812044, "on_frontier": false, "dominating_ids": ["539"], "conditional_geometry_weight": 0, "size_gap_pp": 0.14459713597580048}, "stress_1pct": {"time": 0.4457989080719461, "size_pct": 36.91273515631194, "on_frontier": false, "dominating_ids": ["511", "539", "543", "546", "555", "575", "578"], "conditional_geometry_weight": 0, "size_gap_pp": 0.8773504757643167}, "time_change_pct_vs_fast3": [0.34880653122366656, 0.03612212620123234], "size_change_pp_vs_fast3": -0.07778040084915006, "equivalence": null}], "gates": {}, "failures": []}
round18	Run standard candidate checks and paired measurements	2026-10-09T18:54:57.3892818Z ROUND4_PHASE {"phase": "gate", "summary": [{"candidate": "lazy16", "control": true, "blocks": [1, 2], "time": 0.4261561941325607, "size_pct": 36.0111613751328, "own_anchor": {"time": 0.43650966713423445, "size_pct": 36.45622903151959, "on_frontier": true, "dominating_ids": [], "conditional_geometry_weight": 0.007841784739261537, "size_gap_pp": 0}, "fixed_427": {"time": 0.4322940754524284, "size_pct": 36.26424056202124, "on_frontier": true, "dominating_ids": [], "conditional_geometry_weight": 0.06332396686289607, "size_gap_pp": 0}, "stress_1pct": {"time": 0.4417021661754278, "size_pct": 36.45622903151959, "on_frontier": false, "dominating_ids": ["546"], "conditional_geometry_weight": 0, "size_gap_pp": 0.28035549042774477}, "time_change_pct_vs_fast3": [0.1969740154478039, 0.28685387697309217], "size_change_pp_vs_fast3": -0.590977731197377, "equivalence": null}, {"candidate": "public514", "control": true, "blocks": [1, 2], "time": 0.4220156625565727, "size_pct": 36.20314548923299, "own_anchor": {"time": 0.4322682082556498, "size_pct": 36.65058590774305, "on_frontier": false, "dominating_ids": ["539"], "conditional_geometry_weight": 0, "size_gap_pp": 0.014138503906806932}, "fixed_427": {"time": 0.42809390825043164, "size_pct": 36.45757390179582, "on_frontier": true, "dominating_ids": [], "conditional_geometry_weight": 0.002628560652404002, "size_gap_pp": 0}, "stress_1pct": {"time": 0.4365908903382063, "size_pct": 36.65058590774305, "on_frontier": false, "dominating_ids": ["539", "575", "578"], "conditional_geometry_weight": 0, "size_gap_pp": 0.10025321598044457}, "time_change_pct_vs_fast3": [-0.590050234881434, -0.873642521427509], "size_change_pp_vs_fast3": -0.39899361709719017, "equivalence": null}, {"candidate": "public553", "control": true, "blocks": [1, 2], "time": 0.4265345329272886, "size_pct": 35.92285817991532, "own_anchor": {"time": 0.44285363968810937, "size_pct": 36.34294785824295, "on_frontier": false, "dominating_ids": ["546"], "conditional_geometry_weight": 0, "size_gap_pp": 0.16707431715110488}, "fixed_427": {"time": 0.4326778634196726, "size_pct": 36.17531678973844, "on_frontier": true, "dominating_ids": [], "conditional_geometry_weight": 0.07647673923082318, "size_gap_pp": 0}, "stress_1pct": {"time": 0.4472821760849905, "size_pct": 36.34294785824295, "on_frontier": false, "dominating_ids": ["543", "546"], "conditional_geometry_weight": 0, "size_gap_pp": 0.3075631776953287}, "time_change_pct_vs_fast3": [0.41582371056341216, 0.24625664590367524], "size_change_pp_vs_fast3": -0.6792809264148545, "equivalence": null}, {"candidate": "public553-shadow", "control": true, "blocks": [1, 2], "time": 0.4277774484074952, "size_pct": 35.92285817991532, "own_anchor": {"time": 0.44414403856981277, "size_pct": 36.34294785824295, "on_frontier": false, "dominating_ids": ["546"], "conditional_geometry_weight": 0, "size_gap_pp": 0.16707431715110488}, "fixed_427": {"time": 0.43393868047637435, "size_pct": 36.17531678973844, "on_frontier": true, "dominating_ids": [], "conditional_geometry_weight": 0.060725411030455555, "size_gap_pp": 0}, "stress_1pct": {"time": 0.44899581028600377, "size_pct": 36.34294785824295, "on_frontier": false, "dominating_ids": ["543", "546"], "conditional_geometry_weight": 0, "size_gap_pp": 0.3075631776953287}, "time_change_pct_vs_fast3": [0.6162977681858584, 0.630321612264706], "size_change_pp_vs_fast3": -0.6792809264148545, "equivalence": null}, {"candidate": "r18-553-lookahead", "control": false, "blocks": [1, 2], "time": 0.42959261930954973, "size_pct": 35.82163002592645, "own_anchor": {"time": 0.44602881524562654, "size_pct": 36.24053592031256, "on_frontier": false, "dominating_ids": ["543", "546"], "conditional_geometry_weight": 0, "size_gap_pp": 0.20515123976493754}, "fixed_427": {"time": 0.43577999508753246, "size_pct": 36.07337722467801, "on_frontier": true, "dominating_ids": [], "conditional_geometry_weight": 0.07744917440356576, "size_gap_pp": 0}, "stress_1pct": {"time": 0.451000491848697, "size_pct": 36.24053592031256, "on_frontier": false, "dominating_ids": ["543", "546"], "conditional_geometry_weight": 0, "size_gap_pp": 0.20515123976493754}, "time_change_pct_vs_fast3": [1.250593706311287, 0.8503891042372036], "size_change_pp_vs_fast3": -0.7805090804037249, "equivalence": null}, {"candidate": "r3-432-fast3", "control": true, "blocks": [1, 2], "time": 0.42512755680603104, "size_pct": 36.60213910633018, "own_anchor": {"time": 0.43787345819892, "size_pct": 36.999728556810254, "on_frontier": false, "dominating_ids": ["539", "575", "578"], "conditional_geometry_weight": 0, "size_gap_pp": 0.4493958650476486}, "fixed_427": {"time": 0.4312506227743484, "size_pct": 36.859371565647756, "on_frontier": true, "dominating_ids": [], "conditional_geometry_weight": 0.0001333156768634187, "size_gap_pp": 0}, "stress_1pct": {"time": 0.4422521927809092, "size_pct": 36.999728556810254, "on_frontier": false, "dominating_ids": ["511", "539", "546", "555", "575", "578"], "conditional_geometry_weight": 0, "size_gap_pp": 0.8238550157184079}, "time_change_pct_vs_fast3": [0.0, 0.0], "size_change_pp_vs_fast3": 0.0, "equivalence": null}, {"candidate": "probe3", "control": true, "blocks": [1, 2], "time": 0.45120444502943113, "size_pct": 35.92083771476539, "own_anchor": {"time": 0.46614327772931885, "size_pct": 36.173282125166494, "on_frontier": false, "dominating_ids": ["464", "528", "534", "543", "580"], "conditional_geometry_weight": 0, "size_gap_pp": 0.47576138697611725}, "fixed_427": {"time": 0.45770309358298455, "size_pct": 36.173282125166494, "on_frontier": false, "dominating_ids": ["543", "580"], "conditional_geometry_weight": 0, "size_gap_pp": 0.2389398658880708}, "stress_1pct": {"time": 0.4708047105066121, "size_pct": 36.173282125166494, "on_frontier": false, "dominating_ids": ["464", "528", "534", "543", "580"], "conditional_geometry_weight": 0, "size_gap_pp": 0.47576138697611725}, "time_change_pct_vs_fast3": [6.088975681643838, 6.178727789901184], "size_change_pp_vs_fast3": -0.6813013915647872, "equivalence": null}, {"candidate": "public432", "control": true, "blocks": [1, 2], "time": 0.4259450991339395, "size_pct": 36.52435870548103, "own_anchor": {"time": 0.4413850574969763, "size_pct": 36.91273515631194, "on_frontier": false, "dominating_ids": ["511", "539", "546", "555", "575", "578"], "conditional_geometry_weight": 0, "size_gap_pp": 0.7368616152200929}, "fixed_427": {"time": 0.4320799400754985, "size_pct": 36.781044539812044, "on_frontier": false, "dominating_ids": ["539"], "conditional_geometry_weight": 0, "size_gap_pp": 0.14459713597580048}, "stress_1pct": {"time": 0.4457989080719461, "size_pct": 36.91273515631194, "on_frontier": false, "dominating_ids": ["511", "539", "543", "546", "555", "575", "578"], "conditional_geometry_weight": 0, "size_gap_pp": 0.8773504757643167}, "time_change_pct_vs_fast3": [0.34880653122366656, 0.03612212620123234], "size_change_pp_vs_fast3": -0.07778040084915006, "equivalence": null}], "gates": {}, "failures": []}
round18	Preserve all original text evidence	﻿2026-10-09T18:54:57.4093109Z ##[group]Run actions/upload-artifact@ea165f8d65b6e75b540449e92b4886f43607fa02
round18	Preserve all original text evidence	2026-10-09T18:54:57.4093482Z with:
round18	Preserve all original text evidence	2026-10-09T18:54:57.4093752Z   name: r18-37975340862-screen-n-gate
round18	Preserve all original text evidence	2026-10-09T18:54:57.4094081Z   path: /home/runner/work/_temp/round4-receipts/
round18	Preserve all original text evidence	2026-10-09T18:54:57.4094389Z   retention-days: 1
round18	Preserve all original text evidence	2026-10-09T18:54:57.4094651Z   compression-level: 9
round18	Preserve all original text evidence	2026-10-09T18:54:57.4094904Z   if-no-files-found: warn
round18	Preserve all original text evidence	2026-10-09T18:54:57.4095166Z   overwrite: false
round18	Preserve all original text evidence	2026-10-09T18:54:57.4095538Z   include-hidden-files: false
round18	Preserve all original text evidence	2026-10-09T18:54:57.4096058Z env:
round18	Preserve all original text evidence	2026-10-09T18:54:57.4096297Z   ROUND4_SPEC: screen-n
round18	Preserve all original text evidence	2026-10-09T18:54:57.4096552Z   ROUND4_SPEC_DIR: evidence/round18
round18	Preserve all original text evidence	2026-10-09T18:54:57.4096836Z   ROUND18_MODE: standard
round18	Preserve all original text evidence	2026-10-09T18:54:57.4097148Z   DEFLATE_ROOT: /home/runner/work/_temp/deflate-upstream
round18	Preserve all original text evidence	2026-10-09T18:54:57.4097525Z   ELAN_HOME: /home/runner/work/_temp/deflate-upstream/validator/.work/elan
round18	Preserve all original text evidence	2026-10-09T18:54:57.4097926Z   XDG_CACHE_HOME: /home/runner/work/_temp/deflate-cache
round18	Preserve all original text evidence	2026-10-09T18:54:57.4098333Z   UV_CACHE_DIR: /home/runner/work/_temp/deflate-cache/uv
round18	Preserve all original text evidence	2026-10-09T18:54:57.4098664Z   XDG_RUNTIME_DIR: /run/user/1001
round18	Preserve all original text evidence	2026-10-09T18:54:57.4098983Z   DBUS_SESSION_BUS_ADDRESS: unix:path=/run/user/1001/bus
round18	Preserve all original text evidence	2026-10-09T18:54:57.4099327Z   VERIFY_CORPUS: corpus-stage1
round18	Preserve all original text evidence	2026-10-09T18:54:57.4099587Z   VERIFY_SANDBOX: bwrap
round18	Preserve all original text evidence	2026-10-09T18:54:57.4099925Z   GIT_TERMINAL_PROMPT: 0
round18	Preserve all original text evidence	2026-10-09T18:54:57.4100206Z ##[endgroup]
round18	Preserve all original text evidence	2026-10-09T18:54:57.7634858Z (node:7035) [DEP0040] DeprecationWarning: The `punycode` module is deprecated. Please use a userland alternative instead.
round18	Preserve all original text evidence	2026-10-09T18:54:57.7635876Z (Use `node --trace-deprecation ...` to show where the warning was created)
round18	Preserve all original text evidence	2026-10-09T18:54:57.7784487Z With the provided path, there will be 33 files uploaded
round18	Preserve all original text evidence	2026-10-09T18:54:57.7785046Z Artifact name is valid!
round18	Preserve all original text evidence	2026-10-09T18:54:57.7785329Z Root directory input is valid!
round18	Preserve all original text evidence	2026-10-09T18:54:58.0635205Z Beginning upload of artifact content to blob storage
round18	Preserve all original text evidence	2026-10-09T18:54:58.2252762Z (node:7035) [DEP0169] DeprecationWarning: `url.parse()` behavior is not standardized and prone to errors that have security implications. Use the WHATWG URL API instead. CVEs are not issued for `url.parse()` vulnerabilities.
round18	Preserve all original text evidence	2026-10-09T18:54:58.4881767Z Uploaded bytes 475090
round18	Preserve all original text evidence	2026-10-09T18:54:58.5262694Z Finished uploading artifact content to blob storage!
round18	Preserve all original text evidence	2026-10-09T18:54:58.5263458Z SHA256 digest of uploaded artifact zip is 882fabb871f93f559736d17212c08941ff9026387d8df9f2326d03485c3e4adc
round18	Preserve all original text evidence	2026-10-09T18:54:58.5264671Z Finalizing artifact upload
round18	Preserve all original text evidence	2026-10-09T18:54:58.7574921Z Artifact r18-37975340862-screen-n-gate.zip successfully finalized. Artifact ID 11639506330
round18	Preserve all original text evidence	2026-10-09T18:54:58.7576174Z Artifact r18-37975340862-screen-n-gate has been successfully uploaded! Final size is 475090 bytes. Artifact ID is 11639506330
round18	Preserve all original text evidence	2026-10-09T18:54:58.7578668Z Artifact download URL: https://github.com/HuanHuanHuanFFF/Miner/actions/runs/37975340862/artifacts/11639506330
round18	Post Run actions/checkout@11d5960a326750d5838078e36cf38b85af677262	﻿2026-10-09T18:54:58.7745324Z Post job cleanup.
round18	Post Run actions/checkout@11d5960a326750d5838078e36cf38b85af677262	2026-10-09T18:54:58.8431758Z [command]/usr/bin/git version
round18	Post Run actions/checkout@11d5960a326750d5838078e36cf38b85af677262	2026-10-09T18:54:58.8472283Z git version 2.55.0
round18	Post Run actions/checkout@11d5960a326750d5838078e36cf38b85af677262	2026-10-09T18:54:58.8508794Z Temporarily overriding HOME='/home/runner/work/_temp/d210f31d-69b8-45e3-a792-2d8232aeb23d' before making global git config changes
round18	Post Run actions/checkout@11d5960a326750d5838078e36cf38b85af677262	2026-10-09T18:54:58.8510263Z Adding repository directory to the temporary git global config as a safe directory
round18	Post Run actions/checkout@11d5960a326750d5838078e36cf38b85af677262	2026-10-09T18:54:58.8514307Z [command]/usr/bin/git config --global --add safe.directory /home/runner/work/Miner/Miner
round18	Post Run actions/checkout@11d5960a326750d5838078e36cf38b85af677262	2026-10-09T18:54:58.8542945Z [command]/usr/bin/git config --local --name-only --get-regexp core\.sshCommand
round18	Post Run actions/checkout@11d5960a326750d5838078e36cf38b85af677262	2026-10-09T18:54:58.8569293Z [command]/usr/bin/git submodule foreach --recursive sh -c "git config --local --name-only --get-regexp 'core\.sshCommand' && git config --local --unset-all 'core.sshCommand' || :"
round18	Post Run actions/checkout@11d5960a326750d5838078e36cf38b85af677262	2026-10-09T18:54:58.8788309Z [command]/usr/bin/git config --local --name-only --get-regexp http\.https\:\/\/github\.com\/\.extraheader
round18	Post Run actions/checkout@11d5960a326750d5838078e36cf38b85af677262	2026-10-09T18:54:58.8813458Z [command]/usr/bin/git submodule foreach --recursive sh -c "git config --local --name-only --get-regexp 'http\.https\:\/\/github\.com\/\.extraheader' && git config --local --unset-all 'http.https://github.com/.extraheader' || :"
round18	Post Run actions/checkout@11d5960a326750d5838078e36cf38b85af677262	2026-10-09T18:54:58.9000523Z [command]/usr/bin/git config --local --name-only --get-regexp ^includeIf\.gitdir:
round18	Post Run actions/checkout@11d5960a326750d5838078e36cf38b85af677262	2026-10-09T18:54:58.9025895Z [command]/usr/bin/git submodule foreach --recursive git config --local --show-origin --name-only --get-regexp remote.origin.url
round18	Complete job	﻿2026-10-09T18:54:58.9347524Z Cleaning up orphan processes
round18	Complete job	2026-10-09T18:54:58.9654863Z ##[warning]Node.js 20 is deprecated. The following actions target Node.js 20 but are being forced to run on Node.js 24: actions/checkout@11d5960a326750d5838078e36cf38b85af677262, actions/upload-artifact@ea165f8d65b6e75b540449e92b4886f43607fa02. For more information see: https://github.blog/changelog/2025-09-19-deprecation-of-node-20-on-github-actions-runners/
