fast-j	Set up job	﻿2026-10-08T05:55:11.1296313Z Current runner version: '2.337.0'
fast-j	Set up job	2026-10-08T05:55:11.1313373Z ##[group]Runner Image Provisioner
fast-j	Set up job	2026-10-08T05:55:11.1313969Z Hosted Compute Agent
fast-j	Set up job	2026-10-08T05:55:11.1314346Z Version: 20261002.596
fast-j	Set up job	2026-10-08T05:55:11.1314753Z Commit: c3d12f3313a95f25162a1503be624f3b0617f8c0
fast-j	Set up job	2026-10-08T05:55:11.1315204Z Build Date: 2026-10-02T22:28:27Z
fast-j	Set up job	2026-10-08T05:55:11.1315588Z Worker ID: {36aa7535-f381-4c54-986e-6945d5dc5b4f}
fast-j	Set up job	2026-10-08T05:55:11.1316041Z Region: centralus
fast-j	Set up job	2026-10-08T05:55:11.1316541Z Cloud: Azure
fast-j	Set up job	2026-10-08T05:55:11.1317159Z ##[endgroup]
fast-j	Set up job	2026-10-08T05:55:11.1318051Z ##[group]Operating System
fast-j	Set up job	2026-10-08T05:55:11.1318403Z Ubuntu
fast-j	Set up job	2026-10-08T05:55:11.1318755Z 24.04.5
fast-j	Set up job	2026-10-08T05:55:11.1319087Z LTS
fast-j	Set up job	2026-10-08T05:55:11.1319414Z ##[endgroup]
fast-j	Set up job	2026-10-08T05:55:11.1319777Z ##[group]Runner Image
fast-j	Set up job	2026-10-08T05:55:11.1320147Z Image: ubuntu-24.04
fast-j	Set up job	2026-10-08T05:55:11.1320515Z Version: 20261004.327.1
fast-j	Set up job	2026-10-08T05:55:11.1321108Z Included Software: https://github.com/actions/runner-images/blob/ubuntu24/20261004.327/images/ubuntu/Ubuntu2404-Readme.md
fast-j	Set up job	2026-10-08T05:55:11.1322153Z Image Release: https://github.com/actions/runner-images/releases/tag/ubuntu24%2F20261004.327
fast-j	Set up job	2026-10-08T05:55:11.1322698Z ##[endgroup]
fast-j	Set up job	2026-10-08T05:55:11.1323373Z ##[group]GITHUB_TOKEN Permissions
fast-j	Set up job	2026-10-08T05:55:11.1324643Z Contents: read
fast-j	Set up job	2026-10-08T05:55:11.1325060Z Metadata: read
fast-j	Set up job	2026-10-08T05:55:11.1325388Z ##[endgroup]
fast-j	Set up job	2026-10-08T05:55:11.1326851Z Secret source: Actions
fast-j	Set up job	2026-10-08T05:55:11.1327476Z Cache mode: write
fast-j	Set up job	2026-10-08T05:55:11.1328012Z Prepare workflow directory
fast-j	Set up job	2026-10-08T05:55:11.1654185Z Prepare all required actions
fast-j	Set up job	2026-10-08T05:55:11.1684695Z Getting action download info
fast-j	Set up job	2026-10-08T05:55:11.3731011Z Download action repository 'actions/checkout@11d5960a326750d5838078e36cf38b85af677262' (SHA:11d5960a326750d5838078e36cf38b85af677262)
fast-j	Set up job	2026-10-08T05:55:11.4450602Z Download action repository 'actions/upload-artifact@ea165f8d65b6e75b540449e92b4886f43607fa02' (SHA:ea165f8d65b6e75b540449e92b4886f43607fa02)
fast-j	Set up job	2026-10-08T05:55:11.6337745Z Complete job name: fast-j
fast-j	Run actions/checkout@11d5960a326750d5838078e36cf38b85af677262	﻿2026-10-08T05:55:11.6762600Z ##[group]Run actions/checkout@11d5960a326750d5838078e36cf38b85af677262
fast-j	Run actions/checkout@11d5960a326750d5838078e36cf38b85af677262	2026-10-08T05:55:11.6763122Z with:
fast-j	Run actions/checkout@11d5960a326750d5838078e36cf38b85af677262	2026-10-08T05:55:11.6763349Z   persist-credentials: false
fast-j	Run actions/checkout@11d5960a326750d5838078e36cf38b85af677262	2026-10-08T05:55:11.6763622Z   repository: HuanHuanHuanFFF/Miner
fast-j	Run actions/checkout@11d5960a326750d5838078e36cf38b85af677262	2026-10-08T05:55:11.6765558Z   token: ***
fast-j	Run actions/checkout@11d5960a326750d5838078e36cf38b85af677262	2026-10-08T05:55:11.6765775Z   ssh-strict: true
fast-j	Run actions/checkout@11d5960a326750d5838078e36cf38b85af677262	2026-10-08T05:55:11.6765997Z   ssh-user: git
fast-j	Run actions/checkout@11d5960a326750d5838078e36cf38b85af677262	2026-10-08T05:55:11.6766212Z   clean: true
fast-j	Run actions/checkout@11d5960a326750d5838078e36cf38b85af677262	2026-10-08T05:55:11.6766568Z   sparse-checkout-cone-mode: true
fast-j	Run actions/checkout@11d5960a326750d5838078e36cf38b85af677262	2026-10-08T05:55:11.6766836Z   fetch-depth: 1
fast-j	Run actions/checkout@11d5960a326750d5838078e36cf38b85af677262	2026-10-08T05:55:11.6767055Z   fetch-tags: false
fast-j	Run actions/checkout@11d5960a326750d5838078e36cf38b85af677262	2026-10-08T05:55:11.6767284Z   show-progress: true
fast-j	Run actions/checkout@11d5960a326750d5838078e36cf38b85af677262	2026-10-08T05:55:11.6767514Z   lfs: false
fast-j	Run actions/checkout@11d5960a326750d5838078e36cf38b85af677262	2026-10-08T05:55:11.6767723Z   submodules: false
fast-j	Run actions/checkout@11d5960a326750d5838078e36cf38b85af677262	2026-10-08T05:55:11.6767954Z   set-safe-directory: true
fast-j	Run actions/checkout@11d5960a326750d5838078e36cf38b85af677262	2026-10-08T05:55:11.6768211Z   allow-unsafe-pr-checkout: false
fast-j	Run actions/checkout@11d5960a326750d5838078e36cf38b85af677262	2026-10-08T05:55:11.6768541Z env:
fast-j	Run actions/checkout@11d5960a326750d5838078e36cf38b85af677262	2026-10-08T05:55:11.6768745Z   ROUND4_SPEC: fast-j
fast-j	Run actions/checkout@11d5960a326750d5838078e36cf38b85af677262	2026-10-08T05:55:11.6768987Z   ROUND4_SPEC_DIR: evidence/round11
fast-j	Run actions/checkout@11d5960a326750d5838078e36cf38b85af677262	2026-10-08T05:55:11.6769265Z ##[endgroup]
fast-j	Run actions/checkout@11d5960a326750d5838078e36cf38b85af677262	2026-10-08T05:55:11.7401283Z Syncing repository: HuanHuanHuanFFF/Miner
fast-j	Run actions/checkout@11d5960a326750d5838078e36cf38b85af677262	2026-10-08T05:55:11.7402933Z ##[group]Getting Git version info
fast-j	Run actions/checkout@11d5960a326750d5838078e36cf38b85af677262	2026-10-08T05:55:11.7403479Z Working directory is '/home/runner/work/Miner/Miner'
fast-j	Run actions/checkout@11d5960a326750d5838078e36cf38b85af677262	2026-10-08T05:55:11.7404268Z [command]/usr/bin/git version
fast-j	Run actions/checkout@11d5960a326750d5838078e36cf38b85af677262	2026-10-08T05:55:11.7480101Z git version 2.55.0
fast-j	Run actions/checkout@11d5960a326750d5838078e36cf38b85af677262	2026-10-08T05:55:11.7493248Z ##[endgroup]
fast-j	Run actions/checkout@11d5960a326750d5838078e36cf38b85af677262	2026-10-08T05:55:11.7508005Z Temporarily overriding HOME='/home/runner/work/_temp/831623d9-0282-45bc-9e8a-a6c1c7629a28' before making global git config changes
fast-j	Run actions/checkout@11d5960a326750d5838078e36cf38b85af677262	2026-10-08T05:55:11.7511933Z Adding repository directory to the temporary git global config as a safe directory
fast-j	Run actions/checkout@11d5960a326750d5838078e36cf38b85af677262	2026-10-08T05:55:11.7512514Z [command]/usr/bin/git config --global --add safe.directory /home/runner/work/Miner/Miner
fast-j	Run actions/checkout@11d5960a326750d5838078e36cf38b85af677262	2026-10-08T05:55:11.7560135Z Deleting the contents of '/home/runner/work/Miner/Miner'
fast-j	Run actions/checkout@11d5960a326750d5838078e36cf38b85af677262	2026-10-08T05:55:11.7568316Z ##[group]Initializing the repository
fast-j	Run actions/checkout@11d5960a326750d5838078e36cf38b85af677262	2026-10-08T05:55:11.7568824Z [command]/usr/bin/git init /home/runner/work/Miner/Miner
fast-j	Run actions/checkout@11d5960a326750d5838078e36cf38b85af677262	2026-10-08T05:55:11.7665651Z hint: Using 'master' as the name for the initial branch. This default branch name
fast-j	Run actions/checkout@11d5960a326750d5838078e36cf38b85af677262	2026-10-08T05:55:11.7666652Z hint: will change to "main" in Git 3.0. To configure the initial branch name
fast-j	Run actions/checkout@11d5960a326750d5838078e36cf38b85af677262	2026-10-08T05:55:11.7671197Z hint: to use in all of your new repositories, which will suppress this warning,
fast-j	Run actions/checkout@11d5960a326750d5838078e36cf38b85af677262	2026-10-08T05:55:11.7671958Z hint: call:
fast-j	Run actions/checkout@11d5960a326750d5838078e36cf38b85af677262	2026-10-08T05:55:11.7672570Z hint:
fast-j	Run actions/checkout@11d5960a326750d5838078e36cf38b85af677262	2026-10-08T05:55:11.7672983Z hint: 	git config --global init.defaultBranch <name>
fast-j	Run actions/checkout@11d5960a326750d5838078e36cf38b85af677262	2026-10-08T05:55:11.7673471Z hint:
fast-j	Run actions/checkout@11d5960a326750d5838078e36cf38b85af677262	2026-10-08T05:55:11.7673917Z hint: Names commonly chosen instead of 'master' are 'main', 'trunk' and
fast-j	Run actions/checkout@11d5960a326750d5838078e36cf38b85af677262	2026-10-08T05:55:11.7674783Z hint: 'development'. The just-created branch can be renamed via this command:
fast-j	Run actions/checkout@11d5960a326750d5838078e36cf38b85af677262	2026-10-08T05:55:11.7675450Z hint:
fast-j	Run actions/checkout@11d5960a326750d5838078e36cf38b85af677262	2026-10-08T05:55:11.7681237Z hint: 	git branch -m <name>
fast-j	Run actions/checkout@11d5960a326750d5838078e36cf38b85af677262	2026-10-08T05:55:11.7681702Z hint:
fast-j	Run actions/checkout@11d5960a326750d5838078e36cf38b85af677262	2026-10-08T05:55:11.7682221Z hint: Disable this message with "git config set advice.defaultBranchName false"
fast-j	Run actions/checkout@11d5960a326750d5838078e36cf38b85af677262	2026-10-08T05:55:11.7682987Z Initialized empty Git repository in /home/runner/work/Miner/Miner/.git/
fast-j	Run actions/checkout@11d5960a326750d5838078e36cf38b85af677262	2026-10-08T05:55:11.7684698Z [command]/usr/bin/git remote add origin https://github.com/HuanHuanHuanFFF/Miner
fast-j	Run actions/checkout@11d5960a326750d5838078e36cf38b85af677262	2026-10-08T05:55:11.7729836Z ##[endgroup]
fast-j	Run actions/checkout@11d5960a326750d5838078e36cf38b85af677262	2026-10-08T05:55:11.7730516Z ##[group]Disabling automatic garbage collection
fast-j	Run actions/checkout@11d5960a326750d5838078e36cf38b85af677262	2026-10-08T05:55:11.7732951Z [command]/usr/bin/git config --local gc.auto 0
fast-j	Run actions/checkout@11d5960a326750d5838078e36cf38b85af677262	2026-10-08T05:55:11.7761378Z ##[endgroup]
fast-j	Run actions/checkout@11d5960a326750d5838078e36cf38b85af677262	2026-10-08T05:55:11.7761994Z ##[group]Setting up auth
fast-j	Run actions/checkout@11d5960a326750d5838078e36cf38b85af677262	2026-10-08T05:55:11.7766506Z [command]/usr/bin/git config --local --name-only --get-regexp core\.sshCommand
fast-j	Run actions/checkout@11d5960a326750d5838078e36cf38b85af677262	2026-10-08T05:55:11.7799783Z [command]/usr/bin/git submodule foreach --recursive sh -c "git config --local --name-only --get-regexp 'core\.sshCommand' && git config --local --unset-all 'core.sshCommand' || :"
fast-j	Run actions/checkout@11d5960a326750d5838078e36cf38b85af677262	2026-10-08T05:55:11.8080156Z [command]/usr/bin/git config --local --name-only --get-regexp http\.https\:\/\/github\.com\/\.extraheader
fast-j	Run actions/checkout@11d5960a326750d5838078e36cf38b85af677262	2026-10-08T05:55:11.8108188Z [command]/usr/bin/git submodule foreach --recursive sh -c "git config --local --name-only --get-regexp 'http\.https\:\/\/github\.com\/\.extraheader' && git config --local --unset-all 'http.https://github.com/.extraheader' || :"
fast-j	Run actions/checkout@11d5960a326750d5838078e36cf38b85af677262	2026-10-08T05:55:11.8271035Z [command]/usr/bin/git config --local --name-only --get-regexp ^includeIf\.gitdir:
fast-j	Run actions/checkout@11d5960a326750d5838078e36cf38b85af677262	2026-10-08T05:55:11.8297694Z [command]/usr/bin/git submodule foreach --recursive git config --local --show-origin --name-only --get-regexp remote.origin.url
fast-j	Run actions/checkout@11d5960a326750d5838078e36cf38b85af677262	2026-10-08T05:55:11.8460223Z [command]/usr/bin/git config --local http.https://github.com/.extraheader AUTHORIZATION: basic ***
fast-j	Run actions/checkout@11d5960a326750d5838078e36cf38b85af677262	2026-10-08T05:55:11.8492193Z ##[endgroup]
fast-j	Run actions/checkout@11d5960a326750d5838078e36cf38b85af677262	2026-10-08T05:55:11.8492610Z ##[group]Fetching the repository
fast-j	Run actions/checkout@11d5960a326750d5838078e36cf38b85af677262	2026-10-08T05:55:11.8497964Z [command]/usr/bin/git -c protocol.version=2 fetch --no-tags --prune --no-recurse-submodules --depth=1 origin +6a4bfa9db8eda243653139c665524ea67053a6f3:refs/remotes/origin/codex/round11-frontier
fast-j	Run actions/checkout@11d5960a326750d5838078e36cf38b85af677262	2026-10-08T05:55:19.8257469Z From https://github.com/HuanHuanHuanFFF/Miner
fast-j	Run actions/checkout@11d5960a326750d5838078e36cf38b85af677262	2026-10-08T05:55:19.8259289Z  * [new ref]         6a4bfa9db8eda243653139c665524ea67053a6f3 -> origin/codex/round11-frontier
fast-j	Run actions/checkout@11d5960a326750d5838078e36cf38b85af677262	2026-10-08T05:55:19.8263139Z ##[endgroup]
fast-j	Run actions/checkout@11d5960a326750d5838078e36cf38b85af677262	2026-10-08T05:55:19.8264357Z ##[group]Determining the checkout info
fast-j	Run actions/checkout@11d5960a326750d5838078e36cf38b85af677262	2026-10-08T05:55:19.8265643Z ##[endgroup]
fast-j	Run actions/checkout@11d5960a326750d5838078e36cf38b85af677262	2026-10-08T05:55:19.8267089Z [command]/usr/bin/git sparse-checkout disable
fast-j	Run actions/checkout@11d5960a326750d5838078e36cf38b85af677262	2026-10-08T05:55:19.8315408Z [command]/usr/bin/git config --local --unset-all extensions.worktreeConfig
fast-j	Run actions/checkout@11d5960a326750d5838078e36cf38b85af677262	2026-10-08T05:55:19.8343169Z ##[group]Checking out the ref
fast-j	Run actions/checkout@11d5960a326750d5838078e36cf38b85af677262	2026-10-08T05:55:19.8346599Z [command]/usr/bin/git checkout --progress --force -B codex/round11-frontier refs/remotes/origin/codex/round11-frontier
fast-j	Run actions/checkout@11d5960a326750d5838078e36cf38b85af677262	2026-10-08T05:55:20.8485282Z Updating files:  90% (5343/5926)
fast-j	Run actions/checkout@11d5960a326750d5838078e36cf38b85af677262	2026-10-08T05:55:20.8541147Z Updating files:  91% (5393/5926)
fast-j	Run actions/checkout@11d5960a326750d5838078e36cf38b85af677262	2026-10-08T05:55:20.8613695Z Updating files:  92% (5452/5926)
fast-j	Run actions/checkout@11d5960a326750d5838078e36cf38b85af677262	2026-10-08T05:55:20.8691112Z Updating files:  93% (5512/5926)
fast-j	Run actions/checkout@11d5960a326750d5838078e36cf38b85af677262	2026-10-08T05:55:20.8738813Z Updating files:  94% (5571/5926)
fast-j	Run actions/checkout@11d5960a326750d5838078e36cf38b85af677262	2026-10-08T05:55:20.8800714Z Updating files:  95% (5630/5926)
fast-j	Run actions/checkout@11d5960a326750d5838078e36cf38b85af677262	2026-10-08T05:55:20.8889717Z Updating files:  96% (5689/5926)
fast-j	Run actions/checkout@11d5960a326750d5838078e36cf38b85af677262	2026-10-08T05:55:20.8975653Z Updating files:  97% (5749/5926)
fast-j	Run actions/checkout@11d5960a326750d5838078e36cf38b85af677262	2026-10-08T05:55:20.9053445Z Updating files:  98% (5808/5926)
fast-j	Run actions/checkout@11d5960a326750d5838078e36cf38b85af677262	2026-10-08T05:55:20.9057283Z Updating files:  99% (5867/5926)
fast-j	Run actions/checkout@11d5960a326750d5838078e36cf38b85af677262	2026-10-08T05:55:20.9057568Z Updating files: 100% (5926/5926)
fast-j	Run actions/checkout@11d5960a326750d5838078e36cf38b85af677262	2026-10-08T05:55:20.9057872Z Updating files: 100% (5926/5926), done.
fast-j	Run actions/checkout@11d5960a326750d5838078e36cf38b85af677262	2026-10-08T05:55:20.9086925Z Switched to a new branch 'codex/round11-frontier'
fast-j	Run actions/checkout@11d5960a326750d5838078e36cf38b85af677262	2026-10-08T05:55:20.9091730Z branch 'codex/round11-frontier' set up to track 'origin/codex/round11-frontier'.
fast-j	Run actions/checkout@11d5960a326750d5838078e36cf38b85af677262	2026-10-08T05:55:20.9164979Z ##[endgroup]
fast-j	Run actions/checkout@11d5960a326750d5838078e36cf38b85af677262	2026-10-08T05:55:20.9202689Z [command]/usr/bin/git log -1 --format=%H
fast-j	Run actions/checkout@11d5960a326750d5838078e36cf38b85af677262	2026-10-08T05:55:20.9223266Z 6a4bfa9db8eda243653139c665524ea67053a6f3
fast-j	Run actions/checkout@11d5960a326750d5838078e36cf38b85af677262	2026-10-08T05:55:20.9231074Z ##[group]Removing auth
fast-j	Run actions/checkout@11d5960a326750d5838078e36cf38b85af677262	2026-10-08T05:55:20.9233308Z [command]/usr/bin/git config --local --name-only --get-regexp core\.sshCommand
fast-j	Run actions/checkout@11d5960a326750d5838078e36cf38b85af677262	2026-10-08T05:55:20.9257838Z [command]/usr/bin/git submodule foreach --recursive sh -c "git config --local --name-only --get-regexp 'core\.sshCommand' && git config --local --unset-all 'core.sshCommand' || :"
fast-j	Run actions/checkout@11d5960a326750d5838078e36cf38b85af677262	2026-10-08T05:55:20.9425972Z [command]/usr/bin/git config --local --name-only --get-regexp http\.https\:\/\/github\.com\/\.extraheader
fast-j	Run actions/checkout@11d5960a326750d5838078e36cf38b85af677262	2026-10-08T05:55:20.9447783Z http.https://github.com/.extraheader
fast-j	Run actions/checkout@11d5960a326750d5838078e36cf38b85af677262	2026-10-08T05:55:20.9452323Z [command]/usr/bin/git config --local --unset-all http.https://github.com/.extraheader
fast-j	Run actions/checkout@11d5960a326750d5838078e36cf38b85af677262	2026-10-08T05:55:20.9479653Z [command]/usr/bin/git submodule foreach --recursive sh -c "git config --local --name-only --get-regexp 'http\.https\:\/\/github\.com\/\.extraheader' && git config --local --unset-all 'http.https://github.com/.extraheader' || :"
fast-j	Run actions/checkout@11d5960a326750d5838078e36cf38b85af677262	2026-10-08T05:55:20.9642412Z [command]/usr/bin/git config --local --name-only --get-regexp ^includeIf\.gitdir:
fast-j	Run actions/checkout@11d5960a326750d5838078e36cf38b85af677262	2026-10-08T05:55:20.9668768Z [command]/usr/bin/git submodule foreach --recursive git config --local --show-origin --name-only --get-regexp remote.origin.url
fast-j	Run actions/checkout@11d5960a326750d5838078e36cf38b85af677262	2026-10-08T05:55:20.9831423Z ##[endgroup]
fast-j	Validate batch and exact candidate bytes	﻿2026-10-08T05:55:20.9980212Z ##[group]Run python3 scripts/round4.py preflight
fast-j	Validate batch and exact candidate bytes	2026-10-08T05:55:20.9980538Z ^[[36;1mpython3 scripts/round4.py preflight^[[0m
fast-j	Validate batch and exact candidate bytes	2026-10-08T05:55:21.0200326Z shell: /usr/bin/bash -e {0}
fast-j	Validate batch and exact candidate bytes	2026-10-08T05:55:21.0200522Z env:
fast-j	Validate batch and exact candidate bytes	2026-10-08T05:55:21.0200661Z   ROUND4_SPEC: fast-j
fast-j	Validate batch and exact candidate bytes	2026-10-08T05:55:21.0200815Z   ROUND4_SPEC_DIR: evidence/round11
fast-j	Validate batch and exact candidate bytes	2026-10-08T05:55:21.0200983Z ##[endgroup]
fast-j	Validate batch and exact candidate bytes	2026-10-08T05:55:21.0628980Z PREFLIGHT fast-j 7 hash-bound source/proof pairs
fast-j	Prepare isolated runner and pinned source	﻿2026-10-08T05:55:21.0704454Z ##[group]Run bash scripts/ci-prepare.sh
fast-j	Prepare isolated runner and pinned source	2026-10-08T05:55:21.0704694Z ^[[36;1mbash scripts/ci-prepare.sh^[[0m
fast-j	Prepare isolated runner and pinned source	2026-10-08T05:55:21.0756638Z shell: /usr/bin/bash -e {0}
fast-j	Prepare isolated runner and pinned source	2026-10-08T05:55:21.0756809Z env:
fast-j	Prepare isolated runner and pinned source	2026-10-08T05:55:21.0756948Z   ROUND4_SPEC: fast-j
fast-j	Prepare isolated runner and pinned source	2026-10-08T05:55:21.0757106Z   ROUND4_SPEC_DIR: evidence/round11
fast-j	Prepare isolated runner and pinned source	2026-10-08T05:55:21.0757275Z ##[endgroup]
fast-j	Prepare isolated runner and pinned source	2026-10-08T05:55:21.0846317Z Filesystem      Size  Used Avail Use% Mounted on
fast-j	Prepare isolated runner and pinned source	2026-10-08T05:55:21.0846713Z /dev/root       145G   60G   86G  41% /
fast-j	Prepare isolated runner and pinned source	2026-10-08T05:56:33.2056203Z Reading package lists...
fast-j	Prepare isolated runner and pinned source	2026-10-08T05:56:33.3383188Z Building dependency tree...
fast-j	Prepare isolated runner and pinned source	2026-10-08T05:56:33.3388541Z Reading state information...
fast-j	Prepare isolated runner and pinned source	2026-10-08T05:56:33.4593498Z curl is already the newest version (8.5.0-2ubuntu10.15).
fast-j	Prepare isolated runner and pinned source	2026-10-08T05:56:33.4593939Z python3 is already the newest version (3.12.3-0ubuntu2.1).
fast-j	Prepare isolated runner and pinned source	2026-10-08T05:56:33.4594254Z python3-venv is already the newest version (3.12.3-0ubuntu2.1).
fast-j	Prepare isolated runner and pinned source	2026-10-08T05:56:33.4594580Z git is already the newest version (1:2.55.0-0ppa1~ubuntu24.04.2).
fast-j	Prepare isolated runner and pinned source	2026-10-08T05:56:33.4594985Z git set to manually installed.
fast-j	Prepare isolated runner and pinned source	2026-10-08T05:56:33.4595277Z pkg-config is already the newest version (1.8.1-2build1).
fast-j	Prepare isolated runner and pinned source	2026-10-08T05:56:33.4595587Z libssl-dev is already the newest version (3.0.13-0ubuntu3.16).
fast-j	Prepare isolated runner and pinned source	2026-10-08T05:56:33.4595926Z zlib1g-dev is already the newest version (1:1.3.dfsg-3.1ubuntu2.2).
fast-j	Prepare isolated runner and pinned source	2026-10-08T05:56:33.4596300Z dbus-user-session is already the newest version (1.14.10-4ubuntu4.1).
fast-j	Prepare isolated runner and pinned source	2026-10-08T05:56:33.4596778Z dbus-user-session set to manually installed.
fast-j	Prepare isolated runner and pinned source	2026-10-08T05:56:33.4597047Z The following NEW packages will be installed:
fast-j	Prepare isolated runner and pinned source	2026-10-08T05:56:33.4597474Z   bubblewrap build-essential
fast-j	Prepare isolated runner and pinned source	2026-10-08T05:56:33.4723039Z 0 upgraded, 2 newly installed, 0 to remove and 17 not upgraded.
fast-j	Prepare isolated runner and pinned source	2026-10-08T05:56:33.4723553Z Need to get 55.4 kB of archives.
fast-j	Prepare isolated runner and pinned source	2026-10-08T05:56:33.4723843Z After this operation, 151 kB of additional disk space will be used.
fast-j	Prepare isolated runner and pinned source	2026-10-08T05:56:33.4724186Z Get:1 file:/etc/apt/apt-mirrors.txt Mirrorlist [144 B]
fast-j	Prepare isolated runner and pinned source	2026-10-08T05:56:33.5271561Z Get:2 http://azure.archive.ubuntu.com/ubuntu noble-updates/main amd64 bubblewrap amd64 0.9.0-1ubuntu0.3 [50.4 kB]
fast-j	Prepare isolated runner and pinned source	2026-10-08T05:56:33.5671147Z Get:3 http://azure.archive.ubuntu.com/ubuntu noble/main amd64 build-essential amd64 12.10ubuntu1 [4928 B]
fast-j	Prepare isolated runner and pinned source	2026-10-08T05:56:33.7381687Z Fetched 55.4 kB in 0s (539 kB/s)
fast-j	Prepare isolated runner and pinned source	2026-10-08T05:56:33.7541278Z Selecting previously unselected package bubblewrap.
fast-j	Prepare isolated runner and pinned source	2026-10-08T05:56:33.7785454Z (Reading database ... 
fast-j	Prepare isolated runner and pinned source	2026-10-08T05:56:33.7785717Z (Reading database ... 5%
fast-j	Prepare isolated runner and pinned source	2026-10-08T05:56:33.7785922Z (Reading database ... 10%
fast-j	Prepare isolated runner and pinned source	2026-10-08T05:56:33.7786121Z (Reading database ... 15%
fast-j	Prepare isolated runner and pinned source	2026-10-08T05:56:33.7786466Z (Reading database ... 20%
fast-j	Prepare isolated runner and pinned source	2026-10-08T05:56:33.7787055Z (Reading database ... 25%
fast-j	Prepare isolated runner and pinned source	2026-10-08T05:56:33.7787334Z (Reading database ... 30%
fast-j	Prepare isolated runner and pinned source	2026-10-08T05:56:33.7787588Z (Reading database ... 35%
fast-j	Prepare isolated runner and pinned source	2026-10-08T05:56:33.7787786Z (Reading database ... 40%
fast-j	Prepare isolated runner and pinned source	2026-10-08T05:56:33.7787981Z (Reading database ... 45%
fast-j	Prepare isolated runner and pinned source	2026-10-08T05:56:33.7788180Z (Reading database ... 50%
fast-j	Prepare isolated runner and pinned source	2026-10-08T05:56:33.7832193Z (Reading database ... 55%
fast-j	Prepare isolated runner and pinned source	2026-10-08T05:56:33.8987861Z (Reading database ... 60%
fast-j	Prepare isolated runner and pinned source	2026-10-08T05:56:34.0897007Z (Reading database ... 65%
fast-j	Prepare isolated runner and pinned source	2026-10-08T05:56:34.2945450Z (Reading database ... 70%
fast-j	Prepare isolated runner and pinned source	2026-10-08T05:56:34.4418649Z (Reading database ... 75%
fast-j	Prepare isolated runner and pinned source	2026-10-08T05:56:34.5935200Z (Reading database ... 80%
fast-j	Prepare isolated runner and pinned source	2026-10-08T05:56:34.6913454Z (Reading database ... 85%
fast-j	Prepare isolated runner and pinned source	2026-10-08T05:56:34.8079591Z (Reading database ... 90%
fast-j	Prepare isolated runner and pinned source	2026-10-08T05:56:34.9433829Z (Reading database ... 95%
fast-j	Prepare isolated runner and pinned source	2026-10-08T05:56:34.9434076Z (Reading database ... 100%
fast-j	Prepare isolated runner and pinned source	2026-10-08T05:56:34.9434273Z (Reading database ... 203191 files and directories currently installed.)
fast-j	Prepare isolated runner and pinned source	2026-10-08T05:56:34.9468166Z Preparing to unpack .../bubblewrap_0.9.0-1ubuntu0.3_amd64.deb ...
fast-j	Prepare isolated runner and pinned source	2026-10-08T05:56:34.9497812Z Unpacking bubblewrap (0.9.0-1ubuntu0.3) ...
fast-j	Prepare isolated runner and pinned source	2026-10-08T05:56:34.9713388Z Selecting previously unselected package build-essential.
fast-j	Prepare isolated runner and pinned source	2026-10-08T05:56:34.9803038Z Preparing to unpack .../build-essential_12.10ubuntu1_amd64.deb ...
fast-j	Prepare isolated runner and pinned source	2026-10-08T05:56:34.9808839Z Unpacking build-essential (12.10ubuntu1) ...
fast-j	Prepare isolated runner and pinned source	2026-10-08T05:56:35.0080708Z Setting up bubblewrap (0.9.0-1ubuntu0.3) ...
fast-j	Prepare isolated runner and pinned source	2026-10-08T05:56:35.0122731Z Setting up build-essential (12.10ubuntu1) ...
fast-j	Prepare isolated runner and pinned source	2026-10-08T05:56:35.0138791Z Processing triggers for man-db (2.12.0-4build2) ...
fast-j	Prepare isolated runner and pinned source	2026-10-08T05:56:35.0156716Z Not building database; man-db/auto-update is not 'true'.
fast-j	Prepare isolated runner and pinned source	2026-10-08T05:56:35.4547878Z 
fast-j	Prepare isolated runner and pinned source	2026-10-08T05:56:36.0442089Z Running kernel seems to be up-to-date.
fast-j	Prepare isolated runner and pinned source	2026-10-08T05:56:36.0442396Z 
fast-j	Prepare isolated runner and pinned source	2026-10-08T05:56:36.0442498Z No services need to be restarted.
fast-j	Prepare isolated runner and pinned source	2026-10-08T05:56:36.0442657Z 
fast-j	Prepare isolated runner and pinned source	2026-10-08T05:56:36.0442747Z No containers need to be restarted.
fast-j	Prepare isolated runner and pinned source	2026-10-08T05:56:36.0443078Z 
fast-j	Prepare isolated runner and pinned source	2026-10-08T05:56:36.0443191Z No user sessions are running outdated binaries.
fast-j	Prepare isolated runner and pinned source	2026-10-08T05:56:36.0443380Z 
fast-j	Prepare isolated runner and pinned source	2026-10-08T05:56:36.0443547Z No VM guests are running outdated hypervisor (qemu) binaries on this host.
fast-j	Prepare isolated runner and pinned source	2026-10-08T05:56:36.0443972Z kernel.apparmor_restrict_unprivileged_userns = 0
fast-j	Prepare isolated runner and pinned source	2026-10-08T05:56:36.0667045Z hint: Using 'master' as the name for the initial branch. This default branch name
fast-j	Prepare isolated runner and pinned source	2026-10-08T05:56:36.0667573Z hint: will change to "main" in Git 3.0. To configure the initial branch name
fast-j	Prepare isolated runner and pinned source	2026-10-08T05:56:36.0667858Z hint: to use in all of your new repositories, which will suppress this warning,
fast-j	Prepare isolated runner and pinned source	2026-10-08T05:56:36.0668066Z hint: call:
fast-j	Prepare isolated runner and pinned source	2026-10-08T05:56:36.0668245Z hint:
fast-j	Prepare isolated runner and pinned source	2026-10-08T05:56:36.0668458Z hint: 	git config --global init.defaultBranch <name>
fast-j	Prepare isolated runner and pinned source	2026-10-08T05:56:36.0668625Z hint:
fast-j	Prepare isolated runner and pinned source	2026-10-08T05:56:36.0668789Z hint: Names commonly chosen instead of 'master' are 'main', 'trunk' and
fast-j	Prepare isolated runner and pinned source	2026-10-08T05:56:36.0669069Z hint: 'development'. The just-created branch can be renamed via this command:
fast-j	Prepare isolated runner and pinned source	2026-10-08T05:56:36.0669482Z hint:
fast-j	Prepare isolated runner and pinned source	2026-10-08T05:56:36.0669597Z hint: 	git branch -m <name>
fast-j	Prepare isolated runner and pinned source	2026-10-08T05:56:36.0669730Z hint:
fast-j	Prepare isolated runner and pinned source	2026-10-08T05:56:36.0669909Z hint: Disable this message with "git config set advice.defaultBranchName false"
fast-j	Prepare isolated runner and pinned source	2026-10-08T05:56:36.0670258Z Initialized empty Git repository in /home/runner/work/_temp/deflate-upstream/.git/
fast-j	Prepare isolated runner and pinned source	2026-10-08T05:56:36.8111022Z From https://github.com/conjectures-io/conjectures-optimisation-deflate
fast-j	Prepare isolated runner and pinned source	2026-10-08T05:56:36.8111565Z  * branch            a356bbff18b60c4527fbcc85d5a28ef9c20214e0 -> FETCH_HEAD
fast-j	Prepare isolated runner and pinned source	2026-10-08T05:56:36.8535620Z HEAD is now at a356bbf make the pins telemetry instead of blocking (#30)
fast-j	Prepare isolated runner and pinned source	2026-10-08T05:56:36.8721868Z Official pinned source files: 70/70 match
fast-j	Prepare isolated runner and pinned source	2026-10-08T05:56:36.8958499Z Running as unit: run-u0.service; invocation ID: 2a41798cd0bd469b865b738da0355ece
fast-j	Prepare isolated runner and pinned source	2026-10-08T05:56:36.8995209Z Finished with result: success
fast-j	Prepare isolated runner and pinned source	2026-10-08T05:56:36.8995518Z Main processes terminated with: code=exited/status=0
fast-j	Prepare isolated runner and pinned source	2026-10-08T05:56:36.8995794Z Service runtime: 3ms
fast-j	Prepare isolated runner and pinned source	2026-10-08T05:56:36.8996017Z CPU time consumed: 3ms
fast-j	Prepare isolated runner and pinned source	2026-10-08T05:56:36.8996512Z Memory peak: 512.0K
fast-j	Prepare isolated runner and pinned source	2026-10-08T05:56:36.8996693Z Memory swap peak: 0B
fast-j	Install official verification toolchain	﻿2026-10-08T05:56:36.9061762Z ##[group]Run bash scripts/ci-setup.sh
fast-j	Install official verification toolchain	2026-10-08T05:56:36.9061956Z ^[[36;1mbash scripts/ci-setup.sh^[[0m
fast-j	Install official verification toolchain	2026-10-08T05:56:36.9115188Z shell: /usr/bin/bash -e {0}
fast-j	Install official verification toolchain	2026-10-08T05:56:36.9115335Z env:
fast-j	Install official verification toolchain	2026-10-08T05:56:36.9115446Z   ROUND4_SPEC: fast-j
fast-j	Install official verification toolchain	2026-10-08T05:56:36.9115577Z   ROUND4_SPEC_DIR: evidence/round11
fast-j	Install official verification toolchain	2026-10-08T05:56:36.9115750Z   DEFLATE_ROOT: /home/runner/work/_temp/deflate-upstream
fast-j	Install official verification toolchain	2026-10-08T05:56:36.9115979Z   ELAN_HOME: /home/runner/work/_temp/deflate-upstream/validator/.work/elan
fast-j	Install official verification toolchain	2026-10-08T05:56:36.9116208Z   XDG_CACHE_HOME: /home/runner/work/_temp/deflate-cache
fast-j	Install official verification toolchain	2026-10-08T05:56:36.9116558Z   UV_CACHE_DIR: /home/runner/work/_temp/deflate-cache/uv
fast-j	Install official verification toolchain	2026-10-08T05:56:36.9116738Z   XDG_RUNTIME_DIR: /run/user/1001
fast-j	Install official verification toolchain	2026-10-08T05:56:36.9116902Z   DBUS_SESSION_BUS_ADDRESS: unix:path=/run/user/1001/bus
fast-j	Install official verification toolchain	2026-10-08T05:56:36.9117085Z   VERIFY_CORPUS: corpus-stage1
fast-j	Install official verification toolchain	2026-10-08T05:56:36.9117219Z   VERIFY_SANDBOX: bwrap
fast-j	Install official verification toolchain	2026-10-08T05:56:36.9117342Z   GIT_TERMINAL_PROMPT: 0
fast-j	Install official verification toolchain	2026-10-08T05:56:36.9117464Z ##[endgroup]
fast-j	Install official verification toolchain	2026-10-08T05:56:36.9578473Z info: syncing channel updates for nightly-2026-08-18-x86_64-unknown-linux-gnu
fast-j	Install official verification toolchain	2026-10-08T05:56:37.1161259Z info: latest update on 2026-08-18 for version 1.100.0-nightly (8fa1c96cf 2026-08-17)
fast-j	Install official verification toolchain	2026-10-08T05:56:37.1161830Z info: downloading 6 components
fast-j	Install official verification toolchain	2026-10-08T05:56:52.4235810Z 
fast-j	Install official verification toolchain	2026-10-08T05:56:52.4292428Z   nightly-2026-08-18-x86_64-unknown-linux-gnu installed - rustc 1.100.0-nightly (8fa1c96cf 2026-08-17)
fast-j	Install official verification toolchain	2026-10-08T05:56:52.4292848Z 
fast-j	Install official verification toolchain	2026-10-08T05:56:52.4293117Z info: checking for self-update (current version: 1.29.1)
fast-j	Install official verification toolchain	2026-10-08T05:56:52.5527187Z 
fast-j	Install official verification toolchain	2026-10-08T05:56:52.5527585Z ^[[1m1/9  System packages^[[0m
fast-j	Install official verification toolchain	2026-10-08T05:56:52.5530606Z   ^[[32m✓^[[0m cc, curl, python3, git, bubblewrap present
fast-j	Install official verification toolchain	2026-10-08T05:56:52.5530834Z 
fast-j	Install official verification toolchain	2026-10-08T05:56:52.5530944Z ^[[1m2/9  just (1.58.0)^[[0m
fast-j	Install official verification toolchain	2026-10-08T05:56:52.5531524Z   ^[[33m·^[[0m installing into ~/.local/bin
fast-j	Install official verification toolchain	2026-10-08T05:56:52.8200322Z   ^[[32m✓^[[0m installed ~/.local/bin/just
fast-j	Install official verification toolchain	2026-10-08T05:56:52.8204477Z 
fast-j	Install official verification toolchain	2026-10-08T05:56:52.8204565Z ^[[1m3/9  uv (0.12.15)^[[0m
fast-j	Install official verification toolchain	2026-10-08T05:56:52.8205858Z   ^[[33m·^[[0m installing into ~/.local/bin
fast-j	Install official verification toolchain	2026-10-08T05:56:53.4298484Z   ^[[32m✓^[[0m installed ~/.local/bin/uv
fast-j	Install official verification toolchain	2026-10-08T05:56:53.4302682Z 
fast-j	Install official verification toolchain	2026-10-08T05:56:53.4302874Z ^[[1m4/9  Python environment (.venv, from pyproject.toml)^[[0m
fast-j	Install official verification toolchain	2026-10-08T05:56:53.4303254Z   ^[[33m·^[[0m syncing .venv from pyproject.toml
fast-j	Install official verification toolchain	2026-10-08T05:56:55.0420334Z   ^[[32m✓^[[0m .venv ready
fast-j	Install official verification toolchain	2026-10-08T05:56:55.0541249Z   ^[[33m·^[[0m bittensor SDK absent - miners do not need it; validators run ./setup.sh --chain
fast-j	Install official verification toolchain	2026-10-08T05:56:55.0541585Z 
fast-j	Install official verification toolchain	2026-10-08T05:56:55.0541714Z ^[[1m5/9  Trusted-input audit^[[0m
fast-j	Install official verification toolchain	2026-10-08T05:56:55.0542082Z   ^[[32m✓^[[0m gate worker records observed code and benchmark identities
fast-j	Install official verification toolchain	2026-10-08T05:56:55.0542314Z 
fast-j	Install official verification toolchain	2026-10-08T05:56:55.0542491Z ^[[1m6/9  Configuration (.env)^[[0m
fast-j	Install official verification toolchain	2026-10-08T05:56:55.0554939Z   ^[[32m✓^[[0m created .env from .env.example - edit it for a validator
fast-j	Install official verification toolchain	2026-10-08T05:56:55.0555208Z 
fast-j	Install official verification toolchain	2026-10-08T05:56:55.0555407Z ^[[1m7/9  Scoring corpus (corpus-stage1, the benchmark default)^[[0m
fast-j	Install official verification toolchain	2026-10-08T05:56:55.0556854Z   ^[[33m·^[[0m fetching corpus-stage1 (and corpus-stage2, if reachable)
fast-j	Install official verification toolchain	2026-10-08T05:56:55.0591155Z bash /home/runner/work/_temp/deflate-upstream/scripts/pull-corpus.sh 
fast-j	Install official verification toolchain	2026-10-08T05:56:55.8105153Z stage 1  28 files, 15930000 bytes, at 0260078
fast-j	Install official verification toolchain	2026-10-08T05:56:55.9329045Z stage 2  unavailable (https://github.com/conjectures-io/conjectures-compression-corpus-2) -- skipping the held-out corpus.
fast-j	Install official verification toolchain	2026-10-08T05:56:55.9338200Z   ^[[32m✓^[[0m data/benchmark/corpus-stage1 ready
fast-j	Install official verification toolchain	2026-10-08T05:56:56.1071944Z     Updating crates.io index
fast-j	Install official verification toolchain	2026-10-08T05:56:56.3234469Z  Downloading crates ...
fast-j	Install official verification toolchain	2026-10-08T05:56:56.5115377Z   Downloaded itoa v1.0.18
fast-j	Install official verification toolchain	2026-10-08T05:56:56.5198373Z   Downloaded quote v1.0.47
fast-j	Install official verification toolchain	2026-10-08T05:56:56.5231540Z   Downloaded proc-macro2 v1.0.107
fast-j	Install official verification toolchain	2026-10-08T05:56:56.5379020Z   Downloaded zmij v1.0.23
fast-j	Install official verification toolchain	2026-10-08T05:56:56.5458765Z   Downloaded unicode-ident v1.0.26
fast-j	Install official verification toolchain	2026-10-08T05:56:56.5479562Z   Downloaded memchr v2.8.3
fast-j	Install official verification toolchain	2026-10-08T05:56:56.5521611Z   Downloaded serde_core v1.0.229
fast-j	Install official verification toolchain	2026-10-08T05:56:56.5546278Z   Downloaded serde_json v1.0.151
fast-j	Install official verification toolchain	2026-10-08T05:56:56.5603849Z   Downloaded syn v2.0.119
fast-j	Install official verification toolchain	2026-10-08T05:56:56.5808515Z    Compiling proc-macro2 v1.0.107
fast-j	Install official verification toolchain	2026-10-08T05:56:56.5814696Z    Compiling serde_core v1.0.229
fast-j	Install official verification toolchain	2026-10-08T05:56:56.5815112Z    Compiling zmij v1.0.23
fast-j	Install official verification toolchain	2026-10-08T05:56:56.5815489Z    Compiling quote v1.0.47
fast-j	Install official verification toolchain	2026-10-08T05:56:57.0936275Z    Compiling unicode-ident v1.0.26
fast-j	Install official verification toolchain	2026-10-08T05:56:57.1040533Z    Compiling serde_json v1.0.151
fast-j	Install official verification toolchain	2026-10-08T05:56:57.1593858Z    Compiling memchr v2.8.3
fast-j	Install official verification toolchain	2026-10-08T05:56:57.4937065Z    Compiling itoa v1.0.18
fast-j	Install official verification toolchain	2026-10-08T05:56:57.9407450Z    Compiling syn v2.0.119
fast-j	Install official verification toolchain	2026-10-08T05:57:03.5401818Z    Compiling submission-precheck v0.1.0 (/home/runner/work/_temp/deflate-upstream/validator/precheck)
fast-j	Install official verification toolchain	2026-10-08T05:57:04.3042610Z     Finished `release` profile [optimized] target(s) in 8.34s
fast-j	Install official verification toolchain	2026-10-08T05:57:04.3129375Z 
fast-j	Install official verification toolchain	2026-10-08T05:57:04.3130089Z ^[[1m8/9  Slot (validator/slot/src/parse.rs is a symlink to generated/, gitignored)^[[0m
fast-j	Install official verification toolchain	2026-10-08T05:57:04.3155229Z   ^[[32m✓^[[0m seeded validator/slot/generated/parse.rs from miner/template
fast-j	Install official verification toolchain	2026-10-08T05:57:04.3155422Z 
fast-j	Install official verification toolchain	2026-10-08T05:57:04.3155531Z ^[[1m9/9  Toolchain: Lean, Aeneas, Charon, Mathlib^[[0m
fast-j	Install official verification toolchain	2026-10-08T05:57:04.3203846Z 
fast-j	Install official verification toolchain	2026-10-08T05:57:04.3204155Z ^[[1m1/6  Lean toolchain (leanprover/lean4:v4.31.0)^[[0m
fast-j	Install official verification toolchain	2026-10-08T05:57:04.3204724Z   ^[[33m·^[[0m elan not found — installing into /home/runner/work/_temp/deflate-upstream/validator/.work/elan
fast-j	Install official verification toolchain	2026-10-08T05:57:04.6231910Z info: default toolchain set to 'leanprover/lean4:v4.31.0'
fast-j	Install official verification toolchain	2026-10-08T05:57:04.6275974Z   ^[[32m✓^[[0m installed elan at /home/runner/work/_temp/deflate-upstream/validator/.work/elan
fast-j	Install official verification toolchain	2026-10-08T05:57:19.0878127Z   ^[[32m✓^[[0m Lean (version 4.31.0, x86_64-unknown-linux-gnu, commit 68218e876d2a38b1985b8590fff244a83c321783, Release)
fast-j	Install official verification toolchain	2026-10-08T05:57:19.0878601Z 
fast-j	Install official verification toolchain	2026-10-08T05:57:19.0878804Z ^[[1m2/6  Aeneas + Charon (nightly-2026.08.27-5b9dcf3 release)^[[0m
fast-j	Install official verification toolchain	2026-10-08T05:57:19.0879285Z   ^[[33m·^[[0m not found — fetching the nightly-2026.08.27-5b9dcf3 release (~120 MB)
fast-j	Install official verification toolchain	2026-10-08T05:57:22.3622635Z   ^[[32m✓^[[0m installed aeneas and charon at /home/runner/work/_temp/deflate-upstream/validator/.work/aeneas
fast-j	Install official verification toolchain	2026-10-08T05:57:22.3623077Z 
fast-j	Install official verification toolchain	2026-10-08T05:57:22.3623315Z ^[[1m3/6  Rust nightly for charon-driver (nightly-2026-08-18 + rustc-dev)^[[0m
fast-j	Install official verification toolchain	2026-10-08T05:57:22.3687908Z   ^[[32m✓^[[0m nightly-2026-08-18 installed
fast-j	Install official verification toolchain	2026-10-08T05:57:22.3688175Z 
fast-j	Install official verification toolchain	2026-10-08T05:57:22.3688359Z ^[[1m4/6  Lean dependencies (Aeneas backend + Mathlib)^[[0m
fast-j	Install official verification toolchain	2026-10-08T05:57:22.3688767Z   ^[[33m·^[[0m no shared checkout — fetching our own (~7 GB, ~10 min)
fast-j	Install official verification toolchain	2026-10-08T05:57:22.3981686Z info: aeneas: cloning https://github.com/AeneasVerif/aeneas
fast-j	Install official verification toolchain	2026-10-08T05:57:24.5545956Z info: aeneas: checking out revision '5b9dcf33dccdb1560ea7203ac57ea202476b6ed3'
fast-j	Install official verification toolchain	2026-10-08T05:57:24.6906112Z info: toolchain not updated; already up-to-date
fast-j	Install official verification toolchain	2026-10-08T05:57:25.0034425Z info: mathlib: cloning https://github.com/leanprover-community/mathlib4.git
fast-j	Install official verification toolchain	2026-10-08T05:57:47.8196867Z info: mathlib: checking out revision 'fabf563a7c95a166b8d7b6efca11c8b4dc9d911f'
fast-j	Install official verification toolchain	2026-10-08T05:57:49.1826601Z info: plausible: cloning https://github.com/leanprover-community/plausible
fast-j	Install official verification toolchain	2026-10-08T05:57:49.4960799Z info: plausible: checking out revision '63045536fe95024e6c18fc7b48e03f506701c5bc'
fast-j	Install official verification toolchain	2026-10-08T05:57:49.5067954Z info: LeanSearchClient: cloning https://github.com/leanprover-community/LeanSearchClient
fast-j	Install official verification toolchain	2026-10-08T05:57:49.9466280Z info: LeanSearchClient: checking out revision 'c5d5b8fe6e5158def25cd28eb94e4141ad97c843'
fast-j	Install official verification toolchain	2026-10-08T05:57:49.9575861Z info: importGraph: cloning https://github.com/leanprover-community/import-graph
fast-j	Install official verification toolchain	2026-10-08T05:57:50.6715686Z info: importGraph: checking out revision '5c7542ed018c78194f1e2b903eaf6a792b74c03d'
fast-j	Install official verification toolchain	2026-10-08T05:57:50.6843686Z info: proofwidgets: cloning https://github.com/leanprover-community/ProofWidgets4
fast-j	Install official verification toolchain	2026-10-08T05:57:51.6681680Z info: proofwidgets: checking out revision '24b0d9dc081c5423f8eec7e866c441e5184f29d9'
fast-j	Install official verification toolchain	2026-10-08T05:57:52.0509752Z info: aesop: cloning https://github.com/leanprover-community/aesop
fast-j	Install official verification toolchain	2026-10-08T05:57:52.9093621Z info: aesop: checking out revision 'e3cb2f741431ce31bf73549fb52316a57368b06f'
fast-j	Install official verification toolchain	2026-10-08T05:57:52.9243237Z info: Qq: cloning https://github.com/leanprover-community/quote4
fast-j	Install official verification toolchain	2026-10-08T05:57:53.4461036Z info: Qq: checking out revision 'f46324995fca5f0483b742e4eb4daec7f4ee50d2'
fast-j	Install official verification toolchain	2026-10-08T05:57:53.4561971Z info: batteries: cloning https://github.com/leanprover-community/batteries
fast-j	Install official verification toolchain	2026-10-08T05:57:55.5582746Z info: batteries: checking out revision 'fa08db58b30eb033edcdab331bba000827f9f785'
fast-j	Install official verification toolchain	2026-10-08T05:57:55.5877756Z info: Cli: cloning https://github.com/leanprover/lean4-cli
fast-j	Install official verification toolchain	2026-10-08T05:57:55.9464775Z info: Cli: checking out revision '92564e5770e4d09f2d86dfbf8ada1e9c715b384c'
fast-j	Install official verification toolchain	2026-10-08T05:57:55.9563907Z info: mathlib: running post-update hooks
fast-j	Install official verification toolchain	2026-10-08T05:57:56.7617857Z ✔ [4/24] Built Batteries.Data.String.Basic (350ms)
fast-j	Install official verification toolchain	2026-10-08T05:57:56.8617729Z ✔ [5/24] Built Batteries.Data.String.Basic:c.o (114ms)
fast-j	Install official verification toolchain	2026-10-08T05:57:56.9624744Z ✔ [6/24] Built Cache.Lean (584ms)
fast-j	Install official verification toolchain	2026-10-08T05:57:57.1619280Z ✔ [7/24] Built Batteries.Data.Array.Match (774ms)
fast-j	Install official verification toolchain	2026-10-08T05:57:57.1697488Z ✔ [8/24] Built Cache.Lean:c.o (145ms)
fast-j	Install official verification toolchain	2026-10-08T05:57:57.2613469Z ✔ [9/24] Built Cache.Init (368ms)
fast-j	Install official verification toolchain	2026-10-08T05:57:57.3615057Z ✔ [10/24] Built Batteries.Data.Array.Match:c.o (200ms)
fast-j	Install official verification toolchain	2026-10-08T05:57:57.3615499Z ✔ [11/24] Built Cache.Init:c.o (84ms)
fast-j	Install official verification toolchain	2026-10-08T05:57:57.4616727Z ✔ [12/24] Built Batteries.Tactic.OpenPrivate (1.0s)
fast-j	Install official verification toolchain	2026-10-08T05:57:57.5619023Z ✔ [13/24] Built Batteries.Data.String.Matcher (320ms)
fast-j	Install official verification toolchain	2026-10-08T05:57:57.6620563Z ✔ [14/24] Built Batteries.Data.String.Matcher:c.o (120ms)
fast-j	Install official verification toolchain	2026-10-08T05:57:58.2630825Z ✔ [15/24] Built Batteries.Tactic.OpenPrivate:c.o (841ms)
fast-j	Install official verification toolchain	2026-10-08T05:57:58.4648321Z ✔ [16/24] Built Cache.IO (1.0s)
fast-j	Install official verification toolchain	2026-10-08T05:57:59.0667754Z ✔ [17/24] Built Cache.Hashing (588ms)
fast-j	Install official verification toolchain	2026-10-08T05:57:59.4657804Z ✔ [18/24] Built Cache.IO:c.o (978ms)
fast-j	Install official verification toolchain	2026-10-08T05:57:59.4658187Z ✔ [19/24] Built Cache.Hashing:c.o (352ms)
fast-j	Install official verification toolchain	2026-10-08T05:58:00.3657245Z ✔ [20/24] Built Cache.Requests (1.3s)
fast-j	Install official verification toolchain	2026-10-08T05:58:01.0657530Z ✔ [21/24] Built Cache.Main (647ms)
fast-j	Install official verification toolchain	2026-10-08T05:58:01.3653077Z ✔ [22/24] Built Cache.Main:c.o (347ms)
fast-j	Install official verification toolchain	2026-10-08T05:58:01.7656966Z ✔ [23/24] Built Cache.Requests:c.o (1.3s)
fast-j	Install official verification toolchain	2026-10-08T05:58:02.2661685Z ✔ [24/24] Built cache:exe (555ms)
fast-j	Install official verification toolchain	2026-10-08T05:58:04.3625266Z Current branch: HEAD
fast-j	Install official verification toolchain	2026-10-08T05:58:04.3625588Z Using cache (Azure) from origin: (some leanprover-community/mathlib4)
fast-j	Install official verification toolchain	2026-10-08T05:58:04.3625864Z Attempting to download 8542 file(s) from leanprover-community/mathlib4 cache
fast-j	Install official verification toolchain	2026-10-08T05:58:05.0359244Z 
fast-j	Install official verification toolchain	2026-10-08T05:58:05.1376106Z Downloaded: 1 file(s) [attempted 1/8542 = 0%, 34 KB/s], Decompressed: 0
fast-j	Install official verification toolchain	2026-10-08T05:58:05.2364366Z Downloaded: 263 file(s) [attempted 263/8542 = 3%, 2743 KB/s], Decompressed: 34
fast-j	Install official verification toolchain	2026-10-08T05:58:05.3367580Z Downloaded: 676 file(s) [attempted 676/8542 = 7%, 3122 KB/s], Decompressed: 34
fast-j	Install official verification toolchain	2026-10-08T05:58:05.4444964Z Downloaded: 1009 file(s) [attempted 1009/8542 = 11%, 2047 KB/s], Decompressed: 34
fast-j	Install official verification toolchain	2026-10-08T05:58:05.5436831Z Downloaded: 1329 file(s) [attempted 1329/8542 = 15%, 18729 KB/s], Decompressed: 34
fast-j	Install official verification toolchain	2026-10-08T05:58:05.6408434Z Downloaded: 1718 file(s) [attempted 1718/8542 = 20%, 34677 KB/s], Decompressed: 34
fast-j	Install official verification toolchain	2026-10-08T05:58:05.7487602Z Downloaded: 2093 file(s) [attempted 2093/8542 = 24%, 7207 KB/s], Decompressed: 208
fast-j	Install official verification toolchain	2026-10-08T05:58:05.8469959Z Downloaded: 2434 file(s) [attempted 2434/8542 = 28%, 6699 KB/s], Decompressed: 208
fast-j	Install official verification toolchain	2026-10-08T05:58:05.9487724Z Downloaded: 2866 file(s) [attempted 2866/8542 = 33%, 9762 KB/s], Decompressed: 208
fast-j	Install official verification toolchain	2026-10-08T05:58:06.0487813Z Downloaded: 3247 file(s) [attempted 3247/8542 = 38%, 6731 KB/s], Decompressed: 208
fast-j	Install official verification toolchain	2026-10-08T05:58:06.1542152Z Downloaded: 3610 file(s) [attempted 3610/8542 = 42%, 1047 KB/s], Decompressed: 208
fast-j	Install official verification toolchain	2026-10-08T05:58:06.2537608Z Downloaded: 4005 file(s) [attempted 4005/8542 = 46%, 10148 KB/s], Decompressed: 208
fast-j	Install official verification toolchain	2026-10-08T05:58:06.3537500Z Downloaded: 4327 file(s) [attempted 4327/8542 = 50%, 15462 KB/s], Decompressed: 208
fast-j	Install official verification toolchain	2026-10-08T05:58:06.4549493Z Downloaded: 4678 file(s) [attempted 4678/8542 = 54%, 3286 KB/s], Decompressed: 208
fast-j	Install official verification toolchain	2026-10-08T05:58:06.5584955Z Downloaded: 5000 file(s) [attempted 5000/8542 = 58%, 15334 KB/s], Decompressed: 208
fast-j	Install official verification toolchain	2026-10-08T05:58:06.6595047Z Downloaded: 5409 file(s) [attempted 5409/8542 = 63%, 2209 KB/s], Decompressed: 208
fast-j	Install official verification toolchain	2026-10-08T05:58:06.7593124Z Downloaded: 5746 file(s) [attempted 5746/8542 = 67%, 5825 KB/s], Decompressed: 208
fast-j	Install official verification toolchain	2026-10-08T05:58:06.8604386Z Downloaded: 6041 file(s) [attempted 6041/8542 = 70%, 3412 KB/s], Decompressed: 208
fast-j	Install official verification toolchain	2026-10-08T05:58:06.9648162Z Downloaded: 6376 file(s) [attempted 6376/8542 = 74%, 6189 KB/s], Decompressed: 208
fast-j	Install official verification toolchain	2026-10-08T05:58:07.0691780Z Downloaded: 6769 file(s) [attempted 6769/8542 = 79%, 20525 KB/s], Decompressed: 208
fast-j	Install official verification toolchain	2026-10-08T05:58:07.1787496Z Downloaded: 7090 file(s) [attempted 7090/8542 = 83%, 3189 KB/s], Decompressed: 208
fast-j	Install official verification toolchain	2026-10-08T05:58:07.2781058Z Downloaded: 7390 file(s) [attempted 7390/8542 = 86%, 4647 KB/s], Decompressed: 208
fast-j	Install official verification toolchain	2026-10-08T05:58:07.3817814Z Downloaded: 7699 file(s) [attempted 7699/8542 = 90%, 9852 KB/s], Decompressed: 208
fast-j	Install official verification toolchain	2026-10-08T05:58:07.4809460Z Downloaded: 7851 file(s) [attempted 7851/8542 = 91%, 6767 KB/s], Decompressed: 208
fast-j	Install official verification toolchain	2026-10-08T05:58:07.5833630Z Downloaded: 8174 file(s) [attempted 8174/8542 = 95%, 3184 KB/s], Decompressed: 208
fast-j	Install official verification toolchain	2026-10-08T05:58:07.6840812Z Downloaded: 8476 file(s) [attempted 8476/8542 = 99%, 16702 KB/s], Decompressed: 208
fast-j	Install official verification toolchain	2026-10-08T05:58:07.6930246Z Downloaded: 8541 file(s) [attempted 8541/8542 = 99%, 361 KB/s], Decompressed: 208
fast-j	Install official verification toolchain	2026-10-08T05:58:07.6966565Z Downloaded: 8542 file(s) [attempted 8542/8542 = 100%, 361 KB/s], Decompressed: 208
fast-j	Install official verification toolchain	2026-10-08T05:58:36.4344158Z Decompressed 8542 file(s)
fast-j	Install official verification toolchain	2026-10-08T05:58:36.4344522Z Already decompressed 8542 file(s)
fast-j	Install official verification toolchain	2026-10-08T05:58:37.2744642Z info: plausible: cloning https://github.com/leanprover-community/plausible
fast-j	Install official verification toolchain	2026-10-08T05:58:37.8506675Z info: plausible: checking out revision '63045536fe95024e6c18fc7b48e03f506701c5bc'
fast-j	Install official verification toolchain	2026-10-08T05:58:37.9010026Z info: LeanSearchClient: cloning https://github.com/leanprover-community/LeanSearchClient
fast-j	Install official verification toolchain	2026-10-08T05:58:38.5700773Z info: LeanSearchClient: checking out revision 'c5d5b8fe6e5158def25cd28eb94e4141ad97c843'
fast-j	Install official verification toolchain	2026-10-08T05:58:38.5910319Z info: importGraph: cloning https://github.com/leanprover-community/import-graph
fast-j	Install official verification toolchain	2026-10-08T05:58:39.1060423Z info: importGraph: checking out revision '5c7542ed018c78194f1e2b903eaf6a792b74c03d'
fast-j	Install official verification toolchain	2026-10-08T05:58:39.1516512Z info: proofwidgets: cloning https://github.com/leanprover-community/ProofWidgets4
fast-j	Install official verification toolchain	2026-10-08T05:58:40.5846194Z info: proofwidgets: checking out revision '24b0d9dc081c5423f8eec7e866c441e5184f29d9'
fast-j	Install official verification toolchain	2026-10-08T05:58:41.0373957Z info: aesop: cloning https://github.com/leanprover-community/aesop
fast-j	Install official verification toolchain	2026-10-08T05:58:42.0946237Z info: aesop: checking out revision 'e3cb2f741431ce31bf73549fb52316a57368b06f'
fast-j	Install official verification toolchain	2026-10-08T05:58:42.1350143Z info: Qq: cloning https://github.com/leanprover-community/quote4
fast-j	Install official verification toolchain	2026-10-08T05:58:42.7655047Z info: Qq: checking out revision 'f46324995fca5f0483b742e4eb4daec7f4ee50d2'
fast-j	Install official verification toolchain	2026-10-08T05:58:42.8069740Z info: batteries: cloning https://github.com/leanprover-community/batteries
fast-j	Install official verification toolchain	2026-10-08T05:58:45.0755907Z info: batteries: checking out revision 'fa08db58b30eb033edcdab331bba000827f9f785'
fast-j	Install official verification toolchain	2026-10-08T05:58:45.1033002Z info: Cli: cloning https://github.com/leanprover/lean4-cli
fast-j	Install official verification toolchain	2026-10-08T05:58:45.4400739Z info: Cli: checking out revision '92564e5770e4d09f2d86dfbf8ada1e9c715b384c'
fast-j	Install official verification toolchain	2026-10-08T05:58:46.1517551Z ✔ [8/24] Built Batteries.Data.String.Basic (314ms)
fast-j	Install official verification toolchain	2026-10-08T05:58:46.2512956Z ✔ [9/24] Built Batteries.Data.String.Basic:c.o (120ms)
fast-j	Install official verification toolchain	2026-10-08T05:58:46.3514363Z ✔ [10/24] Built Batteries.Data.Array.Match (579ms)
fast-j	Install official verification toolchain	2026-10-08T05:58:46.5517505Z ✔ [11/24] Built Batteries.Tactic.OpenPrivate (747ms)
fast-j	Install official verification toolchain	2026-10-08T05:58:46.5518067Z ✔ [14/24] Built Batteries.Data.Array.Match:c.o (191ms)
fast-j	Install official verification toolchain	2026-10-08T05:58:46.6518802Z ✔ [17/24] Built Batteries.Data.String.Matcher (280ms)
fast-j	Install official verification toolchain	2026-10-08T05:58:46.7519449Z ✔ [22/24] Built Batteries.Data.String.Matcher:c.o (112ms)
fast-j	Install official verification toolchain	2026-10-08T05:58:47.2523379Z ✔ [23/24] Built Batteries.Tactic.OpenPrivate:c.o (699ms)
fast-j	Install official verification toolchain	2026-10-08T05:58:50.5610272Z Decompressing 368 already-cached file(s) (8174 already decompressed)
fast-j	Install official verification toolchain	2026-10-08T05:58:50.5610584Z Current branch: HEAD
fast-j	Install official verification toolchain	2026-10-08T05:58:50.5610764Z Using cache (Azure) from origin: (some leanprover-community/mathlib4)
fast-j	Install official verification toolchain	2026-10-08T05:58:50.5610955Z No files to download
fast-j	Install official verification toolchain	2026-10-08T05:58:50.5611083Z Decompressed 368 already-cached file(s)
fast-j	Install official verification toolchain	2026-10-08T05:58:50.5611258Z Completed successfully in 1309 ms!
fast-j	Install official verification toolchain	2026-10-08T05:58:50.6144435Z   ^[[32m✓^[[0m fetched dependencies into lean/.lake/packages
fast-j	Install official verification toolchain	2026-10-08T05:58:50.6144736Z 
fast-j	Install official verification toolchain	2026-10-08T05:58:50.6144865Z ^[[1m5/6  Build^[[0m
fast-j	Install official verification toolchain	2026-10-08T05:59:01.1789205Z   ^[[32m✓^[[0m contract (lean/Lz77)
fast-j	Install official verification toolchain	2026-10-08T05:59:23.7105103Z   ^[[32m✓^[[0m slot and measure crates
fast-j	Install official verification toolchain	2026-10-08T05:59:23.7105549Z   ^[[32m✓^[[0m C compiler for the engine (cc)
fast-j	Install official verification toolchain	2026-10-08T05:59:24.8595255Z   ^[[32m✓^[[0m python deps in /home/runner/work/_temp/deflate-upstream/.venv/bin/python
fast-j	Install official verification toolchain	2026-10-08T05:59:24.8595852Z   ^[[32m✓^[[0m bubblewrap for the proof sandbox
fast-j	Install official verification toolchain	2026-10-08T05:59:24.8596823Z   ^[[32m✓^[[0m systemd-run for the memory cap
fast-j	Install official verification toolchain	2026-10-08T05:59:24.8596991Z 
fast-j	Install official verification toolchain	2026-10-08T05:59:24.8597098Z ^[[1m6/6  Self-test^[[0m
fast-j	Install official verification toolchain	2026-10-08T05:59:25.5548179Z 2026-10-08 05:59:25.554 | DEBUG    | __main__:stage_intake:261 - [gate] parse.rs c756784f2c5bdaf7 -> slot/generated/parse.rs
fast-j	Install official verification toolchain	2026-10-08T05:59:25.5550447Z 2026-10-08 05:59:25.554 | DEBUG    | __main__:stage_intake:261 - [gate] Parse.lean 1cbccb0f91b22437 -> lean/Proof/Parse.lean
fast-j	Install official verification toolchain	2026-10-08T05:59:25.5998025Z 2026-10-08 05:59:25.599 | DEBUG    | sandbox.bwrap:run:110 - [bwrap] rustup exit=0 in 0.0s
fast-j	Install official verification toolchain	2026-10-08T05:59:25.7979724Z 2026-10-08 05:59:25.797 | DEBUG    | sandbox.bwrap:run:110 - [bwrap] extract.sh exit=0 in 0.2s
fast-j	Install official verification toolchain	2026-10-08T05:59:26.6814751Z 2026-10-08 05:59:26.680 | DEBUG    | sandbox.bwrap:run:110 - [bwrap] extract.sh exit=0 in 0.9s
fast-j	Install official verification toolchain	2026-10-08T05:59:26.6815587Z 2026-10-08 05:59:26.681 | DEBUG    | __main__:stage_extract:356 - [gate] extracted Types.lean 276d4089d337e0d7, Funs.lean 6d69472a9a018640, Constants.lean 7f3588b4c89a448d
fast-j	Install official verification toolchain	2026-10-08T05:59:28.3104201Z 2026-10-08 05:59:28.310 | DEBUG    | sandbox.bwrap:run:110 - [bwrap] lake exit=0 in 1.6s
fast-j	Install official verification toolchain	2026-10-08T05:59:37.0841026Z 2026-10-08 05:59:37.083 | DEBUG    | sandbox.bwrap:run:110 - [bwrap] lake exit=0 in 8.8s
fast-j	Install official verification toolchain	2026-10-08T05:59:48.6496661Z 2026-10-08 05:59:48.649 | DEBUG    | sandbox.bwrap:run:110 - [bwrap] lake exit=0 in 11.6s
fast-j	Install official verification toolchain	2026-10-08T05:59:50.7801179Z 2026-10-08 05:59:50.779 | DEBUG    | sandbox.bwrap:run:110 - [bwrap] lake exit=0 in 2.1s
fast-j	Install official verification toolchain	2026-10-08T05:59:52.8709366Z 2026-10-08 05:59:52.870 | DEBUG    | sandbox.bwrap:run:110 - [bwrap] lake exit=0 in 2.1s
fast-j	Install official verification toolchain	2026-10-08T05:59:52.8717297Z 2026-10-08 05:59:52.871 | DEBUG    | __main__:stage_axioms:423 - [gate] axiom query stdout: "'accepted' depends on axioms: [propext, Classical.choice, Quot.sound]"
fast-j	Install official verification toolchain	2026-10-08T05:59:52.8748573Z 2026-10-08 05:59:52.871 | INFO     | __main__:main:703 - [gate] verification accepted in 27.3s (bwrap, 900s, 16384 MB)
fast-j	Install official verification toolchain	2026-10-08T05:59:52.8773145Z verifying /home/runner/work/_temp/deflate-upstream/miner/template
fast-j	Install official verification toolchain	2026-10-08T05:59:52.8773662Z workspace: /home/runner/work/_temp/deflate-upstream/data/verification-workspace/verify-_sr8m85p
fast-j	Install official verification toolchain	2026-10-08T05:59:52.8773877Z 
fast-j	Install official verification toolchain	2026-10-08T05:59:52.8774254Z 0 intake      ok — template: parse.rs, Parse.lean
fast-j	Install official verification toolchain	2026-10-08T05:59:52.8774587Z 1 policy      ok — source prefilters passed
fast-j	Install official verification toolchain	2026-10-08T05:59:52.8781344Z 2 static      ok — resolved operations: core::num::{impl}::wrapping_add, core::num::{impl}::wrapping_mul, core::slice::{impl}::len
fast-j	Install official verification toolchain	2026-10-08T05:59:52.8781750Z 3 extract     ok — charon+aeneas re-run by the verifier, no new axioms
fast-j	Install official verification toolchain	2026-10-08T05:59:52.8782068Z 4 statement   ok — `LZ77.Obligation slot.parse` typechecks (bwrap, 900s, 16384 MB)
fast-j	Install official verification toolchain	2026-10-08T05:59:52.8782391Z 5 axioms      ok — ['Classical.choice', 'Quot.sound', 'propext']; extraction intact
fast-j	Install official verification toolchain	2026-10-08T05:59:52.8782576Z 
fast-j	Install official verification toolchain	2026-10-08T05:59:52.8782637Z proof accepted (scoring skipped)
fast-j	Install official verification toolchain	2026-10-08T05:59:52.9245516Z 
fast-j	Install official verification toolchain	2026-10-08T05:59:52.9246041Z ^[[1minit ok.^[[0m Toolchain in use:
fast-j	Install official verification toolchain	2026-10-08T05:59:52.9246851Z   AENEAS_WORK    /home/runner/work/_temp/deflate-upstream/validator/.work/aeneas
fast-j	Install official verification toolchain	2026-10-08T05:59:52.9247152Z   CHARON_DIR     /home/runner/work/_temp/deflate-upstream/validator/.work/aeneas
fast-j	Install official verification toolchain	2026-10-08T05:59:52.9247422Z   ELAN_HOME      /home/runner/work/_temp/deflate-upstream/validator/.work/elan
fast-j	Install official verification toolchain	2026-10-08T05:59:52.9247641Z   LEAN_PACKAGES  (own checkout under lean/.lake)
fast-j	Install official verification toolchain	2026-10-08T05:59:52.9247755Z 
fast-j	Install official verification toolchain	2026-10-08T05:59:52.9247802Z Next:  just smoke
fast-j	Install official verification toolchain	2026-10-08T05:59:52.9249232Z 
fast-j	Install official verification toolchain	2026-10-08T05:59:52.9249467Z ^[[1msetup done.^[[0m  Next:  just check miner/template     just --list
fast-j	Install official verification toolchain	2026-10-08T05:59:52.9449710Z /home/runner/work/_temp/deflate-upstream/setup.sh --check
fast-j	Install official verification toolchain	2026-10-08T05:59:52.9493300Z 
fast-j	Install official verification toolchain	2026-10-08T05:59:52.9493578Z ^[[1m1/9  System packages^[[0m
fast-j	Install official verification toolchain	2026-10-08T05:59:52.9496285Z   ^[[32m✓^[[0m cc, curl, python3, git, bubblewrap present
fast-j	Install official verification toolchain	2026-10-08T05:59:52.9496602Z 
fast-j	Install official verification toolchain	2026-10-08T05:59:52.9496674Z ^[[1m2/9  just (1.58.0)^[[0m
fast-j	Install official verification toolchain	2026-10-08T05:59:52.9563142Z   ^[[32m✓^[[0m just 1.58.0 at /home/runner/.local/bin/just
fast-j	Install official verification toolchain	2026-10-08T05:59:52.9563321Z 
fast-j	Install official verification toolchain	2026-10-08T05:59:52.9563393Z ^[[1m3/9  uv (0.12.15)^[[0m
fast-j	Install official verification toolchain	2026-10-08T05:59:52.9912241Z   ^[[32m✓^[[0m uv 0.12.15 at /home/runner/.local/bin/uv
fast-j	Install official verification toolchain	2026-10-08T05:59:52.9912473Z 
fast-j	Install official verification toolchain	2026-10-08T05:59:52.9912668Z ^[[1m4/9  Python environment (.venv, from pyproject.toml)^[[0m
fast-j	Install official verification toolchain	2026-10-08T05:59:53.6937077Z   ^[[32m✓^[[0m .venv complete
fast-j	Install official verification toolchain	2026-10-08T05:59:53.7043380Z   ^[[33m·^[[0m bittensor SDK absent - miners do not need it; validators run ./setup.sh --chain
fast-j	Install official verification toolchain	2026-10-08T05:59:53.7043677Z 
fast-j	Install official verification toolchain	2026-10-08T05:59:53.7043811Z ^[[1m5/9  Trusted-input audit^[[0m
fast-j	Install official verification toolchain	2026-10-08T05:59:53.7044162Z   ^[[32m✓^[[0m gate worker records observed code and benchmark identities
fast-j	Install official verification toolchain	2026-10-08T05:59:53.7044368Z 
fast-j	Install official verification toolchain	2026-10-08T05:59:53.7044445Z ^[[1m6/9  Configuration (.env)^[[0m
fast-j	Install official verification toolchain	2026-10-08T05:59:53.7045811Z   ^[[32m✓^[[0m .env present
fast-j	Install official verification toolchain	2026-10-08T05:59:53.7045930Z 
fast-j	Install official verification toolchain	2026-10-08T05:59:53.7046165Z ^[[1m7/9  Scoring corpus (corpus-stage1, the benchmark default)^[[0m
fast-j	Install official verification toolchain	2026-10-08T05:59:53.7061121Z   ^[[32m✓^[[0m data/benchmark/corpus-stage1 present
fast-j	Install official verification toolchain	2026-10-08T05:59:53.7061505Z 
fast-j	Install official verification toolchain	2026-10-08T05:59:53.7061794Z ^[[1m8/9  Slot (validator/slot/src/parse.rs is a symlink to generated/, gitignored)^[[0m
fast-j	Install official verification toolchain	2026-10-08T05:59:53.7062185Z   ^[[32m✓^[[0m validator/slot/generated/parse.rs present
fast-j	Install official verification toolchain	2026-10-08T05:59:53.7062307Z 
fast-j	Install official verification toolchain	2026-10-08T05:59:53.7062404Z ^[[1m9/9  Toolchain: Lean, Aeneas, Charon, Mathlib^[[0m
fast-j	Install official verification toolchain	2026-10-08T05:59:53.7110577Z 
fast-j	Install official verification toolchain	2026-10-08T05:59:53.7110893Z ^[[1m1/6  Lean toolchain (leanprover/lean4:v4.31.0)^[[0m
fast-j	Install official verification toolchain	2026-10-08T05:59:53.7111359Z   ^[[32m✓^[[0m elan at /home/runner/work/_temp/deflate-upstream/validator/.work/elan
fast-j	Install official verification toolchain	2026-10-08T05:59:53.7426553Z   ^[[32m✓^[[0m Lean (version 4.31.0, x86_64-unknown-linux-gnu, commit 68218e876d2a38b1985b8590fff244a83c321783, Release)
fast-j	Install official verification toolchain	2026-10-08T05:59:53.7426991Z 
fast-j	Install official verification toolchain	2026-10-08T05:59:53.7427189Z ^[[1m2/6  Aeneas + Charon (nightly-2026.08.27-5b9dcf3 release)^[[0m
fast-j	Install official verification toolchain	2026-10-08T05:59:53.7427982Z   ^[[32m✓^[[0m aeneas at /home/runner/work/_temp/deflate-upstream/validator/.work/aeneas/aeneas
fast-j	Install official verification toolchain	2026-10-08T05:59:53.7428355Z   ^[[32m✓^[[0m charon at /home/runner/work/_temp/deflate-upstream/validator/.work/aeneas/charon
fast-j	Install official verification toolchain	2026-10-08T05:59:53.7428733Z 
fast-j	Install official verification toolchain	2026-10-08T05:59:53.7428938Z ^[[1m3/6  Rust nightly for charon-driver (nightly-2026-08-18 + rustc-dev)^[[0m
fast-j	Install official verification toolchain	2026-10-08T05:59:53.7493874Z   ^[[32m✓^[[0m nightly-2026-08-18 installed
fast-j	Install official verification toolchain	2026-10-08T05:59:53.7494124Z 
fast-j	Install official verification toolchain	2026-10-08T05:59:53.7494297Z ^[[1m4/6  Lean dependencies (Aeneas backend + Mathlib)^[[0m
fast-j	Install official verification toolchain	2026-10-08T05:59:53.7494624Z   ^[[32m✓^[[0m lean/.lake/packages present
fast-j	Install official verification toolchain	2026-10-08T05:59:53.7494779Z 
fast-j	Install official verification toolchain	2026-10-08T05:59:53.7494871Z ^[[1m5/6  Build^[[0m
fast-j	Install official verification toolchain	2026-10-08T05:59:53.7495079Z   ^[[32m✓^[[0m contract built
fast-j	Install official verification toolchain	2026-10-08T05:59:53.7495309Z   ^[[32m✓^[[0m syntax checker built
fast-j	Install official verification toolchain	2026-10-08T05:59:53.7495540Z   ^[[32m✓^[[0m engine built
fast-j	Install official verification toolchain	2026-10-08T05:59:53.7496289Z   ^[[32m✓^[[0m C compiler for the engine (cc)
fast-j	Install official verification toolchain	2026-10-08T05:59:53.9765645Z   ^[[32m✓^[[0m python deps in /home/runner/work/_temp/deflate-upstream/.venv/bin/python
fast-j	Install official verification toolchain	2026-10-08T05:59:53.9766177Z   ^[[32m✓^[[0m bubblewrap for the proof sandbox
fast-j	Install official verification toolchain	2026-10-08T05:59:53.9766507Z   ^[[32m✓^[[0m systemd-run for the memory cap
fast-j	Install official verification toolchain	2026-10-08T05:59:53.9767050Z 
fast-j	Install official verification toolchain	2026-10-08T05:59:53.9767124Z ^[[1m6/6  Self-test^[[0m
fast-j	Install official verification toolchain	2026-10-08T05:59:53.9767332Z   ^[[32m✓^[[0m everything present — run without --check to self-test
fast-j	Install official verification toolchain	2026-10-08T05:59:53.9770024Z 
fast-j	Install official verification toolchain	2026-10-08T05:59:53.9770186Z ^[[1mready.^[[0m
fast-j	Install official verification toolchain	2026-10-08T05:59:53.9815529Z /home/runner/work/_temp/deflate-upstream/.venv/bin/python /home/runner/work/_temp/deflate-upstream/validator/verifier/pins.py --check
fast-j	Install official verification toolchain	2026-10-08T05:59:54.0091729Z pins ok — 70 contract, engine and gate files unchanged
fast-j	Install official verification toolchain	2026-10-08T05:59:54.0148319Z a356bbff18b60c4527fbcc85d5a28ef9c20214e0
fast-j	Install official verification toolchain	2026-10-08T05:59:54.0421894Z Lean (version 4.31.0, x86_64-unknown-linux-gnu, commit 68218e876d2a38b1985b8590fff244a83c321783, Release)
fast-j	Install official verification toolchain	2026-10-08T05:59:54.0543247Z rustc 1.100.0-nightly (8fa1c96cf 2026-08-17)
fast-j	Install official verification toolchain	2026-10-08T05:59:54.0563658Z just 1.58.0
fast-j	Install official verification toolchain	2026-10-08T05:59:54.0600533Z uv 0.12.15 (x86_64-unknown-linux-gnu)
fast-j	Install official verification toolchain	2026-10-08T05:59:54.0613532Z Linux runnervmmprz5 6.17.0-1022-azure #22-Ubuntu SMP Mon Jul 27 17:24:03 UTC 2026 x86_64 x86_64 x86_64 GNU/Linux
fast-j	Install official verification toolchain	2026-10-08T05:59:54.0646100Z CPU(s):                                  4
fast-j	Install official verification toolchain	2026-10-08T05:59:54.0646524Z Model name:                              AMD EPYC 9V45 96-Core Processor
fast-j	Install official verification toolchain	2026-10-08T05:59:54.0661537Z c756784f2c5bdaf7b44ad8e0e646d9777557a09974afa1999f69a215fe2b7376  miner/template/parse.rs
fast-j	Install official verification toolchain	2026-10-08T05:59:54.0662099Z 1cbccb0f91b22437209e785233c0a45d0a0713887c52fbfb8e5fec555c40b7a2  miner/template/Parse.lean
fast-j	Install official verification toolchain	2026-10-08T05:59:54.0672427Z 37e7b307e925cc855ee2135385e81f9653301024cfdcb7364e48f271a5781fb6  validator/lean/lake-manifest.json
fast-j	Install official verification toolchain	2026-10-08T05:59:54.0672800Z c6f818ab47f52b8d3161b0ee591e1ddb2ab8491a53d5609f9118730287b61f3b  validator/verifier/PINS.json
fast-j	Install official verification toolchain	2026-10-08T05:59:54.0710788Z 6d48a129b156a4e032a6378b96d4258f89c9ccd759decdc66fdbf32c312277f4  data/benchmark/corpus-stage1/binary.db.bin
fast-j	Install official verification toolchain	2026-10-08T05:59:54.0727225Z ada4433d366405395b1a415fbec247ce7e38525c05f4f09e40c111230394353c  data/benchmark/corpus-stage1/bundle.min.js.txt
fast-j	Install official verification toolchain	2026-10-08T05:59:54.0734960Z 94a0152009cf44a20483a564f8b32d7ef32e4fbbea53843da9848e7b5f43743a  data/benchmark/corpus-stage1/catalog.xml.txt
fast-j	Install official verification toolchain	2026-10-08T05:59:54.0741544Z dd2679f1b4553beb286ec43eda622e6c40e664b841de3af4887ee89faee223ec  data/benchmark/corpus-stage1/compressed.bin
fast-j	Install official verification toolchain	2026-10-08T05:59:54.0748985Z 9353520d1b7b493a7f6f90d019e876c1580636732fc0d3197e51ed0766e2d4e2  data/benchmark/corpus-stage1/config.yaml.txt
fast-j	Install official verification toolchain	2026-10-08T05:59:54.0761764Z 793cb2bc299557521c052defd985cddb934feac72d13b995cf475a0ff16347a5  data/benchmark/corpus-stage1/docs.md.txt
fast-j	Install official verification toolchain	2026-10-08T05:59:54.0766963Z eb8d600ef976556175ab9410909871582d6845712bba0ad30607a0e79e9e60ba  data/benchmark/corpus-stage1/dump.sql.txt
fast-j	Install official verification toolchain	2026-10-08T05:59:54.0785118Z 4b01b6b751d82ab6e1b5e5275c3308db25dd58e20afcd5c79b72caab7f8a2baf  data/benchmark/corpus-stage1/genome.fasta
fast-j	Install official verification toolchain	2026-10-08T05:59:54.0791580Z 4cbc5cc76fe6bf05b5d2d49c5b7c7fe23780e0c8895a503d68f913479ba17254  data/benchmark/corpus-stage1/images.bin
fast-j	Install official verification toolchain	2026-10-08T05:59:54.0807267Z 30ff2371b060320afcf60fa4e30c6a73855b5b704569e006bccc99262d37548e  data/benchmark/corpus-stage1/lean.txt
fast-j	Install official verification toolchain	2026-10-08T05:59:54.0815725Z f58b5b1ba7cb2061f5a747ac87f84f2508b287219101f4a9d78c9513cb237204  data/benchmark/corpus-stage1/machine-code.bin
fast-j	Install official verification toolchain	2026-10-08T05:59:54.0835133Z 4af8e993743404696f1a54e4d67e88f6a509414aed516b602c230b12e533e75c  data/benchmark/corpus-stage1/metrics.csv.txt
fast-j	Install official verification toolchain	2026-10-08T05:59:54.0850906Z 174352fedf18646ab739edcb5ecea17832e4f8b700aa3f5d4f824e0c6221722e  data/benchmark/corpus-stage1/multibyte.txt
fast-j	Install official verification toolchain	2026-10-08T05:59:54.0861871Z e2d69618c902e4c1847794b6f18ec67bb965da50ff68cda05305485b566e6ff2  data/benchmark/corpus-stage1/page.html.txt
fast-j	Install official verification toolchain	2026-10-08T05:59:54.0881711Z 77bcc8ef22132bc4ef34324dc7897870e76e9b97452d1a3610e7f803a4486f17  data/benchmark/corpus-stage1/prose.txt
fast-j	Install official verification toolchain	2026-10-08T05:59:54.0890689Z 63decf627edee015caecc4a8ab97c8a6d19606fcf115e2a98a9ac837c7ca1646  data/benchmark/corpus-stage1/records.json.txt
fast-j	Install official verification toolchain	2026-10-08T05:59:54.0909588Z d7f2ee8a39592832c2c46089d07fc33c0bf1f985084577849a6db368d90cb700  data/benchmark/corpus-stage1/server.log
fast-j	Install official verification toolchain	2026-10-08T05:59:54.0929277Z b04133d396ba4c81be9b5b9cf096402ed61526a85e2918c8553e3c9c15717cc3  data/benchmark/corpus-stage1/source.c.txt
fast-j	Install official verification toolchain	2026-10-08T05:59:54.0940142Z dd4793f64b001c006b92f74e4488e91d4022893259bd88a2acbdf16cdad7a44b  data/benchmark/corpus-stage1/source.py.txt
fast-j	Install official verification toolchain	2026-10-08T05:59:54.0951985Z 12edca346da882992b772a5686a191324858e46842626967cd89130d4c70bbd3  data/benchmark/corpus-stage1/source.rs.txt
fast-j	Install official verification toolchain	2026-10-08T05:59:54.0959010Z 0f7395da91e686b53af9c818b6b96fa0a2eb7ac0b243a42247319341b8e7d522  data/benchmark/corpus-stage1/sourcemap.map.txt
fast-j	Install official verification toolchain	2026-10-08T05:59:54.0961308Z e5d1db67caf732b985c2226791836f311774b6fe464a5d71e6f3fff3e6725f36  data/benchmark/corpus-stage1/sparse.bin
fast-j	Install official verification toolchain	2026-10-08T05:59:54.0963182Z 0f806a930a41f56b5c9d85f91e81af6e90edf17ee6c66dabd88dcf63e18acf14  data/benchmark/corpus-stage1/tiny-app.log
fast-j	Install official verification toolchain	2026-10-08T05:59:54.0964894Z 4ecee10b0b6b41ba5d1693b70ac95cb03de1a05712739e4bc6641b3af6cb0a73  data/benchmark/corpus-stage1/tiny-config.json.txt
fast-j	Install official verification toolchain	2026-10-08T05:59:54.0974035Z e64e112bd3b2c63509c2dc3e687bb91e7e06dbc4bd13ecbdaac41241d0f03b1f  data/benchmark/corpus-stage1/weights-bf16.bin
fast-j	Install official verification toolchain	2026-10-08T05:59:54.0980137Z 134a2ec77375f13fab74a200a80bc768dd6c3d4403bfccb473b38941fb2ff955  data/benchmark/corpus-stage1/weights-f16.bin
fast-j	Install official verification toolchain	2026-10-08T05:59:54.0987618Z cbb1608ac057ef06f7dd2e6bb0ba32fa6a6ce6f91699c0e9c05f5644acc2c74d  data/benchmark/corpus-stage1/weights-f32.bin
fast-j	Install official verification toolchain	2026-10-08T05:59:54.0994248Z c81adeb809c26ef1dd391c0a640c95b3ad76ebab127d690b5a7fdbe2e412779a  data/benchmark/corpus-stage1/weights-q8.bin
fast-j	Install official verification toolchain	2026-10-08T05:59:54.1719831Z Filesystem      Size  Used Avail Use% Mounted on
fast-j	Install official verification toolchain	2026-10-08T05:59:54.1720100Z /dev/root       145G   48G   97G  34% /
fast-j	Check requested finite equivalence	﻿2026-10-08T05:59:54.1749504Z ##[group]Run export PATH="$HOME/.local/bin:$HOME/.cargo/bin:$ELAN_HOME/bin:$PATH"
fast-j	Check requested finite equivalence	2026-10-08T05:59:54.1749835Z ^[[36;1mexport PATH="$HOME/.local/bin:$HOME/.cargo/bin:$ELAN_HOME/bin:$PATH"^[[0m
fast-j	Check requested finite equivalence	2026-10-08T05:59:54.1750103Z ^[[36;1m"$DEFLATE_ROOT/.venv/bin/python" scripts/research-round4.py^[[0m
fast-j	Check requested finite equivalence	2026-10-08T05:59:54.2107821Z shell: /usr/bin/bash -e {0}
fast-j	Check requested finite equivalence	2026-10-08T05:59:54.2107961Z env:
fast-j	Check requested finite equivalence	2026-10-08T05:59:54.2108072Z   ROUND4_SPEC: fast-j
fast-j	Check requested finite equivalence	2026-10-08T05:59:54.2108202Z   ROUND4_SPEC_DIR: evidence/round11
fast-j	Check requested finite equivalence	2026-10-08T05:59:54.2108377Z   DEFLATE_ROOT: /home/runner/work/_temp/deflate-upstream
fast-j	Check requested finite equivalence	2026-10-08T05:59:54.2108608Z   ELAN_HOME: /home/runner/work/_temp/deflate-upstream/validator/.work/elan
fast-j	Check requested finite equivalence	2026-10-08T05:59:54.2108834Z   XDG_CACHE_HOME: /home/runner/work/_temp/deflate-cache
fast-j	Check requested finite equivalence	2026-10-08T05:59:54.2109029Z   UV_CACHE_DIR: /home/runner/work/_temp/deflate-cache/uv
fast-j	Check requested finite equivalence	2026-10-08T05:59:54.2109200Z   XDG_RUNTIME_DIR: /run/user/1001
fast-j	Check requested finite equivalence	2026-10-08T05:59:54.2109363Z   DBUS_SESSION_BUS_ADDRESS: unix:path=/run/user/1001/bus
fast-j	Check requested finite equivalence	2026-10-08T05:59:54.2109565Z   VERIFY_CORPUS: corpus-stage1
fast-j	Check requested finite equivalence	2026-10-08T05:59:54.2109698Z   VERIFY_SANDBOX: bwrap
fast-j	Check requested finite equivalence	2026-10-08T05:59:54.2109840Z   GIT_TERMINAL_PROMPT: 0
fast-j	Check requested finite equivalence	2026-10-08T05:59:54.2109998Z ##[endgroup]
fast-j	Check requested finite equivalence	2026-10-08T05:59:55.9495467Z EQUIVALENCE_RESULT r11-fast-skipahead r3-432-fast3 444 0
fast-j	Check requested finite equivalence	2026-10-08T05:59:55.9495727Z 
fast-j	Extract requested research candidates	﻿2026-10-08T05:59:55.9587286Z ##[group]Run export PATH="$HOME/.local/bin:$HOME/.cargo/bin:$ELAN_HOME/bin:$PATH"
fast-j	Extract requested research candidates	2026-10-08T05:59:55.9587617Z ^[[36;1mexport PATH="$HOME/.local/bin:$HOME/.cargo/bin:$ELAN_HOME/bin:$PATH"^[[0m
fast-j	Extract requested research candidates	2026-10-08T05:59:55.9587873Z ^[[36;1m"$DEFLATE_ROOT/.venv/bin/python" scripts/research-round5.py^[[0m
fast-j	Extract requested research candidates	2026-10-08T05:59:55.9639012Z shell: /usr/bin/bash -e {0}
fast-j	Extract requested research candidates	2026-10-08T05:59:55.9639148Z env:
fast-j	Extract requested research candidates	2026-10-08T05:59:55.9639254Z   ROUND4_SPEC: fast-j
fast-j	Extract requested research candidates	2026-10-08T05:59:55.9639382Z   ROUND4_SPEC_DIR: evidence/round11
fast-j	Extract requested research candidates	2026-10-08T05:59:55.9639554Z   DEFLATE_ROOT: /home/runner/work/_temp/deflate-upstream
fast-j	Extract requested research candidates	2026-10-08T05:59:55.9639788Z   ELAN_HOME: /home/runner/work/_temp/deflate-upstream/validator/.work/elan
fast-j	Extract requested research candidates	2026-10-08T05:59:55.9640016Z   XDG_CACHE_HOME: /home/runner/work/_temp/deflate-cache
fast-j	Extract requested research candidates	2026-10-08T05:59:55.9640207Z   UV_CACHE_DIR: /home/runner/work/_temp/deflate-cache/uv
fast-j	Extract requested research candidates	2026-10-08T05:59:55.9640383Z   XDG_RUNTIME_DIR: /run/user/1001
fast-j	Extract requested research candidates	2026-10-08T05:59:55.9640545Z   DBUS_SESSION_BUS_ADDRESS: unix:path=/run/user/1001/bus
fast-j	Extract requested research candidates	2026-10-08T05:59:55.9640746Z   VERIFY_CORPUS: corpus-stage1
fast-j	Extract requested research candidates	2026-10-08T05:59:55.9640880Z   VERIFY_SANDBOX: bwrap
fast-j	Extract requested research candidates	2026-10-08T05:59:55.9641001Z   GIT_TERMINAL_PROMPT: 0
fast-j	Extract requested research candidates	2026-10-08T05:59:55.9641121Z ##[endgroup]
fast-j	Extract requested research candidates	2026-10-08T06:00:07.4282267Z RESEARCH_EXTRACTION r11-fast-skipahead 0 PROOF_NOT_RUN
fast-j	Diagnose block phases and candidate discovery	﻿2026-10-08T06:00:07.4386738Z ##[group]Run export PATH="$HOME/.local/bin:$HOME/.cargo/bin:$ELAN_HOME/bin:$PATH"
fast-j	Diagnose block phases and candidate discovery	2026-10-08T06:00:07.4387071Z ^[[36;1mexport PATH="$HOME/.local/bin:$HOME/.cargo/bin:$ELAN_HOME/bin:$PATH"^[[0m
fast-j	Diagnose block phases and candidate discovery	2026-10-08T06:00:07.4387409Z ^[[36;1mif [[ "$ROUND4_SPEC_DIR" == evidence/round9 ]]; then "$DEFLATE_ROOT/.venv/bin/python" scripts/research-round9-phases.py; fi^[[0m
fast-j	Diagnose block phases and candidate discovery	2026-10-08T06:00:07.4387815Z ^[[36;1mif [[ "$ROUND4_SPEC_DIR" == evidence/round9 ]]; then "$DEFLATE_ROOT/.venv/bin/python" scripts/research-round9-finder.py; fi^[[0m
fast-j	Diagnose block phases and candidate discovery	2026-10-08T06:00:07.4388294Z ^[[36;1mif [[ "$ROUND4_SPEC_DIR" == evidence/round10 && -f scripts/research-round10-forward.py ]]; then "$DEFLATE_ROOT/.venv/bin/python" scripts/research-round10-forward.py; fi^[[0m
fast-j	Diagnose block phases and candidate discovery	2026-10-08T06:00:07.4388849Z ^[[36;1mif [[ "$ROUND4_SPEC_DIR" == evidence/round10 && -f scripts/research-round10-finder.py ]]; then "$DEFLATE_ROOT/.venv/bin/python" scripts/research-round10-finder.py; fi^[[0m
fast-j	Diagnose block phases and candidate discovery	2026-10-08T06:00:07.4389395Z ^[[36;1mif [[ "$ROUND4_SPEC_DIR" == evidence/round10 && -f scripts/research-round10-endprobe.py ]]; then "$DEFLATE_ROOT/.venv/bin/python" scripts/research-round10-endprobe.py; fi^[[0m
fast-j	Diagnose block phases and candidate discovery	2026-10-08T06:00:07.4389973Z ^[[36;1mif [[ "$ROUND4_SPEC_DIR" == evidence/round10 && -f scripts/research-round10-costcache.py ]]; then "$DEFLATE_ROOT/.venv/bin/python" scripts/research-round10-costcache.py; fi^[[0m
fast-j	Diagnose block phases and candidate discovery	2026-10-08T06:00:07.4390523Z ^[[36;1mif [[ "$ROUND4_SPEC_DIR" == evidence/round10 && -f scripts/research-round10-packed.py ]]; then "$DEFLATE_ROOT/.venv/bin/python" scripts/research-round10-packed.py; fi^[[0m
fast-j	Diagnose block phases and candidate discovery	2026-10-08T06:00:07.4391073Z ^[[36;1mif [[ "$ROUND4_SPEC_DIR" == evidence/round10 && -f scripts/research-round10-prefixmask.py ]]; then "$DEFLATE_ROOT/.venv/bin/python" scripts/research-round10-prefixmask.py; fi^[[0m
fast-j	Diagnose block phases and candidate discovery	2026-10-08T06:00:07.4391622Z ^[[36;1mif [[ "$ROUND4_SPEC_DIR" == evidence/round11 && -f scripts/research-round11-gap.py ]]; then "$DEFLATE_ROOT/.venv/bin/python" scripts/research-round11-gap.py; fi^[[0m
fast-j	Diagnose block phases and candidate discovery	2026-10-08T06:00:07.4392139Z ^[[36;1mif [[ "$ROUND4_SPEC_DIR" == evidence/round11 && -f scripts/research-round11-fast.py ]]; then "$DEFLATE_ROOT/.venv/bin/python" scripts/research-round11-fast.py; fi^[[0m
fast-j	Diagnose block phases and candidate discovery	2026-10-08T06:00:07.4441636Z shell: /usr/bin/bash -e {0}
fast-j	Diagnose block phases and candidate discovery	2026-10-08T06:00:07.4441779Z env:
fast-j	Diagnose block phases and candidate discovery	2026-10-08T06:00:07.4441884Z   ROUND4_SPEC: fast-j
fast-j	Diagnose block phases and candidate discovery	2026-10-08T06:00:07.4442014Z   ROUND4_SPEC_DIR: evidence/round11
fast-j	Diagnose block phases and candidate discovery	2026-10-08T06:00:07.4442182Z   DEFLATE_ROOT: /home/runner/work/_temp/deflate-upstream
fast-j	Diagnose block phases and candidate discovery	2026-10-08T06:00:07.4442400Z   ELAN_HOME: /home/runner/work/_temp/deflate-upstream/validator/.work/elan
fast-j	Diagnose block phases and candidate discovery	2026-10-08T06:00:07.4442620Z   XDG_CACHE_HOME: /home/runner/work/_temp/deflate-cache
fast-j	Diagnose block phases and candidate discovery	2026-10-08T06:00:07.4442930Z   UV_CACHE_DIR: /home/runner/work/_temp/deflate-cache/uv
fast-j	Diagnose block phases and candidate discovery	2026-10-08T06:00:07.4443094Z   XDG_RUNTIME_DIR: /run/user/1001
fast-j	Diagnose block phases and candidate discovery	2026-10-08T06:00:07.4443250Z   DBUS_SESSION_BUS_ADDRESS: unix:path=/run/user/1001/bus
fast-j	Diagnose block phases and candidate discovery	2026-10-08T06:00:07.4443413Z   VERIFY_CORPUS: corpus-stage1
fast-j	Diagnose block phases and candidate discovery	2026-10-08T06:00:07.4443540Z   VERIFY_SANDBOX: bwrap
fast-j	Diagnose block phases and candidate discovery	2026-10-08T06:00:07.4443657Z   GIT_TERMINAL_PROMPT: 0
fast-j	Diagnose block phases and candidate discovery	2026-10-08T06:00:07.4443780Z ##[endgroup]
fast-j	Diagnose block phases and candidate discovery	2026-10-08T06:00:07.4841207Z ROUND11_GAP_NOT_REQUESTED
fast-j	Diagnose block phases and candidate discovery	2026-10-08T06:00:07.5214042Z fast diagnostics not requested
fast-j	Publish early Round 11 mechanism diagnostics	﻿2026-10-08T06:00:07.5315024Z ##[group]Run actions/upload-artifact@ea165f8d65b6e75b540449e92b4886f43607fa02
fast-j	Publish early Round 11 mechanism diagnostics	2026-10-08T06:00:07.5315248Z with:
fast-j	Publish early Round 11 mechanism diagnostics	2026-10-08T06:00:07.5315377Z   name: r11-37734806965-fast-j-diagnostics
fast-j	Publish early Round 11 mechanism diagnostics	2026-10-08T06:00:07.5315677Z   path: /home/runner/work/_temp/round4-receipts/gap-diagnostics/
fast-j	Publish early Round 11 mechanism diagnostics	/home/runner/work/_temp/round4-receipts/fast-diagnostics/
fast-j	Publish early Round 11 mechanism diagnostics	
fast-j	Publish early Round 11 mechanism diagnostics	2026-10-08T06:00:07.5315969Z   retention-days: 1
fast-j	Publish early Round 11 mechanism diagnostics	2026-10-08T06:00:07.5316100Z   compression-level: 9
fast-j	Publish early Round 11 mechanism diagnostics	2026-10-08T06:00:07.5316224Z   if-no-files-found: ignore
fast-j	Publish early Round 11 mechanism diagnostics	2026-10-08T06:00:07.5316463Z   overwrite: false
fast-j	Publish early Round 11 mechanism diagnostics	2026-10-08T06:00:07.5316581Z   include-hidden-files: false
fast-j	Publish early Round 11 mechanism diagnostics	2026-10-08T06:00:07.5316710Z env:
fast-j	Publish early Round 11 mechanism diagnostics	2026-10-08T06:00:07.5316812Z   ROUND4_SPEC: fast-j
fast-j	Publish early Round 11 mechanism diagnostics	2026-10-08T06:00:07.5316934Z   ROUND4_SPEC_DIR: evidence/round11
fast-j	Publish early Round 11 mechanism diagnostics	2026-10-08T06:00:07.5317105Z   DEFLATE_ROOT: /home/runner/work/_temp/deflate-upstream
fast-j	Publish early Round 11 mechanism diagnostics	2026-10-08T06:00:07.5317331Z   ELAN_HOME: /home/runner/work/_temp/deflate-upstream/validator/.work/elan
fast-j	Publish early Round 11 mechanism diagnostics	2026-10-08T06:00:07.5317560Z   XDG_CACHE_HOME: /home/runner/work/_temp/deflate-cache
fast-j	Publish early Round 11 mechanism diagnostics	2026-10-08T06:00:07.5317776Z   UV_CACHE_DIR: /home/runner/work/_temp/deflate-cache/uv
fast-j	Publish early Round 11 mechanism diagnostics	2026-10-08T06:00:07.5317945Z   XDG_RUNTIME_DIR: /run/user/1001
fast-j	Publish early Round 11 mechanism diagnostics	2026-10-08T06:00:07.5318108Z   DBUS_SESSION_BUS_ADDRESS: unix:path=/run/user/1001/bus
fast-j	Publish early Round 11 mechanism diagnostics	2026-10-08T06:00:07.5318278Z   VERIFY_CORPUS: corpus-stage1
fast-j	Publish early Round 11 mechanism diagnostics	2026-10-08T06:00:07.5318409Z   VERIFY_SANDBOX: bwrap
fast-j	Publish early Round 11 mechanism diagnostics	2026-10-08T06:00:07.5318530Z   GIT_TERMINAL_PROMPT: 0
fast-j	Publish early Round 11 mechanism diagnostics	2026-10-08T06:00:07.5318653Z ##[endgroup]
fast-j	Publish early Round 11 mechanism diagnostics	2026-10-08T06:00:07.7805329Z (node:5657) [DEP0040] DeprecationWarning: The `punycode` module is deprecated. Please use a userland alternative instead.
fast-j	Publish early Round 11 mechanism diagnostics	2026-10-08T06:00:07.7806062Z (Use `node --trace-deprecation ...` to show where the warning was created)
fast-j	Publish early Round 11 mechanism diagnostics	2026-10-08T06:00:07.7834563Z Multiple search paths detected. Calculating the least common ancestor of all paths
fast-j	Publish early Round 11 mechanism diagnostics	2026-10-08T06:00:07.7835946Z The least common ancestor is /home/runner/work/_temp/round4-receipts. This will be the root directory of the artifact
fast-j	Publish early Round 11 mechanism diagnostics	2026-10-08T06:00:07.7836869Z No files were found with the provided path: /home/runner/work/_temp/round4-receipts/gap-diagnostics/
fast-j	Publish early Round 11 mechanism diagnostics	2026-10-08T06:00:07.7837661Z /home/runner/work/_temp/round4-receipts/fast-diagnostics/. No artifacts will be uploaded.
fast-j	Publish early extraction diagnostics	﻿2026-10-08T06:00:07.8081697Z ##[group]Run actions/upload-artifact@ea165f8d65b6e75b540449e92b4886f43607fa02
fast-j	Publish early extraction diagnostics	2026-10-08T06:00:07.8081924Z with:
fast-j	Publish early extraction diagnostics	2026-10-08T06:00:07.8082045Z   name: r11-37734806965-fast-j-extraction
fast-j	Publish early extraction diagnostics	2026-10-08T06:00:07.8082239Z   path: /home/runner/work/_temp/round4-receipts/research5/
fast-j	Publish early extraction diagnostics	2026-10-08T06:00:07.8082412Z   retention-days: 1
fast-j	Publish early extraction diagnostics	2026-10-08T06:00:07.8082527Z   compression-level: 9
fast-j	Publish early extraction diagnostics	2026-10-08T06:00:07.8082650Z   if-no-files-found: ignore
fast-j	Publish early extraction diagnostics	2026-10-08T06:00:07.8082883Z   overwrite: false
fast-j	Publish early extraction diagnostics	2026-10-08T06:00:07.8083080Z   include-hidden-files: false
fast-j	Publish early extraction diagnostics	2026-10-08T06:00:07.8083373Z env:
fast-j	Publish early extraction diagnostics	2026-10-08T06:00:07.8083565Z   ROUND4_SPEC: fast-j
fast-j	Publish early extraction diagnostics	2026-10-08T06:00:07.8083766Z   ROUND4_SPEC_DIR: evidence/round11
fast-j	Publish early extraction diagnostics	2026-10-08T06:00:07.8084085Z   DEFLATE_ROOT: /home/runner/work/_temp/deflate-upstream
fast-j	Publish early extraction diagnostics	2026-10-08T06:00:07.8084387Z   ELAN_HOME: /home/runner/work/_temp/deflate-upstream/validator/.work/elan
fast-j	Publish early extraction diagnostics	2026-10-08T06:00:07.8084679Z   XDG_CACHE_HOME: /home/runner/work/_temp/deflate-cache
fast-j	Publish early extraction diagnostics	2026-10-08T06:00:07.8142848Z   UV_CACHE_DIR: /home/runner/work/_temp/deflate-cache/uv
fast-j	Publish early extraction diagnostics	2026-10-08T06:00:07.8143839Z   XDG_RUNTIME_DIR: /run/user/1001
fast-j	Publish early extraction diagnostics	2026-10-08T06:00:07.8144194Z   DBUS_SESSION_BUS_ADDRESS: unix:path=/run/user/1001/bus
fast-j	Publish early extraction diagnostics	2026-10-08T06:00:07.8145044Z   VERIFY_CORPUS: corpus-stage1
fast-j	Publish early extraction diagnostics	2026-10-08T06:00:07.8145324Z   VERIFY_SANDBOX: bwrap
fast-j	Publish early extraction diagnostics	2026-10-08T06:00:07.8145520Z   GIT_TERMINAL_PROMPT: 0
fast-j	Publish early extraction diagnostics	2026-10-08T06:00:07.8145714Z ##[endgroup]
fast-j	Publish early extraction diagnostics	2026-10-08T06:00:07.9182850Z (node:5670) [DEP0040] DeprecationWarning: The `punycode` module is deprecated. Please use a userland alternative instead.
fast-j	Publish early extraction diagnostics	2026-10-08T06:00:07.9183424Z (Use `node --trace-deprecation ...` to show where the warning was created)
fast-j	Publish early extraction diagnostics	2026-10-08T06:00:07.9238359Z With the provided path, there will be 8 files uploaded
fast-j	Publish early extraction diagnostics	2026-10-08T06:00:07.9238809Z Artifact name is valid!
fast-j	Publish early extraction diagnostics	2026-10-08T06:00:07.9239015Z Root directory input is valid!
fast-j	Publish early extraction diagnostics	2026-10-08T06:00:08.2191644Z Beginning upload of artifact content to blob storage
fast-j	Publish early extraction diagnostics	2026-10-08T06:00:08.2498996Z (node:5670) [DEP0169] DeprecationWarning: `url.parse()` behavior is not standardized and prone to errors that have security implications. Use the WHATWG URL API instead. CVEs are not issued for `url.parse()` vulnerabilities.
fast-j	Publish early extraction diagnostics	2026-10-08T06:00:08.4454801Z Uploaded bytes 38629
fast-j	Publish early extraction diagnostics	2026-10-08T06:00:08.4883135Z Finished uploading artifact content to blob storage!
fast-j	Publish early extraction diagnostics	2026-10-08T06:00:08.4883705Z SHA256 digest of uploaded artifact zip is 0aca6e03269310cc17f0a533b0e138806b6ba231e3e11625d36187bf2fe8b58b
fast-j	Publish early extraction diagnostics	2026-10-08T06:00:08.4885055Z Finalizing artifact upload
fast-j	Publish early extraction diagnostics	2026-10-08T06:00:08.7037714Z Artifact r11-37734806965-fast-j-extraction.zip successfully finalized. Artifact ID 11531915536
fast-j	Publish early extraction diagnostics	2026-10-08T06:00:08.7038387Z Artifact r11-37734806965-fast-j-extraction has been successfully uploaded! Final size is 38629 bytes. Artifact ID is 11531915536
fast-j	Publish early extraction diagnostics	2026-10-08T06:00:08.7043082Z Artifact download URL: https://github.com/HuanHuanHuanFFF/Miner/actions/runs/37734806965/artifacts/11531915536
fast-j	Screen time and compression axes	﻿2026-10-08T06:00:08.7177823Z ##[group]Run export PATH="$HOME/.local/bin:$HOME/.cargo/bin:$ELAN_HOME/bin:$PATH"
fast-j	Screen time and compression axes	2026-10-08T06:00:08.7178138Z ^[[36;1mexport PATH="$HOME/.local/bin:$HOME/.cargo/bin:$ELAN_HOME/bin:$PATH"^[[0m
fast-j	Screen time and compression axes	2026-10-08T06:00:08.7178371Z ^[[36;1mexport PYTHONPATH="$DEFLATE_ROOT/validator"^[[0m
fast-j	Screen time and compression axes	2026-10-08T06:00:08.7178600Z ^[[36;1m"$DEFLATE_ROOT/.venv/bin/python" scripts/round4.py screen^[[0m
fast-j	Screen time and compression axes	2026-10-08T06:00:08.7230038Z shell: /usr/bin/bash -e {0}
fast-j	Screen time and compression axes	2026-10-08T06:00:08.7230179Z env:
fast-j	Screen time and compression axes	2026-10-08T06:00:08.7230288Z   ROUND4_SPEC: fast-j
fast-j	Screen time and compression axes	2026-10-08T06:00:08.7230423Z   ROUND4_SPEC_DIR: evidence/round11
fast-j	Screen time and compression axes	2026-10-08T06:00:08.7230603Z   DEFLATE_ROOT: /home/runner/work/_temp/deflate-upstream
fast-j	Screen time and compression axes	2026-10-08T06:00:08.7230836Z   ELAN_HOME: /home/runner/work/_temp/deflate-upstream/validator/.work/elan
fast-j	Screen time and compression axes	2026-10-08T06:00:08.7231071Z   XDG_CACHE_HOME: /home/runner/work/_temp/deflate-cache
fast-j	Screen time and compression axes	2026-10-08T06:00:08.7231266Z   UV_CACHE_DIR: /home/runner/work/_temp/deflate-cache/uv
fast-j	Screen time and compression axes	2026-10-08T06:00:08.7231441Z   XDG_RUNTIME_DIR: /run/user/1001
fast-j	Screen time and compression axes	2026-10-08T06:00:08.7231632Z   DBUS_SESSION_BUS_ADDRESS: unix:path=/run/user/1001/bus
fast-j	Screen time and compression axes	2026-10-08T06:00:08.7231810Z   VERIFY_CORPUS: corpus-stage1
fast-j	Screen time and compression axes	2026-10-08T06:00:08.7231948Z   VERIFY_SANDBOX: bwrap
fast-j	Screen time and compression axes	2026-10-08T06:00:08.7232077Z   GIT_TERMINAL_PROMPT: 0
fast-j	Screen time and compression axes	2026-10-08T06:00:08.7232200Z ##[endgroup]
fast-j	Screen time and compression axes	2026-10-08T06:00:09.1876632Z MEASURE_BEGIN 1 probe3
fast-j	Screen time and compression axes	2026-10-08T06:00:09.2240200Z ^[[32m2026-10-08 06:00:09.223^[[0m | ^[[34m^[[1mDEBUG   ^[[0m | ^[[36msandbox.bwrap^[[0m:^[[36mrun^[[0m:^[[36m110^[[0m - ^[[34m^[[1m[bwrap] rustc exit=0 in 0.0s^[[0m
fast-j	Screen time and compression axes	2026-10-08T06:00:10.7800566Z ^[[32m2026-10-08 06:00:10.779^[[0m | ^[[34m^[[1mDEBUG   ^[[0m | ^[[36msandbox.bwrap^[[0m:^[[36mrun^[[0m:^[[36m110^[[0m - ^[[34m^[[1m[bwrap] cargo exit=0 in 1.6s^[[0m
fast-j	Screen time and compression axes	2026-10-08T06:00:10.7801612Z ^[[32m2026-10-08 06:00:10.779^[[0m | ^[[34m^[[1mDEBUG   ^[[0m | ^[[36mbench.driver^[[0m:^[[36m_build^[[0m:^[[36m295^[[0m - ^[[34m^[[1m[bench] built incumbent in 1.6s exit=0^[[0m
fast-j	Screen time and compression axes	2026-10-08T06:00:13.0460485Z ^[[32m2026-10-08 06:00:13.045^[[0m | ^[[34m^[[1mDEBUG   ^[[0m | ^[[36msandbox.bwrap^[[0m:^[[36mrun^[[0m:^[[36m110^[[0m - ^[[34m^[[1m[bwrap] cargo exit=0 in 2.3s^[[0m
fast-j	Screen time and compression axes	2026-10-08T06:00:13.0463945Z ^[[32m2026-10-08 06:00:13.045^[[0m | ^[[34m^[[1mDEBUG   ^[[0m | ^[[36mbench.driver^[[0m:^[[36m_build^[[0m:^[[36m295^[[0m - ^[[34m^[[1m[bench] built probe3 in 2.3s exit=0^[[0m
fast-j	Screen time and compression axes	2026-10-08T06:00:22.0409926Z ^[[32m2026-10-08 06:00:22.040^[[0m | ^[[34m^[[1mDEBUG   ^[[0m | ^[[36msandbox.bwrap^[[0m:^[[36mrun^[[0m:^[[36m110^[[0m - ^[[34m^[[1m[bwrap] measure exit=0 in 9.0s^[[0m
fast-j	Screen time and compression axes	2026-10-08T06:00:22.0411364Z ^[[32m2026-10-08 06:00:22.040^[[0m | ^[[34m^[[1mDEBUG   ^[[0m | ^[[36mbench.driver^[[0m:^[[36m_measure^[[0m:^[[36m333^[[0m - ^[[34m^[[1m[bench] measured probe3 in 9.0s exit=0^[[0m
fast-j	Screen time and compression axes	2026-10-08T06:00:22.0492695Z MEASUREMENT {"candidate": "probe3", "round": 1, "time": 0.46536486618646566, "size_pct": 35.92083771476539, "parse_s": 0.04426627, "total_s": 0.19211177399999999, "output_bytes": 5287026, "source_sha256": "e20ea5a7d2e77821008592faef393855077b9b8ceee244f390a85ac0257e047d"}
fast-j	Screen time and compression axes	2026-10-08T06:00:22.0493551Z MEASURE_BEGIN 1 r3-432-fast3
fast-j	Screen time and compression axes	2026-10-08T06:00:22.0858489Z ^[[32m2026-10-08 06:00:22.085^[[0m | ^[[34m^[[1mDEBUG   ^[[0m | ^[[36msandbox.bwrap^[[0m:^[[36mrun^[[0m:^[[36m110^[[0m - ^[[34m^[[1m[bwrap] rustc exit=0 in 0.0s^[[0m
fast-j	Screen time and compression axes	2026-10-08T06:00:23.6258417Z ^[[32m2026-10-08 06:00:23.625^[[0m | ^[[34m^[[1mDEBUG   ^[[0m | ^[[36msandbox.bwrap^[[0m:^[[36mrun^[[0m:^[[36m110^[[0m - ^[[34m^[[1m[bwrap] cargo exit=0 in 1.5s^[[0m
fast-j	Screen time and compression axes	2026-10-08T06:00:23.6259411Z ^[[32m2026-10-08 06:00:23.625^[[0m | ^[[34m^[[1mDEBUG   ^[[0m | ^[[36mbench.driver^[[0m:^[[36m_build^[[0m:^[[36m295^[[0m - ^[[34m^[[1m[bench] built incumbent in 1.5s exit=0^[[0m
fast-j	Screen time and compression axes	2026-10-08T06:00:26.3539593Z ^[[32m2026-10-08 06:00:26.353^[[0m | ^[[34m^[[1mDEBUG   ^[[0m | ^[[36msandbox.bwrap^[[0m:^[[36mrun^[[0m:^[[36m110^[[0m - ^[[34m^[[1m[bwrap] cargo exit=0 in 2.7s^[[0m
fast-j	Screen time and compression axes	2026-10-08T06:00:26.3540474Z ^[[32m2026-10-08 06:00:26.353^[[0m | ^[[34m^[[1mDEBUG   ^[[0m | ^[[36mbench.driver^[[0m:^[[36m_build^[[0m:^[[36m295^[[0m - ^[[34m^[[1m[bench] built r3-432-fast3 in 2.7s exit=0^[[0m
fast-j	Screen time and compression axes	2026-10-08T06:00:35.1738868Z ^[[32m2026-10-08 06:00:35.173^[[0m | ^[[34m^[[1mDEBUG   ^[[0m | ^[[36msandbox.bwrap^[[0m:^[[36mrun^[[0m:^[[36m110^[[0m - ^[[34m^[[1m[bwrap] measure exit=0 in 8.8s^[[0m
fast-j	Screen time and compression axes	2026-10-08T06:00:35.1740098Z ^[[32m2026-10-08 06:00:35.173^[[0m | ^[[34m^[[1mDEBUG   ^[[0m | ^[[36mbench.driver^[[0m:^[[36m_measure^[[0m:^[[36m333^[[0m - ^[[34m^[[1m[bench] measured r3-432-fast3 in 8.8s exit=0^[[0m
fast-j	Screen time and compression axes	2026-10-08T06:00:35.1768950Z ^[[32m2026-10-08 06:00:35.176^[[0m | ^[[34m^[[1mDEBUG   ^[[0m | ^[[36mbench.driver^[[0m:^[[36m_cleanup^[[0m:^[[36m398^[[0m - ^[[34m^[[1m[bench] kept /home/runner/work/_temp/deflate-upstream/data/bench-workspace/20261008T060022Z-c8f76e0a-6000fd6r^[[0m
fast-j	Screen time and compression axes	2026-10-08T06:00:35.1793686Z MEASUREMENT {"candidate": "r3-432-fast3", "round": 1, "time": 0.436988495397786, "size_pct": 36.60213910633018, "parse_s": 0.028381037999999997, "total_s": 0.178902948, "output_bytes": 5410408, "source_sha256": "bae8014121e4710f4a34ce63452578b4bf69121b4f695e1b1356780a019108ef"}
fast-j	Screen time and compression axes	2026-10-08T06:00:35.5386271Z MEASURE_BEGIN 1 public432
fast-j	Screen time and compression axes	2026-10-08T06:00:35.5751457Z ^[[32m2026-10-08 06:00:35.574^[[0m | ^[[34m^[[1mDEBUG   ^[[0m | ^[[36msandbox.bwrap^[[0m:^[[36mrun^[[0m:^[[36m110^[[0m - ^[[34m^[[1m[bwrap] rustc exit=0 in 0.0s^[[0m
fast-j	Screen time and compression axes	2026-10-08T06:00:37.1754532Z ^[[32m2026-10-08 06:00:37.175^[[0m | ^[[34m^[[1mDEBUG   ^[[0m | ^[[36msandbox.bwrap^[[0m:^[[36mrun^[[0m:^[[36m110^[[0m - ^[[34m^[[1m[bwrap] cargo exit=0 in 1.6s^[[0m
fast-j	Screen time and compression axes	2026-10-08T06:00:37.1755436Z ^[[32m2026-10-08 06:00:37.175^[[0m | ^[[34m^[[1mDEBUG   ^[[0m | ^[[36mbench.driver^[[0m:^[[36m_build^[[0m:^[[36m295^[[0m - ^[[34m^[[1m[bench] built incumbent in 1.6s exit=0^[[0m
fast-j	Screen time and compression axes	2026-10-08T06:00:39.8275514Z ^[[32m2026-10-08 06:00:39.827^[[0m | ^[[34m^[[1mDEBUG   ^[[0m | ^[[36msandbox.bwrap^[[0m:^[[36mrun^[[0m:^[[36m110^[[0m - ^[[34m^[[1m[bwrap] cargo exit=0 in 2.7s^[[0m
fast-j	Screen time and compression axes	2026-10-08T06:00:39.8276567Z ^[[32m2026-10-08 06:00:39.827^[[0m | ^[[34m^[[1mDEBUG   ^[[0m | ^[[36mbench.driver^[[0m:^[[36m_build^[[0m:^[[36m295^[[0m - ^[[34m^[[1m[bench] built public432 in 2.7s exit=0^[[0m
fast-j	Screen time and compression axes	2026-10-08T06:00:48.7383378Z ^[[32m2026-10-08 06:00:48.737^[[0m | ^[[34m^[[1mDEBUG   ^[[0m | ^[[36msandbox.bwrap^[[0m:^[[36mrun^[[0m:^[[36m110^[[0m - ^[[34m^[[1m[bwrap] measure exit=0 in 8.9s^[[0m
fast-j	Screen time and compression axes	2026-10-08T06:00:48.7407346Z ^[[32m2026-10-08 06:00:48.738^[[0m | ^[[34m^[[1mDEBUG   ^[[0m | ^[[36mbench.driver^[[0m:^[[36m_measure^[[0m:^[[36m333^[[0m - ^[[34m^[[1m[bench] measured public432 in 8.9s exit=0^[[0m
fast-j	Screen time and compression axes	2026-10-08T06:00:48.7452557Z MEASUREMENT {"candidate": "public432", "round": 1, "time": 0.4394266175555303, "size_pct": 36.52435870548103, "parse_s": 0.032163431, "total_s": 0.18257674599999996, "output_bytes": 5376051, "source_sha256": "160d1b3f9edb307a0f97bde13cd972b5f6f0a426dd669515f639e4bfa24ef054"}
fast-j	Screen time and compression axes	2026-10-08T06:00:48.7455221Z MEASURE_BEGIN 1 public361
fast-j	Screen time and compression axes	2026-10-08T06:00:48.7866267Z ^[[32m2026-10-08 06:00:48.786^[[0m | ^[[34m^[[1mDEBUG   ^[[0m | ^[[36msandbox.bwrap^[[0m:^[[36mrun^[[0m:^[[36m110^[[0m - ^[[34m^[[1m[bwrap] rustc exit=0 in 0.0s^[[0m
fast-j	Screen time and compression axes	2026-10-08T06:00:50.3604123Z ^[[32m2026-10-08 06:00:50.360^[[0m | ^[[34m^[[1mDEBUG   ^[[0m | ^[[36msandbox.bwrap^[[0m:^[[36mrun^[[0m:^[[36m110^[[0m - ^[[34m^[[1m[bwrap] cargo exit=0 in 1.6s^[[0m
fast-j	Screen time and compression axes	2026-10-08T06:00:50.3605194Z ^[[32m2026-10-08 06:00:50.360^[[0m | ^[[34m^[[1mDEBUG   ^[[0m | ^[[36mbench.driver^[[0m:^[[36m_build^[[0m:^[[36m295^[[0m - ^[[34m^[[1m[bench] built incumbent in 1.6s exit=0^[[0m
fast-j	Screen time and compression axes	2026-10-08T06:00:53.7050083Z ^[[32m2026-10-08 06:00:53.704^[[0m | ^[[34m^[[1mDEBUG   ^[[0m | ^[[36msandbox.bwrap^[[0m:^[[36mrun^[[0m:^[[36m110^[[0m - ^[[34m^[[1m[bwrap] cargo exit=0 in 3.3s^[[0m
fast-j	Screen time and compression axes	2026-10-08T06:00:53.7051146Z ^[[32m2026-10-08 06:00:53.704^[[0m | ^[[34m^[[1mDEBUG   ^[[0m | ^[[36mbench.driver^[[0m:^[[36m_build^[[0m:^[[36m295^[[0m - ^[[34m^[[1m[bench] built public361 in 3.3s exit=0^[[0m
fast-j	Screen time and compression axes	2026-10-08T06:01:07.3245278Z ^[[32m2026-10-08 06:01:07.324^[[0m | ^[[34m^[[1mDEBUG   ^[[0m | ^[[36msandbox.bwrap^[[0m:^[[36mrun^[[0m:^[[36m110^[[0m - ^[[34m^[[1m[bwrap] measure exit=0 in 13.6s^[[0m
fast-j	Screen time and compression axes	2026-10-08T06:01:07.3246303Z ^[[32m2026-10-08 06:01:07.324^[[0m | ^[[34m^[[1mDEBUG   ^[[0m | ^[[36mbench.driver^[[0m:^[[36m_measure^[[0m:^[[36m333^[[0m - ^[[34m^[[1m[bench] measured public361 in 13.6s exit=0^[[0m
fast-j	Screen time and compression axes	2026-10-08T06:01:07.3314410Z MEASUREMENT {"candidate": "public361", "round": 1, "time": 1.1357174561468273, "size_pct": 33.95862675598211, "parse_s": 0.43028825700000006, "total_s": 0.57561248, "output_bytes": 4887709, "source_sha256": "f426f7cec777ef2ca74616eb62205d54ae0bf6938799835a1fe6024ed59b5c45"}
fast-j	Screen time and compression axes	2026-10-08T06:01:07.3317668Z MEASURE_BEGIN 1 r10-finder-pipeline-proof
fast-j	Screen time and compression axes	2026-10-08T06:01:07.3703539Z ^[[32m2026-10-08 06:01:07.369^[[0m | ^[[34m^[[1mDEBUG   ^[[0m | ^[[36msandbox.bwrap^[[0m:^[[36mrun^[[0m:^[[36m110^[[0m - ^[[34m^[[1m[bwrap] rustc exit=0 in 0.0s^[[0m
fast-j	Screen time and compression axes	2026-10-08T06:01:08.9997467Z ^[[32m2026-10-08 06:01:08.999^[[0m | ^[[34m^[[1mDEBUG   ^[[0m | ^[[36msandbox.bwrap^[[0m:^[[36mrun^[[0m:^[[36m110^[[0m - ^[[34m^[[1m[bwrap] cargo exit=0 in 1.6s^[[0m
fast-j	Screen time and compression axes	2026-10-08T06:01:08.9998520Z ^[[32m2026-10-08 06:01:08.999^[[0m | ^[[34m^[[1mDEBUG   ^[[0m | ^[[36mbench.driver^[[0m:^[[36m_build^[[0m:^[[36m295^[[0m - ^[[34m^[[1m[bench] built incumbent in 1.6s exit=0^[[0m
fast-j	Screen time and compression axes	2026-10-08T06:01:12.3918304Z ^[[32m2026-10-08 06:01:12.391^[[0m | ^[[34m^[[1mDEBUG   ^[[0m | ^[[36msandbox.bwrap^[[0m:^[[36mrun^[[0m:^[[36m110^[[0m - ^[[34m^[[1m[bwrap] cargo exit=0 in 3.4s^[[0m
fast-j	Screen time and compression axes	2026-10-08T06:01:12.3918985Z ^[[32m2026-10-08 06:01:12.391^[[0m | ^[[34m^[[1mDEBUG   ^[[0m | ^[[36mbench.driver^[[0m:^[[36m_build^[[0m:^[[36m295^[[0m - ^[[34m^[[1m[bench] built r10-finder-pipeline-proof in 3.4s exit=0^[[0m
fast-j	Screen time and compression axes	2026-10-08T06:01:27.9929159Z ^[[32m2026-10-08 06:01:27.992^[[0m | ^[[34m^[[1mDEBUG   ^[[0m | ^[[36msandbox.bwrap^[[0m:^[[36mrun^[[0m:^[[36m110^[[0m - ^[[34m^[[1m[bwrap] measure exit=0 in 15.6s^[[0m
fast-j	Screen time and compression axes	2026-10-08T06:01:27.9937607Z ^[[32m2026-10-08 06:01:27.992^[[0m | ^[[34m^[[1mDEBUG   ^[[0m | ^[[36mbench.driver^[[0m:^[[36m_measure^[[0m:^[[36m333^[[0m - ^[[34m^[[1m[bench] measured r10-finder-pipeline-proof in 15.6s exit=0^[[0m
fast-j	Screen time and compression axes	2026-10-08T06:01:28.0005383Z MEASUREMENT {"candidate": "r10-finder-pipeline-proof", "round": 1, "time": 1.3863988906055826, "size_pct": 33.934365747942536, "parse_s": 0.5977321110000001, "total_s": 0.740047394, "output_bytes": 4882102, "source_sha256": "b74ae5fd9575101b6b34b9f2718d8835adca770c6765c30b33bb895878ba1adf"}
fast-j	Screen time and compression axes	2026-10-08T06:01:28.0008448Z MEASURE_BEGIN 1 fast-shadow
fast-j	Screen time and compression axes	2026-10-08T06:01:28.0404424Z ^[[32m2026-10-08 06:01:28.040^[[0m | ^[[34m^[[1mDEBUG   ^[[0m | ^[[36msandbox.bwrap^[[0m:^[[36mrun^[[0m:^[[36m110^[[0m - ^[[34m^[[1m[bwrap] rustc exit=0 in 0.0s^[[0m
fast-j	Screen time and compression axes	2026-10-08T06:01:29.6385449Z ^[[32m2026-10-08 06:01:29.638^[[0m | ^[[34m^[[1mDEBUG   ^[[0m | ^[[36msandbox.bwrap^[[0m:^[[36mrun^[[0m:^[[36m110^[[0m - ^[[34m^[[1m[bwrap] cargo exit=0 in 1.6s^[[0m
fast-j	Screen time and compression axes	2026-10-08T06:01:29.6386750Z ^[[32m2026-10-08 06:01:29.638^[[0m | ^[[34m^[[1mDEBUG   ^[[0m | ^[[36mbench.driver^[[0m:^[[36m_build^[[0m:^[[36m295^[[0m - ^[[34m^[[1m[bench] built incumbent in 1.6s exit=0^[[0m
fast-j	Screen time and compression axes	2026-10-08T06:01:32.4627147Z ^[[32m2026-10-08 06:01:32.462^[[0m | ^[[34m^[[1mDEBUG   ^[[0m | ^[[36msandbox.bwrap^[[0m:^[[36mrun^[[0m:^[[36m110^[[0m - ^[[34m^[[1m[bwrap] cargo exit=0 in 2.8s^[[0m
fast-j	Screen time and compression axes	2026-10-08T06:01:32.4628076Z ^[[32m2026-10-08 06:01:32.462^[[0m | ^[[34m^[[1mDEBUG   ^[[0m | ^[[36mbench.driver^[[0m:^[[36m_build^[[0m:^[[36m295^[[0m - ^[[34m^[[1m[bench] built fast-shadow in 2.8s exit=0^[[0m
fast-j	Screen time and compression axes	2026-10-08T06:01:41.3818189Z ^[[32m2026-10-08 06:01:41.381^[[0m | ^[[34m^[[1mDEBUG   ^[[0m | ^[[36msandbox.bwrap^[[0m:^[[36mrun^[[0m:^[[36m110^[[0m - ^[[34m^[[1m[bwrap] measure exit=0 in 8.9s^[[0m
fast-j	Screen time and compression axes	2026-10-08T06:01:41.3819462Z ^[[32m2026-10-08 06:01:41.381^[[0m | ^[[34m^[[1mDEBUG   ^[[0m | ^[[36mbench.driver^[[0m:^[[36m_measure^[[0m:^[[36m333^[[0m - ^[[34m^[[1m[bench] measured fast-shadow in 8.9s exit=0^[[0m
fast-j	Screen time and compression axes	2026-10-08T06:01:41.3920710Z MEASUREMENT {"candidate": "fast-shadow", "round": 1, "time": 0.43835395244807196, "size_pct": 36.60213910633018, "parse_s": 0.029024649, "total_s": 0.18198401999999997, "output_bytes": 5410408, "source_sha256": "bae8014121e4710f4a34ce63452578b4bf69121b4f695e1b1356780a019108ef"}
fast-j	Screen time and compression axes	2026-10-08T06:01:41.3923472Z MEASURE_BEGIN 1 r11-fast-skipahead
fast-j	Screen time and compression axes	2026-10-08T06:01:41.4301859Z ^[[32m2026-10-08 06:01:41.429^[[0m | ^[[34m^[[1mDEBUG   ^[[0m | ^[[36msandbox.bwrap^[[0m:^[[36mrun^[[0m:^[[36m110^[[0m - ^[[34m^[[1m[bwrap] rustc exit=0 in 0.0s^[[0m
fast-j	Screen time and compression axes	2026-10-08T06:01:43.0648286Z ^[[32m2026-10-08 06:01:43.064^[[0m | ^[[34m^[[1mDEBUG   ^[[0m | ^[[36msandbox.bwrap^[[0m:^[[36mrun^[[0m:^[[36m110^[[0m - ^[[34m^[[1m[bwrap] cargo exit=0 in 1.6s^[[0m
fast-j	Screen time and compression axes	2026-10-08T06:01:43.0649219Z ^[[32m2026-10-08 06:01:43.064^[[0m | ^[[34m^[[1mDEBUG   ^[[0m | ^[[36mbench.driver^[[0m:^[[36m_build^[[0m:^[[36m295^[[0m - ^[[34m^[[1m[bench] built incumbent in 1.6s exit=0^[[0m
fast-j	Screen time and compression axes	2026-10-08T06:01:45.7723083Z ^[[32m2026-10-08 06:01:45.771^[[0m | ^[[34m^[[1mDEBUG   ^[[0m | ^[[36msandbox.bwrap^[[0m:^[[36mrun^[[0m:^[[36m110^[[0m - ^[[34m^[[1m[bwrap] cargo exit=0 in 2.7s^[[0m
fast-j	Screen time and compression axes	2026-10-08T06:01:45.7726980Z ^[[32m2026-10-08 06:01:45.772^[[0m | ^[[34m^[[1mDEBUG   ^[[0m | ^[[36mbench.driver^[[0m:^[[36m_build^[[0m:^[[36m295^[[0m - ^[[34m^[[1m[bench] built r11-fast-skipahead in 2.7s exit=0^[[0m
fast-j	Screen time and compression axes	2026-10-08T06:01:54.6681611Z ^[[32m2026-10-08 06:01:54.667^[[0m | ^[[34m^[[1mDEBUG   ^[[0m | ^[[36msandbox.bwrap^[[0m:^[[36mrun^[[0m:^[[36m110^[[0m - ^[[34m^[[1m[bwrap] measure exit=0 in 8.9s^[[0m
fast-j	Screen time and compression axes	2026-10-08T06:01:54.6682614Z ^[[32m2026-10-08 06:01:54.667^[[0m | ^[[34m^[[1mDEBUG   ^[[0m | ^[[36mbench.driver^[[0m:^[[36m_measure^[[0m:^[[36m333^[[0m - ^[[34m^[[1m[bench] measured r11-fast-skipahead in 8.9s exit=0^[[0m
fast-j	Screen time and compression axes	2026-10-08T06:01:54.6711425Z ^[[32m2026-10-08 06:01:54.670^[[0m | ^[[34m^[[1mDEBUG   ^[[0m | ^[[36mbench.driver^[[0m:^[[36m_cleanup^[[0m:^[[36m398^[[0m - ^[[34m^[[1m[bench] kept /home/runner/work/_temp/deflate-upstream/data/bench-workspace/20261008T060141Z-800727d0-7t1p58ae^[[0m
fast-j	Screen time and compression axes	2026-10-08T06:01:54.6735348Z MEASUREMENT {"candidate": "r11-fast-skipahead", "round": 1, "time": 0.44178003327142235, "size_pct": 36.60213910633018, "parse_s": 0.029765097999999993, "total_s": 0.18170685999999997, "output_bytes": 5410408, "source_sha256": "3e68ad368a56115111fc0f61038dcaa3658e2b31dee40db24916445b49add08e"}
fast-j	Screen time and compression axes	2026-10-08T06:01:54.7732894Z MEASURE_BEGIN 2 r11-fast-skipahead
fast-j	Screen time and compression axes	2026-10-08T06:01:54.8148497Z ^[[32m2026-10-08 06:01:54.814^[[0m | ^[[34m^[[1mDEBUG   ^[[0m | ^[[36msandbox.bwrap^[[0m:^[[36mrun^[[0m:^[[36m110^[[0m - ^[[34m^[[1m[bwrap] rustc exit=0 in 0.0s^[[0m
fast-j	Screen time and compression axes	2026-10-08T06:01:56.6180632Z ^[[32m2026-10-08 06:01:56.617^[[0m | ^[[34m^[[1mDEBUG   ^[[0m | ^[[36msandbox.bwrap^[[0m:^[[36mrun^[[0m:^[[36m110^[[0m - ^[[34m^[[1m[bwrap] cargo exit=0 in 1.8s^[[0m
fast-j	Screen time and compression axes	2026-10-08T06:01:56.6183751Z ^[[32m2026-10-08 06:01:56.617^[[0m | ^[[34m^[[1mDEBUG   ^[[0m | ^[[36mbench.driver^[[0m:^[[36m_build^[[0m:^[[36m295^[[0m - ^[[34m^[[1m[bench] built incumbent in 1.8s exit=0^[[0m
fast-j	Screen time and compression axes	2026-10-08T06:01:59.6912354Z ^[[32m2026-10-08 06:01:59.690^[[0m | ^[[34m^[[1mDEBUG   ^[[0m | ^[[36msandbox.bwrap^[[0m:^[[36mrun^[[0m:^[[36m110^[[0m - ^[[34m^[[1m[bwrap] cargo exit=0 in 3.1s^[[0m
fast-j	Screen time and compression axes	2026-10-08T06:01:59.6913310Z ^[[32m2026-10-08 06:01:59.691^[[0m | ^[[34m^[[1mDEBUG   ^[[0m | ^[[36mbench.driver^[[0m:^[[36m_build^[[0m:^[[36m295^[[0m - ^[[34m^[[1m[bench] built r11-fast-skipahead in 3.1s exit=0^[[0m
fast-j	Screen time and compression axes	2026-10-08T06:02:08.5140977Z ^[[32m2026-10-08 06:02:08.513^[[0m | ^[[34m^[[1mDEBUG   ^[[0m | ^[[36msandbox.bwrap^[[0m:^[[36mrun^[[0m:^[[36m110^[[0m - ^[[34m^[[1m[bwrap] measure exit=0 in 8.8s^[[0m
fast-j	Screen time and compression axes	2026-10-08T06:02:08.5223800Z ^[[32m2026-10-08 06:02:08.513^[[0m | ^[[34m^[[1mDEBUG   ^[[0m | ^[[36mbench.driver^[[0m:^[[36m_measure^[[0m:^[[36m333^[[0m - ^[[34m^[[1m[bench] measured r11-fast-skipahead in 8.8s exit=0^[[0m
fast-j	Screen time and compression axes	2026-10-08T06:02:08.5224805Z MEASUREMENT {"candidate": "r11-fast-skipahead", "round": 2, "time": 0.44077078220820554, "size_pct": 36.60213910633018, "parse_s": 0.029853479999999998, "total_s": 0.18197808000000001, "output_bytes": 5410408, "source_sha256": "3e68ad368a56115111fc0f61038dcaa3658e2b31dee40db24916445b49add08e"}
fast-j	Screen time and compression axes	2026-10-08T06:02:08.5226190Z MEASURE_BEGIN 2 fast-shadow
fast-j	Screen time and compression axes	2026-10-08T06:02:08.5664957Z ^[[32m2026-10-08 06:02:08.566^[[0m | ^[[34m^[[1mDEBUG   ^[[0m | ^[[36msandbox.bwrap^[[0m:^[[36mrun^[[0m:^[[36m110^[[0m - ^[[34m^[[1m[bwrap] rustc exit=0 in 0.0s^[[0m
fast-j	Screen time and compression axes	2026-10-08T06:02:10.2189448Z ^[[32m2026-10-08 06:02:10.218^[[0m | ^[[34m^[[1mDEBUG   ^[[0m | ^[[36msandbox.bwrap^[[0m:^[[36mrun^[[0m:^[[36m110^[[0m - ^[[34m^[[1m[bwrap] cargo exit=0 in 1.7s^[[0m
fast-j	Screen time and compression axes	2026-10-08T06:02:10.2190452Z ^[[32m2026-10-08 06:02:10.218^[[0m | ^[[34m^[[1mDEBUG   ^[[0m | ^[[36mbench.driver^[[0m:^[[36m_build^[[0m:^[[36m295^[[0m - ^[[34m^[[1m[bench] built incumbent in 1.7s exit=0^[[0m
fast-j	Screen time and compression axes	2026-10-08T06:02:13.0425329Z ^[[32m2026-10-08 06:02:13.041^[[0m | ^[[34m^[[1mDEBUG   ^[[0m | ^[[36msandbox.bwrap^[[0m:^[[36mrun^[[0m:^[[36m110^[[0m - ^[[34m^[[1m[bwrap] cargo exit=0 in 2.8s^[[0m
fast-j	Screen time and compression axes	2026-10-08T06:02:13.0426273Z ^[[32m2026-10-08 06:02:13.041^[[0m | ^[[34m^[[1mDEBUG   ^[[0m | ^[[36mbench.driver^[[0m:^[[36m_build^[[0m:^[[36m295^[[0m - ^[[34m^[[1m[bench] built fast-shadow in 2.8s exit=0^[[0m
fast-j	Screen time and compression axes	2026-10-08T06:02:21.8898180Z ^[[32m2026-10-08 06:02:21.889^[[0m | ^[[34m^[[1mDEBUG   ^[[0m | ^[[36msandbox.bwrap^[[0m:^[[36mrun^[[0m:^[[36m110^[[0m - ^[[34m^[[1m[bwrap] measure exit=0 in 8.8s^[[0m
fast-j	Screen time and compression axes	2026-10-08T06:02:21.8899499Z ^[[32m2026-10-08 06:02:21.889^[[0m | ^[[34m^[[1mDEBUG   ^[[0m | ^[[36mbench.driver^[[0m:^[[36m_measure^[[0m:^[[36m333^[[0m - ^[[34m^[[1m[bench] measured fast-shadow in 8.8s exit=0^[[0m
fast-j	Screen time and compression axes	2026-10-08T06:02:21.8979054Z MEASUREMENT {"candidate": "fast-shadow", "round": 2, "time": 0.43746016127115145, "size_pct": 36.60213910633018, "parse_s": 0.028901404000000006, "total_s": 0.181246668, "output_bytes": 5410408, "source_sha256": "bae8014121e4710f4a34ce63452578b4bf69121b4f695e1b1356780a019108ef"}
fast-j	Screen time and compression axes	2026-10-08T06:02:21.8981539Z MEASURE_BEGIN 2 r10-finder-pipeline-proof
fast-j	Screen time and compression axes	2026-10-08T06:02:21.9627613Z ^[[32m2026-10-08 06:02:21.962^[[0m | ^[[34m^[[1mDEBUG   ^[[0m | ^[[36msandbox.bwrap^[[0m:^[[36mrun^[[0m:^[[36m110^[[0m - ^[[34m^[[1m[bwrap] rustc exit=0 in 0.0s^[[0m
fast-j	Screen time and compression axes	2026-10-08T06:02:23.6881374Z ^[[32m2026-10-08 06:02:23.687^[[0m | ^[[34m^[[1mDEBUG   ^[[0m | ^[[36msandbox.bwrap^[[0m:^[[36mrun^[[0m:^[[36m110^[[0m - ^[[34m^[[1m[bwrap] cargo exit=0 in 1.7s^[[0m
fast-j	Screen time and compression axes	2026-10-08T06:02:23.6882597Z ^[[32m2026-10-08 06:02:23.688^[[0m | ^[[34m^[[1mDEBUG   ^[[0m | ^[[36mbench.driver^[[0m:^[[36m_build^[[0m:^[[36m295^[[0m - ^[[34m^[[1m[bench] built incumbent in 1.7s exit=0^[[0m
fast-j	Screen time and compression axes	2026-10-08T06:02:27.3334791Z ^[[32m2026-10-08 06:02:27.332^[[0m | ^[[34m^[[1mDEBUG   ^[[0m | ^[[36msandbox.bwrap^[[0m:^[[36mrun^[[0m:^[[36m110^[[0m - ^[[34m^[[1m[bwrap] cargo exit=0 in 3.6s^[[0m
fast-j	Screen time and compression axes	2026-10-08T06:02:27.3336314Z ^[[32m2026-10-08 06:02:27.332^[[0m | ^[[34m^[[1mDEBUG   ^[[0m | ^[[36mbench.driver^[[0m:^[[36m_build^[[0m:^[[36m295^[[0m - ^[[34m^[[1m[bench] built r10-finder-pipeline-proof in 3.6s exit=0^[[0m
fast-j	Screen time and compression axes	2026-10-08T06:02:42.8873893Z ^[[32m2026-10-08 06:02:42.887^[[0m | ^[[34m^[[1mDEBUG   ^[[0m | ^[[36msandbox.bwrap^[[0m:^[[36mrun^[[0m:^[[36m110^[[0m - ^[[34m^[[1m[bwrap] measure exit=0 in 15.6s^[[0m
fast-j	Screen time and compression axes	2026-10-08T06:02:42.8874975Z ^[[32m2026-10-08 06:02:42.887^[[0m | ^[[34m^[[1mDEBUG   ^[[0m | ^[[36mbench.driver^[[0m:^[[36m_measure^[[0m:^[[36m333^[[0m - ^[[34m^[[1m[bench] measured r10-finder-pipeline-proof in 15.6s exit=0^[[0m
fast-j	Screen time and compression axes	2026-10-08T06:02:42.8959448Z MEASUREMENT {"candidate": "r10-finder-pipeline-proof", "round": 2, "time": 1.3979634838165558, "size_pct": 33.934365747942536, "parse_s": 0.5977546059999999, "total_s": 0.7392890959999999, "output_bytes": 4882102, "source_sha256": "b74ae5fd9575101b6b34b9f2718d8835adca770c6765c30b33bb895878ba1adf"}
fast-j	Screen time and compression axes	2026-10-08T06:02:42.8962302Z MEASURE_BEGIN 2 public361
fast-j	Screen time and compression axes	2026-10-08T06:02:42.9402277Z ^[[32m2026-10-08 06:02:42.939^[[0m | ^[[34m^[[1mDEBUG   ^[[0m | ^[[36msandbox.bwrap^[[0m:^[[36mrun^[[0m:^[[36m110^[[0m - ^[[34m^[[1m[bwrap] rustc exit=0 in 0.0s^[[0m
fast-j	Screen time and compression axes	2026-10-08T06:02:44.7104590Z ^[[32m2026-10-08 06:02:44.709^[[0m | ^[[34m^[[1mDEBUG   ^[[0m | ^[[36msandbox.bwrap^[[0m:^[[36mrun^[[0m:^[[36m110^[[0m - ^[[34m^[[1m[bwrap] cargo exit=0 in 1.8s^[[0m
fast-j	Screen time and compression axes	2026-10-08T06:02:44.7107416Z ^[[32m2026-10-08 06:02:44.710^[[0m | ^[[34m^[[1mDEBUG   ^[[0m | ^[[36mbench.driver^[[0m:^[[36m_build^[[0m:^[[36m295^[[0m - ^[[34m^[[1m[bench] built incumbent in 1.8s exit=0^[[0m
fast-j	Screen time and compression axes	2026-10-08T06:02:48.2948850Z ^[[32m2026-10-08 06:02:48.294^[[0m | ^[[34m^[[1mDEBUG   ^[[0m | ^[[36msandbox.bwrap^[[0m:^[[36mrun^[[0m:^[[36m110^[[0m - ^[[34m^[[1m[bwrap] cargo exit=0 in 3.6s^[[0m
fast-j	Screen time and compression axes	2026-10-08T06:02:48.2949710Z ^[[32m2026-10-08 06:02:48.294^[[0m | ^[[34m^[[1mDEBUG   ^[[0m | ^[[36mbench.driver^[[0m:^[[36m_build^[[0m:^[[36m295^[[0m - ^[[34m^[[1m[bench] built public361 in 3.6s exit=0^[[0m
fast-j	Screen time and compression axes	2026-10-08T06:03:01.9209667Z ^[[32m2026-10-08 06:03:01.920^[[0m | ^[[34m^[[1mDEBUG   ^[[0m | ^[[36msandbox.bwrap^[[0m:^[[36mrun^[[0m:^[[36m110^[[0m - ^[[34m^[[1m[bwrap] measure exit=0 in 13.6s^[[0m
fast-j	Screen time and compression axes	2026-10-08T06:03:01.9211534Z ^[[32m2026-10-08 06:03:01.920^[[0m | ^[[34m^[[1mDEBUG   ^[[0m | ^[[36mbench.driver^[[0m:^[[36m_measure^[[0m:^[[36m333^[[0m - ^[[34m^[[1m[bench] measured public361 in 13.6s exit=0^[[0m
fast-j	Screen time and compression axes	2026-10-08T06:03:01.9290551Z MEASUREMENT {"candidate": "public361", "round": 2, "time": 1.1406263742440101, "size_pct": 33.95862675598211, "parse_s": 0.4285443220000001, "total_s": 0.574433418, "output_bytes": 4887709, "source_sha256": "f426f7cec777ef2ca74616eb62205d54ae0bf6938799835a1fe6024ed59b5c45"}
fast-j	Screen time and compression axes	2026-10-08T06:03:01.9293503Z MEASURE_BEGIN 2 public432
fast-j	Screen time and compression axes	2026-10-08T06:03:01.9739976Z ^[[32m2026-10-08 06:03:01.973^[[0m | ^[[34m^[[1mDEBUG   ^[[0m | ^[[36msandbox.bwrap^[[0m:^[[36mrun^[[0m:^[[36m110^[[0m - ^[[34m^[[1m[bwrap] rustc exit=0 in 0.0s^[[0m
fast-j	Screen time and compression axes	2026-10-08T06:03:03.6677578Z ^[[32m2026-10-08 06:03:03.667^[[0m | ^[[34m^[[1mDEBUG   ^[[0m | ^[[36msandbox.bwrap^[[0m:^[[36mrun^[[0m:^[[36m110^[[0m - ^[[34m^[[1m[bwrap] cargo exit=0 in 1.7s^[[0m
fast-j	Screen time and compression axes	2026-10-08T06:03:03.6678526Z ^[[32m2026-10-08 06:03:03.667^[[0m | ^[[34m^[[1mDEBUG   ^[[0m | ^[[36mbench.driver^[[0m:^[[36m_build^[[0m:^[[36m295^[[0m - ^[[34m^[[1m[bench] built incumbent in 1.7s exit=0^[[0m
fast-j	Screen time and compression axes	2026-10-08T06:03:06.6415521Z ^[[32m2026-10-08 06:03:06.641^[[0m | ^[[34m^[[1mDEBUG   ^[[0m | ^[[36msandbox.bwrap^[[0m:^[[36mrun^[[0m:^[[36m110^[[0m - ^[[34m^[[1m[bwrap] cargo exit=0 in 3.0s^[[0m
fast-j	Screen time and compression axes	2026-10-08T06:03:06.6416478Z ^[[32m2026-10-08 06:03:06.641^[[0m | ^[[34m^[[1mDEBUG   ^[[0m | ^[[36mbench.driver^[[0m:^[[36m_build^[[0m:^[[36m295^[[0m - ^[[34m^[[1m[bench] built public432 in 3.0s exit=0^[[0m
fast-j	Screen time and compression axes	2026-10-08T06:03:15.5210241Z ^[[32m2026-10-08 06:03:15.520^[[0m | ^[[34m^[[1mDEBUG   ^[[0m | ^[[36msandbox.bwrap^[[0m:^[[36mrun^[[0m:^[[36m110^[[0m - ^[[34m^[[1m[bwrap] measure exit=0 in 8.9s^[[0m
fast-j	Screen time and compression axes	2026-10-08T06:03:15.5211655Z ^[[32m2026-10-08 06:03:15.520^[[0m | ^[[34m^[[1mDEBUG   ^[[0m | ^[[36mbench.driver^[[0m:^[[36m_measure^[[0m:^[[36m333^[[0m - ^[[34m^[[1m[bench] measured public432 in 8.9s exit=0^[[0m
fast-j	Screen time and compression axes	2026-10-08T06:03:15.5296764Z MEASUREMENT {"candidate": "public432", "round": 2, "time": 0.44046945867115855, "size_pct": 36.52435870548103, "parse_s": 0.032311864, "total_s": 0.182199457, "output_bytes": 5376051, "source_sha256": "160d1b3f9edb307a0f97bde13cd972b5f6f0a426dd669515f639e4bfa24ef054"}
fast-j	Screen time and compression axes	2026-10-08T06:03:15.5299999Z MEASURE_BEGIN 2 r3-432-fast3
fast-j	Screen time and compression axes	2026-10-08T06:03:15.5714361Z ^[[32m2026-10-08 06:03:15.571^[[0m | ^[[34m^[[1mDEBUG   ^[[0m | ^[[36msandbox.bwrap^[[0m:^[[36mrun^[[0m:^[[36m110^[[0m - ^[[34m^[[1m[bwrap] rustc exit=0 in 0.0s^[[0m
fast-j	Screen time and compression axes	2026-10-08T06:03:17.2967967Z ^[[32m2026-10-08 06:03:17.296^[[0m | ^[[34m^[[1mDEBUG   ^[[0m | ^[[36msandbox.bwrap^[[0m:^[[36mrun^[[0m:^[[36m110^[[0m - ^[[34m^[[1m[bwrap] cargo exit=0 in 1.7s^[[0m
fast-j	Screen time and compression axes	2026-10-08T06:03:17.2969280Z ^[[32m2026-10-08 06:03:17.296^[[0m | ^[[34m^[[1mDEBUG   ^[[0m | ^[[36mbench.driver^[[0m:^[[36m_build^[[0m:^[[36m295^[[0m - ^[[34m^[[1m[bench] built incumbent in 1.7s exit=0^[[0m
fast-j	Screen time and compression axes	2026-10-08T06:03:20.3205140Z ^[[32m2026-10-08 06:03:20.320^[[0m | ^[[34m^[[1mDEBUG   ^[[0m | ^[[36msandbox.bwrap^[[0m:^[[36mrun^[[0m:^[[36m110^[[0m - ^[[34m^[[1m[bwrap] cargo exit=0 in 3.0s^[[0m
fast-j	Screen time and compression axes	2026-10-08T06:03:20.3211709Z ^[[32m2026-10-08 06:03:20.320^[[0m | ^[[34m^[[1mDEBUG   ^[[0m | ^[[36mbench.driver^[[0m:^[[36m_build^[[0m:^[[36m295^[[0m - ^[[34m^[[1m[bench] built r3-432-fast3 in 3.0s exit=0^[[0m
fast-j	Screen time and compression axes	2026-10-08T06:03:29.2223247Z ^[[32m2026-10-08 06:03:29.222^[[0m | ^[[34m^[[1mDEBUG   ^[[0m | ^[[36msandbox.bwrap^[[0m:^[[36mrun^[[0m:^[[36m110^[[0m - ^[[34m^[[1m[bwrap] measure exit=0 in 8.9s^[[0m
fast-j	Screen time and compression axes	2026-10-08T06:03:29.2224317Z ^[[32m2026-10-08 06:03:29.222^[[0m | ^[[34m^[[1mDEBUG   ^[[0m | ^[[36mbench.driver^[[0m:^[[36m_measure^[[0m:^[[36m333^[[0m - ^[[34m^[[1m[bench] measured r3-432-fast3 in 8.9s exit=0^[[0m
fast-j	Screen time and compression axes	2026-10-08T06:03:29.2314113Z MEASUREMENT {"candidate": "r3-432-fast3", "round": 2, "time": 0.4388751208531825, "size_pct": 36.60213910633018, "parse_s": 0.028832744999999993, "total_s": 0.18111310900000002, "output_bytes": 5410408, "source_sha256": "bae8014121e4710f4a34ce63452578b4bf69121b4f695e1b1356780a019108ef"}
fast-j	Screen time and compression axes	2026-10-08T06:03:29.2318168Z MEASURE_BEGIN 2 probe3
fast-j	Screen time and compression axes	2026-10-08T06:03:29.2751423Z ^[[32m2026-10-08 06:03:29.274^[[0m | ^[[34m^[[1mDEBUG   ^[[0m | ^[[36msandbox.bwrap^[[0m:^[[36mrun^[[0m:^[[36m110^[[0m - ^[[34m^[[1m[bwrap] rustc exit=0 in 0.0s^[[0m
fast-j	Screen time and compression axes	2026-10-08T06:03:30.9890973Z ^[[32m2026-10-08 06:03:30.988^[[0m | ^[[34m^[[1mDEBUG   ^[[0m | ^[[36msandbox.bwrap^[[0m:^[[36mrun^[[0m:^[[36m110^[[0m - ^[[34m^[[1m[bwrap] cargo exit=0 in 1.7s^[[0m
fast-j	Screen time and compression axes	2026-10-08T06:03:30.9891988Z ^[[32m2026-10-08 06:03:30.988^[[0m | ^[[34m^[[1mDEBUG   ^[[0m | ^[[36mbench.driver^[[0m:^[[36m_build^[[0m:^[[36m295^[[0m - ^[[34m^[[1m[bench] built incumbent in 1.7s exit=0^[[0m
fast-j	Screen time and compression axes	2026-10-08T06:03:33.4576543Z ^[[32m2026-10-08 06:03:33.457^[[0m | ^[[34m^[[1mDEBUG   ^[[0m | ^[[36msandbox.bwrap^[[0m:^[[36mrun^[[0m:^[[36m110^[[0m - ^[[34m^[[1m[bwrap] cargo exit=0 in 2.5s^[[0m
fast-j	Screen time and compression axes	2026-10-08T06:03:33.4577794Z ^[[32m2026-10-08 06:03:33.457^[[0m | ^[[34m^[[1mDEBUG   ^[[0m | ^[[36mbench.driver^[[0m:^[[36m_build^[[0m:^[[36m295^[[0m - ^[[34m^[[1m[bench] built probe3 in 2.5s exit=0^[[0m
fast-j	Screen time and compression axes	2026-10-08T06:03:42.5347378Z ^[[32m2026-10-08 06:03:42.534^[[0m | ^[[34m^[[1mDEBUG   ^[[0m | ^[[36msandbox.bwrap^[[0m:^[[36mrun^[[0m:^[[36m110^[[0m - ^[[34m^[[1m[bwrap] measure exit=0 in 9.1s^[[0m
fast-j	Screen time and compression axes	2026-10-08T06:03:42.5348705Z ^[[32m2026-10-08 06:03:42.534^[[0m | ^[[34m^[[1mDEBUG   ^[[0m | ^[[36mbench.driver^[[0m:^[[36m_measure^[[0m:^[[36m333^[[0m - ^[[34m^[[1m[bench] measured probe3 in 9.1s exit=0^[[0m
fast-j	Screen time and compression axes	2026-10-08T06:03:42.5436720Z MEASUREMENT {"candidate": "probe3", "round": 2, "time": 0.4673792510537451, "size_pct": 35.92083771476539, "parse_s": 0.04437838099999999, "total_s": 0.193753092, "output_bytes": 5287026, "source_sha256": "e20ea5a7d2e77821008592faef393855077b9b8ceee244f390a85ac0257e047d"}
fast-j	Screen time and compression axes	2026-10-08T06:03:42.5488072Z ROUND4_PHASE {"phase": "screen", "summary": [{"candidate": "public361", "control": true, "blocks": [1, 2], "time": 1.1381719151954188, "size_pct": 33.95862675598211, "own_anchor": {"time": 1.1608686942402877, "size_pct": 34.209957755736326, "on_frontier": false, "dominating_ids": ["375"], "conditional_geometry_weight": 0, "size_gap_pp": 0.002389753302253439}, "fixed_427": {"time": 1.1545648815144838, "size_pct": 34.19728114309628, "on_frontier": true, "dominating_ids": [], "conditional_geometry_weight": 0.013330995957455925, "size_gap_pp": 0}, "stress_1pct": {"time": 1.1724773811826905, "size_pct": 34.209957755736326, "on_frontier": false, "dominating_ids": ["375"], "conditional_geometry_weight": 0, "size_gap_pp": 0.002389753302253439}, "time_change_pct_vs_fast3": [159.89642018218257, 159.89770667031854], "size_change_pp_vs_fast3": -2.643512350348068, "equivalence": null}, {"candidate": "r10-finder-pipeline-proof", "control": true, "blocks": [1, 2], "time": 1.3921811872110692, "size_pct": 33.934365747942536, "own_anchor": {"time": 1.4199371603698574, "size_pct": 34.18551718968784, "on_frontier": false, "dominating_ids": ["360", "418", "422"], "conditional_geometry_weight": 0, "size_gap_pp": 0.008274726843147562}, "fixed_427": {"time": 1.4122326214516236, "size_pct": 34.172849633580135, "on_frontier": true, "dominating_ids": [], "conditional_geometry_weight": 0.003920758844799068, "size_gap_pp": 0}, "stress_1pct": {"time": 1.4370004074126583, "size_pct": 34.18551718968784, "on_frontier": false, "dominating_ids": ["360", "418", "422"], "conditional_geometry_weight": 0, "size_gap_pp": 0.008274726843147562}, "time_change_pct_vs_fast3": [217.26210305458005, 218.5333178829744], "size_change_pp_vs_fast3": -2.6677733583876417, "equivalence": null}, {"candidate": "fast-shadow", "control": true, "blocks": [1, 2], "time": 0.43790705685961173, "size_pct": 36.60213910633018, "own_anchor": {"time": 0.4378517042638559, "size_pct": 36.999728556810254, "on_frontier": false, "dominating_ids": ["506", "507"], "conditional_geometry_weight": 0, "size_gap_pp": 0.3351259282879795}, "fixed_427": {"time": 0.44421418457743805, "size_pct": 36.859371565647756, "on_frontier": false, "dominating_ids": ["456", "481", "506", "507"], "conditional_geometry_weight": 0, "size_gap_pp": 0.5670822095177712}, "stress_1pct": {"time": 0.4436340972955519, "size_pct": 36.999728556810254, "on_frontier": false, "dominating_ids": ["456", "481", "506", "507"], "conditional_geometry_weight": 0, "size_gap_pp": 0.7074392006802697}, "time_change_pct_vs_fast3": [0.3124697937512133, -0.3224059680759117], "size_change_pp_vs_fast3": 0.0, "equivalence": null}, {"candidate": "r3-432-fast3", "control": true, "blocks": [1, 2], "time": 0.43793180812548427, "size_pct": 36.60213910633018, "own_anchor": {"time": 0.43787345819892, "size_pct": 36.999728556810254, "on_frontier": false, "dominating_ids": ["506", "507"], "conditional_geometry_weight": 0, "size_gap_pp": 0.3351259282879795}, "fixed_427": {"time": 0.4442392923331013, "size_pct": 36.859371565647756, "on_frontier": false, "dominating_ids": ["456", "481", "506", "507"], "conditional_geometry_weight": 0, "size_gap_pp": 0.5670822095177712}, "stress_1pct": {"time": 0.44225219278090927, "size_pct": 36.999728556810254, "on_frontier": false, "dominating_ids": ["481", "506", "507"], "conditional_geometry_weight": 0, "size_gap_pp": 0.439732922335601}, "time_change_pct_vs_fast3": [0.0, 0.0], "size_change_pp_vs_fast3": 0.0, "equivalence": null}, {"candidate": "public432", "control": true, "blocks": [1, 2], "time": 0.43994803811334443, "size_pct": 36.52435870548103, "own_anchor": {"time": 0.4413850574969763, "size_pct": 36.91273515631194, "on_frontier": false, "dominating_ids": ["481", "506", "507"], "conditional_geometry_weight": 0, "size_gap_pp": 0.35273952183728596}, "fixed_427": {"time": 0.44628456186221277, "size_pct": 36.781044539812044, "on_frontier": false, "dominating_ids": ["451", "456", "481", "506", "507"], "conditional_geometry_weight": 0, "size_gap_pp": 0.5365994793169833}, "stress_1pct": {"time": 0.4457989080719461, "size_pct": 36.91273515631194, "on_frontier": false, "dominating_ids": ["451", "456", "481", "506", "507"], "conditional_geometry_weight": 0, "size_gap_pp": 0.6682900958168787}, "time_change_pct_vs_fast3": [0.557937378997786, 0.3632782407160917], "size_change_pp_vs_fast3": -0.07778040084915006, "equivalence": null}, {"candidate": "probe3", "control": true, "blocks": [1, 2], "time": 0.4663720586201054, "size_pct": 35.92083771476539, "own_anchor": {"time": 0.46614327772931885, "size_pct": 36.173282125166494, "on_frontier": false, "dominating_ids": ["437", "442", "464", "497", "498", "500"], "conditional_geometry_weight": 0, "size_gap_pp": 0.4163487968876325}, "fixed_427": {"time": 0.4730891646627367, "size_pct": 36.173282125166494, "on_frontier": false, "dominating_ids": ["437", "442", "464", "497", "498", "500"], "conditional_geometry_weight": 0, "size_gap_pp": 0.4163487968876325}, "stress_1pct": {"time": 0.4708047105066121, "size_pct": 36.173282125166494, "on_frontier": false, "dominating_ids": ["437", "442", "464", "497", "498", "500"], "conditional_geometry_weight": 0, "size_gap_pp": 0.4163487968876325}, "time_change_pct_vs_fast3": [6.49361964617603, 6.494815688150646], "size_change_pp_vs_fast3": -0.6813013915647872, "equivalence": null}, {"candidate": "r11-fast-skipahead", "control": false, "blocks": [1, 2], "time": 0.44127540773981394, "size_pct": 36.60213910633018, "own_anchor": {"time": 0.44121974630755745, "size_pct": 36.999728556810254, "on_frontier": false, "dominating_ids": ["481", "506", "507"], "conditional_geometry_weight": 0, "size_gap_pp": 0.439732922335601}, "fixed_427": {"time": 0.44763104944906174, "size_pct": 36.859371565647756, "on_frontier": false, "dominating_ids": ["451", "456", "481", "506", "507"], "conditional_geometry_weight": 0, "size_gap_pp": 0.6149265051526953}, "stress_1pct": {"time": 0.44710144660275064, "size_pct": 36.999728556810254, "on_frontier": false, "dominating_ids": ["451", "456", "481", "506", "507"], "conditional_geometry_weight": 0, "size_gap_pp": 0.7552834963151938}, "time_change_pct_vs_fast3": [1.096490622544799, 0.43193639031937625], "size_change_pp_vs_fast3": 0.0, "equivalence": {"reference": "r3-432-fast3", "public_token_and_output_equal": true, "changed_files": [], "scope": "finite public corpus only; no all-input equivalence claim"}}], "gates": {}, "failures": []}
fast-j	Publish early paired measurement receipt	﻿2026-10-08T06:03:42.5662634Z ##[group]Run actions/upload-artifact@ea165f8d65b6e75b540449e92b4886f43607fa02
fast-j	Publish early paired measurement receipt	2026-10-08T06:03:42.5662876Z with:
fast-j	Publish early paired measurement receipt	2026-10-08T06:03:42.5662996Z   name: r11-37734806965-fast-j-screen
fast-j	Publish early paired measurement receipt	2026-10-08T06:03:42.5663168Z   path: /home/runner/work/_temp/round4-receipts/
fast-j	Publish early paired measurement receipt	2026-10-08T06:03:42.5663327Z   retention-days: 1
fast-j	Publish early paired measurement receipt	2026-10-08T06:03:42.5663447Z   compression-level: 9
fast-j	Publish early paired measurement receipt	2026-10-08T06:03:42.5663574Z   if-no-files-found: ignore
fast-j	Publish early paired measurement receipt	2026-10-08T06:03:42.5663706Z   overwrite: false
fast-j	Publish early paired measurement receipt	2026-10-08T06:03:42.5663827Z   include-hidden-files: false
fast-j	Publish early paired measurement receipt	2026-10-08T06:03:42.5663959Z env:
fast-j	Publish early paired measurement receipt	2026-10-08T06:03:42.5664065Z   ROUND4_SPEC: fast-j
fast-j	Publish early paired measurement receipt	2026-10-08T06:03:42.5664193Z   ROUND4_SPEC_DIR: evidence/round11
fast-j	Publish early paired measurement receipt	2026-10-08T06:03:42.5664366Z   DEFLATE_ROOT: /home/runner/work/_temp/deflate-upstream
fast-j	Publish early paired measurement receipt	2026-10-08T06:03:42.5664595Z   ELAN_HOME: /home/runner/work/_temp/deflate-upstream/validator/.work/elan
fast-j	Publish early paired measurement receipt	2026-10-08T06:03:42.5664823Z   XDG_CACHE_HOME: /home/runner/work/_temp/deflate-cache
fast-j	Publish early paired measurement receipt	2026-10-08T06:03:42.5665020Z   UV_CACHE_DIR: /home/runner/work/_temp/deflate-cache/uv
fast-j	Publish early paired measurement receipt	2026-10-08T06:03:42.5665224Z   XDG_RUNTIME_DIR: /run/user/1001
fast-j	Publish early paired measurement receipt	2026-10-08T06:03:42.5665395Z   DBUS_SESSION_BUS_ADDRESS: unix:path=/run/user/1001/bus
fast-j	Publish early paired measurement receipt	2026-10-08T06:03:42.5665572Z   VERIFY_CORPUS: corpus-stage1
fast-j	Publish early paired measurement receipt	2026-10-08T06:03:42.5665712Z   VERIFY_SANDBOX: bwrap
fast-j	Publish early paired measurement receipt	2026-10-08T06:03:42.5665837Z   GIT_TERMINAL_PROMPT: 0
fast-j	Publish early paired measurement receipt	2026-10-08T06:03:42.5665961Z ##[endgroup]
fast-j	Publish early paired measurement receipt	2026-10-08T06:03:42.6767027Z (node:6876) [DEP0040] DeprecationWarning: The `punycode` module is deprecated. Please use a userland alternative instead.
fast-j	Publish early paired measurement receipt	2026-10-08T06:03:42.6767595Z (Use `node --trace-deprecation ...` to show where the warning was created)
fast-j	Publish early paired measurement receipt	2026-10-08T06:03:42.6857626Z With the provided path, there will be 36 files uploaded
fast-j	Publish early paired measurement receipt	2026-10-08T06:03:42.6862765Z Artifact name is valid!
fast-j	Publish early paired measurement receipt	2026-10-08T06:03:42.6863129Z Root directory input is valid!
fast-j	Publish early paired measurement receipt	2026-10-08T06:03:42.9728487Z Beginning upload of artifact content to blob storage
fast-j	Publish early paired measurement receipt	2026-10-08T06:03:43.3792143Z (node:6876) [DEP0169] DeprecationWarning: `url.parse()` behavior is not standardized and prone to errors that have security implications. Use the WHATWG URL API instead. CVEs are not issued for `url.parse()` vulnerabilities.
fast-j	Publish early paired measurement receipt	2026-10-08T06:03:43.7337723Z Uploaded bytes 1031418
fast-j	Publish early paired measurement receipt	2026-10-08T06:03:43.7764642Z Finished uploading artifact content to blob storage!
fast-j	Publish early paired measurement receipt	2026-10-08T06:03:43.7765272Z SHA256 digest of uploaded artifact zip is 0cad5814ccc08931f77e1ebf0d30692c96d5329f73bc3df2106610fe97871a6a
fast-j	Publish early paired measurement receipt	2026-10-08T06:03:43.7765899Z Finalizing artifact upload
fast-j	Publish early paired measurement receipt	2026-10-08T06:03:43.9989310Z Artifact r11-37734806965-fast-j-screen.zip successfully finalized. Artifact ID 11531049289
fast-j	Publish early paired measurement receipt	2026-10-08T06:03:43.9990178Z Artifact r11-37734806965-fast-j-screen has been successfully uploaded! Final size is 1031418 bytes. Artifact ID is 11531049289
fast-j	Publish early paired measurement receipt	2026-10-08T06:03:43.9995369Z Artifact download URL: https://github.com/HuanHuanHuanFFF/Miner/actions/runs/37734806965/artifacts/11531049289
fast-j	Refine shortlisted candidates	﻿2026-10-08T06:03:44.0110974Z ##[group]Run export PATH="$HOME/.local/bin:$HOME/.cargo/bin:$ELAN_HOME/bin:$PATH"
fast-j	Refine shortlisted candidates	2026-10-08T06:03:44.0111300Z ^[[36;1mexport PATH="$HOME/.local/bin:$HOME/.cargo/bin:$ELAN_HOME/bin:$PATH"^[[0m
fast-j	Refine shortlisted candidates	2026-10-08T06:03:44.0111675Z ^[[36;1mexport PYTHONPATH="$DEFLATE_ROOT/validator"^[[0m
fast-j	Refine shortlisted candidates	2026-10-08T06:03:44.0111899Z ^[[36;1m"$DEFLATE_ROOT/.venv/bin/python" scripts/round4.py refine^[[0m
fast-j	Refine shortlisted candidates	2026-10-08T06:03:44.0162114Z shell: /usr/bin/bash -e {0}
fast-j	Refine shortlisted candidates	2026-10-08T06:03:44.0162258Z env:
fast-j	Refine shortlisted candidates	2026-10-08T06:03:44.0162370Z   ROUND4_SPEC: fast-j
fast-j	Refine shortlisted candidates	2026-10-08T06:03:44.0162504Z   ROUND4_SPEC_DIR: evidence/round11
fast-j	Refine shortlisted candidates	2026-10-08T06:03:44.0162687Z   DEFLATE_ROOT: /home/runner/work/_temp/deflate-upstream
fast-j	Refine shortlisted candidates	2026-10-08T06:03:44.0162920Z   ELAN_HOME: /home/runner/work/_temp/deflate-upstream/validator/.work/elan
fast-j	Refine shortlisted candidates	2026-10-08T06:03:44.0163156Z   XDG_CACHE_HOME: /home/runner/work/_temp/deflate-cache
fast-j	Refine shortlisted candidates	2026-10-08T06:03:44.0163355Z   UV_CACHE_DIR: /home/runner/work/_temp/deflate-cache/uv
fast-j	Refine shortlisted candidates	2026-10-08T06:03:44.0163532Z   XDG_RUNTIME_DIR: /run/user/1001
fast-j	Refine shortlisted candidates	2026-10-08T06:03:44.0163731Z   DBUS_SESSION_BUS_ADDRESS: unix:path=/run/user/1001/bus
fast-j	Refine shortlisted candidates	2026-10-08T06:03:44.0163915Z   VERIFY_CORPUS: corpus-stage1
fast-j	Refine shortlisted candidates	2026-10-08T06:03:44.0164057Z   VERIFY_SANDBOX: bwrap
fast-j	Refine shortlisted candidates	2026-10-08T06:03:44.0164192Z   GIT_TERMINAL_PROMPT: 0
fast-j	Refine shortlisted candidates	2026-10-08T06:03:44.0164320Z ##[endgroup]
fast-j	Refine shortlisted candidates	2026-10-08T06:03:44.0984309Z ROUND4_PHASE {"phase": "refine", "summary": [{"candidate": "public361", "control": true, "blocks": [1, 2], "time": 1.1381719151954188, "size_pct": 33.95862675598211, "own_anchor": {"time": 1.1608686942402877, "size_pct": 34.209957755736326, "on_frontier": false, "dominating_ids": ["375"], "conditional_geometry_weight": 0, "size_gap_pp": 0.002389753302253439}, "fixed_427": {"time": 1.1545648815144838, "size_pct": 34.19728114309628, "on_frontier": true, "dominating_ids": [], "conditional_geometry_weight": 0.013330995957455925, "size_gap_pp": 0}, "stress_1pct": {"time": 1.1724773811826905, "size_pct": 34.209957755736326, "on_frontier": false, "dominating_ids": ["375"], "conditional_geometry_weight": 0, "size_gap_pp": 0.002389753302253439}, "time_change_pct_vs_fast3": [159.89642018218257, 159.89770667031854], "size_change_pp_vs_fast3": -2.643512350348068, "equivalence": null}, {"candidate": "r10-finder-pipeline-proof", "control": true, "blocks": [1, 2], "time": 1.3921811872110692, "size_pct": 33.934365747942536, "own_anchor": {"time": 1.4199371603698574, "size_pct": 34.18551718968784, "on_frontier": false, "dominating_ids": ["360", "418", "422"], "conditional_geometry_weight": 0, "size_gap_pp": 0.008274726843147562}, "fixed_427": {"time": 1.4122326214516236, "size_pct": 34.172849633580135, "on_frontier": true, "dominating_ids": [], "conditional_geometry_weight": 0.003920758844799068, "size_gap_pp": 0}, "stress_1pct": {"time": 1.4370004074126583, "size_pct": 34.18551718968784, "on_frontier": false, "dominating_ids": ["360", "418", "422"], "conditional_geometry_weight": 0, "size_gap_pp": 0.008274726843147562}, "time_change_pct_vs_fast3": [217.26210305458005, 218.5333178829744], "size_change_pp_vs_fast3": -2.6677733583876417, "equivalence": null}, {"candidate": "fast-shadow", "control": true, "blocks": [1, 2], "time": 0.43790705685961173, "size_pct": 36.60213910633018, "own_anchor": {"time": 0.4378517042638559, "size_pct": 36.999728556810254, "on_frontier": false, "dominating_ids": ["506", "507"], "conditional_geometry_weight": 0, "size_gap_pp": 0.3351259282879795}, "fixed_427": {"time": 0.44421418457743805, "size_pct": 36.859371565647756, "on_frontier": false, "dominating_ids": ["456", "481", "506", "507"], "conditional_geometry_weight": 0, "size_gap_pp": 0.5670822095177712}, "stress_1pct": {"time": 0.4436340972955519, "size_pct": 36.999728556810254, "on_frontier": false, "dominating_ids": ["456", "481", "506", "507"], "conditional_geometry_weight": 0, "size_gap_pp": 0.7074392006802697}, "time_change_pct_vs_fast3": [0.3124697937512133, -0.3224059680759117], "size_change_pp_vs_fast3": 0.0, "equivalence": null}, {"candidate": "r3-432-fast3", "control": true, "blocks": [1, 2], "time": 0.43793180812548427, "size_pct": 36.60213910633018, "own_anchor": {"time": 0.43787345819892, "size_pct": 36.999728556810254, "on_frontier": false, "dominating_ids": ["506", "507"], "conditional_geometry_weight": 0, "size_gap_pp": 0.3351259282879795}, "fixed_427": {"time": 0.4442392923331013, "size_pct": 36.859371565647756, "on_frontier": false, "dominating_ids": ["456", "481", "506", "507"], "conditional_geometry_weight": 0, "size_gap_pp": 0.5670822095177712}, "stress_1pct": {"time": 0.44225219278090927, "size_pct": 36.999728556810254, "on_frontier": false, "dominating_ids": ["481", "506", "507"], "conditional_geometry_weight": 0, "size_gap_pp": 0.439732922335601}, "time_change_pct_vs_fast3": [0.0, 0.0], "size_change_pp_vs_fast3": 0.0, "equivalence": null}, {"candidate": "public432", "control": true, "blocks": [1, 2], "time": 0.43994803811334443, "size_pct": 36.52435870548103, "own_anchor": {"time": 0.4413850574969763, "size_pct": 36.91273515631194, "on_frontier": false, "dominating_ids": ["481", "506", "507"], "conditional_geometry_weight": 0, "size_gap_pp": 0.35273952183728596}, "fixed_427": {"time": 0.44628456186221277, "size_pct": 36.781044539812044, "on_frontier": false, "dominating_ids": ["451", "456", "481", "506", "507"], "conditional_geometry_weight": 0, "size_gap_pp": 0.5365994793169833}, "stress_1pct": {"time": 0.4457989080719461, "size_pct": 36.91273515631194, "on_frontier": false, "dominating_ids": ["451", "456", "481", "506", "507"], "conditional_geometry_weight": 0, "size_gap_pp": 0.6682900958168787}, "time_change_pct_vs_fast3": [0.557937378997786, 0.3632782407160917], "size_change_pp_vs_fast3": -0.07778040084915006, "equivalence": null}, {"candidate": "probe3", "control": true, "blocks": [1, 2], "time": 0.4663720586201054, "size_pct": 35.92083771476539, "own_anchor": {"time": 0.46614327772931885, "size_pct": 36.173282125166494, "on_frontier": false, "dominating_ids": ["437", "442", "464", "497", "498", "500"], "conditional_geometry_weight": 0, "size_gap_pp": 0.4163487968876325}, "fixed_427": {"time": 0.4730891646627367, "size_pct": 36.173282125166494, "on_frontier": false, "dominating_ids": ["437", "442", "464", "497", "498", "500"], "conditional_geometry_weight": 0, "size_gap_pp": 0.4163487968876325}, "stress_1pct": {"time": 0.4708047105066121, "size_pct": 36.173282125166494, "on_frontier": false, "dominating_ids": ["437", "442", "464", "497", "498", "500"], "conditional_geometry_weight": 0, "size_gap_pp": 0.4163487968876325}, "time_change_pct_vs_fast3": [6.49361964617603, 6.494815688150646], "size_change_pp_vs_fast3": -0.6813013915647872, "equivalence": null}, {"candidate": "r11-fast-skipahead", "control": false, "blocks": [1, 2], "time": 0.44127540773981394, "size_pct": 36.60213910633018, "own_anchor": {"time": 0.44121974630755745, "size_pct": 36.999728556810254, "on_frontier": false, "dominating_ids": ["481", "506", "507"], "conditional_geometry_weight": 0, "size_gap_pp": 0.439732922335601}, "fixed_427": {"time": 0.44763104944906174, "size_pct": 36.859371565647756, "on_frontier": false, "dominating_ids": ["451", "456", "481", "506", "507"], "conditional_geometry_weight": 0, "size_gap_pp": 0.6149265051526953}, "stress_1pct": {"time": 0.44710144660275064, "size_pct": 36.999728556810254, "on_frontier": false, "dominating_ids": ["451", "456", "481", "506", "507"], "conditional_geometry_weight": 0, "size_gap_pp": 0.7552834963151938}, "time_change_pct_vs_fast3": [1.096490622544799, 0.43193639031937625], "size_change_pp_vs_fast3": 0.0, "equivalence": {"reference": "r3-432-fast3", "public_token_and_output_equal": true, "changed_files": [], "scope": "finite public corpus only; no all-input equivalence claim"}}], "gates": {}, "failures": []}
fast-j	Run selected fresh official gate	﻿2026-10-08T06:03:44.1145548Z ##[group]Run export PATH="$HOME/.local/bin:$HOME/.cargo/bin:$ELAN_HOME/bin:$PATH"
fast-j	Run selected fresh official gate	2026-10-08T06:03:44.1145896Z ^[[36;1mexport PATH="$HOME/.local/bin:$HOME/.cargo/bin:$ELAN_HOME/bin:$PATH"^[[0m
fast-j	Run selected fresh official gate	2026-10-08T06:03:44.1146138Z ^[[36;1mexport PYTHONPATH="$DEFLATE_ROOT/validator"^[[0m
fast-j	Run selected fresh official gate	2026-10-08T06:03:44.1146518Z ^[[36;1m"$DEFLATE_ROOT/.venv/bin/python" scripts/round4.py gate^[[0m
fast-j	Run selected fresh official gate	2026-10-08T06:03:44.1198221Z shell: /usr/bin/bash -e {0}
fast-j	Run selected fresh official gate	2026-10-08T06:03:44.1198367Z env:
fast-j	Run selected fresh official gate	2026-10-08T06:03:44.1198481Z   ROUND4_SPEC: fast-j
fast-j	Run selected fresh official gate	2026-10-08T06:03:44.1198619Z   ROUND4_SPEC_DIR: evidence/round11
fast-j	Run selected fresh official gate	2026-10-08T06:03:44.1198948Z   DEFLATE_ROOT: /home/runner/work/_temp/deflate-upstream
fast-j	Run selected fresh official gate	2026-10-08T06:03:44.1199184Z   ELAN_HOME: /home/runner/work/_temp/deflate-upstream/validator/.work/elan
fast-j	Run selected fresh official gate	2026-10-08T06:03:44.1199419Z   XDG_CACHE_HOME: /home/runner/work/_temp/deflate-cache
fast-j	Run selected fresh official gate	2026-10-08T06:03:44.1199622Z   UV_CACHE_DIR: /home/runner/work/_temp/deflate-cache/uv
fast-j	Run selected fresh official gate	2026-10-08T06:03:44.1199799Z   XDG_RUNTIME_DIR: /run/user/1001
fast-j	Run selected fresh official gate	2026-10-08T06:03:44.1199997Z   DBUS_SESSION_BUS_ADDRESS: unix:path=/run/user/1001/bus
fast-j	Run selected fresh official gate	2026-10-08T06:03:44.1200178Z   VERIFY_CORPUS: corpus-stage1
fast-j	Run selected fresh official gate	2026-10-08T06:03:44.1200323Z   VERIFY_SANDBOX: bwrap
fast-j	Run selected fresh official gate	2026-10-08T06:03:44.1200451Z   GIT_TERMINAL_PROMPT: 0
fast-j	Run selected fresh official gate	2026-10-08T06:03:44.1200580Z ##[endgroup]
fast-j	Run selected fresh official gate	2026-10-08T06:03:44.2046211Z SYNTHETIC_INPUTS {"source-like.txt": {"bytes": 220484, "sha256": "326efe91d7d1e5a11bee87388ef45c7551b1b541f17a1749d7cd5cd53c25ab66"}, "short-log.txt": {"bytes": 32505, "sha256": "23ef9a1b24b2cfcd1c73f1ff1a71ab017cbcf921409f96f8839c74819d3c0b82"}, "table.csv": {"bytes": 193765, "sha256": "e773c09c5e5d585dc64330f220ca47963de24c1be3297a8161e89fca34b98a85"}, "multilingual.txt": {"bytes": 163270, "sha256": "bdd257c8c2afbd9c418ec8954e0ca3f2cedbfa5a622e9b2d5255f35647f1aecc"}, "random.bin": {"bytes": 131101, "sha256": "22c862f2c2c5fd5a072e9f74b5a056aacb9025228d040addb56dcd9bec4c09d3"}, "window-boundary.bin": {"bytes": 73735, "sha256": "3d5e223fd8ced74430c5b87ebbbe4ff9c9782c6902f9b137538dddc79f087dcc"}, "sparse.bin": {"bytes": 53803, "sha256": "c51b774d8aadb5b636c1463ff5a9df4fe6c326330101df1daf2e4745b07678d3"}, "tiny-structured.txt": {"bytes": 15588, "sha256": "2b4701704019445efcca8272c668d8015913d54616281baf813d477623dfcdd3"}}
fast-j	Run selected fresh official gate	2026-10-08T06:03:44.2471736Z ^[[32m2026-10-08 06:03:44.246^[[0m | ^[[34m^[[1mDEBUG   ^[[0m | ^[[36msandbox.bwrap^[[0m:^[[36mrun^[[0m:^[[36m110^[[0m - ^[[34m^[[1m[bwrap] rustc exit=0 in 0.0s^[[0m
fast-j	Run selected fresh official gate	2026-10-08T06:03:45.8202084Z ^[[32m2026-10-08 06:03:45.819^[[0m | ^[[34m^[[1mDEBUG   ^[[0m | ^[[36msandbox.bwrap^[[0m:^[[36mrun^[[0m:^[[36m110^[[0m - ^[[34m^[[1m[bwrap] cargo exit=0 in 1.6s^[[0m
fast-j	Run selected fresh official gate	2026-10-08T06:03:45.8205966Z ^[[32m2026-10-08 06:03:45.820^[[0m | ^[[34m^[[1mDEBUG   ^[[0m | ^[[36mbench.driver^[[0m:^[[36m_build^[[0m:^[[36m295^[[0m - ^[[34m^[[1m[bench] built incumbent in 1.6s exit=0^[[0m
fast-j	Run selected fresh official gate	2026-10-08T06:03:48.5216209Z ^[[32m2026-10-08 06:03:48.521^[[0m | ^[[34m^[[1mDEBUG   ^[[0m | ^[[36msandbox.bwrap^[[0m:^[[36mrun^[[0m:^[[36m110^[[0m - ^[[34m^[[1m[bwrap] cargo exit=0 in 2.7s^[[0m
fast-j	Run selected fresh official gate	2026-10-08T06:03:48.5217278Z ^[[32m2026-10-08 06:03:48.521^[[0m | ^[[34m^[[1mDEBUG   ^[[0m | ^[[36mbench.driver^[[0m:^[[36m_build^[[0m:^[[36m295^[[0m - ^[[34m^[[1m[bench] built r3-432-fast3 in 2.7s exit=0^[[0m
fast-j	Run selected fresh official gate	2026-10-08T06:03:48.9451760Z ^[[32m2026-10-08 06:03:48.944^[[0m | ^[[34m^[[1mDEBUG   ^[[0m | ^[[36msandbox.bwrap^[[0m:^[[36mrun^[[0m:^[[36m110^[[0m - ^[[34m^[[1m[bwrap] measure exit=0 in 0.4s^[[0m
fast-j	Run selected fresh official gate	2026-10-08T06:03:48.9452757Z ^[[32m2026-10-08 06:03:48.945^[[0m | ^[[34m^[[1mDEBUG   ^[[0m | ^[[36mbench.driver^[[0m:^[[36m_measure^[[0m:^[[36m333^[[0m - ^[[34m^[[1m[bench] measured r3-432-fast3 in 0.4s exit=0^[[0m
fast-j	Run selected fresh official gate	2026-10-08T06:03:48.9488249Z SYNTHETIC_MEASUREMENT {"candidate": "r3-432-fast3", "round": 1, "time": 0.37096170459190425, "size_pct": 36.611473427728505}
fast-j	Run selected fresh official gate	2026-10-08T06:03:48.9493082Z SYNTHETIC_RAW 1 r3-432-fast3 {"kind": "meta", "schema_version": 4, "started_at_unix": 1791439428.5345917, "corpus": "synthetic-transfer", "corpus_dir": "/home/runner/work/_temp/round4-receipts/synthetic-transfer", "os": "linux", "arch": "x86_64", "rustc_version": "rustc 1.100.0-nightly (8fa1c96cf 2026-08-17)", "cpu_model": "AMD EPYC 9V45 96-Core Processor", "cpu_governor": null, "warmup_rounds": 1, "measured_rounds": 11, "speed_floor": null, "methods": {"incumbent": {"external": false, "crate_dir": "/home/runner/work/_temp/deflate-upstream/data/bench-workspace/20261008T060344Z-c8f76e0a-7xvtnnf0/incumbent", "source_sha256": "b9e0d844baf5958cf0c1c66bfb9fd1f89663fa30f21a99c3c116b3dd2e771361", "lib_sha256": "141f58ceb5d68fdd9fef84fc9da46540dfd34174de8533d923ef187ae09ec57b"}, "r3-432-fast3": {"external": false, "crate_dir": "/home/runner/work/_temp/deflate-upstream/data/bench-workspace/20261008T060344Z-c8f76e0a-7xvtnnf0/r3-432-fast3", "source_sha256": "bae8014121e4710f4a34ce63452578b4bf69121b4f695e1b1356780a019108ef", "lib_sha256": "e3c97b3aef581e8e4a6e0f848cdd79427cdc9aa441d32c3110b73cc0508d3566"}}, "benchmark_provenance": {"version": 1, "engine_sha256": "ab202460691492f48d5c632375f5df2a74fc3769a81337e876607e9326a46fac", "template_sha256": "584b01793667c5257da4e76da919fbb3bb73c72fa434866622fe3905884d33f0", "host_sha256": "2b32344a74bca6b42edebf4f499412873c9bc3de9561a681587513913177b357", "cpus": "0", "process_affinity": [0, 1, 2, 3], "memory_mb": 2048, "sandbox": true, "build_profile": "release", "external_references": false}}
fast-j	Run selected fresh official gate	2026-10-08T06:03:48.9502512Z SYNTHETIC_RAW 1 r3-432-fast3 {"kind": "file", "corpus": "synthetic-transfer", "file": "multilingual.txt", "raw_bytes": 163270, "sha256": "bdd257c8c2afbd9c418ec8954e0ca3f2cedbfa5a622e9b2d5255f35647f1aecc", "methods": {"incumbent": {"external": false, "output_bytes": 9206, "output_sha256": "dd1312ec4702740b4331fb5195ee7cf1f8f1e4ebb52c5bad2ee9ac46eb142e05", "tokens": 4618, "tokens_sha256": "a6e0f107a4d317d16a1a0fe1f14d8a05d25385b4de7fa5b1409ef0de972f3b25", "deterministic": true, "encode_s": 0.000308539, "errors": [], "reps": [{"phase": "warmup", "order_index": 1, "time_s": 0.001292946, "encode_s": 0.000308539, "total_s": 0.001601485}, {"phase": "measured", "order_index": 3, "time_s": 0.001170252, "encode_s": 0.000253208, "total_s": 0.00142346}, {"phase": "measured", "order_index": 5, "time_s": 0.001180729, "encode_s": 0.000242111, "total_s": 0.0014228399999999999}, {"phase": "measured", "order_index": 7, "time_s": 0.001165776, "encode_s": 0.000240428, "total_s": 0.001406204}, {"phase": "measured", "order_index": 9, "time_s": 0.00121532, "encode_s": 0.000239406, "total_s": 0.001454726}, {"phase": "measured", "order_index": 11, "time_s": 0.00116857, "encode_s": 0.000245115, "total_s": 0.001413685}, {"phase": "measured", "order_index": 13, "time_s": 0.001166567, "encode_s": 0.000237684, "total_s": 0.001404251}, {"phase": "measured", "order_index": 15, "time_s": 0.001166808, "encode_s": 0.000239957, "total_s": 0.0014067650000000001}, {"phase": "measured", "order_index": 17, "time_s": 0.001175311, "encode_s": 0.000235701, "total_s": 0.0014110120000000001}, {"phase": "measured", "order_index": 19, "time_s": 0.001193827, "encode_s": 0.000244644, "total_s": 0.001438471}, {"phase": "measured", "order_index": 21, "time_s": 0.001170493, "encode_s": 0.000236742, "total_s": 0.0014072350000000002}, {"phase": "measured", "order_index": 23, "time_s": 0.001177213, "encode_s": 0.000237413, "total_s": 0.001414626}]}, "r3-432-fast3": {"external": false, "output_bytes": 9684, "output_sha256": "a284573a2c433c69dbc0ce64c42cca6e59fe1f88b9f332af6236cb76a4cc5a89", "tokens": 5264, "tokens_sha256": "b76b372c9f2aeef288bc0b1429aeb3b3fe62fc4697f91a59072a22280df3b1fc", "deterministic": true, "encode_s": 0.000245345, "errors": [], "reps": [{"phase": "warmup", "order_index": 2, "time_s": 6.1462e-05, "encode_s": 0.000245345, "total_s": 0.000306807}, {"phase": "measured", "order_index": 4, "time_s": 5.9558e-05, "encode_s": 0.000238726, "total_s": 0.000298284}, {"phase": "measured", "order_index": 6, "time_s": 5.9269e-05, "encode_s": 0.000263071, "total_s": 0.00032233999999999995}, {"phase": "measured", "order_index": 8, "time_s": 5.9338e-05, "encode_s": 0.000232306, "total_s": 0.000291644}, {"phase": "measured", "order_index": 10, "time_s": 5.8998e-05, "encode_s": 0.000234449, "total_s": 0.000293447}, {"phase": "measured", "order_index": 12, "time_s": 5.9008e-05, "encode_s": 0.000235471, "total_s": 0.000294479}, {"phase": "measured", "order_index": 14, "time_s": 5.9178e-05, "encode_s": 0.000249632, "total_s": 0.00030881}, {"phase": "measured", "order_index": 16, "time_s": 5.8748e-05, "encode_s": 0.000232356, "total_s": 0.000291104}, {"phase": "measured", "order_index": 18, "time_s": 5.9058e-05, "encode_s": 0.000231505, "total_s": 0.000290563}, {"phase": "measured", "order_index": 20, "time_s": 5.9028e-05, "encode_s": 0.000228751, "total_s": 0.000287779}, {"phase": "measured", "order_index": 22, "time_s": 5.8877e-05, "encode_s": 0.000238696, "total_s": 0.000297573}, {"phase": "measured", "order_index": 24, "time_s": 5.9018e-05, "encode_s": 0.000229421, "total_s": 0.000288439}]}}}
fast-j	Run selected fresh official gate	2026-10-08T06:03:48.9515593Z SYNTHETIC_RAW 1 r3-432-fast3 {"kind": "file", "corpus": "synthetic-transfer", "file": "random.bin", "raw_bytes": 131101, "sha256": "22c862f2c2c5fd5a072e9f74b5a056aacb9025228d040addb56dcd9bec4c09d3", "methods": {"incumbent": {"external": false, "output_bytes": 131445, "output_sha256": "deebb4fe887edb814c65fc8f8d20b733d4a395d0e32399c3c25af9b591d8dc2d", "tokens": 130620, "tokens_sha256": "5330a4dbafd88f2b8356a1db487249115b5a636a9e2bab5cf05094461ba5cbc3", "deterministic": true, "encode_s": 0.003744766, "errors": [], "reps": [{"phase": "warmup", "order_index": 25, "time_s": 0.001577138, "encode_s": 0.003744766, "total_s": 0.0053219040000000006}, {"phase": "measured", "order_index": 27, "time_s": 0.00162494, "encode_s": 0.003627172, "total_s": 0.005252112}, {"phase": "measured", "order_index": 29, "time_s": 0.001592311, "encode_s": 0.003668313, "total_s": 0.005260624}, {"phase": "measured", "order_index": 31, "time_s": 0.00159147, "encode_s": 0.003642524, "total_s": 0.005233994}, {"phase": "measured", "order_index": 33, "time_s": 0.00158444, "encode_s": 0.00363316, "total_s": 0.005217599999999999}, {"phase": "measured", "order_index": 35, "time_s": 0.001593463, "encode_s": 0.003613271, "total_s": 0.005206734}, {"phase": "measured", "order_index": 37, "time_s": 0.001600254, "encode_s": 0.00361985, "total_s": 0.005220104}, {"phase": "measured", "order_index": 39, "time_s": 0.001585191, "encode_s": 0.003630246, "total_s": 0.005215437}, {"phase": "measured", "order_index": 41, "time_s": 0.001600303, "encode_s": 0.003643536, "total_s": 0.005243839}, {"phase": "measured", "order_index": 43, "time_s": 0.001626883, "encode_s": 0.003650316, "total_s": 0.005277199}, {"phase": "measured", "order_index": 45, "time_s": 0.001582888, "encode_s": 0.00363289, "total_s": 0.005215778}, {"phase": "measured", "order_index": 47, "time_s": 0.001620283, "encode_s": 0.003622084, "total_s": 0.0052423669999999995}]}, "r3-432-fast3": {"external": false, "output_bytes": 131144, "output_sha256": "52b5974219d121f00e342319360c4c8bcac7ff2eda0365aa245dfe321fd4613b", "tokens": 131101, "tokens_sha256": "861ef26a6d151afca1053cb702d3d74a8e4ef1beae1928ecd65b6e1995a7cb99", "deterministic": true, "encode_s": 0.003480493, "errors": [], "reps": [{"phase": "warmup", "order_index": 26, "time_s": 1.6104e-05, "encode_s": 0.003480493, "total_s": 0.0034965969999999997}, {"phase": "measured", "order_index": 28, "time_s": 1.4802e-05, "encode_s": 0.00343854, "total_s": 0.003453342}, {"phase": "measured", "order_index": 30, "time_s": 1.5053e-05, "encode_s": 0.002772509, "total_s": 0.002787562}, {"phase": "measured", "order_index": 32, "time_s": 1.5023e-05, "encode_s": 0.003554133, "total_s": 0.003569156}, {"phase": "measured", "order_index": 34, "time_s": 1.4822e-05, "encode_s": 0.003433523, "total_s": 0.003448345}, {"phase": "measured", "order_index": 36, "time_s": 1.5092e-05, "encode_s": 0.003465982, "total_s": 0.003481074}, {"phase": "measured", "order_index": 38, "time_s": 1.5002e-05, "encode_s": 0.003424951, "total_s": 0.003439953}, {"phase": "measured", "order_index": 40, "time_s": 1.5122e-05, "encode_s": 0.003450689, "total_s": 0.0034658109999999996}, {"phase": "measured", "order_index": 42, "time_s": 1.4692e-05, "encode_s": 0.003476878, "total_s": 0.0034915700000000003}, {"phase": "measured", "order_index": 44, "time_s": 1.5083e-05, "encode_s": 0.00344465, "total_s": 0.003459733}, {"phase": "measured", "order_index": 46, "time_s": 2.4026e-05, "encode_s": 0.003462276, "total_s": 0.0034863019999999997}, {"phase": "measured", "order_index": 48, "time_s": 1.4772e-05, "encode_s": 0.0034309, "total_s": 0.0034456720000000003}]}}}
fast-j	Run selected fresh official gate	2026-10-08T06:03:48.9532428Z SYNTHETIC_RAW 1 r3-432-fast3 {"kind": "file", "corpus": "synthetic-transfer", "file": "short-log.txt", "raw_bytes": 32505, "sha256": "23ef9a1b24b2cfcd1c73f1ff1a71ab017cbcf921409f96f8839c74819d3c0b82", "methods": {"incumbent": {"external": false, "output_bytes": 4871, "output_sha256": "b801c58b86a433392a15971de32130be788d25cd6f3a91a1abda0f0a909dac25", "tokens": 3017, "tokens_sha256": "fcd4ea723eb6d0e399dc5c1cf6825e8d767f6fc45a05600bb177054b19e7eaec", "deterministic": true, "encode_s": 0.000184405, "errors": [], "reps": [{"phase": "warmup", "order_index": 49, "time_s": 0.000583419, "encode_s": 0.000184405, "total_s": 0.000767824}, {"phase": "measured", "order_index": 51, "time_s": 0.00057086, "encode_s": 0.000178256, "total_s": 0.000749116}, {"phase": "measured", "order_index": 53, "time_s": 0.000558892, "encode_s": 0.000171786, "total_s": 0.000730678}, {"phase": "measured", "order_index": 55, "time_s": 0.000559473, "encode_s": 0.000169863, "total_s": 0.000729336}, {"phase": "measured", "order_index": 57, "time_s": 0.000559013, "encode_s": 0.00016813, "total_s": 0.000727143}, {"phase": "measured", "order_index": 59, "time_s": 0.000558301, "encode_s": 0.000168551, "total_s": 0.0007268519999999999}, {"phase": "measured", "order_index": 61, "time_s": 0.000557971, "encode_s": 0.000167159, "total_s": 0.00072513}, {"phase": "measured", "order_index": 63, "time_s": 0.00055737, "encode_s": 0.000167129, "total_s": 0.000724499}, {"phase": "measured", "order_index": 65, "time_s": 0.000557711, "encode_s": 0.000166217, "total_s": 0.000723928}, {"phase": "measured", "order_index": 67, "time_s": 0.000558071, "encode_s": 0.000166157, "total_s": 0.000724228}, {"phase": "measured", "order_index": 69, "time_s": 0.00055771, "encode_s": 0.000164144, "total_s": 0.000721854}, {"phase": "measured", "order_index": 71, "time_s": 0.000558011, "encode_s": 0.000166227, "total_s": 0.000724238}]}, "r3-432-fast3": {"external": false, "output_bytes": 8277, "output_sha256": "44efccadf8af77a0163a4d6740f486246dd4c10770eb34fe7972bafa6c805687", "tokens": 12200, "tokens_sha256": "891ba096a1bfc6ebae0e33da360e53f6233e820044e96dd5cab5ca945671f382", "deterministic": true, "encode_s": 0.00018135, "errors": [], "reps": [{"phase": "warmup", "order_index": 50, "time_s": 5.8347e-05, "encode_s": 0.00018135, "total_s": 0.00023969699999999998}, {"phase": "measured", "order_index": 52, "time_s": 5.39e-05, "encode_s": 0.000183153, "total_s": 0.000237053}, {"phase": "measured", "order_index": 54, "time_s": 5.3751e-05, "encode_s": 0.000176352, "total_s": 0.000230103}, {"phase": "measured", "order_index": 56, "time_s": 5.3069e-05, "encode_s": 0.000185166, "total_s": 0.000238235}, {"phase": "measured", "order_index": 58, "time_s": 5.2909e-05, "encode_s": 0.00018117, "total_s": 0.000234079}, {"phase": "measured", "order_index": 60, "time_s": 5.2749e-05, "encode_s": 0.000182582, "total_s": 0.000235331}, {"phase": "measured", "order_index": 62, "time_s": 5.2519e-05, "encode_s": 0.000189562, "total_s": 0.000242081}, {"phase": "measured", "order_index": 64, "time_s": 5.2738e-05, "encode_s": 0.000183824, "total_s": 0.000236562}, {"phase": "measured", "order_index": 66, "time_s": 5.2418e-05, "encode_s": 0.000182102, "total_s": 0.00023452}, {"phase": "measured", "order_index": 68, "time_s": 5.2688e-05, "encode_s": 0.000181671, "total_s": 0.000234359}, {"phase": "measured", "order_index": 70, "time_s": 5.2718e-05, "encode_s": 0.000188241, "total_s": 0.00024095899999999998}, {"phase": "measured", "order_index": 72, "time_s": 5.2489e-05, "encode_s": 0.000182331, "total_s": 0.00023482}]}}}
fast-j	Run selected fresh official gate	2026-10-08T06:03:48.9544459Z SYNTHETIC_RAW 1 r3-432-fast3 {"kind": "file", "corpus": "synthetic-transfer", "file": "source-like.txt", "raw_bytes": 220484, "sha256": "326efe91d7d1e5a11bee87388ef45c7551b1b541f17a1749d7cd5cd53c25ab66", "methods": {"incumbent": {"external": false, "output_bytes": 16650, "output_sha256": "a459035fe1f2d45221381fefc1bad509a69c3effb5a67ee57a00384072a446f5", "tokens": 7890, "tokens_sha256": "cf67564e32e855eac2759e9b433da56b133fd538e426d3f122c000aa5d009805", "deterministic": true, "encode_s": 0.000225206, "errors": [], "reps": [{"phase": "warmup", "order_index": 73, "time_s": 0.002305924, "encode_s": 0.000225206, "total_s": 0.00253113}, {"phase": "measured", "order_index": 75, "time_s": 0.00233619, "encode_s": 0.000223272, "total_s": 0.002559462}, {"phase": "measured", "order_index": 77, "time_s": 0.002329339, "encode_s": 0.000218776, "total_s": 0.002548115}, {"phase": "measured", "order_index": 79, "time_s": 0.002335598, "encode_s": 0.000215892, "total_s": 0.00255149}, {"phase": "measured", "order_index": 81, "time_s": 0.0023095, "encode_s": 0.000214088, "total_s": 0.002523588}, {"phase": "measured", "order_index": 83, "time_s": 0.002306274, "encode_s": 0.000213238, "total_s": 0.0025195120000000002}, {"phase": "measured", "order_index": 85, "time_s": 0.002320305, "encode_s": 0.000214259, "total_s": 0.002534564}, {"phase": "measured", "order_index": 87, "time_s": 0.002308578, "encode_s": 0.000213919, "total_s": 0.002522497}, {"phase": "measured", "order_index": 89, "time_s": 0.002308658, "encode_s": 0.000212968, "total_s": 0.002521626}, {"phase": "measured", "order_index": 91, "time_s": 0.002301607, "encode_s": 0.000212497, "total_s": 0.0025141039999999996}, {"phase": "measured", "order_index": 93, "time_s": 0.00230369, "encode_s": 0.000210794, "total_s": 0.002514484}, {"phase": "measured", "order_index": 95, "time_s": 0.002304322, "encode_s": 0.000211435, "total_s": 0.002515757}]}, "r3-432-fast3": {"external": false, "output_bytes": 18393, "output_sha256": "735b68c4a5747696b4ebf6c0135116a705a15f24a8c0f6be52ce706276dd0986", "tokens": 12013, "tokens_sha256": "29f01c38ee319caf136f8241dc558b245fce41198010ea49e228211ed3642be9", "deterministic": true, "encode_s": 0.00026172, "errors": [], "reps": [{"phase": "warmup", "order_index": 74, "time_s": 0.00016102, "encode_s": 0.00026172, "total_s": 0.00042274}, {"phase": "measured", "order_index": 76, "time_s": 0.000158896, "encode_s": 0.000254309, "total_s": 0.000413205}, {"phase": "measured", "order_index": 78, "time_s": 0.000157855, "encode_s": 0.000256051, "total_s": 0.000413906}, {"phase": "measured", "order_index": 80, "time_s": 0.000157865, "encode_s": 0.000252837, "total_s": 0.000410702}, {"phase": "measured", "order_index": 82, "time_s": 0.000157855, "encode_s": 0.00024835, "total_s": 0.000406205}, {"phase": "measured", "order_index": 84, "time_s": 0.000157465, "encode_s": 0.000249622, "total_s": 0.000407087}, {"phase": "measured", "order_index": 86, "time_s": 0.000157475, "encode_s": 0.000251154, "total_s": 0.000408629}, {"phase": "measured", "order_index": 88, "time_s": 0.000157645, "encode_s": 0.000246848, "total_s": 0.000404493}, {"phase": "measured", "order_index": 90, "time_s": 0.000157114, "encode_s": 0.000245696, "total_s": 0.00040281}, {"phase": "measured", "order_index": 92, "time_s": 0.000157264, "encode_s": 0.000247809, "total_s": 0.000405073}, {"phase": "measured", "order_index": 94, "time_s": 0.000156463, "encode_s": 0.000247609, "total_s": 0.000404072}, {"phase": "measured", "order_index": 96, "time_s": 0.000157064, "encode_s": 0.000247479, "total_s": 0.000404543}]}}}
fast-j	Run selected fresh official gate	2026-10-08T06:03:48.9555271Z SYNTHETIC_RAW 1 r3-432-fast3 {"kind": "file", "corpus": "synthetic-transfer", "file": "sparse.bin", "raw_bytes": 53803, "sha256": "c51b774d8aadb5b636c1463ff5a9df4fe6c326330101df1daf2e4745b07678d3", "methods": {"incumbent": {"external": false, "output_bytes": 1798, "output_sha256": "64a1ff1bc414863ad88544207256d2d9a5ba187a3a5dc2ad6425dd07405c2e2c", "tokens": 1263, "tokens_sha256": "fae120ea72c3aae525d182eab79475dc599c31ea79ce1f32050a110b01939d24", "deterministic": true, "encode_s": 0.000345635, "errors": [], "reps": [{"phase": "warmup", "order_index": 97, "time_s": 0.00063149, "encode_s": 0.000345635, "total_s": 0.000977125}, {"phase": "measured", "order_index": 99, "time_s": 0.00061109, "encode_s": 0.000318163, "total_s": 0.000929253}, {"phase": "measured", "order_index": 101, "time_s": 0.000616218, "encode_s": 0.000321028, "total_s": 0.000937246}, {"phase": "measured", "order_index": 103, "time_s": 0.000612643, "encode_s": 0.000335039, "total_s": 0.0009476819999999999}, {"phase": "measured", "order_index": 105, "time_s": 0.000620314, "encode_s": 0.000313497, "total_s": 0.0009338109999999999}, {"phase": "measured", "order_index": 107, "time_s": 0.000624199, "encode_s": 0.000312916, "total_s": 0.000937115}, {"phase": "measured", "order_index": 109, "time_s": 0.000617479, "encode_s": 0.000317413, "total_s": 0.000934892}, {"phase": "measured", "order_index": 111, "time_s": 0.000632922, "encode_s": 0.000334988, "total_s": 0.00096791}, {"phase": "measured", "order_index": 113, "time_s": 0.000617079, "encode_s": 0.000312125, "total_s": 0.000929204}, {"phase": "measured", "order_index": 115, "time_s": 0.000616429, "encode_s": 0.000312705, "total_s": 0.0009291340000000001}, {"phase": "measured", "order_index": 117, "time_s": 0.000610389, "encode_s": 0.000318785, "total_s": 0.0009291740000000001}, {"phase": "measured", "order_index": 119, "time_s": 0.000618391, "encode_s": 0.000311214, "total_s": 0.000929605}]}, "r3-432-fast3": {"external": false, "output_bytes": 2134, "output_sha256": "8acb9c34ad5e88c0e527f0a3911b99bfac744f4625124fc678d7cdbab669c714", "tokens": 3795, "tokens_sha256": "db99e2e413bed52a91e27df8b345bd15b546f6855c8d934b12febe253691eb65", "deterministic": true, "encode_s": 0.000326156, "errors": [], "reps": [{"phase": "warmup", "order_index": 98, "time_s": 1.2298e-05, "encode_s": 0.000326156, "total_s": 0.000338454}, {"phase": "measured", "order_index": 100, "time_s": 1.1788e-05, "encode_s": 0.000320047, "total_s": 0.000331835}, {"phase": "measured", "order_index": 102, "time_s": 1.1597e-05, "encode_s": 0.000329461, "total_s": 0.00034105800000000004}, {"phase": "measured", "order_index": 104, "time_s": 1.1518e-05, "encode_s": 0.000317032, "total_s": 0.00032855000000000004}, {"phase": "measured", "order_index": 106, "time_s": 1.1397e-05, "encode_s": 0.000319647, "total_s": 0.000331044}, {"phase": "measured", "order_index": 108, "time_s": 1.1377e-05, "encode_s": 0.000321358, "total_s": 0.000332735}, {"phase": "measured", "order_index": 110, "time_s": 2.3495e-05, "encode_s": 0.000330782, "total_s": 0.000354277}, {"phase": "measured", "order_index": 112, "time_s": 1.1587e-05, "encode_s": 0.000317933, "total_s": 0.00032952000000000003}, {"phase": "measured", "order_index": 114, "time_s": 1.1467e-05, "encode_s": 0.000317403, "total_s": 0.00032887}, {"phase": "measured", "order_index": 116, "time_s": 1.1437e-05, "encode_s": 0.000323412, "total_s": 0.000334849}, {"phase": "measured", "order_index": 118, "time_s": 1.1497e-05, "encode_s": 0.000315751, "total_s": 0.00032724800000000004}, {"phase": "measured", "order_index": 120, "time_s": 1.1437e-05, "encode_s": 0.000317643, "total_s": 0.00032908}]}}}
fast-j	Run selected fresh official gate	2026-10-08T06:03:48.9566132Z SYNTHETIC_RAW 1 r3-432-fast3 {"kind": "file", "corpus": "synthetic-transfer", "file": "table.csv", "raw_bytes": 193765, "sha256": "e773c09c5e5d585dc64330f220ca47963de24c1be3297a8161e89fca34b98a85", "methods": {"incumbent": {"external": false, "output_bytes": 65436, "output_sha256": "dcb53081688a36dad21b849906f65e985a744ef8864e9324768f44dbb485a3fc", "tokens": 39085, "tokens_sha256": "93d50fc8a84ae35d4a248c3fc06f3632d2da32348cd6896ad6f9f43ea9515f65", "deterministic": true, "encode_s": 0.001405494, "errors": [], "reps": [{"phase": "warmup", "order_index": 121, "time_s": 0.007939173, "encode_s": 0.001405494, "total_s": 0.009344667000000001}, {"phase": "measured", "order_index": 123, "time_s": 0.007915578, "encode_s": 0.00116824, "total_s": 0.009083818}, {"phase": "measured", "order_index": 125, "time_s": 0.00795659, "encode_s": 0.00118226, "total_s": 0.00913885}, {"phase": "measured", "order_index": 127, "time_s": 0.007941146, "encode_s": 0.001171114, "total_s": 0.00911226}, {"phase": "measured", "order_index": 129, "time_s": 0.007958051, "encode_s": 0.001165526, "total_s": 0.009123577}, {"phase": "measured", "order_index": 131, "time_s": 0.007950921, "encode_s": 0.001171114, "total_s": 0.009122035}, {"phase": "measured", "order_index": 133, "time_s": 0.007917992, "encode_s": 0.001159927, "total_s": 0.009077919}, {"phase": "measured", "order_index": 135, "time_s": 0.007868108, "encode_s": 0.001164414, "total_s": 0.009032522000000001}, {"phase": "measured", "order_index": 137, "time_s": 0.007865774, "encode_s": 0.001163923, "total_s": 0.009029697000000001}, {"phase": "measured", "order_index": 139, "time_s": 0.007920386, "encode_s": 0.001164584, "total_s": 0.00908497}, {"phase": "measured", "order_index": 141, "time_s": 0.007898092, "encode_s": 0.001160609, "total_s": 0.009058701}, {"phase": "measured", "order_index": 143, "time_s": 0.007947496, "encode_s": 0.001163532, "total_s": 0.009111028}]}, "r3-432-fast3": {"external": false, "output_bytes": 66603, "output_sha256": "74aa82188e366b316c292a5804da3107ff83ff4f70e4441f20000f4fd72be71c", "tokens": 46913, "tokens_sha256": "4ac0c77b41058b22eb906f5a2b614520508f3faddd2681b64e6aea3cfb703c64", "deterministic": true, "encode_s": 0.001452213, "errors": [], "reps": [{"phase": "warmup", "order_index": 122, "time_s": 0.00063167, "encode_s": 0.001452213, "total_s": 0.002083883}, {"phase": "measured", "order_index": 124, "time_s": 0.000635437, "encode_s": 0.001395638, "total_s": 0.0020310750000000002}, {"phase": "measured", "order_index": 126, "time_s": 0.000641726, "encode_s": 0.001426445, "total_s": 0.0020681709999999997}, {"phase": "measured", "order_index": 128, "time_s": 0.000640534, "encode_s": 0.001404241, "total_s": 0.002044775}, {"phase": "measured", "order_index": 130, "time_s": 0.000635727, "encode_s": 0.001400646, "total_s": 0.002036373}, {"phase": "measured", "order_index": 132, "time_s": 0.000625251, "encode_s": 0.001405343, "total_s": 0.002030594}, {"phase": "measured", "order_index": 134, "time_s": 0.000634745, "encode_s": 0.001394747, "total_s": 0.002029492}, {"phase": "measured", "order_index": 136, "time_s": 0.000633092, "encode_s": 0.001386495, "total_s": 0.0020195869999999998}, {"phase": "measured", "order_index": 138, "time_s": 0.000623568, "encode_s": 0.001397411, "total_s": 0.002020979}, {"phase": "measured", "order_index": 140, "time_s": 0.000633974, "encode_s": 0.001394076, "total_s": 0.00202805}, {"phase": "measured", "order_index": 142, "time_s": 0.000633544, "encode_s": 0.001398402, "total_s": 0.0020319459999999998}, {"phase": "measured", "order_index": 144, "time_s": 0.00062438, "encode_s": 0.00140347, "total_s": 0.00202785}]}}}
fast-j	Run selected fresh official gate	2026-10-08T06:03:48.9578644Z SYNTHETIC_RAW 1 r3-432-fast3 {"kind": "file", "corpus": "synthetic-transfer", "file": "tiny-structured.txt", "raw_bytes": 15588, "sha256": "2b4701704019445efcca8272c668d8015913d54616281baf813d477623dfcdd3", "methods": {"incumbent": {"external": false, "output_bytes": 1492, "output_sha256": "f35f34fe896e5ec7c7a15e89fe5bd6eb74d866642044e5d5df10ea85bcdc674f", "tokens": 1083, "tokens_sha256": "0fa05be94e7e54cd3cede626db4ec06f61e270d22e2f35d810b14ec5a00d6dde", "deterministic": true, "encode_s": 0.000120439, "errors": [], "reps": [{"phase": "warmup", "order_index": 145, "time_s": 0.000143864, "encode_s": 0.000120439, "total_s": 0.000264303}, {"phase": "measured", "order_index": 147, "time_s": 0.000136293, "encode_s": 0.000114551, "total_s": 0.000250844}, {"phase": "measured", "order_index": 149, "time_s": 0.000132508, "encode_s": 0.000107891, "total_s": 0.00024039900000000003}, {"phase": "measured", "order_index": 151, "time_s": 0.000130995, "encode_s": 0.000109944, "total_s": 0.000240939}, {"phase": "measured", "order_index": 153, "time_s": 0.000129513, "encode_s": 0.00010057, "total_s": 0.00023008299999999999}, {"phase": "measured", "order_index": 155, "time_s": 0.000128462, "encode_s": 9.7886e-05, "total_s": 0.00022634800000000002}, {"phase": "measured", "order_index": 157, "time_s": 0.000128121, "encode_s": 0.000102383, "total_s": 0.000230504}, {"phase": "measured", "order_index": 159, "time_s": 0.0001275, "encode_s": 9.5071e-05, "total_s": 0.00022257100000000002}, {"phase": "measured", "order_index": 161, "time_s": 0.000126909, "encode_s": 9.2648e-05, "total_s": 0.000219557}, {"phase": "measured", "order_index": 163, "time_s": 0.000126679, "encode_s": 9.9828e-05, "total_s": 0.000226507}, {"phase": "measured", "order_index": 165, "time_s": 0.000126378, "encode_s": 9.3269e-05, "total_s": 0.000219647}, {"phase": "measured", "order_index": 167, "time_s": 0.000125767, "encode_s": 9.3009e-05, "total_s": 0.000218776}]}, "r3-432-fast3": {"external": false, "output_bytes": 2299, "output_sha256": "b0b848b0cc9f13315492e78ac8ad5091e82b05ec5dd2dec88b45f99eeaae24ba", "tokens": 2612, "tokens_sha256": "2b05eebcbbecbfa25fbffd0210603157067c17e26adf721f5c2642ef3f525cd9", "deterministic": true, "encode_s": 0.000103595, "errors": [], "reps": [{"phase": "warmup", "order_index": 146, "time_s": 2.3074e-05, "encode_s": 0.000103595, "total_s": 0.000126669}, {"phase": "measured", "order_index": 148, "time_s": 2.1292e-05, "encode_s": 9.4781e-05, "total_s": 0.000116073}, {"phase": "measured", "order_index": 150, "time_s": 2.013e-05, "encode_s": 9.1236e-05, "total_s": 0.000111366}, {"phase": "measured", "order_index": 152, "time_s": 1.9288e-05, "encode_s": 8.703e-05, "total_s": 0.000106318}, {"phase": "measured", "order_index": 154, "time_s": 1.8737e-05, "encode_s": 8.4756e-05, "total_s": 0.00010349299999999999}, {"phase": "measured", "order_index": 156, "time_s": 1.8357e-05, "encode_s": 8.2924e-05, "total_s": 0.000101281}, {"phase": "measured", "order_index": 158, "time_s": 1.8247e-05, "encode_s": 8.1051e-05, "total_s": 9.9298e-05}, {"phase": "measured", "order_index": 160, "time_s": 1.8077e-05, "encode_s": 8.0069e-05, "total_s": 9.814599999999999e-05}, {"phase": "measured", "order_index": 162, "time_s": 1.8077e-05, "encode_s": 7.9828e-05, "total_s": 9.790499999999999e-05}, {"phase": "measured", "order_index": 164, "time_s": 1.7796e-05, "encode_s": 7.8858e-05, "total_s": 9.6654e-05}, {"phase": "measured", "order_index": 166, "time_s": 1.7827e-05, "encode_s": 7.8958e-05, "total_s": 9.6785e-05}, {"phase": "measured", "order_index": 168, "time_s": 1.7496e-05, "encode_s": 7.8006e-05, "total_s": 9.5502e-05}]}}}
fast-j	Run selected fresh official gate	2026-10-08T06:03:48.9589440Z SYNTHETIC_RAW 1 r3-432-fast3 {"kind": "file", "corpus": "synthetic-transfer", "file": "window-boundary.bin", "raw_bytes": 73735, "sha256": "3d5e223fd8ced74430c5b87ebbbe4ff9c9782c6902f9b137538dddc79f087dcc", "methods": {"incumbent": {"external": false, "output_bytes": 73933, "output_sha256": "5e456557d23dbd5249a36f224b7449a9d53075a00273d27d8ee8f397eeafb978", "tokens": 73559, "tokens_sha256": "35dd083034d7d329eefea50f23c8b2117879da70eb37280242ffd804c83eaf3b", "deterministic": true, "encode_s": 0.00221575, "errors": [], "reps": [{"phase": "warmup", "order_index": 169, "time_s": 0.000747843, "encode_s": 0.00221575, "total_s": 0.0029635929999999996}, {"phase": "measured", "order_index": 171, "time_s": 0.000769696, "encode_s": 0.002191474, "total_s": 0.00296117}, {"phase": "measured", "order_index": 173, "time_s": 0.000745269, "encode_s": 0.002169971, "total_s": 0.0029152400000000004}, {"phase": "measured", "order_index": 175, "time_s": 0.000757208, "encode_s": 0.002169601, "total_s": 0.0029268090000000003}, {"phase": "measured", "order_index": 177, "time_s": 0.000769596, "encode_s": 0.002174098, "total_s": 0.002943694}, {"phase": "measured", "order_index": 179, "time_s": 0.000733102, "encode_s": 0.002179285, "total_s": 0.002912387}, {"phase": "measured", "order_index": 181, "time_s": 0.000744699, "encode_s": 0.002168359, "total_s": 0.002913058}, {"phase": "measured", "order_index": 183, "time_s": 0.000753522, "encode_s": 0.002186246, "total_s": 0.002939768}, {"phase": "measured", "order_index": 185, "time_s": 0.000751129, "encode_s": 0.002187087, "total_s": 0.002938216}, {"phase": "measured", "order_index": 187, "time_s": 0.000741784, "encode_s": 0.002176812, "total_s": 0.0029185960000000003}, {"phase": "measured", "order_index": 189, "time_s": 0.000739401, "encode_s": 0.00218872, "total_s": 0.0029281209999999997}, {"phase": "measured", "order_index": 191, "time_s": 0.000749947, "encode_s": 0.0021889, "total_s": 0.002938847}]}, "r3-432-fast3": {"external": false, "output_bytes": 73760, "output_sha256": "7fc0f619879f4fb08483c528b61a18725bafcbfbce8f257146ac4741ba95851b", "tokens": 73735, "tokens_sha256": "8a3f0d4d337189d036871ced04356a9ba83426a905ea1c72d81f57b9d8549140", "deterministic": true, "encode_s": 0.001726181, "errors": [], "reps": [{"phase": "warmup", "order_index": 170, "time_s": 1.1037e-05, "encode_s": 0.001726181, "total_s": 0.001737218}, {"phase": "measured", "order_index": 172, "time_s": 1.1498e-05, "encode_s": 0.001740582, "total_s": 0.00175208}, {"phase": "measured", "order_index": 174, "time_s": 1.0786e-05, "encode_s": 0.0017459, "total_s": 0.0017566860000000001}, {"phase": "measured", "order_index": 176, "time_s": 1.0756e-05, "encode_s": 0.001717728, "total_s": 0.001728484}, {"phase": "measured", "order_index": 178, "time_s": 1.0976e-05, "encode_s": 0.00171228, "total_s": 0.001723256}, {"phase": "measured", "order_index": 180, "time_s": 1.0896e-05, "encode_s": 0.001940179, "total_s": 0.001951075}, {"phase": "measured", "order_index": 182, "time_s": 1.1017e-05, "encode_s": 0.001859609, "total_s": 0.001870626}, {"phase": "measured", "order_index": 184, "time_s": 1.1206e-05, "encode_s": 0.00170558, "total_s": 0.0017167859999999999}, {"phase": "measured", "order_index": 186, "time_s": 1.1117e-05, "encode_s": 0.001741604, "total_s": 0.0017527209999999998}, {"phase": "measured", "order_index": 188, "time_s": 1.0946e-05, "encode_s": 0.001701864, "total_s": 0.00171281}, {"phase": "measured", "order_index": 190, "time_s": 1.1076e-05, "encode_s": 0.001727092, "total_s": 0.001738168}, {"phase": "measured", "order_index": 192, "time_s": 1.1036e-05, "encode_s": 0.001737428, "total_s": 0.0017484640000000001}]}}}
fast-j	Run selected fresh official gate	2026-10-08T06:03:48.9886102Z ^[[32m2026-10-08 06:03:48.988^[[0m | ^[[34m^[[1mDEBUG   ^[[0m | ^[[36msandbox.bwrap^[[0m:^[[36mrun^[[0m:^[[36m110^[[0m - ^[[34m^[[1m[bwrap] rustc exit=0 in 0.0s^[[0m
fast-j	Run selected fresh official gate	2026-10-08T06:03:50.6109657Z ^[[32m2026-10-08 06:03:50.610^[[0m | ^[[34m^[[1mDEBUG   ^[[0m | ^[[36msandbox.bwrap^[[0m:^[[36mrun^[[0m:^[[36m110^[[0m - ^[[34m^[[1m[bwrap] cargo exit=0 in 1.6s^[[0m
fast-j	Run selected fresh official gate	2026-10-08T06:03:50.6110673Z ^[[32m2026-10-08 06:03:50.610^[[0m | ^[[34m^[[1mDEBUG   ^[[0m | ^[[36mbench.driver^[[0m:^[[36m_build^[[0m:^[[36m295^[[0m - ^[[34m^[[1m[bench] built incumbent in 1.6s exit=0^[[0m
fast-j	Run selected fresh official gate	2026-10-08T06:03:53.4413558Z ^[[32m2026-10-08 06:03:53.440^[[0m | ^[[34m^[[1mDEBUG   ^[[0m | ^[[36msandbox.bwrap^[[0m:^[[36mrun^[[0m:^[[36m110^[[0m - ^[[34m^[[1m[bwrap] cargo exit=0 in 2.8s^[[0m
fast-j	Run selected fresh official gate	2026-10-08T06:03:53.4416438Z ^[[32m2026-10-08 06:03:53.440^[[0m | ^[[34m^[[1mDEBUG   ^[[0m | ^[[36mbench.driver^[[0m:^[[36m_build^[[0m:^[[36m295^[[0m - ^[[34m^[[1m[bench] built r11-fast-skipahead in 2.8s exit=0^[[0m
fast-j	Run selected fresh official gate	2026-10-08T06:03:53.8643460Z ^[[32m2026-10-08 06:03:53.864^[[0m | ^[[34m^[[1mDEBUG   ^[[0m | ^[[36msandbox.bwrap^[[0m:^[[36mrun^[[0m:^[[36m110^[[0m - ^[[34m^[[1m[bwrap] measure exit=0 in 0.4s^[[0m
fast-j	Run selected fresh official gate	2026-10-08T06:03:53.8644495Z ^[[32m2026-10-08 06:03:53.864^[[0m | ^[[34m^[[1mDEBUG   ^[[0m | ^[[36mbench.driver^[[0m:^[[36m_measure^[[0m:^[[36m333^[[0m - ^[[34m^[[1m[bench] measured r11-fast-skipahead in 0.4s exit=0^[[0m
fast-j	Run selected fresh official gate	2026-10-08T06:03:53.8677189Z SYNTHETIC_MEASUREMENT {"candidate": "r11-fast-skipahead", "round": 1, "time": 0.3719943350563449, "size_pct": 36.611473427728505}
fast-j	Run selected fresh official gate	2026-10-08T06:03:53.8682091Z SYNTHETIC_RAW 1 r11-fast-skipahead {"kind": "meta", "schema_version": 4, "started_at_unix": 1791439433.457749, "corpus": "synthetic-transfer", "corpus_dir": "/home/runner/work/_temp/round4-receipts/synthetic-transfer", "os": "linux", "arch": "x86_64", "rustc_version": "rustc 1.100.0-nightly (8fa1c96cf 2026-08-17)", "cpu_model": "AMD EPYC 9V45 96-Core Processor", "cpu_governor": null, "warmup_rounds": 1, "measured_rounds": 11, "speed_floor": null, "methods": {"incumbent": {"external": false, "crate_dir": "/home/runner/work/_temp/deflate-upstream/data/bench-workspace/20261008T060348Z-800727d0-ygmexn52/incumbent", "source_sha256": "b9e0d844baf5958cf0c1c66bfb9fd1f89663fa30f21a99c3c116b3dd2e771361", "lib_sha256": "141f58ceb5d68fdd9fef84fc9da46540dfd34174de8533d923ef187ae09ec57b"}, "r11-fast-skipahead": {"external": false, "crate_dir": "/home/runner/work/_temp/deflate-upstream/data/bench-workspace/20261008T060348Z-800727d0-ygmexn52/r11-fast-skipahead", "source_sha256": "3e68ad368a56115111fc0f61038dcaa3658e2b31dee40db24916445b49add08e", "lib_sha256": "c4ac065c5582d74fd95ec0e889d0bbaeaaf715cb6525ea42bc4b840e2223e380"}}, "benchmark_provenance": {"version": 1, "engine_sha256": "ab202460691492f48d5c632375f5df2a74fc3769a81337e876607e9326a46fac", "template_sha256": "584b01793667c5257da4e76da919fbb3bb73c72fa434866622fe3905884d33f0", "host_sha256": "2b32344a74bca6b42edebf4f499412873c9bc3de9561a681587513913177b357", "cpus": "0", "process_affinity": [0, 1, 2, 3], "memory_mb": 2048, "sandbox": true, "build_profile": "release", "external_references": false}}
fast-j	Run selected fresh official gate	2026-10-08T06:03:53.8691174Z SYNTHETIC_RAW 1 r11-fast-skipahead {"kind": "file", "corpus": "synthetic-transfer", "file": "multilingual.txt", "raw_bytes": 163270, "sha256": "bdd257c8c2afbd9c418ec8954e0ca3f2cedbfa5a622e9b2d5255f35647f1aecc", "methods": {"incumbent": {"external": false, "output_bytes": 9206, "output_sha256": "dd1312ec4702740b4331fb5195ee7cf1f8f1e4ebb52c5bad2ee9ac46eb142e05", "tokens": 4618, "tokens_sha256": "a6e0f107a4d317d16a1a0fe1f14d8a05d25385b4de7fa5b1409ef0de972f3b25", "deterministic": true, "encode_s": 0.00032921, "errors": [], "reps": [{"phase": "warmup", "order_index": 1, "time_s": 0.001304231, "encode_s": 0.00032921, "total_s": 0.001633441}, {"phase": "measured", "order_index": 3, "time_s": 0.001203812, "encode_s": 0.000244884, "total_s": 0.0014486960000000002}, {"phase": "measured", "order_index": 5, "time_s": 0.002951183, "encode_s": 0.000526483, "total_s": 0.003477666}, {"phase": "measured", "order_index": 7, "time_s": 0.002388475, "encode_s": 0.000455027, "total_s": 0.0028435020000000004}, {"phase": "measured", "order_index": 9, "time_s": 0.002360965, "encode_s": 0.000433165, "total_s": 0.00279413}, {"phase": "measured", "order_index": 11, "time_s": 0.002183019, "encode_s": 0.000344784, "total_s": 0.002527803}, {"phase": "measured", "order_index": 13, "time_s": 0.001938265, "encode_s": 0.000231435, "total_s": 0.0021697}, {"phase": "measured", "order_index": 15, "time_s": 0.001536557, "encode_s": 0.000353506, "total_s": 0.001890063}, {"phase": "measured", "order_index": 17, "time_s": 0.002420503, "encode_s": 0.000490049, "total_s": 0.0029105520000000003}, {"phase": "measured", "order_index": 19, "time_s": 0.002192072, "encode_s": 0.000254289, "total_s": 0.002446361}, {"phase": "measured", "order_index": 21, "time_s": 0.001466823, "encode_s": 0.000297603, "total_s": 0.001764426}, {"phase": "measured", "order_index": 23, "time_s": 0.001678969, "encode_s": 0.000261319, "total_s": 0.001940288}]}, "r11-fast-skipahead": {"external": false, "output_bytes": 9684, "output_sha256": "a284573a2c433c69dbc0ce64c42cca6e59fe1f88b9f332af6236cb76a4cc5a89", "tokens": 5264, "tokens_sha256": "b76b372c9f2aeef288bc0b1429aeb3b3fe62fc4697f91a59072a22280df3b1fc", "deterministic": true, "encode_s": 0.000250433, "errors": [], "reps": [{"phase": "warmup", "order_index": 2, "time_s": 6.6649e-05, "encode_s": 0.000250433, "total_s": 0.000317082}, {"phase": "measured", "order_index": 4, "time_s": 6.4436e-05, "encode_s": 0.000247718, "total_s": 0.00031215400000000003}, {"phase": "measured", "order_index": 6, "time_s": 7.5543e-05, "encode_s": 0.000251024, "total_s": 0.000326567}, {"phase": "measured", "order_index": 8, "time_s": 0.000116604, "encode_s": 0.000446815, "total_s": 0.000563419}, {"phase": "measured", "order_index": 10, "time_s": 0.000143424, "encode_s": 0.000502077, "total_s": 0.0006455009999999999}, {"phase": "measured", "order_index": 12, "time_s": 0.000193808, "encode_s": 0.000401238, "total_s": 0.000595046}, {"phase": "measured", "order_index": 14, "time_s": 8.3094e-05, "encode_s": 0.000412233, "total_s": 0.000495327}, {"phase": "measured", "order_index": 16, "time_s": 0.000205165, "encode_s": 0.000257794, "total_s": 0.000462959}, {"phase": "measured", "order_index": 18, "time_s": 0.000266116, "encode_s": 0.000343872, "total_s": 0.000609988}, {"phase": "measured", "order_index": 20, "time_s": 7.0235e-05, "encode_s": 0.000298614, "total_s": 0.000368849}, {"phase": "measured", "order_index": 22, "time_s": 6.3294e-05, "encode_s": 0.000274048, "total_s": 0.00033734199999999997}, {"phase": "measured", "order_index": 24, "time_s": 6.4967e-05, "encode_s": 0.000271394, "total_s": 0.000336361}]}}}
fast-j	Run selected fresh official gate	2026-10-08T06:03:53.8702350Z SYNTHETIC_RAW 1 r11-fast-skipahead {"kind": "file", "corpus": "synthetic-transfer", "file": "random.bin", "raw_bytes": 131101, "sha256": "22c862f2c2c5fd5a072e9f74b5a056aacb9025228d040addb56dcd9bec4c09d3", "methods": {"incumbent": {"external": false, "output_bytes": 131445, "output_sha256": "deebb4fe887edb814c65fc8f8d20b733d4a395d0e32399c3c25af9b591d8dc2d", "tokens": 130620, "tokens_sha256": "5330a4dbafd88f2b8356a1db487249115b5a636a9e2bab5cf05094461ba5cbc3", "deterministic": true, "encode_s": 0.005818461, "errors": [], "reps": [{"phase": "warmup", "order_index": 25, "time_s": 0.001794831, "encode_s": 0.005818461, "total_s": 0.007613292}, {"phase": "measured", "order_index": 27, "time_s": 0.001893128, "encode_s": 0.003773967, "total_s": 0.0056670950000000005}, {"phase": "measured", "order_index": 29, "time_s": 0.001750635, "encode_s": 0.003989078, "total_s": 0.0057397130000000005}, {"phase": "measured", "order_index": 31, "time_s": 0.001591058, "encode_s": 0.00292968, "total_s": 0.004520738}, {"phase": "measured", "order_index": 33, "time_s": 0.00159246, "encode_s": 0.002963781, "total_s": 0.004556241}, {"phase": "measured", "order_index": 35, "time_s": 0.001592921, "encode_s": 0.002953216, "total_s": 0.004546137}, {"phase": "measured", "order_index": 37, "time_s": 0.001595115, "encode_s": 0.002965383, "total_s": 0.004560498}, {"phase": "measured", "order_index": 39, "time_s": 0.001597868, "encode_s": 0.00292886, "total_s": 0.004526728}, {"phase": "measured", "order_index": 41, "time_s": 0.001583747, "encode_s": 0.002953396, "total_s": 0.004537143}, {"phase": "measured", "order_index": 43, "time_s": 0.001585641, "encode_s": 0.00292302, "total_s": 0.004508661000000001}, {"phase": "measured", "order_index": 45, "time_s": 0.001583837, "encode_s": 0.002937433, "total_s": 0.00452127}, {"phase": "measured", "order_index": 47, "time_s": 0.001599491, "encode_s": 0.002968298, "total_s": 0.004567789}]}, "r11-fast-skipahead": {"external": false, "output_bytes": 131144, "output_sha256": "52b5974219d121f00e342319360c4c8bcac7ff2eda0365aa245dfe321fd4613b", "tokens": 131101, "tokens_sha256": "861ef26a6d151afca1053cb702d3d74a8e4ef1beae1928ecd65b6e1995a7cb99", "deterministic": true, "encode_s": 0.004691984, "errors": [], "reps": [{"phase": "warmup", "order_index": 26, "time_s": 1.4622e-05, "encode_s": 0.004691984, "total_s": 0.0047066059999999995}, {"phase": "measured", "order_index": 28, "time_s": 0.000119348, "encode_s": 0.003418558, "total_s": 0.003537906}, {"phase": "measured", "order_index": 30, "time_s": 1.395e-05, "encode_s": 0.002715231, "total_s": 0.002729181}, {"phase": "measured", "order_index": 32, "time_s": 1.4352e-05, "encode_s": 0.002778816, "total_s": 0.002793168}, {"phase": "measured", "order_index": 34, "time_s": 1.393e-05, "encode_s": 0.002769382, "total_s": 0.002783312}, {"phase": "measured", "order_index": 36, "time_s": 1.4762e-05, "encode_s": 0.002750615, "total_s": 0.0027653770000000003}, {"phase": "measured", "order_index": 38, "time_s": 1.393e-05, "encode_s": 0.002737104, "total_s": 0.0027510340000000003}, {"phase": "measured", "order_index": 40, "time_s": 1.3901e-05, "encode_s": 0.002765816, "total_s": 0.002779717}, {"phase": "measured", "order_index": 42, "time_s": 1.3851e-05, "encode_s": 0.002770293, "total_s": 0.002784144}, {"phase": "measured", "order_index": 44, "time_s": 1.3841e-05, "encode_s": 0.002793017, "total_s": 0.002806858}, {"phase": "measured", "order_index": 46, "time_s": 1.3951e-05, "encode_s": 0.002765597, "total_s": 0.0027795479999999997}, {"phase": "measured", "order_index": 48, "time_s": 1.4171e-05, "encode_s": 0.00292935, "total_s": 0.0029435209999999997}]}}}
fast-j	Run selected fresh official gate	2026-10-08T06:03:53.8714623Z SYNTHETIC_RAW 1 r11-fast-skipahead {"kind": "file", "corpus": "synthetic-transfer", "file": "short-log.txt", "raw_bytes": 32505, "sha256": "23ef9a1b24b2cfcd1c73f1ff1a71ab017cbcf921409f96f8839c74819d3c0b82", "methods": {"incumbent": {"external": false, "output_bytes": 4871, "output_sha256": "b801c58b86a433392a15971de32130be788d25cd6f3a91a1abda0f0a909dac25", "tokens": 3017, "tokens_sha256": "fcd4ea723eb6d0e399dc5c1cf6825e8d767f6fc45a05600bb177054b19e7eaec", "deterministic": true, "encode_s": 0.000200889, "errors": [], "reps": [{"phase": "warmup", "order_index": 49, "time_s": 0.000573053, "encode_s": 0.000200889, "total_s": 0.000773942}, {"phase": "measured", "order_index": 51, "time_s": 0.000579222, "encode_s": 0.000180328, "total_s": 0.00075955}, {"phase": "measured", "order_index": 53, "time_s": 0.000576478, "encode_s": 0.000175661, "total_s": 0.000752139}, {"phase": "measured", "order_index": 55, "time_s": 0.000577239, "encode_s": 0.000173368, "total_s": 0.000750607}, {"phase": "measured", "order_index": 57, "time_s": 0.00057805, "encode_s": 0.000172698, "total_s": 0.000750748}, {"phase": "measured", "order_index": 59, "time_s": 0.000576488, "encode_s": 0.000171505, "total_s": 0.000747993}, {"phase": "measured", "order_index": 61, "time_s": 0.000565712, "encode_s": 0.000168731, "total_s": 0.000734443}, {"phase": "measured", "order_index": 63, "time_s": 0.000565471, "encode_s": 0.000166969, "total_s": 0.00073244}, {"phase": "measured", "order_index": 65, "time_s": 0.000565231, "encode_s": 0.00016787, "total_s": 0.000733101}, {"phase": "measured", "order_index": 67, "time_s": 0.000563219, "encode_s": 0.00016796, "total_s": 0.000731179}, {"phase": "measured", "order_index": 69, "time_s": 0.000566273, "encode_s": 0.0001679, "total_s": 0.000734173}, {"phase": "measured", "order_index": 71, "time_s": 0.000563069, "encode_s": 0.000165496, "total_s": 0.000728565}]}, "r11-fast-skipahead": {"external": false, "output_bytes": 8277, "output_sha256": "44efccadf8af77a0163a4d6740f486246dd4c10770eb34fe7972bafa6c805687", "tokens": 12200, "tokens_sha256": "891ba096a1bfc6ebae0e33da360e53f6233e820044e96dd5cab5ca945671f382", "deterministic": true, "encode_s": 0.000182462, "errors": [], "reps": [{"phase": "warmup", "order_index": 50, "time_s": 5.8267e-05, "encode_s": 0.000182462, "total_s": 0.000240729}, {"phase": "measured", "order_index": 52, "time_s": 5.5293e-05, "encode_s": 0.000187779, "total_s": 0.000243072}, {"phase": "measured", "order_index": 54, "time_s": 5.346e-05, "encode_s": 0.000181299, "total_s": 0.000234759}, {"phase": "measured", "order_index": 56, "time_s": 5.371e-05, "encode_s": 0.000180699, "total_s": 0.000234409}, {"phase": "measured", "order_index": 58, "time_s": 5.2559e-05, "encode_s": 0.000180248, "total_s": 0.00023280700000000002}, {"phase": "measured", "order_index": 60, "time_s": 5.2328e-05, "encode_s": 0.00018163, "total_s": 0.000233958}, {"phase": "measured", "order_index": 62, "time_s": 5.2368e-05, "encode_s": 0.000178386, "total_s": 0.000230754}, {"phase": "measured", "order_index": 64, "time_s": 5.1997e-05, "encode_s": 0.000177795, "total_s": 0.00022979199999999998}, {"phase": "measured", "order_index": 66, "time_s": 5.2308e-05, "encode_s": 0.000179397, "total_s": 0.00023170500000000002}, {"phase": "measured", "order_index": 68, "time_s": 5.1978e-05, "encode_s": 0.000177784, "total_s": 0.000229762}, {"phase": "measured", "order_index": 70, "time_s": 5.2318e-05, "encode_s": 0.000177754, "total_s": 0.000230072}, {"phase": "measured", "order_index": 72, "time_s": 5.2078e-05, "encode_s": 0.000178105, "total_s": 0.000230183}]}}}
fast-j	Run selected fresh official gate	2026-10-08T06:03:53.8726833Z SYNTHETIC_RAW 1 r11-fast-skipahead {"kind": "file", "corpus": "synthetic-transfer", "file": "source-like.txt", "raw_bytes": 220484, "sha256": "326efe91d7d1e5a11bee87388ef45c7551b1b541f17a1749d7cd5cd53c25ab66", "methods": {"incumbent": {"external": false, "output_bytes": 16650, "output_sha256": "a459035fe1f2d45221381fefc1bad509a69c3effb5a67ee57a00384072a446f5", "tokens": 7890, "tokens_sha256": "cf67564e32e855eac2759e9b433da56b133fd538e426d3f122c000aa5d009805", "deterministic": true, "encode_s": 0.000225225, "errors": [], "reps": [{"phase": "warmup", "order_index": 73, "time_s": 0.002305562, "encode_s": 0.000225225, "total_s": 0.002530787}, {"phase": "measured", "order_index": 75, "time_s": 0.002440322, "encode_s": 0.000225847, "total_s": 0.002666169}, {"phase": "measured", "order_index": 77, "time_s": 0.002294996, "encode_s": 0.000217955, "total_s": 0.0025129510000000002}, {"phase": "measured", "order_index": 79, "time_s": 0.002291671, "encode_s": 0.0002152, "total_s": 0.002506871}, {"phase": "measured", "order_index": 81, "time_s": 0.002288747, "encode_s": 0.000213989, "total_s": 0.0025027359999999998}, {"phase": "measured", "order_index": 83, "time_s": 0.002290639, "encode_s": 0.000212416, "total_s": 0.002503055}, {"phase": "measured", "order_index": 85, "time_s": 0.002287615, "encode_s": 0.000211555, "total_s": 0.0024991699999999998}, {"phase": "measured", "order_index": 87, "time_s": 0.002293183, "encode_s": 0.000213498, "total_s": 0.0025066809999999998}, {"phase": "measured", "order_index": 89, "time_s": 0.002308947, "encode_s": 0.000212967, "total_s": 0.002521914}, {"phase": "measured", "order_index": 91, "time_s": 0.002293304, "encode_s": 0.000213057, "total_s": 0.002506361}, {"phase": "measured", "order_index": 93, "time_s": 0.002294415, "encode_s": 0.000210944, "total_s": 0.002505359}, {"phase": "measured", "order_index": 95, "time_s": 0.002296558, "encode_s": 0.000211305, "total_s": 0.0025078630000000004}]}, "r11-fast-skipahead": {"external": false, "output_bytes": 18393, "output_sha256": "735b68c4a5747696b4ebf6c0135116a705a15f24a8c0f6be52ce706276dd0986", "tokens": 12013, "tokens_sha256": "29f01c38ee319caf136f8241dc558b245fce41198010ea49e228211ed3642be9", "deterministic": true, "encode_s": 0.000260938, "errors": [], "reps": [{"phase": "warmup", "order_index": 74, "time_s": 0.000164074, "encode_s": 0.000260938, "total_s": 0.000425012}, {"phase": "measured", "order_index": 76, "time_s": 0.000169402, "encode_s": 0.00025479, "total_s": 0.000424192}, {"phase": "measured", "order_index": 78, "time_s": 0.000168101, "encode_s": 0.000252566, "total_s": 0.000420667}, {"phase": "measured", "order_index": 80, "time_s": 0.000167289, "encode_s": 0.0002483, "total_s": 0.000415589}, {"phase": "measured", "order_index": 82, "time_s": 0.000167219, "encode_s": 0.000250714, "total_s": 0.000417933}, {"phase": "measured", "order_index": 84, "time_s": 0.000168541, "encode_s": 0.00024856, "total_s": 0.000417101}, {"phase": "measured", "order_index": 86, "time_s": 0.000203403, "encode_s": 0.000254999, "total_s": 0.000458402}, {"phase": "measured", "order_index": 88, "time_s": 0.000167329, "encode_s": 0.000248821, "total_s": 0.00041615}, {"phase": "measured", "order_index": 90, "time_s": 0.000167369, "encode_s": 0.000250253, "total_s": 0.000417622}, {"phase": "measured", "order_index": 92, "time_s": 0.000169793, "encode_s": 0.0002488, "total_s": 0.000418593}, {"phase": "measured", "order_index": 94, "time_s": 0.000166898, "encode_s": 0.000251765, "total_s": 0.000418663}, {"phase": "measured", "order_index": 96, "time_s": 0.000167239, "encode_s": 0.000246637, "total_s": 0.000413876}]}}}
fast-j	Run selected fresh official gate	2026-10-08T06:03:53.8737744Z SYNTHETIC_RAW 1 r11-fast-skipahead {"kind": "file", "corpus": "synthetic-transfer", "file": "sparse.bin", "raw_bytes": 53803, "sha256": "c51b774d8aadb5b636c1463ff5a9df4fe6c326330101df1daf2e4745b07678d3", "methods": {"incumbent": {"external": false, "output_bytes": 1798, "output_sha256": "64a1ff1bc414863ad88544207256d2d9a5ba187a3a5dc2ad6425dd07405c2e2c", "tokens": 1263, "tokens_sha256": "fae120ea72c3aae525d182eab79475dc599c31ea79ce1f32050a110b01939d24", "deterministic": true, "encode_s": 0.000327648, "errors": [], "reps": [{"phase": "warmup", "order_index": 97, "time_s": 0.000613774, "encode_s": 0.000327648, "total_s": 0.0009414219999999999}, {"phase": "measured", "order_index": 99, "time_s": 0.000614775, "encode_s": 0.000322911, "total_s": 0.0009376860000000001}, {"phase": "measured", "order_index": 101, "time_s": 0.000609026, "encode_s": 0.000322731, "total_s": 0.0009317570000000001}, {"phase": "measured", "order_index": 103, "time_s": 0.000617659, "encode_s": 0.000313807, "total_s": 0.0009314659999999999}, {"phase": "measured", "order_index": 105, "time_s": 0.000614285, "encode_s": 0.000313556, "total_s": 0.000927841}, {"phase": "measured", "order_index": 107, "time_s": 0.000610189, "encode_s": 0.000318764, "total_s": 0.000928953}, {"phase": "measured", "order_index": 109, "time_s": 0.000617058, "encode_s": 0.000311904, "total_s": 0.000928962}, {"phase": "measured", "order_index": 111, "time_s": 0.000615857, "encode_s": 0.000314618, "total_s": 0.000930475}, {"phase": "measured", "order_index": 113, "time_s": 0.000620384, "encode_s": 0.000315419, "total_s": 0.000935803}, {"phase": "measured", "order_index": 115, "time_s": 0.000608756, "encode_s": 0.000320437, "total_s": 0.000929193}, {"phase": "measured", "order_index": 117, "time_s": 0.000619392, "encode_s": 0.000312945, "total_s": 0.000932337}, {"phase": "measured", "order_index": 119, "time_s": 0.00061762, "encode_s": 0.000311994, "total_s": 0.000929614}]}, "r11-fast-skipahead": {"external": false, "output_bytes": 2134, "output_sha256": "8acb9c34ad5e88c0e527f0a3911b99bfac744f4625124fc678d7cdbab669c714", "tokens": 3795, "tokens_sha256": "db99e2e413bed52a91e27df8b345bd15b546f6855c8d934b12febe253691eb65", "deterministic": true, "encode_s": 0.000325635, "errors": [], "reps": [{"phase": "warmup", "order_index": 98, "time_s": 1.2098e-05, "encode_s": 0.000325635, "total_s": 0.000337733}, {"phase": "measured", "order_index": 100, "time_s": 1.1777e-05, "encode_s": 0.000330082, "total_s": 0.00034185899999999997}, {"phase": "measured", "order_index": 102, "time_s": 1.1538e-05, "encode_s": 0.000316481, "total_s": 0.00032801900000000003}, {"phase": "measured", "order_index": 104, "time_s": 1.1447e-05, "encode_s": 0.000317092, "total_s": 0.000328539}, {"phase": "measured", "order_index": 106, "time_s": 1.1317e-05, "encode_s": 0.000323261, "total_s": 0.000334578}, {"phase": "measured", "order_index": 108, "time_s": 1.1437e-05, "encode_s": 0.000317672, "total_s": 0.000329109}, {"phase": "measured", "order_index": 110, "time_s": 1.1377e-05, "encode_s": 0.000315149, "total_s": 0.000326526}, {"phase": "measured", "order_index": 112, "time_s": 1.1367e-05, "encode_s": 0.000317412, "total_s": 0.00032877899999999996}, {"phase": "measured", "order_index": 114, "time_s": 1.1417e-05, "encode_s": 0.000326406, "total_s": 0.000337823}, {"phase": "measured", "order_index": 116, "time_s": 1.1487e-05, "encode_s": 0.000317683, "total_s": 0.00032917}, {"phase": "measured", "order_index": 118, "time_s": 1.1497e-05, "encode_s": 0.00031592, "total_s": 0.00032741700000000004}, {"phase": "measured", "order_index": 120, "time_s": 1.1377e-05, "encode_s": 0.000320877, "total_s": 0.00033225400000000003}]}}}
fast-j	Run selected fresh official gate	2026-10-08T06:03:53.8748664Z SYNTHETIC_RAW 1 r11-fast-skipahead {"kind": "file", "corpus": "synthetic-transfer", "file": "table.csv", "raw_bytes": 193765, "sha256": "e773c09c5e5d585dc64330f220ca47963de24c1be3297a8161e89fca34b98a85", "methods": {"incumbent": {"external": false, "output_bytes": 65436, "output_sha256": "dcb53081688a36dad21b849906f65e985a744ef8864e9324768f44dbb485a3fc", "tokens": 39085, "tokens_sha256": "93d50fc8a84ae35d4a248c3fc06f3632d2da32348cd6896ad6f9f43ea9515f65", "deterministic": true, "encode_s": 0.001174117, "errors": [], "reps": [{"phase": "warmup", "order_index": 121, "time_s": 0.007890916, "encode_s": 0.001174117, "total_s": 0.009065033}, {"phase": "measured", "order_index": 123, "time_s": 0.007909313, "encode_s": 0.001175239, "total_s": 0.009084552}, {"phase": "measured", "order_index": 125, "time_s": 0.007922402, "encode_s": 0.001173767, "total_s": 0.009096169000000001}, {"phase": "measured", "order_index": 127, "time_s": 0.007944265, "encode_s": 0.001174058, "total_s": 0.009118323000000001}, {"phase": "measured", "order_index": 129, "time_s": 0.007860921, "encode_s": 0.001173226, "total_s": 0.009034147}, {"phase": "measured", "order_index": 131, "time_s": 0.007919118, "encode_s": 0.001171954, "total_s": 0.009091071999999999}, {"phase": "measured", "order_index": 133, "time_s": 0.0079547, "encode_s": 0.001176672, "total_s": 0.009131372}, {"phase": "measured", "order_index": 135, "time_s": 0.007953949, "encode_s": 0.001173036, "total_s": 0.009126985}, {"phase": "measured", "order_index": 137, "time_s": 0.007925367, "encode_s": 0.001167748, "total_s": 0.009093114999999999}, {"phase": "measured", "order_index": 139, "time_s": 0.007889694, "encode_s": 0.001165595, "total_s": 0.009055289}, {"phase": "measured", "order_index": 141, "time_s": 0.007975401, "encode_s": 0.001168649, "total_s": 0.00914405}, {"phase": "measured", "order_index": 143, "time_s": 0.007992046, "encode_s": 0.001166366, "total_s": 0.009158412}]}, "r11-fast-skipahead": {"external": false, "output_bytes": 66603, "output_sha256": "74aa82188e366b316c292a5804da3107ff83ff4f70e4441f20000f4fd72be71c", "tokens": 46913, "tokens_sha256": "4ac0c77b41058b22eb906f5a2b614520508f3faddd2681b64e6aea3cfb703c64", "deterministic": true, "encode_s": 0.001408847, "errors": [], "reps": [{"phase": "warmup", "order_index": 122, "time_s": 0.000648426, "encode_s": 0.001408847, "total_s": 0.002057273}, {"phase": "measured", "order_index": 124, "time_s": 0.00065185, "encode_s": 0.00140436, "total_s": 0.00205621}, {"phase": "measured", "order_index": 126, "time_s": 0.000651099, "encode_s": 0.001403278, "total_s": 0.002054377}, {"phase": "measured", "order_index": 128, "time_s": 0.000641205, "encode_s": 0.001407385, "total_s": 0.00204859}, {"phase": "measured", "order_index": 130, "time_s": 0.000649677, "encode_s": 0.001400395, "total_s": 0.002050072}, {"phase": "measured", "order_index": 132, "time_s": 0.000652161, "encode_s": 0.001427455, "total_s": 0.002079616}, {"phase": "measured", "order_index": 134, "time_s": 0.000654134, "encode_s": 0.001404711, "total_s": 0.002058845}, {"phase": "measured", "order_index": 136, "time_s": 0.000656327, "encode_s": 0.001402458, "total_s": 0.002058785}, {"phase": "measured", "order_index": 138, "time_s": 0.000646032, "encode_s": 0.001412092, "total_s": 0.002058124}, {"phase": "measured", "order_index": 140, "time_s": 0.000650888, "encode_s": 0.001402127, "total_s": 0.002053015}, {"phase": "measured", "order_index": 142, "time_s": 0.000641464, "encode_s": 0.001408065, "total_s": 0.002049529}, {"phase": "measured", "order_index": 144, "time_s": 0.000651991, "encode_s": 0.001391671, "total_s": 0.002043662}]}}}
fast-j	Run selected fresh official gate	2026-10-08T06:03:53.8759643Z SYNTHETIC_RAW 1 r11-fast-skipahead {"kind": "file", "corpus": "synthetic-transfer", "file": "tiny-structured.txt", "raw_bytes": 15588, "sha256": "2b4701704019445efcca8272c668d8015913d54616281baf813d477623dfcdd3", "methods": {"incumbent": {"external": false, "output_bytes": 1492, "output_sha256": "f35f34fe896e5ec7c7a15e89fe5bd6eb74d866642044e5d5df10ea85bcdc674f", "tokens": 1083, "tokens_sha256": "0fa05be94e7e54cd3cede626db4ec06f61e270d22e2f35d810b14ec5a00d6dde", "deterministic": true, "encode_s": 0.000130033, "errors": [], "reps": [{"phase": "warmup", "order_index": 145, "time_s": 0.000143644, "encode_s": 0.000130033, "total_s": 0.000273677}, {"phase": "measured", "order_index": 147, "time_s": 0.000135311, "encode_s": 0.00011471, "total_s": 0.000250021}, {"phase": "measured", "order_index": 149, "time_s": 0.000132337, "encode_s": 0.000109203, "total_s": 0.00024154}, {"phase": "measured", "order_index": 151, "time_s": 0.000130454, "encode_s": 0.000105797, "total_s": 0.000236251}, {"phase": "measured", "order_index": 153, "time_s": 0.000129803, "encode_s": 0.000101882, "total_s": 0.000231685}, {"phase": "measured", "order_index": 155, "time_s": 0.000128472, "encode_s": 0.000100169, "total_s": 0.000228641}, {"phase": "measured", "order_index": 157, "time_s": 0.0001277, "encode_s": 0.00010036, "total_s": 0.00022805999999999998}, {"phase": "measured", "order_index": 159, "time_s": 0.00012777, "encode_s": 9.7886e-05, "total_s": 0.00022565600000000002}, {"phase": "measured", "order_index": 161, "time_s": 0.00012745, "encode_s": 0.000103123, "total_s": 0.000230573}, {"phase": "measured", "order_index": 163, "time_s": 0.00012737, "encode_s": 9.6954e-05, "total_s": 0.00022432399999999998}, {"phase": "measured", "order_index": 165, "time_s": 0.000127319, "encode_s": 9.6063e-05, "total_s": 0.000223382}, {"phase": "measured", "order_index": 167, "time_s": 0.000126398, "encode_s": 0.000101341, "total_s": 0.00022773900000000002}]}, "r11-fast-skipahead": {"external": false, "output_bytes": 2299, "output_sha256": "b0b848b0cc9f13315492e78ac8ad5091e82b05ec5dd2dec88b45f99eeaae24ba", "tokens": 2612, "tokens_sha256": "2b05eebcbbecbfa25fbffd0210603157067c17e26adf721f5c2642ef3f525cd9", "deterministic": true, "encode_s": 0.000102303, "errors": [], "reps": [{"phase": "warmup", "order_index": 146, "time_s": 2.3505e-05, "encode_s": 0.000102303, "total_s": 0.00012580799999999999}, {"phase": "measured", "order_index": 148, "time_s": 2.061e-05, "encode_s": 9.7596e-05, "total_s": 0.00011820600000000001}, {"phase": "measured", "order_index": 150, "time_s": 1.9218e-05, "encode_s": 9.9998e-05, "total_s": 0.000119216}, {"phase": "measured", "order_index": 152, "time_s": 1.8688e-05, "encode_s": 8.8621e-05, "total_s": 0.00010730900000000001}, {"phase": "measured", "order_index": 154, "time_s": 1.8387e-05, "encode_s": 8.707e-05, "total_s": 0.000105457}, {"phase": "measured", "order_index": 156, "time_s": 1.9088e-05, "encode_s": 9.2278e-05, "total_s": 0.000111366}, {"phase": "measured", "order_index": 158, "time_s": 1.7826e-05, "encode_s": 8.4636e-05, "total_s": 0.000102462}, {"phase": "measured", "order_index": 160, "time_s": 1.7696e-05, "encode_s": 8.4947e-05, "total_s": 0.000102643}, {"phase": "measured", "order_index": 162, "time_s": 1.7796e-05, "encode_s": 8.4065e-05, "total_s": 0.000101861}, {"phase": "measured", "order_index": 164, "time_s": 1.7797e-05, "encode_s": 8.1521e-05, "total_s": 9.931799999999999e-05}, {"phase": "measured", "order_index": 166, "time_s": 1.7436e-05, "encode_s": 8.1191e-05, "total_s": 9.8627e-05}, {"phase": "measured", "order_index": 168, "time_s": 1.7396e-05, "encode_s": 8.098e-05, "total_s": 9.837600000000001e-05}]}}}
fast-j	Run selected fresh official gate	2026-10-08T06:03:53.8770562Z SYNTHETIC_RAW 1 r11-fast-skipahead {"kind": "file", "corpus": "synthetic-transfer", "file": "window-boundary.bin", "raw_bytes": 73735, "sha256": "3d5e223fd8ced74430c5b87ebbbe4ff9c9782c6902f9b137538dddc79f087dcc", "methods": {"incumbent": {"external": false, "output_bytes": 73933, "output_sha256": "5e456557d23dbd5249a36f224b7449a9d53075a00273d27d8ee8f397eeafb978", "tokens": 73559, "tokens_sha256": "35dd083034d7d329eefea50f23c8b2117879da70eb37280242ffd804c83eaf3b", "deterministic": true, "encode_s": 0.001839568, "errors": [], "reps": [{"phase": "warmup", "order_index": 169, "time_s": 0.000736316, "encode_s": 0.001839568, "total_s": 0.002575884}, {"phase": "measured", "order_index": 171, "time_s": 0.000749005, "encode_s": 0.001812348, "total_s": 0.002561353}, {"phase": "measured", "order_index": 173, "time_s": 0.000747523, "encode_s": 0.001812688, "total_s": 0.002560211}, {"phase": "measured", "order_index": 175, "time_s": 0.000752911, "encode_s": 0.001822763, "total_s": 0.002575674}, {"phase": "measured", "order_index": 177, "time_s": 0.00075243, "encode_s": 0.001829433, "total_s": 0.002581863}, {"phase": "measured", "order_index": 179, "time_s": 0.000741103, "encode_s": 0.001804546, "total_s": 0.002545649}, {"phase": "measured", "order_index": 181, "time_s": 0.000748194, "encode_s": 0.001818797, "total_s": 0.0025669910000000002}, {"phase": "measured", "order_index": 183, "time_s": 0.00075217, "encode_s": 0.00180768, "total_s": 0.0025598500000000002}, {"phase": "measured", "order_index": 185, "time_s": 0.00073955, "encode_s": 0.001815403, "total_s": 0.002554953}, {"phase": "measured", "order_index": 187, "time_s": 0.000748134, "encode_s": 0.001826869, "total_s": 0.002575003}, {"phase": "measured", "order_index": 189, "time_s": 0.000747132, "encode_s": 0.001802943, "total_s": 0.0025500749999999997}, {"phase": "measured", "order_index": 191, "time_s": 0.000739, "encode_s": 0.001811487, "total_s": 0.002550487}]}, "r11-fast-skipahead": {"external": false, "output_bytes": 73760, "output_sha256": "7fc0f619879f4fb08483c528b61a18725bafcbfbce8f257146ac4741ba95851b", "tokens": 73735, "tokens_sha256": "8a3f0d4d337189d036871ced04356a9ba83426a905ea1c72d81f57b9d8549140", "deterministic": true, "encode_s": 0.001718958, "errors": [], "reps": [{"phase": "warmup", "order_index": 170, "time_s": 1.0616e-05, "encode_s": 0.001718958, "total_s": 0.001729574}, {"phase": "measured", "order_index": 172, "time_s": 1.0445e-05, "encode_s": 0.001694252, "total_s": 0.001704697}, {"phase": "measured", "order_index": 174, "time_s": 1.0486e-05, "encode_s": 0.001722664, "total_s": 0.0017331500000000001}, {"phase": "measured", "order_index": 176, "time_s": 1.0415e-05, "encode_s": 0.001720762, "total_s": 0.001731177}, {"phase": "measured", "order_index": 178, "time_s": 1.1267e-05, "encode_s": 0.001668724, "total_s": 0.0016799909999999998}, {"phase": "measured", "order_index": 180, "time_s": 1.0706e-05, "encode_s": 0.001705178, "total_s": 0.001715884}, {"phase": "measured", "order_index": 182, "time_s": 1.0375e-05, "encode_s": 0.001688814, "total_s": 0.001699189}, {"phase": "measured", "order_index": 184, "time_s": 1.0325e-05, "encode_s": 0.001688434, "total_s": 0.001698759}, {"phase": "measured", "order_index": 186, "time_s": 1.0335e-05, "encode_s": 0.001695965, "total_s": 0.0017063}, {"phase": "measured", "order_index": 188, "time_s": 1.1207e-05, "encode_s": 0.001688223, "total_s": 0.00169943}, {"phase": "measured", "order_index": 190, "time_s": 1.0385e-05, "encode_s": 0.001677667, "total_s": 0.001688052}, {"phase": "measured", "order_index": 192, "time_s": 1.0306e-05, "encode_s": 0.001669034, "total_s": 0.00167934}]}}}
fast-j	Run selected fresh official gate	2026-10-08T06:03:53.9073420Z ^[[32m2026-10-08 06:03:53.907^[[0m | ^[[34m^[[1mDEBUG   ^[[0m | ^[[36msandbox.bwrap^[[0m:^[[36mrun^[[0m:^[[36m110^[[0m - ^[[34m^[[1m[bwrap] rustc exit=0 in 0.0s^[[0m
fast-j	Run selected fresh official gate	2026-10-08T06:03:55.4725949Z ^[[32m2026-10-08 06:03:55.472^[[0m | ^[[34m^[[1mDEBUG   ^[[0m | ^[[36msandbox.bwrap^[[0m:^[[36mrun^[[0m:^[[36m110^[[0m - ^[[34m^[[1m[bwrap] cargo exit=0 in 1.6s^[[0m
fast-j	Run selected fresh official gate	2026-10-08T06:03:55.4729137Z ^[[32m2026-10-08 06:03:55.472^[[0m | ^[[34m^[[1mDEBUG   ^[[0m | ^[[36mbench.driver^[[0m:^[[36m_build^[[0m:^[[36m295^[[0m - ^[[34m^[[1m[bench] built incumbent in 1.6s exit=0^[[0m
fast-j	Run selected fresh official gate	2026-10-08T06:03:58.2742009Z ^[[32m2026-10-08 06:03:58.273^[[0m | ^[[34m^[[1mDEBUG   ^[[0m | ^[[36msandbox.bwrap^[[0m:^[[36mrun^[[0m:^[[36m110^[[0m - ^[[34m^[[1m[bwrap] cargo exit=0 in 2.8s^[[0m
fast-j	Run selected fresh official gate	2026-10-08T06:03:58.2743431Z ^[[32m2026-10-08 06:03:58.274^[[0m | ^[[34m^[[1mDEBUG   ^[[0m | ^[[36mbench.driver^[[0m:^[[36m_build^[[0m:^[[36m295^[[0m - ^[[34m^[[1m[bench] built r11-fast-skipahead in 2.8s exit=0^[[0m
fast-j	Run selected fresh official gate	2026-10-08T06:03:58.6787499Z ^[[32m2026-10-08 06:03:58.678^[[0m | ^[[34m^[[1mDEBUG   ^[[0m | ^[[36msandbox.bwrap^[[0m:^[[36mrun^[[0m:^[[36m110^[[0m - ^[[34m^[[1m[bwrap] measure exit=0 in 0.4s^[[0m
fast-j	Run selected fresh official gate	2026-10-08T06:03:58.6788500Z ^[[32m2026-10-08 06:03:58.678^[[0m | ^[[34m^[[1mDEBUG   ^[[0m | ^[[36mbench.driver^[[0m:^[[36m_measure^[[0m:^[[36m333^[[0m - ^[[34m^[[1m[bench] measured r11-fast-skipahead in 0.4s exit=0^[[0m
fast-j	Run selected fresh official gate	2026-10-08T06:03:58.6820966Z SYNTHETIC_MEASUREMENT {"candidate": "r11-fast-skipahead", "round": 2, "time": 0.3747991408664962, "size_pct": 36.611473427728505}
fast-j	Run selected fresh official gate	2026-10-08T06:03:58.6825122Z SYNTHETIC_RAW 2 r11-fast-skipahead {"kind": "meta", "schema_version": 4, "started_at_unix": 1791439438.286995, "corpus": "synthetic-transfer", "corpus_dir": "/home/runner/work/_temp/round4-receipts/synthetic-transfer", "os": "linux", "arch": "x86_64", "rustc_version": "rustc 1.100.0-nightly (8fa1c96cf 2026-08-17)", "cpu_model": "AMD EPYC 9V45 96-Core Processor", "cpu_governor": null, "warmup_rounds": 1, "measured_rounds": 11, "speed_floor": null, "methods": {"incumbent": {"external": false, "crate_dir": "/home/runner/work/_temp/deflate-upstream/data/bench-workspace/20261008T060353Z-800727d0-vftlfhzd/incumbent", "source_sha256": "b9e0d844baf5958cf0c1c66bfb9fd1f89663fa30f21a99c3c116b3dd2e771361", "lib_sha256": "141f58ceb5d68fdd9fef84fc9da46540dfd34174de8533d923ef187ae09ec57b"}, "r11-fast-skipahead": {"external": false, "crate_dir": "/home/runner/work/_temp/deflate-upstream/data/bench-workspace/20261008T060353Z-800727d0-vftlfhzd/r11-fast-skipahead", "source_sha256": "3e68ad368a56115111fc0f61038dcaa3658e2b31dee40db24916445b49add08e", "lib_sha256": "c4ac065c5582d74fd95ec0e889d0bbaeaaf715cb6525ea42bc4b840e2223e380"}}, "benchmark_provenance": {"version": 1, "engine_sha256": "ab202460691492f48d5c632375f5df2a74fc3769a81337e876607e9326a46fac", "template_sha256": "584b01793667c5257da4e76da919fbb3bb73c72fa434866622fe3905884d33f0", "host_sha256": "2b32344a74bca6b42edebf4f499412873c9bc3de9561a681587513913177b357", "cpus": "0", "process_affinity": [0, 1, 2, 3], "memory_mb": 2048, "sandbox": true, "build_profile": "release", "external_references": false}}
fast-j	Run selected fresh official gate	2026-10-08T06:03:58.6833592Z SYNTHETIC_RAW 2 r11-fast-skipahead {"kind": "file", "corpus": "synthetic-transfer", "file": "multilingual.txt", "raw_bytes": 163270, "sha256": "bdd257c8c2afbd9c418ec8954e0ca3f2cedbfa5a622e9b2d5255f35647f1aecc", "methods": {"incumbent": {"external": false, "output_bytes": 9206, "output_sha256": "dd1312ec4702740b4331fb5195ee7cf1f8f1e4ebb52c5bad2ee9ac46eb142e05", "tokens": 4618, "tokens_sha256": "a6e0f107a4d317d16a1a0fe1f14d8a05d25385b4de7fa5b1409ef0de972f3b25", "deterministic": true, "encode_s": 0.000321509, "errors": [], "reps": [{"phase": "warmup", "order_index": 1, "time_s": 0.001334234, "encode_s": 0.000321509, "total_s": 0.0016557429999999999}, {"phase": "measured", "order_index": 3, "time_s": 0.001195798, "encode_s": 0.000251534, "total_s": 0.001447332}, {"phase": "measured", "order_index": 5, "time_s": 0.00119002, "encode_s": 0.000247438, "total_s": 0.001437458}, {"phase": "measured", "order_index": 7, "time_s": 0.001211132, "encode_s": 0.000244994, "total_s": 0.0014561259999999999}, {"phase": "measured", "order_index": 9, "time_s": 0.001184402, "encode_s": 0.000251134, "total_s": 0.001435536}, {"phase": "measured", "order_index": 11, "time_s": 0.001183771, "encode_s": 0.000238325, "total_s": 0.0014220959999999999}, {"phase": "measured", "order_index": 13, "time_s": 0.00118281, "encode_s": 0.000237203, "total_s": 0.0014200130000000001}, {"phase": "measured", "order_index": 15, "time_s": 0.001194577, "encode_s": 0.000240177, "total_s": 0.001434754}, {"phase": "measured", "order_index": 17, "time_s": 0.001181488, "encode_s": 0.000243852, "total_s": 0.00142534}, {"phase": "measured", "order_index": 19, "time_s": 0.0011832, "encode_s": 0.000240869, "total_s": 0.001424069}, {"phase": "measured", "order_index": 21, "time_s": 0.001180496, "encode_s": 0.000238415, "total_s": 0.0014189110000000001}, {"phase": "measured", "order_index": 23, "time_s": 0.001185794, "encode_s": 0.000239897, "total_s": 0.001425691}]}, "r11-fast-skipahead": {"external": false, "output_bytes": 9684, "output_sha256": "a284573a2c433c69dbc0ce64c42cca6e59fe1f88b9f332af6236cb76a4cc5a89", "tokens": 5264, "tokens_sha256": "b76b372c9f2aeef288bc0b1429aeb3b3fe62fc4697f91a59072a22280df3b1fc", "deterministic": true, "encode_s": 0.000255761, "errors": [], "reps": [{"phase": "warmup", "order_index": 2, "time_s": 6.6899e-05, "encode_s": 0.000255761, "total_s": 0.00032266}, {"phase": "measured", "order_index": 4, "time_s": 6.4906e-05, "encode_s": 0.000251023, "total_s": 0.000315929}, {"phase": "measured", "order_index": 6, "time_s": 6.4245e-05, "encode_s": 0.000238715, "total_s": 0.00030296}, {"phase": "measured", "order_index": 8, "time_s": 6.4757e-05, "encode_s": 0.0002355, "total_s": 0.000300257}, {"phase": "measured", "order_index": 10, "time_s": 6.4496e-05, "encode_s": 0.000236712, "total_s": 0.000301208}, {"phase": "measured", "order_index": 12, "time_s": 6.4336e-05, "encode_s": 0.000247719, "total_s": 0.000312055}, {"phase": "measured", "order_index": 14, "time_s": 6.4556e-05, "encode_s": 0.000235851, "total_s": 0.000300407}, {"phase": "measured", "order_index": 16, "time_s": 6.4135e-05, "encode_s": 0.000232616, "total_s": 0.000296751}, {"phase": "measured", "order_index": 18, "time_s": 6.4206e-05, "encode_s": 0.000234138, "total_s": 0.000298344}, {"phase": "measured", "order_index": 20, "time_s": 6.4126e-05, "encode_s": 0.000255349, "total_s": 0.000319475}, {"phase": "measured", "order_index": 22, "time_s": 6.4276e-05, "encode_s": 0.000234779, "total_s": 0.000299055}, {"phase": "measured", "order_index": 24, "time_s": 6.4186e-05, "encode_s": 0.000234839, "total_s": 0.000299025}]}}}
fast-j	Run selected fresh official gate	2026-10-08T06:03:58.6845537Z SYNTHETIC_RAW 2 r11-fast-skipahead {"kind": "file", "corpus": "synthetic-transfer", "file": "random.bin", "raw_bytes": 131101, "sha256": "22c862f2c2c5fd5a072e9f74b5a056aacb9025228d040addb56dcd9bec4c09d3", "methods": {"incumbent": {"external": false, "output_bytes": 131445, "output_sha256": "deebb4fe887edb814c65fc8f8d20b733d4a395d0e32399c3c25af9b591d8dc2d", "tokens": 130620, "tokens_sha256": "5330a4dbafd88f2b8356a1db487249115b5a636a9e2bab5cf05094461ba5cbc3", "deterministic": true, "encode_s": 0.003828405, "errors": [], "reps": [{"phase": "warmup", "order_index": 25, "time_s": 0.001625688, "encode_s": 0.003828405, "total_s": 0.005454093}, {"phase": "measured", "order_index": 27, "time_s": 0.00160009, "encode_s": 0.002993102, "total_s": 0.004593192}, {"phase": "measured", "order_index": 29, "time_s": 0.001595733, "encode_s": 0.003001644, "total_s": 0.004597377}, {"phase": "measured", "order_index": 31, "time_s": 0.001592498, "encode_s": 0.002996628, "total_s": 0.004589126}, {"phase": "measured", "order_index": 33, "time_s": 0.001583886, "encode_s": 0.003014974, "total_s": 0.00459886}, {"phase": "measured", "order_index": 35, "time_s": 0.001590416, "encode_s": 0.002997859, "total_s": 0.004588275}, {"phase": "measured", "order_index": 37, "time_s": 0.00158653, "encode_s": 0.002997759, "total_s": 0.004584289}, {"phase": "measured", "order_index": 39, "time_s": 0.001584017, "encode_s": 0.003001444, "total_s": 0.004585461}, {"phase": "measured", "order_index": 41, "time_s": 0.001591177, "encode_s": 0.002999071, "total_s": 0.004590248}, {"phase": "measured", "order_index": 43, "time_s": 0.001589213, "encode_s": 0.002967835, "total_s": 0.004557047999999999}, {"phase": "measured", "order_index": 45, "time_s": 0.001592639, "encode_s": 0.003008956, "total_s": 0.004601595}, {"phase": "measured", "order_index": 47, "time_s": 0.001595083, "encode_s": 0.003004489, "total_s": 0.004599572}]}, "r11-fast-skipahead": {"external": false, "output_bytes": 131144, "output_sha256": "52b5974219d121f00e342319360c4c8bcac7ff2eda0365aa245dfe321fd4613b", "tokens": 131101, "tokens_sha256": "861ef26a6d151afca1053cb702d3d74a8e4ef1beae1928ecd65b6e1995a7cb99", "deterministic": true, "encode_s": 0.003562569, "errors": [], "reps": [{"phase": "warmup", "order_index": 26, "time_s": 1.5764e-05, "encode_s": 0.003562569, "total_s": 0.003578333}, {"phase": "measured", "order_index": 28, "time_s": 1.4993e-05, "encode_s": 0.002782098, "total_s": 0.0027970910000000002}, {"phase": "measured", "order_index": 30, "time_s": 1.5003e-05, "encode_s": 0.002819604, "total_s": 0.002834607}, {"phase": "measured", "order_index": 32, "time_s": 1.4381e-05, "encode_s": 0.002814136, "total_s": 0.002828517}, {"phase": "measured", "order_index": 34, "time_s": 2.2263e-05, "encode_s": 0.002793675, "total_s": 0.0028159379999999996}, {"phase": "measured", "order_index": 36, "time_s": 1.4131e-05, "encode_s": 0.002769779, "total_s": 0.00278391}, {"phase": "measured", "order_index": 38, "time_s": 1.5273e-05, "encode_s": 0.002780015, "total_s": 0.002795288}, {"phase": "measured", "order_index": 40, "time_s": 1.4151e-05, "encode_s": 0.002773475, "total_s": 0.002787626}, {"phase": "measured", "order_index": 42, "time_s": 1.4101e-05, "encode_s": 0.002772223, "total_s": 0.0027863239999999997}, {"phase": "measured", "order_index": 44, "time_s": 1.4892e-05, "encode_s": 0.002774007, "total_s": 0.002788899}, {"phase": "measured", "order_index": 46, "time_s": 1.4922e-05, "encode_s": 0.002788287, "total_s": 0.002803209}, {"phase": "measured", "order_index": 48, "time_s": 1.4883e-05, "encode_s": 0.002796569, "total_s": 0.002811452}]}}}
fast-j	Run selected fresh official gate	2026-10-08T06:03:58.6859588Z SYNTHETIC_RAW 2 r11-fast-skipahead {"kind": "file", "corpus": "synthetic-transfer", "file": "short-log.txt", "raw_bytes": 32505, "sha256": "23ef9a1b24b2cfcd1c73f1ff1a71ab017cbcf921409f96f8839c74819d3c0b82", "methods": {"incumbent": {"external": false, "output_bytes": 4871, "output_sha256": "b801c58b86a433392a15971de32130be788d25cd6f3a91a1abda0f0a909dac25", "tokens": 3017, "tokens_sha256": "fcd4ea723eb6d0e399dc5c1cf6825e8d767f6fc45a05600bb177054b19e7eaec", "deterministic": true, "encode_s": 0.000187409, "errors": [], "reps": [{"phase": "warmup", "order_index": 49, "time_s": 0.000595335, "encode_s": 0.000187409, "total_s": 0.000782744}, {"phase": "measured", "order_index": 51, "time_s": 0.000571299, "encode_s": 0.000190774, "total_s": 0.000762073}, {"phase": "measured", "order_index": 53, "time_s": 0.000568636, "encode_s": 0.000185696, "total_s": 0.0007543319999999999}, {"phase": "measured", "order_index": 55, "time_s": 0.000569597, "encode_s": 0.000182752, "total_s": 0.000752349}, {"phase": "measured", "order_index": 57, "time_s": 0.000565491, "encode_s": 0.000180969, "total_s": 0.00074646}, {"phase": "measured", "order_index": 59, "time_s": 0.000566502, "encode_s": 0.000179287, "total_s": 0.000745789}, {"phase": "measured", "order_index": 61, "time_s": 0.000564239, "encode_s": 0.000210714, "total_s": 0.000774953}, {"phase": "measured", "order_index": 63, "time_s": 0.00057111, "encode_s": 0.000172947, "total_s": 0.000744057}, {"phase": "measured", "order_index": 65, "time_s": 0.000570869, "encode_s": 0.000170754, "total_s": 0.0007416230000000001}, {"phase": "measured", "order_index": 67, "time_s": 0.000569608, "encode_s": 0.000170213, "total_s": 0.000739821}, {"phase": "measured", "order_index": 69, "time_s": 0.000569527, "encode_s": 0.000170203, "total_s": 0.0007397300000000001}, {"phase": "measured", "order_index": 71, "time_s": 0.000569377, "encode_s": 0.000168841, "total_s": 0.000738218}]}, "r11-fast-skipahead": {"external": false, "output_bytes": 8277, "output_sha256": "44efccadf8af77a0163a4d6740f486246dd4c10770eb34fe7972bafa6c805687", "tokens": 12200, "tokens_sha256": "891ba096a1bfc6ebae0e33da360e53f6233e820044e96dd5cab5ca945671f382", "deterministic": true, "encode_s": 0.000204254, "errors": [], "reps": [{"phase": "warmup", "order_index": 50, "time_s": 5.8517e-05, "encode_s": 0.000204254, "total_s": 0.000262771}, {"phase": "measured", "order_index": 52, "time_s": 5.4671e-05, "encode_s": 0.000183103, "total_s": 0.000237774}, {"phase": "measured", "order_index": 54, "time_s": 5.386e-05, "encode_s": 0.000180849, "total_s": 0.000234709}, {"phase": "measured", "order_index": 56, "time_s": 5.2298e-05, "encode_s": 0.000180819, "total_s": 0.000233117}, {"phase": "measured", "order_index": 58, "time_s": 5.1958e-05, "encode_s": 0.000179987, "total_s": 0.000231945}, {"phase": "measured", "order_index": 60, "time_s": 5.2167e-05, "encode_s": 0.000179658, "total_s": 0.00023182499999999998}, {"phase": "measured", "order_index": 62, "time_s": 5.2749e-05, "encode_s": 0.000179056, "total_s": 0.000231805}, {"phase": "measured", "order_index": 64, "time_s": 5.2548e-05, "encode_s": 0.000178305, "total_s": 0.000230853}, {"phase": "measured", "order_index": 66, "time_s": 5.2579e-05, "encode_s": 0.000177864, "total_s": 0.000230443}, {"phase": "measured", "order_index": 68, "time_s": 5.1877e-05, "encode_s": 0.000183373, "total_s": 0.00023525}, {"phase": "measured", "order_index": 70, "time_s": 5.2137e-05, "encode_s": 0.000175381, "total_s": 0.000227518}, {"phase": "measured", "order_index": 72, "time_s": 5.2338e-05, "encode_s": 0.000184815, "total_s": 0.000237153}]}}}
fast-j	Run selected fresh official gate	2026-10-08T06:03:58.6873330Z SYNTHETIC_RAW 2 r11-fast-skipahead {"kind": "file", "corpus": "synthetic-transfer", "file": "source-like.txt", "raw_bytes": 220484, "sha256": "326efe91d7d1e5a11bee87388ef45c7551b1b541f17a1749d7cd5cd53c25ab66", "methods": {"incumbent": {"external": false, "output_bytes": 16650, "output_sha256": "a459035fe1f2d45221381fefc1bad509a69c3effb5a67ee57a00384072a446f5", "tokens": 7890, "tokens_sha256": "cf67564e32e855eac2759e9b433da56b133fd538e426d3f122c000aa5d009805", "deterministic": true, "encode_s": 0.000230483, "errors": [], "reps": [{"phase": "warmup", "order_index": 73, "time_s": 0.002489453, "encode_s": 0.000230483, "total_s": 0.002719936}, {"phase": "measured", "order_index": 75, "time_s": 0.002298529, "encode_s": 0.000226837, "total_s": 0.0025253660000000002}, {"phase": "measured", "order_index": 77, "time_s": 0.00230562, "encode_s": 0.000218655, "total_s": 0.002524275}, {"phase": "measured", "order_index": 79, "time_s": 0.002331408, "encode_s": 0.000217694, "total_s": 0.002549102}, {"phase": "measured", "order_index": 81, "time_s": 0.002311208, "encode_s": 0.00021491, "total_s": 0.002526118}, {"phase": "measured", "order_index": 83, "time_s": 0.002310937, "encode_s": 0.000214719, "total_s": 0.002525656}, {"phase": "measured", "order_index": 85, "time_s": 0.002323556, "encode_s": 0.00021507, "total_s": 0.002538626}, {"phase": "measured", "order_index": 87, "time_s": 0.002481491, "encode_s": 0.000221049, "total_s": 0.0027025400000000002}, {"phase": "measured", "order_index": 89, "time_s": 0.002309656, "encode_s": 0.000220778, "total_s": 0.0025304340000000002}, {"phase": "measured", "order_index": 91, "time_s": 0.002310467, "encode_s": 0.000221549, "total_s": 0.002532016}, {"phase": "measured", "order_index": 93, "time_s": 0.002310327, "encode_s": 0.000219646, "total_s": 0.002529973}, {"phase": "measured", "order_index": 95, "time_s": 0.00230603, "encode_s": 0.000218325, "total_s": 0.0025243550000000003}]}, "r11-fast-skipahead": {"external": false, "output_bytes": 18393, "output_sha256": "735b68c4a5747696b4ebf6c0135116a705a15f24a8c0f6be52ce706276dd0986", "tokens": 12013, "tokens_sha256": "29f01c38ee319caf136f8241dc558b245fce41198010ea49e228211ed3642be9", "deterministic": true, "encode_s": 0.000266216, "errors": [], "reps": [{"phase": "warmup", "order_index": 74, "time_s": 0.000164064, "encode_s": 0.000266216, "total_s": 0.00043028}, {"phase": "measured", "order_index": 76, "time_s": 0.000169753, "encode_s": 0.000256641, "total_s": 0.00042639399999999997}, {"phase": "measured", "order_index": 78, "time_s": 0.000169171, "encode_s": 0.000256742, "total_s": 0.000425913}, {"phase": "measured", "order_index": 80, "time_s": 0.000168871, "encode_s": 0.000250102, "total_s": 0.000418973}, {"phase": "measured", "order_index": 82, "time_s": 0.00016834, "encode_s": 0.000250062, "total_s": 0.000418402}, {"phase": "measured", "order_index": 84, "time_s": 0.000168771, "encode_s": 0.000252806, "total_s": 0.000421577}, {"phase": "measured", "order_index": 86, "time_s": 0.000168661, "encode_s": 0.00024877, "total_s": 0.000417431}, {"phase": "measured", "order_index": 88, "time_s": 0.00016097, "encode_s": 0.000249371, "total_s": 0.00041034100000000005}, {"phase": "measured", "order_index": 90, "time_s": 0.0001611, "encode_s": 0.000253537, "total_s": 0.00041463700000000004}, {"phase": "measured", "order_index": 92, "time_s": 0.00016105, "encode_s": 0.000248289, "total_s": 0.000409339}, {"phase": "measured", "order_index": 94, "time_s": 0.000161039, "encode_s": 0.000251885, "total_s": 0.00041292399999999995}, {"phase": "measured", "order_index": 96, "time_s": 0.000160619, "encode_s": 0.000249491, "total_s": 0.00041011}]}}}
fast-j	Run selected fresh official gate	2026-10-08T06:03:58.6884298Z SYNTHETIC_RAW 2 r11-fast-skipahead {"kind": "file", "corpus": "synthetic-transfer", "file": "sparse.bin", "raw_bytes": 53803, "sha256": "c51b774d8aadb5b636c1463ff5a9df4fe6c326330101df1daf2e4745b07678d3", "methods": {"incumbent": {"external": false, "output_bytes": 1798, "output_sha256": "64a1ff1bc414863ad88544207256d2d9a5ba187a3a5dc2ad6425dd07405c2e2c", "tokens": 1263, "tokens_sha256": "fae120ea72c3aae525d182eab79475dc599c31ea79ce1f32050a110b01939d24", "deterministic": true, "encode_s": 0.000333116, "errors": [], "reps": [{"phase": "warmup", "order_index": 97, "time_s": 0.000622896, "encode_s": 0.000333116, "total_s": 0.000956012}, {"phase": "measured", "order_index": 99, "time_s": 0.000611009, "encode_s": 0.000330432, "total_s": 0.0009414410000000001}, {"phase": "measured", "order_index": 101, "time_s": 0.000621354, "encode_s": 0.000317092, "total_s": 0.0009384459999999999}, {"phase": "measured", "order_index": 103, "time_s": 0.000615276, "encode_s": 0.00031586, "total_s": 0.0009311359999999999}, {"phase": "measured", "order_index": 105, "time_s": 0.000612431, "encode_s": 0.000327216, "total_s": 0.000939647}, {"phase": "measured", "order_index": 107, "time_s": 0.000616767, "encode_s": 0.000314878, "total_s": 0.000931645}, {"phase": "measured", "order_index": 109, "time_s": 0.000623297, "encode_s": 0.000313617, "total_s": 0.000936914}, {"phase": "measured", "order_index": 111, "time_s": 0.000618029, "encode_s": 0.000314708, "total_s": 0.000932737}, {"phase": "measured", "order_index": 113, "time_s": 0.000617899, "encode_s": 0.000324813, "total_s": 0.0009427120000000001}, {"phase": "measured", "order_index": 115, "time_s": 0.000624268, "encode_s": 0.000317122, "total_s": 0.00094139}, {"phase": "measured", "order_index": 117, "time_s": 0.000630377, "encode_s": 0.00031611, "total_s": 0.000946487}, {"phase": "measured", "order_index": 119, "time_s": 0.000613442, "encode_s": 0.000321599, "total_s": 0.000935041}]}, "r11-fast-skipahead": {"external": false, "output_bytes": 2134, "output_sha256": "8acb9c34ad5e88c0e527f0a3911b99bfac744f4625124fc678d7cdbab669c714", "tokens": 3795, "tokens_sha256": "db99e2e413bed52a91e27df8b345bd15b546f6855c8d934b12febe253691eb65", "deterministic": true, "encode_s": 0.000341037, "errors": [], "reps": [{"phase": "warmup", "order_index": 98, "time_s": 1.339e-05, "encode_s": 0.000341037, "total_s": 0.000354427}, {"phase": "measured", "order_index": 100, "time_s": 1.2028e-05, "encode_s": 0.000326165, "total_s": 0.000338193}, {"phase": "measured", "order_index": 102, "time_s": 1.1578e-05, "encode_s": 0.000322359, "total_s": 0.00033393699999999997}, {"phase": "measured", "order_index": 104, "time_s": 1.1497e-05, "encode_s": 0.000326806, "total_s": 0.00033830300000000003}, {"phase": "measured", "order_index": 106, "time_s": 1.1567e-05, "encode_s": 0.000321348, "total_s": 0.000332915}, {"phase": "measured", "order_index": 108, "time_s": 1.1577e-05, "encode_s": 0.000317412, "total_s": 0.00032898899999999996}, {"phase": "measured", "order_index": 110, "time_s": 1.1507e-05, "encode_s": 0.000325424, "total_s": 0.000336931}, {"phase": "measured", "order_index": 112, "time_s": 1.8297e-05, "encode_s": 0.000318904, "total_s": 0.000337201}, {"phase": "measured", "order_index": 114, "time_s": 1.1577e-05, "encode_s": 0.000321178, "total_s": 0.00033275499999999995}, {"phase": "measured", "order_index": 116, "time_s": 1.1598e-05, "encode_s": 0.000317752, "total_s": 0.00032934999999999996}, {"phase": "measured", "order_index": 118, "time_s": 1.1547e-05, "encode_s": 0.000326526, "total_s": 0.000338073}, {"phase": "measured", "order_index": 120, "time_s": 1.1597e-05, "encode_s": 0.000316752, "total_s": 0.000328349}]}}}
fast-j	Run selected fresh official gate	2026-10-08T06:03:58.6897833Z SYNTHETIC_RAW 2 r11-fast-skipahead {"kind": "file", "corpus": "synthetic-transfer", "file": "table.csv", "raw_bytes": 193765, "sha256": "e773c09c5e5d585dc64330f220ca47963de24c1be3297a8161e89fca34b98a85", "methods": {"incumbent": {"external": false, "output_bytes": 65436, "output_sha256": "dcb53081688a36dad21b849906f65e985a744ef8864e9324768f44dbb485a3fc", "tokens": 39085, "tokens_sha256": "93d50fc8a84ae35d4a248c3fc06f3632d2da32348cd6896ad6f9f43ea9515f65", "deterministic": true, "encode_s": 0.001192684, "errors": [], "reps": [{"phase": "warmup", "order_index": 121, "time_s": 0.008038827, "encode_s": 0.001192684, "total_s": 0.009231511}, {"phase": "measured", "order_index": 123, "time_s": 0.008064936, "encode_s": 0.001211432, "total_s": 0.009276368}, {"phase": "measured", "order_index": 125, "time_s": 0.008053369, "encode_s": 0.001193516, "total_s": 0.009246885}, {"phase": "measured", "order_index": 127, "time_s": 0.008050184, "encode_s": 0.00117664, "total_s": 0.009226824}, {"phase": "measured", "order_index": 129, "time_s": 0.008035282, "encode_s": 0.001179514, "total_s": 0.009214795999999999}, {"phase": "measured", "order_index": 131, "time_s": 0.00804078, "encode_s": 0.001180756, "total_s": 0.009221536}, {"phase": "measured", "order_index": 133, "time_s": 0.008123744, "encode_s": 0.00116969, "total_s": 0.009293434}, {"phase": "measured", "order_index": 135, "time_s": 0.008055292, "encode_s": 0.001175178, "total_s": 0.009230470000000001}, {"phase": "measured", "order_index": 137, "time_s": 0.007964577, "encode_s": 0.001170972, "total_s": 0.009135549}, {"phase": "measured", "order_index": 139, "time_s": 0.007996965, "encode_s": 0.001169409, "total_s": 0.009166374}, {"phase": "measured", "order_index": 141, "time_s": 0.008088171, "encode_s": 0.001215918, "total_s": 0.009304089}, {"phase": "measured", "order_index": 143, "time_s": 0.008021511, "encode_s": 0.001168188, "total_s": 0.009189699}]}, "r11-fast-skipahead": {"external": false, "output_bytes": 66603, "output_sha256": "74aa82188e366b316c292a5804da3107ff83ff4f70e4441f20000f4fd72be71c", "tokens": 46913, "tokens_sha256": "4ac0c77b41058b22eb906f5a2b614520508f3faddd2681b64e6aea3cfb703c64", "deterministic": true, "encode_s": 0.001419462, "errors": [], "reps": [{"phase": "warmup", "order_index": 122, "time_s": 0.000659751, "encode_s": 0.001419462, "total_s": 0.002079213}, {"phase": "measured", "order_index": 124, "time_s": 0.00064512, "encode_s": 0.001413262, "total_s": 0.002058382}, {"phase": "measured", "order_index": 126, "time_s": 0.000651859, "encode_s": 0.001417849, "total_s": 0.002069708}, {"phase": "measured", "order_index": 128, "time_s": 0.00065178, "encode_s": 0.001408765, "total_s": 0.002060545}, {"phase": "measured", "order_index": 130, "time_s": 0.000655886, "encode_s": 0.001416887, "total_s": 0.002072773}, {"phase": "measured", "order_index": 132, "time_s": 0.000654704, "encode_s": 0.001409997, "total_s": 0.002064701}, {"phase": "measured", "order_index": 134, "time_s": 0.00064514, "encode_s": 0.001409847, "total_s": 0.0020549870000000003}, {"phase": "measured", "order_index": 136, "time_s": 0.000652831, "encode_s": 0.001402326, "total_s": 0.002055157}, {"phase": "measured", "order_index": 138, "time_s": 0.000643047, "encode_s": 0.001395275, "total_s": 0.002038322}, {"phase": "measured", "order_index": 140, "time_s": 0.000681944, "encode_s": 0.001411469, "total_s": 0.002093413}, {"phase": "measured", "order_index": 142, "time_s": 0.000646863, "encode_s": 0.001394714, "total_s": 0.002041577}, {"phase": "measured", "order_index": 144, "time_s": 0.000655766, "encode_s": 0.001385891, "total_s": 0.002041657}]}}}
fast-j	Run selected fresh official gate	2026-10-08T06:03:58.6914949Z SYNTHETIC_RAW 2 r11-fast-skipahead {"kind": "file", "corpus": "synthetic-transfer", "file": "tiny-structured.txt", "raw_bytes": 15588, "sha256": "2b4701704019445efcca8272c668d8015913d54616281baf813d477623dfcdd3", "methods": {"incumbent": {"external": false, "output_bytes": 1492, "output_sha256": "f35f34fe896e5ec7c7a15e89fe5bd6eb74d866642044e5d5df10ea85bcdc674f", "tokens": 1083, "tokens_sha256": "0fa05be94e7e54cd3cede626db4ec06f61e270d22e2f35d810b14ec5a00d6dde", "deterministic": true, "encode_s": 0.000124024, "errors": [], "reps": [{"phase": "warmup", "order_index": 145, "time_s": 0.000153248, "encode_s": 0.000124024, "total_s": 0.000277272}, {"phase": "measured", "order_index": 147, "time_s": 0.000138226, "encode_s": 0.000115782, "total_s": 0.000254008}, {"phase": "measured", "order_index": 149, "time_s": 0.000135171, "encode_s": 0.000118416, "total_s": 0.000253587}, {"phase": "measured", "order_index": 151, "time_s": 0.00013434, "encode_s": 0.000106068, "total_s": 0.000240408}, {"phase": "measured", "order_index": 153, "time_s": 0.000133358, "encode_s": 0.000103234, "total_s": 0.000236592}, {"phase": "measured", "order_index": 155, "time_s": 0.000138707, "encode_s": 0.00010141, "total_s": 0.00024011700000000003}, {"phase": "measured", "order_index": 157, "time_s": 0.000131426, "encode_s": 0.000100639, "total_s": 0.000232065}, {"phase": "measured", "order_index": 159, "time_s": 0.000130714, "encode_s": 9.9709e-05, "total_s": 0.000230423}, {"phase": "measured", "order_index": 161, "time_s": 0.000136613, "encode_s": 9.9799e-05, "total_s": 0.000236412}, {"phase": "measured", "order_index": 163, "time_s": 0.000130404, "encode_s": 9.9749e-05, "total_s": 0.000230153}, {"phase": "measured", "order_index": 165, "time_s": 0.000129683, "encode_s": 9.9358e-05, "total_s": 0.00022904100000000003}, {"phase": "measured", "order_index": 167, "time_s": 0.000130053, "encode_s": 9.7185e-05, "total_s": 0.000227238}]}, "r11-fast-skipahead": {"external": false, "output_bytes": 2299, "output_sha256": "b0b848b0cc9f13315492e78ac8ad5091e82b05ec5dd2dec88b45f99eeaae24ba", "tokens": 2612, "tokens_sha256": "2b05eebcbbecbfa25fbffd0210603157067c17e26adf721f5c2642ef3f525cd9", "deterministic": true, "encode_s": 0.000102442, "errors": [], "reps": [{"phase": "warmup", "order_index": 146, "time_s": 2.5578e-05, "encode_s": 0.000102442, "total_s": 0.00012802}, {"phase": "measured", "order_index": 148, "time_s": 2.2083e-05, "encode_s": 9.9378e-05, "total_s": 0.000121461}, {"phase": "measured", "order_index": 150, "time_s": 2.0781e-05, "encode_s": 9.5352e-05, "total_s": 0.00011613300000000001}, {"phase": "measured", "order_index": 152, "time_s": 2.0401e-05, "encode_s": 9.2037e-05, "total_s": 0.000112438}, {"phase": "measured", "order_index": 154, "time_s": 1.9179e-05, "encode_s": 9.0705e-05, "total_s": 0.00010988400000000001}, {"phase": "measured", "order_index": 156, "time_s": 1.9078e-05, "encode_s": 8.9163e-05, "total_s": 0.000108241}, {"phase": "measured", "order_index": 158, "time_s": 1.8948e-05, "encode_s": 8.8481e-05, "total_s": 0.00010742899999999999}, {"phase": "measured", "order_index": 160, "time_s": 1.8738e-05, "encode_s": 8.9283e-05, "total_s": 0.000108021}, {"phase": "measured", "order_index": 162, "time_s": 1.8798e-05, "encode_s": 8.8312e-05, "total_s": 0.00010711}, {"phase": "measured", "order_index": 164, "time_s": 1.8698e-05, "encode_s": 8.6629e-05, "total_s": 0.000105327}, {"phase": "measured", "order_index": 166, "time_s": 1.8668e-05, "encode_s": 9.2337e-05, "total_s": 0.000111005}, {"phase": "measured", "order_index": 168, "time_s": 1.8488e-05, "encode_s": 8.5106e-05, "total_s": 0.000103594}]}}}
fast-j	Run selected fresh official gate	2026-10-08T06:03:58.6927408Z SYNTHETIC_RAW 2 r11-fast-skipahead {"kind": "file", "corpus": "synthetic-transfer", "file": "window-boundary.bin", "raw_bytes": 73735, "sha256": "3d5e223fd8ced74430c5b87ebbbe4ff9c9782c6902f9b137538dddc79f087dcc", "methods": {"incumbent": {"external": false, "output_bytes": 73933, "output_sha256": "5e456557d23dbd5249a36f224b7449a9d53075a00273d27d8ee8f397eeafb978", "tokens": 73559, "tokens_sha256": "35dd083034d7d329eefea50f23c8b2117879da70eb37280242ffd804c83eaf3b", "deterministic": true, "encode_s": 0.001818515, "errors": [], "reps": [{"phase": "warmup", "order_index": 169, "time_s": 0.000745128, "encode_s": 0.001818515, "total_s": 0.002563643}, {"phase": "measured", "order_index": 171, "time_s": 0.000755453, "encode_s": 0.001824434, "total_s": 0.002579887}, {"phase": "measured", "order_index": 173, "time_s": 0.001037593, "encode_s": 0.002160294, "total_s": 0.003197887}, {"phase": "measured", "order_index": 175, "time_s": 0.000752199, "encode_s": 0.001816652, "total_s": 0.002568851}, {"phase": "measured", "order_index": 177, "time_s": 0.000751548, "encode_s": 0.001795671, "total_s": 0.002547219}, {"phase": "measured", "order_index": 179, "time_s": 0.000749775, "encode_s": 0.001800378, "total_s": 0.0025501530000000003}, {"phase": "measured", "order_index": 181, "time_s": 0.000751138, "encode_s": 0.001824143, "total_s": 0.002575281}, {"phase": "measured", "order_index": 183, "time_s": 0.000749334, "encode_s": 0.001809862, "total_s": 0.002559196}, {"phase": "measured", "order_index": 185, "time_s": 0.000753751, "encode_s": 0.001812526, "total_s": 0.002566277}, {"phase": "measured", "order_index": 187, "time_s": 0.000747452, "encode_s": 0.001804554, "total_s": 0.002552006}, {"phase": "measured", "order_index": 189, "time_s": 0.000747723, "encode_s": 0.001783122, "total_s": 0.0025308450000000003}, {"phase": "measured", "order_index": 191, "time_s": 0.00075284, "encode_s": 0.001841039, "total_s": 0.002593879}]}, "r11-fast-skipahead": {"external": false, "output_bytes": 73760, "output_sha256": "7fc0f619879f4fb08483c528b61a18725bafcbfbce8f257146ac4741ba95851b", "tokens": 73735, "tokens_sha256": "8a3f0d4d337189d036871ced04356a9ba83426a905ea1c72d81f57b9d8549140", "deterministic": true, "encode_s": 0.001773858, "errors": [], "reps": [{"phase": "warmup", "order_index": 170, "time_s": 1.1928e-05, "encode_s": 0.001773858, "total_s": 0.001785786}, {"phase": "measured", "order_index": 172, "time_s": 1.0626e-05, "encode_s": 0.001699838, "total_s": 0.0017104639999999999}, {"phase": "measured", "order_index": 174, "time_s": 1.1727e-05, "encode_s": 0.001696263, "total_s": 0.00170799}, {"phase": "measured", "order_index": 176, "time_s": 1.0456e-05, "encode_s": 0.001704155, "total_s": 0.001714611}, {"phase": "measured", "order_index": 178, "time_s": 1.0326e-05, "encode_s": 0.001677695, "total_s": 0.001688021}, {"phase": "measured", "order_index": 180, "time_s": 1.1216e-05, "encode_s": 0.001696003, "total_s": 0.001707219}, {"phase": "measured", "order_index": 182, "time_s": 1.0426e-05, "encode_s": 0.001685547, "total_s": 0.001695973}, {"phase": "measured", "order_index": 184, "time_s": 1.0505e-05, "encode_s": 0.001684296, "total_s": 0.0016948010000000001}, {"phase": "measured", "order_index": 186, "time_s": 1.0306e-05, "encode_s": 0.001701961, "total_s": 0.0017122670000000002}, {"phase": "measured", "order_index": 188, "time_s": 1.1207e-05, "encode_s": 0.001683815, "total_s": 0.001695022}, {"phase": "measured", "order_index": 190, "time_s": 1.0335e-05, "encode_s": 0.001704295, "total_s": 0.00171463}, {"phase": "measured", "order_index": 192, "time_s": 1.0365e-05, "encode_s": 0.00176144, "total_s": 0.001771805}]}}}
fast-j	Run selected fresh official gate	2026-10-08T06:03:58.7231557Z ^[[32m2026-10-08 06:03:58.722^[[0m | ^[[34m^[[1mDEBUG   ^[[0m | ^[[36msandbox.bwrap^[[0m:^[[36mrun^[[0m:^[[36m110^[[0m - ^[[34m^[[1m[bwrap] rustc exit=0 in 0.0s^[[0m
fast-j	Run selected fresh official gate	2026-10-08T06:04:00.2955777Z ^[[32m2026-10-08 06:04:00.295^[[0m | ^[[34m^[[1mDEBUG   ^[[0m | ^[[36msandbox.bwrap^[[0m:^[[36mrun^[[0m:^[[36m110^[[0m - ^[[34m^[[1m[bwrap] cargo exit=0 in 1.6s^[[0m
fast-j	Run selected fresh official gate	2026-10-08T06:04:00.2957187Z ^[[32m2026-10-08 06:04:00.295^[[0m | ^[[34m^[[1mDEBUG   ^[[0m | ^[[36mbench.driver^[[0m:^[[36m_build^[[0m:^[[36m295^[[0m - ^[[34m^[[1m[bench] built incumbent in 1.6s exit=0^[[0m
fast-j	Run selected fresh official gate	2026-10-08T06:04:03.1212815Z ^[[32m2026-10-08 06:04:03.120^[[0m | ^[[34m^[[1mDEBUG   ^[[0m | ^[[36msandbox.bwrap^[[0m:^[[36mrun^[[0m:^[[36m110^[[0m - ^[[34m^[[1m[bwrap] cargo exit=0 in 2.8s^[[0m
fast-j	Run selected fresh official gate	2026-10-08T06:04:03.1217988Z ^[[32m2026-10-08 06:04:03.121^[[0m | ^[[34m^[[1mDEBUG   ^[[0m | ^[[36mbench.driver^[[0m:^[[36m_build^[[0m:^[[36m295^[[0m - ^[[34m^[[1m[bench] built r3-432-fast3 in 2.8s exit=0^[[0m
fast-j	Run selected fresh official gate	2026-10-08T06:04:03.5467205Z ^[[32m2026-10-08 06:04:03.546^[[0m | ^[[34m^[[1mDEBUG   ^[[0m | ^[[36msandbox.bwrap^[[0m:^[[36mrun^[[0m:^[[36m110^[[0m - ^[[34m^[[1m[bwrap] measure exit=0 in 0.4s^[[0m
fast-j	Run selected fresh official gate	2026-10-08T06:04:03.5477393Z ^[[32m2026-10-08 06:04:03.546^[[0m | ^[[34m^[[1mDEBUG   ^[[0m | ^[[36mbench.driver^[[0m:^[[36m_measure^[[0m:^[[36m333^[[0m - ^[[34m^[[1m[bench] measured r3-432-fast3 in 0.4s exit=0^[[0m
fast-j	Run selected fresh official gate	2026-10-08T06:04:03.5500769Z SYNTHETIC_MEASUREMENT {"candidate": "r3-432-fast3", "round": 2, "time": 0.37042637704188863, "size_pct": 36.611473427728505}
fast-j	Run selected fresh official gate	2026-10-08T06:04:03.5504281Z SYNTHETIC_RAW 2 r3-432-fast3 {"kind": "meta", "schema_version": 4, "started_at_unix": 1791439443.1349251, "corpus": "synthetic-transfer", "corpus_dir": "/home/runner/work/_temp/round4-receipts/synthetic-transfer", "os": "linux", "arch": "x86_64", "rustc_version": "rustc 1.100.0-nightly (8fa1c96cf 2026-08-17)", "cpu_model": "AMD EPYC 9V45 96-Core Processor", "cpu_governor": null, "warmup_rounds": 1, "measured_rounds": 11, "speed_floor": null, "methods": {"incumbent": {"external": false, "crate_dir": "/home/runner/work/_temp/deflate-upstream/data/bench-workspace/20261008T060358Z-c8f76e0a-_1o1vaam/incumbent", "source_sha256": "b9e0d844baf5958cf0c1c66bfb9fd1f89663fa30f21a99c3c116b3dd2e771361", "lib_sha256": "141f58ceb5d68fdd9fef84fc9da46540dfd34174de8533d923ef187ae09ec57b"}, "r3-432-fast3": {"external": false, "crate_dir": "/home/runner/work/_temp/deflate-upstream/data/bench-workspace/20261008T060358Z-c8f76e0a-_1o1vaam/r3-432-fast3", "source_sha256": "bae8014121e4710f4a34ce63452578b4bf69121b4f695e1b1356780a019108ef", "lib_sha256": "e3c97b3aef581e8e4a6e0f848cdd79427cdc9aa441d32c3110b73cc0508d3566"}}, "benchmark_provenance": {"version": 1, "engine_sha256": "ab202460691492f48d5c632375f5df2a74fc3769a81337e876607e9326a46fac", "template_sha256": "584b01793667c5257da4e76da919fbb3bb73c72fa434866622fe3905884d33f0", "host_sha256": "2b32344a74bca6b42edebf4f499412873c9bc3de9561a681587513913177b357", "cpus": "0", "process_affinity": [0, 1, 2, 3], "memory_mb": 2048, "sandbox": true, "build_profile": "release", "external_references": false}}
fast-j	Run selected fresh official gate	2026-10-08T06:04:03.5512552Z SYNTHETIC_RAW 2 r3-432-fast3 {"kind": "file", "corpus": "synthetic-transfer", "file": "multilingual.txt", "raw_bytes": 163270, "sha256": "bdd257c8c2afbd9c418ec8954e0ca3f2cedbfa5a622e9b2d5255f35647f1aecc", "methods": {"incumbent": {"external": false, "output_bytes": 9206, "output_sha256": "dd1312ec4702740b4331fb5195ee7cf1f8f1e4ebb52c5bad2ee9ac46eb142e05", "tokens": 4618, "tokens_sha256": "a6e0f107a4d317d16a1a0fe1f14d8a05d25385b4de7fa5b1409ef0de972f3b25", "deterministic": true, "encode_s": 0.000328889, "errors": [], "reps": [{"phase": "warmup", "order_index": 1, "time_s": 0.00128984, "encode_s": 0.000328889, "total_s": 0.001618729}, {"phase": "measured", "order_index": 3, "time_s": 0.001171975, "encode_s": 0.00024829, "total_s": 0.001420265}, {"phase": "measured", "order_index": 5, "time_s": 0.001176241, "encode_s": 0.000248039, "total_s": 0.00142428}, {"phase": "measured", "order_index": 7, "time_s": 0.001176692, "encode_s": 0.00024218, "total_s": 0.001418872}, {"phase": "measured", "order_index": 9, "time_s": 0.001177462, "encode_s": 0.000243071, "total_s": 0.001420533}, {"phase": "measured", "order_index": 11, "time_s": 0.001178645, "encode_s": 0.000240438, "total_s": 0.001419083}, {"phase": "measured", "order_index": 13, "time_s": 0.001189771, "encode_s": 0.000236863, "total_s": 0.001426634}, {"phase": "measured", "order_index": 15, "time_s": 0.001179236, "encode_s": 0.000253888, "total_s": 0.001433124}, {"phase": "measured", "order_index": 17, "time_s": 0.001179455, "encode_s": 0.00023535, "total_s": 0.001414805}, {"phase": "measured", "order_index": 19, "time_s": 0.001192255, "encode_s": 0.000240918, "total_s": 0.0014331729999999998}, {"phase": "measured", "order_index": 21, "time_s": 0.001188469, "encode_s": 0.000237764, "total_s": 0.0014262329999999998}, {"phase": "measured", "order_index": 23, "time_s": 0.001165475, "encode_s": 0.000246137, "total_s": 0.001411612}]}, "r3-432-fast3": {"external": false, "output_bytes": 9684, "output_sha256": "a284573a2c433c69dbc0ce64c42cca6e59fe1f88b9f332af6236cb76a4cc5a89", "tokens": 5264, "tokens_sha256": "b76b372c9f2aeef288bc0b1429aeb3b3fe62fc4697f91a59072a22280df3b1fc", "deterministic": true, "encode_s": 0.000250432, "errors": [], "reps": [{"phase": "warmup", "order_index": 2, "time_s": 6.2243e-05, "encode_s": 0.000250432, "total_s": 0.000312675}, {"phase": "measured", "order_index": 4, "time_s": 5.9909e-05, "encode_s": 0.000235861, "total_s": 0.00029577}, {"phase": "measured", "order_index": 6, "time_s": 5.9499e-05, "encode_s": 0.000235701, "total_s": 0.0002952}, {"phase": "measured", "order_index": 8, "time_s": 0.000109223, "encode_s": 0.00023557, "total_s": 0.000344793}, {"phase": "measured", "order_index": 10, "time_s": 5.9368e-05, "encode_s": 0.000243332, "total_s": 0.0003027}, {"phase": "measured", "order_index": 12, "time_s": 5.9128e-05, "encode_s": 0.000232416, "total_s": 0.00029154399999999997}, {"phase": "measured", "order_index": 14, "time_s": 5.9469e-05, "encode_s": 0.000230573, "total_s": 0.000290042}, {"phase": "measured", "order_index": 16, "time_s": 5.9489e-05, "encode_s": 0.000231965, "total_s": 0.000291454}, {"phase": "measured", "order_index": 18, "time_s": 5.9198e-05, "encode_s": 0.000242652, "total_s": 0.00030185}, {"phase": "measured", "order_index": 20, "time_s": 7.2929e-05, "encode_s": 0.000229001, "total_s": 0.00030193}, {"phase": "measured", "order_index": 22, "time_s": 5.9438e-05, "encode_s": 0.000232687, "total_s": 0.000292125}, {"phase": "measured", "order_index": 24, "time_s": 5.9028e-05, "encode_s": 0.000229962, "total_s": 0.00028899}]}}}
fast-j	Run selected fresh official gate	2026-10-08T06:04:03.5523325Z SYNTHETIC_RAW 2 r3-432-fast3 {"kind": "file", "corpus": "synthetic-transfer", "file": "random.bin", "raw_bytes": 131101, "sha256": "22c862f2c2c5fd5a072e9f74b5a056aacb9025228d040addb56dcd9bec4c09d3", "methods": {"incumbent": {"external": false, "output_bytes": 131445, "output_sha256": "deebb4fe887edb814c65fc8f8d20b733d4a395d0e32399c3c25af9b591d8dc2d", "tokens": 130620, "tokens_sha256": "5330a4dbafd88f2b8356a1db487249115b5a636a9e2bab5cf05094461ba5cbc3", "deterministic": true, "encode_s": 0.003824703, "errors": [], "reps": [{"phase": "warmup", "order_index": 25, "time_s": 0.001594143, "encode_s": 0.003824703, "total_s": 0.005418846}, {"phase": "measured", "order_index": 27, "time_s": 0.001570788, "encode_s": 0.003604956, "total_s": 0.0051757439999999995}, {"phase": "measured", "order_index": 29, "time_s": 0.001584239, "encode_s": 0.003633358, "total_s": 0.005217597}, {"phase": "measured", "order_index": 31, "time_s": 0.001601855, "encode_s": 0.003591956, "total_s": 0.005193811}, {"phase": "measured", "order_index": 33, "time_s": 0.001603046, "encode_s": 0.003617905, "total_s": 0.005220951}, {"phase": "measured", "order_index": 35, "time_s": 0.001616937, "encode_s": 0.003625386, "total_s": 0.005242323}, {"phase": "measured", "order_index": 37, "time_s": 0.001581164, "encode_s": 0.003644244, "total_s": 0.005225408}, {"phase": "measured", "order_index": 39, "time_s": 0.001577398, "encode_s": 0.00360791, "total_s": 0.0051853080000000005}, {"phase": "measured", "order_index": 41, "time_s": 0.001595034, "encode_s": 0.003643304, "total_s": 0.005238338}, {"phase": "measured", "order_index": 43, "time_s": 0.001583567, "encode_s": 0.003614541, "total_s": 0.005198108}, {"phase": "measured", "order_index": 45, "time_s": 0.001591789, "encode_s": 0.003625437, "total_s": 0.005217226}, {"phase": "measured", "order_index": 47, "time_s": 0.001587604, "encode_s": 0.003622963, "total_s": 0.005210567}]}, "r3-432-fast3": {"external": false, "output_bytes": 131144, "output_sha256": "52b5974219d121f00e342319360c4c8bcac7ff2eda0365aa245dfe321fd4613b", "tokens": 131101, "tokens_sha256": "861ef26a6d151afca1053cb702d3d74a8e4ef1beae1928ecd65b6e1995a7cb99", "deterministic": true, "encode_s": 0.003430207, "errors": [], "reps": [{"phase": "warmup", "order_index": 26, "time_s": 1.6514e-05, "encode_s": 0.003430207, "total_s": 0.003446721}, {"phase": "measured", "order_index": 28, "time_s": 1.5183e-05, "encode_s": 0.00344655, "total_s": 0.0034617330000000003}, {"phase": "measured", "order_index": 30, "time_s": 1.5313e-05, "encode_s": 0.002728621, "total_s": 0.002743934}, {"phase": "measured", "order_index": 32, "time_s": 1.5353e-05, "encode_s": 0.003422725, "total_s": 0.0034380780000000002}, {"phase": "measured", "order_index": 34, "time_s": 1.5073e-05, "encode_s": 0.003416225, "total_s": 0.003431298}, {"phase": "measured", "order_index": 36, "time_s": 1.5553e-05, "encode_s": 0.003429936, "total_s": 0.0034454890000000004}, {"phase": "measured", "order_index": 38, "time_s": 1.5363e-05, "encode_s": 0.003430016, "total_s": 0.003445379}, {"phase": "measured", "order_index": 40, "time_s": 1.5102e-05, "encode_s": 0.003474462, "total_s": 0.003489564}, {"phase": "measured", "order_index": 42, "time_s": 1.5383e-05, "encode_s": 0.003462424, "total_s": 0.003477807}, {"phase": "measured", "order_index": 44, "time_s": 1.4862e-05, "encode_s": 0.003437557, "total_s": 0.003452419}, {"phase": "measured", "order_index": 46, "time_s": 2.8101e-05, "encode_s": 0.00343247, "total_s": 0.003460571}, {"phase": "measured", "order_index": 48, "time_s": 1.5243e-05, "encode_s": 0.003431968, "total_s": 0.003447211}]}}}
fast-j	Run selected fresh official gate	2026-10-08T06:04:03.5536771Z SYNTHETIC_RAW 2 r3-432-fast3 {"kind": "file", "corpus": "synthetic-transfer", "file": "short-log.txt", "raw_bytes": 32505, "sha256": "23ef9a1b24b2cfcd1c73f1ff1a71ab017cbcf921409f96f8839c74819d3c0b82", "methods": {"incumbent": {"external": false, "output_bytes": 4871, "output_sha256": "b801c58b86a433392a15971de32130be788d25cd6f3a91a1abda0f0a909dac25", "tokens": 3017, "tokens_sha256": "fcd4ea723eb6d0e399dc5c1cf6825e8d767f6fc45a05600bb177054b19e7eaec", "deterministic": true, "encode_s": 0.000186938, "errors": [], "reps": [{"phase": "warmup", "order_index": 49, "time_s": 0.000578071, "encode_s": 0.000186938, "total_s": 0.000765009}, {"phase": "measured", "order_index": 51, "time_s": 0.000588626, "encode_s": 0.000180068, "total_s": 0.000768694}, {"phase": "measured", "order_index": 53, "time_s": 0.000567054, "encode_s": 0.000174219, "total_s": 0.000741273}, {"phase": "measured", "order_index": 55, "time_s": 0.00056412, "encode_s": 0.00016841, "total_s": 0.00073253}, {"phase": "measured", "order_index": 57, "time_s": 0.000563478, "encode_s": 0.000169292, "total_s": 0.00073277}, {"phase": "measured", "order_index": 59, "time_s": 0.000565501, "encode_s": 0.000168772, "total_s": 0.000734273}, {"phase": "measured", "order_index": 61, "time_s": 0.000563428, "encode_s": 0.000165927, "total_s": 0.0007293550000000001}, {"phase": "measured", "order_index": 63, "time_s": 0.000563639, "encode_s": 0.000165166, "total_s": 0.000728805}, {"phase": "measured", "order_index": 65, "time_s": 0.000562267, "encode_s": 0.000164715, "total_s": 0.0007269819999999999}, {"phase": "measured", "order_index": 67, "time_s": 0.000561025, "encode_s": 0.000165686, "total_s": 0.0007267110000000001}, {"phase": "measured", "order_index": 69, "time_s": 0.000561836, "encode_s": 0.000167019, "total_s": 0.000728855}, {"phase": "measured", "order_index": 71, "time_s": 0.000564169, "encode_s": 0.000163384, "total_s": 0.000727553}]}, "r3-432-fast3": {"external": false, "output_bytes": 8277, "output_sha256": "44efccadf8af77a0163a4d6740f486246dd4c10770eb34fe7972bafa6c805687", "tokens": 12200, "tokens_sha256": "891ba096a1bfc6ebae0e33da360e53f6233e820044e96dd5cab5ca945671f382", "deterministic": true, "encode_s": 0.000183834, "errors": [], "reps": [{"phase": "warmup", "order_index": 50, "time_s": 5.7906e-05, "encode_s": 0.000183834, "total_s": 0.00024174}, {"phase": "measured", "order_index": 52, "time_s": 5.4461e-05, "encode_s": 0.000183964, "total_s": 0.000238425}, {"phase": "measured", "order_index": 54, "time_s": 5.3219e-05, "encode_s": 0.000182342, "total_s": 0.000235561}, {"phase": "measured", "order_index": 56, "time_s": 5.2989e-05, "encode_s": 0.000181921, "total_s": 0.00023491}, {"phase": "measured", "order_index": 58, "time_s": 5.2559e-05, "encode_s": 0.000193017, "total_s": 0.000245576}, {"phase": "measured", "order_index": 60, "time_s": 5.2918e-05, "encode_s": 0.000188381, "total_s": 0.000241299}, {"phase": "measured", "order_index": 62, "time_s": 5.3159e-05, "encode_s": 0.000182472, "total_s": 0.000235631}, {"phase": "measured", "order_index": 64, "time_s": 5.2918e-05, "encode_s": 0.00018091, "total_s": 0.000233828}, {"phase": "measured", "order_index": 66, "time_s": 5.2668e-05, "encode_s": 0.000193248, "total_s": 0.000245916}, {"phase": "measured", "order_index": 68, "time_s": 5.2879e-05, "encode_s": 0.000184645, "total_s": 0.000237524}, {"phase": "measured", "order_index": 70, "time_s": 5.2879e-05, "encode_s": 0.000181921, "total_s": 0.00023480000000000002}, {"phase": "measured", "order_index": 72, "time_s": 5.2468e-05, "encode_s": 0.000186788, "total_s": 0.00023925599999999997}]}}}
fast-j	Run selected fresh official gate	2026-10-08T06:04:03.5547554Z SYNTHETIC_RAW 2 r3-432-fast3 {"kind": "file", "corpus": "synthetic-transfer", "file": "source-like.txt", "raw_bytes": 220484, "sha256": "326efe91d7d1e5a11bee87388ef45c7551b1b541f17a1749d7cd5cd53c25ab66", "methods": {"incumbent": {"external": false, "output_bytes": 16650, "output_sha256": "a459035fe1f2d45221381fefc1bad509a69c3effb5a67ee57a00384072a446f5", "tokens": 7890, "tokens_sha256": "cf67564e32e855eac2759e9b433da56b133fd538e426d3f122c000aa5d009805", "deterministic": true, "encode_s": 0.000229161, "errors": [], "reps": [{"phase": "warmup", "order_index": 73, "time_s": 0.002320364, "encode_s": 0.000229161, "total_s": 0.002549525}, {"phase": "measured", "order_index": 75, "time_s": 0.002338471, "encode_s": 0.000223623, "total_s": 0.002562094}, {"phase": "measured", "order_index": 77, "time_s": 0.002314856, "encode_s": 0.000218024, "total_s": 0.00253288}, {"phase": "measured", "order_index": 79, "time_s": 0.002360454, "encode_s": 0.000217373, "total_s": 0.002577827}, {"phase": "measured", "order_index": 81, "time_s": 0.002315477, "encode_s": 0.000217614, "total_s": 0.002533091}, {"phase": "measured", "order_index": 83, "time_s": 0.002300143, "encode_s": 0.000214029, "total_s": 0.0025141720000000003}, {"phase": "measured", "order_index": 85, "time_s": 0.002302577, "encode_s": 0.000213488, "total_s": 0.002516065}, {"phase": "measured", "order_index": 87, "time_s": 0.002302257, "encode_s": 0.000212056, "total_s": 0.002514313}, {"phase": "measured", "order_index": 89, "time_s": 0.00230433, "encode_s": 0.000213979, "total_s": 0.002518309}, {"phase": "measured", "order_index": 91, "time_s": 0.002309037, "encode_s": 0.000212537, "total_s": 0.002521574}, {"phase": "measured", "order_index": 93, "time_s": 0.00231748, "encode_s": 0.000211194, "total_s": 0.002528674}, {"phase": "measured", "order_index": 95, "time_s": 0.002316328, "encode_s": 0.000212066, "total_s": 0.0025283939999999998}]}, "r3-432-fast3": {"external": false, "output_bytes": 18393, "output_sha256": "735b68c4a5747696b4ebf6c0135116a705a15f24a8c0f6be52ce706276dd0986", "tokens": 12013, "tokens_sha256": "29f01c38ee319caf136f8241dc558b245fce41198010ea49e228211ed3642be9", "deterministic": true, "encode_s": 0.000258715, "errors": [], "reps": [{"phase": "warmup", "order_index": 74, "time_s": 0.000160048, "encode_s": 0.000258715, "total_s": 0.00041876300000000006}, {"phase": "measured", "order_index": 76, "time_s": 0.000158396, "encode_s": 0.000254348, "total_s": 0.000412744}, {"phase": "measured", "order_index": 78, "time_s": 0.000157164, "encode_s": 0.000251975, "total_s": 0.000409139}, {"phase": "measured", "order_index": 80, "time_s": 0.000156944, "encode_s": 0.00026256, "total_s": 0.000419504}, {"phase": "measured", "order_index": 82, "time_s": 0.000157093, "encode_s": 0.000255401, "total_s": 0.000412494}, {"phase": "measured", "order_index": 84, "time_s": 0.000156974, "encode_s": 0.000263923, "total_s": 0.000420897}, {"phase": "measured", "order_index": 86, "time_s": 0.000156343, "encode_s": 0.000255821, "total_s": 0.000412164}, {"phase": "measured", "order_index": 88, "time_s": 0.000156764, "encode_s": 0.000253788, "total_s": 0.000410552}, {"phase": "measured", "order_index": 90, "time_s": 0.000157214, "encode_s": 0.00025487, "total_s": 0.00041208399999999995}, {"phase": "measured", "order_index": 92, "time_s": 0.000157324, "encode_s": 0.000253748, "total_s": 0.00041107199999999996}, {"phase": "measured", "order_index": 94, "time_s": 0.000158055, "encode_s": 0.000257473, "total_s": 0.00041552799999999997}, {"phase": "measured", "order_index": 96, "time_s": 0.000157674, "encode_s": 0.000258235, "total_s": 0.000415909}]}}}
fast-j	Run selected fresh official gate	2026-10-08T06:04:03.5558503Z SYNTHETIC_RAW 2 r3-432-fast3 {"kind": "file", "corpus": "synthetic-transfer", "file": "sparse.bin", "raw_bytes": 53803, "sha256": "c51b774d8aadb5b636c1463ff5a9df4fe6c326330101df1daf2e4745b07678d3", "methods": {"incumbent": {"external": false, "output_bytes": 1798, "output_sha256": "64a1ff1bc414863ad88544207256d2d9a5ba187a3a5dc2ad6425dd07405c2e2c", "tokens": 1263, "tokens_sha256": "fae120ea72c3aae525d182eab79475dc599c31ea79ce1f32050a110b01939d24", "deterministic": true, "encode_s": 0.000351633, "errors": [], "reps": [{"phase": "warmup", "order_index": 97, "time_s": 0.000612452, "encode_s": 0.000351633, "total_s": 0.0009640849999999999}, {"phase": "measured", "order_index": 99, "time_s": 0.000628045, "encode_s": 0.000320207, "total_s": 0.000948252}, {"phase": "measured", "order_index": 101, "time_s": 0.000630148, "encode_s": 0.000323852, "total_s": 0.000954}, {"phase": "measured", "order_index": 103, "time_s": 0.000648996, "encode_s": 0.000319235, "total_s": 0.000968231}, {"phase": "measured", "order_index": 105, "time_s": 0.000616838, "encode_s": 0.000317353, "total_s": 0.000934191}, {"phase": "measured", "order_index": 107, "time_s": 0.00084641, "encode_s": 0.000321699, "total_s": 0.001168109}, {"phase": "measured", "order_index": 109, "time_s": 0.000625892, "encode_s": 0.000318765, "total_s": 0.000944657}, {"phase": "measured", "order_index": 111, "time_s": 0.000622447, "encode_s": 0.000319666, "total_s": 0.0009421130000000001}, {"phase": "measured", "order_index": 113, "time_s": 0.000610408, "encode_s": 0.000322871, "total_s": 0.000933279}, {"phase": "measured", "order_index": 115, "time_s": 0.000622367, "encode_s": 0.000315509, "total_s": 0.000937876}, {"phase": "measured", "order_index": 117, "time_s": 0.000621846, "encode_s": 0.000314428, "total_s": 0.000936274}, {"phase": "measured", "order_index": 119, "time_s": 0.000623468, "encode_s": 0.00031578, "total_s": 0.000939248}]}, "r3-432-fast3": {"external": false, "output_bytes": 2134, "output_sha256": "8acb9c34ad5e88c0e527f0a3911b99bfac744f4625124fc678d7cdbab669c714", "tokens": 3795, "tokens_sha256": "db99e2e413bed52a91e27df8b345bd15b546f6855c8d934b12febe253691eb65", "deterministic": true, "encode_s": 0.000328018, "errors": [], "reps": [{"phase": "warmup", "order_index": 98, "time_s": 1.2498e-05, "encode_s": 0.000328018, "total_s": 0.000340516}, {"phase": "measured", "order_index": 100, "time_s": 1.1898e-05, "encode_s": 0.000330071, "total_s": 0.00034196899999999996}, {"phase": "measured", "order_index": 102, "time_s": 1.1537e-05, "encode_s": 0.000321418, "total_s": 0.000332955}, {"phase": "measured", "order_index": 104, "time_s": 1.1487e-05, "encode_s": 0.000318995, "total_s": 0.000330482}, {"phase": "measured", "order_index": 106, "time_s": 1.1578e-05, "encode_s": 0.000319816, "total_s": 0.000331394}, {"phase": "measured", "order_index": 108, "time_s": 1.1457e-05, "encode_s": 0.000318714, "total_s": 0.000330171}, {"phase": "measured", "order_index": 110, "time_s": 1.1478e-05, "encode_s": 0.000320807, "total_s": 0.000332285}, {"phase": "measured", "order_index": 112, "time_s": 1.1477e-05, "encode_s": 0.000327097, "total_s": 0.000338574}, {"phase": "measured", "order_index": 114, "time_s": 1.1397e-05, "encode_s": 0.000320917, "total_s": 0.000332314}, {"phase": "measured", "order_index": 116, "time_s": 1.1557e-05, "encode_s": 0.000318534, "total_s": 0.00033009099999999997}, {"phase": "measured", "order_index": 118, "time_s": 1.1567e-05, "encode_s": 0.000320046, "total_s": 0.00033161299999999997}, {"phase": "measured", "order_index": 120, "time_s": 1.1337e-05, "encode_s": 0.000325324, "total_s": 0.000336661}]}}}
fast-j	Run selected fresh official gate	2026-10-08T06:04:03.5569877Z SYNTHETIC_RAW 2 r3-432-fast3 {"kind": "file", "corpus": "synthetic-transfer", "file": "table.csv", "raw_bytes": 193765, "sha256": "e773c09c5e5d585dc64330f220ca47963de24c1be3297a8161e89fca34b98a85", "methods": {"incumbent": {"external": false, "output_bytes": 65436, "output_sha256": "dcb53081688a36dad21b849906f65e985a744ef8864e9324768f44dbb485a3fc", "tokens": 39085, "tokens_sha256": "93d50fc8a84ae35d4a248c3fc06f3632d2da32348cd6896ad6f9f43ea9515f65", "deterministic": true, "encode_s": 0.001393834, "errors": [], "reps": [{"phase": "warmup", "order_index": 121, "time_s": 0.008022703, "encode_s": 0.001393834, "total_s": 0.009416537}, {"phase": "measured", "order_index": 123, "time_s": 0.008066568, "encode_s": 0.00119581, "total_s": 0.009262378}, {"phase": "measured", "order_index": 125, "time_s": 0.007983945, "encode_s": 0.001187297, "total_s": 0.009171242}, {"phase": "measured", "order_index": 127, "time_s": 0.007922523, "encode_s": 0.001172235, "total_s": 0.009094758000000001}, {"phase": "measured", "order_index": 129, "time_s": 0.00804864, "encode_s": 0.001176682, "total_s": 0.009225322}, {"phase": "measured", "order_index": 131, "time_s": 0.007932248, "encode_s": 0.001180136, "total_s": 0.009112384}, {"phase": "measured", "order_index": 133, "time_s": 0.007898538, "encode_s": 0.001166847, "total_s": 0.009065385}, {"phase": "measured", "order_index": 135, "time_s": 0.007965868, "encode_s": 0.001165194, "total_s": 0.009131061999999999}, {"phase": "measured", "order_index": 137, "time_s": 0.007905898, "encode_s": 0.00116926, "total_s": 0.009075158}, {"phase": "measured", "order_index": 139, "time_s": 0.007924366, "encode_s": 0.001193637, "total_s": 0.009118003}, {"phase": "measured", "order_index": 141, "time_s": 0.007882053, "encode_s": 0.001165384, "total_s": 0.009047437}, {"phase": "measured", "order_index": 143, "time_s": 0.007802455, "encode_s": 0.001160327, "total_s": 0.008962781999999999}]}, "r3-432-fast3": {"external": false, "output_bytes": 66603, "output_sha256": "74aa82188e366b316c292a5804da3107ff83ff4f70e4441f20000f4fd72be71c", "tokens": 46913, "tokens_sha256": "4ac0c77b41058b22eb906f5a2b614520508f3faddd2681b64e6aea3cfb703c64", "deterministic": true, "encode_s": 0.001469738, "errors": [], "reps": [{"phase": "warmup", "order_index": 122, "time_s": 0.000642136, "encode_s": 0.001469738, "total_s": 0.0021118739999999997}, {"phase": "measured", "order_index": 124, "time_s": 0.000629918, "encode_s": 0.00141119, "total_s": 0.0020411080000000002}, {"phase": "measured", "order_index": 126, "time_s": 0.00063859, "encode_s": 0.001398783, "total_s": 0.002037373}, {"phase": "measured", "order_index": 128, "time_s": 0.000635155, "encode_s": 0.001415587, "total_s": 0.002050742}, {"phase": "measured", "order_index": 130, "time_s": 0.000637488, "encode_s": 0.001420734, "total_s": 0.002058222}, {"phase": "measured", "order_index": 132, "time_s": 0.000625892, "encode_s": 0.001420204, "total_s": 0.002046096}, {"phase": "measured", "order_index": 134, "time_s": 0.000635105, "encode_s": 0.001399454, "total_s": 0.002034559}, {"phase": "measured", "order_index": 136, "time_s": 0.00063846, "encode_s": 0.001396109, "total_s": 0.002034569}, {"phase": "measured", "order_index": 138, "time_s": 0.000628085, "encode_s": 0.001413654, "total_s": 0.002041739}, {"phase": "measured", "order_index": 140, "time_s": 0.000642687, "encode_s": 0.001394235, "total_s": 0.002036922}, {"phase": "measured", "order_index": 142, "time_s": 0.000633983, "encode_s": 0.001384832, "total_s": 0.0020188149999999998}, {"phase": "measured", "order_index": 144, "time_s": 0.000626282, "encode_s": 0.00139688, "total_s": 0.0020231620000000002}]}}}
fast-j	Run selected fresh official gate	2026-10-08T06:04:03.5580754Z SYNTHETIC_RAW 2 r3-432-fast3 {"kind": "file", "corpus": "synthetic-transfer", "file": "tiny-structured.txt", "raw_bytes": 15588, "sha256": "2b4701704019445efcca8272c668d8015913d54616281baf813d477623dfcdd3", "methods": {"incumbent": {"external": false, "output_bytes": 1492, "output_sha256": "f35f34fe896e5ec7c7a15e89fe5bd6eb74d866642044e5d5df10ea85bcdc674f", "tokens": 1083, "tokens_sha256": "0fa05be94e7e54cd3cede626db4ec06f61e270d22e2f35d810b14ec5a00d6dde", "deterministic": true, "encode_s": 0.000122493, "errors": [], "reps": [{"phase": "warmup", "order_index": 145, "time_s": 0.000143083, "encode_s": 0.000122493, "total_s": 0.000265576}, {"phase": "measured", "order_index": 147, "time_s": 0.000137975, "encode_s": 0.00011424, "total_s": 0.000252215}, {"phase": "measured", "order_index": 149, "time_s": 0.000134199, "encode_s": 0.0001078, "total_s": 0.000241999}, {"phase": "measured", "order_index": 151, "time_s": 0.000130704, "encode_s": 0.000110274, "total_s": 0.00024097799999999998}, {"phase": "measured", "order_index": 153, "time_s": 0.000129843, "encode_s": 9.9999e-05, "total_s": 0.000229842}, {"phase": "measured", "order_index": 155, "time_s": 0.000128531, "encode_s": 9.7545e-05, "total_s": 0.00022607600000000002}, {"phase": "measured", "order_index": 157, "time_s": 0.000135391, "encode_s": 9.5482e-05, "total_s": 0.000230873}, {"phase": "measured", "order_index": 159, "time_s": 0.00012768, "encode_s": 9.6534e-05, "total_s": 0.00022421399999999998}, {"phase": "measured", "order_index": 161, "time_s": 0.000126868, "encode_s": 9.421e-05, "total_s": 0.00022107799999999999}, {"phase": "measured", "order_index": 163, "time_s": 0.000133398, "encode_s": 9.4331e-05, "total_s": 0.00022772900000000003}, {"phase": "measured", "order_index": 165, "time_s": 0.000126849, "encode_s": 9.3489e-05, "total_s": 0.000220338}, {"phase": "measured", "order_index": 167, "time_s": 0.000125917, "encode_s": 9.3369e-05, "total_s": 0.000219286}]}, "r3-432-fast3": {"external": false, "output_bytes": 2299, "output_sha256": "b0b848b0cc9f13315492e78ac8ad5091e82b05ec5dd2dec88b45f99eeaae24ba", "tokens": 2612, "tokens_sha256": "2b05eebcbbecbfa25fbffd0210603157067c17e26adf721f5c2642ef3f525cd9", "deterministic": true, "encode_s": 0.000123984, "errors": [], "reps": [{"phase": "warmup", "order_index": 146, "time_s": 2.4537e-05, "encode_s": 0.000123984, "total_s": 0.00014852099999999998}, {"phase": "measured", "order_index": 148, "time_s": 2.1482e-05, "encode_s": 9.45e-05, "total_s": 0.000115982}, {"phase": "measured", "order_index": 150, "time_s": 1.998e-05, "encode_s": 9.0084e-05, "total_s": 0.000110064}, {"phase": "measured", "order_index": 152, "time_s": 1.9008e-05, "encode_s": 8.7811e-05, "total_s": 0.00010681900000000001}, {"phase": "measured", "order_index": 154, "time_s": 1.9018e-05, "encode_s": 8.5297e-05, "total_s": 0.00010431499999999999}, {"phase": "measured", "order_index": 156, "time_s": 1.8267e-05, "encode_s": 8.2983e-05, "total_s": 0.00010125}, {"phase": "measured", "order_index": 158, "time_s": 1.7966e-05, "encode_s": 8.2463e-05, "total_s": 0.000100429}, {"phase": "measured", "order_index": 160, "time_s": 1.8087e-05, "encode_s": 8.1351e-05, "total_s": 9.9438e-05}, {"phase": "measured", "order_index": 162, "time_s": 1.7937e-05, "encode_s": 8.068e-05, "total_s": 9.8617e-05}, {"phase": "measured", "order_index": 164, "time_s": 1.7756e-05, "encode_s": 7.9689e-05, "total_s": 9.7445e-05}, {"phase": "measured", "order_index": 166, "time_s": 1.7516e-05, "encode_s": 7.9648e-05, "total_s": 9.7164e-05}, {"phase": "measured", "order_index": 168, "time_s": 1.7516e-05, "encode_s": 7.8217e-05, "total_s": 9.5733e-05}]}}}
fast-j	Run selected fresh official gate	2026-10-08T06:04:03.5591468Z SYNTHETIC_RAW 2 r3-432-fast3 {"kind": "file", "corpus": "synthetic-transfer", "file": "window-boundary.bin", "raw_bytes": 73735, "sha256": "3d5e223fd8ced74430c5b87ebbbe4ff9c9782c6902f9b137538dddc79f087dcc", "methods": {"incumbent": {"external": false, "output_bytes": 73933, "output_sha256": "5e456557d23dbd5249a36f224b7449a9d53075a00273d27d8ee8f397eeafb978", "tokens": 73559, "tokens_sha256": "35dd083034d7d329eefea50f23c8b2117879da70eb37280242ffd804c83eaf3b", "deterministic": true, "encode_s": 0.002293914, "errors": [], "reps": [{"phase": "warmup", "order_index": 169, "time_s": 0.000785259, "encode_s": 0.002293914, "total_s": 0.003079173}, {"phase": "measured", "order_index": 171, "time_s": 0.00079276, "encode_s": 0.002252082, "total_s": 0.003044842}, {"phase": "measured", "order_index": 173, "time_s": 0.000919519, "encode_s": 0.002204331, "total_s": 0.00312385}, {"phase": "measured", "order_index": 175, "time_s": 0.000749205, "encode_s": 0.00218306, "total_s": 0.002932265}, {"phase": "measured", "order_index": 177, "time_s": 0.000763857, "encode_s": 0.002195708, "total_s": 0.002959565}, {"phase": "measured", "order_index": 179, "time_s": 0.000767473, "encode_s": 0.002171122, "total_s": 0.002938595}, {"phase": "measured", "order_index": 181, "time_s": 0.000750557, "encode_s": 0.002180386, "total_s": 0.002930943}, {"phase": "measured", "order_index": 183, "time_s": 0.000748944, "encode_s": 0.002197431, "total_s": 0.002946375}, {"phase": "measured", "order_index": 185, "time_s": 0.000740722, "encode_s": 0.002195068, "total_s": 0.00293579}, {"phase": "measured", "order_index": 187, "time_s": 0.000749576, "encode_s": 0.002182498, "total_s": 0.0029320740000000002}, {"phase": "measured", "order_index": 189, "time_s": 0.000748964, "encode_s": 0.002192163, "total_s": 0.002941127}, {"phase": "measured", "order_index": 191, "time_s": 0.000750117, "encode_s": 0.002189629, "total_s": 0.002939746}]}, "r3-432-fast3": {"external": false, "output_bytes": 73760, "output_sha256": "7fc0f619879f4fb08483c528b61a18725bafcbfbce8f257146ac4741ba95851b", "tokens": 73735, "tokens_sha256": "8a3f0d4d337189d036871ced04356a9ba83426a905ea1c72d81f57b9d8549140", "deterministic": true, "encode_s": 0.001737076, "errors": [], "reps": [{"phase": "warmup", "order_index": 170, "time_s": 1.1797e-05, "encode_s": 0.001737076, "total_s": 0.001748873}, {"phase": "measured", "order_index": 172, "time_s": 1.0976e-05, "encode_s": 0.001771017, "total_s": 0.001781993}, {"phase": "measured", "order_index": 174, "time_s": 1.1016e-05, "encode_s": 0.00171977, "total_s": 0.001730786}, {"phase": "measured", "order_index": 176, "time_s": 1.1216e-05, "encode_s": 0.001715704, "total_s": 0.00172692}, {"phase": "measured", "order_index": 178, "time_s": 1.1177e-05, "encode_s": 0.001712789, "total_s": 0.001723966}, {"phase": "measured", "order_index": 180, "time_s": 1.1077e-05, "encode_s": 0.001723115, "total_s": 0.001734192}, {"phase": "measured", "order_index": 182, "time_s": 1.1166e-05, "encode_s": 0.001741793, "total_s": 0.001752959}, {"phase": "measured", "order_index": 184, "time_s": 1.1217e-05, "encode_s": 0.00171329, "total_s": 0.001724507}, {"phase": "measured", "order_index": 186, "time_s": 1.1147e-05, "encode_s": 0.001721252, "total_s": 0.001732399}, {"phase": "measured", "order_index": 188, "time_s": 1.0976e-05, "encode_s": 0.001728363, "total_s": 0.001739339}, {"phase": "measured", "order_index": 190, "time_s": 1.1217e-05, "encode_s": 0.001713891, "total_s": 0.001725108}, {"phase": "measured", "order_index": 192, "time_s": 1.1247e-05, "encode_s": 0.001719589, "total_s": 0.0017308360000000001}]}}}
fast-j	Run selected fresh official gate	2026-10-08T06:04:03.5606500Z ROUND4_PHASE {"phase": "gate", "summary": [{"candidate": "public361", "control": true, "blocks": [1, 2], "time": 1.1381719151954188, "size_pct": 33.95862675598211, "own_anchor": {"time": 1.1608686942402877, "size_pct": 34.209957755736326, "on_frontier": false, "dominating_ids": ["375"], "conditional_geometry_weight": 0, "size_gap_pp": 0.002389753302253439}, "fixed_427": {"time": 1.1545648815144838, "size_pct": 34.19728114309628, "on_frontier": true, "dominating_ids": [], "conditional_geometry_weight": 0.013330995957455925, "size_gap_pp": 0}, "stress_1pct": {"time": 1.1724773811826905, "size_pct": 34.209957755736326, "on_frontier": false, "dominating_ids": ["375"], "conditional_geometry_weight": 0, "size_gap_pp": 0.002389753302253439}, "time_change_pct_vs_fast3": [159.89642018218257, 159.89770667031854], "size_change_pp_vs_fast3": -2.643512350348068, "equivalence": null}, {"candidate": "r10-finder-pipeline-proof", "control": true, "blocks": [1, 2], "time": 1.3921811872110692, "size_pct": 33.934365747942536, "own_anchor": {"time": 1.4199371603698574, "size_pct": 34.18551718968784, "on_frontier": false, "dominating_ids": ["360", "418", "422"], "conditional_geometry_weight": 0, "size_gap_pp": 0.008274726843147562}, "fixed_427": {"time": 1.4122326214516236, "size_pct": 34.172849633580135, "on_frontier": true, "dominating_ids": [], "conditional_geometry_weight": 0.003920758844799068, "size_gap_pp": 0}, "stress_1pct": {"time": 1.4370004074126583, "size_pct": 34.18551718968784, "on_frontier": false, "dominating_ids": ["360", "418", "422"], "conditional_geometry_weight": 0, "size_gap_pp": 0.008274726843147562}, "time_change_pct_vs_fast3": [217.26210305458005, 218.5333178829744], "size_change_pp_vs_fast3": -2.6677733583876417, "equivalence": null}, {"candidate": "fast-shadow", "control": true, "blocks": [1, 2], "time": 0.43790705685961173, "size_pct": 36.60213910633018, "own_anchor": {"time": 0.4378517042638559, "size_pct": 36.999728556810254, "on_frontier": false, "dominating_ids": ["506", "507"], "conditional_geometry_weight": 0, "size_gap_pp": 0.3351259282879795}, "fixed_427": {"time": 0.44421418457743805, "size_pct": 36.859371565647756, "on_frontier": false, "dominating_ids": ["456", "481", "506", "507"], "conditional_geometry_weight": 0, "size_gap_pp": 0.5670822095177712}, "stress_1pct": {"time": 0.4436340972955519, "size_pct": 36.999728556810254, "on_frontier": false, "dominating_ids": ["456", "481", "506", "507"], "conditional_geometry_weight": 0, "size_gap_pp": 0.7074392006802697}, "time_change_pct_vs_fast3": [0.3124697937512133, -0.3224059680759117], "size_change_pp_vs_fast3": 0.0, "equivalence": null}, {"candidate": "r3-432-fast3", "control": true, "blocks": [1, 2], "time": 0.43793180812548427, "size_pct": 36.60213910633018, "own_anchor": {"time": 0.43787345819892, "size_pct": 36.999728556810254, "on_frontier": false, "dominating_ids": ["506", "507"], "conditional_geometry_weight": 0, "size_gap_pp": 0.3351259282879795}, "fixed_427": {"time": 0.4442392923331013, "size_pct": 36.859371565647756, "on_frontier": false, "dominating_ids": ["456", "481", "506", "507"], "conditional_geometry_weight": 0, "size_gap_pp": 0.5670822095177712}, "stress_1pct": {"time": 0.44225219278090927, "size_pct": 36.999728556810254, "on_frontier": false, "dominating_ids": ["481", "506", "507"], "conditional_geometry_weight": 0, "size_gap_pp": 0.439732922335601}, "time_change_pct_vs_fast3": [0.0, 0.0], "size_change_pp_vs_fast3": 0.0, "equivalence": null}, {"candidate": "public432", "control": true, "blocks": [1, 2], "time": 0.43994803811334443, "size_pct": 36.52435870548103, "own_anchor": {"time": 0.4413850574969763, "size_pct": 36.91273515631194, "on_frontier": false, "dominating_ids": ["481", "506", "507"], "conditional_geometry_weight": 0, "size_gap_pp": 0.35273952183728596}, "fixed_427": {"time": 0.44628456186221277, "size_pct": 36.781044539812044, "on_frontier": false, "dominating_ids": ["451", "456", "481", "506", "507"], "conditional_geometry_weight": 0, "size_gap_pp": 0.5365994793169833}, "stress_1pct": {"time": 0.4457989080719461, "size_pct": 36.91273515631194, "on_frontier": false, "dominating_ids": ["451", "456", "481", "506", "507"], "conditional_geometry_weight": 0, "size_gap_pp": 0.6682900958168787}, "time_change_pct_vs_fast3": [0.557937378997786, 0.3632782407160917], "size_change_pp_vs_fast3": -0.07778040084915006, "equivalence": null}, {"candidate": "probe3", "control": true, "blocks": [1, 2], "time": 0.4663720586201054, "size_pct": 35.92083771476539, "own_anchor": {"time": 0.46614327772931885, "size_pct": 36.173282125166494, "on_frontier": false, "dominating_ids": ["437", "442", "464", "497", "498", "500"], "conditional_geometry_weight": 0, "size_gap_pp": 0.4163487968876325}, "fixed_427": {"time": 0.4730891646627367, "size_pct": 36.173282125166494, "on_frontier": false, "dominating_ids": ["437", "442", "464", "497", "498", "500"], "conditional_geometry_weight": 0, "size_gap_pp": 0.4163487968876325}, "stress_1pct": {"time": 0.4708047105066121, "size_pct": 36.173282125166494, "on_frontier": false, "dominating_ids": ["437", "442", "464", "497", "498", "500"], "conditional_geometry_weight": 0, "size_gap_pp": 0.4163487968876325}, "time_change_pct_vs_fast3": [6.49361964617603, 6.494815688150646], "size_change_pp_vs_fast3": -0.6813013915647872, "equivalence": null}, {"candidate": "r11-fast-skipahead", "control": false, "blocks": [1, 2], "time": 0.44127540773981394, "size_pct": 36.60213910633018, "own_anchor": {"time": 0.44121974630755745, "size_pct": 36.999728556810254, "on_frontier": false, "dominating_ids": ["481", "506", "507"], "conditional_geometry_weight": 0, "size_gap_pp": 0.439732922335601}, "fixed_427": {"time": 0.44763104944906174, "size_pct": 36.859371565647756, "on_frontier": false, "dominating_ids": ["451", "456", "481", "506", "507"], "conditional_geometry_weight": 0, "size_gap_pp": 0.6149265051526953}, "stress_1pct": {"time": 0.44710144660275064, "size_pct": 36.999728556810254, "on_frontier": false, "dominating_ids": ["451", "456", "481", "506", "507"], "conditional_geometry_weight": 0, "size_gap_pp": 0.7552834963151938}, "time_change_pct_vs_fast3": [1.096490622544799, 0.43193639031937625], "size_change_pp_vs_fast3": 0.0, "equivalence": {"reference": "r3-432-fast3", "public_token_and_output_equal": true, "changed_files": [], "scope": "finite public corpus only; no all-input equivalence claim"}}], "gates": {}, "failures": []}
fast-j	Publish final evidence without toolchains or binaries	﻿2026-10-08T06:04:03.5757062Z ##[group]Run actions/upload-artifact@ea165f8d65b6e75b540449e92b4886f43607fa02
fast-j	Publish final evidence without toolchains or binaries	2026-10-08T06:04:03.5757298Z with:
fast-j	Publish final evidence without toolchains or binaries	2026-10-08T06:04:03.5757418Z   name: r11-37734806965-fast-j-gate
fast-j	Publish final evidence without toolchains or binaries	2026-10-08T06:04:03.5757591Z   path: /home/runner/work/_temp/round4-receipts/
fast-j	Publish final evidence without toolchains or binaries	2026-10-08T06:04:03.5757756Z   retention-days: 1
fast-j	Publish final evidence without toolchains or binaries	2026-10-08T06:04:03.5757881Z   compression-level: 9
fast-j	Publish final evidence without toolchains or binaries	2026-10-08T06:04:03.5758014Z   if-no-files-found: ignore
fast-j	Publish final evidence without toolchains or binaries	2026-10-08T06:04:03.5758146Z   overwrite: false
fast-j	Publish final evidence without toolchains or binaries	2026-10-08T06:04:03.5758277Z   include-hidden-files: false
fast-j	Publish final evidence without toolchains or binaries	2026-10-08T06:04:03.5758414Z env:
fast-j	Publish final evidence without toolchains or binaries	2026-10-08T06:04:03.5758521Z   ROUND4_SPEC: fast-j
fast-j	Publish final evidence without toolchains or binaries	2026-10-08T06:04:03.5758653Z   ROUND4_SPEC_DIR: evidence/round11
fast-j	Publish final evidence without toolchains or binaries	2026-10-08T06:04:03.5758835Z   DEFLATE_ROOT: /home/runner/work/_temp/deflate-upstream
fast-j	Publish final evidence without toolchains or binaries	2026-10-08T06:04:03.5759070Z   ELAN_HOME: /home/runner/work/_temp/deflate-upstream/validator/.work/elan
fast-j	Publish final evidence without toolchains or binaries	2026-10-08T06:04:03.5759308Z   XDG_CACHE_HOME: /home/runner/work/_temp/deflate-cache
fast-j	Publish final evidence without toolchains or binaries	2026-10-08T06:04:03.5759507Z   UV_CACHE_DIR: /home/runner/work/_temp/deflate-cache/uv
fast-j	Publish final evidence without toolchains or binaries	2026-10-08T06:04:03.5759711Z   XDG_RUNTIME_DIR: /run/user/1001
fast-j	Publish final evidence without toolchains or binaries	2026-10-08T06:04:03.5759909Z   DBUS_SESSION_BUS_ADDRESS: unix:path=/run/user/1001/bus
fast-j	Publish final evidence without toolchains or binaries	2026-10-08T06:04:03.5760087Z   VERIFY_CORPUS: corpus-stage1
fast-j	Publish final evidence without toolchains or binaries	2026-10-08T06:04:03.5760231Z   VERIFY_SANDBOX: bwrap
fast-j	Publish final evidence without toolchains or binaries	2026-10-08T06:04:03.5760364Z   GIT_TERMINAL_PROMPT: 0
fast-j	Publish final evidence without toolchains or binaries	2026-10-08T06:04:03.5760490Z ##[endgroup]
fast-j	Publish final evidence without toolchains or binaries	2026-10-08T06:04:03.6831720Z (node:7227) [DEP0040] DeprecationWarning: The `punycode` module is deprecated. Please use a userland alternative instead.
fast-j	Publish final evidence without toolchains or binaries	2026-10-08T06:04:03.6832979Z (Use `node --trace-deprecation ...` to show where the warning was created)
fast-j	Publish final evidence without toolchains or binaries	2026-10-08T06:04:03.6905990Z With the provided path, there will be 46 files uploaded
fast-j	Publish final evidence without toolchains or binaries	2026-10-08T06:04:03.6910766Z Artifact name is valid!
fast-j	Publish final evidence without toolchains or binaries	2026-10-08T06:04:03.6911104Z Root directory input is valid!
fast-j	Publish final evidence without toolchains or binaries	2026-10-08T06:04:03.9541630Z Beginning upload of artifact content to blob storage
fast-j	Publish final evidence without toolchains or binaries	2026-10-08T06:04:04.3767021Z (node:7227) [DEP0169] DeprecationWarning: `url.parse()` behavior is not standardized and prone to errors that have security implications. Use the WHATWG URL API instead. CVEs are not issued for `url.parse()` vulnerabilities.
fast-j	Publish final evidence without toolchains or binaries	2026-10-08T06:04:04.7837262Z Uploaded bytes 1342237
fast-j	Publish final evidence without toolchains or binaries	2026-10-08T06:04:04.8259444Z Finished uploading artifact content to blob storage!
fast-j	Publish final evidence without toolchains or binaries	2026-10-08T06:04:04.8260169Z SHA256 digest of uploaded artifact zip is 6ada7cccd3c96acdba83963cd2e07970b636c0f664a8855c038336d9aaaf710d
fast-j	Publish final evidence without toolchains or binaries	2026-10-08T06:04:04.8261045Z Finalizing artifact upload
fast-j	Publish final evidence without toolchains or binaries	2026-10-08T06:04:05.0486794Z Artifact r11-37734806965-fast-j-gate.zip successfully finalized. Artifact ID 11531702104
fast-j	Publish final evidence without toolchains or binaries	2026-10-08T06:04:05.0487490Z Artifact r11-37734806965-fast-j-gate has been successfully uploaded! Final size is 1342237 bytes. Artifact ID is 11531702104
fast-j	Publish final evidence without toolchains or binaries	2026-10-08T06:04:05.0491896Z Artifact download URL: https://github.com/HuanHuanHuanFFF/Miner/actions/runs/37734806965/artifacts/11531702104
fast-j	Post Run actions/checkout@11d5960a326750d5838078e36cf38b85af677262	﻿2026-10-08T06:04:05.0654810Z Post job cleanup.
fast-j	Post Run actions/checkout@11d5960a326750d5838078e36cf38b85af677262	2026-10-08T06:04:05.1228270Z [command]/usr/bin/git version
fast-j	Post Run actions/checkout@11d5960a326750d5838078e36cf38b85af677262	2026-10-08T06:04:05.1265083Z git version 2.55.0
fast-j	Post Run actions/checkout@11d5960a326750d5838078e36cf38b85af677262	2026-10-08T06:04:05.1287963Z Temporarily overriding HOME='/home/runner/work/_temp/f2cf295e-8479-491a-8814-070365d157ba' before making global git config changes
fast-j	Post Run actions/checkout@11d5960a326750d5838078e36cf38b85af677262	2026-10-08T06:04:05.1288694Z Adding repository directory to the temporary git global config as a safe directory
fast-j	Post Run actions/checkout@11d5960a326750d5838078e36cf38b85af677262	2026-10-08T06:04:05.1291149Z [command]/usr/bin/git config --global --add safe.directory /home/runner/work/Miner/Miner
fast-j	Post Run actions/checkout@11d5960a326750d5838078e36cf38b85af677262	2026-10-08T06:04:05.1324948Z [command]/usr/bin/git config --local --name-only --get-regexp core\.sshCommand
fast-j	Post Run actions/checkout@11d5960a326750d5838078e36cf38b85af677262	2026-10-08T06:04:05.1354224Z [command]/usr/bin/git submodule foreach --recursive sh -c "git config --local --name-only --get-regexp 'core\.sshCommand' && git config --local --unset-all 'core.sshCommand' || :"
fast-j	Post Run actions/checkout@11d5960a326750d5838078e36cf38b85af677262	2026-10-08T06:04:05.1587790Z [command]/usr/bin/git config --local --name-only --get-regexp http\.https\:\/\/github\.com\/\.extraheader
fast-j	Post Run actions/checkout@11d5960a326750d5838078e36cf38b85af677262	2026-10-08T06:04:05.1611341Z [command]/usr/bin/git submodule foreach --recursive sh -c "git config --local --name-only --get-regexp 'http\.https\:\/\/github\.com\/\.extraheader' && git config --local --unset-all 'http.https://github.com/.extraheader' || :"
fast-j	Post Run actions/checkout@11d5960a326750d5838078e36cf38b85af677262	2026-10-08T06:04:05.1819139Z [command]/usr/bin/git config --local --name-only --get-regexp ^includeIf\.gitdir:
fast-j	Post Run actions/checkout@11d5960a326750d5838078e36cf38b85af677262	2026-10-08T06:04:05.1849406Z [command]/usr/bin/git submodule foreach --recursive git config --local --show-origin --name-only --get-regexp remote.origin.url
fast-j	Complete job	﻿2026-10-08T06:04:05.2143199Z Cleaning up orphan processes
fast-j	Complete job	2026-10-08T06:04:05.2368577Z ##[warning]Node.js 20 is deprecated. The following actions target Node.js 20 but are being forced to run on Node.js 24: actions/checkout@11d5960a326750d5838078e36cf38b85af677262, actions/upload-artifact@ea165f8d65b6e75b540449e92b4886f43607fa02. For more information see: https://github.blog/changelog/2025-09-19-deprecation-of-node-20-on-github-actions-runners/
