warning: type `Y_B_Params` should have an upper camel case name
    --> /home/runner/work/Miner/Miner/references/round13-public-514/parse.rs:1937:12
     |
1937 | pub struct Y_B_Params {
     |            ^^^^^^^^^^ help: convert the identifier to upper camel case: `YBParams`
     |
     = note: `#[warn(non_camel_case_types)]` (part of `#[warn(nonstandard_style)]`) on by default

warning: type `U118_Y_B_Params` should have an upper camel case name
    --> /home/runner/work/Miner/Miner/references/round13-public-514/parse.rs:4998:12
     |
4998 | pub struct U118_Y_B_Params {
     |            ^^^^^^^^^^^^^^^ help: convert the identifier to upper camel case: `U118YBParams`

warning: type `Y_B_Params` should have an upper camel case name
    --> /home/runner/work/Miner/Miner/references/round18-public-583/parse.rs:1940:12
     |
1940 | pub struct Y_B_Params {
     |            ^^^^^^^^^^ help: convert the identifier to upper camel case: `YBParams`

warning: type `U118_Y_B_Params` should have an upper camel case name
    --> /home/runner/work/Miner/Miner/references/round18-public-583/parse.rs:5001:12
     |
5001 | pub struct U118_Y_B_Params {
     |            ^^^^^^^^^^^^^^^ help: convert the identifier to upper camel case: `U118YBParams`

warning: type `Y_B_Params` should have an upper camel case name
   --> /home/runner/work/Miner/Miner/references/round18-public-584/parse.rs:612:12
    |
612 | pub struct Y_B_Params {
    |            ^^^^^^^^^^ help: convert the identifier to upper camel case: `YBParams`

warning: type `U118_Y_B_Params` should have an upper camel case name
    --> /home/runner/work/Miner/Miner/references/round18-public-584/parse.rs:1247:12
     |
1247 | pub struct U118_Y_B_Params {
     |            ^^^^^^^^^^^^^^^ help: convert the identifier to upper camel case: `U118YBParams`

warning: type `pr_Y_B_Params` should have an upper camel case name
    --> /home/runner/work/Miner/Miner/references/round18-public-584/parse.rs:3176:12
     |
3176 | pub struct pr_Y_B_Params {
     |            ^^^^^^^^^^^^^ help: convert the identifier to upper camel case: `PrYBParams`

warning: type `pr_U118_Y_B_Params` should have an upper camel case name
    --> /home/runner/work/Miner/Miner/references/round18-public-584/parse.rs:3240:12
     |
3240 | pub struct pr_U118_Y_B_Params {
     |            ^^^^^^^^^^^^^^^^^^ help: convert the identifier to upper camel case: `PrU118YBParams`

warning: type `dx1_Y_B_Params` should have an upper camel case name
    --> /home/runner/work/Miner/Miner/references/round18-public-584/parse.rs:3648:12
     |
3648 | pub struct dx1_Y_B_Params {
     |            ^^^^^^^^^^^^^^ help: convert the identifier to upper camel case: `Dx1YBParams`

warning: type `dx1_U118_Y_B_Params` should have an upper camel case name
    --> /home/runner/work/Miner/Miner/references/round18-public-584/parse.rs:4222:12
     |
4222 | pub struct dx1_U118_Y_B_Params {
     |            ^^^^^^^^^^^^^^^^^^^ help: convert the identifier to upper camel case: `Dx1U118YBParams`

warning: type `dx1_pr_Y_B_Params` should have an upper camel case name
    --> /home/runner/work/Miner/Miner/references/round18-public-584/parse.rs:4561:12
     |
4561 | pub struct dx1_pr_Y_B_Params {
     |            ^^^^^^^^^^^^^^^^^ help: convert the identifier to upper camel case: `Dx1PrYBParams`

warning: type `dx1_pr_U118_Y_B_Params` should have an upper camel case name
    --> /home/runner/work/Miner/Miner/references/round18-public-584/parse.rs:4625:12
     |
4625 | pub struct dx1_pr_U118_Y_B_Params {
     |            ^^^^^^^^^^^^^^^^^^^^^^ help: convert the identifier to upper camel case: `Dx1PrU118YBParams`

warning: unused attribute
     --> /home/runner/work/Miner/Miner/references/round18-public-576/parse.rs:12859:1
      |
12859 | #[inline(always)]
      | ^^^^^^^^^^^^^^^^^ help: remove this attribute
      |
note: attribute also specified here
     --> /home/runner/work/Miner/Miner/references/round18-public-576/parse.rs:12858:1
      |
12858 | #[inline(always)]
      | ^^^^^^^^^^^^^^^^^
      = warning: this was previously accepted by the compiler but is being phased out; it will become a hard error in a future release!
      = note: `#[warn(unused_attributes)]` (part of `#[warn(unused)]`) on by default

warning: unused attribute
     --> /home/runner/work/Miner/Miner/references/round18-public-576/parse.rs:12862:1
      |
12862 | #[inline(always)]
      | ^^^^^^^^^^^^^^^^^ help: remove this attribute
      |
note: attribute also specified here
     --> /home/runner/work/Miner/Miner/references/round18-public-576/parse.rs:12861:1
      |
12861 | #[inline(always)]
      | ^^^^^^^^^^^^^^^^^
      = warning: this was previously accepted by the compiler but is being phased out; it will become a hard error in a future release!

warning: unused attribute
     --> /home/runner/work/Miner/Miner/references/round18-public-576/parse.rs:12865:1
      |
12865 | #[inline(always)]
      | ^^^^^^^^^^^^^^^^^ help: remove this attribute
      |
note: attribute also specified here
     --> /home/runner/work/Miner/Miner/references/round18-public-576/parse.rs:12864:1
      |
12864 | #[inline(always)]
      | ^^^^^^^^^^^^^^^^^
      = warning: this was previously accepted by the compiler but is being phased out; it will become a hard error in a future release!

warning: unused attribute
     --> /home/runner/work/Miner/Miner/references/round18-public-576/parse.rs:12910:1
      |
12910 | #[inline(always)]
      | ^^^^^^^^^^^^^^^^^ help: remove this attribute
      |
note: attribute also specified here
     --> /home/runner/work/Miner/Miner/references/round18-public-576/parse.rs:12909:1
      |
12909 | #[inline(always)]
      | ^^^^^^^^^^^^^^^^^
      = warning: this was previously accepted by the compiler but is being phased out; it will become a hard error in a future release!

warning: unused attribute
     --> /home/runner/work/Miner/Miner/references/round18-public-576/parse.rs:12922:1
      |
12922 | #[inline(always)]
      | ^^^^^^^^^^^^^^^^^ help: remove this attribute
      |
note: attribute also specified here
     --> /home/runner/work/Miner/Miner/references/round18-public-576/parse.rs:12921:1
      |
12921 | #[inline(always)]
      | ^^^^^^^^^^^^^^^^^
      = warning: this was previously accepted by the compiler but is being phased out; it will become a hard error in a future release!

warning: unused attribute
     --> /home/runner/work/Miner/Miner/references/round18-public-576/parse.rs:12929:1
      |
12929 | #[inline(always)]
      | ^^^^^^^^^^^^^^^^^ help: remove this attribute
      |
note: attribute also specified here
     --> /home/runner/work/Miner/Miner/references/round18-public-576/parse.rs:12928:1
      |
12928 | #[inline(always)]
      | ^^^^^^^^^^^^^^^^^
      = warning: this was previously accepted by the compiler but is being phased out; it will become a hard error in a future release!

warning: unused attribute
     --> /home/runner/work/Miner/Miner/references/round18-public-579/parse.rs:12859:1
      |
12859 | #[inline(always)]
      | ^^^^^^^^^^^^^^^^^ help: remove this attribute
      |
note: attribute also specified here
     --> /home/runner/work/Miner/Miner/references/round18-public-579/parse.rs:12858:1
      |
12858 | #[inline(always)]
      | ^^^^^^^^^^^^^^^^^
      = warning: this was previously accepted by the compiler but is being phased out; it will become a hard error in a future release!

warning: unused attribute
     --> /home/runner/work/Miner/Miner/references/round18-public-579/parse.rs:12862:1
      |
12862 | #[inline(always)]
      | ^^^^^^^^^^^^^^^^^ help: remove this attribute
      |
note: attribute also specified here
     --> /home/runner/work/Miner/Miner/references/round18-public-579/parse.rs:12861:1
      |
12861 | #[inline(always)]
      | ^^^^^^^^^^^^^^^^^
      = warning: this was previously accepted by the compiler but is being phased out; it will become a hard error in a future release!

warning: unused attribute
     --> /home/runner/work/Miner/Miner/references/round18-public-579/parse.rs:12865:1
      |
12865 | #[inline(always)]
      | ^^^^^^^^^^^^^^^^^ help: remove this attribute
      |
note: attribute also specified here
     --> /home/runner/work/Miner/Miner/references/round18-public-579/parse.rs:12864:1
      |
12864 | #[inline(always)]
      | ^^^^^^^^^^^^^^^^^
      = warning: this was previously accepted by the compiler but is being phased out; it will become a hard error in a future release!

warning: unused attribute
     --> /home/runner/work/Miner/Miner/references/round18-public-579/parse.rs:12910:1
      |
12910 | #[inline(always)]
      | ^^^^^^^^^^^^^^^^^ help: remove this attribute
      |
note: attribute also specified here
     --> /home/runner/work/Miner/Miner/references/round18-public-579/parse.rs:12909:1
      |
12909 | #[inline(always)]
      | ^^^^^^^^^^^^^^^^^
      = warning: this was previously accepted by the compiler but is being phased out; it will become a hard error in a future release!

warning: unused attribute
     --> /home/runner/work/Miner/Miner/references/round18-public-579/parse.rs:12922:1
      |
12922 | #[inline(always)]
      | ^^^^^^^^^^^^^^^^^ help: remove this attribute
      |
note: attribute also specified here
     --> /home/runner/work/Miner/Miner/references/round18-public-579/parse.rs:12921:1
      |
12921 | #[inline(always)]
      | ^^^^^^^^^^^^^^^^^
      = warning: this was previously accepted by the compiler but is being phased out; it will become a hard error in a future release!

warning: unused attribute
     --> /home/runner/work/Miner/Miner/references/round18-public-579/parse.rs:12929:1
      |
12929 | #[inline(always)]
      | ^^^^^^^^^^^^^^^^^ help: remove this attribute
      |
note: attribute also specified here
     --> /home/runner/work/Miner/Miner/references/round18-public-579/parse.rs:12928:1
      |
12928 | #[inline(always)]
      | ^^^^^^^^^^^^^^^^^
      = warning: this was previously accepted by the compiler but is being phased out; it will become a hard error in a future release!

warning: unused attribute
    --> /home/runner/work/Miner/Miner/references/round18-public-584/parse.rs:2175:1
     |
2175 | #[inline(always)]
     | ^^^^^^^^^^^^^^^^^ help: remove this attribute
     |
note: attribute also specified here
    --> /home/runner/work/Miner/Miner/references/round18-public-584/parse.rs:2174:1
     |
2174 | #[inline(always)]
     | ^^^^^^^^^^^^^^^^^
     = warning: this was previously accepted by the compiler but is being phased out; it will become a hard error in a future release!

warning: unused attribute
    --> /home/runner/work/Miner/Miner/references/round18-public-584/parse.rs:2176:1
     |
2176 | #[inline(always)]
     | ^^^^^^^^^^^^^^^^^ help: remove this attribute
     |
note: attribute also specified here
    --> /home/runner/work/Miner/Miner/references/round18-public-584/parse.rs:2174:1
     |
2174 | #[inline(always)]
     | ^^^^^^^^^^^^^^^^^
     = warning: this was previously accepted by the compiler but is being phased out; it will become a hard error in a future release!

warning: unused attribute
    --> /home/runner/work/Miner/Miner/references/round18-public-584/parse.rs:2177:1
     |
2177 | #[inline(always)]
     | ^^^^^^^^^^^^^^^^^ help: remove this attribute
     |
note: attribute also specified here
    --> /home/runner/work/Miner/Miner/references/round18-public-584/parse.rs:2174:1
     |
2174 | #[inline(always)]
     | ^^^^^^^^^^^^^^^^^
     = warning: this was previously accepted by the compiler but is being phased out; it will become a hard error in a future release!

warning: unused variable: `olen`
    --> /home/runner/work/Miner/Miner/references/round13-public-514/parse.rs:1592:13
     |
1592 |         let olen = out.len();
     |             ^^^^ help: if this is intentional, prefix it with an underscore: `_olen`
     |
     = note: `#[warn(unused_variables)]` (part of `#[warn(unused)]`) on by default

warning: unused variable: `olen`
    --> /home/runner/work/Miner/Miner/references/round13-public-514/parse.rs:1593:13
     |
1593 |         let olen = out.len();
     |             ^^^^ help: if this is intentional, prefix it with an underscore: `_olen`

warning: unused variable: `olen`
    --> /home/runner/work/Miner/Miner/references/round13-public-514/parse.rs:1594:13
     |
1594 |         let olen = out.len();
     |             ^^^^ help: if this is intentional, prefix it with an underscore: `_olen`

warning: unused variable: `olen`
    --> /home/runner/work/Miner/Miner/references/round13-public-514/parse.rs:1700:13
     |
1700 |         let olen = out.len();
     |             ^^^^ help: if this is intentional, prefix it with an underscore: `_olen`

warning: unused variable: `olen`
    --> /home/runner/work/Miner/Miner/references/round13-public-514/parse.rs:1701:13
     |
1701 |         let olen = out.len();
     |             ^^^^ help: if this is intentional, prefix it with an underscore: `_olen`

warning: unused variable: `olen`
    --> /home/runner/work/Miner/Miner/references/round13-public-514/parse.rs:1702:13
     |
1702 |         let olen = out.len();
     |             ^^^^ help: if this is intentional, prefix it with an underscore: `_olen`

warning: unused variable: `mode`
    --> /home/runner/work/Miner/Miner/references/round18-public-576/parse.rs:2817:39
     |
2817 | pub fn Z183(input:&[u8],out:&mut[u32],mode:usize)->usize{Z179(input,out,0)}
     |                                       ^^^^ help: if this is intentional, prefix it with an underscore: `_mode`

warning: value assigned to `k` is never read
    --> /home/runner/work/Miner/Miner/references/round18-public-576/parse.rs:5845:29
     |
5845 |                 let mut k = k0;
     |                             ^^ this value is reassigned later and never used
...
5854 |                     k = Z200(s, c, p, k0, lim);
     |                     -------------------------- `k` is overwritten here before the previous value is read
     |
     = note: `#[warn(unused_assignments)]` (part of `#[warn(unused)]`) on by default

warning: unused variable: `cmode`
     --> /home/runner/work/Miner/Miner/references/round18-public-576/parse.rs:12613:9
      |
12613 |     let cmode = mode;
      |         ^^^^^ help: if this is intentional, prefix it with an underscore: `_cmode`

warning: unused variable: `kend`
     --> /home/runner/work/Miner/Miner/references/round18-public-576/parse.rs:12621:9
      |
12621 |     let kend = Z85[fc % 4].wrapping_add(fc.wrapping_mul(32));
      |         ^^^^ help: if this is intentional, prefix it with an underscore: `_kend`

warning: unused variable: `force`
     --> /home/runner/work/Miner/Miner/references/round18-public-576/parse.rs:12625:9
      |
12625 |     let force = high & Z357(Z469, 1) & Z377(n, Z112);
      |         ^^^^^ help: if this is intentional, prefix it with an underscore: `_force`

warning: unused variable: `ew`
     --> /home/runner/work/Miner/Miner/references/round18-public-576/parse.rs:12713:95
      |
12713 | pub fn Z362(mode: usize, fr: &mut [u32], tbl: &mut [u32], nb: usize, nbmax: usize, damp: u32, ew: u32) -> u64 {
      |                                                                                               ^^ help: if this is intentional, prefix it with an underscore: `_ew`

warning: unused variable: `items`
     --> /home/runner/work/Miner/Miner/references/round18-public-576/parse.rs:12835:126
      |
12835 | ...:&mut[u32],plan:&mut[u32],items:&[u32],istart:&[u32],nbmax:usize,chw:usize,lam:u32) {
      |                              ^^^^^ help: if this is intentional, prefix it with an underscore: `_items`

warning: unused variable: `istart`
     --> /home/runner/work/Miner/Miner/references/round18-public-576/parse.rs:12835:139
      |
12835 | ...n:&mut[u32],items:&[u32],istart:&[u32],nbmax:usize,chw:usize,lam:u32) {
      |                             ^^^^^^ help: if this is intentional, prefix it with an underscore: `_istart`

warning: unused variable: `chw`
     --> /home/runner/work/Miner/Miner/references/round18-public-576/parse.rs:12835:165
      |
12835 | ...],istart:&[u32],nbmax:usize,chw:usize,lam:u32) {
      |                                ^^^ help: if this is intentional, prefix it with an underscore: `_chw`

warning: unused variable: `lam`
     --> /home/runner/work/Miner/Miner/references/round18-public-576/parse.rs:12835:175
      |
12835 | ...[u32],nbmax:usize,chw:usize,lam:u32) {
      |                                ^^^ help: if this is intentional, prefix it with an underscore: `_lam`

warning: unused variable: `before`
     --> /home/runner/work/Miner/Miner/references/round18-public-576/parse.rs:13098:23
      |
13098 | while i>cut {i-=1;let before=a.wrapping_add(i)<seam;let lit=Z332(input,a.wrapping_add(i)) as u32;
      |                       ^^^^^^ help: if this is intentional, prefix it with an underscore: `_before`

warning: unused variable: `e`
     --> /home/runner/work/Miner/Miner/references/round18-public-576/parse.rs:13107:37
      |
13107 | pub fn SFprefix(input:&[u8],a:usize,e:usize,seam:usize,items:&[u32],starts:&[u32],ct:&[u32;1024],cut:usize,bend:&[u32;512],seed:&...
      |                                     ^ help: if this is intentional, prefix it with an underscore: `_e`

warning: unused variable: `mode`
    --> /home/runner/work/Miner/Miner/references/round18-public-579/parse.rs:2817:39
     |
2817 | pub fn Z183(input:&[u8],out:&mut[u32],mode:usize)->usize{Z179(input,out,0)}
     |                                       ^^^^ help: if this is intentional, prefix it with an underscore: `_mode`

warning: value assigned to `k` is never read
    --> /home/runner/work/Miner/Miner/references/round18-public-579/parse.rs:5845:29
     |
5845 |                 let mut k = k0;
     |                             ^^ this value is reassigned later and never used
...
5854 |                     k = Z200(s, c, p, k0, lim);
     |                     -------------------------- `k` is overwritten here before the previous value is read

warning: unused variable: `cmode`
     --> /home/runner/work/Miner/Miner/references/round18-public-579/parse.rs:12613:9
      |
12613 |     let cmode = mode;
      |         ^^^^^ help: if this is intentional, prefix it with an underscore: `_cmode`

warning: unused variable: `kend`
     --> /home/runner/work/Miner/Miner/references/round18-public-579/parse.rs:12621:9
      |
12621 |     let kend = Z85[fc % 4].wrapping_add(fc.wrapping_mul(32));
      |         ^^^^ help: if this is intentional, prefix it with an underscore: `_kend`

warning: unused variable: `force`
     --> /home/runner/work/Miner/Miner/references/round18-public-579/parse.rs:12625:9
      |
12625 |     let force = high & Z357(Z469, 1) & Z377(n, Z112);
      |         ^^^^^ help: if this is intentional, prefix it with an underscore: `_force`

warning: unused variable: `ew`
     --> /home/runner/work/Miner/Miner/references/round18-public-579/parse.rs:12713:95
      |
12713 | pub fn Z362(mode: usize, fr: &mut [u32], tbl: &mut [u32], nb: usize, nbmax: usize, damp: u32, ew: u32) -> u64 {
      |                                                                                               ^^ help: if this is intentional, prefix it with an underscore: `_ew`

warning: unused variable: `items`
     --> /home/runner/work/Miner/Miner/references/round18-public-579/parse.rs:12835:126
      |
12835 | ...:&mut[u32],plan:&mut[u32],items:&[u32],istart:&[u32],nbmax:usize,chw:usize,lam:u32) {
      |                              ^^^^^ help: if this is intentional, prefix it with an underscore: `_items`

warning: unused variable: `istart`
     --> /home/runner/work/Miner/Miner/references/round18-public-579/parse.rs:12835:139
      |
12835 | ...n:&mut[u32],items:&[u32],istart:&[u32],nbmax:usize,chw:usize,lam:u32) {
      |                             ^^^^^^ help: if this is intentional, prefix it with an underscore: `_istart`

warning: unused variable: `chw`
     --> /home/runner/work/Miner/Miner/references/round18-public-579/parse.rs:12835:165
      |
12835 | ...],istart:&[u32],nbmax:usize,chw:usize,lam:u32) {
      |                                ^^^ help: if this is intentional, prefix it with an underscore: `_chw`

warning: unused variable: `lam`
     --> /home/runner/work/Miner/Miner/references/round18-public-579/parse.rs:12835:175
      |
12835 | ...[u32],nbmax:usize,chw:usize,lam:u32) {
      |                                ^^^ help: if this is intentional, prefix it with an underscore: `_lam`

warning: unused variable: `olen`
    --> /home/runner/work/Miner/Miner/references/round18-public-583/parse.rs:1595:13
     |
1595 |         let olen = out.len();
     |             ^^^^ help: if this is intentional, prefix it with an underscore: `_olen`

warning: unused variable: `olen`
    --> /home/runner/work/Miner/Miner/references/round18-public-583/parse.rs:1596:13
     |
1596 |         let olen = out.len();
     |             ^^^^ help: if this is intentional, prefix it with an underscore: `_olen`

warning: unused variable: `olen`
    --> /home/runner/work/Miner/Miner/references/round18-public-583/parse.rs:1597:13
     |
1597 |         let olen = out.len();
     |             ^^^^ help: if this is intentional, prefix it with an underscore: `_olen`

warning: unused variable: `olen`
    --> /home/runner/work/Miner/Miner/references/round18-public-583/parse.rs:1703:13
     |
1703 |         let olen = out.len();
     |             ^^^^ help: if this is intentional, prefix it with an underscore: `_olen`

warning: unused variable: `olen`
    --> /home/runner/work/Miner/Miner/references/round18-public-583/parse.rs:1704:13
     |
1704 |         let olen = out.len();
     |             ^^^^ help: if this is intentional, prefix it with an underscore: `_olen`

warning: unused variable: `olen`
    --> /home/runner/work/Miner/Miner/references/round18-public-583/parse.rs:1705:13
     |
1705 |         let olen = out.len();
     |             ^^^^ help: if this is intentional, prefix it with an underscore: `_olen`

warning: unused variable: `m`
   --> /home/runner/work/Miner/Miner/references/round18-public-584/parse.rs:595:143
    |
595 | ...input: &[u8], out: &mut [u32], m: usize, pos0: usize, ntok0: usize) -> usize {
    |                                   ^ help: if this is intentional, prefix it with an underscore: `_m`

warning: unused variable: `s`
   --> /home/runner/work/Miner/Miner/references/round18-public-584/parse.rs:899:22
    |
899 | pub fn fx0_put_match(s: &[u8], out: &mut [u32], nt: usize, p: usize, d: usize, l: usize) -> (usize, usize) {out[nt]=((d-1)as u32).w...
    |                      ^ help: if this is intentional, prefix it with an underscore: `_s`

warning: unused variable: `s`
    --> /home/runner/work/Miner/Miner/references/round18-public-584/parse.rs:1523:21
     |
1523 | pub fn pc_put_match(s:&[u8],out:&mut[u32],nt:usize,p:usize,d:usize,l:usize)->(usize,usize){
     |                     ^ help: if this is intentional, prefix it with an underscore: `_s`

warning: unused variable: `s`
    --> /home/runner/work/Miner/Miner/references/round18-public-584/parse.rs:2064:47
     |
2064 | #[inline(always)] pub fn pc_put_match_wrapped(s:&[u8],out:&mut[u32],nt:usize,p:usize,d:usize,l:usize)->(usize,usize){
     |                                               ^ help: if this is intentional, prefix it with an underscore: `_s`

warning: unused variable: `s`
    --> /home/runner/work/Miner/Miner/references/round18-public-584/parse.rs:2398:21
     |
2398 | pub fn q4_put_match(s: &[u8], out: &mut [u32], nt: usize, p: usize, d: usize, l: usize) -> (usize, usize) {out[nt]=((d-1)as u32).w...
     |                     ^ help: if this is intentional, prefix it with an underscore: `_s`

warning: unused variable: `s`
    --> /home/runner/work/Miner/Miner/references/round18-public-584/parse.rs:3894:27
     |
3894 | pub fn dx1_u118_put_match(s: &[u8], out: &mut [u32], nt: usize, p: usize, d: usize, l: usize) -> (usize, usize) {out[nt]=((d-1)as ...
     |                           ^ help: if this is intentional, prefix it with an underscore: `_s`

warning: constant `u118_HB` should have an upper case name
    --> /home/runner/work/Miner/Miner/references/round13-public-514/parse.rs:3555:11
     |
3555 | pub const u118_HB: u32 = 16;
     |           ^^^^^^^ help: convert the identifier to upper case (notice the capitalization): `U118_HB`
     |
     = note: `#[warn(non_upper_case_globals)]` (part of `#[warn(nonstandard_style)]`) on by default

warning: constant `u118_HN` should have an upper case name
    --> /home/runner/work/Miner/Miner/references/round13-public-514/parse.rs:3556:11
     |
3556 | pub const u118_HN: usize = 65536;
     |           ^^^^^^^ help: convert the identifier to upper case (notice the capitalization): `U118_HN`

warning: constant `u118_WN` should have an upper case name
    --> /home/runner/work/Miner/Miner/references/round13-public-514/parse.rs:3557:11
     |
3557 | pub const u118_WN: usize = 32768;
     |           ^^^^^^^ help: convert the identifier to upper case (notice the capitalization): `U118_WN`

warning: constant `u118_SMALL` should have an upper case name
    --> /home/runner/work/Miner/Miner/references/round13-public-514/parse.rs:3559:11
     |
3559 | pub const u118_SMALL: usize = 65536;
     |           ^^^^^^^^^^ help: convert the identifier to upper case (notice the capitalization): `U118_SMALL`

warning: constant `u118_HS` should have an upper case name
    --> /home/runner/work/Miner/Miner/references/round13-public-514/parse.rs:3560:11
     |
3560 | pub const u118_HS: usize = 8192;
     |           ^^^^^^^ help: convert the identifier to upper case (notice the capitalization): `U118_HS`

warning: constant `u118_WS` should have an upper case name
    --> /home/runner/work/Miner/Miner/references/round13-public-514/parse.rs:3561:11
     |
3561 | pub const u118_WS: usize = 16384;
     |           ^^^^^^^ help: convert the identifier to upper case (notice the capitalization): `U118_WS`

warning: constant `u118_NICE` should have an upper case name
    --> /home/runner/work/Miner/Miner/references/round13-public-514/parse.rs:3562:11
     |
3562 | pub const u118_NICE: usize = 128;
     |           ^^^^^^^^^ help: convert the identifier to upper case (notice the capitalization): `U118_NICE`

warning: constant `u118_INS_MAX` should have an upper case name
    --> /home/runner/work/Miner/Miner/references/round13-public-514/parse.rs:3563:11
     |
3563 | pub const u118_INS_MAX: usize = 16;
     |           ^^^^^^^^^^^^ help: convert the identifier to upper case (notice the capitalization): `U118_INS_MAX`

warning: constant `u118_TAIL` should have an upper case name
    --> /home/runner/work/Miner/Miner/references/round13-public-514/parse.rs:3564:11
     |
3564 | pub const u118_TAIL: usize = 4;
     |           ^^^^^^^^^ help: convert the identifier to upper case (notice the capitalization): `U118_TAIL`

warning: constant `u118_STRIDE` should have an upper case name
    --> /home/runner/work/Miner/Miner/references/round13-public-514/parse.rs:3567:11
     |
3567 | pub const u118_STRIDE: usize = 4;
     |           ^^^^^^^^^^^ help: convert the identifier to upper case (notice the capitalization): `U118_STRIDE`

warning: constant `u118_BACKTOK` should have an upper case name
    --> /home/runner/work/Miner/Miner/references/round13-public-514/parse.rs:3568:11
     |
3568 | pub const u118_BACKTOK: usize = 16;
     |           ^^^^^^^^^^^^ help: convert the identifier to upper case (notice the capitalization): `U118_BACKTOK`

warning: constant `u118_LDEPTH` should have an upper case name
    --> /home/runner/work/Miner/Miner/references/round13-public-514/parse.rs:3569:11
     |
3569 | pub const u118_LDEPTH: usize = 1;
     |           ^^^^^^^^^^^ help: convert the identifier to upper case (notice the capitalization): `U118_LDEPTH`

warning: constant `u118_SAMPLE` should have an upper case name
    --> /home/runner/work/Miner/Miner/references/round13-public-514/parse.rs:3570:11
     |
3570 | pub const u118_SAMPLE: usize = 2048;
     |           ^^^^^^^^^^^ help: convert the identifier to upper case (notice the capitalization): `U118_SAMPLE`

warning: constant `u118_VERIFY` should have an upper case name
    --> /home/runner/work/Miner/Miner/references/round13-public-514/parse.rs:3571:11
     |
3571 | pub const u118_VERIFY: usize = 0;
     |           ^^^^^^^^^^^ help: convert the identifier to upper case (notice the capitalization): `U118_VERIFY`

warning: constant `u118_LSLACK` should have an upper case name
    --> /home/runner/work/Miner/Miner/references/round13-public-514/parse.rs:3575:11
     |
3575 | pub const u118_LSLACK: usize = 1;
     |           ^^^^^^^^^^^ help: convert the identifier to upper case (notice the capitalization): `U118_LSLACK`

warning: constant `u118_HLIT` should have an upper case name
    --> /home/runner/work/Miner/Miner/references/round13-public-514/parse.rs:3576:11
     |
3576 | pub const u118_HLIT: u32 = 64;
     |           ^^^^^^^^^ help: convert the identifier to upper case (notice the capitalization): `U118_HLIT`

warning: constant `u118_B_HLIT` should have an upper case name
    --> /home/runner/work/Miner/Miner/references/round13-public-514/parse.rs:3578:11
     |
3578 | pub const u118_B_HLIT: u32 = 64;
     |           ^^^^^^^^^^^ help: convert the identifier to upper case (notice the capitalization): `U118_B_HLIT`

warning: constant `u118_GBASE` should have an upper case name
    --> /home/runner/work/Miner/Miner/references/round13-public-514/parse.rs:3579:11
     |
3579 | pub const u118_GBASE: i32 = 168;
     |           ^^^^^^^^^^ help: convert the identifier to upper case (notice the capitalization): `U118_GBASE`

warning: constant `u118_T_DEPTH` should have an upper case name
    --> /home/runner/work/Miner/Miner/references/round13-public-514/parse.rs:3583:11
     |
3583 | pub const u118_T_DEPTH: usize = 4;
     |           ^^^^^^^^^^^^ help: convert the identifier to upper case (notice the capitalization): `U118_T_DEPTH`

warning: constant `u118_T_LAZY` should have an upper case name
    --> /home/runner/work/Miner/Miner/references/round13-public-514/parse.rs:3584:11
     |
3584 | pub const u118_T_LAZY: usize = 128;
     |           ^^^^^^^^^^^ help: convert the identifier to upper case (notice the capitalization): `U118_T_LAZY`

warning: constant `u118_T_SKIP` should have an upper case name
    --> /home/runner/work/Miner/Miner/references/round13-public-514/parse.rs:3585:11
     |
3585 | pub const u118_T_SKIP: usize = 5;
     |           ^^^^^^^^^^^ help: convert the identifier to upper case (notice the capitalization): `U118_T_SKIP`

warning: constant `u118_P_DEPTH` should have an upper case name
    --> /home/runner/work/Miner/Miner/references/round13-public-514/parse.rs:3586:11
     |
3586 | pub const u118_P_DEPTH: usize = 8;
     |           ^^^^^^^^^^^^ help: convert the identifier to upper case (notice the capitalization): `U118_P_DEPTH`

warning: constant `u118_P_LAZY` should have an upper case name
    --> /home/runner/work/Miner/Miner/references/round13-public-514/parse.rs:3587:11
     |
3587 | pub const u118_P_LAZY: usize = 258;
     |           ^^^^^^^^^^^ help: convert the identifier to upper case (notice the capitalization): `U118_P_LAZY`

warning: constant `u118_P_SKIP` should have an upper case name
    --> /home/runner/work/Miner/Miner/references/round13-public-514/parse.rs:3588:11
     |
3588 | pub const u118_P_SKIP: usize = 5;
     |           ^^^^^^^^^^^ help: convert the identifier to upper case (notice the capitalization): `U118_P_SKIP`

warning: constant `u118_H_DEPTH` should have an upper case name
    --> /home/runner/work/Miner/Miner/references/round13-public-514/parse.rs:3589:11
     |
3589 | pub const u118_H_DEPTH: usize = 1;
     |           ^^^^^^^^^^^^ help: convert the identifier to upper case (notice the capitalization): `U118_H_DEPTH`

warning: constant `u118_H_LAZY` should have an upper case name
    --> /home/runner/work/Miner/Miner/references/round13-public-514/parse.rs:3590:11
     |
3590 | pub const u118_H_LAZY: usize = 0;
     |           ^^^^^^^^^^^ help: convert the identifier to upper case (notice the capitalization): `U118_H_LAZY`

warning: constant `u118_H_SKIP` should have an upper case name
    --> /home/runner/work/Miner/Miner/references/round13-public-514/parse.rs:3591:11
     |
3591 | pub const u118_H_SKIP: usize = 2;
     |           ^^^^^^^^^^^ help: convert the identifier to upper case (notice the capitalization): `U118_H_SKIP`

warning: constant `u118_Z_DEPTH` should have an upper case name
    --> /home/runner/work/Miner/Miner/references/round13-public-514/parse.rs:3592:11
     |
3592 | pub const u118_Z_DEPTH: usize = 3;
     |           ^^^^^^^^^^^^ help: convert the identifier to upper case (notice the capitalization): `U118_Z_DEPTH`

warning: constant `u118_Z_SKIP` should have an upper case name
    --> /home/runner/work/Miner/Miner/references/round13-public-514/parse.rs:3593:11
     |
3593 | pub const u118_Z_SKIP: usize = 6;
     |           ^^^^^^^^^^^ help: convert the identifier to upper case (notice the capitalization): `U118_Z_SKIP`

warning: constant `u118_Z_CAP` should have an upper case name
    --> /home/runner/work/Miner/Miner/references/round13-public-514/parse.rs:3594:11
     |
3594 | pub const u118_Z_CAP: usize = 8;
     |           ^^^^^^^^^^ help: convert the identifier to upper case (notice the capitalization): `U118_Z_CAP`

warning: constant `u118_B_DEPTH` should have an upper case name
    --> /home/runner/work/Miner/Miner/references/round13-public-514/parse.rs:3595:11
     |
3595 | pub const u118_B_DEPTH: usize = 4;
     |           ^^^^^^^^^^^^ help: convert the identifier to upper case (notice the capitalization): `U118_B_DEPTH`

warning: constant `u118_B_LAZY` should have an upper case name
    --> /home/runner/work/Miner/Miner/references/round13-public-514/parse.rs:3596:11
     |
3596 | pub const u118_B_LAZY: usize = 258;
     |           ^^^^^^^^^^^ help: convert the identifier to upper case (notice the capitalization): `U118_B_LAZY`

warning: constant `u118_B_SKIP` should have an upper case name
    --> /home/runner/work/Miner/Miner/references/round13-public-514/parse.rs:3597:11
     |
3597 | pub const u118_B_SKIP: usize = 8;
     |           ^^^^^^^^^^^ help: convert the identifier to upper case (notice the capitalization): `U118_B_SKIP`

warning: constant `u118_SDIG` should have an upper case name
    --> /home/runner/work/Miner/Miner/references/round13-public-514/parse.rs:3600:11
     |
3600 | pub const u118_SDIG: u32 = 6;
     |           ^^^^^^^^^ help: convert the identifier to upper case (notice the capitalization): `U118_SDIG`

warning: constant `u118_S_DEPTH` should have an upper case name
    --> /home/runner/work/Miner/Miner/references/round13-public-514/parse.rs:3601:11
     |
3601 | pub const u118_S_DEPTH: usize = 1;
     |           ^^^^^^^^^^^^ help: convert the identifier to upper case (notice the capitalization): `U118_S_DEPTH`

warning: constant `u118_S_LDEPTH` should have an upper case name
    --> /home/runner/work/Miner/Miner/references/round13-public-514/parse.rs:3602:11
     |
3602 | pub const u118_S_LDEPTH: usize = 3;
     |           ^^^^^^^^^^^^^ help: convert the identifier to upper case (notice the capitalization): `U118_S_LDEPTH`

warning: constant `u118_S_LAZY` should have an upper case name
    --> /home/runner/work/Miner/Miner/references/round13-public-514/parse.rs:3603:11
     |
3603 | pub const u118_S_LAZY: usize = 258;
     |           ^^^^^^^^^^^ help: convert the identifier to upper case (notice the capitalization): `U118_S_LAZY`

warning: constant `u118_SKCAP` should have an upper case name
    --> /home/runner/work/Miner/Miner/references/round13-public-514/parse.rs:3605:11
     |
3605 | pub const u118_SKCAP: usize = 1000000;
     |           ^^^^^^^^^^ help: convert the identifier to upper case (notice the capitalization): `U118_SKCAP`

warning: constant `u118_P_NICE` should have an upper case name
    --> /home/runner/work/Miner/Miner/references/round13-public-514/parse.rs:3608:11
     |
3608 | pub const u118_P_NICE: usize = 258;
     |           ^^^^^^^^^^^ help: convert the identifier to upper case (notice the capitalization): `U118_P_NICE`

warning: constant `u118_S_NICE` should have an upper case name
    --> /home/runner/work/Miner/Miner/references/round13-public-514/parse.rs:3609:11
     |
3609 | pub const u118_S_NICE: usize = 258;
     |           ^^^^^^^^^^^ help: convert the identifier to upper case (notice the capitalization): `U118_S_NICE`

warning: constant `u118_H_NICE` should have an upper case name
    --> /home/runner/work/Miner/Miner/references/round13-public-514/parse.rs:3610:11
     |
3610 | pub const u118_H_NICE: usize = 32;
     |           ^^^^^^^^^^^ help: convert the identifier to upper case (notice the capitalization): `U118_H_NICE`

warning: constant `u118_Z_NICE` should have an upper case name
    --> /home/runner/work/Miner/Miner/references/round13-public-514/parse.rs:3611:11
     |
3611 | pub const u118_Z_NICE: usize = 32;
     |           ^^^^^^^^^^^ help: convert the identifier to upper case (notice the capitalization): `U118_Z_NICE`

warning: constant `u118_B_NICE` should have an upper case name
    --> /home/runner/work/Miner/Miner/references/round13-public-514/parse.rs:3612:11
     |
3612 | pub const u118_B_NICE: usize = 258;
     |           ^^^^^^^^^^^ help: convert the identifier to upper case (notice the capitalization): `U118_B_NICE`

warning: constant `u118_P_LDEPTH` should have an upper case name
    --> /home/runner/work/Miner/Miner/references/round13-public-514/parse.rs:3613:11
     |
3613 | pub const u118_P_LDEPTH: usize = 1;
     |           ^^^^^^^^^^^^^ help: convert the identifier to upper case (notice the capitalization): `U118_P_LDEPTH`

warning: constant `u118_H_LDEPTH` should have an upper case name
    --> /home/runner/work/Miner/Miner/references/round13-public-514/parse.rs:3614:11
     |
3614 | pub const u118_H_LDEPTH: usize = 1;
     |           ^^^^^^^^^^^^^ help: convert the identifier to upper case (notice the capitalization): `U118_H_LDEPTH`

warning: constant `u118_B_LDEPTH` should have an upper case name
    --> /home/runner/work/Miner/Miner/references/round13-public-514/parse.rs:3615:11
     |
3615 | pub const u118_B_LDEPTH: usize = 2;
     |           ^^^^^^^^^^^^^ help: convert the identifier to upper case (notice the capitalization): `U118_B_LDEPTH`

warning: constant `u118_P_INS` should have an upper case name
    --> /home/runner/work/Miner/Miner/references/round13-public-514/parse.rs:3616:11
     |
3616 | pub const u118_P_INS: usize = 258;
     |           ^^^^^^^^^^ help: convert the identifier to upper case (notice the capitalization): `U118_P_INS`

warning: constant `u118_S_INS` should have an upper case name
    --> /home/runner/work/Miner/Miner/references/round13-public-514/parse.rs:3617:11
     |
3617 | pub const u118_S_INS: usize = 8;
     |           ^^^^^^^^^^ help: convert the identifier to upper case (notice the capitalization): `U118_S_INS`

warning: constant `u118_B_INS` should have an upper case name
    --> /home/runner/work/Miner/Miner/references/round13-public-514/parse.rs:3618:11
     |
3618 | pub const u118_B_INS: usize = 12;
     |           ^^^^^^^^^^ help: convert the identifier to upper case (notice the capitalization): `U118_B_INS`

warning: constant `u118_H_INS` should have an upper case name
    --> /home/runner/work/Miner/Miner/references/round13-public-514/parse.rs:3619:11
     |
3619 | pub const u118_H_INS: usize = 12;
     |           ^^^^^^^^^^ help: convert the identifier to upper case (notice the capitalization): `U118_H_INS`

warning: constant `u118_P_STRIDE` should have an upper case name
    --> /home/runner/work/Miner/Miner/references/round13-public-514/parse.rs:3620:11
     |
3620 | pub const u118_P_STRIDE: usize = 1;
     |           ^^^^^^^^^^^^^ help: convert the identifier to upper case (notice the capitalization): `U118_P_STRIDE`

warning: constant `u118_S_STRIDE` should have an upper case name
    --> /home/runner/work/Miner/Miner/references/round13-public-514/parse.rs:3621:11
     |
3621 | pub const u118_S_STRIDE: usize = 8;
     |           ^^^^^^^^^^^^^ help: convert the identifier to upper case (notice the capitalization): `U118_S_STRIDE`

warning: constant `u118_B_STRIDE` should have an upper case name
    --> /home/runner/work/Miner/Miner/references/round13-public-514/parse.rs:3622:11
     |
3622 | pub const u118_B_STRIDE: usize = 32;
     |           ^^^^^^^^^^^^^ help: convert the identifier to upper case (notice the capitalization): `U118_B_STRIDE`

warning: constant `u118_LAZY2` should have an upper case name
    --> /home/runner/work/Miner/Miner/references/round13-public-514/parse.rs:3625:11
     |
3625 | pub const u118_LAZY2: usize = 0;
     |           ^^^^^^^^^^ help: convert the identifier to upper case (notice the capitalization): `U118_LAZY2`

warning: constant `u118_L2B` should have an upper case name
    --> /home/runner/work/Miner/Miner/references/round13-public-514/parse.rs:3626:11
     |
3626 | pub const u118_L2B: i32 = 40;
     |           ^^^^^^^^ help: convert the identifier to upper case: `U118_L2_B`

warning: constant `u118_L2DEPTH` should have an upper case name
    --> /home/runner/work/Miner/Miner/references/round13-public-514/parse.rs:3627:11
     |
3627 | pub const u118_L2DEPTH: usize = 1;
     |           ^^^^^^^^^^^^ help: convert the identifier to upper case: `U118_L2_DEPTH`

warning: constant `u118_MAIN_GM` should have an upper case name
    --> /home/runner/work/Miner/Miner/references/round13-public-514/parse.rs:3629:11
     |
3629 | pub const u118_MAIN_GM: usize = 0;
     |           ^^^^^^^^^^^^ help: convert the identifier to upper case (notice the capitalization): `U118_MAIN_GM`

warning: constant `u118_PARTIAL` should have an upper case name
    --> /home/runner/work/Miner/Miner/references/round13-public-514/parse.rs:3633:11
     |
3633 | pub const u118_PARTIAL: usize = 0;
     |           ^^^^^^^^^^^^ help: convert the identifier to upper case (notice the capitalization): `U118_PARTIAL`

warning: constant `u118_PDEPTH` should have an upper case name
    --> /home/runner/work/Miner/Miner/references/round13-public-514/parse.rs:3634:11
     |
3634 | pub const u118_PDEPTH: usize = 8;
     |           ^^^^^^^^^^^ help: convert the identifier to upper case (notice the capitalization): `U118_PDEPTH`

warning: constant `u118_FLAT_ON` should have an upper case name
    --> /home/runner/work/Miner/Miner/references/round13-public-514/parse.rs:3638:11
     |
3638 | pub const u118_FLAT_ON: usize = 1;
     |           ^^^^^^^^^^^^ help: convert the identifier to upper case (notice the capitalization): `U118_FLAT_ON`

warning: constant `u118_FLAT_DIV` should have an upper case name
    --> /home/runner/work/Miner/Miner/references/round13-public-514/parse.rs:3639:11
     |
3639 | pub const u118_FLAT_DIV: u32 = 16;
     |           ^^^^^^^^^^^^^ help: convert the identifier to upper case (notice the capitalization): `U118_FLAT_DIV`

warning: constant `u118_FLAT_SQ` should have an upper case name
    --> /home/runner/work/Miner/Miner/references/round13-public-514/parse.rs:3642:11
     |
3642 | pub const u118_FLAT_SQ: u64 = 256;
     |           ^^^^^^^^^^^^ help: convert the identifier to upper case (notice the capitalization): `U118_FLAT_SQ`

warning: constant `u118_F_DEPTH` should have an upper case name
    --> /home/runner/work/Miner/Miner/references/round13-public-514/parse.rs:3643:11
     |
3643 | pub const u118_F_DEPTH: usize = 8;
     |           ^^^^^^^^^^^^ help: convert the identifier to upper case (notice the capitalization): `U118_F_DEPTH`

warning: constant `u118_F_LAZY` should have an upper case name
    --> /home/runner/work/Miner/Miner/references/round13-public-514/parse.rs:3644:11
     |
3644 | pub const u118_F_LAZY: usize = 0;
     |           ^^^^^^^^^^^ help: convert the identifier to upper case (notice the capitalization): `U118_F_LAZY`

warning: constant `u118_F_LDEPTH` should have an upper case name
    --> /home/runner/work/Miner/Miner/references/round13-public-514/parse.rs:3645:11
     |
3645 | pub const u118_F_LDEPTH: usize = 2;
     |           ^^^^^^^^^^^^^ help: convert the identifier to upper case (notice the capitalization): `U118_F_LDEPTH`

warning: constant `u118_F_SKIP` should have an upper case name
    --> /home/runner/work/Miner/Miner/references/round13-public-514/parse.rs:3646:11
     |
3646 | pub const u118_F_SKIP: usize = 6;
     |           ^^^^^^^^^^^ help: convert the identifier to upper case (notice the capitalization): `U118_F_SKIP`

warning: constant `u118_H_STRIDE` should have an upper case name
    --> /home/runner/work/Miner/Miner/references/round13-public-514/parse.rs:3647:11
     |
3647 | pub const u118_H_STRIDE: usize = 32;
     |           ^^^^^^^^^^^^^ help: convert the identifier to upper case (notice the capitalization): `U118_H_STRIDE`

warning: constant `u118_D_ON` should have an upper case name
    --> /home/runner/work/Miner/Miner/references/round13-public-514/parse.rs:3717:11
     |
3717 | pub const u118_D_ON: usize = 1;
     |           ^^^^^^^^^ help: convert the identifier to upper case (notice the capitalization): `U118_D_ON`

warning: constant `u118_D_KEY` should have an upper case name
    --> /home/runner/work/Miner/Miner/references/round13-public-514/parse.rs:3718:11
     |
3718 | pub const u118_D_KEY: u32 = 8;
     |           ^^^^^^^^^^ help: convert the identifier to upper case (notice the capitalization): `U118_D_KEY`

warning: constant `u118_D_MINL` should have an upper case name
    --> /home/runner/work/Miner/Miner/references/round13-public-514/parse.rs:3719:11
     |
3719 | pub const u118_D_MINL: usize = 9;
     |           ^^^^^^^^^^^ help: convert the identifier to upper case (notice the capitalization): `U118_D_MINL`

warning: constant `u118_D_DEPTH` should have an upper case name
    --> /home/runner/work/Miner/Miner/references/round13-public-514/parse.rs:3720:11
     |
3720 | pub const u118_D_DEPTH: usize = 1;
     |           ^^^^^^^^^^^^ help: convert the identifier to upper case (notice the capitalization): `U118_D_DEPTH`

warning: constant `u118_D_LAZY` should have an upper case name
    --> /home/runner/work/Miner/Miner/references/round13-public-514/parse.rs:3721:11
     |
3721 | pub const u118_D_LAZY: usize = 0;
     |           ^^^^^^^^^^^ help: convert the identifier to upper case (notice the capitalization): `U118_D_LAZY`

warning: constant `u118_D_LDEPTH` should have an upper case name
    --> /home/runner/work/Miner/Miner/references/round13-public-514/parse.rs:3722:11
     |
3722 | pub const u118_D_LDEPTH: usize = 1;
     |           ^^^^^^^^^^^^^ help: convert the identifier to upper case (notice the capitalization): `U118_D_LDEPTH`

warning: constant `u118_D_SKIP` should have an upper case name
    --> /home/runner/work/Miner/Miner/references/round13-public-514/parse.rs:3723:11
     |
3723 | pub const u118_D_SKIP: usize = 8;
     |           ^^^^^^^^^^^ help: convert the identifier to upper case (notice the capitalization): `U118_D_SKIP`

warning: constant `u118_D_GM` should have an upper case name
    --> /home/runner/work/Miner/Miner/references/round13-public-514/parse.rs:3724:11
     |
3724 | pub const u118_D_GM: usize = 0;
     |           ^^^^^^^^^ help: convert the identifier to upper case (notice the capitalization): `U118_D_GM`

warning: constant `u118_O_R_SAMPLE` should have an upper case name
    --> /home/runner/work/Miner/Miner/references/round13-public-514/parse.rs:3764:11
     |
3764 | pub const u118_O_R_SAMPLE: usize = 512;
     |           ^^^^^^^^^^^^^^^ help: convert the identifier to upper case (notice the capitalization): `U118_O_R_SAMPLE`

warning: constant `u118_O_R_TINY` should have an upper case name
    --> /home/runner/work/Miner/Miner/references/round13-public-514/parse.rs:3766:11
     |
3766 | pub const u118_O_R_TINY: usize = 0;
     |           ^^^^^^^^^^^^^ help: convert the identifier to upper case (notice the capitalization): `U118_O_R_TINY`

warning: constant `u118_O_A_HSR` should have an upper case name
    --> /home/runner/work/Miner/Miner/references/round13-public-514/parse.rs:3831:11
     |
3831 | pub const u118_O_A_HSR: u64 = 48;
     |           ^^^^^^^^^^^^ help: convert the identifier to upper case (notice the capitalization): `U118_O_A_HSR`

warning: constant `u118_O_A_HM4` should have an upper case name
    --> /home/runner/work/Miner/Miner/references/round13-public-514/parse.rs:3832:11
     |
3832 | pub const u118_O_A_HM4: u64 = 0x7F4A7C1500000000;
     |           ^^^^^^^^^^^^ help: convert the identifier to upper case (notice the capitalization): `U118_O_A_HM4`

warning: constant `u118_O_A_MM4` should have an upper case name
    --> /home/runner/work/Miner/Miner/references/round13-public-514/parse.rs:3833:11
     |
3833 | pub const u118_O_A_MM4: u64 = 4294967295;
     |           ^^^^^^^^^^^^ help: convert the identifier to upper case (notice the capitalization): `U118_O_A_MM4`

warning: constant `u118_O_A_IH` should have an upper case name
    --> /home/runner/work/Miner/Miner/references/round13-public-514/parse.rs:3834:11
     |
3834 | pub const u118_O_A_IH: [usize; 8] = [2, 3, 8, 10, 8, 8, 12, 10];
     |           ^^^^^^^^^^^ help: convert the identifier to upper case (notice the capitalization): `U118_O_A_IH`

warning: constant `u118_O_A_IT` should have an upper case name
    --> /home/runner/work/Miner/Miner/references/round13-public-514/parse.rs:3835:11
     |
3835 | pub const u118_O_A_IT: [usize; 8] = [12, 12, 32, 256, 32, 32, 64, 256];
     |           ^^^^^^^^^^^ help: convert the identifier to upper case (notice the capitalization): `U118_O_A_IT`

warning: constant `u118_O_A_TS` should have an upper case name
    --> /home/runner/work/Miner/Miner/references/round13-public-514/parse.rs:3836:11
     |
3836 | pub const u118_O_A_TS: [usize; 8] = [12, 12, 8, 8, 8, 8, 8, 8];
     |           ^^^^^^^^^^^ help: convert the identifier to upper case (notice the capitalization): `U118_O_A_TS`

warning: constant `u118_O_A_TL` should have an upper case name
    --> /home/runner/work/Miner/Miner/references/round13-public-514/parse.rs:3837:11
     |
3837 | pub const u118_O_A_TL: usize = 0;
     |           ^^^^^^^^^^^ help: convert the identifier to upper case (notice the capitalization): `U118_O_A_TL`

warning: constant `u118_O_A_ACC` should have an upper case name
    --> /home/runner/work/Miner/Miner/references/round13-public-514/parse.rs:3838:11
     |
3838 | pub const u118_O_A_ACC: [u64; 8] = [4, 4, 4, 5, 4, 4, 5, 5];
     |           ^^^^^^^^^^^^ help: convert the identifier to upper case (notice the capitalization): `U118_O_A_ACC`

warning: constant `u118_O_A_AMAX` should have an upper case name
    --> /home/runner/work/Miner/Miner/references/round13-public-514/parse.rs:3839:11
     |
3839 | pub const u118_O_A_AMAX: usize = 64;
     |           ^^^^^^^^^^^^^ help: convert the identifier to upper case (notice the capitalization): `U118_O_A_AMAX`

warning: constant `u118_O_A_MINL` should have an upper case name
    --> /home/runner/work/Miner/Miner/references/round13-public-514/parse.rs:3840:11
     |
3840 | pub const u118_O_A_MINL: usize = 4;
     |           ^^^^^^^^^^^^^ help: convert the identifier to upper case (notice the capitalization): `U118_O_A_MINL`

warning: constant `u118_O_A_BEXT` should have an upper case name
    --> /home/runner/work/Miner/Miner/references/round13-public-514/parse.rs:3841:11
     |
3841 | pub const u118_O_A_BEXT: usize = 0;
     |           ^^^^^^^^^^^^^ help: convert the identifier to upper case (notice the capitalization): `U118_O_A_BEXT`

warning: constant `u118_O_A_BK` should have an upper case name
    --> /home/runner/work/Miner/Miner/references/round13-public-514/parse.rs:3842:11
     |
3842 | pub const u118_O_A_BK: usize = 64;
     |           ^^^^^^^^^^^ help: convert the identifier to upper case (notice the capitalization): `U118_O_A_BK`

warning: constant `u118_O_A_LZT` should have an upper case name
    --> /home/runner/work/Miner/Miner/references/round13-public-514/parse.rs:3843:11
     |
3843 | pub const u118_O_A_LZT: [usize; 8] = [0, 0, 0, 16, 8, 16, 16, 32];
     |           ^^^^^^^^^^^^ help: convert the identifier to upper case (notice the capitalization): `U118_O_A_LZT`

warning: constant `u118_O_A_LZM` should have an upper case name
    --> /home/runner/work/Miner/Miner/references/round13-public-514/parse.rs:3844:11
     |
3844 | pub const u118_O_A_LZM: usize = 2;
     |           ^^^^^^^^^^^^ help: convert the identifier to upper case (notice the capitalization): `U118_O_A_LZM`

warning: constant `u118_O_A_LZN` should have an upper case name
    --> /home/runner/work/Miner/Miner/references/round13-public-514/parse.rs:3845:11
     |
3845 | pub const u118_O_A_LZN: usize = 1;
     |           ^^^^^^^^^^^^ help: convert the identifier to upper case (notice the capitalization): `U118_O_A_LZN`

warning: constant `u118_O_A_SCL` should have an upper case name
    --> /home/runner/work/Miner/Miner/references/round13-public-514/parse.rs:3846:11
     |
3846 | pub const u118_O_A_SCL: usize = 0;
     |           ^^^^^^^^^^^^ help: convert the identifier to upper case (notice the capitalization): `U118_O_A_SCL`

warning: constant `u118_O_A_SLQ` should have an upper case name
    --> /home/runner/work/Miner/Miner/references/round13-public-514/parse.rs:3847:11
     |
3847 | pub const u118_O_A_SLQ: usize = 28;
     |           ^^^^^^^^^^^^ help: convert the identifier to upper case (notice the capitalization): `U118_O_A_SLQ`

warning: constant `u118_O_A_SC0` should have an upper case name
    --> /home/runner/work/Miner/Miner/references/round13-public-514/parse.rs:3848:11
     |
3848 | pub const u118_O_A_SC0: usize = 44;
     |           ^^^^^^^^^^^^ help: convert the identifier to upper case (notice the capitalization): `U118_O_A_SC0`

warning: constant `u118_O_A_SMODE` should have an upper case name
    --> /home/runner/work/Miner/Miner/references/round13-public-514/parse.rs:3849:11
     |
3849 | pub const u118_O_A_SMODE: usize = 1;
     |           ^^^^^^^^^^^^^^ help: convert the identifier to upper case (notice the capitalization): `U118_O_A_SMODE`

warning: constant `u118_O_A_GEN` should have an upper case name
    --> /home/runner/work/Miner/Miner/references/round13-public-514/parse.rs:3850:11
     |
3850 | pub const u118_O_A_GEN: usize = 0;
     |           ^^^^^^^^^^^^ help: convert the identifier to upper case (notice the capitalization): `U118_O_A_GEN`

warning: constant `u118_O_A_GTHR` should have an upper case name
    --> /home/runner/work/Miner/Miner/references/round13-public-514/parse.rs:3851:11
     |
3851 | pub const u118_O_A_GTHR: usize = 900;
     |           ^^^^^^^^^^^^^ help: convert the identifier to upper case (notice the capitalization): `U118_O_A_GTHR`

warning: constant `u118_O_A_HLZT` should have an upper case name
    --> /home/runner/work/Miner/Miner/references/round13-public-514/parse.rs:3852:11
     |
3852 | pub const u118_O_A_HLZT: usize = 0;
     |           ^^^^^^^^^^^^^ help: convert the identifier to upper case (notice the capitalization): `U118_O_A_HLZT`

warning: constant `u118_O_A_H3M` should have an upper case name
    --> /home/runner/work/Miner/Miner/references/round13-public-514/parse.rs:3853:11
     |
3853 | pub const u118_O_A_H3M: usize = 1;
     |           ^^^^^^^^^^^^ help: convert the identifier to upper case: `U118_O_A_H3_M`

warning: constant `u118_O_A_MAX3` should have an upper case name
    --> /home/runner/work/Miner/Miner/references/round13-public-514/parse.rs:3854:11
     |
3854 | pub const u118_O_A_MAX3: usize = 16384;
     |           ^^^^^^^^^^^^^ help: convert the identifier to upper case (notice the capitalization): `U118_O_A_MAX3`

warning: constant `u118_O_A_GMINL2` should have an upper case name
    --> /home/runner/work/Miner/Miner/references/round13-public-514/parse.rs:3855:11
     |
3855 | pub const u118_O_A_GMINL2: usize = 1000;
     |           ^^^^^^^^^^^^^^^ help: convert the identifier to upper case (notice the capitalization): `U118_O_A_GMINL2`

warning: constant `u118_O_A_CTLLO` should have an upper case name
    --> /home/runner/work/Miner/Miner/references/round13-public-514/parse.rs:3856:11
     |
3856 | pub const u118_O_A_CTLLO: usize = 100;
     |           ^^^^^^^^^^^^^^ help: convert the identifier to upper case (notice the capitalization): `U118_O_A_CTLLO`

warning: constant `u118_O_A_CTLHI` should have an upper case name
    --> /home/runner/work/Miner/Miner/references/round13-public-514/parse.rs:3857:11
     |
3857 | pub const u118_O_A_CTLHI: usize = 900;
     |           ^^^^^^^^^^^^^^ help: convert the identifier to upper case (notice the capitalization): `U118_O_A_CTLHI`

warning: constant `u118_O_A_HIMAX` should have an upper case name
    --> /home/runner/work/Miner/Miner/references/round13-public-514/parse.rs:3858:11
     |
3858 | pub const u118_O_A_HIMAX: usize = 300;
     |           ^^^^^^^^^^^^^^ help: convert the identifier to upper case (notice the capitalization): `U118_O_A_HIMAX`

warning: constant `u118_O_A_LZK` should have an upper case name
    --> /home/runner/work/Miner/Miner/references/round13-public-514/parse.rs:3859:11
     |
3859 | pub const u118_O_A_LZK: usize = 0;
     |           ^^^^^^^^^^^^ help: convert the identifier to upper case (notice the capitalization): `U118_O_A_LZK`

warning: constant `u118_O_A_SW2` should have an upper case name
    --> /home/runner/work/Miner/Miner/references/round13-public-514/parse.rs:3860:11
     |
3860 | pub const u118_O_A_SW2: usize = 0;
     |           ^^^^^^^^^^^^ help: convert the identifier to upper case (notice the capitalization): `U118_O_A_SW2`

warning: constant `u118_O_A_FL_DNA_THR` should have an upper case name
    --> /home/runner/work/Miner/Miner/references/round13-public-514/parse.rs:4027:11
     |
4027 | pub const u118_O_A_FL_DNA_THR: u32 = 64;
     |           ^^^^^^^^^^^^^^^^^^^ help: convert the identifier to upper case (notice the capitalization): `U118_O_A_FL_DNA_THR`

warning: constant `u118_O_A_FL_DNA_DEPTH` should have an upper case name
    --> /home/runner/work/Miner/Miner/references/round13-public-514/parse.rs:4028:11
     |
4028 | pub const u118_O_A_FL_DNA_DEPTH: usize = 64;
     |           ^^^^^^^^^^^^^^^^^^^^^ help: convert the identifier to upper case (notice the capitalization): `U118_O_A_FL_DNA_DEPTH`

warning: constant `u118_O_A_FL_DNA_M0` should have an upper case name
    --> /home/runner/work/Miner/Miner/references/round13-public-514/parse.rs:4029:11
     |
4029 | pub const u118_O_A_FL_DNA_M0: usize = 12;
     |           ^^^^^^^^^^^^^^^^^^ help: convert the identifier to upper case (notice the capitalization): `U118_O_A_FL_DNA_M0`

warning: constant `u118_O_A_FL_CMAX` should have an upper case name
    --> /home/runner/work/Miner/Miner/references/round13-public-514/parse.rs:4030:11
     |
4030 | pub const u118_O_A_FL_CMAX: u32 = 192;
     |           ^^^^^^^^^^^^^^^^ help: convert the identifier to upper case (notice the capitalization): `U118_O_A_FL_CMAX`

warning: constant `u118_O_A_FL_LOGF` should have an upper case name
    --> /home/runner/work/Miner/Miner/references/round13-public-514/parse.rs:4032:11
     |
4032 | pub const u118_O_A_FL_LOGF: [u32; 16] = [0, 1, 3, 4, 5, 6, 7, 8, 9, 10, 11, 12, 13, 14, 15, 15];
     |           ^^^^^^^^^^^^^^^^ help: convert the identifier to upper case (notice the capitalization): `U118_O_A_FL_LOGF`

warning: constant `u118_O_A_SMALLN` should have an upper case name
    --> /home/runner/work/Miner/Miner/references/round13-public-514/parse.rs:4134:11
     |
4134 | pub const u118_O_A_SMALLN: usize = 65536;
     |           ^^^^^^^^^^^^^^^ help: convert the identifier to upper case (notice the capitalization): `U118_O_A_SMALLN`

warning: constant `u118_O_A_FT_DEPTH` should have an upper case name
    --> /home/runner/work/Miner/Miner/references/round13-public-514/parse.rs:4135:11
     |
4135 | pub const u118_O_A_FT_DEPTH: usize = 4;
     |           ^^^^^^^^^^^^^^^^^ help: convert the identifier to upper case (notice the capitalization): `U118_O_A_FT_DEPTH`

warning: constant `u118_O_A_FT_DEPTH2` should have an upper case name
    --> /home/runner/work/Miner/Miner/references/round13-public-514/parse.rs:4136:11
     |
4136 | pub const u118_O_A_FT_DEPTH2: usize = 1;
     |           ^^^^^^^^^^^^^^^^^^ help: convert the identifier to upper case (notice the capitalization): `U118_O_A_FT_DEPTH2`

warning: constant `u118_O_A_FT_LAZY` should have an upper case name
    --> /home/runner/work/Miner/Miner/references/round13-public-514/parse.rs:4137:11
     |
4137 | pub const u118_O_A_FT_LAZY: usize = 259;
     |           ^^^^^^^^^^^^^^^^ help: convert the identifier to upper case (notice the capitalization): `U118_O_A_FT_LAZY`

warning: constant `u118_O_A_FT_NICE` should have an upper case name
    --> /home/runner/work/Miner/Miner/references/round13-public-514/parse.rs:4138:11
     |
4138 | pub const u118_O_A_FT_NICE: usize = 258;
     |           ^^^^^^^^^^^^^^^^ help: convert the identifier to upper case (notice the capitalization): `U118_O_A_FT_NICE`

warning: constant `u118_O_A_FT_IH` should have an upper case name
    --> /home/runner/work/Miner/Miner/references/round13-public-514/parse.rs:4139:11
     |
4139 | pub const u118_O_A_FT_IH: usize = 8;
     |           ^^^^^^^^^^^^^^ help: convert the identifier to upper case (notice the capitalization): `U118_O_A_FT_IH`

warning: constant `u118_O_A_FT_IT` should have an upper case name
    --> /home/runner/work/Miner/Miner/references/round13-public-514/parse.rs:4140:11
     |
4140 | pub const u118_O_A_FT_IT: usize = 8;
     |           ^^^^^^^^^^^^^^ help: convert the identifier to upper case (notice the capitalization): `U118_O_A_FT_IT`

warning: constant `u118_O_A_FT_ACC` should have an upper case name
    --> /home/runner/work/Miner/Miner/references/round13-public-514/parse.rs:4141:11
     |
4141 | pub const u118_O_A_FT_ACC: usize = 63;
     |           ^^^^^^^^^^^^^^^ help: convert the identifier to upper case (notice the capitalization): `U118_O_A_FT_ACC`

warning: constant `u118_O_A_FL_GOOD` should have an upper case name
    --> /home/runner/work/Miner/Miner/references/round13-public-514/parse.rs:4142:11
     |
4142 | pub const u118_O_A_FL_GOOD: usize = 8;
     |           ^^^^^^^^^^^^^^^^ help: convert the identifier to upper case (notice the capitalization): `U118_O_A_FL_GOOD`

warning: constant `u118_O_A_FL_LITQ` should have an upper case name
    --> /home/runner/work/Miner/Miner/references/round13-public-514/parse.rs:4143:11
     |
4143 | pub const u118_O_A_FL_LITQ: usize = 32;
     |           ^^^^^^^^^^^^^^^^ help: convert the identifier to upper case (notice the capitalization): `U118_O_A_FL_LITQ`

warning: constant `u118_O_A_FL_LADJ` should have an upper case name
    --> /home/runner/work/Miner/Miner/references/round13-public-514/parse.rs:4144:11
     |
4144 | pub const u118_O_A_FL_LADJ: usize = 4;
     |           ^^^^^^^^^^^^^^^^ help: convert the identifier to upper case (notice the capitalization): `U118_O_A_FL_LADJ`

warning: constant `u118_O_A_FL_HLOW` should have an upper case name
    --> /home/runner/work/Miner/Miner/references/round13-public-514/parse.rs:4145:11
     |
4145 | pub const u118_O_A_FL_HLOW: usize = 900;
     |           ^^^^^^^^^^^^^^^^ help: convert the identifier to upper case (notice the capitalization): `U118_O_A_FL_HLOW`

warning: constant `u118_O_A_FL_C0Q` should have an upper case name
    --> /home/runner/work/Miner/Miner/references/round13-public-514/parse.rs:4146:11
     |
4146 | pub const u118_O_A_FL_C0Q: usize = 44;
     |           ^^^^^^^^^^^^^^^ help: convert the identifier to upper case: `U118_O_A_FL_C0_Q`

warning: constant `u118_O_A_SH_L` should have an upper case name
    --> /home/runner/work/Miner/Miner/references/round13-public-514/parse.rs:4213:11
     |
4213 | pub const u118_O_A_SH_L: [u32; 8] = [128; 8];
     |           ^^^^^^^^^^^^^ help: convert the identifier to upper case (notice the capitalization): `U118_O_A_SH_L`

warning: constant `u118_O_A_SH_D` should have an upper case name
    --> /home/runner/work/Miner/Miner/references/round13-public-514/parse.rs:4214:11
     |
4214 | pub const u118_O_A_SH_D: [u32; 8] = [16; 8];
     |           ^^^^^^^^^^^^^ help: convert the identifier to upper case (notice the capitalization): `U118_O_A_SH_D`

warning: constant `u118_O_A_SH_BUDGET` should have an upper case name
    --> /home/runner/work/Miner/Miner/references/round13-public-514/parse.rs:4215:11
     |
4215 | pub const u118_O_A_SH_BUDGET: [usize; 8] = [96; 8];
     |           ^^^^^^^^^^^^^^^^^^ help: convert the identifier to upper case (notice the capitalization): `U118_O_A_SH_BUDGET`

warning: constant `u118_O_A_SH_DM` should have an upper case name
    --> /home/runner/work/Miner/Miner/references/round13-public-514/parse.rs:4216:11
     |
4216 | pub const u118_O_A_SH_DM: [u32; 8] = [16; 8];
     |           ^^^^^^^^^^^^^^ help: convert the identifier to upper case (notice the capitalization): `U118_O_A_SH_DM`

warning: constant `u118_O_A_HM3` should have an upper case name
    --> /home/runner/work/Miner/Miner/references/round13-public-514/parse.rs:4259:11
     |
4259 | pub const u118_O_A_HM3: u64 = 0x4A7C150000000000;
     |           ^^^^^^^^^^^^ help: convert the identifier to upper case (notice the capitalization): `U118_O_A_HM3`

warning: constant `u118_O_A_MINL3` should have an upper case name
    --> /home/runner/work/Miner/Miner/references/round13-public-514/parse.rs:4260:11
     |
4260 | pub const u118_O_A_MINL3: usize = 3;
     |           ^^^^^^^^^^^^^^ help: convert the identifier to upper case (notice the capitalization): `U118_O_A_MINL3`

warning: constant `u118_O_A_MM3` should have an upper case name
    --> /home/runner/work/Miner/Miner/references/round13-public-514/parse.rs:4261:11
     |
4261 | pub const u118_O_A_MM3: u64 = 16777215;
     |           ^^^^^^^^^^^^ help: convert the identifier to upper case (notice the capitalization): `U118_O_A_MM3`

warning: constant `u118_Y_R_SAMPLE` should have an upper case name
    --> /home/runner/work/Miner/Miner/references/round13-public-514/parse.rs:4409:11
     |
4409 | pub const u118_Y_R_SAMPLE: usize = 65536;
     |           ^^^^^^^^^^^^^^^ help: convert the identifier to upper case (notice the capitalization): `U118_Y_R_SAMPLE`

warning: constant `u118_Y_R_TINY` should have an upper case name
    --> /home/runner/work/Miner/Miner/references/round13-public-514/parse.rs:4411:11
     |
4411 | pub const u118_Y_R_TINY: usize = 0;
     |           ^^^^^^^^^^^^^ help: convert the identifier to upper case (notice the capitalization): `U118_Y_R_TINY`

warning: constant `u118_Y_A_IH` should have an upper case name
    --> /home/runner/work/Miner/Miner/references/round13-public-514/parse.rs:4469:11
     |
4469 | pub const u118_Y_A_IH: [usize; 8] = [8, 10, 10, 10, 10, 10, 10, 10];
     |           ^^^^^^^^^^^ help: convert the identifier to upper case (notice the capitalization): `U118_Y_A_IH`

warning: constant `u118_Y_A_IT` should have an upper case name
    --> /home/runner/work/Miner/Miner/references/round13-public-514/parse.rs:4470:11
     |
4470 | pub const u118_Y_A_IT: [usize; 8] = [32, 256, 256, 256, 256, 256, 256, 256];
     |           ^^^^^^^^^^^ help: convert the identifier to upper case (notice the capitalization): `U118_Y_A_IT`

warning: constant `u118_Y_A_TS` should have an upper case name
    --> /home/runner/work/Miner/Miner/references/round13-public-514/parse.rs:4471:11
     |
4471 | pub const u118_Y_A_TS: [usize; 8] = [8, 8, 8, 8, 8, 8, 8, 8];
     |           ^^^^^^^^^^^ help: convert the identifier to upper case (notice the capitalization): `U118_Y_A_TS`

warning: constant `u118_Y_A_ACC` should have an upper case name
    --> /home/runner/work/Miner/Miner/references/round13-public-514/parse.rs:4472:11
     |
4472 | pub const u118_Y_A_ACC: [u64; 8] = [4, 5, 5, 5, 5, 5, 5, 5];
     |           ^^^^^^^^^^^^ help: convert the identifier to upper case (notice the capitalization): `U118_Y_A_ACC`

warning: constant `u118_Y_A_LZT` should have an upper case name
    --> /home/runner/work/Miner/Miner/references/round13-public-514/parse.rs:4473:11
     |
4473 | pub const u118_Y_A_LZT: [usize; 8] = [0, 16, 32, 32, 32, 32, 32, 32];
     |           ^^^^^^^^^^^^ help: convert the identifier to upper case (notice the capitalization): `U118_Y_A_LZT`

warning: constant `u118_Y_B_LEX_BITS` should have an upper case name
    --> /home/runner/work/Miner/Miner/references/round13-public-514/parse.rs:4953:11
     |
4953 | pub const u118_Y_B_LEX_BITS: [u8; 512] = [0, 0, 0, 0, 0, 0, 0, 0, 0, 0, 0, 1, 1, 1, 1, 1, 1, 1, 1, 2, 2, 2, 2, 2, 2, 2, 2, 2, 2, 2...
     |           ^^^^^^^^^^^^^^^^^ help: convert the identifier to upper case (notice the capitalization): `U118_Y_B_LEX_BITS`

warning: constant `u118_Y_B_DEPTH` should have an upper case name
    --> /home/runner/work/Miner/Miner/references/round13-public-514/parse.rs:4955:11
     |
4955 | pub const u118_Y_B_DEPTH: [usize; 8] = [8, 2, 4, 4, 4, 4, 4, 4];
     |           ^^^^^^^^^^^^^^ help: convert the identifier to upper case (notice the capitalization): `U118_Y_B_DEPTH`

warning: constant `u118_Y_B_DEPTH2` should have an upper case name
    --> /home/runner/work/Miner/Miner/references/round13-public-514/parse.rs:4956:11
     |
4956 | pub const u118_Y_B_DEPTH2: [usize; 8] = [2, 1, 1, 1, 1, 1, 1, 1];
     |           ^^^^^^^^^^^^^^^ help: convert the identifier to upper case (notice the capitalization): `U118_Y_B_DEPTH2`

warning: constant `u118_Y_B_GOOD` should have an upper case name
    --> /home/runner/work/Miner/Miner/references/round13-public-514/parse.rs:4957:11
     |
4957 | pub const u118_Y_B_GOOD: usize = 3;
     |           ^^^^^^^^^^^^^ help: convert the identifier to upper case (notice the capitalization): `U118_Y_B_GOOD`

warning: constant `u118_Y_B_LAZY` should have an upper case name
    --> /home/runner/work/Miner/Miner/references/round13-public-514/parse.rs:4958:11
     |
4958 | pub const u118_Y_B_LAZY: [usize; 8] = [544, 544, 1056, 544, 544, 544, 544, 544];
     |           ^^^^^^^^^^^^^ help: convert the identifier to upper case (notice the capitalization): `U118_Y_B_LAZY`

warning: constant `u118_Y_B_NICE` should have an upper case name
    --> /home/runner/work/Miner/Miner/references/round13-public-514/parse.rs:4959:11
     |
4959 | pub const u118_Y_B_NICE: usize = 258;
     |           ^^^^^^^^^^^^^ help: convert the identifier to upper case (notice the capitalization): `U118_Y_B_NICE`

warning: constant `u118_Y_B_IH` should have an upper case name
    --> /home/runner/work/Miner/Miner/references/round13-public-514/parse.rs:4960:11
     |
4960 | pub const u118_Y_B_IH: usize = 258;
     |           ^^^^^^^^^^^ help: convert the identifier to upper case (notice the capitalization): `U118_Y_B_IH`

warning: constant `u118_Y_B_IT` should have an upper case name
    --> /home/runner/work/Miner/Miner/references/round13-public-514/parse.rs:4961:11
     |
4961 | pub const u118_Y_B_IT: usize = 64;
     |           ^^^^^^^^^^^ help: convert the identifier to upper case (notice the capitalization): `U118_Y_B_IT`

warning: constant `u118_Y_B_ACC` should have an upper case name
    --> /home/runner/work/Miner/Miner/references/round13-public-514/parse.rs:4962:11
     |
4962 | pub const u118_Y_B_ACC: [u64; 8] = [5, 5, 5, 5, 5, 5, 5, 5];
     |           ^^^^^^^^^^^^ help: convert the identifier to upper case (notice the capitalization): `U118_Y_B_ACC`

warning: constant `u118_Y_B_STEPMAX` should have an upper case name
    --> /home/runner/work/Miner/Miner/references/round13-public-514/parse.rs:4963:11
     |
4963 | pub const u118_Y_B_STEPMAX: [usize; 8] = [32, 32, 32, 32, 32, 32, 32, 32];
     |           ^^^^^^^^^^^^^^^^ help: convert the identifier to upper case (notice the capitalization): `U118_Y_B_STEPMAX`

warning: constant `u118_Y_B_LITQ` should have an upper case name
    --> /home/runner/work/Miner/Miner/references/round13-public-514/parse.rs:4964:11
     |
4964 | pub const u118_Y_B_LITQ: [usize; 8] = [28, 28, 28, 28, 28, 28, 28, 28];
     |           ^^^^^^^^^^^^^ help: convert the identifier to upper case (notice the capitalization): `U118_Y_B_LITQ`

warning: constant `u118_Y_B_LADJ` should have an upper case name
    --> /home/runner/work/Miner/Miner/references/round13-public-514/parse.rs:4965:11
     |
4965 | pub const u118_Y_B_LADJ: [usize; 8] = [2, 2, 2, 2, 2, 2, 2, 2];
     |           ^^^^^^^^^^^^^ help: convert the identifier to upper case (notice the capitalization): `U118_Y_B_LADJ`

warning: constant `u118_Y_B_HLOW` should have an upper case name
    --> /home/runner/work/Miner/Miner/references/round13-public-514/parse.rs:4966:11
     |
4966 | pub const u118_Y_B_HLOW: [usize; 8] = [900, 900, 900, 900, 900, 900, 900, 900];
     |           ^^^^^^^^^^^^^ help: convert the identifier to upper case (notice the capitalization): `U118_Y_B_HLOW`

warning: constant `u118_Y_B_HSL` should have an upper case name
    --> /home/runner/work/Miner/Miner/references/round13-public-514/parse.rs:4967:11
     |
4967 | pub const u118_Y_B_HSL: [u32; 8] = [0, 0, 0, 0, 0, 0, 0, 0];
     |           ^^^^^^^^^^^^ help: convert the identifier to upper case (notice the capitalization): `U118_Y_B_HSL`

warning: constant `u118_Y_B_ELO` should have an upper case name
    --> /home/runner/work/Miner/Miner/references/round13-public-514/parse.rs:4968:11
     |
4968 | pub const u118_Y_B_ELO: [usize; 8] = [400, 400, 400, 400, 400, 400, 400, 400];
     |           ^^^^^^^^^^^^ help: convert the identifier to upper case (notice the capitalization): `U118_Y_B_ELO`

warning: constant `u118_Y_B_H3HI` should have an upper case name
    --> /home/runner/work/Miner/Miner/references/round13-public-514/parse.rs:4969:11
     |
4969 | pub const u118_Y_B_H3HI: [usize; 8] = [100, 100, 100, 100, 100, 100, 100, 100];
     |           ^^^^^^^^^^^^^ help: convert the identifier to upper case: `U118_Y_B_H3_HI`

warning: constant `u118_Y_B_H3CTL` should have an upper case name
    --> /home/runner/work/Miner/Miner/references/round13-public-514/parse.rs:4970:11
     |
4970 | pub const u118_Y_B_H3CTL: [usize; 8] = [100, 100, 100, 100, 100, 100, 100, 100];
     |           ^^^^^^^^^^^^^^ help: convert the identifier to upper case: `U118_Y_B_H3_CTL`

warning: constant `u118_Y_B_H3E` should have an upper case name
    --> /home/runner/work/Miner/Miner/references/round13-public-514/parse.rs:4971:11
     |
4971 | pub const u118_Y_B_H3E: [usize; 8] = [1700, 1700, 1700, 1700, 1700, 1700, 1700, 1700];
     |           ^^^^^^^^^^^^ help: convert the identifier to upper case: `U118_Y_B_H3_E`

warning: constant `u118_Y_B_ACCL` should have an upper case name
    --> /home/runner/work/Miner/Miner/references/round13-public-514/parse.rs:4972:11
     |
4972 | pub const u118_Y_B_ACCL: [u64; 8] = [63, 63, 63, 63, 63, 63, 63, 63];
     |           ^^^^^^^^^^^^^ help: convert the identifier to upper case (notice the capitalization): `U118_Y_B_ACCL`

warning: constant `u118_Y_B_H3` should have an upper case name
    --> /home/runner/work/Miner/Miner/references/round13-public-514/parse.rs:4973:11
     |
4973 | pub const u118_Y_B_H3: [usize; 8] = [0; 8];
     |           ^^^^^^^^^^^ help: convert the identifier to upper case (notice the capitalization): `U118_Y_B_H3`

warning: constant `u118_Y_B_MAX3` should have an upper case name
    --> /home/runner/work/Miner/Miner/references/round13-public-514/parse.rs:4974:11
     |
4974 | pub const u118_Y_B_MAX3: usize = 4096;
     |           ^^^^^^^^^^^^^ help: convert the identifier to upper case (notice the capitalization): `U118_Y_B_MAX3`

warning: constant `u118_Y_B_H3INS` should have an upper case name
    --> /home/runner/work/Miner/Miner/references/round13-public-514/parse.rs:4975:11
     |
4975 | pub const u118_Y_B_H3INS: usize = 1;
     |           ^^^^^^^^^^^^^^ help: convert the identifier to upper case: `U118_Y_B_H3_INS`

warning: constant `u118_Y_B_C0Q` should have an upper case name
    --> /home/runner/work/Miner/Miner/references/round13-public-514/parse.rs:4976:11
     |
4976 | pub const u118_Y_B_C0Q: [usize; 8] = [44, 44, 44, 44, 44, 44, 44, 44];
     |           ^^^^^^^^^^^^ help: convert the identifier to upper case: `U118_Y_B_C0_Q`

warning: constant `u118_Y_B_C0L` should have an upper case name
    --> /home/runner/work/Miner/Miner/references/round13-public-514/parse.rs:4977:11
     |
4977 | pub const u118_Y_B_C0L: [usize; 8] = [44, 44, 44, 44, 44, 44, 44, 44];
     |           ^^^^^^^^^^^^ help: convert the identifier to upper case: `U118_Y_B_C0_L`

warning: constant `u118_Y_B_DEPTHL` should have an upper case name
    --> /home/runner/work/Miner/Miner/references/round13-public-514/parse.rs:4978:11
     |
4978 | pub const u118_Y_B_DEPTHL: [usize; 8] = [12, 12, 12, 12, 12, 12, 12, 12];
     |           ^^^^^^^^^^^^^^^ help: convert the identifier to upper case (notice the capitalization): `U118_Y_B_DEPTHL`

warning: constant `u118_Y_B_M3` should have an upper case name
    --> /home/runner/work/Miner/Miner/references/round13-public-514/parse.rs:4979:11
     |
4979 | pub const u118_Y_B_M3: [usize; 8] = [0, 0, 0, 0, 0, 0, 0, 0];
     |           ^^^^^^^^^^^ help: convert the identifier to upper case (notice the capitalization): `U118_Y_B_M3`

warning: constant `u118_Y_B_DEPTH3M` should have an upper case name
    --> /home/runner/work/Miner/Miner/references/round13-public-514/parse.rs:4980:11
     |
4980 | pub const u118_Y_B_DEPTH3M: [usize; 8] = [12, 12, 12, 12, 12, 12, 12, 12];
     |           ^^^^^^^^^^^^^^^^ help: convert the identifier to upper case: `U118_Y_B_DEPTH3_M`

warning: constant `u118_Y_B_M3E` should have an upper case name
    --> /home/runner/work/Miner/Miner/references/round13-public-514/parse.rs:4981:11
     |
4981 | pub const u118_Y_B_M3E: [usize; 8] = [1900, 1900, 1900, 1900, 1900, 1900, 1900, 1900];
     |           ^^^^^^^^^^^^ help: convert the identifier to upper case: `U118_Y_B_M3_E`

warning: constant `u118_Y_B_M3Z` should have an upper case name
    --> /home/runner/work/Miner/Miner/references/round13-public-514/parse.rs:4982:11
     |
4982 | pub const u118_Y_B_M3Z: [usize; 8] = [15, 15, 15, 15, 15, 15, 15, 15];
     |           ^^^^^^^^^^^^ help: convert the identifier to upper case: `U118_Y_B_M3_Z`

warning: constant `u118_Y_B_LZB` should have an upper case name
    --> /home/runner/work/Miner/Miner/references/round13-public-514/parse.rs:4983:11
     |
4983 | pub const u118_Y_B_LZB: usize = 0;
     |           ^^^^^^^^^^^^ help: convert the identifier to upper case (notice the capitalization): `U118_Y_B_LZB`

warning: constant `u118_Y_B_BONUS` should have an upper case name
    --> /home/runner/work/Miner/Miner/references/round13-public-514/parse.rs:4984:11
     |
4984 | pub const u118_Y_B_BONUS: usize = 0;
     |           ^^^^^^^^^^^^^^ help: convert the identifier to upper case (notice the capitalization): `U118_Y_B_BONUS`

warning: constant `u118_Y_B_EXT` should have an upper case name
    --> /home/runner/work/Miner/Miner/references/round13-public-514/parse.rs:4985:11
     |
4985 | pub const u118_Y_B_EXT: usize = 1;
     |           ^^^^^^^^^^^^ help: convert the identifier to upper case (notice the capitalization): `U118_Y_B_EXT`

warning: constant `u118_Y_B_DIGN` should have an upper case name
    --> /home/runner/work/Miner/Miner/references/round13-public-514/parse.rs:4986:11
     |
4986 | pub const u118_Y_B_DIGN: [usize; 8] = [200, 200, 200, 200, 200, 200, 200, 200];
     |           ^^^^^^^^^^^^^ help: convert the identifier to upper case (notice the capitalization): `U118_Y_B_DIGN`

warning: constant `u118_Y_B_DN` should have an upper case name
    --> /home/runner/work/Miner/Miner/references/round13-public-514/parse.rs:4987:11
     |
4987 | pub const u118_Y_B_DN: [usize; 8] = [4, 2, 4, 4, 4, 4, 4, 4];
     |           ^^^^^^^^^^^ help: convert the identifier to upper case (notice the capitalization): `U118_Y_B_DN`

warning: constant `u118_Y_B_P2N` should have an upper case name
    --> /home/runner/work/Miner/Miner/references/round13-public-514/parse.rs:4988:11
     |
4988 | pub const u118_Y_B_P2N: [usize; 8] = [2, 2, 2, 2, 2, 2, 2, 2];
     |           ^^^^^^^^^^^^ help: convert the identifier to upper case: `U118_Y_B_P2_N`

warning: constant `u118_Y_B_LQN` should have an upper case name
    --> /home/runner/work/Miner/Miner/references/round13-public-514/parse.rs:4989:11
     |
4989 | pub const u118_Y_B_LQN: [usize; 8] = [20, 20, 20, 20, 20, 20, 20, 20];
     |           ^^^^^^^^^^^^ help: convert the identifier to upper case (notice the capitalization): `U118_Y_B_LQN`

warning: constant `u118_Y_B_NBIG` should have an upper case name
    --> /home/runner/work/Miner/Miner/references/round13-public-514/parse.rs:4990:11
     |
4990 | pub const u118_Y_B_NBIG: [usize; 8] = [65536, 65536, 65536, 65536, 65536, 65536, 65536, 65536];
     |           ^^^^^^^^^^^^^ help: convert the identifier to upper case (notice the capitalization): `U118_Y_B_NBIG`

warning: constant `u118_Y_B_GOODL` should have an upper case name
    --> /home/runner/work/Miner/Miner/references/round13-public-514/parse.rs:4991:11
     |
4991 | pub const u118_Y_B_GOODL: usize = 258;
     |           ^^^^^^^^^^^^^^ help: convert the identifier to upper case (notice the capitalization): `U118_Y_B_GOODL`

warning: constant `u118_Y_B_P2G` should have an upper case name
    --> /home/runner/work/Miner/Miner/references/round13-public-514/parse.rs:4992:11
     |
4992 | pub const u118_Y_B_P2G: usize = 2;
     |           ^^^^^^^^^^^^ help: convert the identifier to upper case: `U118_Y_B_P2_G`

warning: constant `u118_Y_B_NSMALL` should have an upper case name
    --> /home/runner/work/Miner/Miner/references/round13-public-514/parse.rs:4993:11
     |
4993 | pub const u118_Y_B_NSMALL: [usize; 8] = [65536, 65536, 65536, 65536, 65536, 65536, 65536, 65536];
     |           ^^^^^^^^^^^^^^^ help: convert the identifier to upper case (notice the capitalization): `U118_Y_B_NSMALL`

warning: constant `u118_Y_B_BIAS` should have an upper case name
    --> /home/runner/work/Miner/Miner/references/round13-public-514/parse.rs:4994:11
     |
4994 | pub const u118_Y_B_BIAS: usize = 4096;
     |           ^^^^^^^^^^^^^ help: convert the identifier to upper case (notice the capitalization): `U118_Y_B_BIAS`

warning: constant `u118_Y_B_SUFFIX_DEPTH` should have an upper case name
    --> /home/runner/work/Miner/Miner/references/round13-public-514/parse.rs:5164:11
     |
5164 | pub const u118_Y_B_SUFFIX_DEPTH: usize = 6;
     |           ^^^^^^^^^^^^^^^^^^^^^ help: convert the identifier to upper case (notice the capitalization): `U118_Y_B_SUFFIX_DEPTH`

warning: constant `u118_Y_B_BACK_LIMIT` should have an upper case name
    --> /home/runner/work/Miner/Miner/references/round13-public-514/parse.rs:5224:11
     |
5224 | pub const u118_Y_B_BACK_LIMIT: usize = 2;
     |           ^^^^^^^^^^^^^^^^^^^ help: convert the identifier to upper case (notice the capitalization): `U118_Y_B_BACK_LIMIT`

warning: constant `u118_Y_B_BACK_MATCH` should have an upper case name
    --> /home/runner/work/Miner/Miner/references/round13-public-514/parse.rs:5225:11
     |
5225 | pub const u118_Y_B_BACK_MATCH: usize = 1;
     |           ^^^^^^^^^^^^^^^^^^^ help: convert the identifier to upper case (notice the capitalization): `U118_Y_B_BACK_MATCH`

warning: constant `u118_Y_B_FL_PMIN` should have an upper case name
    --> /home/runner/work/Miner/Miner/references/round13-public-514/parse.rs:5259:11
     |
5259 | pub const u118_Y_B_FL_PMIN: [usize; 8] = [65536, 65536, 65536, 65536, 65536, 65536, 65536, 65536];
     |           ^^^^^^^^^^^^^^^^ help: convert the identifier to upper case (notice the capitalization): `U118_Y_B_FL_PMIN`

warning: constant `u118_Y_B_FL_PNC` should have an upper case name
    --> /home/runner/work/Miner/Miner/references/round13-public-514/parse.rs:5260:11
     |
5260 | pub const u118_Y_B_FL_PNC: [usize; 8] = [16, 16, 16, 16, 16, 16, 16, 16];
     |           ^^^^^^^^^^^^^^^ help: convert the identifier to upper case (notice the capitalization): `U118_Y_B_FL_PNC`

warning: constant `u118_Y_B_FL_PCH` should have an upper case name
    --> /home/runner/work/Miner/Miner/references/round13-public-514/parse.rs:5261:11
     |
5261 | pub const u118_Y_B_FL_PCH: usize = 256;
     |           ^^^^^^^^^^^^^^^ help: convert the identifier to upper case (notice the capitalization): `U118_Y_B_FL_PCH`

warning: constant `u118_Y_B_FL_RLE_TOP` should have an upper case name
    --> /home/runner/work/Miner/Miner/references/round13-public-514/parse.rs:5262:11
     |
5262 | pub const u118_Y_B_FL_RLE_TOP: [usize; 8] = [192, 192, 192, 192, 192, 192, 192, 192];
     |           ^^^^^^^^^^^^^^^^^^^ help: convert the identifier to upper case (notice the capitalization): `U118_Y_B_FL_RLE_TOP`

warning: constant `u118_Y_B_FL_DNA_THR` should have an upper case name
    --> /home/runner/work/Miner/Miner/references/round13-public-514/parse.rs:5263:11
     |
5263 | pub const u118_Y_B_FL_DNA_THR: u32 = 64;
     |           ^^^^^^^^^^^^^^^^^^^ help: convert the identifier to upper case (notice the capitalization): `U118_Y_B_FL_DNA_THR`

warning: constant `u118_Y_B_FL_DNA_DEPTH` should have an upper case name
    --> /home/runner/work/Miner/Miner/references/round13-public-514/parse.rs:5264:11
     |
5264 | pub const u118_Y_B_FL_DNA_DEPTH: usize = 64;
     |           ^^^^^^^^^^^^^^^^^^^^^ help: convert the identifier to upper case (notice the capitalization): `U118_Y_B_FL_DNA_DEPTH`

warning: constant `u118_Y_B_FL_DNA_M0` should have an upper case name
    --> /home/runner/work/Miner/Miner/references/round13-public-514/parse.rs:5265:11
     |
5265 | pub const u118_Y_B_FL_DNA_M0: usize = 12;
     |           ^^^^^^^^^^^^^^^^^^ help: convert the identifier to upper case (notice the capitalization): `U118_Y_B_FL_DNA_M0`

warning: constant `u118_Y_B_FL_CMAX` should have an upper case name
    --> /home/runner/work/Miner/Miner/references/round13-public-514/parse.rs:5266:11
     |
5266 | pub const u118_Y_B_FL_CMAX: u32 = 192;
     |           ^^^^^^^^^^^^^^^^ help: convert the identifier to upper case (notice the capitalization): `U118_Y_B_FL_CMAX`

warning: constant `u118_Y_B_FL_HIGH` should have an upper case name
    --> /home/runner/work/Miner/Miner/references/round13-public-514/parse.rs:5267:11
     |
5267 | pub const u118_Y_B_FL_HIGH: [usize; 8] = [104, 104, 104, 104, 104, 104, 104, 104];
     |           ^^^^^^^^^^^^^^^^ help: convert the identifier to upper case (notice the capitalization): `U118_Y_B_FL_HIGH`

warning: constant `u118_Y_B_FL_DBZ` should have an upper case name
    --> /home/runner/work/Miner/Miner/references/round13-public-514/parse.rs:5268:11
     |
5268 | pub const u118_Y_B_FL_DBZ: [usize; 8] = [8, 8, 8, 8, 8, 8, 8, 8];
     |           ^^^^^^^^^^^^^^^ help: convert the identifier to upper case (notice the capitalization): `U118_Y_B_FL_DBZ`

warning: constant `u118_Y_B_FL_DBNP` should have an upper case name
    --> /home/runner/work/Miner/Miner/references/round13-public-514/parse.rs:5269:11
     |
5269 | pub const u118_Y_B_FL_DBNP: [usize; 8] = [110, 110, 110, 110, 110, 110, 110, 110];
     |           ^^^^^^^^^^^^^^^^ help: convert the identifier to upper case (notice the capitalization): `U118_Y_B_FL_DBNP`

warning: constant `u118_Y_B_FL_USE_T` should have an upper case name
    --> /home/runner/work/Miner/Miner/references/round13-public-514/parse.rs:5270:11
     |
5270 | pub const u118_Y_B_FL_USE_T: [usize; 8] = [1, 1, 1, 1, 1, 1, 1, 1];
     |           ^^^^^^^^^^^^^^^^^ help: convert the identifier to upper case (notice the capitalization): `U118_Y_B_FL_USE_T`

warning: constant `u118_Y_B_FL_USE_D` should have an upper case name
    --> /home/runner/work/Miner/Miner/references/round13-public-514/parse.rs:5271:11
     |
5271 | pub const u118_Y_B_FL_USE_D: [usize; 8] = [0, 0, 0, 0, 0, 0, 0, 0];
     |           ^^^^^^^^^^^^^^^^^ help: convert the identifier to upper case (notice the capitalization): `U118_Y_B_FL_USE_D`

warning: constant `u118_Y_B_FL_USE_H` should have an upper case name
    --> /home/runner/work/Miner/Miner/references/round13-public-514/parse.rs:5272:11
     |
5272 | pub const u118_Y_B_FL_USE_H: [usize; 8] = [0, 0, 0, 0, 0, 0, 0, 0];
     |           ^^^^^^^^^^^^^^^^^ help: convert the identifier to upper case (notice the capitalization): `U118_Y_B_FL_USE_H`

warning: constant `u118_Y_B_FL_USE_LIT` should have an upper case name
    --> /home/runner/work/Miner/Miner/references/round13-public-514/parse.rs:5273:11
     |
5273 | pub const u118_Y_B_FL_USE_LIT: [usize; 8] = [1, 1, 1, 1, 1, 1, 1, 1];
     |           ^^^^^^^^^^^^^^^^^^^ help: convert the identifier to upper case (notice the capitalization): `U118_Y_B_FL_USE_LIT`

warning: constant `u118_Y_B_FT_DEPTH` should have an upper case name
    --> /home/runner/work/Miner/Miner/references/round13-public-514/parse.rs:5275:11
     |
5275 | pub const u118_Y_B_FT_DEPTH: [usize; 8] = [16, 16, 16, 16, 16, 16, 16, 16];
     |           ^^^^^^^^^^^^^^^^^ help: convert the identifier to upper case (notice the capitalization): `U118_Y_B_FT_DEPTH`

warning: constant `u118_Y_B_FT_DEPTH2` should have an upper case name
    --> /home/runner/work/Miner/Miner/references/round13-public-514/parse.rs:5276:11
     |
5276 | pub const u118_Y_B_FT_DEPTH2: [usize; 8] = [2, 2, 2, 2, 2, 2, 2, 2];
     |           ^^^^^^^^^^^^^^^^^^ help: convert the identifier to upper case (notice the capitalization): `U118_Y_B_FT_DEPTH2`

warning: constant `u118_Y_B_FT_LAZY` should have an upper case name
    --> /home/runner/work/Miner/Miner/references/round13-public-514/parse.rs:5277:11
     |
5277 | pub const u118_Y_B_FT_LAZY: [usize; 8] = [259, 259, 259, 259, 259, 259, 259, 259];
     |           ^^^^^^^^^^^^^^^^ help: convert the identifier to upper case (notice the capitalization): `U118_Y_B_FT_LAZY`

warning: constant `u118_Y_B_FT_NICE` should have an upper case name
    --> /home/runner/work/Miner/Miner/references/round13-public-514/parse.rs:5278:11
     |
5278 | pub const u118_Y_B_FT_NICE: [usize; 8] = [258, 258, 258, 258, 258, 258, 258, 258];
     |           ^^^^^^^^^^^^^^^^ help: convert the identifier to upper case (notice the capitalization): `U118_Y_B_FT_NICE`

warning: constant `u118_Y_B_FT_IH` should have an upper case name
    --> /home/runner/work/Miner/Miner/references/round13-public-514/parse.rs:5279:11
     |
5279 | pub const u118_Y_B_FT_IH: [usize; 8] = [64, 64, 64, 64, 64, 64, 64, 64];
     |           ^^^^^^^^^^^^^^ help: convert the identifier to upper case (notice the capitalization): `U118_Y_B_FT_IH`

warning: constant `u118_Y_B_FT_IT` should have an upper case name
    --> /home/runner/work/Miner/Miner/references/round13-public-514/parse.rs:5280:11
     |
5280 | pub const u118_Y_B_FT_IT: [usize; 8] = [16, 16, 16, 16, 16, 16, 16, 16];
     |           ^^^^^^^^^^^^^^ help: convert the identifier to upper case (notice the capitalization): `U118_Y_B_FT_IT`

warning: constant `u118_Y_B_FT_ACC` should have an upper case name
    --> /home/runner/work/Miner/Miner/references/round13-public-514/parse.rs:5281:11
     |
5281 | pub const u118_Y_B_FT_ACC: [usize; 8] = [63, 63, 63, 63, 63, 63, 63, 63];
     |           ^^^^^^^^^^^^^^^ help: convert the identifier to upper case (notice the capitalization): `U118_Y_B_FT_ACC`

warning: constant `u118_Y_B_FD_DEPTH` should have an upper case name
    --> /home/runner/work/Miner/Miner/references/round13-public-514/parse.rs:5282:11
     |
5282 | pub const u118_Y_B_FD_DEPTH: [usize; 8] = [12, 12, 12, 12, 12, 12, 12, 12];
     |           ^^^^^^^^^^^^^^^^^ help: convert the identifier to upper case (notice the capitalization): `U118_Y_B_FD_DEPTH`

warning: constant `u118_Y_B_FD_DEPTH2` should have an upper case name
    --> /home/runner/work/Miner/Miner/references/round13-public-514/parse.rs:5283:11
     |
5283 | pub const u118_Y_B_FD_DEPTH2: [usize; 8] = [2, 2, 2, 2, 2, 2, 2, 2];
     |           ^^^^^^^^^^^^^^^^^^ help: convert the identifier to upper case (notice the capitalization): `U118_Y_B_FD_DEPTH2`

warning: constant `u118_Y_B_FD_LAZY` should have an upper case name
    --> /home/runner/work/Miner/Miner/references/round13-public-514/parse.rs:5284:11
     |
5284 | pub const u118_Y_B_FD_LAZY: [usize; 8] = [259, 259, 259, 259, 259, 259, 259, 259];
     |           ^^^^^^^^^^^^^^^^ help: convert the identifier to upper case (notice the capitalization): `U118_Y_B_FD_LAZY`

warning: constant `u118_Y_B_FD_NICE` should have an upper case name
    --> /home/runner/work/Miner/Miner/references/round13-public-514/parse.rs:5285:11
     |
5285 | pub const u118_Y_B_FD_NICE: [usize; 8] = [258, 258, 258, 258, 258, 258, 258, 258];
     |           ^^^^^^^^^^^^^^^^ help: convert the identifier to upper case (notice the capitalization): `U118_Y_B_FD_NICE`

warning: constant `u118_Y_B_FD_IH` should have an upper case name
    --> /home/runner/work/Miner/Miner/references/round13-public-514/parse.rs:5286:11
     |
5286 | pub const u118_Y_B_FD_IH: [usize; 8] = [64, 64, 64, 64, 64, 64, 64, 64];
     |           ^^^^^^^^^^^^^^ help: convert the identifier to upper case (notice the capitalization): `U118_Y_B_FD_IH`

warning: constant `u118_Y_B_FD_IT` should have an upper case name
    --> /home/runner/work/Miner/Miner/references/round13-public-514/parse.rs:5287:11
     |
5287 | pub const u118_Y_B_FD_IT: [usize; 8] = [16, 16, 16, 16, 16, 16, 16, 16];
     |           ^^^^^^^^^^^^^^ help: convert the identifier to upper case (notice the capitalization): `U118_Y_B_FD_IT`

warning: constant `u118_Y_B_FD_ACC` should have an upper case name
    --> /home/runner/work/Miner/Miner/references/round13-public-514/parse.rs:5288:11
     |
5288 | pub const u118_Y_B_FD_ACC: [usize; 8] = [63, 63, 63, 63, 63, 63, 63, 63];
     |           ^^^^^^^^^^^^^^^ help: convert the identifier to upper case (notice the capitalization): `U118_Y_B_FD_ACC`

warning: constant `u118_Y_B_FH_DEPTH` should have an upper case name
    --> /home/runner/work/Miner/Miner/references/round13-public-514/parse.rs:5289:11
     |
5289 | pub const u118_Y_B_FH_DEPTH: [usize; 8] = [6, 6, 6, 6, 6, 6, 6, 6];
     |           ^^^^^^^^^^^^^^^^^ help: convert the identifier to upper case (notice the capitalization): `U118_Y_B_FH_DEPTH`

warning: constant `u118_Y_B_FH_DEPTH2` should have an upper case name
    --> /home/runner/work/Miner/Miner/references/round13-public-514/parse.rs:5290:11
     |
5290 | pub const u118_Y_B_FH_DEPTH2: [usize; 8] = [2, 2, 2, 2, 2, 2, 2, 2];
     |           ^^^^^^^^^^^^^^^^^^ help: convert the identifier to upper case (notice the capitalization): `U118_Y_B_FH_DEPTH2`

warning: constant `u118_Y_B_FH_LAZY` should have an upper case name
    --> /home/runner/work/Miner/Miner/references/round13-public-514/parse.rs:5291:11
     |
5291 | pub const u118_Y_B_FH_LAZY: [usize; 8] = [32, 32, 32, 32, 32, 32, 32, 32];
     |           ^^^^^^^^^^^^^^^^ help: convert the identifier to upper case (notice the capitalization): `U118_Y_B_FH_LAZY`

warning: constant `u118_Y_B_FH_NICE` should have an upper case name
    --> /home/runner/work/Miner/Miner/references/round13-public-514/parse.rs:5292:11
     |
5292 | pub const u118_Y_B_FH_NICE: [usize; 8] = [64, 64, 64, 64, 64, 64, 64, 64];
     |           ^^^^^^^^^^^^^^^^ help: convert the identifier to upper case (notice the capitalization): `U118_Y_B_FH_NICE`

warning: constant `u118_Y_B_FH_IH` should have an upper case name
    --> /home/runner/work/Miner/Miner/references/round13-public-514/parse.rs:5293:11
     |
5293 | pub const u118_Y_B_FH_IH: [usize; 8] = [64, 64, 64, 64, 64, 64, 64, 64];
     |           ^^^^^^^^^^^^^^ help: convert the identifier to upper case (notice the capitalization): `U118_Y_B_FH_IH`

warning: constant `u118_Y_B_FH_IT` should have an upper case name
    --> /home/runner/work/Miner/Miner/references/round13-public-514/parse.rs:5294:11
     |
5294 | pub const u118_Y_B_FH_IT: [usize; 8] = [16, 16, 16, 16, 16, 16, 16, 16];
     |           ^^^^^^^^^^^^^^ help: convert the identifier to upper case (notice the capitalization): `U118_Y_B_FH_IT`

warning: constant `u118_Y_B_FH_ACC` should have an upper case name
    --> /home/runner/work/Miner/Miner/references/round13-public-514/parse.rs:5295:11
     |
5295 | pub const u118_Y_B_FH_ACC: [usize; 8] = [7, 7, 7, 7, 7, 7, 7, 7];
     |           ^^^^^^^^^^^^^^^ help: convert the identifier to upper case (notice the capitalization): `U118_Y_B_FH_ACC`

warning: constant `u118_Y_B_FL_GOOD` should have an upper case name
    --> /home/runner/work/Miner/Miner/references/round13-public-514/parse.rs:5296:11
     |
5296 | pub const u118_Y_B_FL_GOOD: usize = 8;
     |           ^^^^^^^^^^^^^^^^ help: convert the identifier to upper case (notice the capitalization): `U118_Y_B_FL_GOOD`

warning: constant `u118_Y_B_FL_LITQ` should have an upper case name
    --> /home/runner/work/Miner/Miner/references/round13-public-514/parse.rs:5297:11
     |
5297 | pub const u118_Y_B_FL_LITQ: [usize; 8] = [32, 32, 32, 32, 32, 32, 32, 32];
     |           ^^^^^^^^^^^^^^^^ help: convert the identifier to upper case (notice the capitalization): `U118_Y_B_FL_LITQ`

warning: constant `u118_Y_B_FL_LADJ` should have an upper case name
    --> /home/runner/work/Miner/Miner/references/round13-public-514/parse.rs:5298:11
     |
5298 | pub const u118_Y_B_FL_LADJ: [usize; 8] = [4, 4, 4, 4, 4, 4, 4, 4];
     |           ^^^^^^^^^^^^^^^^ help: convert the identifier to upper case (notice the capitalization): `U118_Y_B_FL_LADJ`

warning: constant `u118_Y_B_FL_HLOW` should have an upper case name
    --> /home/runner/work/Miner/Miner/references/round13-public-514/parse.rs:5299:11
     |
5299 | pub const u118_Y_B_FL_HLOW: [usize; 8] = [900, 900, 900, 900, 900, 900, 900, 900];
     |           ^^^^^^^^^^^^^^^^ help: convert the identifier to upper case (notice the capitalization): `U118_Y_B_FL_HLOW`

warning: constant `u118_Y_B_FL_C0Q` should have an upper case name
    --> /home/runner/work/Miner/Miner/references/round13-public-514/parse.rs:5300:11
     |
5300 | pub const u118_Y_B_FL_C0Q: usize = 44;
     |           ^^^^^^^^^^^^^^^ help: convert the identifier to upper case: `U118_Y_B_FL_C0_Q`

warning: constant `u118_Y_B_FL_LOGF` should have an upper case name
    --> /home/runner/work/Miner/Miner/references/round13-public-514/parse.rs:5354:11
     |
5354 | pub const u118_Y_B_FL_LOGF: [u32; 16] = [0, 1, 3, 4, 5, 6, 7, 8, 9, 10, 11, 12, 13, 14, 15, 15];
     |           ^^^^^^^^^^^^^^^^ help: convert the identifier to upper case (notice the capitalization): `U118_Y_B_FL_LOGF`

warning: constant `u118_FX0_HB` should have an upper case name
    --> /home/runner/work/Miner/Miner/references/round13-public-514/parse.rs:5645:11
     |
5645 | pub const u118_FX0_HB: u32 = 15;
     |           ^^^^^^^^^^^ help: convert the identifier to upper case (notice the capitalization): `U118_FX0_HB`

warning: constant `u118_FX0_HN` should have an upper case name
    --> /home/runner/work/Miner/Miner/references/round13-public-514/parse.rs:5646:11
     |
5646 | pub const u118_FX0_HN: usize = 32768;
     |           ^^^^^^^^^^^ help: convert the identifier to upper case (notice the capitalization): `U118_FX0_HN`

warning: constant `u118_FX0_WN` should have an upper case name
    --> /home/runner/work/Miner/Miner/references/round13-public-514/parse.rs:5647:11
     |
5647 | pub const u118_FX0_WN: usize = 32768;
     |           ^^^^^^^^^^^ help: convert the identifier to upper case (notice the capitalization): `U118_FX0_WN`

warning: constant `u118_FX0_SMALL` should have an upper case name
    --> /home/runner/work/Miner/Miner/references/round13-public-514/parse.rs:5649:11
     |
5649 | pub const u118_FX0_SMALL: usize = 65536;
     |           ^^^^^^^^^^^^^^ help: convert the identifier to upper case (notice the capitalization): `U118_FX0_SMALL`

warning: constant `u118_FX0_HS` should have an upper case name
    --> /home/runner/work/Miner/Miner/references/round13-public-514/parse.rs:5650:11
     |
5650 | pub const u118_FX0_HS: usize = 4096;
     |           ^^^^^^^^^^^ help: convert the identifier to upper case (notice the capitalization): `U118_FX0_HS`

warning: constant `u118_FX0_WS` should have an upper case name
    --> /home/runner/work/Miner/Miner/references/round13-public-514/parse.rs:5651:11
     |
5651 | pub const u118_FX0_WS: usize = 16384;
     |           ^^^^^^^^^^^ help: convert the identifier to upper case (notice the capitalization): `U118_FX0_WS`

warning: constant `u118_FX0_NICE` should have an upper case name
    --> /home/runner/work/Miner/Miner/references/round13-public-514/parse.rs:5652:11
     |
5652 | pub const u118_FX0_NICE: usize = 32;
     |           ^^^^^^^^^^^^^ help: convert the identifier to upper case (notice the capitalization): `U118_FX0_NICE`

warning: constant `u118_FX0_INS_MAX` should have an upper case name
    --> /home/runner/work/Miner/Miner/references/round13-public-514/parse.rs:5653:11
     |
5653 | pub const u118_FX0_INS_MAX: usize = 2;
     |           ^^^^^^^^^^^^^^^^ help: convert the identifier to upper case (notice the capitalization): `U118_FX0_INS_MAX`

warning: constant `u118_FX0_TAIL` should have an upper case name
    --> /home/runner/work/Miner/Miner/references/round13-public-514/parse.rs:5654:11
     |
5654 | pub const u118_FX0_TAIL: usize = 1;
     |           ^^^^^^^^^^^^^ help: convert the identifier to upper case (notice the capitalization): `U118_FX0_TAIL`

warning: constant `u118_FX0_STRIDE` should have an upper case name
    --> /home/runner/work/Miner/Miner/references/round13-public-514/parse.rs:5657:11
     |
5657 | pub const u118_FX0_STRIDE: usize = 0;
     |           ^^^^^^^^^^^^^^^ help: convert the identifier to upper case (notice the capitalization): `U118_FX0_STRIDE`

warning: constant `u118_FX0_BACKTOK` should have an upper case name
    --> /home/runner/work/Miner/Miner/references/round13-public-514/parse.rs:5658:11
     |
5658 | pub const u118_FX0_BACKTOK: usize = 16;
     |           ^^^^^^^^^^^^^^^^ help: convert the identifier to upper case (notice the capitalization): `U118_FX0_BACKTOK`

warning: constant `u118_FX0_LDEPTH` should have an upper case name
    --> /home/runner/work/Miner/Miner/references/round13-public-514/parse.rs:5659:11
     |
5659 | pub const u118_FX0_LDEPTH: usize = 1;
     |           ^^^^^^^^^^^^^^^ help: convert the identifier to upper case (notice the capitalization): `U118_FX0_LDEPTH`

warning: constant `u118_FX0_SAMPLE` should have an upper case name
    --> /home/runner/work/Miner/Miner/references/round13-public-514/parse.rs:5660:11
     |
5660 | pub const u118_FX0_SAMPLE: usize = 2048;
     |           ^^^^^^^^^^^^^^^ help: convert the identifier to upper case (notice the capitalization): `U118_FX0_SAMPLE`

warning: constant `u118_FX0_VERIFY` should have an upper case name
    --> /home/runner/work/Miner/Miner/references/round13-public-514/parse.rs:5661:11
     |
5661 | pub const u118_FX0_VERIFY: usize = 0;
     |           ^^^^^^^^^^^^^^^ help: convert the identifier to upper case (notice the capitalization): `U118_FX0_VERIFY`

warning: constant `u118_FX0_LSLACK` should have an upper case name
    --> /home/runner/work/Miner/Miner/references/round13-public-514/parse.rs:5665:11
     |
5665 | pub const u118_FX0_LSLACK: usize = 1;
     |           ^^^^^^^^^^^^^^^ help: convert the identifier to upper case (notice the capitalization): `U118_FX0_LSLACK`

warning: constant `u118_FX0_HLIT` should have an upper case name
    --> /home/runner/work/Miner/Miner/references/round13-public-514/parse.rs:5666:11
     |
5666 | pub const u118_FX0_HLIT: u32 = 80;
     |           ^^^^^^^^^^^^^ help: convert the identifier to upper case (notice the capitalization): `U118_FX0_HLIT`

warning: constant `u118_FX0_GBASE` should have an upper case name
    --> /home/runner/work/Miner/Miner/references/round13-public-514/parse.rs:5667:11
     |
5667 | pub const u118_FX0_GBASE: i32 = 168;
     |           ^^^^^^^^^^^^^^ help: convert the identifier to upper case (notice the capitalization): `U118_FX0_GBASE`

warning: constant `u118_FX0_T_DEPTH` should have an upper case name
    --> /home/runner/work/Miner/Miner/references/round13-public-514/parse.rs:5671:11
     |
5671 | pub const u118_FX0_T_DEPTH: usize = 2;
     |           ^^^^^^^^^^^^^^^^ help: convert the identifier to upper case (notice the capitalization): `U118_FX0_T_DEPTH`

warning: constant `u118_FX0_T_LAZY` should have an upper case name
    --> /home/runner/work/Miner/Miner/references/round13-public-514/parse.rs:5672:11
     |
5672 | pub const u118_FX0_T_LAZY: usize = 0;
     |           ^^^^^^^^^^^^^^^ help: convert the identifier to upper case (notice the capitalization): `U118_FX0_T_LAZY`

warning: constant `u118_FX0_T_SKIP` should have an upper case name
    --> /home/runner/work/Miner/Miner/references/round13-public-514/parse.rs:5673:11
     |
5673 | pub const u118_FX0_T_SKIP: usize = 3;
     |           ^^^^^^^^^^^^^^^ help: convert the identifier to upper case (notice the capitalization): `U118_FX0_T_SKIP`

warning: constant `u118_FX0_P_DEPTH` should have an upper case name
    --> /home/runner/work/Miner/Miner/references/round13-public-514/parse.rs:5674:11
     |
5674 | pub const u118_FX0_P_DEPTH: usize = 3;
     |           ^^^^^^^^^^^^^^^^ help: convert the identifier to upper case (notice the capitalization): `U118_FX0_P_DEPTH`

warning: constant `u118_FX0_P_LAZY` should have an upper case name
    --> /home/runner/work/Miner/Miner/references/round13-public-514/parse.rs:5675:11
     |
5675 | pub const u118_FX0_P_LAZY: usize = 0;
     |           ^^^^^^^^^^^^^^^ help: convert the identifier to upper case (notice the capitalization): `U118_FX0_P_LAZY`

warning: constant `u118_FX0_P_SKIP` should have an upper case name
    --> /home/runner/work/Miner/Miner/references/round13-public-514/parse.rs:5676:11
     |
5676 | pub const u118_FX0_P_SKIP: usize = 5;
     |           ^^^^^^^^^^^^^^^ help: convert the identifier to upper case (notice the capitalization): `U118_FX0_P_SKIP`

warning: constant `u118_FX0_H_DEPTH` should have an upper case name
    --> /home/runner/work/Miner/Miner/references/round13-public-514/parse.rs:5677:11
     |
5677 | pub const u118_FX0_H_DEPTH: usize = 3;
     |           ^^^^^^^^^^^^^^^^ help: convert the identifier to upper case (notice the capitalization): `U118_FX0_H_DEPTH`

warning: constant `u118_FX0_H_LAZY` should have an upper case name
    --> /home/runner/work/Miner/Miner/references/round13-public-514/parse.rs:5678:11
     |
5678 | pub const u118_FX0_H_LAZY: usize = 0;
     |           ^^^^^^^^^^^^^^^ help: convert the identifier to upper case (notice the capitalization): `U118_FX0_H_LAZY`

warning: constant `u118_FX0_H_SKIP` should have an upper case name
    --> /home/runner/work/Miner/Miner/references/round13-public-514/parse.rs:5679:11
     |
5679 | pub const u118_FX0_H_SKIP: usize = 3;
     |           ^^^^^^^^^^^^^^^ help: convert the identifier to upper case (notice the capitalization): `U118_FX0_H_SKIP`

warning: constant `u118_FX0_Z_DEPTH` should have an upper case name
    --> /home/runner/work/Miner/Miner/references/round13-public-514/parse.rs:5680:11
     |
5680 | pub const u118_FX0_Z_DEPTH: usize = 3;
     |           ^^^^^^^^^^^^^^^^ help: convert the identifier to upper case (notice the capitalization): `U118_FX0_Z_DEPTH`

warning: constant `u118_FX0_Z_SKIP` should have an upper case name
    --> /home/runner/work/Miner/Miner/references/round13-public-514/parse.rs:5681:11
     |
5681 | pub const u118_FX0_Z_SKIP: usize = 6;
     |           ^^^^^^^^^^^^^^^ help: convert the identifier to upper case (notice the capitalization): `U118_FX0_Z_SKIP`

warning: constant `u118_FX0_Z_CAP` should have an upper case name
    --> /home/runner/work/Miner/Miner/references/round13-public-514/parse.rs:5682:11
     |
5682 | pub const u118_FX0_Z_CAP: usize = 8;
     |           ^^^^^^^^^^^^^^ help: convert the identifier to upper case (notice the capitalization): `U118_FX0_Z_CAP`

warning: constant `u118_FX0_B_DEPTH` should have an upper case name
    --> /home/runner/work/Miner/Miner/references/round13-public-514/parse.rs:5683:11
     |
5683 | pub const u118_FX0_B_DEPTH: usize = 4;
     |           ^^^^^^^^^^^^^^^^ help: convert the identifier to upper case (notice the capitalization): `U118_FX0_B_DEPTH`

warning: constant `u118_FX0_B_LAZY` should have an upper case name
    --> /home/runner/work/Miner/Miner/references/round13-public-514/parse.rs:5684:11
     |
5684 | pub const u118_FX0_B_LAZY: usize = 3;
     |           ^^^^^^^^^^^^^^^ help: convert the identifier to upper case (notice the capitalization): `U118_FX0_B_LAZY`

warning: constant `u118_FX0_B_SKIP` should have an upper case name
    --> /home/runner/work/Miner/Miner/references/round13-public-514/parse.rs:5685:11
     |
5685 | pub const u118_FX0_B_SKIP: usize = 4;
     |           ^^^^^^^^^^^^^^^ help: convert the identifier to upper case (notice the capitalization): `U118_FX0_B_SKIP`

warning: constant `u118_FX0_SDIG` should have an upper case name
    --> /home/runner/work/Miner/Miner/references/round13-public-514/parse.rs:5688:11
     |
5688 | pub const u118_FX0_SDIG: u32 = 6;
     |           ^^^^^^^^^^^^^ help: convert the identifier to upper case (notice the capitalization): `U118_FX0_SDIG`

warning: constant `u118_FX0_S_DEPTH` should have an upper case name
    --> /home/runner/work/Miner/Miner/references/round13-public-514/parse.rs:5689:11
     |
5689 | pub const u118_FX0_S_DEPTH: usize = 1;
     |           ^^^^^^^^^^^^^^^^ help: convert the identifier to upper case (notice the capitalization): `U118_FX0_S_DEPTH`

warning: constant `u118_FX0_S_LDEPTH` should have an upper case name
    --> /home/runner/work/Miner/Miner/references/round13-public-514/parse.rs:5690:11
     |
5690 | pub const u118_FX0_S_LDEPTH: usize = 1;
     |           ^^^^^^^^^^^^^^^^^ help: convert the identifier to upper case (notice the capitalization): `U118_FX0_S_LDEPTH`

warning: constant `u118_FX0_S_LAZY` should have an upper case name
    --> /home/runner/work/Miner/Miner/references/round13-public-514/parse.rs:5691:11
     |
5691 | pub const u118_FX0_S_LAZY: usize = 258;
     |           ^^^^^^^^^^^^^^^ help: convert the identifier to upper case (notice the capitalization): `U118_FX0_S_LAZY`

warning: constant `u118_FX0_SKCAP` should have an upper case name
    --> /home/runner/work/Miner/Miner/references/round13-public-514/parse.rs:5693:11
     |
5693 | pub const u118_FX0_SKCAP: usize = 1000000;
     |           ^^^^^^^^^^^^^^ help: convert the identifier to upper case (notice the capitalization): `U118_FX0_SKCAP`

warning: constant `u118_FX3_HB` should have an upper case name
    --> /home/runner/work/Miner/Miner/references/round13-public-514/parse.rs:5756:11
     |
5756 | pub const u118_FX3_HB: u32 = 15;
     |           ^^^^^^^^^^^ help: convert the identifier to upper case (notice the capitalization): `U118_FX3_HB`

warning: constant `u118_FX3_HN` should have an upper case name
    --> /home/runner/work/Miner/Miner/references/round13-public-514/parse.rs:5757:11
     |
5757 | pub const u118_FX3_HN: usize = 32768;
     |           ^^^^^^^^^^^ help: convert the identifier to upper case (notice the capitalization): `U118_FX3_HN`

warning: constant `u118_FX3_WN` should have an upper case name
    --> /home/runner/work/Miner/Miner/references/round13-public-514/parse.rs:5758:11
     |
5758 | pub const u118_FX3_WN: usize = 32768;
     |           ^^^^^^^^^^^ help: convert the identifier to upper case (notice the capitalization): `U118_FX3_WN`

warning: constant `u118_FX3_SMALL` should have an upper case name
    --> /home/runner/work/Miner/Miner/references/round13-public-514/parse.rs:5759:11
     |
5759 | pub const u118_FX3_SMALL: usize = 65536;
     |           ^^^^^^^^^^^^^^ help: convert the identifier to upper case (notice the capitalization): `U118_FX3_SMALL`

warning: constant `u118_FX3_HS` should have an upper case name
    --> /home/runner/work/Miner/Miner/references/round13-public-514/parse.rs:5760:11
     |
5760 | pub const u118_FX3_HS: usize = 4096;
     |           ^^^^^^^^^^^ help: convert the identifier to upper case (notice the capitalization): `U118_FX3_HS`

warning: constant `u118_FX3_WS` should have an upper case name
    --> /home/runner/work/Miner/Miner/references/round13-public-514/parse.rs:5761:11
     |
5761 | pub const u118_FX3_WS: usize = 16384;
     |           ^^^^^^^^^^^ help: convert the identifier to upper case (notice the capitalization): `U118_FX3_WS`

warning: constant `u118_FX3_NICE` should have an upper case name
    --> /home/runner/work/Miner/Miner/references/round13-public-514/parse.rs:5762:11
     |
5762 | pub const u118_FX3_NICE: usize = 32;
     |           ^^^^^^^^^^^^^ help: convert the identifier to upper case (notice the capitalization): `U118_FX3_NICE`

warning: constant `u118_FX3_INS_MAX` should have an upper case name
    --> /home/runner/work/Miner/Miner/references/round13-public-514/parse.rs:5763:11
     |
5763 | pub const u118_FX3_INS_MAX: usize = 2;
     |           ^^^^^^^^^^^^^^^^ help: convert the identifier to upper case (notice the capitalization): `U118_FX3_INS_MAX`

warning: constant `u118_FX3_TAIL` should have an upper case name
    --> /home/runner/work/Miner/Miner/references/round13-public-514/parse.rs:5764:11
     |
5764 | pub const u118_FX3_TAIL: usize = 1;
     |           ^^^^^^^^^^^^^ help: convert the identifier to upper case (notice the capitalization): `U118_FX3_TAIL`

warning: constant `u118_FX3_STRIDE` should have an upper case name
    --> /home/runner/work/Miner/Miner/references/round13-public-514/parse.rs:5765:11
     |
5765 | pub const u118_FX3_STRIDE: usize = 0;
     |           ^^^^^^^^^^^^^^^ help: convert the identifier to upper case (notice the capitalization): `U118_FX3_STRIDE`

warning: constant `u118_FX3_BACKTOK` should have an upper case name
    --> /home/runner/work/Miner/Miner/references/round13-public-514/parse.rs:5766:11
     |
5766 | pub const u118_FX3_BACKTOK: usize = 16;
     |           ^^^^^^^^^^^^^^^^ help: convert the identifier to upper case (notice the capitalization): `U118_FX3_BACKTOK`

warning: constant `u118_FX3_LDEPTH` should have an upper case name
    --> /home/runner/work/Miner/Miner/references/round13-public-514/parse.rs:5767:11
     |
5767 | pub const u118_FX3_LDEPTH: usize = 1;
     |           ^^^^^^^^^^^^^^^ help: convert the identifier to upper case (notice the capitalization): `U118_FX3_LDEPTH`

warning: constant `u118_FX3_SAMPLE` should have an upper case name
    --> /home/runner/work/Miner/Miner/references/round13-public-514/parse.rs:5768:11
     |
5768 | pub const u118_FX3_SAMPLE: usize = 2048;
     |           ^^^^^^^^^^^^^^^ help: convert the identifier to upper case (notice the capitalization): `U118_FX3_SAMPLE`

warning: constant `u118_FX3_VERIFY` should have an upper case name
    --> /home/runner/work/Miner/Miner/references/round13-public-514/parse.rs:5769:11
     |
5769 | pub const u118_FX3_VERIFY: usize = 0;
     |           ^^^^^^^^^^^^^^^ help: convert the identifier to upper case (notice the capitalization): `U118_FX3_VERIFY`

warning: constant `u118_FX3_LSLACK` should have an upper case name
    --> /home/runner/work/Miner/Miner/references/round13-public-514/parse.rs:5770:11
     |
5770 | pub const u118_FX3_LSLACK: usize = 1;
     |           ^^^^^^^^^^^^^^^ help: convert the identifier to upper case (notice the capitalization): `U118_FX3_LSLACK`

warning: constant `u118_FX3_HLIT` should have an upper case name
    --> /home/runner/work/Miner/Miner/references/round13-public-514/parse.rs:5771:11
     |
5771 | pub const u118_FX3_HLIT: u32 = 80;
     |           ^^^^^^^^^^^^^ help: convert the identifier to upper case (notice the capitalization): `U118_FX3_HLIT`

warning: constant `u118_FX3_GBASE` should have an upper case name
    --> /home/runner/work/Miner/Miner/references/round13-public-514/parse.rs:5772:11
     |
5772 | pub const u118_FX3_GBASE: i32 = 168;
     |           ^^^^^^^^^^^^^^ help: convert the identifier to upper case (notice the capitalization): `U118_FX3_GBASE`

warning: constant `u118_FX3_T_DEPTH` should have an upper case name
    --> /home/runner/work/Miner/Miner/references/round13-public-514/parse.rs:5773:11
     |
5773 | pub const u118_FX3_T_DEPTH: usize = 2;
     |           ^^^^^^^^^^^^^^^^ help: convert the identifier to upper case (notice the capitalization): `U118_FX3_T_DEPTH`

warning: constant `u118_FX3_T_LAZY` should have an upper case name
    --> /home/runner/work/Miner/Miner/references/round13-public-514/parse.rs:5774:11
     |
5774 | pub const u118_FX3_T_LAZY: usize = 0;
     |           ^^^^^^^^^^^^^^^ help: convert the identifier to upper case (notice the capitalization): `U118_FX3_T_LAZY`

warning: constant `u118_FX3_T_SKIP` should have an upper case name
    --> /home/runner/work/Miner/Miner/references/round13-public-514/parse.rs:5775:11
     |
5775 | pub const u118_FX3_T_SKIP: usize = 3;
     |           ^^^^^^^^^^^^^^^ help: convert the identifier to upper case (notice the capitalization): `U118_FX3_T_SKIP`

warning: constant `u118_FX3_P_DEPTH` should have an upper case name
    --> /home/runner/work/Miner/Miner/references/round13-public-514/parse.rs:5776:11
     |
5776 | pub const u118_FX3_P_DEPTH: usize = 3;
     |           ^^^^^^^^^^^^^^^^ help: convert the identifier to upper case (notice the capitalization): `U118_FX3_P_DEPTH`

warning: constant `u118_FX3_P_LAZY` should have an upper case name
    --> /home/runner/work/Miner/Miner/references/round13-public-514/parse.rs:5777:11
     |
5777 | pub const u118_FX3_P_LAZY: usize = 0;
     |           ^^^^^^^^^^^^^^^ help: convert the identifier to upper case (notice the capitalization): `U118_FX3_P_LAZY`

warning: constant `u118_FX3_P_SKIP` should have an upper case name
    --> /home/runner/work/Miner/Miner/references/round13-public-514/parse.rs:5778:11
     |
5778 | pub const u118_FX3_P_SKIP: usize = 5;
     |           ^^^^^^^^^^^^^^^ help: convert the identifier to upper case (notice the capitalization): `U118_FX3_P_SKIP`

warning: constant `u118_FX3_H_DEPTH` should have an upper case name
    --> /home/runner/work/Miner/Miner/references/round13-public-514/parse.rs:5779:11
     |
5779 | pub const u118_FX3_H_DEPTH: usize = 3;
     |           ^^^^^^^^^^^^^^^^ help: convert the identifier to upper case (notice the capitalization): `U118_FX3_H_DEPTH`

warning: constant `u118_FX3_H_LAZY` should have an upper case name
    --> /home/runner/work/Miner/Miner/references/round13-public-514/parse.rs:5780:11
     |
5780 | pub const u118_FX3_H_LAZY: usize = 0;
     |           ^^^^^^^^^^^^^^^ help: convert the identifier to upper case (notice the capitalization): `U118_FX3_H_LAZY`

warning: constant `u118_FX3_H_SKIP` should have an upper case name
    --> /home/runner/work/Miner/Miner/references/round13-public-514/parse.rs:5781:11
     |
5781 | pub const u118_FX3_H_SKIP: usize = 3;
     |           ^^^^^^^^^^^^^^^ help: convert the identifier to upper case (notice the capitalization): `U118_FX3_H_SKIP`

warning: constant `u118_FX3_Z_DEPTH` should have an upper case name
    --> /home/runner/work/Miner/Miner/references/round13-public-514/parse.rs:5782:11
     |
5782 | pub const u118_FX3_Z_DEPTH: usize = 3;
     |           ^^^^^^^^^^^^^^^^ help: convert the identifier to upper case (notice the capitalization): `U118_FX3_Z_DEPTH`

warning: constant `u118_FX3_Z_SKIP` should have an upper case name
    --> /home/runner/work/Miner/Miner/references/round13-public-514/parse.rs:5783:11
     |
5783 | pub const u118_FX3_Z_SKIP: usize = 6;
     |           ^^^^^^^^^^^^^^^ help: convert the identifier to upper case (notice the capitalization): `U118_FX3_Z_SKIP`

warning: constant `u118_FX3_Z_CAP` should have an upper case name
    --> /home/runner/work/Miner/Miner/references/round13-public-514/parse.rs:5784:11
     |
5784 | pub const u118_FX3_Z_CAP: usize = 8;
     |           ^^^^^^^^^^^^^^ help: convert the identifier to upper case (notice the capitalization): `U118_FX3_Z_CAP`

warning: constant `u118_FX3_B_DEPTH` should have an upper case name
    --> /home/runner/work/Miner/Miner/references/round13-public-514/parse.rs:5785:11
     |
5785 | pub const u118_FX3_B_DEPTH: usize = 4;
     |           ^^^^^^^^^^^^^^^^ help: convert the identifier to upper case (notice the capitalization): `U118_FX3_B_DEPTH`

warning: constant `u118_FX3_B_LAZY` should have an upper case name
    --> /home/runner/work/Miner/Miner/references/round13-public-514/parse.rs:5786:11
     |
5786 | pub const u118_FX3_B_LAZY: usize = 0;
     |           ^^^^^^^^^^^^^^^ help: convert the identifier to upper case (notice the capitalization): `U118_FX3_B_LAZY`

warning: constant `u118_FX3_B_SKIP` should have an upper case name
    --> /home/runner/work/Miner/Miner/references/round13-public-514/parse.rs:5787:11
     |
5787 | pub const u118_FX3_B_SKIP: usize = 4;
     |           ^^^^^^^^^^^^^^^ help: convert the identifier to upper case (notice the capitalization): `U118_FX3_B_SKIP`

warning: constant `u118_FX3_SDIG` should have an upper case name
    --> /home/runner/work/Miner/Miner/references/round13-public-514/parse.rs:5788:11
     |
5788 | pub const u118_FX3_SDIG: u32 = 6;
     |           ^^^^^^^^^^^^^ help: convert the identifier to upper case (notice the capitalization): `U118_FX3_SDIG`

warning: constant `u118_FX3_S_DEPTH` should have an upper case name
    --> /home/runner/work/Miner/Miner/references/round13-public-514/parse.rs:5789:11
     |
5789 | pub const u118_FX3_S_DEPTH: usize = 1;
     |           ^^^^^^^^^^^^^^^^ help: convert the identifier to upper case (notice the capitalization): `U118_FX3_S_DEPTH`

warning: constant `u118_FX3_S_LDEPTH` should have an upper case name
    --> /home/runner/work/Miner/Miner/references/round13-public-514/parse.rs:5790:11
     |
5790 | pub const u118_FX3_S_LDEPTH: usize = 1;
     |           ^^^^^^^^^^^^^^^^^ help: convert the identifier to upper case (notice the capitalization): `U118_FX3_S_LDEPTH`

warning: constant `u118_FX3_S_LAZY` should have an upper case name
    --> /home/runner/work/Miner/Miner/references/round13-public-514/parse.rs:5791:11
     |
5791 | pub const u118_FX3_S_LAZY: usize = 0;
     |           ^^^^^^^^^^^^^^^ help: convert the identifier to upper case (notice the capitalization): `U118_FX3_S_LAZY`

warning: constant `u118_FX3_SKCAP` should have an upper case name
    --> /home/runner/work/Miner/Miner/references/round13-public-514/parse.rs:5792:11
     |
5792 | pub const u118_FX3_SKCAP: usize = 1000000;
     |           ^^^^^^^^^^^^^^ help: convert the identifier to upper case (notice the capitalization): `U118_FX3_SKCAP`

warning: constant `x_HB` should have an upper case name
    --> /home/runner/work/Miner/Miner/references/round13-public-514/parse.rs:6003:11
     |
6003 | pub const x_HB: u32 = 15;
     |           ^^^^ help: convert the identifier to upper case (notice the capitalization): `X_HB`

warning: constant `x_HN` should have an upper case name
    --> /home/runner/work/Miner/Miner/references/round13-public-514/parse.rs:6004:11
     |
6004 | pub const x_HN: usize = 32768;
     |           ^^^^ help: convert the identifier to upper case (notice the capitalization): `X_HN`

warning: constant `x_WN` should have an upper case name
    --> /home/runner/work/Miner/Miner/references/round13-public-514/parse.rs:6005:11
     |
6005 | pub const x_WN: usize = 32768;
     |           ^^^^ help: convert the identifier to upper case (notice the capitalization): `X_WN`

warning: constant `x_SMALL` should have an upper case name
    --> /home/runner/work/Miner/Miner/references/round13-public-514/parse.rs:6007:11
     |
6007 | pub const x_SMALL: usize = 65536;
     |           ^^^^^^^ help: convert the identifier to upper case (notice the capitalization): `X_SMALL`

warning: constant `x_HS` should have an upper case name
    --> /home/runner/work/Miner/Miner/references/round13-public-514/parse.rs:6008:11
     |
6008 | pub const x_HS: usize = 4096;
     |           ^^^^ help: convert the identifier to upper case (notice the capitalization): `X_HS`

warning: constant `x_WS` should have an upper case name
    --> /home/runner/work/Miner/Miner/references/round13-public-514/parse.rs:6009:11
     |
6009 | pub const x_WS: usize = 16384;
     |           ^^^^ help: convert the identifier to upper case (notice the capitalization): `X_WS`

warning: constant `x_NICE` should have an upper case name
    --> /home/runner/work/Miner/Miner/references/round13-public-514/parse.rs:6010:11
     |
6010 | pub const x_NICE: usize = 32;
     |           ^^^^^^ help: convert the identifier to upper case (notice the capitalization): `X_NICE`

warning: constant `x_INS_MAX` should have an upper case name
    --> /home/runner/work/Miner/Miner/references/round13-public-514/parse.rs:6011:11
     |
6011 | pub const x_INS_MAX: usize = 2;
     |           ^^^^^^^^^ help: convert the identifier to upper case (notice the capitalization): `X_INS_MAX`

warning: constant `x_TAIL` should have an upper case name
    --> /home/runner/work/Miner/Miner/references/round13-public-514/parse.rs:6012:11
     |
6012 | pub const x_TAIL: usize = 1;
     |           ^^^^^^ help: convert the identifier to upper case (notice the capitalization): `X_TAIL`

warning: constant `x_STRIDE` should have an upper case name
    --> /home/runner/work/Miner/Miner/references/round13-public-514/parse.rs:6015:11
     |
6015 | pub const x_STRIDE: usize = 0;
     |           ^^^^^^^^ help: convert the identifier to upper case (notice the capitalization): `X_STRIDE`

warning: constant `x_BACKTOK` should have an upper case name
    --> /home/runner/work/Miner/Miner/references/round13-public-514/parse.rs:6016:11
     |
6016 | pub const x_BACKTOK: usize = 16;
     |           ^^^^^^^^^ help: convert the identifier to upper case (notice the capitalization): `X_BACKTOK`

warning: constant `x_LDEPTH` should have an upper case name
    --> /home/runner/work/Miner/Miner/references/round13-public-514/parse.rs:6017:11
     |
6017 | pub const x_LDEPTH: usize = 1;
     |           ^^^^^^^^ help: convert the identifier to upper case (notice the capitalization): `X_LDEPTH`

warning: constant `x_SAMPLE` should have an upper case name
    --> /home/runner/work/Miner/Miner/references/round13-public-514/parse.rs:6018:11
     |
6018 | pub const x_SAMPLE: usize = 2048;
     |           ^^^^^^^^ help: convert the identifier to upper case (notice the capitalization): `X_SAMPLE`

warning: constant `x_VERIFY` should have an upper case name
    --> /home/runner/work/Miner/Miner/references/round13-public-514/parse.rs:6019:11
     |
6019 | pub const x_VERIFY: usize = 0;
     |           ^^^^^^^^ help: convert the identifier to upper case (notice the capitalization): `X_VERIFY`

warning: constant `x_LSLACK` should have an upper case name
    --> /home/runner/work/Miner/Miner/references/round13-public-514/parse.rs:6023:11
     |
6023 | pub const x_LSLACK: usize = 1;
     |           ^^^^^^^^ help: convert the identifier to upper case (notice the capitalization): `X_LSLACK`

warning: constant `x_HLIT` should have an upper case name
    --> /home/runner/work/Miner/Miner/references/round13-public-514/parse.rs:6024:11
     |
6024 | pub const x_HLIT: u32 = 80;
     |           ^^^^^^ help: convert the identifier to upper case (notice the capitalization): `X_HLIT`

warning: constant `x_GBASE` should have an upper case name
    --> /home/runner/work/Miner/Miner/references/round13-public-514/parse.rs:6025:11
     |
6025 | pub const x_GBASE: i32 = 168;
     |           ^^^^^^^ help: convert the identifier to upper case (notice the capitalization): `X_GBASE`

warning: constant `x_T_DEPTH` should have an upper case name
    --> /home/runner/work/Miner/Miner/references/round13-public-514/parse.rs:6029:11
     |
6029 | pub const x_T_DEPTH: usize = 1;
     |           ^^^^^^^^^ help: convert the identifier to upper case (notice the capitalization): `X_T_DEPTH`

warning: constant `x_T_LAZY` should have an upper case name
    --> /home/runner/work/Miner/Miner/references/round13-public-514/parse.rs:6030:11
     |
6030 | pub const x_T_LAZY: usize = 0;
     |           ^^^^^^^^ help: convert the identifier to upper case (notice the capitalization): `X_T_LAZY`

warning: constant `x_T_SKIP` should have an upper case name
    --> /home/runner/work/Miner/Miner/references/round13-public-514/parse.rs:6031:11
     |
6031 | pub const x_T_SKIP: usize = 4;
     |           ^^^^^^^^ help: convert the identifier to upper case (notice the capitalization): `X_T_SKIP`

warning: constant `x_P_DEPTH` should have an upper case name
    --> /home/runner/work/Miner/Miner/references/round13-public-514/parse.rs:6032:11
     |
6032 | pub const x_P_DEPTH: usize = 4;
     |           ^^^^^^^^^ help: convert the identifier to upper case (notice the capitalization): `X_P_DEPTH`

warning: constant `x_P_LAZY` should have an upper case name
    --> /home/runner/work/Miner/Miner/references/round13-public-514/parse.rs:6033:11
     |
6033 | pub const x_P_LAZY: usize = 0;
     |           ^^^^^^^^ help: convert the identifier to upper case (notice the capitalization): `X_P_LAZY`

warning: constant `x_P_SKIP` should have an upper case name
    --> /home/runner/work/Miner/Miner/references/round13-public-514/parse.rs:6034:11
     |
6034 | pub const x_P_SKIP: usize = 5;
     |           ^^^^^^^^ help: convert the identifier to upper case (notice the capitalization): `X_P_SKIP`

warning: constant `x_H_DEPTH` should have an upper case name
    --> /home/runner/work/Miner/Miner/references/round13-public-514/parse.rs:6035:11
     |
6035 | pub const x_H_DEPTH: usize = 3;
     |           ^^^^^^^^^ help: convert the identifier to upper case (notice the capitalization): `X_H_DEPTH`

warning: constant `x_H_LAZY` should have an upper case name
    --> /home/runner/work/Miner/Miner/references/round13-public-514/parse.rs:6036:11
     |
6036 | pub const x_H_LAZY: usize = 0;
     |           ^^^^^^^^ help: convert the identifier to upper case (notice the capitalization): `X_H_LAZY`

warning: constant `x_H_SKIP` should have an upper case name
    --> /home/runner/work/Miner/Miner/references/round13-public-514/parse.rs:6037:11
     |
6037 | pub const x_H_SKIP: usize = 3;
     |           ^^^^^^^^ help: convert the identifier to upper case (notice the capitalization): `X_H_SKIP`

warning: constant `x_Z_DEPTH` should have an upper case name
    --> /home/runner/work/Miner/Miner/references/round13-public-514/parse.rs:6038:11
     |
6038 | pub const x_Z_DEPTH: usize = 1;
     |           ^^^^^^^^^ help: convert the identifier to upper case (notice the capitalization): `X_Z_DEPTH`

warning: constant `x_Z_SKIP` should have an upper case name
    --> /home/runner/work/Miner/Miner/references/round13-public-514/parse.rs:6039:11
     |
6039 | pub const x_Z_SKIP: usize = 4;
     |           ^^^^^^^^ help: convert the identifier to upper case (notice the capitalization): `X_Z_SKIP`

warning: constant `x_Z_CAP` should have an upper case name
    --> /home/runner/work/Miner/Miner/references/round13-public-514/parse.rs:6040:11
     |
6040 | pub const x_Z_CAP: usize = 8;
     |           ^^^^^^^ help: convert the identifier to upper case (notice the capitalization): `X_Z_CAP`

warning: constant `x_B_DEPTH` should have an upper case name
    --> /home/runner/work/Miner/Miner/references/round13-public-514/parse.rs:6041:11
     |
6041 | pub const x_B_DEPTH: usize = 4;
     |           ^^^^^^^^^ help: convert the identifier to upper case (notice the capitalization): `X_B_DEPTH`

warning: constant `x_B_LAZY` should have an upper case name
    --> /home/runner/work/Miner/Miner/references/round13-public-514/parse.rs:6042:11
     |
6042 | pub const x_B_LAZY: usize = 3;
     |           ^^^^^^^^ help: convert the identifier to upper case (notice the capitalization): `X_B_LAZY`

warning: constant `x_B_SKIP` should have an upper case name
    --> /home/runner/work/Miner/Miner/references/round13-public-514/parse.rs:6043:11
     |
6043 | pub const x_B_SKIP: usize = 4;
     |           ^^^^^^^^ help: convert the identifier to upper case (notice the capitalization): `X_B_SKIP`

warning: constant `x_SDIG` should have an upper case name
    --> /home/runner/work/Miner/Miner/references/round13-public-514/parse.rs:6046:11
     |
6046 | pub const x_SDIG: u32 = 6;
     |           ^^^^^^ help: convert the identifier to upper case (notice the capitalization): `X_SDIG`

warning: constant `x_S_DEPTH` should have an upper case name
    --> /home/runner/work/Miner/Miner/references/round13-public-514/parse.rs:6047:11
     |
6047 | pub const x_S_DEPTH: usize = 1;
     |           ^^^^^^^^^ help: convert the identifier to upper case (notice the capitalization): `X_S_DEPTH`

warning: constant `x_S_LDEPTH` should have an upper case name
    --> /home/runner/work/Miner/Miner/references/round13-public-514/parse.rs:6048:11
     |
6048 | pub const x_S_LDEPTH: usize = 1;
     |           ^^^^^^^^^^ help: convert the identifier to upper case (notice the capitalization): `X_S_LDEPTH`

warning: constant `x_S_LAZY` should have an upper case name
    --> /home/runner/work/Miner/Miner/references/round13-public-514/parse.rs:6049:11
     |
6049 | pub const x_S_LAZY: usize = 258;
     |           ^^^^^^^^ help: convert the identifier to upper case (notice the capitalization): `X_S_LAZY`

warning: constant `x_SKCAP` should have an upper case name
    --> /home/runner/work/Miner/Miner/references/round13-public-514/parse.rs:6051:11
     |
6051 | pub const x_SKCAP: usize = 1000000;
     |           ^^^^^^^ help: convert the identifier to upper case (notice the capitalization): `X_SKCAP`

warning: constant `x_R1_ON` should have an upper case name
    --> /home/runner/work/Miner/Miner/references/round13-public-514/parse.rs:6054:11
     |
6054 | pub const x_R1_ON: usize = 1;
     |           ^^^^^^^ help: convert the identifier to upper case (notice the capitalization): `X_R1_ON`

warning: constant `x_ST_ON` should have an upper case name
    --> /home/runner/work/Miner/Miner/references/round13-public-514/parse.rs:6060:11
     |
6060 | pub const x_ST_ON: usize = 1;
     |           ^^^^^^^ help: convert the identifier to upper case (notice the capitalization): `X_ST_ON`

warning: constant `x_ST_MIN` should have an upper case name
    --> /home/runner/work/Miner/Miner/references/round13-public-514/parse.rs:6061:11
     |
6061 | pub const x_ST_MIN: usize = 65536;
     |           ^^^^^^^^ help: convert the identifier to upper case (notice the capitalization): `X_ST_MIN`

warning: constant `x_ST_SAMPLE` should have an upper case name
    --> /home/runner/work/Miner/Miner/references/round13-public-514/parse.rs:6062:11
     |
6062 | pub const x_ST_SAMPLE: usize = 4096;
     |           ^^^^^^^^^^^ help: convert the identifier to upper case (notice the capitalization): `X_ST_SAMPLE`

warning: constant `x_ST_FEW` should have an upper case name
    --> /home/runner/work/Miner/Miner/references/round13-public-514/parse.rs:6063:11
     |
6063 | pub const x_ST_FEW: usize = 32;
     |           ^^^^^^^^ help: convert the identifier to upper case (notice the capitalization): `X_ST_FEW`

warning: constant `x_ST_MANY` should have an upper case name
    --> /home/runner/work/Miner/Miner/references/round13-public-514/parse.rs:6064:11
     |
6064 | pub const x_ST_MANY: usize = 160;
     |           ^^^^^^^^^ help: convert the identifier to upper case (notice the capitalization): `X_ST_MANY`

warning: constant `x_ST_HB` should have an upper case name
    --> /home/runner/work/Miner/Miner/references/round13-public-514/parse.rs:6065:11
     |
6065 | pub const x_ST_HB: u32 = 17;
     |           ^^^^^^^ help: convert the identifier to upper case (notice the capitalization): `X_ST_HB`

warning: constant `x_ST_HN` should have an upper case name
    --> /home/runner/work/Miner/Miner/references/round13-public-514/parse.rs:6066:11
     |
6066 | pub const x_ST_HN: usize = 131072;
     |           ^^^^^^^ help: convert the identifier to upper case (notice the capitalization): `X_ST_HN`

warning: constant `x_ST_DMAX` should have an upper case name
    --> /home/runner/work/Miner/Miner/references/round13-public-514/parse.rs:6067:11
     |
6067 | pub const x_ST_DMAX: usize = 32768;
     |           ^^^^^^^^^ help: convert the identifier to upper case (notice the capitalization): `X_ST_DMAX`

warning: constant `x_TF_N` should have an upper case name
    --> /home/runner/work/Miner/Miner/references/round13-public-514/parse.rs:6072:11
     |
6072 | pub const x_TF_N: usize = 65536;
     |           ^^^^^^ help: convert the identifier to upper case (notice the capitalization): `X_TF_N`

warning: constant `x_TF_TEXT` should have an upper case name
    --> /home/runner/work/Miner/Miner/references/round13-public-514/parse.rs:6073:11
     |
6073 | pub const x_TF_TEXT: usize = 1;
     |           ^^^^^^^^^ help: convert the identifier to upper case (notice the capitalization): `X_TF_TEXT`

warning: constant `x_TF_TKIND` should have an upper case name
    --> /home/runner/work/Miner/Miner/references/round13-public-514/parse.rs:6074:11
     |
6074 | pub const x_TF_TKIND: usize = 1;
     |           ^^^^^^^^^^ help: convert the identifier to upper case (notice the capitalization): `X_TF_TKIND`

warning: constant `x_TF_SAMPLE` should have an upper case name
    --> /home/runner/work/Miner/Miner/references/round13-public-514/parse.rs:6077:11
     |
6077 | pub const x_TF_SAMPLE: usize = 256;
     |           ^^^^^^^^^^^ help: convert the identifier to upper case (notice the capitalization): `X_TF_SAMPLE`

warning: constant `x_TF_SDIG` should have an upper case name
    --> /home/runner/work/Miner/Miner/references/round13-public-514/parse.rs:6078:11
     |
6078 | pub const x_TF_SDIG: u32 = 6;
     |           ^^^^^^^^^ help: convert the identifier to upper case (notice the capitalization): `X_TF_SDIG`

warning: constant `x_TF_HB` should have an upper case name
    --> /home/runner/work/Miner/Miner/references/round13-public-514/parse.rs:6084:11
     |
6084 | pub const x_TF_HB: u32 = 12;
     |           ^^^^^^^ help: convert the identifier to upper case (notice the capitalization): `X_TF_HB`

warning: constant `x_TF_HN` should have an upper case name
    --> /home/runner/work/Miner/Miner/references/round13-public-514/parse.rs:6085:11
     |
6085 | pub const x_TF_HN: usize = 4096;
     |           ^^^^^^^ help: convert the identifier to upper case (notice the capitalization): `X_TF_HN`

warning: constant `x_TF_WN` should have an upper case name
    --> /home/runner/work/Miner/Miner/references/round13-public-514/parse.rs:6086:11
     |
6086 | pub const x_TF_WN: usize = 16384;
     |           ^^^^^^^ help: convert the identifier to upper case (notice the capitalization): `X_TF_WN`

warning: constant `x_TF_TDEPTH` should have an upper case name
    --> /home/runner/work/Miner/Miner/references/round13-public-514/parse.rs:6090:11
     |
6090 | pub const x_TF_TDEPTH: usize = 1;
     |           ^^^^^^^^^^^ help: convert the identifier to upper case (notice the capitalization): `X_TF_TDEPTH`

warning: constant `x_TF_TLAZY` should have an upper case name
    --> /home/runner/work/Miner/Miner/references/round13-public-514/parse.rs:6091:11
     |
6091 | pub const x_TF_TLAZY: usize = 0;
     |           ^^^^^^^^^^ help: convert the identifier to upper case (notice the capitalization): `X_TF_TLAZY`

warning: constant `x_TF_TSKIP` should have an upper case name
    --> /home/runner/work/Miner/Miner/references/round13-public-514/parse.rs:6092:11
     |
6092 | pub const x_TF_TSKIP: usize = 3;
     |           ^^^^^^^^^^ help: convert the identifier to upper case (notice the capitalization): `X_TF_TSKIP`

warning: constant `x_TF_SDEPTH` should have an upper case name
    --> /home/runner/work/Miner/Miner/references/round13-public-514/parse.rs:6093:11
     |
6093 | pub const x_TF_SDEPTH: usize = 1;
     |           ^^^^^^^^^^^ help: convert the identifier to upper case (notice the capitalization): `X_TF_SDEPTH`

warning: constant `x_TF_SLAZY` should have an upper case name
    --> /home/runner/work/Miner/Miner/references/round13-public-514/parse.rs:6094:11
     |
6094 | pub const x_TF_SLAZY: usize = 258;
     |           ^^^^^^^^^^ help: convert the identifier to upper case (notice the capitalization): `X_TF_SLAZY`

warning: constant `x_TF_SSKIP` should have an upper case name
    --> /home/runner/work/Miner/Miner/references/round13-public-514/parse.rs:6095:11
     |
6095 | pub const x_TF_SSKIP: usize = 3;
     |           ^^^^^^^^^^ help: convert the identifier to upper case (notice the capitalization): `X_TF_SSKIP`

warning: constant `x_TF_BDEPTH` should have an upper case name
    --> /home/runner/work/Miner/Miner/references/round13-public-514/parse.rs:6096:11
     |
6096 | pub const x_TF_BDEPTH: usize = 0;
     |           ^^^^^^^^^^^ help: convert the identifier to upper case (notice the capitalization): `X_TF_BDEPTH`

warning: constant `x_TF_BLAZY` should have an upper case name
    --> /home/runner/work/Miner/Miner/references/round13-public-514/parse.rs:6097:11
     |
6097 | pub const x_TF_BLAZY: usize = 0;
     |           ^^^^^^^^^^ help: convert the identifier to upper case (notice the capitalization): `X_TF_BLAZY`

warning: constant `x_TF_BSKIP` should have an upper case name
    --> /home/runner/work/Miner/Miner/references/round13-public-514/parse.rs:6098:11
     |
6098 | pub const x_TF_BSKIP: usize = 4;
     |           ^^^^^^^^^^ help: convert the identifier to upper case (notice the capitalization): `X_TF_BSKIP`

warning: constant `x_TF_NICE` should have an upper case name
    --> /home/runner/work/Miner/Miner/references/round13-public-514/parse.rs:6100:11
     |
6100 | pub const x_TF_NICE: usize = 64;
     |           ^^^^^^^^^ help: convert the identifier to upper case (notice the capitalization): `X_TF_NICE`

warning: constant `x_TF_SKCAP` should have an upper case name
    --> /home/runner/work/Miner/Miner/references/round13-public-514/parse.rs:6101:11
     |
6101 | pub const x_TF_SKCAP: usize = 1000000;
     |           ^^^^^^^^^^ help: convert the identifier to upper case (notice the capitalization): `X_TF_SKCAP`

warning: constant `x_TF_TRLE` should have an upper case name
    --> /home/runner/work/Miner/Miner/references/round13-public-514/parse.rs:6103:11
     |
6103 | pub const x_TF_TRLE: usize = 1;
     |           ^^^^^^^^^ help: convert the identifier to upper case (notice the capitalization): `X_TF_TRLE`

warning: constant `x_TF_BACK` should have an upper case name
    --> /home/runner/work/Miner/Miner/references/round13-public-514/parse.rs:6106:11
     |
6106 | pub const x_TF_BACK: usize = 1;
     |           ^^^^^^^^^ help: convert the identifier to upper case (notice the capitalization): `X_TF_BACK`

warning: constant `x_TF_FOLD` should have an upper case name
    --> /home/runner/work/Miner/Miner/references/round13-public-514/parse.rs:6107:11
     |
6107 | pub const x_TF_FOLD: usize = 1;
     |           ^^^^^^^^^ help: convert the identifier to upper case (notice the capitalization): `X_TF_FOLD`

warning: constant `x_TF_REP` should have an upper case name
    --> /home/runner/work/Miner/Miner/references/round13-public-514/parse.rs:6109:11
     |
6109 | pub const x_TF_REP: usize = 0;
     |           ^^^^^^^^ help: convert the identifier to upper case (notice the capitalization): `X_TF_REP`

warning: constant `x_TF_RUNSKIP` should have an upper case name
    --> /home/runner/work/Miner/Miner/references/round13-public-514/parse.rs:6111:11
     |
6111 | pub const x_TF_RUNSKIP: usize = 1;
     |           ^^^^^^^^^^^^ help: convert the identifier to upper case (notice the capitalization): `X_TF_RUNSKIP`

warning: constant `x_TF_INS` should have an upper case name
    --> /home/runner/work/Miner/Miner/references/round13-public-514/parse.rs:6113:11
     |
6113 | pub const x_TF_INS: usize = 2;
     |           ^^^^^^^^ help: convert the identifier to upper case (notice the capitalization): `X_TF_INS`

warning: constant `x_TF_TAIL` should have an upper case name
    --> /home/runner/work/Miner/Miner/references/round13-public-514/parse.rs:6114:11
     |
6114 | pub const x_TF_TAIL: usize = 1;
     |           ^^^^^^^^^ help: convert the identifier to upper case (notice the capitalization): `X_TF_TAIL`

warning: constant `x_TF_KL` should have an upper case name
    --> /home/runner/work/Miner/Miner/references/round13-public-514/parse.rs:6117:11
     |
6117 | pub const x_TF_KL: u32 = 5;
     |           ^^^^^^^ help: convert the identifier to upper case (notice the capitalization): `X_TF_KL`

warning: constant `x_TF_KD` should have an upper case name
    --> /home/runner/work/Miner/Miner/references/round13-public-514/parse.rs:6118:11
     |
6118 | pub const x_TF_KD: u32 = 5;
     |           ^^^^^^^ help: convert the identifier to upper case (notice the capitalization): `X_TF_KD`

warning: constant `x_TF_BKL` should have an upper case name
    --> /home/runner/work/Miner/Miner/references/round13-public-514/parse.rs:6119:11
     |
6119 | pub const x_TF_BKL: u32 = 3;
     |           ^^^^^^^^ help: convert the identifier to upper case (notice the capitalization): `X_TF_BKL`

warning: constant `x_TF_BKD` should have an upper case name
    --> /home/runner/work/Miner/Miner/references/round13-public-514/parse.rs:6120:11
     |
6120 | pub const x_TF_BKD: u32 = 3;
     |           ^^^^^^^^ help: convert the identifier to upper case (notice the capitalization): `X_TF_BKD`

warning: constant `x_TF_RDEPTH` should have an upper case name
    --> /home/runner/work/Miner/Miner/references/round13-public-514/parse.rs:6124:11
     |
6124 | pub const x_TF_RDEPTH: usize = 8;
     |           ^^^^^^^^^^^ help: convert the identifier to upper case (notice the capitalization): `X_TF_RDEPTH`

warning: constant `x_TF_SHIFT` should have an upper case name
    --> /home/runner/work/Miner/Miner/references/round13-public-514/parse.rs:6125:11
     |
6125 | pub const x_TF_SHIFT: usize = 1;
     |           ^^^^^^^^^^ help: convert the identifier to upper case (notice the capitalization): `X_TF_SHIFT`

warning: constant `x_TF_DLIT` should have an upper case name
    --> /home/runner/work/Miner/Miner/references/round13-public-514/parse.rs:6126:11
     |
6126 | pub const x_TF_DLIT: usize = 8;
     |           ^^^^^^^^^ help: convert the identifier to upper case (notice the capitalization): `X_TF_DLIT`

warning: constant `x_TF_LSYM` should have an upper case name
    --> /home/runner/work/Miner/Miner/references/round13-public-514/parse.rs:6619:11
     |
6619 | pub const x_TF_LSYM: [u8; 512] = [
     |           ^^^^^^^^^ help: convert the identifier to upper case (notice the capitalization): `X_TF_LSYM`

warning: constant `x_TF_DSYM` should have an upper case name
    --> /home/runner/work/Miner/Miner/references/round13-public-514/parse.rs:6638:11
     |
6638 | pub const x_TF_DSYM: [u8; 512] = [
     |           ^^^^^^^^^ help: convert the identifier to upper case (notice the capitalization): `X_TF_DSYM`

warning: constant `x_TF_LBASE` should have an upper case name
    --> /home/runner/work/Miner/Miner/references/round13-public-514/parse.rs:6657:11
     |
6657 | pub const x_TF_LBASE: [u16; 32] = [3, 4, 5, 6, 7, 8, 9, 10, 11, 13, 15, 17, 19, 23, 27, 31, 35, 43, 51, 59, 67, 83, 99, 115, 131, ...
     |           ^^^^^^^^^^ help: convert the identifier to upper case (notice the capitalization): `X_TF_LBASE`

warning: constant `x_TF_LTOP` should have an upper case name
    --> /home/runner/work/Miner/Miner/references/round13-public-514/parse.rs:6658:11
     |
6658 | pub const x_TF_LTOP: [u16; 32] = [3, 4, 5, 6, 7, 8, 9, 10, 12, 14, 16, 18, 22, 26, 30, 34, 42, 50, 58, 66, 82, 98, 114, 130, 162, ...
     |           ^^^^^^^^^ help: convert the identifier to upper case (notice the capitalization): `X_TF_LTOP`

warning: constant `m_HB` should have an upper case name
    --> /home/runner/work/Miner/Miner/references/round13-public-514/parse.rs:6684:11
     |
6684 | pub const m_HB: u32 = 15;
     |           ^^^^ help: convert the identifier to upper case: `M_HB`

warning: constant `m_HN` should have an upper case name
    --> /home/runner/work/Miner/Miner/references/round13-public-514/parse.rs:6685:11
     |
6685 | pub const m_HN: usize = 65536;
     |           ^^^^ help: convert the identifier to upper case: `M_HN`

warning: constant `m_WN` should have an upper case name
    --> /home/runner/work/Miner/Miner/references/round13-public-514/parse.rs:6686:11
     |
6686 | pub const m_WN: usize = 32768;
     |           ^^^^ help: convert the identifier to upper case: `M_WN`

warning: constant `m_SMALL` should have an upper case name
    --> /home/runner/work/Miner/Miner/references/round13-public-514/parse.rs:6688:11
     |
6688 | pub const m_SMALL: usize = 65536;
     |           ^^^^^^^ help: convert the identifier to upper case: `M_SMALL`

warning: constant `m_HS` should have an upper case name
    --> /home/runner/work/Miner/Miner/references/round13-public-514/parse.rs:6689:11
     |
6689 | pub const m_HS: usize = 8192;
     |           ^^^^ help: convert the identifier to upper case: `M_HS`

warning: constant `m_WS` should have an upper case name
    --> /home/runner/work/Miner/Miner/references/round13-public-514/parse.rs:6690:11
     |
6690 | pub const m_WS: usize = 16384;
     |           ^^^^ help: convert the identifier to upper case: `M_WS`

warning: constant `m_NICE` should have an upper case name
    --> /home/runner/work/Miner/Miner/references/round13-public-514/parse.rs:6691:11
     |
6691 | pub const m_NICE: usize = 128;
     |           ^^^^^^ help: convert the identifier to upper case: `M_NICE`

warning: constant `m_INS_MAX` should have an upper case name
    --> /home/runner/work/Miner/Miner/references/round13-public-514/parse.rs:6692:11
     |
6692 | pub const m_INS_MAX: usize = 16;
     |           ^^^^^^^^^ help: convert the identifier to upper case: `M_INS_MAX`

warning: constant `m_TAIL` should have an upper case name
    --> /home/runner/work/Miner/Miner/references/round13-public-514/parse.rs:6693:11
     |
6693 | pub const m_TAIL: usize = 1;
     |           ^^^^^^ help: convert the identifier to upper case: `M_TAIL`

warning: constant `m_STRIDE` should have an upper case name
    --> /home/runner/work/Miner/Miner/references/round13-public-514/parse.rs:6696:11
     |
6696 | pub const m_STRIDE: usize = 4;
     |           ^^^^^^^^ help: convert the identifier to upper case: `M_STRIDE`

warning: constant `m_BACKTOK` should have an upper case name
    --> /home/runner/work/Miner/Miner/references/round13-public-514/parse.rs:6697:11
     |
6697 | pub const m_BACKTOK: usize = 16;
     |           ^^^^^^^^^ help: convert the identifier to upper case: `M_BACKTOK`

warning: constant `m_LDEPTH` should have an upper case name
    --> /home/runner/work/Miner/Miner/references/round13-public-514/parse.rs:6698:11
     |
6698 | pub const m_LDEPTH: usize = 1;
     |           ^^^^^^^^ help: convert the identifier to upper case: `M_LDEPTH`

warning: constant `m_SAMPLE` should have an upper case name
    --> /home/runner/work/Miner/Miner/references/round13-public-514/parse.rs:6699:11
     |
6699 | pub const m_SAMPLE: usize = 2048;
     |           ^^^^^^^^ help: convert the identifier to upper case: `M_SAMPLE`

warning: constant `m_VERIFY` should have an upper case name
    --> /home/runner/work/Miner/Miner/references/round13-public-514/parse.rs:6700:11
     |
6700 | pub const m_VERIFY: usize = 0;
     |           ^^^^^^^^ help: convert the identifier to upper case: `M_VERIFY`

warning: constant `m_LSLACK` should have an upper case name
    --> /home/runner/work/Miner/Miner/references/round13-public-514/parse.rs:6704:11
     |
6704 | pub const m_LSLACK: usize = 1;
     |           ^^^^^^^^ help: convert the identifier to upper case: `M_LSLACK`

warning: constant `m_HLIT` should have an upper case name
    --> /home/runner/work/Miner/Miner/references/round13-public-514/parse.rs:6705:11
     |
6705 | pub const m_HLIT: u32 = 64;
     |           ^^^^^^ help: convert the identifier to upper case: `M_HLIT`

warning: constant `m_B_HLIT` should have an upper case name
    --> /home/runner/work/Miner/Miner/references/round13-public-514/parse.rs:6707:11
     |
6707 | pub const m_B_HLIT: u32 = 64;
     |           ^^^^^^^^ help: convert the identifier to upper case: `M_B_HLIT`

warning: constant `m_GBASE` should have an upper case name
    --> /home/runner/work/Miner/Miner/references/round13-public-514/parse.rs:6708:11
     |
6708 | pub const m_GBASE: i32 = 168;
     |           ^^^^^^^ help: convert the identifier to upper case: `M_GBASE`

warning: constant `m_T_DEPTH` should have an upper case name
    --> /home/runner/work/Miner/Miner/references/round13-public-514/parse.rs:6712:11
     |
6712 | pub const m_T_DEPTH: usize = 4;
     |           ^^^^^^^^^ help: convert the identifier to upper case: `M_T_DEPTH`

warning: constant `m_T_LAZY` should have an upper case name
    --> /home/runner/work/Miner/Miner/references/round13-public-514/parse.rs:6713:11
     |
6713 | pub const m_T_LAZY: usize = 128;
     |           ^^^^^^^^ help: convert the identifier to upper case: `M_T_LAZY`

warning: constant `m_T_SKIP` should have an upper case name
    --> /home/runner/work/Miner/Miner/references/round13-public-514/parse.rs:6714:11
     |
6714 | pub const m_T_SKIP: usize = 5;
     |           ^^^^^^^^ help: convert the identifier to upper case: `M_T_SKIP`

warning: constant `m_P_DEPTH` should have an upper case name
    --> /home/runner/work/Miner/Miner/references/round13-public-514/parse.rs:6715:11
     |
6715 | pub const m_P_DEPTH: usize = 8;
     |           ^^^^^^^^^ help: convert the identifier to upper case: `M_P_DEPTH`

warning: constant `m_P_LAZY` should have an upper case name
    --> /home/runner/work/Miner/Miner/references/round13-public-514/parse.rs:6716:11
     |
6716 | pub const m_P_LAZY: usize = 258;
     |           ^^^^^^^^ help: convert the identifier to upper case: `M_P_LAZY`

warning: constant `m_P_SKIP` should have an upper case name
    --> /home/runner/work/Miner/Miner/references/round13-public-514/parse.rs:6717:11
     |
6717 | pub const m_P_SKIP: usize = 5;
     |           ^^^^^^^^ help: convert the identifier to upper case: `M_P_SKIP`

warning: constant `m_H_DEPTH` should have an upper case name
    --> /home/runner/work/Miner/Miner/references/round13-public-514/parse.rs:6718:11
     |
6718 | pub const m_H_DEPTH: usize = 1;
     |           ^^^^^^^^^ help: convert the identifier to upper case: `M_H_DEPTH`

warning: constant `m_H_LAZY` should have an upper case name
    --> /home/runner/work/Miner/Miner/references/round13-public-514/parse.rs:6719:11
     |
6719 | pub const m_H_LAZY: usize = 0;
     |           ^^^^^^^^ help: convert the identifier to upper case: `M_H_LAZY`

warning: constant `m_H_SKIP` should have an upper case name
    --> /home/runner/work/Miner/Miner/references/round13-public-514/parse.rs:6720:11
     |
6720 | pub const m_H_SKIP: usize = 2;
     |           ^^^^^^^^ help: convert the identifier to upper case: `M_H_SKIP`

warning: constant `m_Z_DEPTH` should have an upper case name
    --> /home/runner/work/Miner/Miner/references/round13-public-514/parse.rs:6721:11
     |
6721 | pub const m_Z_DEPTH: usize = 3;
     |           ^^^^^^^^^ help: convert the identifier to upper case: `M_Z_DEPTH`

warning: constant `m_Z_SKIP` should have an upper case name
    --> /home/runner/work/Miner/Miner/references/round13-public-514/parse.rs:6722:11
     |
6722 | pub const m_Z_SKIP: usize = 6;
     |           ^^^^^^^^ help: convert the identifier to upper case: `M_Z_SKIP`

warning: constant `m_Z_CAP` should have an upper case name
    --> /home/runner/work/Miner/Miner/references/round13-public-514/parse.rs:6723:11
     |
6723 | pub const m_Z_CAP: usize = 8;
     |           ^^^^^^^ help: convert the identifier to upper case: `M_Z_CAP`

warning: constant `m_B_DEPTH` should have an upper case name
    --> /home/runner/work/Miner/Miner/references/round13-public-514/parse.rs:6724:11
     |
6724 | pub const m_B_DEPTH: usize = 4;
     |           ^^^^^^^^^ help: convert the identifier to upper case: `M_B_DEPTH`

warning: constant `m_B_LAZY` should have an upper case name
    --> /home/runner/work/Miner/Miner/references/round13-public-514/parse.rs:6725:11
     |
6725 | pub const m_B_LAZY: usize = 258;
     |           ^^^^^^^^ help: convert the identifier to upper case: `M_B_LAZY`

warning: constant `m_B_SKIP` should have an upper case name
    --> /home/runner/work/Miner/Miner/references/round13-public-514/parse.rs:6726:11
     |
6726 | pub const m_B_SKIP: usize = 8;
     |           ^^^^^^^^ help: convert the identifier to upper case: `M_B_SKIP`

warning: constant `m_SDIG` should have an upper case name
    --> /home/runner/work/Miner/Miner/references/round13-public-514/parse.rs:6729:11
     |
6729 | pub const m_SDIG: u32 = 6;
     |           ^^^^^^ help: convert the identifier to upper case: `M_SDIG`

warning: constant `m_S_DEPTH` should have an upper case name
    --> /home/runner/work/Miner/Miner/references/round13-public-514/parse.rs:6730:11
     |
6730 | pub const m_S_DEPTH: usize = 1;
     |           ^^^^^^^^^ help: convert the identifier to upper case: `M_S_DEPTH`

warning: constant `m_S_LDEPTH` should have an upper case name
    --> /home/runner/work/Miner/Miner/references/round13-public-514/parse.rs:6731:11
     |
6731 | pub const m_S_LDEPTH: usize = 3;
     |           ^^^^^^^^^^ help: convert the identifier to upper case: `M_S_LDEPTH`

warning: constant `m_S_LAZY` should have an upper case name
    --> /home/runner/work/Miner/Miner/references/round13-public-514/parse.rs:6732:11
     |
6732 | pub const m_S_LAZY: usize = 258;
     |           ^^^^^^^^ help: convert the identifier to upper case: `M_S_LAZY`

warning: constant `m_SKCAP` should have an upper case name
    --> /home/runner/work/Miner/Miner/references/round13-public-514/parse.rs:6734:11
     |
6734 | pub const m_SKCAP: usize = 1000000;
     |           ^^^^^^^ help: convert the identifier to upper case: `M_SKCAP`

warning: constant `m_P_NICE` should have an upper case name
    --> /home/runner/work/Miner/Miner/references/round13-public-514/parse.rs:6737:11
     |
6737 | pub const m_P_NICE: usize = 258;
     |           ^^^^^^^^ help: convert the identifier to upper case: `M_P_NICE`

warning: constant `m_S_NICE` should have an upper case name
    --> /home/runner/work/Miner/Miner/references/round13-public-514/parse.rs:6738:11
     |
6738 | pub const m_S_NICE: usize = 258;
     |           ^^^^^^^^ help: convert the identifier to upper case: `M_S_NICE`

warning: constant `m_H_NICE` should have an upper case name
    --> /home/runner/work/Miner/Miner/references/round13-public-514/parse.rs:6739:11
     |
6739 | pub const m_H_NICE: usize = 32;
     |           ^^^^^^^^ help: convert the identifier to upper case: `M_H_NICE`

warning: constant `m_Z_NICE` should have an upper case name
    --> /home/runner/work/Miner/Miner/references/round13-public-514/parse.rs:6740:11
     |
6740 | pub const m_Z_NICE: usize = 32;
     |           ^^^^^^^^ help: convert the identifier to upper case: `M_Z_NICE`

warning: constant `m_B_NICE` should have an upper case name
    --> /home/runner/work/Miner/Miner/references/round13-public-514/parse.rs:6741:11
     |
6741 | pub const m_B_NICE: usize = 258;
     |           ^^^^^^^^ help: convert the identifier to upper case: `M_B_NICE`

warning: constant `m_P_LDEPTH` should have an upper case name
    --> /home/runner/work/Miner/Miner/references/round13-public-514/parse.rs:6742:11
     |
6742 | pub const m_P_LDEPTH: usize = 1;
     |           ^^^^^^^^^^ help: convert the identifier to upper case: `M_P_LDEPTH`

warning: constant `m_H_LDEPTH` should have an upper case name
    --> /home/runner/work/Miner/Miner/references/round13-public-514/parse.rs:6743:11
     |
6743 | pub const m_H_LDEPTH: usize = 1;
     |           ^^^^^^^^^^ help: convert the identifier to upper case: `M_H_LDEPTH`

warning: constant `m_B_LDEPTH` should have an upper case name
    --> /home/runner/work/Miner/Miner/references/round13-public-514/parse.rs:6744:11
     |
6744 | pub const m_B_LDEPTH: usize = 2;
     |           ^^^^^^^^^^ help: convert the identifier to upper case: `M_B_LDEPTH`

warning: constant `m_P_INS` should have an upper case name
    --> /home/runner/work/Miner/Miner/references/round13-public-514/parse.rs:6745:11
     |
6745 | pub const m_P_INS: usize = 258;
     |           ^^^^^^^ help: convert the identifier to upper case: `M_P_INS`

warning: constant `m_S_INS` should have an upper case name
    --> /home/runner/work/Miner/Miner/references/round13-public-514/parse.rs:6746:11
     |
6746 | pub const m_S_INS: usize = 8;
     |           ^^^^^^^ help: convert the identifier to upper case: `M_S_INS`

warning: constant `m_B_INS` should have an upper case name
    --> /home/runner/work/Miner/Miner/references/round13-public-514/parse.rs:6747:11
     |
6747 | pub const m_B_INS: usize = 12;
     |           ^^^^^^^ help: convert the identifier to upper case: `M_B_INS`

warning: constant `m_H_INS` should have an upper case name
    --> /home/runner/work/Miner/Miner/references/round13-public-514/parse.rs:6748:11
     |
6748 | pub const m_H_INS: usize = 12;
     |           ^^^^^^^ help: convert the identifier to upper case: `M_H_INS`

warning: constant `m_P_STRIDE` should have an upper case name
    --> /home/runner/work/Miner/Miner/references/round13-public-514/parse.rs:6749:11
     |
6749 | pub const m_P_STRIDE: usize = 1;
     |           ^^^^^^^^^^ help: convert the identifier to upper case: `M_P_STRIDE`

warning: constant `m_S_STRIDE` should have an upper case name
    --> /home/runner/work/Miner/Miner/references/round13-public-514/parse.rs:6750:11
     |
6750 | pub const m_S_STRIDE: usize = 8;
     |           ^^^^^^^^^^ help: convert the identifier to upper case: `M_S_STRIDE`

warning: constant `m_B_STRIDE` should have an upper case name
    --> /home/runner/work/Miner/Miner/references/round13-public-514/parse.rs:6751:11
     |
6751 | pub const m_B_STRIDE: usize = 32;
     |           ^^^^^^^^^^ help: convert the identifier to upper case: `M_B_STRIDE`

warning: constant `m_LAZY2` should have an upper case name
    --> /home/runner/work/Miner/Miner/references/round13-public-514/parse.rs:6754:11
     |
6754 | pub const m_LAZY2: usize = 0;
     |           ^^^^^^^ help: convert the identifier to upper case: `M_LAZY2`

warning: constant `m_L2B` should have an upper case name
    --> /home/runner/work/Miner/Miner/references/round13-public-514/parse.rs:6755:11
     |
6755 | pub const m_L2B: i32 = 40;
     |           ^^^^^ help: convert the identifier to upper case: `M_L2_B`

warning: constant `m_L2DEPTH` should have an upper case name
    --> /home/runner/work/Miner/Miner/references/round13-public-514/parse.rs:6756:11
     |
6756 | pub const m_L2DEPTH: usize = 1;
     |           ^^^^^^^^^ help: convert the identifier to upper case: `M_L2_DEPTH`

warning: constant `m_MAIN_GM` should have an upper case name
    --> /home/runner/work/Miner/Miner/references/round13-public-514/parse.rs:6758:11
     |
6758 | pub const m_MAIN_GM: usize = 0;
     |           ^^^^^^^^^ help: convert the identifier to upper case: `M_MAIN_GM`

warning: constant `m_PARTIAL` should have an upper case name
    --> /home/runner/work/Miner/Miner/references/round13-public-514/parse.rs:6762:11
     |
6762 | pub const m_PARTIAL: usize = 0;
     |           ^^^^^^^^^ help: convert the identifier to upper case: `M_PARTIAL`

warning: constant `m_PDEPTH` should have an upper case name
    --> /home/runner/work/Miner/Miner/references/round13-public-514/parse.rs:6763:11
     |
6763 | pub const m_PDEPTH: usize = 8;
     |           ^^^^^^^^ help: convert the identifier to upper case: `M_PDEPTH`

warning: constant `m_FLAT_ON` should have an upper case name
    --> /home/runner/work/Miner/Miner/references/round13-public-514/parse.rs:6767:11
     |
6767 | pub const m_FLAT_ON: usize = 1;
     |           ^^^^^^^^^ help: convert the identifier to upper case: `M_FLAT_ON`

warning: constant `m_FLAT_DIV` should have an upper case name
    --> /home/runner/work/Miner/Miner/references/round13-public-514/parse.rs:6768:11
     |
6768 | pub const m_FLAT_DIV: u32 = 16;
     |           ^^^^^^^^^^ help: convert the identifier to upper case: `M_FLAT_DIV`

warning: constant `m_FLAT_SQ` should have an upper case name
    --> /home/runner/work/Miner/Miner/references/round13-public-514/parse.rs:6771:11
     |
6771 | pub const m_FLAT_SQ: u64 = 256;
     |           ^^^^^^^^^ help: convert the identifier to upper case: `M_FLAT_SQ`

warning: constant `m_F_DEPTH` should have an upper case name
    --> /home/runner/work/Miner/Miner/references/round13-public-514/parse.rs:6772:11
     |
6772 | pub const m_F_DEPTH: usize = 8;
     |           ^^^^^^^^^ help: convert the identifier to upper case: `M_F_DEPTH`

warning: constant `m_F_LAZY` should have an upper case name
    --> /home/runner/work/Miner/Miner/references/round13-public-514/parse.rs:6773:11
     |
6773 | pub const m_F_LAZY: usize = 0;
     |           ^^^^^^^^ help: convert the identifier to upper case: `M_F_LAZY`

warning: constant `m_F_LDEPTH` should have an upper case name
    --> /home/runner/work/Miner/Miner/references/round13-public-514/parse.rs:6774:11
     |
6774 | pub const m_F_LDEPTH: usize = 2;
     |           ^^^^^^^^^^ help: convert the identifier to upper case: `M_F_LDEPTH`

warning: constant `m_F_SKIP` should have an upper case name
    --> /home/runner/work/Miner/Miner/references/round13-public-514/parse.rs:6775:11
     |
6775 | pub const m_F_SKIP: usize = 6;
     |           ^^^^^^^^ help: convert the identifier to upper case: `M_F_SKIP`

warning: constant `m_H_STRIDE` should have an upper case name
    --> /home/runner/work/Miner/Miner/references/round13-public-514/parse.rs:6776:11
     |
6776 | pub const m_H_STRIDE: usize = 32;
     |           ^^^^^^^^^^ help: convert the identifier to upper case: `M_H_STRIDE`

warning: constant `m_D_ON` should have an upper case name
    --> /home/runner/work/Miner/Miner/references/round13-public-514/parse.rs:6832:11
     |
6832 | pub const m_D_ON: usize = 1;
     |           ^^^^^^ help: convert the identifier to upper case: `M_D_ON`

warning: constant `m_D_KEY` should have an upper case name
    --> /home/runner/work/Miner/Miner/references/round13-public-514/parse.rs:6833:11
     |
6833 | pub const m_D_KEY: u32 = 8;
     |           ^^^^^^^ help: convert the identifier to upper case: `M_D_KEY`

warning: constant `m_D_MINL` should have an upper case name
    --> /home/runner/work/Miner/Miner/references/round13-public-514/parse.rs:6834:11
     |
6834 | pub const m_D_MINL: usize = 9;
     |           ^^^^^^^^ help: convert the identifier to upper case: `M_D_MINL`

warning: constant `m_D_DEPTH` should have an upper case name
    --> /home/runner/work/Miner/Miner/references/round13-public-514/parse.rs:6835:11
     |
6835 | pub const m_D_DEPTH: usize = 1;
     |           ^^^^^^^^^ help: convert the identifier to upper case: `M_D_DEPTH`

warning: constant `m_D_LAZY` should have an upper case name
    --> /home/runner/work/Miner/Miner/references/round13-public-514/parse.rs:6836:11
     |
6836 | pub const m_D_LAZY: usize = 0;
     |           ^^^^^^^^ help: convert the identifier to upper case: `M_D_LAZY`

warning: constant `m_D_LDEPTH` should have an upper case name
    --> /home/runner/work/Miner/Miner/references/round13-public-514/parse.rs:6837:11
     |
6837 | pub const m_D_LDEPTH: usize = 1;
     |           ^^^^^^^^^^ help: convert the identifier to upper case: `M_D_LDEPTH`

warning: constant `m_D_SKIP` should have an upper case name
    --> /home/runner/work/Miner/Miner/references/round13-public-514/parse.rs:6838:11
     |
6838 | pub const m_D_SKIP: usize = 8;
     |           ^^^^^^^^ help: convert the identifier to upper case: `M_D_SKIP`

warning: constant `m_D_GM` should have an upper case name
    --> /home/runner/work/Miner/Miner/references/round13-public-514/parse.rs:6839:11
     |
6839 | pub const m_D_GM: usize = 0;
     |           ^^^^^^ help: convert the identifier to upper case: `M_D_GM`

warning: constant `pc_HB` should have an upper case name
    --> /home/runner/work/Miner/Miner/references/round13-public-514/parse.rs:6881:11
     |
6881 | pub const pc_HB: u32 = 15;
     |           ^^^^^
     |
help: convert the identifier to upper case
     |
6881 - pub const pc_HB: u32 = 15;
6881 + pub const PC_HB: u32 = 15;
     |

warning: constant `pc_HN` should have an upper case name
    --> /home/runner/work/Miner/Miner/references/round13-public-514/parse.rs:6882:11
     |
6882 | pub const pc_HN: usize = 32768;
     |           ^^^^^ help: convert the identifier to upper case: `PC_HN`

warning: constant `pc_WN` should have an upper case name
    --> /home/runner/work/Miner/Miner/references/round13-public-514/parse.rs:6883:11
     |
6883 | pub const pc_WN: usize = 32768;
     |           ^^^^^ help: convert the identifier to upper case: `PC_WN`

warning: constant `pc_SMALL` should have an upper case name
    --> /home/runner/work/Miner/Miner/references/round13-public-514/parse.rs:6885:11
     |
6885 | pub const pc_SMALL: usize = 65536;
     |           ^^^^^^^^ help: convert the identifier to upper case: `PC_SMALL`

warning: constant `pc_HS` should have an upper case name
    --> /home/runner/work/Miner/Miner/references/round13-public-514/parse.rs:6886:11
     |
6886 | pub const pc_HS: usize = 4096;
     |           ^^^^^ help: convert the identifier to upper case: `PC_HS`

warning: constant `pc_WS` should have an upper case name
    --> /home/runner/work/Miner/Miner/references/round13-public-514/parse.rs:6887:11
     |
6887 | pub const pc_WS: usize = 16384;
     |           ^^^^^ help: convert the identifier to upper case: `PC_WS`

warning: constant `pc_NICE` should have an upper case name
    --> /home/runner/work/Miner/Miner/references/round13-public-514/parse.rs:6888:11
     |
6888 | pub const pc_NICE: usize = 32;
     |           ^^^^^^^ help: convert the identifier to upper case: `PC_NICE`

warning: constant `pc_INS_MAX` should have an upper case name
    --> /home/runner/work/Miner/Miner/references/round13-public-514/parse.rs:6889:11
     |
6889 | pub const pc_INS_MAX: usize = 2;
     |           ^^^^^^^^^^
     |
help: convert the identifier to upper case
     |
6889 - pub const pc_INS_MAX: usize = 2;
6889 + pub const PC_INS_MAX: usize = 2;
     |

warning: constant `pc_TAIL` should have an upper case name
    --> /home/runner/work/Miner/Miner/references/round13-public-514/parse.rs:6890:11
     |
6890 | pub const pc_TAIL: usize = 1;
     |           ^^^^^^^
     |
help: convert the identifier to upper case
     |
6890 - pub const pc_TAIL: usize = 1;
6890 + pub const PC_TAIL: usize = 1;
     |

warning: constant `pc_STRIDE` should have an upper case name
    --> /home/runner/work/Miner/Miner/references/round13-public-514/parse.rs:6893:11
     |
6893 | pub const pc_STRIDE: usize = 0;
     |           ^^^^^^^^^ help: convert the identifier to upper case: `PC_STRIDE`

warning: constant `pc_BACKTOK` should have an upper case name
    --> /home/runner/work/Miner/Miner/references/round13-public-514/parse.rs:6894:11
     |
6894 | pub const pc_BACKTOK: usize = 16;
     |           ^^^^^^^^^^
     |
help: convert the identifier to upper case
     |
6894 - pub const pc_BACKTOK: usize = 16;
6894 + pub const PC_BACKTOK: usize = 16;
     |

warning: constant `pc_LDEPTH` should have an upper case name
    --> /home/runner/work/Miner/Miner/references/round13-public-514/parse.rs:6895:11
     |
6895 | pub const pc_LDEPTH: usize = 1;
     |           ^^^^^^^^^ help: convert the identifier to upper case: `PC_LDEPTH`

warning: constant `pc_SAMPLE` should have an upper case name
    --> /home/runner/work/Miner/Miner/references/round13-public-514/parse.rs:6896:11
     |
6896 | pub const pc_SAMPLE: usize = 2048;
     |           ^^^^^^^^^ help: convert the identifier to upper case: `PC_SAMPLE`

warning: constant `pc_VERIFY` should have an upper case name
    --> /home/runner/work/Miner/Miner/references/round13-public-514/parse.rs:6897:11
     |
6897 | pub const pc_VERIFY: usize = 0;
     |           ^^^^^^^^^
     |
help: convert the identifier to upper case
     |
6897 - pub const pc_VERIFY: usize = 0;
6897 + pub const PC_VERIFY: usize = 0;
     |

warning: constant `pc_LSLACK` should have an upper case name
    --> /home/runner/work/Miner/Miner/references/round13-public-514/parse.rs:6901:11
     |
6901 | pub const pc_LSLACK: usize = 1;
     |           ^^^^^^^^^
     |
help: convert the identifier to upper case
     |
6901 - pub const pc_LSLACK: usize = 1;
6901 + pub const PC_LSLACK: usize = 1;
     |

warning: constant `pc_HLIT` should have an upper case name
    --> /home/runner/work/Miner/Miner/references/round13-public-514/parse.rs:6902:11
     |
6902 | pub const pc_HLIT: u32 = 80;
     |           ^^^^^^^
     |
help: convert the identifier to upper case
     |
6902 - pub const pc_HLIT: u32 = 80;
6902 + pub const PC_HLIT: u32 = 80;
     |

warning: constant `pc_GBASE` should have an upper case name
    --> /home/runner/work/Miner/Miner/references/round13-public-514/parse.rs:6903:11
     |
6903 | pub const pc_GBASE: i32 = 168;
     |           ^^^^^^^^
     |
help: convert the identifier to upper case
     |
6903 - pub const pc_GBASE: i32 = 168;
6903 + pub const PC_GBASE: i32 = 168;
     |

warning: constant `pc_T_DEPTH` should have an upper case name
    --> /home/runner/work/Miner/Miner/references/round13-public-514/parse.rs:6907:11
     |
6907 | pub const pc_T_DEPTH: usize = 1;
     |           ^^^^^^^^^^ help: convert the identifier to upper case: `PC_T_DEPTH`

warning: constant `pc_T_LAZY` should have an upper case name
    --> /home/runner/work/Miner/Miner/references/round13-public-514/parse.rs:6908:11
     |
6908 | pub const pc_T_LAZY: usize = 0;
     |           ^^^^^^^^^ help: convert the identifier to upper case: `PC_T_LAZY`

warning: constant `pc_T_SKIP` should have an upper case name
    --> /home/runner/work/Miner/Miner/references/round13-public-514/parse.rs:6909:11
     |
6909 | pub const pc_T_SKIP: usize = 4;
     |           ^^^^^^^^^ help: convert the identifier to upper case: `PC_T_SKIP`

warning: constant `pc_P_DEPTH` should have an upper case name
    --> /home/runner/work/Miner/Miner/references/round13-public-514/parse.rs:6910:11
     |
6910 | pub const pc_P_DEPTH: usize = 1;
     |           ^^^^^^^^^^ help: convert the identifier to upper case: `PC_P_DEPTH`

warning: constant `pc_P_LAZY` should have an upper case name
    --> /home/runner/work/Miner/Miner/references/round13-public-514/parse.rs:6911:11
     |
6911 | pub const pc_P_LAZY: usize = 0;
     |           ^^^^^^^^^ help: convert the identifier to upper case: `PC_P_LAZY`

warning: constant `pc_P_SKIP` should have an upper case name
    --> /home/runner/work/Miner/Miner/references/round13-public-514/parse.rs:6912:11
     |
6912 | pub const pc_P_SKIP: usize = 5;
     |           ^^^^^^^^^ help: convert the identifier to upper case: `PC_P_SKIP`

warning: constant `pc_P_KM` should have an upper case name
    --> /home/runner/work/Miner/Miner/references/round13-public-514/parse.rs:6914:11
     |
6914 | pub const pc_P_KM: u32 = 4294967295;
     |           ^^^^^^^ help: convert the identifier to upper case: `PC_P_KM`

warning: constant `pc_H_DEPTH` should have an upper case name
    --> /home/runner/work/Miner/Miner/references/round13-public-514/parse.rs:6915:11
     |
6915 | pub const pc_H_DEPTH: usize = 3;
     |           ^^^^^^^^^^ help: convert the identifier to upper case: `PC_H_DEPTH`

warning: constant `pc_H_LAZY` should have an upper case name
    --> /home/runner/work/Miner/Miner/references/round13-public-514/parse.rs:6916:11
     |
6916 | pub const pc_H_LAZY: usize = 0;
     |           ^^^^^^^^^ help: convert the identifier to upper case: `PC_H_LAZY`

warning: constant `pc_H_SKIP` should have an upper case name
    --> /home/runner/work/Miner/Miner/references/round13-public-514/parse.rs:6917:11
     |
6917 | pub const pc_H_SKIP: usize = 3;
     |           ^^^^^^^^^ help: convert the identifier to upper case: `PC_H_SKIP`

warning: constant `pc_Z_DEPTH` should have an upper case name
    --> /home/runner/work/Miner/Miner/references/round13-public-514/parse.rs:6918:11
     |
6918 | pub const pc_Z_DEPTH: usize = 1;
     |           ^^^^^^^^^^ help: convert the identifier to upper case: `PC_Z_DEPTH`

warning: constant `pc_Z_SKIP` should have an upper case name
    --> /home/runner/work/Miner/Miner/references/round13-public-514/parse.rs:6919:11
     |
6919 | pub const pc_Z_SKIP: usize = 4;
     |           ^^^^^^^^^ help: convert the identifier to upper case: `PC_Z_SKIP`

warning: constant `pc_Z_CAP` should have an upper case name
    --> /home/runner/work/Miner/Miner/references/round13-public-514/parse.rs:6920:11
     |
6920 | pub const pc_Z_CAP: usize = 8;
     |           ^^^^^^^^ help: convert the identifier to upper case: `PC_Z_CAP`

warning: constant `pc_B_DEPTH` should have an upper case name
    --> /home/runner/work/Miner/Miner/references/round13-public-514/parse.rs:6921:11
     |
6921 | pub const pc_B_DEPTH: usize = 4;
     |           ^^^^^^^^^^ help: convert the identifier to upper case: `PC_B_DEPTH`

warning: constant `pc_B_LAZY` should have an upper case name
    --> /home/runner/work/Miner/Miner/references/round13-public-514/parse.rs:6922:11
     |
6922 | pub const pc_B_LAZY: usize = 3;
     |           ^^^^^^^^^ help: convert the identifier to upper case: `PC_B_LAZY`

warning: constant `pc_B_SKIP` should have an upper case name
    --> /home/runner/work/Miner/Miner/references/round13-public-514/parse.rs:6923:11
     |
6923 | pub const pc_B_SKIP: usize = 4;
     |           ^^^^^^^^^ help: convert the identifier to upper case: `PC_B_SKIP`

warning: constant `pc_SDIG` should have an upper case name
    --> /home/runner/work/Miner/Miner/references/round13-public-514/parse.rs:6926:11
     |
6926 | pub const pc_SDIG: u32 = 6;
     |           ^^^^^^^ help: convert the identifier to upper case: `PC_SDIG`

warning: constant `pc_S_DEPTH` should have an upper case name
    --> /home/runner/work/Miner/Miner/references/round13-public-514/parse.rs:6927:11
     |
6927 | pub const pc_S_DEPTH: usize = 1;
     |           ^^^^^^^^^^ help: convert the identifier to upper case: `PC_S_DEPTH`

warning: constant `pc_S_LDEPTH` should have an upper case name
    --> /home/runner/work/Miner/Miner/references/round13-public-514/parse.rs:6928:11
     |
6928 | pub const pc_S_LDEPTH: usize = 1;
     |           ^^^^^^^^^^^ help: convert the identifier to upper case: `PC_S_LDEPTH`

warning: constant `pc_S_LAZY` should have an upper case name
    --> /home/runner/work/Miner/Miner/references/round13-public-514/parse.rs:6929:11
     |
6929 | pub const pc_S_LAZY: usize = 258;
     |           ^^^^^^^^^ help: convert the identifier to upper case: `PC_S_LAZY`

warning: constant `pc_SKCAP` should have an upper case name
    --> /home/runner/work/Miner/Miner/references/round13-public-514/parse.rs:6931:11
     |
6931 | pub const pc_SKCAP: usize = 1000000;
     |           ^^^^^^^^ help: convert the identifier to upper case: `PC_SKCAP`

warning: constant `pc_R1_ON` should have an upper case name
    --> /home/runner/work/Miner/Miner/references/round13-public-514/parse.rs:6934:11
     |
6934 | pub const pc_R1_ON: usize = 1;
     |           ^^^^^^^^ help: convert the identifier to upper case: `PC_R1_ON`

warning: constant `pc_ST_ON` should have an upper case name
    --> /home/runner/work/Miner/Miner/references/round13-public-514/parse.rs:6940:11
     |
6940 | pub const pc_ST_ON: usize = 1;
     |           ^^^^^^^^ help: convert the identifier to upper case: `PC_ST_ON`

warning: constant `pc_ST_MIN` should have an upper case name
    --> /home/runner/work/Miner/Miner/references/round13-public-514/parse.rs:6941:11
     |
6941 | pub const pc_ST_MIN: usize = 65536;
     |           ^^^^^^^^^ help: convert the identifier to upper case: `PC_ST_MIN`

warning: constant `pc_ST_SAMPLE` should have an upper case name
    --> /home/runner/work/Miner/Miner/references/round13-public-514/parse.rs:6942:11
     |
6942 | pub const pc_ST_SAMPLE: usize = 4096;
     |           ^^^^^^^^^^^^ help: convert the identifier to upper case: `PC_ST_SAMPLE`

warning: constant `pc_ST_FEW` should have an upper case name
    --> /home/runner/work/Miner/Miner/references/round13-public-514/parse.rs:6943:11
     |
6943 | pub const pc_ST_FEW: usize = 32;
     |           ^^^^^^^^^ help: convert the identifier to upper case: `PC_ST_FEW`

warning: constant `pc_ST_MANY` should have an upper case name
    --> /home/runner/work/Miner/Miner/references/round13-public-514/parse.rs:6944:11
     |
6944 | pub const pc_ST_MANY: usize = 160;
     |           ^^^^^^^^^^ help: convert the identifier to upper case: `PC_ST_MANY`

warning: constant `pc_ST_HB` should have an upper case name
    --> /home/runner/work/Miner/Miner/references/round13-public-514/parse.rs:6945:11
     |
6945 | pub const pc_ST_HB: u32 = 17;
     |           ^^^^^^^^ help: convert the identifier to upper case: `PC_ST_HB`

warning: constant `pc_ST_HN` should have an upper case name
    --> /home/runner/work/Miner/Miner/references/round13-public-514/parse.rs:6946:11
     |
6946 | pub const pc_ST_HN: usize = 131072;
     |           ^^^^^^^^ help: convert the identifier to upper case: `PC_ST_HN`

warning: constant `pc_ST_DMAX` should have an upper case name
    --> /home/runner/work/Miner/Miner/references/round13-public-514/parse.rs:6947:11
     |
6947 | pub const pc_ST_DMAX: usize = 32768;
     |           ^^^^^^^^^^ help: convert the identifier to upper case: `PC_ST_DMAX`

warning: constant `pc_ST_INS` should have an upper case name
    --> /home/runner/work/Miner/Miner/references/round13-public-514/parse.rs:6951:11
     |
6951 | pub const pc_ST_INS: usize = 258;
     |           ^^^^^^^^^ help: convert the identifier to upper case: `PC_ST_INS`

warning: constant `pc_ST_DMIN` should have an upper case name
    --> /home/runner/work/Miner/Miner/references/round13-public-514/parse.rs:6952:11
     |
6952 | pub const pc_ST_DMIN: usize = 129;
     |           ^^^^^^^^^^ help: convert the identifier to upper case: `PC_ST_DMIN`

warning: constant `pc_TF_N` should have an upper case name
    --> /home/runner/work/Miner/Miner/references/round13-public-514/parse.rs:6957:11
     |
6957 | pub const pc_TF_N: usize = 65536;
     |           ^^^^^^^ help: convert the identifier to upper case: `PC_TF_N`

warning: constant `pc_TF_TEXT` should have an upper case name
    --> /home/runner/work/Miner/Miner/references/round13-public-514/parse.rs:6958:11
     |
6958 | pub const pc_TF_TEXT: usize = 1;
     |           ^^^^^^^^^^ help: convert the identifier to upper case: `PC_TF_TEXT`

warning: constant `pc_TF_TKIND` should have an upper case name
    --> /home/runner/work/Miner/Miner/references/round13-public-514/parse.rs:6959:11
     |
6959 | pub const pc_TF_TKIND: usize = 1;
     |           ^^^^^^^^^^^ help: convert the identifier to upper case: `PC_TF_TKIND`

warning: constant `pc_TF_SAMPLE` should have an upper case name
    --> /home/runner/work/Miner/Miner/references/round13-public-514/parse.rs:6962:11
     |
6962 | pub const pc_TF_SAMPLE: usize = 256;
     |           ^^^^^^^^^^^^ help: convert the identifier to upper case: `PC_TF_SAMPLE`

warning: constant `pc_TF_SDIG` should have an upper case name
    --> /home/runner/work/Miner/Miner/references/round13-public-514/parse.rs:6963:11
     |
6963 | pub const pc_TF_SDIG: u32 = 6;
     |           ^^^^^^^^^^ help: convert the identifier to upper case: `PC_TF_SDIG`

warning: constant `pc_TF_HB` should have an upper case name
    --> /home/runner/work/Miner/Miner/references/round13-public-514/parse.rs:6969:11
     |
6969 | pub const pc_TF_HB: u32 = 12;
     |           ^^^^^^^^ help: convert the identifier to upper case: `PC_TF_HB`

warning: constant `pc_TF_HN` should have an upper case name
    --> /home/runner/work/Miner/Miner/references/round13-public-514/parse.rs:6970:11
     |
6970 | pub const pc_TF_HN: usize = 4096;
     |           ^^^^^^^^ help: convert the identifier to upper case: `PC_TF_HN`

warning: constant `pc_TF_WN` should have an upper case name
    --> /home/runner/work/Miner/Miner/references/round13-public-514/parse.rs:6971:11
     |
6971 | pub const pc_TF_WN: usize = 16384;
     |           ^^^^^^^^ help: convert the identifier to upper case: `PC_TF_WN`

warning: constant `pc_TF_TDEPTH` should have an upper case name
    --> /home/runner/work/Miner/Miner/references/round13-public-514/parse.rs:6975:11
     |
6975 | pub const pc_TF_TDEPTH: usize = 1;
     |           ^^^^^^^^^^^^ help: convert the identifier to upper case: `PC_TF_TDEPTH`

warning: constant `pc_TF_TLAZY` should have an upper case name
    --> /home/runner/work/Miner/Miner/references/round13-public-514/parse.rs:6976:11
     |
6976 | pub const pc_TF_TLAZY: usize = 0;
     |           ^^^^^^^^^^^ help: convert the identifier to upper case: `PC_TF_TLAZY`

warning: constant `pc_TF_TSKIP` should have an upper case name
    --> /home/runner/work/Miner/Miner/references/round13-public-514/parse.rs:6977:11
     |
6977 | pub const pc_TF_TSKIP: usize = 3;
     |           ^^^^^^^^^^^ help: convert the identifier to upper case: `PC_TF_TSKIP`

warning: constant `pc_TF_SDEPTH` should have an upper case name
    --> /home/runner/work/Miner/Miner/references/round13-public-514/parse.rs:6978:11
     |
6978 | pub const pc_TF_SDEPTH: usize = 1;
     |           ^^^^^^^^^^^^ help: convert the identifier to upper case: `PC_TF_SDEPTH`

warning: constant `pc_TF_SLAZY` should have an upper case name
    --> /home/runner/work/Miner/Miner/references/round13-public-514/parse.rs:6979:11
     |
6979 | pub const pc_TF_SLAZY: usize = 258;
     |           ^^^^^^^^^^^ help: convert the identifier to upper case: `PC_TF_SLAZY`

warning: constant `pc_TF_SSKIP` should have an upper case name
    --> /home/runner/work/Miner/Miner/references/round13-public-514/parse.rs:6980:11
     |
6980 | pub const pc_TF_SSKIP: usize = 3;
     |           ^^^^^^^^^^^ help: convert the identifier to upper case: `PC_TF_SSKIP`

warning: constant `pc_TF_BDEPTH` should have an upper case name
    --> /home/runner/work/Miner/Miner/references/round13-public-514/parse.rs:6981:11
     |
6981 | pub const pc_TF_BDEPTH: usize = 0;
     |           ^^^^^^^^^^^^ help: convert the identifier to upper case: `PC_TF_BDEPTH`

warning: constant `pc_TF_BLAZY` should have an upper case name
    --> /home/runner/work/Miner/Miner/references/round13-public-514/parse.rs:6982:11
     |
6982 | pub const pc_TF_BLAZY: usize = 0;
     |           ^^^^^^^^^^^ help: convert the identifier to upper case: `PC_TF_BLAZY`

warning: constant `pc_TF_BSKIP` should have an upper case name
    --> /home/runner/work/Miner/Miner/references/round13-public-514/parse.rs:6983:11
     |
6983 | pub const pc_TF_BSKIP: usize = 4;
     |           ^^^^^^^^^^^ help: convert the identifier to upper case: `PC_TF_BSKIP`

warning: constant `pc_TF_NICE` should have an upper case name
    --> /home/runner/work/Miner/Miner/references/round13-public-514/parse.rs:6985:11
     |
6985 | pub const pc_TF_NICE: usize = 64;
     |           ^^^^^^^^^^ help: convert the identifier to upper case: `PC_TF_NICE`

warning: constant `pc_TF_SKCAP` should have an upper case name
    --> /home/runner/work/Miner/Miner/references/round13-public-514/parse.rs:6986:11
     |
6986 | pub const pc_TF_SKCAP: usize = 1000000;
     |           ^^^^^^^^^^^ help: convert the identifier to upper case: `PC_TF_SKCAP`

warning: constant `pc_TF_TRLE` should have an upper case name
    --> /home/runner/work/Miner/Miner/references/round13-public-514/parse.rs:6988:11
     |
6988 | pub const pc_TF_TRLE: usize = 1;
     |           ^^^^^^^^^^ help: convert the identifier to upper case: `PC_TF_TRLE`

warning: constant `pc_TF_BACK` should have an upper case name
    --> /home/runner/work/Miner/Miner/references/round13-public-514/parse.rs:6991:11
     |
6991 | pub const pc_TF_BACK: usize = 1;
     |           ^^^^^^^^^^ help: convert the identifier to upper case: `PC_TF_BACK`

warning: constant `pc_TF_FOLD` should have an upper case name
    --> /home/runner/work/Miner/Miner/references/round13-public-514/parse.rs:6992:11
     |
6992 | pub const pc_TF_FOLD: usize = 1;
     |           ^^^^^^^^^^ help: convert the identifier to upper case: `PC_TF_FOLD`

warning: constant `pc_TF_REP` should have an upper case name
    --> /home/runner/work/Miner/Miner/references/round13-public-514/parse.rs:6994:11
     |
6994 | pub const pc_TF_REP: usize = 0;
     |           ^^^^^^^^^ help: convert the identifier to upper case: `PC_TF_REP`

warning: constant `pc_TF_RUNSKIP` should have an upper case name
    --> /home/runner/work/Miner/Miner/references/round13-public-514/parse.rs:6996:11
     |
6996 | pub const pc_TF_RUNSKIP: usize = 1;
     |           ^^^^^^^^^^^^^ help: convert the identifier to upper case: `PC_TF_RUNSKIP`

warning: constant `pc_TF_INS` should have an upper case name
    --> /home/runner/work/Miner/Miner/references/round13-public-514/parse.rs:6998:11
     |
6998 | pub const pc_TF_INS: usize = 2;
     |           ^^^^^^^^^ help: convert the identifier to upper case: `PC_TF_INS`

warning: constant `pc_TF_TAIL` should have an upper case name
    --> /home/runner/work/Miner/Miner/references/round13-public-514/parse.rs:6999:11
     |
6999 | pub const pc_TF_TAIL: usize = 1;
     |           ^^^^^^^^^^ help: convert the identifier to upper case: `PC_TF_TAIL`

warning: constant `pc_TF_KL` should have an upper case name
    --> /home/runner/work/Miner/Miner/references/round13-public-514/parse.rs:7002:11
     |
7002 | pub const pc_TF_KL: u32 = 5;
     |           ^^^^^^^^ help: convert the identifier to upper case: `PC_TF_KL`

warning: constant `pc_TF_KD` should have an upper case name
    --> /home/runner/work/Miner/Miner/references/round13-public-514/parse.rs:7003:11
     |
7003 | pub const pc_TF_KD: u32 = 5;
     |           ^^^^^^^^ help: convert the identifier to upper case: `PC_TF_KD`

warning: constant `pc_TF_BKL` should have an upper case name
    --> /home/runner/work/Miner/Miner/references/round13-public-514/parse.rs:7004:11
     |
7004 | pub const pc_TF_BKL: u32 = 3;
     |           ^^^^^^^^^ help: convert the identifier to upper case: `PC_TF_BKL`

warning: constant `pc_TF_BKD` should have an upper case name
    --> /home/runner/work/Miner/Miner/references/round13-public-514/parse.rs:7005:11
     |
7005 | pub const pc_TF_BKD: u32 = 3;
     |           ^^^^^^^^^ help: convert the identifier to upper case: `PC_TF_BKD`

warning: constant `pc_TF_RDEPTH` should have an upper case name
    --> /home/runner/work/Miner/Miner/references/round13-public-514/parse.rs:7009:11
     |
7009 | pub const pc_TF_RDEPTH: usize = 8;
     |           ^^^^^^^^^^^^ help: convert the identifier to upper case: `PC_TF_RDEPTH`

warning: constant `pc_TF_SHIFT` should have an upper case name
    --> /home/runner/work/Miner/Miner/references/round13-public-514/parse.rs:7010:11
     |
7010 | pub const pc_TF_SHIFT: usize = 1;
     |           ^^^^^^^^^^^ help: convert the identifier to upper case: `PC_TF_SHIFT`

warning: constant `pc_TF_DLIT` should have an upper case name
    --> /home/runner/work/Miner/Miner/references/round13-public-514/parse.rs:7011:11
     |
7011 | pub const pc_TF_DLIT: usize = 8;
     |           ^^^^^^^^^^ help: convert the identifier to upper case: `PC_TF_DLIT`

warning: constant `pc_KF_ON` should have an upper case name
    --> /home/runner/work/Miner/Miner/references/round13-public-514/parse.rs:7624:11
     |
7624 | pub const pc_KF_ON: usize = 9;
     |           ^^^^^^^^ help: convert the identifier to upper case: `PC_KF_ON`

warning: constant `pc_KF_DP` should have an upper case name
    --> /home/runner/work/Miner/Miner/references/round13-public-514/parse.rs:7625:11
     |
7625 | pub const pc_KF_DP: usize = 1;
     |           ^^^^^^^^ help: convert the identifier to upper case: `PC_KF_DP`

warning: constant `pc_KF_BDP` should have an upper case name
    --> /home/runner/work/Miner/Miner/references/round13-public-514/parse.rs:7626:11
     |
7626 | pub const pc_KF_BDP: usize = 2;
     |           ^^^^^^^^^ help: convert the identifier to upper case: `PC_KF_BDP`

warning: constant `pc_KF_BSKIP` should have an upper case name
    --> /home/runner/work/Miner/Miner/references/round13-public-514/parse.rs:7627:11
     |
7627 | pub const pc_KF_BSKIP: usize = 6;
     |           ^^^^^^^^^^^ help: convert the identifier to upper case: `PC_KF_BSKIP`

warning: constant `pc_TF_LSYM` should have an upper case name
    --> /home/runner/work/Miner/Miner/references/round13-public-514/parse.rs:8161:11
     |
8161 | pub const pc_TF_LSYM: [u8; 512] = [
     |           ^^^^^^^^^^ help: convert the identifier to upper case: `PC_TF_LSYM`

warning: constant `pc_TF_DSYM` should have an upper case name
    --> /home/runner/work/Miner/Miner/references/round13-public-514/parse.rs:8180:11
     |
8180 | pub const pc_TF_DSYM: [u8; 512] = [
     |           ^^^^^^^^^^ help: convert the identifier to upper case: `PC_TF_DSYM`

warning: constant `pc_TF_LBASE` should have an upper case name
    --> /home/runner/work/Miner/Miner/references/round13-public-514/parse.rs:8199:11
     |
8199 | pub const pc_TF_LBASE: [u16; 32] = [3, 4, 5, 6, 7, 8, 9, 10, 11, 13, 15, 17, 19, 23, 27, 31, 35, 43, 51, 59, 67, 83, 99, 115, 131,...
     |           ^^^^^^^^^^^ help: convert the identifier to upper case: `PC_TF_LBASE`

warning: constant `pc_TF_LTOP` should have an upper case name
    --> /home/runner/work/Miner/Miner/references/round13-public-514/parse.rs:8200:11
     |
8200 | pub const pc_TF_LTOP: [u16; 32] = [3, 4, 5, 6, 7, 8, 9, 10, 12, 14, 16, 18, 22, 26, 30, 34, 42, 50, 58, 66, 82, 98, 114, 130, 162,...
     |           ^^^^^^^^^^ help: convert the identifier to upper case: `PC_TF_LTOP`

warning: constant `q4_HB` should have an upper case name
    --> /home/runner/work/Miner/Miner/references/round13-public-514/parse.rs:8235:11
     |
8235 | pub const q4_HB: u32 = 15;
     |           ^^^^^
     |
help: convert the identifier to upper case
     |
8235 - pub const q4_HB: u32 = 15;
8235 + pub const Q4_HB: u32 = 15;
     |

warning: constant `q4_HN` should have an upper case name
    --> /home/runner/work/Miner/Miner/references/round13-public-514/parse.rs:8236:11
     |
8236 | pub const q4_HN: usize = 32768;
     |           ^^^^^ help: convert the identifier to upper case: `Q4_HN`

warning: constant `q4_WN` should have an upper case name
    --> /home/runner/work/Miner/Miner/references/round13-public-514/parse.rs:8237:11
     |
8237 | pub const q4_WN: usize = 32768;
     |           ^^^^^ help: convert the identifier to upper case: `Q4_WN`

warning: constant `q4_SMALL` should have an upper case name
    --> /home/runner/work/Miner/Miner/references/round13-public-514/parse.rs:8239:11
     |
8239 | pub const q4_SMALL: usize = 65536;
     |           ^^^^^^^^ help: convert the identifier to upper case: `Q4_SMALL`

warning: constant `q4_HS` should have an upper case name
    --> /home/runner/work/Miner/Miner/references/round13-public-514/parse.rs:8240:11
     |
8240 | pub const q4_HS: usize = 4096;
     |           ^^^^^ help: convert the identifier to upper case: `Q4_HS`

warning: constant `q4_WS` should have an upper case name
    --> /home/runner/work/Miner/Miner/references/round13-public-514/parse.rs:8241:11
     |
8241 | pub const q4_WS: usize = 16384;
     |           ^^^^^ help: convert the identifier to upper case: `Q4_WS`

warning: constant `q4_NICE` should have an upper case name
    --> /home/runner/work/Miner/Miner/references/round13-public-514/parse.rs:8242:11
     |
8242 | pub const q4_NICE: usize = 32;
     |           ^^^^^^^ help: convert the identifier to upper case: `Q4_NICE`

warning: constant `q4_INS_MAX` should have an upper case name
    --> /home/runner/work/Miner/Miner/references/round13-public-514/parse.rs:8243:11
     |
8243 | pub const q4_INS_MAX: usize = 0;
     |           ^^^^^^^^^^
     |
help: convert the identifier to upper case
     |
8243 - pub const q4_INS_MAX: usize = 0;
8243 + pub const Q4_INS_MAX: usize = 0;
     |

warning: constant `q4_TAIL` should have an upper case name
    --> /home/runner/work/Miner/Miner/references/round13-public-514/parse.rs:8244:11
     |
8244 | pub const q4_TAIL: usize = 0;
     |           ^^^^^^^
     |
help: convert the identifier to upper case
     |
8244 - pub const q4_TAIL: usize = 0;
8244 + pub const Q4_TAIL: usize = 0;
     |

warning: constant `q4_STRIDE` should have an upper case name
    --> /home/runner/work/Miner/Miner/references/round13-public-514/parse.rs:8247:11
     |
8247 | pub const q4_STRIDE: usize = 0;
     |           ^^^^^^^^^ help: convert the identifier to upper case: `Q4_STRIDE`

warning: constant `q4_BACKTOK` should have an upper case name
    --> /home/runner/work/Miner/Miner/references/round13-public-514/parse.rs:8248:11
     |
8248 | pub const q4_BACKTOK: usize = 16;
     |           ^^^^^^^^^^
     |
help: convert the identifier to upper case
     |
8248 - pub const q4_BACKTOK: usize = 16;
8248 + pub const Q4_BACKTOK: usize = 16;
     |

warning: constant `q4_LDEPTH` should have an upper case name
    --> /home/runner/work/Miner/Miner/references/round13-public-514/parse.rs:8249:11
     |
8249 | pub const q4_LDEPTH: usize = 1;
     |           ^^^^^^^^^ help: convert the identifier to upper case: `Q4_LDEPTH`

warning: constant `q4_SAMPLE` should have an upper case name
    --> /home/runner/work/Miner/Miner/references/round13-public-514/parse.rs:8250:11
     |
8250 | pub const q4_SAMPLE: usize = 2048;
     |           ^^^^^^^^^ help: convert the identifier to upper case: `Q4_SAMPLE`

warning: constant `q4_VERIFY` should have an upper case name
    --> /home/runner/work/Miner/Miner/references/round13-public-514/parse.rs:8251:11
     |
8251 | pub const q4_VERIFY: usize = 0;
     |           ^^^^^^^^^
     |
help: convert the identifier to upper case
     |
8251 - pub const q4_VERIFY: usize = 0;
8251 + pub const Q4_VERIFY: usize = 0;
     |

warning: constant `q4_LSLACK` should have an upper case name
    --> /home/runner/work/Miner/Miner/references/round13-public-514/parse.rs:8255:11
     |
8255 | pub const q4_LSLACK: usize = 1;
     |           ^^^^^^^^^
     |
help: convert the identifier to upper case
     |
8255 - pub const q4_LSLACK: usize = 1;
8255 + pub const Q4_LSLACK: usize = 1;
     |

warning: constant `q4_HLIT` should have an upper case name
    --> /home/runner/work/Miner/Miner/references/round13-public-514/parse.rs:8256:11
     |
8256 | pub const q4_HLIT: u32 = 80;
     |           ^^^^^^^
     |
help: convert the identifier to upper case
     |
8256 - pub const q4_HLIT: u32 = 80;
8256 + pub const Q4_HLIT: u32 = 80;
     |

warning: constant `q4_GBASE` should have an upper case name
    --> /home/runner/work/Miner/Miner/references/round13-public-514/parse.rs:8257:11
     |
8257 | pub const q4_GBASE: i32 = 168;
     |           ^^^^^^^^
     |
help: convert the identifier to upper case
     |
8257 - pub const q4_GBASE: i32 = 168;
8257 + pub const Q4_GBASE: i32 = 168;
     |

warning: constant `q4_T_DEPTH` should have an upper case name
    --> /home/runner/work/Miner/Miner/references/round13-public-514/parse.rs:8261:11
     |
8261 | pub const q4_T_DEPTH: usize = 1;
     |           ^^^^^^^^^^ help: convert the identifier to upper case: `Q4_T_DEPTH`

warning: constant `q4_T_LAZY` should have an upper case name
    --> /home/runner/work/Miner/Miner/references/round13-public-514/parse.rs:8262:11
     |
8262 | pub const q4_T_LAZY: usize = 0;
     |           ^^^^^^^^^ help: convert the identifier to upper case: `Q4_T_LAZY`

warning: constant `q4_T_SKIP` should have an upper case name
    --> /home/runner/work/Miner/Miner/references/round13-public-514/parse.rs:8263:11
     |
8263 | pub const q4_T_SKIP: usize = 4;
     |           ^^^^^^^^^ help: convert the identifier to upper case: `Q4_T_SKIP`

warning: constant `q4_P_DEPTH` should have an upper case name
    --> /home/runner/work/Miner/Miner/references/round13-public-514/parse.rs:8264:11
     |
8264 | pub const q4_P_DEPTH: usize = 4;
     |           ^^^^^^^^^^ help: convert the identifier to upper case: `Q4_P_DEPTH`

warning: constant `q4_P_LAZY` should have an upper case name
    --> /home/runner/work/Miner/Miner/references/round13-public-514/parse.rs:8265:11
     |
8265 | pub const q4_P_LAZY: usize = 0;
     |           ^^^^^^^^^ help: convert the identifier to upper case: `Q4_P_LAZY`

warning: constant `q4_P_SKIP` should have an upper case name
    --> /home/runner/work/Miner/Miner/references/round13-public-514/parse.rs:8266:11
     |
8266 | pub const q4_P_SKIP: usize = 5;
     |           ^^^^^^^^^ help: convert the identifier to upper case: `Q4_P_SKIP`

warning: constant `q4_P_KM` should have an upper case name
    --> /home/runner/work/Miner/Miner/references/round13-public-514/parse.rs:8268:11
     |
8268 | pub const q4_P_KM: u32 = 4294967295;
     |           ^^^^^^^ help: convert the identifier to upper case: `Q4_P_KM`

warning: constant `q4_H_DEPTH` should have an upper case name
    --> /home/runner/work/Miner/Miner/references/round13-public-514/parse.rs:8269:11
     |
8269 | pub const q4_H_DEPTH: usize = 1;
     |           ^^^^^^^^^^ help: convert the identifier to upper case: `Q4_H_DEPTH`

warning: constant `q4_H_LAZY` should have an upper case name
    --> /home/runner/work/Miner/Miner/references/round13-public-514/parse.rs:8270:11
     |
8270 | pub const q4_H_LAZY: usize = 0;
     |           ^^^^^^^^^ help: convert the identifier to upper case: `Q4_H_LAZY`

warning: constant `q4_H_SKIP` should have an upper case name
    --> /home/runner/work/Miner/Miner/references/round13-public-514/parse.rs:8271:11
     |
8271 | pub const q4_H_SKIP: usize = 3;
     |           ^^^^^^^^^ help: convert the identifier to upper case: `Q4_H_SKIP`

warning: constant `q4_Z_DEPTH` should have an upper case name
    --> /home/runner/work/Miner/Miner/references/round13-public-514/parse.rs:8272:11
     |
8272 | pub const q4_Z_DEPTH: usize = 1;
     |           ^^^^^^^^^^ help: convert the identifier to upper case: `Q4_Z_DEPTH`

warning: constant `q4_Z_SKIP` should have an upper case name
    --> /home/runner/work/Miner/Miner/references/round13-public-514/parse.rs:8273:11
     |
8273 | pub const q4_Z_SKIP: usize = 4;
     |           ^^^^^^^^^ help: convert the identifier to upper case: `Q4_Z_SKIP`

warning: constant `q4_Z_CAP` should have an upper case name
    --> /home/runner/work/Miner/Miner/references/round13-public-514/parse.rs:8274:11
     |
8274 | pub const q4_Z_CAP: usize = 8;
     |           ^^^^^^^^ help: convert the identifier to upper case: `Q4_Z_CAP`

warning: constant `q4_B_DEPTH` should have an upper case name
    --> /home/runner/work/Miner/Miner/references/round13-public-514/parse.rs:8275:11
     |
8275 | pub const q4_B_DEPTH: usize = 1;
     |           ^^^^^^^^^^ help: convert the identifier to upper case: `Q4_B_DEPTH`

warning: constant `q4_B_LAZY` should have an upper case name
    --> /home/runner/work/Miner/Miner/references/round13-public-514/parse.rs:8276:11
     |
8276 | pub const q4_B_LAZY: usize = 0;
     |           ^^^^^^^^^ help: convert the identifier to upper case: `Q4_B_LAZY`

warning: constant `q4_B_SKIP` should have an upper case name
    --> /home/runner/work/Miner/Miner/references/round13-public-514/parse.rs:8277:11
     |
8277 | pub const q4_B_SKIP: usize = 4;
     |           ^^^^^^^^^ help: convert the identifier to upper case: `Q4_B_SKIP`

warning: constant `q4_SDIG` should have an upper case name
    --> /home/runner/work/Miner/Miner/references/round13-public-514/parse.rs:8280:11
     |
8280 | pub const q4_SDIG: u32 = 6;
     |           ^^^^^^^ help: convert the identifier to upper case: `Q4_SDIG`

warning: constant `q4_S_DEPTH` should have an upper case name
    --> /home/runner/work/Miner/Miner/references/round13-public-514/parse.rs:8281:11
     |
8281 | pub const q4_S_DEPTH: usize = 1;
     |           ^^^^^^^^^^ help: convert the identifier to upper case: `Q4_S_DEPTH`

warning: constant `q4_S_LDEPTH` should have an upper case name
    --> /home/runner/work/Miner/Miner/references/round13-public-514/parse.rs:8282:11
     |
8282 | pub const q4_S_LDEPTH: usize = 1;
     |           ^^^^^^^^^^^ help: convert the identifier to upper case: `Q4_S_LDEPTH`

warning: constant `q4_S_LAZY` should have an upper case name
    --> /home/runner/work/Miner/Miner/references/round13-public-514/parse.rs:8283:11
     |
8283 | pub const q4_S_LAZY: usize = 258;
     |           ^^^^^^^^^ help: convert the identifier to upper case: `Q4_S_LAZY`

warning: constant `q4_SKCAP` should have an upper case name
    --> /home/runner/work/Miner/Miner/references/round13-public-514/parse.rs:8285:11
     |
8285 | pub const q4_SKCAP: usize = 1000000;
     |           ^^^^^^^^ help: convert the identifier to upper case: `Q4_SKCAP`

warning: constant `q4_R1_ON` should have an upper case name
    --> /home/runner/work/Miner/Miner/references/round13-public-514/parse.rs:8288:11
     |
8288 | pub const q4_R1_ON: usize = 1;
     |           ^^^^^^^^ help: convert the identifier to upper case: `Q4_R1_ON`

warning: constant `q4_ST_ON` should have an upper case name
    --> /home/runner/work/Miner/Miner/references/round13-public-514/parse.rs:8294:11
     |
8294 | pub const q4_ST_ON: usize = 1;
     |           ^^^^^^^^ help: convert the identifier to upper case: `Q4_ST_ON`

warning: constant `q4_ST_MIN` should have an upper case name
    --> /home/runner/work/Miner/Miner/references/round13-public-514/parse.rs:8295:11
     |
8295 | pub const q4_ST_MIN: usize = 65536;
     |           ^^^^^^^^^ help: convert the identifier to upper case: `Q4_ST_MIN`

warning: constant `q4_ST_SAMPLE` should have an upper case name
    --> /home/runner/work/Miner/Miner/references/round13-public-514/parse.rs:8296:11
     |
8296 | pub const q4_ST_SAMPLE: usize = 4096;
     |           ^^^^^^^^^^^^ help: convert the identifier to upper case: `Q4_ST_SAMPLE`

warning: constant `q4_ST_FEW` should have an upper case name
    --> /home/runner/work/Miner/Miner/references/round13-public-514/parse.rs:8297:11
     |
8297 | pub const q4_ST_FEW: usize = 32;
     |           ^^^^^^^^^ help: convert the identifier to upper case: `Q4_ST_FEW`

warning: constant `q4_ST_MANY` should have an upper case name
    --> /home/runner/work/Miner/Miner/references/round13-public-514/parse.rs:8298:11
     |
8298 | pub const q4_ST_MANY: usize = 160;
     |           ^^^^^^^^^^ help: convert the identifier to upper case: `Q4_ST_MANY`

warning: constant `q4_ST_HB` should have an upper case name
    --> /home/runner/work/Miner/Miner/references/round13-public-514/parse.rs:8299:11
     |
8299 | pub const q4_ST_HB: u32 = 17;
     |           ^^^^^^^^ help: convert the identifier to upper case: `Q4_ST_HB`

warning: constant `q4_ST_HN` should have an upper case name
    --> /home/runner/work/Miner/Miner/references/round13-public-514/parse.rs:8300:11
     |
8300 | pub const q4_ST_HN: usize = 131072;
     |           ^^^^^^^^ help: convert the identifier to upper case: `Q4_ST_HN`

warning: constant `q4_ST_DMAX` should have an upper case name
    --> /home/runner/work/Miner/Miner/references/round13-public-514/parse.rs:8301:11
     |
8301 | pub const q4_ST_DMAX: usize = 32768;
     |           ^^^^^^^^^^ help: convert the identifier to upper case: `Q4_ST_DMAX`

warning: constant `q4_ST_INS` should have an upper case name
    --> /home/runner/work/Miner/Miner/references/round13-public-514/parse.rs:8305:11
     |
8305 | pub const q4_ST_INS: usize = 258;
     |           ^^^^^^^^^ help: convert the identifier to upper case: `Q4_ST_INS`

warning: constant `q4_ST_DMIN` should have an upper case name
    --> /home/runner/work/Miner/Miner/references/round13-public-514/parse.rs:8306:11
     |
8306 | pub const q4_ST_DMIN: usize = 129;
     |           ^^^^^^^^^^ help: convert the identifier to upper case: `Q4_ST_DMIN`

warning: constant `q4_DN_ON` should have an upper case name
    --> /home/runner/work/Miner/Miner/references/round13-public-514/parse.rs:8311:11
     |
8311 | pub const q4_DN_ON: usize = 0;
     |           ^^^^^^^^ help: convert the identifier to upper case: `Q4_DN_ON`

warning: constant `q4_DN_HB` should have an upper case name
    --> /home/runner/work/Miner/Miner/references/round13-public-514/parse.rs:8312:11
     |
8312 | pub const q4_DN_HB: u32 = 16;
     |           ^^^^^^^^
     |
help: convert the identifier to upper case
     |
8312 - pub const q4_DN_HB: u32 = 16;
8312 + pub const Q4_DN_HB: u32 = 16;
     |

warning: constant `q4_DN_HN` should have an upper case name
    --> /home/runner/work/Miner/Miner/references/round13-public-514/parse.rs:8313:11
     |
8313 | pub const q4_DN_HN: usize = 65536;
     |           ^^^^^^^^
     |
help: convert the identifier to upper case
     |
8313 - pub const q4_DN_HN: usize = 65536;
8313 + pub const Q4_DN_HN: usize = 65536;
     |

warning: constant `q4_DN_FAR` should have an upper case name
    --> /home/runner/work/Miner/Miner/references/round13-public-514/parse.rs:8314:11
     |
8314 | pub const q4_DN_FAR: usize = 32768;
     |           ^^^^^^^^^
     |
help: convert the identifier to upper case
     |
8314 - pub const q4_DN_FAR: usize = 32768;
8314 + pub const Q4_DN_FAR: usize = 32768;
     |

warning: constant `q4_DN_CAP` should have an upper case name
    --> /home/runner/work/Miner/Miner/references/round13-public-514/parse.rs:8315:11
     |
8315 | pub const q4_DN_CAP: usize = 3;
     |           ^^^^^^^^^
     |
help: convert the identifier to upper case
     |
8315 - pub const q4_DN_CAP: usize = 3;
8315 + pub const Q4_DN_CAP: usize = 3;
     |

warning: constant `q4_TF_N` should have an upper case name
    --> /home/runner/work/Miner/Miner/references/round13-public-514/parse.rs:8320:11
     |
8320 | pub const q4_TF_N: usize = 65536;
     |           ^^^^^^^ help: convert the identifier to upper case: `Q4_TF_N`

warning: constant `q4_TF_TEXT` should have an upper case name
    --> /home/runner/work/Miner/Miner/references/round13-public-514/parse.rs:8321:11
     |
8321 | pub const q4_TF_TEXT: usize = 0;
     |           ^^^^^^^^^^ help: convert the identifier to upper case: `Q4_TF_TEXT`

warning: constant `q4_TF_TKIND` should have an upper case name
    --> /home/runner/work/Miner/Miner/references/round13-public-514/parse.rs:8322:11
     |
8322 | pub const q4_TF_TKIND: usize = 1;
     |           ^^^^^^^^^^^ help: convert the identifier to upper case: `Q4_TF_TKIND`

warning: constant `q4_TF_SAMPLE` should have an upper case name
    --> /home/runner/work/Miner/Miner/references/round13-public-514/parse.rs:8325:11
     |
8325 | pub const q4_TF_SAMPLE: usize = 256;
     |           ^^^^^^^^^^^^ help: convert the identifier to upper case: `Q4_TF_SAMPLE`

warning: constant `q4_TF_SDIG` should have an upper case name
    --> /home/runner/work/Miner/Miner/references/round13-public-514/parse.rs:8326:11
     |
8326 | pub const q4_TF_SDIG: u32 = 6;
     |           ^^^^^^^^^^ help: convert the identifier to upper case: `Q4_TF_SDIG`

warning: constant `q4_TF_HB` should have an upper case name
    --> /home/runner/work/Miner/Miner/references/round13-public-514/parse.rs:8332:11
     |
8332 | pub const q4_TF_HB: u32 = 12;
     |           ^^^^^^^^ help: convert the identifier to upper case: `Q4_TF_HB`

warning: constant `q4_TF_HN` should have an upper case name
    --> /home/runner/work/Miner/Miner/references/round13-public-514/parse.rs:8333:11
     |
8333 | pub const q4_TF_HN: usize = 4096;
     |           ^^^^^^^^ help: convert the identifier to upper case: `Q4_TF_HN`

warning: constant `q4_TF_WN` should have an upper case name
    --> /home/runner/work/Miner/Miner/references/round13-public-514/parse.rs:8334:11
     |
8334 | pub const q4_TF_WN: usize = 16384;
     |           ^^^^^^^^ help: convert the identifier to upper case: `Q4_TF_WN`

warning: constant `q4_TF_TDEPTH` should have an upper case name
    --> /home/runner/work/Miner/Miner/references/round13-public-514/parse.rs:8338:11
     |
8338 | pub const q4_TF_TDEPTH: usize = 1;
     |           ^^^^^^^^^^^^ help: convert the identifier to upper case: `Q4_TF_TDEPTH`

warning: constant `q4_TF_TLAZY` should have an upper case name
    --> /home/runner/work/Miner/Miner/references/round13-public-514/parse.rs:8339:11
     |
8339 | pub const q4_TF_TLAZY: usize = 0;
     |           ^^^^^^^^^^^ help: convert the identifier to upper case: `Q4_TF_TLAZY`

warning: constant `q4_TF_TSKIP` should have an upper case name
    --> /home/runner/work/Miner/Miner/references/round13-public-514/parse.rs:8340:11
     |
8340 | pub const q4_TF_TSKIP: usize = 3;
     |           ^^^^^^^^^^^ help: convert the identifier to upper case: `Q4_TF_TSKIP`

warning: constant `q4_TF_SDEPTH` should have an upper case name
    --> /home/runner/work/Miner/Miner/references/round13-public-514/parse.rs:8341:11
     |
8341 | pub const q4_TF_SDEPTH: usize = 1;
     |           ^^^^^^^^^^^^ help: convert the identifier to upper case: `Q4_TF_SDEPTH`

warning: constant `q4_TF_SLAZY` should have an upper case name
    --> /home/runner/work/Miner/Miner/references/round13-public-514/parse.rs:8342:11
     |
8342 | pub const q4_TF_SLAZY: usize = 258;
     |           ^^^^^^^^^^^ help: convert the identifier to upper case: `Q4_TF_SLAZY`

warning: constant `q4_TF_SSKIP` should have an upper case name
    --> /home/runner/work/Miner/Miner/references/round13-public-514/parse.rs:8343:11
     |
8343 | pub const q4_TF_SSKIP: usize = 3;
     |           ^^^^^^^^^^^ help: convert the identifier to upper case: `Q4_TF_SSKIP`

warning: constant `q4_TF_BDEPTH` should have an upper case name
    --> /home/runner/work/Miner/Miner/references/round13-public-514/parse.rs:8344:11
     |
8344 | pub const q4_TF_BDEPTH: usize = 0;
     |           ^^^^^^^^^^^^ help: convert the identifier to upper case: `Q4_TF_BDEPTH`

warning: constant `q4_TF_BLAZY` should have an upper case name
    --> /home/runner/work/Miner/Miner/references/round13-public-514/parse.rs:8345:11
     |
8345 | pub const q4_TF_BLAZY: usize = 0;
     |           ^^^^^^^^^^^ help: convert the identifier to upper case: `Q4_TF_BLAZY`

warning: constant `q4_TF_BSKIP` should have an upper case name
    --> /home/runner/work/Miner/Miner/references/round13-public-514/parse.rs:8346:11
     |
8346 | pub const q4_TF_BSKIP: usize = 4;
     |           ^^^^^^^^^^^ help: convert the identifier to upper case: `Q4_TF_BSKIP`

warning: constant `q4_TF_NICE` should have an upper case name
    --> /home/runner/work/Miner/Miner/references/round13-public-514/parse.rs:8348:11
     |
8348 | pub const q4_TF_NICE: usize = 64;
     |           ^^^^^^^^^^ help: convert the identifier to upper case: `Q4_TF_NICE`

warning: constant `q4_TF_SKCAP` should have an upper case name
    --> /home/runner/work/Miner/Miner/references/round13-public-514/parse.rs:8349:11
     |
8349 | pub const q4_TF_SKCAP: usize = 1000000;
     |           ^^^^^^^^^^^ help: convert the identifier to upper case: `Q4_TF_SKCAP`

warning: constant `q4_TF_TRLE` should have an upper case name
    --> /home/runner/work/Miner/Miner/references/round13-public-514/parse.rs:8351:11
     |
8351 | pub const q4_TF_TRLE: usize = 1;
     |           ^^^^^^^^^^ help: convert the identifier to upper case: `Q4_TF_TRLE`

warning: constant `q4_TF_BACK` should have an upper case name
    --> /home/runner/work/Miner/Miner/references/round13-public-514/parse.rs:8354:11
     |
8354 | pub const q4_TF_BACK: usize = 1;
     |           ^^^^^^^^^^ help: convert the identifier to upper case: `Q4_TF_BACK`

warning: constant `q4_TF_FOLD` should have an upper case name
    --> /home/runner/work/Miner/Miner/references/round13-public-514/parse.rs:8355:11
     |
8355 | pub const q4_TF_FOLD: usize = 1;
     |           ^^^^^^^^^^ help: convert the identifier to upper case: `Q4_TF_FOLD`

warning: constant `q4_TF_REP` should have an upper case name
    --> /home/runner/work/Miner/Miner/references/round13-public-514/parse.rs:8357:11
     |
8357 | pub const q4_TF_REP: usize = 0;
     |           ^^^^^^^^^ help: convert the identifier to upper case: `Q4_TF_REP`

warning: constant `q4_TF_RUNSKIP` should have an upper case name
    --> /home/runner/work/Miner/Miner/references/round13-public-514/parse.rs:8359:11
     |
8359 | pub const q4_TF_RUNSKIP: usize = 1;
     |           ^^^^^^^^^^^^^ help: convert the identifier to upper case: `Q4_TF_RUNSKIP`

warning: constant `q4_TF_INS` should have an upper case name
    --> /home/runner/work/Miner/Miner/references/round13-public-514/parse.rs:8361:11
     |
8361 | pub const q4_TF_INS: usize = 2;
     |           ^^^^^^^^^ help: convert the identifier to upper case: `Q4_TF_INS`

warning: constant `q4_TF_TAIL` should have an upper case name
    --> /home/runner/work/Miner/Miner/references/round13-public-514/parse.rs:8362:11
     |
8362 | pub const q4_TF_TAIL: usize = 1;
     |           ^^^^^^^^^^ help: convert the identifier to upper case: `Q4_TF_TAIL`

warning: constant `q4_TF_KL` should have an upper case name
    --> /home/runner/work/Miner/Miner/references/round13-public-514/parse.rs:8365:11
     |
8365 | pub const q4_TF_KL: u32 = 5;
     |           ^^^^^^^^ help: convert the identifier to upper case: `Q4_TF_KL`

warning: constant `q4_TF_KD` should have an upper case name
    --> /home/runner/work/Miner/Miner/references/round13-public-514/parse.rs:8366:11
     |
8366 | pub const q4_TF_KD: u32 = 5;
     |           ^^^^^^^^ help: convert the identifier to upper case: `Q4_TF_KD`

warning: constant `q4_TF_BKL` should have an upper case name
    --> /home/runner/work/Miner/Miner/references/round13-public-514/parse.rs:8367:11
     |
8367 | pub const q4_TF_BKL: u32 = 3;
     |           ^^^^^^^^^ help: convert the identifier to upper case: `Q4_TF_BKL`

warning: constant `q4_TF_BKD` should have an upper case name
    --> /home/runner/work/Miner/Miner/references/round13-public-514/parse.rs:8368:11
     |
8368 | pub const q4_TF_BKD: u32 = 3;
     |           ^^^^^^^^^ help: convert the identifier to upper case: `Q4_TF_BKD`

warning: constant `q4_TF_RDEPTH` should have an upper case name
    --> /home/runner/work/Miner/Miner/references/round13-public-514/parse.rs:8372:11
     |
8372 | pub const q4_TF_RDEPTH: usize = 8;
     |           ^^^^^^^^^^^^ help: convert the identifier to upper case: `Q4_TF_RDEPTH`

warning: constant `q4_TF_SHIFT` should have an upper case name
    --> /home/runner/work/Miner/Miner/references/round13-public-514/parse.rs:8373:11
     |
8373 | pub const q4_TF_SHIFT: usize = 1;
     |           ^^^^^^^^^^^ help: convert the identifier to upper case: `Q4_TF_SHIFT`

warning: constant `q4_TF_DLIT` should have an upper case name
    --> /home/runner/work/Miner/Miner/references/round13-public-514/parse.rs:8374:11
     |
8374 | pub const q4_TF_DLIT: usize = 8;
     |           ^^^^^^^^^^ help: convert the identifier to upper case: `Q4_TF_DLIT`

warning: constant `q4_TM_ON` should have an upper case name
    --> /home/runner/work/Miner/Miner/references/round13-public-514/parse.rs:8603:11
     |
8603 | pub const q4_TM_ON: usize = 1;
     |           ^^^^^^^^ help: convert the identifier to upper case: `Q4_TM_ON`

warning: constant `q4_TM_MAX` should have an upper case name
    --> /home/runner/work/Miner/Miner/references/round13-public-514/parse.rs:8604:11
     |
8604 | pub const q4_TM_MAX: usize = 65536;
     |           ^^^^^^^^^ help: convert the identifier to upper case: `Q4_TM_MAX`

warning: constant `q4_TM_LM` should have an upper case name
    --> /home/runner/work/Miner/Miner/references/round13-public-514/parse.rs:8606:11
     |
8606 | pub const q4_TM_LM: u32 = 302_256_128;
     |           ^^^^^^^^ help: convert the identifier to upper case: `Q4_TM_LM`

warning: constant `q4_TM_LAZY` should have an upper case name
    --> /home/runner/work/Miner/Miner/references/round13-public-514/parse.rs:8608:11
     |
8608 | pub const q4_TM_LAZY: usize = 258;
     |           ^^^^^^^^^^ help: convert the identifier to upper case: `Q4_TM_LAZY`

warning: constant `q4_TM_BACK` should have an upper case name
    --> /home/runner/work/Miner/Miner/references/round13-public-514/parse.rs:8609:11
     |
8609 | pub const q4_TM_BACK: usize = 16;
     |           ^^^^^^^^^^
     |
help: convert the identifier to upper case
     |
8609 - pub const q4_TM_BACK: usize = 16;
8609 + pub const Q4_TM_BACK: usize = 16;
     |

warning: constant `q4_TZ_ON` should have an upper case name
    --> /home/runner/work/Miner/Miner/references/round13-public-514/parse.rs:8611:11
     |
8611 | pub const q4_TZ_ON: usize = 1;
     |           ^^^^^^^^ help: convert the identifier to upper case: `Q4_TZ_ON`

warning: constant `q4_TZ_LM` should have an upper case name
    --> /home/runner/work/Miner/Miner/references/round13-public-514/parse.rs:8612:11
     |
8612 | pub const q4_TZ_LM: u32 = 302_256_128;
     |           ^^^^^^^^ help: convert the identifier to upper case: `Q4_TZ_LM`

warning: constant `q4_TF_LSYM` should have an upper case name
    --> /home/runner/work/Miner/Miner/references/round13-public-514/parse.rs:9652:11
     |
9652 | pub const q4_TF_LSYM: [u8; 512] = [
     |           ^^^^^^^^^^
     |
help: convert the identifier to upper case
     |
9652 - pub const q4_TF_LSYM: [u8; 512] = [
9652 + pub const Q4_TF_LSYM: [u8; 512] = [
     |

warning: constant `q4_TF_DSYM` should have an upper case name
    --> /home/runner/work/Miner/Miner/references/round13-public-514/parse.rs:9671:11
     |
9671 | pub const q4_TF_DSYM: [u8; 512] = [
     |           ^^^^^^^^^^ help: convert the identifier to upper case: `Q4_TF_DSYM`

warning: constant `q4_TF_LBASE` should have an upper case name
    --> /home/runner/work/Miner/Miner/references/round13-public-514/parse.rs:9690:11
     |
9690 | pub const q4_TF_LBASE: [u16; 32] = [3, 4, 5, 6, 7, 8, 9, 10, 11, 13, 15, 17, 19, 23, 27, 31, 35, 43, 51, 59, 67, 83, 99, 115, 131,...
     |           ^^^^^^^^^^^ help: convert the identifier to upper case: `Q4_TF_LBASE`

warning: constant `q4_TF_LTOP` should have an upper case name
    --> /home/runner/work/Miner/Miner/references/round13-public-514/parse.rs:9691:11
     |
9691 | pub const q4_TF_LTOP: [u16; 32] = [3, 4, 5, 6, 7, 8, 9, 10, 12, 14, 16, 18, 22, 26, 30, 34, 42, 50, 58, 66, 82, 98, 114, 130, 162,...
     |           ^^^^^^^^^^ help: convert the identifier to upper case: `Q4_TF_LTOP`

warning: function `Z467` should have a snake case name
  --> /home/runner/work/Miner/Miner/references/round18-public-576/parse.rs:29:8
   |
29 | pub fn Z467(input: &[u8], s: usize, hist: &mut [u32; 256]) {
   |        ^^^^ help: convert the identifier to snake case (notice the capitalization): `z467`
   |
   = note: `#[warn(non_snake_case)]` (part of `#[warn(nonstandard_style)]`) on by default

warning: function `Z468` should have a snake case name
  --> /home/runner/work/Miner/Miner/references/round18-public-576/parse.rs:40:8
   |
40 | pub fn Z468(hist: &[u32; 256], a: usize, b: usize) -> u64 {
   |        ^^^^ help: convert the identifier to snake case (notice the capitalization): `z468`

warning: function `Z469` should have a snake case name
  --> /home/runner/work/Miner/Miner/references/round18-public-576/parse.rs:55:8
   |
55 | pub fn Z469(input: &[u8]) -> usize {
   |        ^^^^ help: convert the identifier to snake case (notice the capitalization): `z469`

warning: function `Z463` should have a snake case name
   --> /home/runner/work/Miner/Miner/references/round18-public-576/parse.rs:196:8
    |
196 | pub fn Z463(input: &[u8], out: &mut [u32], r: usize) -> usize {
    |        ^^^^ help: convert the identifier to snake case (notice the capitalization): `z463`

warning: function `Z464` should have a snake case name
   --> /home/runner/work/Miner/Miner/references/round18-public-576/parse.rs:218:8
    |
218 | pub fn Z464(input: &[u8], out: &mut [u32], r: usize) -> usize {
    |        ^^^^ help: convert the identifier to snake case (notice the capitalization): `z464`

warning: function `Z465` should have a snake case name
   --> /home/runner/work/Miner/Miner/references/round18-public-576/parse.rs:240:8
    |
240 | pub fn Z465(input: &[u8], out: &mut [u32], r: usize) -> usize {
    |        ^^^^ help: convert the identifier to snake case (notice the capitalization): `z465`

warning: function `Z466` should have a snake case name
   --> /home/runner/work/Miner/Miner/references/round18-public-576/parse.rs:262:8
    |
262 | pub fn Z466(input: &[u8], out: &mut [u32], r: usize) -> usize {
    |        ^^^^ help: convert the identifier to snake case (notice the capitalization): `z466`

warning: function `SFbase` should have a snake case name
   --> /home/runner/work/Miner/Miner/references/round18-public-576/parse.rs:275:8
    |
275 | pub fn SFbase(input: &[u8], out: &mut [u32]) -> usize {
    |        ^^^^^^ help: convert the identifier to snake case (notice the capitalization): `sfbase`

warning: function `Z170` should have a snake case name
   --> /home/runner/work/Miner/Miner/references/round18-public-576/parse.rs:347:8
    |
347 | pub fn Z170(input: &[u8], a: usize, b: usize, cap: usize) -> usize {
    |        ^^^^ help: convert the identifier to snake case (notice the capitalization): `z170`

warning: function `Z166` should have a snake case name
   --> /home/runner/work/Miner/Miner/references/round18-public-576/parse.rs:357:8
    |
357 | pub fn Z166(input: &[u8], p: usize, len: usize, dist: usize) -> bool {
    |        ^^^^ help: convert the identifier to snake case (notice the capitalization): `z166`

warning: function `Z168` should have a snake case name
   --> /home/runner/work/Miner/Miner/references/round18-public-576/parse.rs:369:8
    |
369 | pub fn Z168(v: &[u32], i: usize) -> u32 {
    |        ^^^^ help: convert the identifier to snake case (notice the capitalization): `z168`

warning: function `Z167` should have a snake case name
   --> /home/runner/work/Miner/Miner/references/round18-public-576/parse.rs:382:8
    |
382 | pub fn Z167(input: &[u8], plan: &[u32], out: &mut [u32]) -> usize {
    |        ^^^^ help: convert the identifier to snake case (notice the capitalization): `z167`

warning: function `Z182` should have a snake case name
   --> /home/runner/work/Miner/Miner/references/round18-public-576/parse.rs:411:8
    |
411 | pub fn Z182(n: usize) -> Vec<u32> {
    |        ^^^^ help: convert the identifier to snake case (notice the capitalization): `z182`

warning: function `Z180` should have a snake case name
   --> /home/runner/work/Miner/Miner/references/round18-public-576/parse.rs:472:8
    |
472 | pub fn Z180(input: &[u8], k: usize) -> Vec<u32> {
    |        ^^^^ help: convert the identifier to snake case (notice the capitalization): `z180`

warning: function `Z169` should have a snake case name
   --> /home/runner/work/Miner/Miner/references/round18-public-576/parse.rs:486:8
    |
486 | pub fn Z169(input: &[u8], k: usize) -> Vec<u32> {
    |        ^^^^ help: convert the identifier to snake case (notice the capitalization): `z169`

warning: function `Z179` should have a snake case name
   --> /home/runner/work/Miner/Miner/references/round18-public-576/parse.rs:495:8
    |
495 | pub fn Z179(input: &[u8], out: &mut [u32], k: usize) -> usize {
    |        ^^^^ help: convert the identifier to snake case (notice the capitalization): `z179`

warning: function `Z151` should have a snake case name
   --> /home/runner/work/Miner/Miner/references/round18-public-576/parse.rs:529:8
    |
529 | pub fn Z151(x: u32) -> u32 {
    |        ^^^^ help: convert the identifier to snake case (notice the capitalization): `z151`

warning: function `Z150` should have a snake case name
   --> /home/runner/work/Miner/Miner/references/round18-public-576/parse.rs:542:8
    |
542 | pub fn Z150(len: usize) -> usize {
    |        ^^^^ help: convert the identifier to snake case (notice the capitalization): `z150`

warning: function `Z149` should have a snake case name
   --> /home/runner/work/Miner/Miner/references/round18-public-576/parse.rs:556:8
    |
556 | pub fn Z149(slot: usize) -> u32 {
    |        ^^^^ help: convert the identifier to snake case (notice the capitalization): `z149`

warning: function `Z158` should have a snake case name
   --> /home/runner/work/Miner/Miner/references/round18-public-576/parse.rs:563:8
    |
563 | pub fn Z158(x: u32) -> u32 {
    |        ^^^^ help: convert the identifier to snake case (notice the capitalization): `z158`

warning: function `Z142` should have a snake case name
   --> /home/runner/work/Miner/Miner/references/round18-public-576/parse.rs:574:8
    |
574 | pub fn Z142(slot: usize) -> u32 {
    |        ^^^^ help: convert the identifier to snake case (notice the capitalization): `z142`

warning: function `Z164` should have a snake case name
   --> /home/runner/work/Miner/Miner/references/round18-public-576/parse.rs:580:8
    |
580 | pub fn Z164(s: &[u8], i: usize) -> u64 {
    |        ^^^^ help: convert the identifier to snake case (notice the capitalization): `z164`

warning: function `Z165` should have a snake case name
   --> /home/runner/work/Miner/Miner/references/round18-public-576/parse.rs:598:8
    |
598 | pub fn Z165(s: &[u8], a: usize, b: usize) -> (u64, u64) {
    |        ^^^^ help: convert the identifier to snake case (notice the capitalization): `z165`

warning: function `Z153` should have a snake case name
   --> /home/runner/work/Miner/Miner/references/round18-public-576/parse.rs:606:8
    |
606 | pub fn Z153(s: &[u8], p: usize, q: usize, k: usize) -> (usize, usize) {
    |        ^^^^ help: convert the identifier to snake case (notice the capitalization): `z153`

warning: function `Z162` should have a snake case name
   --> /home/runner/work/Miner/Miner/references/round18-public-576/parse.rs:623:8
    |
623 | pub fn Z162(
    |        ^^^^ help: convert the identifier to snake case (notice the capitalization): `z162`

warning: function `Z157` should have a snake case name
   --> /home/runner/work/Miner/Miner/references/round18-public-576/parse.rs:722:8
    |
722 | pub fn Z157(s: &[u8], a: usize, b: usize, lim: usize) -> usize {
    |        ^^^^ help: convert the identifier to snake case (notice the capitalization): `z157`

warning: function `Z145` should have a snake case name
   --> /home/runner/work/Miner/Miner/references/round18-public-576/parse.rs:738:8
    |
738 | pub fn Z145(s: &[u8], mp: &mut Vec<u32>, mb: &mut Vec<u32>, depth: usize, skip: usize) {
    |        ^^^^ help: convert the identifier to snake case (notice the capitalization): `z145`

warning: function `Z160` should have a snake case name
   --> /home/runner/work/Miner/Miner/references/round18-public-576/parse.rs:815:8
    |
815 | pub fn Z160(f: u32, g: u32) -> u32 {
    |        ^^^^ help: convert the identifier to snake case (notice the capitalization): `z160`

warning: function `Z155` should have a snake case name
   --> /home/runner/work/Miner/Miner/references/round18-public-576/parse.rs:824:8
    |
824 | pub fn Z155(lf: &[u32; 512], df: &[u32; 32], lit: &mut [u32; 256], lc: &mut [u32; 512], dc: &mut [u32; 32]) {
    |        ^^^^ help: convert the identifier to snake case (notice the capitalization): `z155`

warning: function `Z159` should have a snake case name
   --> /home/runner/work/Miner/Miner/references/round18-public-576/parse.rs:859:8
    |
859 | pub fn Z159(sym: &mut [u32; 512], freq: &[u32; 512], m: usize, v: u32) {
    |        ^^^^ help: convert the identifier to snake case (notice the capitalization): `z159`

warning: function `Z152` should have a snake case name
   --> /home/runner/work/Miner/Miner/references/round18-public-576/parse.rs:872:8
    |
872 | pub fn Z152(w: &[u64; 1024], a: usize, b: usize, m: usize, k: usize) -> (usize, usize, usize) {
    |        ^^^^ help: convert the identifier to snake case (notice the capitalization): `z152`

warning: function `Z147` should have a snake case name
   --> /home/runner/work/Miner/Miner/references/round18-public-576/parse.rs:883:8
    |
883 | pub fn Z147(freq: &[u32; 512], n: usize, len: &mut [u32; 512]) {
    |        ^^^^ help: convert the identifier to snake case (notice the capitalization): `z147`

warning: function `Z148` should have a snake case name
   --> /home/runner/work/Miner/Miner/references/round18-public-576/parse.rs:939:8
    |
939 | pub fn Z148(sym: &[u32; 512], m: usize, len: &mut [u32; 512], kraft0: u64) {
    |        ^^^^ help: convert the identifier to snake case (notice the capitalization): `z148`

warning: function `Z156` should have a snake case name
   --> /home/runner/work/Miner/Miner/references/round18-public-576/parse.rs:955:8
    |
955 | pub fn Z156(lf0: &[u32; 512], df: &[u32; 32], lit: &mut [u32; 256], lc: &mut [u32; 512], dc: &mut [u32; 32]) {
    |        ^^^^ help: convert the identifier to snake case (notice the capitalization): `z156`

warning: function `Z146` should have a snake case name
    --> /home/runner/work/Miner/Miner/references/round18-public-576/parse.rs:1009:8
     |
1009 | pub fn Z146(s: &[u8], lit: &mut [u32; 256], lc: &mut [u32; 512], dc: &mut [u32; 32]) {
     |        ^^^^ help: convert the identifier to snake case (notice the capitalization): `z146`

warning: function `Z143` should have a snake case name
    --> /home/runner/work/Miner/Miner/references/round18-public-576/parse.rs:1042:8
     |
1042 | pub fn Z143(
     |        ^^^^ help: convert the identifier to snake case (notice the capitalization): `z143`

warning: function `Z163` should have a snake case name
    --> /home/runner/work/Miner/Miner/references/round18-public-576/parse.rs:1127:8
     |
1127 | pub fn Z163(s: &[u8], ch: &Vec<u32>, p0: usize, lim: usize, need: usize, lf: &mut [u32; 512], df: &mut [u32; 32]) -> (usize, usize) {
     |        ^^^^ help: convert the identifier to snake case (notice the capitalization): `z163`

warning: function `Z141` should have a snake case name
    --> /home/runner/work/Miner/Miner/references/round18-public-576/parse.rs:1159:8
     |
1159 | pub fn Z141(dst: &mut [u32; 512], a: &[u32; 512], b: &[u32; 512], dd: &mut [u32; 32], x: &[u32; 32], y: &[u32; 32]) {
     |        ^^^^ help: convert the identifier to snake case (notice the capitalization): `z141`

warning: function `Z154` should have a snake case name
    --> /home/runner/work/Miner/Miner/references/round18-public-576/parse.rs:1176:8
     |
1176 | pub fn Z154(
     |        ^^^^ help: convert the identifier to snake case (notice the capitalization): `z154`

warning: function `Z173` should have a snake case name
    --> /home/runner/work/Miner/Miner/references/round18-public-576/parse.rs:1248:8
     |
1248 | pub fn Z173(n:usize,depth:usize,skip:usize,tail:usize)->usize {
     |        ^^^^ help: convert the identifier to snake case (notice the capitalization): `z173`

warning: function `Z172` should have a snake case name
    --> /home/runner/work/Miner/Miner/references/round18-public-576/parse.rs:1252:8
     |
1252 | pub fn Z172(seed:usize)->usize {if seed==3 || seed==7 {2}else{1}}
     |        ^^^^ help: convert the identifier to snake case (notice the capitalization): `z172`

warning: function `Z176` should have a snake case name
    --> /home/runner/work/Miner/Miner/references/round18-public-576/parse.rs:1254:8
     |
1254 | pub fn Z176(seed:usize,block:usize)->(usize,usize){
     |        ^^^^ help: convert the identifier to snake case (notice the capitalization): `z176`

warning: function `Z178` should have a snake case name
    --> /home/runner/work/Miner/Miner/references/round18-public-576/parse.rs:1264:8
     |
1264 | pub fn Z178(seed:usize,p0:usize)->usize {Z176(seed,p0).1}
     |        ^^^^ help: convert the identifier to snake case (notice the capitalization): `z178`

warning: function `Z174` should have a snake case name
    --> /home/runner/work/Miner/Miner/references/round18-public-576/parse.rs:1266:8
     |
1266 | pub fn Z174(seed:usize,p0:usize,lit:&mut[u32;256],lc:&mut[u32;512],dc:&mut[u32;32]){
     |        ^^^^ help: convert the identifier to snake case (notice the capitalization): `z174`

warning: function `Z175` should have a snake case name
    --> /home/runner/work/Miner/Miner/references/round18-public-576/parse.rs:1275:8
     |
1275 | pub fn Z175(seed:usize,p0:usize,first:usize,later:usize)->usize {if seed>0 {Z172(seed)+1}else{if p0==0 {first}else{later}}}
     |        ^^^^ help: convert the identifier to snake case (notice the capitalization): `z175`

warning: function `Z177` should have a snake case name
    --> /home/runner/work/Miner/Miner/references/round18-public-576/parse.rs:1277:8
     |
1277 | pub fn Z177(seed:usize,p0:usize,first:usize,later:usize)->usize {if seed>0 {0}else{if p0==0 {first}else{later}}}
     |        ^^^^ help: convert the identifier to snake case (notice the capitalization): `z177`

warning: function `Z171` should have a snake case name
    --> /home/runner/work/Miner/Miner/references/round18-public-576/parse.rs:1279:8
     |
1279 | pub fn Z171(seed:usize,block:usize,need:usize,bpt:usize)->usize {if seed>0 {Z178(seed,block)}else{need*bpt/256+need*bpt/2048+Z2}}
     |        ^^^^ help: convert the identifier to snake case (notice the capitalization): `z171`

warning: function `Z144` should have a snake case name
    --> /home/runner/work/Miner/Miner/references/round18-public-576/parse.rs:1282:8
     |
1282 | pub fn Z144(
     |        ^^^^ help: convert the identifier to snake case (notice the capitalization): `z144`

warning: function `Z181` should have a snake case name
    --> /home/runner/work/Miner/Miner/references/round18-public-576/parse.rs:1744:8
     |
1744 | pub fn Z181(cost:&[u32],lc:&[u32;512],i:usize,lo:usize,hi:usize,base:u32,width:usize)->u32 {
     |        ^^^^ help: convert the identifier to snake case (notice the capitalization): `z181`

warning: function `Z161` should have a snake case name
    --> /home/runner/work/Miner/Miner/references/round18-public-576/parse.rs:1758:8
     |
1758 | pub fn Z161(k: usize, passes: usize, tail: usize, final_tail: usize) -> usize {
     |        ^^^^ help: convert the identifier to snake case (notice the capitalization): `z161`

warning: function `Z183` should have a snake case name
    --> /home/runner/work/Miner/Miner/references/round18-public-576/parse.rs:2817:8
     |
2817 | pub fn Z183(input:&[u8],out:&mut[u32],mode:usize)->usize{Z179(input,out,0)}
     |        ^^^^ help: convert the identifier to snake case (notice the capitalization): `z183`

warning: function `Z290` should have a snake case name
    --> /home/runner/work/Miner/Miner/references/round18-public-576/parse.rs:3032:8
     |
3032 | pub fn Z290(input: &[u8], p: usize) -> u64 {
     |        ^^^^ help: convert the identifier to snake case (notice the capitalization): `z290`

warning: function `Z276` should have a snake case name
    --> /home/runner/work/Miner/Miner/references/round18-public-576/parse.rs:3051:8
     |
3051 | pub fn Z276(x: u64, y: u64) -> usize {
     |        ^^^^ help: convert the identifier to snake case (notice the capitalization): `z276`

warning: function `Z293` should have a snake case name
    --> /home/runner/work/Miner/Miner/references/round18-public-576/parse.rs:3062:8
     |
3062 | pub fn Z293(input: &[u8], a: usize, b: usize, cap: usize) -> usize {
     |        ^^^^ help: convert the identifier to snake case (notice the capitalization): `z293`

warning: function `Z223` should have a snake case name
    --> /home/runner/work/Miner/Miner/references/round18-public-576/parse.rs:3080:8
     |
3080 | pub fn Z223(input: &[u8], p: usize, len: usize, dist: usize) -> bool {
     |        ^^^^ help: convert the identifier to snake case (notice the capitalization): `z223`

warning: function `Z271` should have a snake case name
    --> /home/runner/work/Miner/Miner/references/round18-public-576/parse.rs:3097:8
     |
3097 | pub fn Z271(input: &[u8], plan: &[u32], out: &mut [u32]) -> usize {
     |        ^^^^ help: convert the identifier to snake case (notice the capitalization): `z271`

warning: function `Z272` should have a snake case name
    --> /home/runner/work/Miner/Miner/references/round18-public-576/parse.rs:3137:8
     |
3137 | pub fn Z272(input: &[u8], plan: &[u32], out: &mut [u32]) -> usize {
     |        ^^^^ help: convert the identifier to snake case (notice the capitalization): `z272`

warning: function `Z273` should have a snake case name
    --> /home/runner/work/Miner/Miner/references/round18-public-576/parse.rs:3164:8
     |
3164 | pub fn Z273(input:&[u8],out:&mut[u32],mode:usize)->usize{let e=Z121[mode%32];if e[0]==0{let plan=Z303(input,e[1]); Z272(input,&pla...
     |        ^^^^ help: convert the identifier to snake case (notice the capitalization): `z273`

warning: function `Z304` should have a snake case name
    --> /home/runner/work/Miner/Miner/references/round18-public-576/parse.rs:3176:8
     |
3176 | pub fn Z304(v: &mut [u32], i: usize, x: u32) {
     |        ^^^^ help: convert the identifier to snake case (notice the capitalization): `z304`

warning: function `Z297` should have a snake case name
    --> /home/runner/work/Miner/Miner/references/round18-public-576/parse.rs:3184:8
     |
3184 | pub fn Z297(input: &[u8], k: usize) -> Vec<u32> {
     |        ^^^^ help: convert the identifier to snake case (notice the capitalization): `z297`

warning: function `Z303` should have a snake case name
    --> /home/runner/work/Miner/Miner/references/round18-public-576/parse.rs:3200:8
     |
3200 | pub fn Z303(input: &[u8], k: usize) -> Vec<u32> {
     |        ^^^^ help: convert the identifier to snake case (notice the capitalization): `z303`

warning: function `Z252` should have a snake case name
    --> /home/runner/work/Miner/Miner/references/round18-public-576/parse.rs:3214:8
     |
3214 | pub fn Z252(input: &[u8], out: &mut [u32], dk: usize) -> Vec<u32> {
     |        ^^^^ help: convert the identifier to snake case (notice the capitalization): `z252`

warning: function `Z192` should have a snake case name
    --> /home/runner/work/Miner/Miner/references/round18-public-576/parse.rs:3261:8
     |
3261 | pub fn Z192(s: &[u8], i: usize) -> u64 {
     |        ^^^^ help: convert the identifier to snake case (notice the capitalization): `z192`

warning: function `Z224` should have a snake case name
    --> /home/runner/work/Miner/Miner/references/round18-public-576/parse.rs:3279:8
     |
3279 | pub fn Z224(s: &[u8], a: usize, b: usize, cap: usize) -> usize {
     |        ^^^^ help: convert the identifier to snake case (notice the capitalization): `z224`

warning: function `Z278` should have a snake case name
    --> /home/runner/work/Miner/Miner/references/round18-public-576/parse.rs:3303:8
     |
3303 | pub fn Z278(x: u32) -> usize {
     |        ^^^^ help: convert the identifier to snake case (notice the capitalization): `z278`

warning: function `Z279` should have a snake case name
    --> /home/runner/work/Miner/Miner/references/round18-public-576/parse.rs:3309:8
     |
3309 | pub fn Z279(x: u32) -> usize {
     |        ^^^^ help: convert the identifier to snake case (notice the capitalization): `z279`

warning: function `Z280` should have a snake case name
    --> /home/runner/work/Miner/Miner/references/round18-public-576/parse.rs:3315:8
     |
3315 | pub fn Z280(x: u64) -> usize {
     |        ^^^^ help: convert the identifier to snake case (notice the capitalization): `z280`

warning: function `Z291` should have a snake case name
    --> /home/runner/work/Miner/Miner/references/round18-public-576/parse.rs:3322:8
     |
3322 | pub fn Z291(x: u32) -> u32 {
     |        ^^^^ help: convert the identifier to snake case (notice the capitalization): `z291`

warning: function `Z275` should have a snake case name
    --> /home/runner/work/Miner/Miner/references/round18-public-576/parse.rs:3334:8
     |
3334 | pub fn Z275(lsym: &mut [u8; 512], dtab: &mut [u8; 512]) {
     |        ^^^^ help: convert the identifier to snake case (notice the capitalization): `z275`

warning: function `Z270` should have a snake case name
    --> /home/runner/work/Miner/Miner/references/round18-public-576/parse.rs:3368:8
     |
3368 | pub fn Z270(dtab: &[u8; 512], d: usize) -> usize {
     |        ^^^^ help: convert the identifier to snake case (notice the capitalization): `z270`

warning: function `Z225` should have a snake case name
    --> /home/runner/work/Miner/Miner/references/round18-public-576/parse.rs:3379:8
     |
3379 | pub fn Z225(freq: &[u32], out: &mut [u32]) {
     |        ^^^^ help: convert the identifier to snake case (notice the capitalization): `z225`

warning: function `Z284` should have a snake case name
    --> /home/runner/work/Miner/Miner/references/round18-public-576/parse.rs:3400:8
     |
3400 | pub fn Z284(freq: &[u32], sym: &mut [usize; 320], ns: usize, f: u32) -> usize {
     |        ^^^^ help: convert the identifier to snake case (notice the capitalization): `z284`

warning: function `Z285` should have a snake case name
    --> /home/runner/work/Miner/Miner/references/round18-public-576/parse.rs:3411:8
     |
3411 | pub fn Z285(freq: &[u32], m: usize, sym: &mut [usize; 320]) -> usize {
     |        ^^^^ help: convert the identifier to snake case (notice the capitalization): `z285`

warning: function `Z286` should have a snake case name
    --> /home/runner/work/Miner/Miner/references/round18-public-576/parse.rs:3429:8
     |
3429 | pub fn Z286(w: &[u64; 640], a: usize, b: usize, ns: usize, nx: usize) -> (usize, usize, usize) {
     |        ^^^^ help: convert the identifier to snake case (notice the capitalization): `z286`

warning: function `Z281` should have a snake case name
    --> /home/runner/work/Miner/Miner/references/round18-public-576/parse.rs:3440:8
     |
3440 | pub fn Z281(w: &mut [u64; 640], par: &mut [usize; 640], ns: usize) -> usize {
     |        ^^^^ help: convert the identifier to snake case (notice the capitalization): `z281`

warning: function `Z283` should have a snake case name
    --> /home/runner/work/Miner/Miner/references/round18-public-576/parse.rs:3459:8
     |
3459 | pub fn Z283(par: &[usize; 640], depth: &mut [u32; 640], nx: usize, ns: usize) -> u32 {
     |        ^^^^ help: convert the identifier to snake case (notice the capitalization): `z283`

warning: function `Z282` should have a snake case name
    --> /home/runner/work/Miner/Miner/references/round18-public-576/parse.rs:3480:8
     |
3480 | pub fn Z282(freq: &[u32], m: usize, out: &mut [u32]) {
     |        ^^^^ help: convert the identifier to snake case (notice the capitalization): `z282`

warning: function `Z292` should have a snake case name
    --> /home/runner/work/Miner/Miner/references/round18-public-576/parse.rs:3523:8
     |
3523 | pub fn Z292(
     |        ^^^^ help: convert the identifier to snake case (notice the capitalization): `z292`

warning: function `Z287` should have a snake case name
    --> /home/runner/work/Miner/Miner/references/round18-public-576/parse.rs:3561:8
     |
3561 | pub fn Z287(input: &[u8], lf: &mut [u32; 320], df: &mut [u32; 32]) {
     |        ^^^^ help: convert the identifier to snake case (notice the capitalization): `z287`

warning: function `Z306` should have a snake case name
    --> /home/runner/work/Miner/Miner/references/round18-public-576/parse.rs:3586:8
     |
3586 | pub fn Z306(
     |        ^^^^ help: convert the identifier to snake case (notice the capitalization): `z306`

warning: function `Z277` should have a snake case name
    --> /home/runner/work/Miner/Miner/references/round18-public-576/parse.rs:3608:8
     |
3608 | pub fn Z277(lf: &mut [u32; 320], df: &mut [u32; 32]) {
     |        ^^^^ help: convert the identifier to snake case (notice the capitalization): `z277`

warning: function `Z298` should have a snake case name
    --> /home/runner/work/Miner/Miner/references/round18-public-576/parse.rs:3625:8
     |
3625 | pub fn Z298(s: &[u8], c: usize, i: usize, b8: u64, cap: usize, best: usize) -> usize {
     |        ^^^^ help: convert the identifier to snake case (notice the capitalization): `z298`

warning: function `Z305` should have a snake case name
    --> /home/runner/work/Miner/Miner/references/round18-public-576/parse.rs:3655:8
     |
3655 | pub fn Z305(prev: &[u32; Z20], start: usize, depth: usize, same: bool) -> (usize, usize) {
     |        ^^^^ help: convert the identifier to snake case (notice the capitalization): `z305`

warning: function `Z302` should have a snake case name
    --> /home/runner/work/Miner/Miner/references/round18-public-576/parse.rs:3673:8
     |
3673 | pub fn Z302(
     |        ^^^^ help: convert the identifier to snake case (notice the capitalization): `z302`

warning: function `Z191` should have a snake case name
    --> /home/runner/work/Miner/Miner/references/round18-public-576/parse.rs:3705:8
     |
3705 | pub fn Z191(
     |        ^^^^ help: convert the identifier to snake case (notice the capitalization): `z191`

warning: function `Z299` should have a snake case name
    --> /home/runner/work/Miner/Miner/references/round18-public-576/parse.rs:3747:8
     |
3747 | pub fn Z299(plan: &mut Vec<u32>, tb: &[u32; Z107], nt: usize, lim: usize) {
     |        ^^^^ help: convert the identifier to snake case (notice the capitalization): `z299`

warning: function `Z295` should have a snake case name
    --> /home/runner/work/Miner/Miner/references/round18-public-576/parse.rs:3760:8
     |
3760 | pub fn Z295(pa: &mut [u64; Z107], s: usize) {
     |        ^^^^ help: convert the identifier to snake case (notice the capitalization): `z295`

warning: function `Z288` should have a snake case name
    --> /home/runner/work/Miner/Miner/references/round18-public-576/parse.rs:3773:8
     |
3773 | pub fn Z288(
     |        ^^^^ help: convert the identifier to snake case (notice the capitalization): `z288`

warning: function `Z289` should have a snake case name
    --> /home/runner/work/Miner/Miner/references/round18-public-576/parse.rs:3801:8
     |
3801 | pub fn Z289(
     |        ^^^^ help: convert the identifier to snake case (notice the capitalization): `z289`

warning: function `Z274` should have a snake case name
    --> /home/runner/work/Miner/Miner/references/round18-public-576/parse.rs:3824:8
     |
3824 | pub fn Z274(input: &[u8], i: usize, d: usize, s: usize, max: usize) -> usize {
     |        ^^^^ help: convert the identifier to snake case (notice the capitalization): `z274`

warning: function `Z190` should have a snake case name
    --> /home/runner/work/Miner/Miner/references/round18-public-576/parse.rs:3836:8
     |
3836 | pub fn Z190(input: &[u8], pa: &[u64; Z107], lc: &[u32; 512], i: usize, s: usize, len: usize, dd: usize) -> (usize, u32) {
     |        ^^^^ help: convert the identifier to snake case (notice the capitalization): `z190`

warning: function `Z294` should have a snake case name
    --> /home/runner/work/Miner/Miner/references/round18-public-576/parse.rs:3855:8
     |
3855 | pub fn Z294(anchor: usize, i: usize, cl: usize, best: usize) -> usize {
     |        ^^^^ help: convert the identifier to snake case (notice the capitalization): `z294`

warning: function `Z301` should have a snake case name
    --> /home/runner/work/Miner/Miner/references/round18-public-576/parse.rs:3866:8
     |
3866 | pub fn Z301(pa: &mut [u64; Z107], slot: usize, cost: u32, choice: u32) {
     |        ^^^^ help: convert the identifier to snake case (notice the capitalization): `z301`

warning: function `Z300` should have a snake case name
    --> /home/runner/work/Miner/Miner/references/round18-public-576/parse.rs:3876:8
     |
3876 | pub fn Z300(
     |        ^^^^ help: convert the identifier to snake case (notice the capitalization): `z300`

warning: function `Z269` should have a snake case name
    --> /home/runner/work/Miner/Miner/references/round18-public-576/parse.rs:3920:8
     |
3920 | pub fn Z269(cands: &[u32; 16], nc0: usize, cd: usize) -> usize {
     |        ^^^^ help: convert the identifier to snake case (notice the capitalization): `z269`

warning: function `Z255` should have a snake case name
    --> /home/runner/work/Miner/Miner/references/round18-public-576/parse.rs:3958:8
     |
3958 | pub fn Z255(v: &mut Vec<u32>, x: u32) {
     |        ^^^^ help: convert the identifier to snake case (notice the capitalization): `z255`

warning: function `Z232` should have a snake case name
    --> /home/runner/work/Miner/Miner/references/round18-public-576/parse.rs:3967:8
     |
3967 | pub fn Z232(s: &[u8], i: usize) -> usize {
     |        ^^^^ help: convert the identifier to snake case (notice the capitalization): `z232`

warning: function `Z234` should have a snake case name
    --> /home/runner/work/Miner/Miner/references/round18-public-576/parse.rs:3979:8
     |
3979 | pub fn Z234(ring: &[u64; Z139], i: usize) -> u64 {
     |        ^^^^ help: convert the identifier to snake case (notice the capitalization): `z234`

warning: function `Z248` should have a snake case name
    --> /home/runner/work/Miner/Miner/references/round18-public-576/parse.rs:3986:8
     |
3986 | pub fn Z248(a: usize, b: usize) -> usize {
     |        ^^^^ help: convert the identifier to snake case (notice the capitalization): `z248`

warning: function `Z264` should have a snake case name
    --> /home/runner/work/Miner/Miner/references/round18-public-576/parse.rs:4000:8
     |
4000 | pub fn Z264(w: &[u64; 576], a: usize, b: usize, ns: usize, nx: usize) -> (usize, usize, usize) {
     |        ^^^^ help: convert the identifier to snake case (notice the capitalization): `z264`

warning: function `Z235` should have a snake case name
    --> /home/runner/work/Miner/Miner/references/round18-public-576/parse.rs:4011:8
     |
4011 | pub fn Z235(d: u8) -> u32 {
     |        ^^^^ help: convert the identifier to snake case (notice the capitalization): `z235`

warning: function `Z243` should have a snake case name
    --> /home/runner/work/Miner/Miner/references/round18-public-576/parse.rs:4024:8
     |
4024 | pub fn Z243(freq: &[u32; 288], m: usize, len: &mut [u8; 288]) -> u32 {
     |        ^^^^ help: convert the identifier to snake case (notice the capitalization): `z243`

warning: function `Z238` should have a snake case name
    --> /home/runner/work/Miner/Miner/references/round18-public-576/parse.rs:4112:8
     |
4112 | pub fn Z238(f: u32, lt: u32) -> u32 {
     |        ^^^^ help: convert the identifier to snake case (notice the capitalization): `z238`

warning: function `Z249` should have a snake case name
    --> /home/runner/work/Miner/Miner/references/round18-public-576/parse.rs:4127:8
     |
4127 | pub fn Z249(h: u32, e: u32, ck: usize) -> u32 {
     |        ^^^^ help: convert the identifier to snake case (notice the capitalization): `z249`

warning: function `Z263` should have a snake case name
    --> /home/runner/work/Miner/Miner/references/round18-public-576/parse.rs:4149:8
     |
4149 | pub fn Z263(freq: &[u32; 288], m: usize, hl: &[u8; 288], unseen: u32, ck: usize, out: &mut [u32; 288]) {
     |        ^^^^ help: convert the identifier to snake case (notice the capitalization): `z263`

warning: function `Z267` should have a snake case name
    --> /home/runner/work/Miner/Miner/references/round18-public-576/parse.rs:4169:8
     |
4169 | pub fn Z267(mx: u32) -> u32 {
     |        ^^^^ help: convert the identifier to snake case (notice the capitalization): `z267`

warning: function `Z256` should have a snake case name
    --> /home/runner/work/Miner/Miner/references/round18-public-576/parse.rs:4179:8
     |
4179 | pub fn Z256(tabs: &mut Vec<u32>, lf: &[u32; 288], df: &[u32; 288], lsym: &[u8; 512], ck: usize) {
     |        ^^^^ help: convert the identifier to snake case (notice the capitalization): `z256`

warning: function `Z231` should have a snake case name
    --> /home/runner/work/Miner/Miner/references/round18-public-576/parse.rs:4212:8
     |
4212 | pub fn Z231(tabs: &mut Vec<u32>, bstart: &mut Vec<u32>, lf: &mut [u32; 288], df: &mut [u32; 288], lsym: &[u8; 512], ck: usize, p: ...
     |        ^^^^ help: convert the identifier to snake case (notice the capitalization): `z231`

warning: function `Z265` should have a snake case name
    --> /home/runner/work/Miner/Miner/references/round18-public-576/parse.rs:4227:8
     |
4227 | pub fn Z265(s: &[u8], plan: &Vec<u32>, lsym: &[u8; 512], dtab: &[u8; 512], tabs: &mut Vec<u32>, bstart: &mut Vec<u32>, ck: usize) {
     |        ^^^^ help: convert the identifier to snake case (notice the capitalization): `z265`

warning: function `Z247` should have a snake case name
    --> /home/runner/work/Miner/Miner/references/round18-public-576/parse.rs:4257:8
     |
4257 | pub fn Z247(tabs: &[u32], tb: usize, litc: &mut [u32; 256], lc: &mut [u32; 512], dcc: &mut [u32; 32]) {
     |        ^^^^ help: convert the identifier to snake case (notice the capitalization): `z247`

warning: function `Z236` should have a snake case name
    --> /home/runner/work/Miner/Miner/references/round18-public-576/parse.rs:4280:8
     |
4280 | pub fn Z236(x: usize, stop: usize, q: usize) -> usize {
     |        ^^^^ help: convert the identifier to snake case (notice the capitalization): `z236`

warning: function `Z242` should have a snake case name
    --> /home/runner/work/Miner/Miner/references/round18-public-576/parse.rs:4297:8
     |
4297 | pub fn Z242(s: &[u8], litc: &[u32; 256], lc: &[u32; 512], ring: &mut [u64; Z139], out: &mut [u32], hi: usize, stop: usize, end: us...
     |        ^^^^ help: convert the identifier to snake case (notice the capitalization): `z242`

warning: function `Z229` should have a snake case name
    --> /home/runner/work/Miner/Miner/references/round18-public-576/parse.rs:4349:8
     |
4349 | pub fn Z229(lc: &[u32; 512], ring: &[u64; Z139], p: usize, lo: usize, e: usize) -> u64 {
     |        ^^^^ help: convert the identifier to snake case (notice the capitalization): `z229`

warning: function `Z254` should have a snake case name
    --> /home/runner/work/Miner/Miner/references/round18-public-576/parse.rs:4365:8
     |
4365 | pub fn Z254(lc: &[u32; 512], ring: &mut [u64; Z139], p: usize, el: usize, t: usize, f: u64, chd: u64) {
     |        ^^^^ help: convert the identifier to snake case (notice the capitalization): `z254`

warning: function `Z244` should have a snake case name
    --> /home/runner/work/Miner/Miner/references/round18-public-576/parse.rs:4378:8
     |
4378 | pub fn Z244(ring: &mut [u64; Z139], st: &mut [u64; 2], p: usize, z0: usize) {
     |        ^^^^ help: convert the identifier to snake case (notice the capitalization): `z244`

warning: function `Z226` should have a snake case name
    --> /home/runner/work/Miner/Miner/references/round18-public-576/parse.rs:4395:8
     |
4395 | pub fn Z226(lc: &[u32; 512], ring: &mut [u64; Z139], p: usize, len: usize, bl: usize, t: usize, dcst: u64, chd2: u64, pbest: usize...
     |        ^^^^ help: convert the identifier to snake case (notice the capitalization): `z226`

warning: function `Z233` should have a snake case name
    --> /home/runner/work/Miner/Miner/references/round18-public-576/parse.rs:4414:8
     |
4414 | pub fn Z233(lc: &[u32; 512], dcc: &[u32; 32], dtab: &[u8; 512], ring: &mut [u64; Z139], r: u32, p: usize, prev: usize, room: usize...
     |        ^^^^ help: convert the identifier to snake case (notice the capitalization): `z233`

warning: function `Z230` should have a snake case name
    --> /home/runner/work/Miner/Miner/references/round18-public-576/parse.rs:4436:8
     |
4436 | pub fn Z230(tabs: &[u32], bstart: &[u32], litc: &mut [u32; 256], lc: &mut [u32; 512], dcc: &mut [u32; 32], bs: &mut [usize; 2], po...
     |        ^^^^ help: convert the identifier to snake case (notice the capitalization): `z230`

warning: function `Z266` should have a snake case name
    --> /home/runner/work/Miner/Miner/references/round18-public-576/parse.rs:4448:8
     |
4448 | pub fn Z266(rs: &[u32], e: usize, k: usize) -> u32 {
     |        ^^^^ help: convert the identifier to snake case (notice the capitalization): `z266`

warning: function `Z239` should have a snake case name
    --> /home/runner/work/Miner/Miner/references/round18-public-576/parse.rs:4459:8
     |
4459 | pub fn Z239(p: usize, cl: usize, room: usize) -> usize {
     |        ^^^^ help: convert the identifier to snake case (notice the capitalization): `z239`

warning: function `Z262` should have a snake case name
    --> /home/runner/work/Miner/Miner/references/round18-public-576/parse.rs:4470:8
     |
4470 | pub fn Z262(bfirst: usize, p1: usize, q: usize) -> usize {
     |        ^^^^ help: convert the identifier to snake case (notice the capitalization): `z262`

warning: function `Z250` should have a snake case name
    --> /home/runner/work/Miner/Miner/references/round18-public-576/parse.rs:4481:8
     |
4481 | pub fn Z250(ring: &[u64; Z139], p: usize, lo: usize, best: u64) -> u64 {
     |        ^^^^ help: convert the identifier to snake case (notice the capitalization): `z250`

warning: function `Z237` should have a snake case name
    --> /home/runner/work/Miner/Miner/references/round18-public-576/parse.rs:4500:8
     |
4500 | pub fn Z237(s: &[u8], rs: &Vec<u32>, tabs: &Vec<u32>, bstart: &Vec<u32>, dtab: &[u8; 512], out: &mut [u32], pmode: usize) {
     |        ^^^^ help: convert the identifier to snake case (notice the capitalization): `z237`

warning: function `Z240` should have a snake case name
    --> /home/runner/work/Miner/Miner/references/round18-public-576/parse.rs:4567:8
     |
4567 | pub fn Z240(out: &[u32], n: usize, plan: &mut Vec<u32>) {
     |        ^^^^ help: convert the identifier to snake case (notice the capitalization): `z240`

warning: function `Z246` should have a snake case name
    --> /home/runner/work/Miner/Miner/references/round18-public-576/parse.rs:4588:8
     |
4588 | pub fn Z246(s: &[u8], i: usize) -> u64 {
     |        ^^^^ help: convert the identifier to snake case (notice the capitalization): `z246`

warning: function `Z228` should have a snake case name
    --> /home/runner/work/Miner/Miner/references/round18-public-576/parse.rs:4607:8
     |
4607 | pub fn Z228(s: &[u8], i: usize, d: usize, max: usize) -> usize {
     |        ^^^^ help: convert the identifier to snake case (notice the capitalization): `z228`

warning: function `Z241` should have a snake case name
    --> /home/runner/work/Miner/Miner/references/round18-public-576/parse.rs:4635:8
     |
4635 | pub fn Z241(lsym: &[u8; 512], nextl: &mut [u16; 512], flen: usize) {
     |        ^^^^ help: convert the identifier to snake case (notice the capitalization): `z241`

warning: function `Z261` should have a snake case name
    --> /home/runner/work/Miner/Miner/references/round18-public-576/parse.rs:4654:8
     |
4654 | pub fn Z261(pc: &[u32; 16], pn: usize, want: u32) -> u32 {
     |        ^^^^ help: convert the identifier to snake case (notice the capitalization): `z261`

warning: function `Z245` should have a snake case name
    --> /home/runner/work/Miner/Miner/references/round18-public-576/parse.rs:4670:8
     |
4670 | pub fn Z245(pc: &[u32; 16], pn: usize, c: u32, len: usize, dist: usize, cl: usize, cd: usize, adj: bool, dupmode: usize) -> u32 {
     |        ^^^^ help: convert the identifier to snake case (notice the capitalization): `z245`

warning: function `Z257` should have a snake case name
    --> /home/runner/work/Miner/Miner/references/round18-public-576/parse.rs:4687:8
     |
4687 | pub fn Z257(input: &[u8], rs: &mut Vec<u32>, c: u32, i: usize, last: usize, pc: &[u32; 16], pn: usize, adj: bool, cl: usize, cd: u...
     |        ^^^^ help: convert the identifier to snake case (notice the capitalization): `z257`

warning: function `Z258` should have a snake case name
    --> /home/runner/work/Miner/Miner/references/round18-public-576/parse.rs:4703:8
     |
4703 | pub fn Z258(input: &[u8], rs: &mut Vec<u32>, cands: &[u32; 16], nc: usize, i: usize, pc: &[u32; 16], pn: usize, ppos: usize, cl: u...
     |        ^^^^ help: convert the identifier to snake case (notice the capitalization): `z258`

warning: function `Z268` should have a snake case name
    --> /home/runner/work/Miner/Miner/references/round18-public-576/parse.rs:4721:8
     |
4721 | pub fn Z268(
     |        ^^^^ help: convert the identifier to snake case (notice the capitalization): `z268`

warning: function `Z227` should have a snake case name
    --> /home/runner/work/Miner/Miner/references/round18-public-576/parse.rs:4763:8
     |
4763 | pub fn Z227(input: &[u8], pa: &[u64; Z107], lc: &[u32; 512], i: usize, s: usize, len: usize, dd: usize, tmax: usize) -> (usize, u3...
     |        ^^^^ help: convert the identifier to snake case (notice the capitalization): `z227`

warning: function `Z260` should have a snake case name
    --> /home/runner/work/Miner/Miner/references/round18-public-576/parse.rs:4781:8
     |
4781 | pub fn Z260(
     |        ^^^^ help: convert the identifier to snake case (notice the capitalization): `z260`

warning: function `Z259` should have a snake case name
    --> /home/runner/work/Miner/Miner/references/round18-public-576/parse.rs:4819:8
     |
4819 | pub fn Z259(
     |        ^^^^ help: convert the identifier to snake case (notice the capitalization): `z259`

warning: function `Z251` should have a snake case name
    --> /home/runner/work/Miner/Miner/references/round18-public-576/parse.rs:4843:8
     |
4843 | pub fn Z251(input: &[u8], plan: &mut Vec<u32>, rs: &mut Vec<u32>, ct: usize, lazyn: usize, d4: usize, d7: usize, skip: usize, h3d:...
     |        ^^^^ help: convert the identifier to snake case (notice the capitalization): `z251`

warning: function `Z253` should have a snake case name
    --> /home/runner/work/Miner/Miner/references/round18-public-576/parse.rs:4999:8
     |
4999 | pub fn Z253(input: &[u8], out: &mut [u32], k: &[usize; 17]) -> Vec<u32> {
     |        ^^^^ help: convert the identifier to snake case (notice the capitalization): `z253`

warning: function `Z189` should have a snake case name
    --> /home/runner/work/Miner/Miner/references/round18-public-576/parse.rs:5077:8
     |
5077 | pub fn Z189(
     |        ^^^^ help: convert the identifier to snake case (notice the capitalization): `z189`

warning: function `Z186` should have a snake case name
    --> /home/runner/work/Miner/Miner/references/round18-public-576/parse.rs:5170:8
     |
5170 | pub fn Z186(s: &[u8], mp: &mut Vec<u32>, mb: &mut Vec<u32>, depth: usize, skip: usize) {
     |        ^^^^ help: convert the identifier to snake case (notice the capitalization): `z186`

warning: function `Z188` should have a snake case name
    --> /home/runner/work/Miner/Miner/references/round18-public-576/parse.rs:5268:8
     |
5268 | pub fn Z188(lf0: &[u32; 512], df: &[u32; 32], lit: &mut [u32; 256], lc: &mut [u32; 512], dc: &mut [u32; 32]) {
     |        ^^^^ help: convert the identifier to snake case (notice the capitalization): `z188`

warning: function `Z184` should have a snake case name
    --> /home/runner/work/Miner/Miner/references/round18-public-576/parse.rs:5331:8
     |
5331 | pub fn Z184(
     |        ^^^^ help: convert the identifier to snake case (notice the capitalization): `z184`

warning: function `Z187` should have a snake case name
    --> /home/runner/work/Miner/Miner/references/round18-public-576/parse.rs:5437:8
     |
5437 | pub fn Z187(
     |        ^^^^ help: convert the identifier to snake case (notice the capitalization): `z187`

warning: function `Z185` should have a snake case name
    --> /home/runner/work/Miner/Miner/references/round18-public-576/parse.rs:5492:8
     |
5492 | pub fn Z185(
     |        ^^^^ help: convert the identifier to snake case (notice the capitalization): `z185`

warning: function `Z209` should have a snake case name
    --> /home/runner/work/Miner/Miner/references/round18-public-576/parse.rs:5677:8
     |
5677 | pub fn Z209(len: usize) -> usize {
     |        ^^^^ help: convert the identifier to snake case (notice the capitalization): `z209`

warning: function `Z197` should have a snake case name
    --> /home/runner/work/Miner/Miner/references/round18-public-576/parse.rs:5686:8
     |
5686 | pub fn Z197(d: usize) -> usize {
     |        ^^^^ help: convert the identifier to snake case (notice the capitalization): `z197`

warning: function `Z222` should have a snake case name
    --> /home/runner/work/Miner/Miner/references/round18-public-576/parse.rs:5698:8
     |
5698 | pub fn Z222(s: &[u8], i: usize) -> u64 {
     |        ^^^^ help: convert the identifier to snake case (notice the capitalization): `z222`

warning: function `Z200` should have a snake case name
    --> /home/runner/work/Miner/Miner/references/round18-public-576/parse.rs:5715:8
     |
5715 | pub fn Z200(s: &[u8], a: usize, b: usize, k0: usize, lim: usize) -> usize {
     |        ^^^^ help: convert the identifier to snake case (notice the capitalization): `z200`

warning: function `Z211` should have a snake case name
    --> /home/runner/work/Miner/Miner/references/round18-public-576/parse.rs:5734:8
     |
5734 | pub fn Z211(len: usize, d: usize) -> u32 {
     |        ^^^^ help: convert the identifier to snake case (notice the capitalization): `z211`

warning: function `Z216` should have a snake case name
    --> /home/runner/work/Miner/Miner/references/round18-public-576/parse.rs:5740:8
     |
5740 | pub fn Z216(kids: &mut [u32; Z112], which: usize, idx: usize, v: u32) {
     |        ^^^^ help: convert the identifier to snake case (notice the capitalization): `z216`

warning: function `Z193` should have a snake case name
    --> /home/runner/work/Miner/Miner/references/round18-public-576/parse.rs:5748:8
     |
5748 | pub fn Z193(
     |        ^^^^ help: convert the identifier to snake case (notice the capitalization): `z193`

warning: function `Z194` should have a snake case name
    --> /home/runner/work/Miner/Miner/references/round18-public-576/parse.rs:5818:8
     |
5818 | pub fn Z194(
     |        ^^^^ help: convert the identifier to snake case (notice the capitalization): `z194`

warning: function `Z210` should have a snake case name
    --> /home/runner/work/Miner/Miner/references/round18-public-576/parse.rs:5879:8
     |
5879 | pub fn Z210(b: u8) -> usize {
     |        ^^^^ help: convert the identifier to snake case (notice the capitalization): `z210`

warning: function `Z214` should have a snake case name
    --> /home/runner/work/Miner/Miner/references/round18-public-576/parse.rs:5887:8
     |
5887 | pub fn Z214(clist: &mut Vec<u32>, p: usize, ml: &[u32; 64], md: &[u32; 64], cnt: usize, r1: usize, flag: u32) -> usize {
     |        ^^^^ help: convert the identifier to snake case (notice the capitalization): `z214`

warning: function `Z221` should have a snake case name
    --> /home/runner/work/Miner/Miner/references/round18-public-576/parse.rs:5915:8
     |
5915 | pub fn Z221(s: &[u8], p: usize) -> usize {
     |        ^^^^ help: convert the identifier to snake case (notice the capitalization): `z221`

warning: function `Z201` should have a snake case name
    --> /home/runner/work/Miner/Miner/references/round18-public-576/parse.rs:5932:8
     |
5932 | pub fn Z201(s: &[u8], clist: &mut Vec<u32>, chain: usize, depth: usize) {
     |        ^^^^ help: convert the identifier to snake case (notice the capitalization): `z201`

warning: function `Z202` should have a snake case name
    --> /home/runner/work/Miner/Miner/references/round18-public-576/parse.rs:5981:8
     |
5981 | pub fn Z202(s: &[u8], clist: &mut Vec<u32>, depth_lo: usize) {
     |        ^^^^ help: convert the identifier to snake case (notice the capitalization): `z202`

warning: function `Z206` should have a snake case name
    --> /home/runner/work/Miner/Miner/references/round18-public-576/parse.rs:6074:8
     |
6074 | pub fn Z206(freq: &[u32; 288], m: usize, lens: &mut [u8; 288]) {
     |        ^^^^ help: convert the identifier to snake case (notice the capitalization): `z206`

warning: function `Z217` should have a snake case name
    --> /home/runner/work/Miner/Miner/references/round18-public-576/parse.rs:6141:8
     |
6141 | pub fn Z217(sw: &[u32; 288], ss: &[u16; 288], dw: &mut [u32; 288], ds: &mut [u16; 288], k: usize, shift: u32) {
     |        ^^^^ help: convert the identifier to snake case (notice the capitalization): `z217`

warning: function `Z215` should have a snake case name
    --> /home/runner/work/Miner/Miner/references/round18-public-576/parse.rs:6168:8
     |
6168 | pub fn Z215(models: &mut Vec<u32>, lf: &[u32; 288], df: &[u32; 288], tax: u32, ulen: u32, udist: u32, tokpen: u32) -> u64 {
     |        ^^^^ help: convert the identifier to snake case (notice the capitalization): `z215`

warning: function `Z205` should have a snake case name
    --> /home/runner/work/Miner/Miner/references/round18-public-576/parse.rs:6212:8
     |
6212 | pub fn Z205(clist: &Vec<u32>, ge: usize) -> usize {
     |        ^^^^ help: convert the identifier to snake case (notice the capitalization): `z205`

warning: function `Z208` should have a snake case name
    --> /home/runner/work/Miner/Miner/references/round18-public-576/parse.rs:6226:8
     |
6226 | pub fn Z208(models: &Vec<u32>, b: usize, lit_c: &mut [u32; 256], len_c: &mut [u32; 256], dst_c: &mut [u32; 32]) {
     |        ^^^^ help: convert the identifier to snake case (notice the capitalization): `z208`

warning: function `Z196` should have a snake case name
    --> /home/runner/work/Miner/Miner/references/round18-public-576/parse.rs:6248:8
     |
6248 | pub fn Z196(s: &[u8], clist: &Vec<u32>, models: &Vec<u32>, bstart: &Vec<u32>, choice: &mut [u32]) {
     |        ^^^^ help: convert the identifier to snake case (notice the capitalization): `z196`

warning: function `Z204` should have a snake case name
    --> /home/runner/work/Miner/Miner/references/round18-public-576/parse.rs:6339:8
     |
6339 | pub fn Z204(clist: &Vec<u32>, choice: &mut [u32], n: usize, gmin: usize) {
     |        ^^^^ help: convert the identifier to snake case (notice the capitalization): `z204`

warning: function `Z219` should have a snake case name
    --> /home/runner/work/Miner/Miner/references/round18-public-576/parse.rs:6363:8
     |
6363 | pub fn Z219(s: &[u8], choice: &[u32], models: &mut Vec<u32>, bstart: &mut Vec<u32>, tax: u32, ulen: u32, udist: u32, tokpen: u32) ...
     |        ^^^^ help: convert the identifier to snake case (notice the capitalization): `z219`

warning: function `Z207` should have a snake case name
    --> /home/runner/work/Miner/Miner/references/round18-public-576/parse.rs:6408:8
     |
6408 | pub fn Z207(s: &[u8]) -> usize {
     |        ^^^^ help: convert the identifier to snake case (notice the capitalization): `z207`

warning: function `Z220` should have a snake case name
    --> /home/runner/work/Miner/Miner/references/round18-public-576/parse.rs:6432:8
     |
6432 | pub fn Z220(clf: &mut [u32; 288], v: usize, r0: usize) -> u64 {
     |        ^^^^ help: convert the identifier to snake case (notice the capitalization): `z220`

warning: function `Z198` should have a snake case name
    --> /home/runner/work/Miner/Miner/references/round18-public-576/parse.rs:6470:8
     |
6470 | pub fn Z198(lf: &[u32; 288], df: &[u32; 288]) -> u64 {
     |        ^^^^ help: convert the identifier to snake case (notice the capitalization): `z198`

warning: function `Z203` should have a snake case name
    --> /home/runner/work/Miner/Miner/references/round18-public-576/parse.rs:6540:8
     |
6540 | pub fn Z203(lf: &[u32; 288], df: &[u32; 288]) -> u64 {
     |        ^^^^ help: convert the identifier to snake case (notice the capitalization): `z203`

warning: function `Z212` should have a snake case name
    --> /home/runner/work/Miner/Miner/references/round18-public-576/parse.rs:6562:8
     |
6562 | pub fn Z212(s: &[u8], choice: &[u32], p0: usize, lf: &mut [u32; 288], df: &mut [u32; 288]) -> usize {
     |        ^^^^ help: convert the identifier to snake case (notice the capitalization): `z212`

warning: function `Z195` should have a snake case name
    --> /home/runner/work/Miner/Miner/references/round18-public-576/parse.rs:6592:8
     |
6592 | pub fn Z195(plan: &mut [u32], p0: usize, end: usize) {
     |        ^^^^ help: convert the identifier to snake case (notice the capitalization): `z195`

warning: function `Z213` should have a snake case name
    --> /home/runner/work/Miner/Miner/references/round18-public-576/parse.rs:6603:8
     |
6603 | pub fn Z213(s: &[u8], plan: &mut [u32]) {
     |        ^^^^ help: convert the identifier to snake case (notice the capitalization): `z213`

warning: function `Z218` should have a snake case name
    --> /home/runner/work/Miner/Miner/references/round18-public-576/parse.rs:6645:8
     |
6645 | pub fn Z218(s: &[u8]) -> (usize, usize) {
     |        ^^^^ help: convert the identifier to snake case (notice the capitalization): `z218`

warning: function `Z199` should have a snake case name
    --> /home/runner/work/Miner/Miner/references/round18-public-576/parse.rs:6681:8
     |
6681 | pub fn Z199(input: &[u8], out: &mut Vec<u32>, depth: usize, depth_lo: usize, wdp: usize, passes_w: usize, passes_bt: usize, passes...
     |        ^^^^ help: convert the identifier to snake case (notice the capitalization): `z199`

warning: function `Z296` should have a snake case name
    --> /home/runner/work/Miner/Miner/references/round18-public-576/parse.rs:6783:8
     |
6783 | pub fn Z296(input:&[u8],out:&mut[u32],mode:usize)->usize{if mode==0 {Z273(input,out,0)}else if mode==1 {Z273(input,out,1)}else if ...
     |        ^^^^ help: convert the identifier to snake case (notice the capitalization): `z296`

warning: function `Z313` should have a snake case name
    --> /home/runner/work/Miner/Miner/references/round18-public-576/parse.rs:6878:8
     |
6878 | pub fn Z313(input: &[u8], k: usize) -> Vec<u32> {
     |        ^^^^ help: convert the identifier to snake case (notice the capitalization): `z313`

warning: function `Z311` should have a snake case name
    --> /home/runner/work/Miner/Miner/references/round18-public-576/parse.rs:6893:8
     |
6893 | pub fn Z311(input: &[u8], k: usize) -> Vec<u32> {
     |        ^^^^ help: convert the identifier to snake case (notice the capitalization): `z311`

warning: function `Z310` should have a snake case name
    --> /home/runner/work/Miner/Miner/references/round18-public-576/parse.rs:6902:8
     |
6902 | pub fn Z310(input: &[u8], out: &mut [u32], k: usize) -> usize {
     |        ^^^^ help: convert the identifier to snake case (notice the capitalization): `z310`

warning: function `Z307` should have a snake case name
    --> /home/runner/work/Miner/Miner/references/round18-public-576/parse.rs:7012:8
     |
7012 | pub fn Z307(
     |        ^^^^ help: convert the identifier to snake case (notice the capitalization): `z307`

warning: function `Z309` should have a snake case name
    --> /home/runner/work/Miner/Miner/references/round18-public-576/parse.rs:7105:8
     |
7105 | pub fn Z309(
     |        ^^^^ help: convert the identifier to snake case (notice the capitalization): `z309`

warning: function `Z308` should have a snake case name
    --> /home/runner/work/Miner/Miner/references/round18-public-576/parse.rs:7161:8
     |
7161 | pub fn Z308(
     |        ^^^^ help: convert the identifier to snake case (notice the capitalization): `z308`

warning: function `Z314` should have a snake case name
    --> /home/runner/work/Miner/Miner/references/round18-public-576/parse.rs:7570:8
     |
7570 | pub fn Z314(cost:&[u32],lc:&[u32;512],i:usize,lo:usize,hi:usize,base:u32,width:usize)->u32 {
     |        ^^^^ help: convert the identifier to snake case (notice the capitalization): `z314`

warning: function `Z312` should have a snake case name
    --> /home/runner/work/Miner/Miner/references/round18-public-576/parse.rs:7591:8
     |
7591 | pub fn Z312(input:&[u8],out:&mut[u32],mode:usize)->usize{if mode==0 {Z310(input,out,0)}else if mode==1 {Z310(input,out,1)}else if ...
     |        ^^^^ help: convert the identifier to snake case (notice the capitalization): `z312`

warning: function `Z317` should have a snake case name
    --> /home/runner/work/Miner/Miner/references/round18-public-576/parse.rs:7714:8
     |
7714 | pub fn Z317(input: &[u8], k: usize) -> Vec<u32> {
     |        ^^^^ help: convert the identifier to snake case (notice the capitalization): `z317`

warning: function `Z315` should have a snake case name
    --> /home/runner/work/Miner/Miner/references/round18-public-576/parse.rs:7729:8
     |
7729 | pub fn Z315(input: &[u8], k: usize) -> Vec<u32> {
     |        ^^^^ help: convert the identifier to snake case (notice the capitalization): `z315`

warning: function `Z316` should have a snake case name
    --> /home/runner/work/Miner/Miner/references/round18-public-576/parse.rs:7738:8
     |
7738 | pub fn Z316(input: &[u8], out: &mut [u32], k: usize) -> usize {
     |        ^^^^ help: convert the identifier to snake case (notice the capitalization): `z316`

warning: function `Z318` should have a snake case name
    --> /home/runner/work/Miner/Miner/references/round18-public-576/parse.rs:9225:8
     |
9225 | pub fn Z318(input:&[u8],out:&mut[u32],mode:usize)->usize{if mode==0 {Z316(input,out,0)}else if mode==1 {Z316(input,out,1)}else if ...
     |        ^^^^ help: convert the identifier to snake case (notice the capitalization): `z318`

warning: function `Z331` should have a snake case name
     --> /home/runner/work/Miner/Miner/references/round18-public-576/parse.rs:10038:8
      |
10038 | pub fn Z331(v: &mut [u32], i: usize, by: u32) {
      |        ^^^^ help: convert the identifier to snake case (notice the capitalization): `z331`

warning: function `Z449` should have a snake case name
     --> /home/runner/work/Miner/Miner/references/round18-public-576/parse.rs:10045:8
      |
10045 | pub fn Z449(v: &mut [u64], i: usize, x: u64) {
      |        ^^^^ help: convert the identifier to snake case (notice the capitalization): `z449`

warning: function `Z379` should have a snake case name
     --> /home/runner/work/Miner/Miner/references/round18-public-576/parse.rs:10052:8
      |
10052 | pub fn Z379(v: &[u8], i: usize) -> u8 {
      |        ^^^^ help: convert the identifier to snake case (notice the capitalization): `z379`

warning: function `Z332` should have a snake case name
     --> /home/runner/work/Miner/Miner/references/round18-public-576/parse.rs:10062:8
      |
10062 | pub fn Z332(input: &[u8], i: usize) -> usize {
      |        ^^^^ help: convert the identifier to snake case (notice the capitalization): `z332`

warning: function `Z450` should have a snake case name
     --> /home/runner/work/Miner/Miner/references/round18-public-576/parse.rs:10072:8
      |
10072 | pub fn Z450(a: &mut [u32; 65536], i: usize, x: u32) {
      |        ^^^^ help: convert the identifier to snake case (notice the capitalization): `z450`

warning: function `Z367` should have a snake case name
     --> /home/runner/work/Miner/Miner/references/round18-public-576/parse.rs:10078:8
      |
10078 | pub fn Z367(n: usize, x: u32) -> Vec<u32> {
      |        ^^^^ help: convert the identifier to snake case (notice the capitalization): `z367`

warning: function `Z430` should have a snake case name
     --> /home/runner/work/Miner/Miner/references/round18-public-576/parse.rs:10102:8
      |
10102 | pub fn Z430(v: &mut Vec<u32>, x: u32) {
      |        ^^^^ help: convert the identifier to snake case (notice the capitalization): `z430`

warning: function `Z446` should have a snake case name
     --> /home/runner/work/Miner/Miner/references/round18-public-576/parse.rs:10110:8
      |
10110 | pub fn Z446(f: usize, a: usize, b: usize) -> usize {
      |        ^^^^ help: convert the identifier to snake case (notice the capitalization): `z446`

warning: function `Z447` should have a snake case name
     --> /home/runner/work/Miner/Miner/references/round18-public-576/parse.rs:10119:8
      |
10119 | pub fn Z447(f: usize, a: u32, b: u32) -> u32 {
      |        ^^^^ help: convert the identifier to snake case (notice the capitalization): `z447`

warning: function `Z448` should have a snake case name
     --> /home/runner/work/Miner/Miner/references/round18-public-576/parse.rs:10128:8
      |
10128 | pub fn Z448(f: usize, a: u64, b: u64) -> u64 {
      |        ^^^^ help: convert the identifier to snake case (notice the capitalization): `z448`

warning: function `Z377` should have a snake case name
     --> /home/runner/work/Miner/Miner/references/round18-public-576/parse.rs:10137:8
      |
10137 | pub fn Z377(a: usize, b: usize) -> usize {
      |        ^^^^ help: convert the identifier to snake case (notice the capitalization): `z377`

warning: function `Z404` should have a snake case name
     --> /home/runner/work/Miner/Miner/references/round18-public-576/parse.rs:10146:8
      |
10146 | pub fn Z404(a: usize, b: usize) -> usize {
      |        ^^^^ help: convert the identifier to snake case (notice the capitalization): `z404`

warning: function `Z357` should have a snake case name
     --> /home/runner/work/Miner/Miner/references/round18-public-576/parse.rs:10155:8
      |
10155 | pub fn Z357(a: usize, b: usize) -> usize {
      |        ^^^^ help: convert the identifier to snake case (notice the capitalization): `z357`

warning: function `Z405` should have a snake case name
     --> /home/runner/work/Miner/Miner/references/round18-public-576/parse.rs:10164:8
      |
10164 | pub fn Z405(a: u32, b: u32) -> usize {
      |        ^^^^ help: convert the identifier to snake case (notice the capitalization): `z405`

warning: function `Z406` should have a snake case name
     --> /home/runner/work/Miner/Miner/references/round18-public-576/parse.rs:10173:8
      |
10173 | pub fn Z406(a: u64, b: u64) -> usize {
      |        ^^^^ help: convert the identifier to snake case (notice the capitalization): `z406`

warning: function `Z457` should have a snake case name
     --> /home/runner/work/Miner/Miner/references/round18-public-576/parse.rs:10184:8
      |
10184 | pub fn Z457(a: usize, b: usize) -> usize {
      |        ^^^^ help: convert the identifier to snake case (notice the capitalization): `z457`

warning: function `Z358` should have a snake case name
     --> /home/runner/work/Miner/Miner/references/round18-public-576/parse.rs:10193:8
      |
10193 | pub fn Z358(a: u64, b: u64) -> usize {
      |        ^^^^ help: convert the identifier to snake case (notice the capitalization): `z358`

warning: function `Z458` should have a snake case name
     --> /home/runner/work/Miner/Miner/references/round18-public-576/parse.rs:10202:8
      |
10202 | pub fn Z458(a: u64, b: u64) -> u64 {
      |        ^^^^ help: convert the identifier to snake case (notice the capitalization): `z458`

warning: function `Z431` should have a snake case name
     --> /home/runner/work/Miner/Miner/references/round18-public-576/parse.rs:10212:8
      |
10212 | pub fn Z431(v: &mut Vec<u32>, f: usize, x: u32) {
      |        ^^^^ help: convert the identifier to snake case (notice the capitalization): `z431`

warning: function `Z432` should have a snake case name
     --> /home/runner/work/Miner/Miner/references/round18-public-576/parse.rs:10222:8
      |
10222 | pub fn Z432(v: &mut Vec<u32>, f: usize, len: usize, d: usize) {
      |        ^^^^ help: convert the identifier to snake case (notice the capitalization): `z432`

warning: function `Z433` should have a snake case name
     --> /home/runner/work/Miner/Miner/references/round18-public-576/parse.rs:10231:8
      |
10231 | pub fn Z433(mc: &mut Vec<u32>, m0: usize, f: usize, len: usize, d: usize) {
      |        ^^^^ help: convert the identifier to snake case (notice the capitalization): `z433`

warning: function `Z434` should have a snake case name
     --> /home/runner/work/Miner/Miner/references/round18-public-576/parse.rs:10238:8
      |
10238 | pub fn Z434(mc: &mut Vec<u32>, m0: usize, len: usize, d: usize) {
      |        ^^^^ help: convert the identifier to snake case (notice the capitalization): `z434`

warning: function `Z339` should have a snake case name
     --> /home/runner/work/Miner/Miner/references/round18-public-576/parse.rs:10252:8
      |
10252 | pub fn Z339(l: usize, room: usize) -> usize {
      |        ^^^^ help: convert the identifier to snake case (notice the capitalization): `z339`

warning: function `Z338` should have a snake case name
     --> /home/runner/work/Miner/Miner/references/round18-public-576/parse.rs:10262:8
      |
10262 | pub fn Z338(l: usize, room: usize) -> usize {
      |        ^^^^ help: convert the identifier to snake case (notice the capitalization): `z338`

warning: function `Z411` should have a snake case name
     --> /home/runner/work/Miner/Miner/references/round18-public-576/parse.rs:10272:8
      |
10272 | pub fn Z411(x: u64) -> u64 {
      |        ^^^^ help: convert the identifier to snake case (notice the capitalization): `z411`

warning: function `Z459` should have a snake case name
     --> /home/runner/work/Miner/Miner/references/round18-public-576/parse.rs:10286:8
      |
10286 | pub fn Z459(input: &[u8], pos: usize, d: usize, ch: usize) -> bool {
      |        ^^^^ help: convert the identifier to snake case (notice the capitalization): `z459`

warning: function `Z354` should have a snake case name
     --> /home/runner/work/Miner/Miner/references/round18-public-576/parse.rs:10298:8
      |
10298 | pub fn Z354(input: &[u8], out: &mut [u32], plan: &[u32]) -> usize {
      |        ^^^^ help: convert the identifier to snake case (notice the capitalization): `z354`

warning: function `Z392` should have a snake case name
     --> /home/runner/work/Miner/Miner/references/round18-public-576/parse.rs:10322:8
      |
10322 | pub fn Z392(input: &[u8], p: usize) -> u64 {
      |        ^^^^ help: convert the identifier to snake case (notice the capitalization): `z392`

warning: function `Z372` should have a snake case name
     --> /home/runner/work/Miner/Miner/references/round18-public-576/parse.rs:10336:8
      |
10336 | pub fn Z372(x:u64,y:u64)->usize {
      |        ^^^^ help: convert the identifier to snake case (notice the capitalization): `z372`

warning: function `Z382` should have a snake case name
     --> /home/runner/work/Miner/Miner/references/round18-public-576/parse.rs:10345:8
      |
10345 | pub fn Z382(input: &[u8], p: usize) -> usize {
      |        ^^^^ help: convert the identifier to snake case (notice the capitalization): `z382`

warning: function `Z381` should have a snake case name
     --> /home/runner/work/Miner/Miner/references/round18-public-576/parse.rs:10356:8
      |
10356 | pub fn Z381(input: &[u8], p: usize) -> usize {
      |        ^^^^ help: convert the identifier to snake case (notice the capitalization): `z381`

warning: function `Z353` should have a snake case name
     --> /home/runner/work/Miner/Miner/references/round18-public-576/parse.rs:10368:8
      |
10368 | pub fn Z353(d: usize) -> usize {
      |        ^^^^ help: convert the identifier to snake case (notice the capitalization): `z353`

warning: function `Z347` should have a snake case name
     --> /home/runner/work/Miner/Miner/references/round18-public-576/parse.rs:10383:8
      |
10383 | pub fn Z347(s: usize) -> u32 {
      |        ^^^^ help: convert the identifier to snake case (notice the capitalization): `z347`

warning: function `Z415` should have a snake case name
     --> /home/runner/work/Miner/Miner/references/round18-public-576/parse.rs:10393:8
      |
10393 | pub fn Z415(len: usize, d: usize) -> u32 {
      |        ^^^^ help: convert the identifier to snake case (notice the capitalization): `z415`

warning: function `Z390` should have a snake case name
     --> /home/runner/work/Miner/Miner/references/round18-public-576/parse.rs:10401:8
      |
10401 | pub fn Z390(l: usize) -> usize {
      |        ^^^^ help: convert the identifier to snake case (notice the capitalization): `z390`

warning: function `Z395` should have a snake case name
     --> /home/runner/work/Miner/Miner/references/round18-public-576/parse.rs:10419:8
      |
10419 | pub fn Z395(c: usize) -> u32 {
      |        ^^^^ help: convert the identifier to snake case (notice the capitalization): `z395`

warning: function `Z374` should have a snake case name
     --> /home/runner/work/Miner/Miner/references/round18-public-576/parse.rs:10428:8
      |
10428 | pub fn Z374(s: usize) -> u32 {
      |        ^^^^ help: convert the identifier to snake case (notice the capitalization): `z374`

warning: function `Z364` should have a snake case name
     --> /home/runner/work/Miner/Miner/references/round18-public-576/parse.rs:10443:8
      |
10443 | pub fn Z364(input: &[u8], a: usize, b: usize, from: usize, cap: usize) -> usize {
      |        ^^^^ help: convert the identifier to snake case (notice the capitalization): `z364`

warning: function `Z363` should have a snake case name
     --> /home/runner/work/Miner/Miner/references/round18-public-576/parse.rs:10478:8
      |
10478 | pub fn Z363(input: &[u8], f: usize, a: usize, b: usize, from: usize, cap: usize, dflt: usize) -> usize {
      |        ^^^^ help: convert the identifier to snake case (notice the capitalization): `z363`

warning: function `Z394` should have a snake case name
     --> /home/runner/work/Miner/Miner/references/round18-public-576/parse.rs:10487:8
      |
10487 | pub fn Z394(input: &[u8], p: usize) -> u64 {
      |        ^^^^ help: convert the identifier to snake case (notice the capitalization): `z394`

warning: function `Z393` should have a snake case name
     --> /home/runner/work/Miner/Miner/references/round18-public-576/parse.rs:10497:8
      |
10497 | pub fn Z393(input: &[u8], p: usize) -> u64 {
      |        ^^^^ help: convert the identifier to snake case (notice the capitalization): `z393`

warning: function `Z391` should have a snake case name
     --> /home/runner/work/Miner/Miner/references/round18-public-576/parse.rs:10511:8
      |
10511 | pub fn Z391(input: &[u8], a: usize, b: usize, l0: usize, lim: usize) -> usize {
      |        ^^^^ help: convert the identifier to snake case (notice the capitalization): `z391`

warning: function `Z335` should have a snake case name
     --> /home/runner/work/Miner/Miner/references/round18-public-576/parse.rs:10529:8
      |
10529 | pub fn Z335(x: u64, y: u64, k: usize) -> usize {
      |        ^^^^ help: convert the identifier to snake case (notice the capitalization): `z335`

warning: function `Z365` should have a snake case name
     --> /home/runner/work/Miner/Miner/references/round18-public-576/parse.rs:10537:8
      |
10537 | pub fn Z365(input: &[u8], same: usize, a: usize, b: usize, l0: usize, x: u64, y: u64, lim: usize) -> usize {
      |        ^^^^ help: convert the identifier to snake case (notice the capitalization): `z365`

warning: function `Z328` should have a snake case name
     --> /home/runner/work/Miner/Miner/references/round18-public-576/parse.rs:10551:8
      |
10551 | pub fn Z328(
      |        ^^^^ help: convert the identifier to snake case (notice the capitalization): `z328`

warning: function `Z451` should have a snake case name
     --> /home/runner/work/Miner/Miner/references/round18-public-576/parse.rs:10626:8
      |
10626 | pub fn Z451(gap: usize) -> usize {
      |        ^^^^ help: convert the identifier to snake case (notice the capitalization): `z451`

warning: function `Z370` should have a snake case name
     --> /home/runner/work/Miner/Miner/references/round18-public-576/parse.rs:10633:8
      |
10633 | pub fn Z370(
      |        ^^^^ help: convert the identifier to snake case (notice the capitalization): `z370`

warning: function `Z368` should have a snake case name
     --> /home/runner/work/Miner/Miner/references/round18-public-576/parse.rs:10687:8
      |
10687 | pub fn Z368(input: &[u8], mstart: &mut Vec<u32>, mc: &mut Vec<u32>, maxd: usize) {
      |        ^^^^ help: convert the identifier to snake case (notice the capitalization): `z368`

warning: function `Z371` should have a snake case name
     --> /home/runner/work/Miner/Miner/references/round18-public-576/parse.rs:10706:8
      |
10706 | pub fn Z371(input: &[u8], f: usize) {
      |        ^^^^ help: convert the identifier to snake case (notice the capitalization): `z371`

warning: function `Z329` should have a snake case name
     --> /home/runner/work/Miner/Miner/references/round18-public-576/parse.rs:10717:8
      |
10717 | pub fn Z329(l: usize) -> usize {
      |        ^^^^ help: convert the identifier to snake case (notice the capitalization): `z329`

warning: function `Z330` should have a snake case name
     --> /home/runner/work/Miner/Miner/references/round18-public-576/parse.rs:10736:8
      |
10736 | pub fn Z330(bend: &mut [u32; 512]) {
      |        ^^^^ help: convert the identifier to snake case (notice the capitalization): `z330`

warning: function `Z396` should have a snake case name
     --> /home/runner/work/Miner/Miner/references/round18-public-576/parse.rs:10745:8
      |
10745 | pub fn Z396(w: usize) -> usize {
      |        ^^^^ help: convert the identifier to snake case (notice the capitalization): `z396`

warning: function `Z400` should have a snake case name
     --> /home/runner/work/Miner/Miner/references/round18-public-576/parse.rs:10757:8
      |
10757 | pub fn Z400(tbl: &[u32], toff: usize, ct: &mut [u32; 1024], lam: u32) {
      |        ^^^^ help: convert the identifier to snake case (notice the capitalization): `z400`

warning: function `Z443` should have a snake case name
     --> /home/runner/work/Miner/Miner/references/round18-public-576/parse.rs:10778:8
      |
10778 | pub fn Z443(rm: &mut [u64; 4096], i: usize, c: u64) {
      |        ^^^^ help: convert the identifier to snake case (notice the capitalization): `z443`

warning: function `Z444` should have a snake case name
     --> /home/runner/work/Miner/Miner/references/round18-public-576/parse.rs:10797:8
      |
10797 | pub fn Z444(rm: &mut [u64; 4096], i: usize, c: u64) {
      |        ^^^^ help: convert the identifier to snake case (notice the capitalization): `z444`

warning: function `Z442` should have a snake case name
     --> /home/runner/work/Miner/Miner/references/round18-public-576/parse.rs:10813:8
      |
10813 | pub fn Z442(f: usize, rm: &mut [u64; 4096], i: usize, c: u64) {
      |        ^^^^ help: convert the identifier to snake case (notice the capitalization): `z442`

warning: function `Z322` should have a snake case name
     --> /home/runner/work/Miner/Miner/references/round18-public-576/parse.rs:10823:8
      |
10823 | pub fn Z322(rm: &[u64; 4096], ct: &[u32; 1024], i: usize, x: usize, e: usize, dcs: u64) -> u64 {
      |        ^^^^ help: convert the identifier to snake case (notice the capitalization): `z322`

warning: function `Z435` should have a snake case name
     --> /home/runner/work/Miner/Miner/references/round18-public-576/parse.rs:10835:8
      |
10835 | pub fn Z435(x: usize, y: usize, k: usize, slot: usize) -> u32 {
      |        ^^^^ help: convert the identifier to snake case (notice the capitalization): `z435`

warning: function `Z429` should have a snake case name
     --> /home/runner/work/Miner/Miner/references/round18-public-576/parse.rs:10844:8
      |
10844 | pub fn Z429(rm: &[u64; 4096], ct: &[u32; 1024], i: usize, lo: usize, hi: usize, dcs: u64, slot: usize, best0: u64, keep: usize, i...
      |        ^^^^ help: convert the identifier to snake case (notice the capitalization): `z429`

warning: function `Z426` should have a snake case name
     --> /home/runner/work/Miner/Miner/references/round18-public-576/parse.rs:10858:8
      |
10858 | pub fn Z426(rm: &[u64; 4096], ct: &[u32; 1024], bend: &[u32; 512], i: usize, lo: usize, hi: usize, dcs: u64, slot: usize, best0: ...
      |        ^^^^ help: convert the identifier to snake case (notice the capitalization): `z426`

warning: function `Z428` should have a snake case name
     --> /home/runner/work/Miner/Miner/references/round18-public-576/parse.rs:10878:8
      |
10878 | pub fn Z428(rm: &[u64; 4096], ct: &[u32; 1024], bend: &[u32; 512], mc: &[u32], ms: usize, me: usize, i: usize, lit: u64, chw: usi...
      |        ^^^^ help: convert the identifier to snake case (notice the capitalization): `z428`

warning: function `Z440` should have a snake case name
     --> /home/runner/work/Miner/Miner/references/round18-public-576/parse.rs:10907:8
      |
10907 | pub fn Z440(rm: &[u64; 4096], ct: &[u32; 1024], i: usize, lo: usize, hi: usize, dcs: u64, best0: u64) -> u64 {
      |        ^^^^ help: convert the identifier to snake case (notice the capitalization): `z440`

warning: function `Z437` should have a snake case name
     --> /home/runner/work/Miner/Miner/references/round18-public-576/parse.rs:10920:8
      |
10920 | pub fn Z437(rm: &[u64; 4096], ct: &[u32; 1024], bend: &[u32; 512], i: usize, lo: usize, hi: usize, dcs: u64, best0: u64) -> u64 {
      |        ^^^^ help: convert the identifier to snake case (notice the capitalization): `z437`

warning: function `Z439` should have a snake case name
     --> /home/runner/work/Miner/Miner/references/round18-public-576/parse.rs:10935:8
      |
10935 | pub fn Z439(rm: &[u64; 4096], ct: &[u32; 1024], bend: &[u32; 512], mc: &[u32], ms: usize, me: usize, i: usize, lit: u64, chw: usi...
      |        ^^^^ help: convert the identifier to snake case (notice the capitalization): `z439`

warning: function `Z427` should have a snake case name
     --> /home/runner/work/Miner/Miner/references/round18-public-576/parse.rs:10958:8
      |
10958 | pub fn Z427(rm: &[u64; 4096], ct: &[u32; 1024], bend: &[u32; 512], mc: &[u32], ms: usize, me: usize, i: usize, lit: u64, chw: usi...
      |        ^^^^ help: convert the identifier to snake case (notice the capitalization): `z427`

warning: function `Z438` should have a snake case name
     --> /home/runner/work/Miner/Miner/references/round18-public-576/parse.rs:10968:8
      |
10968 | pub fn Z438(rm: &[u64; 4096], ct: &[u32; 1024], items: &[u32], s: usize, e: usize, i: usize, lit: u64) -> u64 {
      |        ^^^^ help: convert the identifier to snake case (notice the capitalization): `z438`

warning: function `Z352` should have a snake case name
     --> /home/runner/work/Miner/Miner/references/round18-public-576/parse.rs:10988:8
      |
10988 | pub fn Z352(
      |        ^^^^ help: convert the identifier to snake case (notice the capitalization): `z352`

warning: function `Z324` should have a snake case name
     --> /home/runner/work/Miner/Miner/references/round18-public-576/parse.rs:11022:8
      |
11022 | pub fn Z324(bpos: &[u32], b: usize, hi: usize) -> usize {
      |        ^^^^ help: convert the identifier to snake case (notice the capitalization): `z324`

warning: function `Z418` should have a snake case name
     --> /home/runner/work/Miner/Miner/references/round18-public-576/parse.rs:11028:8
      |
11028 | pub fn Z418(
      |        ^^^^ help: convert the identifier to snake case (notice the capitalization): `z418`

warning: function `Z350` should have a snake case name
     --> /home/runner/work/Miner/Miner/references/round18-public-576/parse.rs:11064:8
      |
11064 | pub fn Z350(input: &[u8], rm: &mut [u64; 4096], ct: &[u32; 1024], choice: &mut [u32], items: &[u32], istart: &[u32], lo: usize, h...
      |        ^^^^ help: convert the identifier to snake case (notice the capitalization): `z350`

warning: function `Z417` should have a snake case name
     --> /home/runner/work/Miner/Miner/references/round18-public-576/parse.rs:11082:8
      |
11082 | pub fn Z417(input: &[u8], tbl: &[u32], bpos: &[u32], nb: usize, choice: &mut [u32], items: &[u32], istart: &[u32], l4: usize, co:...
      |        ^^^^ help: convert the identifier to snake case (notice the capitalization): `z417`

warning: function `Z369` should have a snake case name
     --> /home/runner/work/Miner/Miner/references/round18-public-576/parse.rs:11101:8
      |
11101 | pub fn Z369(mstart: &[u32], mc: &[u32], p: usize, l: usize) -> usize {
      |        ^^^^ help: convert the identifier to snake case (notice the capitalization): `z369`

warning: function `Z341` should have a snake case name
     --> /home/runner/work/Miner/Miner/references/round18-public-576/parse.rs:11119:8
      |
11119 | pub fn Z341(v: &mut [u32], a: usize, b: usize) {
      |        ^^^^ help: convert the identifier to snake case (notice the capitalization): `z341`

warning: function `Z348` should have a snake case name
     --> /home/runner/work/Miner/Miner/references/round18-public-576/parse.rs:11129:8
      |
11129 | pub fn Z348(mstart: &[u32], mc: &[u32], pos: usize, len: usize, d0: usize) -> usize {
      |        ^^^^ help: convert the identifier to snake case (notice the capitalization): `z348`

warning: function `Z461` should have a snake case name
     --> /home/runner/work/Miner/Miner/references/round18-public-576/parse.rs:11139:8
      |
11139 | pub fn Z461(fr: &mut [u32], off: usize, st: usize, d: usize, b: usize) {
      |        ^^^^ help: convert the identifier to snake case (notice the capitalization): `z461`

warning: function `Z460` should have a snake case name
     --> /home/runner/work/Miner/Miner/references/round18-public-576/parse.rs:11157:8
      |
11157 | pub fn Z460(input: &[u8], mstart: &[u32], mc: &[u32], choice: &mut [u32], co: usize, fr: &mut [u32], bpos: &mut [u32]) -> usize {
      |        ^^^^ help: convert the identifier to snake case (notice the capitalization): `z460`

warning: function `Z386` should have a snake case name
     --> /home/runner/work/Miner/Miner/references/round18-public-576/parse.rs:11189:8
      |
11189 | pub fn Z386(order: &mut [u32], k: usize, s: usize, freq: &[u32], off: usize) {
      |        ^^^^ help: convert the identifier to snake case (notice the capitalization): `z386`

warning: function `Z436` should have a snake case name
     --> /home/runner/work/Miner/Miner/references/round18-public-576/parse.rs:11206:8
      |
11206 | pub fn Z436(freq: &[u32], off: usize, src: &[u32], dst: &mut [u32], k: usize, sh: u32) {
      |        ^^^^ help: convert the identifier to snake case (notice the capitalization): `z436`

warning: function `Z452` should have a snake case name
     --> /home/runner/work/Miner/Miner/references/round18-public-576/parse.rs:11237:8
      |
11237 | pub fn Z452(freq: &[u32], off: usize, nsym: usize, order: &mut [u32]) -> usize {
      |        ^^^^ help: convert the identifier to snake case (notice the capitalization): `z452`

warning: function `Z401` should have a snake case name
     --> /home/runner/work/Miner/Miner/references/round18-public-576/parse.rs:11265:8
      |
11265 | pub fn Z401(freq: &[u32], off: usize, order: &[u32], k: usize, wa: &mut [u64]) {
      |        ^^^^ help: convert the identifier to snake case (notice the capitalization): `z401`

warning: function `Z421` should have a snake case name
     --> /home/runner/work/Miner/Miner/references/round18-public-576/parse.rs:11277:8
      |
11277 | pub fn Z421(lw: &[u64; 288], k: usize, w: &mut [u64; 1152], src: usize, curlen: usize, dst: usize, flags: &mut [u8; 9216], foff: ...
      |        ^^^^ help: convert the identifier to snake case (notice the capitalization): `z421`

warning: function `Z422` should have a snake case name
     --> /home/runner/work/Miner/Miner/references/round18-public-576/parse.rs:11302:8
      |
11302 | pub fn Z422(lw: &[u64; 288], k: usize, w: &mut [u64; 1152], flags: &mut [u8; 9216], maxbits: usize) {
      |        ^^^^ help: convert the identifier to snake case (notice the capitalization): `z422`

warning: function `Z344` should have a snake case name
     --> /home/runner/work/Miner/Miner/references/round18-public-576/parse.rs:11312:8
      |
11312 | pub fn Z344(flags: &[u8], foff: usize, s: usize) -> usize {
      |        ^^^^ help: convert the identifier to snake case (notice the capitalization): `z344`

warning: function `Z384` should have a snake case name
     --> /home/runner/work/Miner/Miner/references/round18-public-576/parse.rs:11323:8
      |
11323 | pub fn Z384(cnt: &mut [u32], m: usize) {
      |        ^^^^ help: convert the identifier to snake case (notice the capitalization): `z384`

warning: function `Z343` should have a snake case name
     --> /home/runner/work/Miner/Miner/references/round18-public-576/parse.rs:11332:8
      |
11332 | pub fn Z343(flags: &[u8], cnt: &mut [u32], k: usize, maxbits: usize) -> usize {
      |        ^^^^ help: convert the identifier to snake case (notice the capitalization): `z343`

warning: function `Z320` should have a snake case name
     --> /home/runner/work/Miner/Miner/references/round18-public-576/parse.rs:11345:8
      |
11345 | pub fn Z320(order: &[u32], cnt: &[u32], k: usize, lens: &mut [u32], loff: usize) {
      |        ^^^^ help: convert the identifier to snake case (notice the capitalization): `z320`

warning: function `Z420` should have a snake case name
     --> /home/runner/work/Miner/Miner/references/round18-public-576/parse.rs:11356:8
      |
11356 | pub fn Z420(freq: &[u32], off: usize, nsym: usize, maxbits: usize, lens: &mut [u32], loff: usize) {
      |        ^^^^ help: convert the identifier to snake case (notice the capitalization): `z420`

warning: function `Z445` should have a snake case name
     --> /home/runner/work/Miner/Miner/references/round18-public-576/parse.rs:11380:8
      |
11380 | pub fn Z445(all: &[u32], i: usize, m: usize) -> usize {
      |        ^^^^ help: convert the identifier to snake case (notice the capitalization): `z445`

warning: function `Z441` should have a snake case name
     --> /home/runner/work/Miner/Miner/references/round18-public-576/parse.rs:11398:8
      |
11398 | pub fn Z441(all: &[u32], m: usize, clf: &mut [u32]) -> u64 {
      |        ^^^^ help: convert the identifier to snake case (notice the capitalization): `z441`

warning: function `Z349` should have a snake case name
     --> /home/runner/work/Miner/Miner/references/round18-public-576/parse.rs:11430:8
      |
11430 | pub fn Z349(f: &[u32], foff: usize, l: &[u32], loff: usize, m: usize) -> u64 {
      |        ^^^^ help: convert the identifier to snake case (notice the capitalization): `z349`

warning: function `Z373` should have a snake case name
     --> /home/runner/work/Miner/Miner/references/round18-public-576/parse.rs:11441:8
      |
11441 | pub fn Z373(f: &[u32], foff: usize) -> u64 {
      |        ^^^^ help: convert the identifier to snake case (notice the capitalization): `z373`

warning: function `Z455` should have a snake case name
     --> /home/runner/work/Miner/Miner/references/round18-public-576/parse.rs:11452:8
      |
11452 | pub fn Z455(f: &[u32], a: usize, b: usize) -> u64 {
      |        ^^^^ help: convert the identifier to snake case (notice the capitalization): `z455`

warning: function `Z388` should have a snake case name
     --> /home/runner/work/Miner/Miner/references/round18-public-576/parse.rs:11463:8
      |
11463 | pub fn Z388(l: &[u32], off: usize, m: usize, lo: usize) -> usize {
      |        ^^^^ help: convert the identifier to snake case (notice the capitalization): `z388`

warning: function `Z342` should have a snake case name
     --> /home/runner/work/Miner/Miner/references/round18-public-576/parse.rs:11475:8
      |
11475 | pub fn Z342(src: &[u32], soff: usize, dst: &mut [u32], doff: usize, m: usize) {
      |        ^^^^ help: convert the identifier to snake case (notice the capitalization): `z342`

warning: function `Z383` should have a snake case name
     --> /home/runner/work/Miner/Miner/references/round18-public-576/parse.rs:11484:8
      |
11484 | pub fn Z383(cl: &[u32]) -> usize {
      |        ^^^^ help: convert the identifier to snake case (notice the capitalization): `z383`

warning: function `Z325` should have a snake case name
     --> /home/runner/work/Miner/Miner/references/round18-public-576/parse.rs:11499:8
      |
11499 | pub fn Z325(fr: &mut [u32], off: usize, lens: &mut [u32]) -> u64 {
      |        ^^^^ help: convert the identifier to snake case (notice the capitalization): `z325`

warning: function `Z402` should have a snake case name
     --> /home/runner/work/Miner/Miner/references/round18-public-576/parse.rs:11536:8
      |
11536 | pub fn Z402(x: u64) -> u32 {
      |        ^^^^ help: convert the identifier to snake case (notice the capitalization): `z402`

warning: function `Z456` should have a snake case name
     --> /home/runner/work/Miner/Miner/references/round18-public-576/parse.rs:11548:8
      |
11548 | pub fn Z456(fr: &[u32], off: usize, lens: &[u32], kind: u32, sc: &mut [u32]) {
      |        ^^^^ help: convert the identifier to snake case (notice the capitalization): `z456`

warning: function `Z409` should have a snake case name
     --> /home/runner/work/Miner/Miner/references/round18-public-576/parse.rs:11583:8
      |
11583 | pub fn Z409(damp:u32)->u32 { if damp==2 {1} else {Z105} }
      |        ^^^^ help: convert the identifier to snake case (notice the capitalization): `z409`

warning: function `Z323` should have a snake case name
     --> /home/runner/work/Miner/Miner/references/round18-public-576/parse.rs:11586:8
      |
11586 | pub fn Z323(old: u32, new: u32, damp: u32) -> u32 {
      |        ^^^^ help: convert the identifier to snake case (notice the capitalization): `z323`

warning: function `Z366` should have a snake case name
     --> /home/runner/work/Miner/Miner/references/round18-public-576/parse.rs:11604:8
      |
11604 | pub fn Z366(sc: &[u32], tbl: &mut [u32], toff: usize, damp: u32) {
      |        ^^^^ help: convert the identifier to snake case (notice the capitalization): `z366`

warning: function `Z403` should have a snake case name
     --> /home/runner/work/Miner/Miner/references/round18-public-576/parse.rs:11631:8
      |
11631 | pub fn Z403(mstart: &[u32], mc: &[u32], p: usize) -> usize {
      |        ^^^^ help: convert the identifier to snake case (notice the capitalization): `z403`

warning: function `Z327` should have a snake case name
     --> /home/runner/work/Miner/Miner/references/round18-public-576/parse.rs:11642:8
      |
11642 | pub fn Z327(input: &[u8], a: usize, b: usize, fr: &mut [u32]) {
      |        ^^^^ help: convert the identifier to snake case (notice the capitalization): `z327`

warning: function `Z319` should have a snake case name
     --> /home/runner/work/Miner/Miner/references/round18-public-576/parse.rs:11651:8
      |
11651 | pub fn Z319(fr: &[u32], hist: &mut [u32; 256]) {
      |        ^^^^ help: convert the identifier to snake case (notice the capitalization): `z319`

warning: function `Z326` should have a snake case name
     --> /home/runner/work/Miner/Miner/references/round18-public-576/parse.rs:11661:8
      |
11661 | pub fn Z326(fr: &mut [u32], lens: &mut [u32], f: usize) -> u64 {
      |        ^^^^ help: convert the identifier to snake case (notice the capitalization): `z326`

warning: function `Z399` should have a snake case name
     --> /home/runner/work/Miner/Miner/references/round18-public-576/parse.rs:11672:8
      |
11672 | pub fn Z399(input: &[u8], fr: &mut [u32], hist: &mut [u32; 256], tlit: &mut [u32], t5: &mut [u32]) -> u64 {
      |        ^^^^ help: convert the identifier to snake case (notice the capitalization): `z399`

warning: function `Z355` should have a snake case name
     --> /home/runner/work/Miner/Miner/references/round18-public-576/parse.rs:11698:8
      |
11698 | pub fn Z355(lt: u32, f: u64) -> u32 {
      |        ^^^^ help: convert the identifier to snake case (notice the capitalization): `z355`

warning: function `Z453` should have a snake case name
     --> /home/runner/work/Miner/Miner/references/round18-public-576/parse.rs:11709:8
      |
11709 | pub fn Z453(len: usize) -> u32 {
      |        ^^^^ help: convert the identifier to snake case (notice the capitalization): `z453`

warning: function `Z385` should have a snake case name
     --> /home/runner/work/Miner/Miner/references/round18-public-576/parse.rs:11717:8
      |
11717 | pub fn Z385(fr: &[u32], tbl: &mut [u32], toff: usize) {
      |        ^^^^ help: convert the identifier to snake case (notice the capitalization): `z385`

warning: function `Z321` should have a snake case name
     --> /home/runner/work/Miner/Miner/references/round18-public-576/parse.rs:11739:8
      |
11739 | pub fn Z321(hist: &[u32; 256], n: usize) -> u32 {
      |        ^^^^ help: convert the identifier to snake case (notice the capitalization): `z321`

warning: function `Z360` should have a snake case name
     --> /home/runner/work/Miner/Miner/references/round18-public-576/parse.rs:11753:8
      |
11753 | pub fn Z360(l: usize, d: usize) -> u32 {
      |        ^^^^ help: convert the identifier to snake case (notice the capitalization): `z360`

warning: function `Z359` should have a snake case name
     --> /home/runner/work/Miner/Miner/references/round18-public-576/parse.rs:11761:8
      |
11761 | pub fn Z359(f: usize, l: usize, d: usize) -> u32 {
      |        ^^^^ help: convert the identifier to snake case (notice the capitalization): `z359`

warning: function `Z410` should have a snake case name
     --> /home/runner/work/Miner/Miner/references/round18-public-576/parse.rs:11771:8
      |
11771 | pub fn Z410(mstart: &[u32], mc: &[u32], pos: usize, st: usize, b: usize) -> usize {
      |        ^^^^ help: convert the identifier to snake case (notice the capitalization): `z410`

warning: function `Z389` should have a snake case name
     --> /home/runner/work/Miner/Miner/references/round18-public-576/parse.rs:11781:8
      |
11781 | pub fn Z389(input: &[u8], mstart: &[u32], mc: &[u32], h16: u32, choice: &mut [u32]) {
      |        ^^^^ help: convert the identifier to snake case (notice the capitalization): `z389`

warning: function `Z375` should have a snake case name
     --> /home/runner/work/Miner/Miner/references/round18-public-576/parse.rs:11813:8
      |
11813 | pub fn Z375(tbl: &mut [u32], toff: usize) {
      |        ^^^^ help: convert the identifier to snake case (notice the capitalization): `z375`

warning: function `Z376` should have a snake case name
     --> /home/runner/work/Miner/Miner/references/round18-public-576/parse.rs:11822:8
      |
11822 | pub fn Z376(tbl: &mut [u32], toff: usize, f: usize) {
      |        ^^^^ help: convert the identifier to snake case (notice the capitalization): `z376`

warning: function `Z361` should have a snake case name
     --> /home/runner/work/Miner/Miner/references/round18-public-576/parse.rs:11830:8
      |
11830 | pub fn Z361(fr: &mut [u32], tbl: &mut [u32], nb2: usize, nbmax: usize, damp: u32) -> u64 {
      |        ^^^^ help: convert the identifier to snake case (notice the capitalization): `z361`

warning: function `Z351` should have a snake case name
     --> /home/runner/work/Miner/Miner/references/round18-public-576/parse.rs:11854:8
      |
11854 | pub fn Z351(
      |        ^^^^ help: convert the identifier to snake case (notice the capitalization): `z351`

warning: function `Z454` should have a snake case name
     --> /home/runner/work/Miner/Miner/references/round18-public-576/parse.rs:11881:8
      |
11881 | pub fn Z454(prev: u64, r: u64, n: usize, it1: usize, gk: u64, minp: usize) -> usize {
      |        ^^^^ help: convert the identifier to snake case (notice the capitalization): `z454`

warning: function `Z413` should have a snake case name
     --> /home/runner/work/Miner/Miner/references/round18-public-576/parse.rs:11898:8
      |
11898 | pub fn Z413(prev: u64, n: usize, gk: u64) -> usize {
      |        ^^^^ help: convert the identifier to snake case (notice the capitalization): `z413`

warning: function `Z387` should have a snake case name
     --> /home/runner/work/Miner/Miner/references/round18-public-576/parse.rs:11908:8
      |
11908 | pub fn Z387(mode: usize, 
      |        ^^^^ help: convert the identifier to snake case (notice the capitalization): `z387`

warning: function `Z398` should have a snake case name
     --> /home/runner/work/Miner/Miner/references/round18-public-576/parse.rs:11975:8
      |
11975 | pub fn Z398(bpos: &mut [u32], m: usize) {
      |        ^^^^ help: convert the identifier to snake case (notice the capitalization): `z398`

warning: function `Z414` should have a snake case name
     --> /home/runner/work/Miner/Miner/references/round18-public-576/parse.rs:11984:8
      |
11984 | pub fn Z414(mode: usize, 
      |        ^^^^ help: convert the identifier to snake case (notice the capitalization): `z414`

warning: function `Z336` should have a snake case name
     --> /home/runner/work/Miner/Miner/references/round18-public-576/parse.rs:12331:8
      |
12331 | pub fn Z336(mode: usize, input: &[u8], plan: &mut [u32], gk: u64, i5: usize) {
      |        ^^^^ help: convert the identifier to snake case (notice the capitalization): `z336`

warning: function `Z337` should have a snake case name
     --> /home/runner/work/Miner/Miner/references/round18-public-576/parse.rs:12350:8
      |
12350 | pub fn Z337(mode: usize, input: &[u8], plan: &mut [u32], on: usize, gk: u64, i5: usize) {
      |        ^^^^ help: convert the identifier to snake case (notice the capitalization): `z337`

warning: function `Z380` should have a snake case name
     --> /home/runner/work/Miner/Miner/references/round18-public-576/parse.rs:12412:8
      |
12412 | pub fn Z380(input: &[u8], p: usize) -> usize {
      |        ^^^^ help: convert the identifier to snake case (notice the capitalization): `z380`

warning: function `Z425` should have a snake case name
     --> /home/runner/work/Miner/Miner/references/round18-public-576/parse.rs:12424:8
      |
12424 | pub fn Z425(input: &[u8], ht: &mut [u32; 4096], s: usize, e: usize) -> u64 {
      |        ^^^^ help: convert the identifier to snake case (notice the capitalization): `z425`

warning: function `Z423` should have a snake case name
     --> /home/runner/work/Miner/Miner/references/round18-public-576/parse.rs:12449:8
      |
12449 | pub fn Z423(input: &[u8]) -> u64 {
      |        ^^^^ help: convert the identifier to snake case (notice the capitalization): `z423`

warning: function `Z424` should have a snake case name
     --> /home/runner/work/Miner/Miner/references/round18-public-576/parse.rs:12465:8
      |
12465 | pub fn Z424(input: &[u8], f: usize) -> u64 {
      |        ^^^^ help: convert the identifier to snake case (notice the capitalization): `z424`

warning: function `Z412` should have a snake case name
     --> /home/runner/work/Miner/Miner/references/round18-public-576/parse.rs:12475:8
      |
12475 | pub fn Z412(input: &[u8], h: &mut [u32; 256]) {
      |        ^^^^ help: convert the identifier to snake case (notice the capitalization): `z412`

warning: function `Z397` should have a snake case name
     --> /home/runner/work/Miner/Miner/references/round18-public-576/parse.rs:12490:8
      |
12490 | pub fn Z397(x: u32) -> u64 {
      |        ^^^^ help: convert the identifier to snake case (notice the capitalization): `z397`

warning: function `Z356` should have a snake case name
     --> /home/runner/work/Miner/Miner/references/round18-public-576/parse.rs:12499:8
      |
12499 | pub fn Z356(h: &[u32; 256]) -> usize {
      |        ^^^^ help: convert the identifier to snake case (notice the capitalization): `z356`

warning: function `Z378` should have a snake case name
     --> /home/runner/work/Miner/Miner/references/round18-public-576/parse.rs:12522:8
      |
12522 | pub fn Z378(a: u64, b: u64) -> usize {
      |        ^^^^ help: convert the identifier to snake case (notice the capitalization): `z378`

warning: function `Z340` should have a snake case name
     --> /home/runner/work/Miner/Miner/references/round18-public-576/parse.rs:12536:8
      |
12536 | pub fn Z340(input: &[u8]) -> usize {
      |        ^^^^ help: convert the identifier to snake case (notice the capitalization): `z340`

warning: function `Z334` should have a snake case name
     --> /home/runner/work/Miner/Miner/references/round18-public-576/parse.rs:12578:8
      |
12578 | pub fn Z334(h: &[u32; 256]) -> u64 {
      |        ^^^^ help: convert the identifier to snake case (notice the capitalization): `z334`

warning: function `Z333` should have a snake case name
     --> /home/runner/work/Miner/Miner/references/round18-public-576/parse.rs:12595:8
      |
12595 | pub fn Z333(h: &[u32; 256]) -> u64 {
      |        ^^^^ help: convert the identifier to snake case (notice the capitalization): `z333`

warning: function `Z416` should have a snake case name
     --> /home/runner/work/Miner/Miner/references/round18-public-576/parse.rs:12612:8
      |
12612 | pub fn Z416(input: &[u8], out: &mut [u32], mode: usize) -> usize {
      |        ^^^^ help: convert the identifier to snake case (notice the capitalization): `z416`

warning: variable `Z469` should have a snake case name
     --> /home/runner/work/Miner/Miner/references/round18-public-576/parse.rs:12617:9
      |
12617 |     let Z469 = 0usize;
      |         ^^^^ help: convert the identifier to snake case (notice the capitalization): `z469`

warning: function `Z419` should have a snake case name
     --> /home/runner/work/Miner/Miner/references/round18-public-576/parse.rs:12644:8
      |
12644 | pub fn Z419(freq:&[u32],off:usize,nsym:usize,maxbits:usize,lens:&mut [u32],loff:usize) {
      |        ^^^^ help: convert the identifier to snake case (notice the capitalization): `z419`

warning: function `Z408` should have a snake case name
     --> /home/runner/work/Miner/Miner/references/round18-public-576/parse.rs:12704:8
      |
12704 | pub fn Z408(mode: usize, base: u64) -> u64 {
      |        ^^^^ help: convert the identifier to snake case (notice the capitalization): `z408`

warning: function `Z407` should have a snake case name
     --> /home/runner/work/Miner/Miner/references/round18-public-576/parse.rs:12710:8
      |
12710 | pub fn Z407(mode:usize,damp:u32)->u32 { if mode==6 && damp>0 {2} else {damp} }
      |        ^^^^ help: convert the identifier to snake case (notice the capitalization): `z407`

warning: function `Z362` should have a snake case name
     --> /home/runner/work/Miner/Miner/references/round18-public-576/parse.rs:12713:8
      |
12713 | pub fn Z362(mode: usize, fr: &mut [u32], tbl: &mut [u32], nb: usize, nbmax: usize, damp: u32, ew: u32) -> u64 {
      |        ^^^^ help: convert the identifier to snake case (notice the capitalization): `z362`

warning: function `Z345` should have a snake case name
     --> /home/runner/work/Miner/Miner/references/round18-public-576/parse.rs:12720:8
      |
12720 | pub fn Z345(tbl:&mut [u32],nb:usize,seed:u32, amplitude:u32) {
      |        ^^^^ help: convert the identifier to snake case (notice the capitalization): `z345`

warning: function `Z346` should have a snake case name
     --> /home/runner/work/Miner/Miner/references/round18-public-576/parse.rs:12742:8
      |
12742 | pub fn Z346(
      |        ^^^^ help: convert the identifier to snake case (notice the capitalization): `z346`

warning: function `Z462` should have a snake case name
     --> /home/runner/work/Miner/Miner/references/round18-public-576/parse.rs:12772:8
      |
12772 | pub fn Z462(input:&[u8],out:&mut[u32],mode:usize)->usize{if mode==0 {Z416(input,out,12)}else if mode==1 {Z416(input,out,13)}else ...
      |        ^^^^ help: convert the identifier to snake case (notice the capitalization): `z462`

warning: function `SFblock` should have a snake case name
     --> /home/runner/work/Miner/Miner/references/round18-public-576/parse.rs:12774:8
      |
12774 | pub fn SFblock(fr: &mut [u32], off: usize, lens: &mut [u32]) -> u64 {
      |        ^^^^^^^ help: convert the identifier to snake case (notice the capitalization): `sfblock`

warning: function `SCsymbol` should have a snake case name
     --> /home/runner/work/Miner/Miner/references/round18-public-576/parse.rs:12805:8
      |
12805 | pub fn SCsymbol(lens:&[u32],kind:usize,sc:&mut[u32;320]) {
      |        ^^^^^^^^ help: convert the identifier to snake case (notice the capitalization): `scsymbol`

warning: function `SCtables` should have a snake case name
     --> /home/runner/work/Miner/Miner/references/round18-public-576/parse.rs:12810:8
      |
12810 | pub fn SCtables(fr:&mut[u32],tbl:&mut[u32],nb:usize,cap:usize)->u64 {
      |        ^^^^^^^^ help: convert the identifier to snake case (notice the capitalization): `sctables`

warning: function `SCsum` should have a snake case name
     --> /home/runner/work/Miner/Miner/references/round18-public-576/parse.rs:12814:8
      |
12814 | pub fn SCsum(fr:&mut[u32],nb:usize,cap:usize)->u64 {
      |        ^^^^^ help: convert the identifier to snake case (notice the capitalization): `scsum`

warning: function `SCmatch` should have a snake case name
     --> /home/runner/work/Miner/Miner/references/round18-public-576/parse.rs:12818:8
      |
12818 | pub fn SCmatch(rm:&[u64;4096],ct:&[u32;1024],bend:&[u32;512],mc:&[u32],ms:usize,me:usize,i:usize,end:usize,lit:u64)->u64 {
      |        ^^^^^^^ help: convert the identifier to snake case (notice the capitalization): `scmatch`

warning: function `SCcharge` should have a snake case name
     --> /home/runner/work/Miner/Miner/references/round18-public-576/parse.rs:12827:8
      |
12827 | pub fn SCcharge(c:u64,i:usize,seam:usize,trial:usize)->u64 {if i<seam {if trial%3==1{c.saturating_add(SCLAMBDA as u64)}else if tr...
      |        ^^^^^^^^ help: convert the identifier to snake case (notice the capitalization): `sccharge`

warning: function `SCsolve` should have a snake case name
     --> /home/runner/work/Miner/Miner/references/round18-public-576/parse.rs:12828:8
      |
12828 | pub fn SCsolve(input:&[u8],mstart:&[u32],mc:&[u32],ct:&[u32;1024],bend:&[u32;512],choice:&mut[u32],s:usize,e:usize,seam:usize,co:...
      |        ^^^^^^^ help: convert the identifier to snake case (notice the capitalization): `scsolve`

warning: function `SCextra` should have a snake case name
     --> /home/runner/work/Miner/Miner/references/round18-public-576/parse.rs:12835:8
      |
12835 | pub fn SCextra(input:&[u8],mstart:&[u32],mc:&[u32],tbl:&mut[u32],fr:&mut[u32],bpos:&mut[u32],choice:&mut[u32],plan:&mut[u32],item...
      |        ^^^^^^^ help: convert the identifier to snake case (notice the capitalization): `scextra`

warning: function `SFlen` should have a snake case name
     --> /home/runner/work/Miner/Miner/references/round18-public-576/parse.rs:12860:8
      |
12860 | pub fn SFlen(t:u32)->usize { if t<256 {1} else {(t.wrapping_sub(16777216)%256).wrapping_add(3) as usize} }
      |        ^^^^^ help: convert the identifier to snake case (notice the capitalization): `sflen`

warning: function `SFdist` should have a snake case name
     --> /home/runner/work/Miner/Miner/references/round18-public-576/parse.rs:12863:8
      |
12863 | pub fn SFdist(t:u32)->usize {(t.wrapping_sub(16777216)/256).wrapping_add(1) as usize}
      |        ^^^^^^ help: convert the identifier to snake case (notice the capitalization): `sfdist`

warning: function `SFmt` should have a snake case name
     --> /home/runner/work/Miner/Miner/references/round18-public-576/parse.rs:12866:8
      |
12866 | pub fn SFmt(d:usize,l:usize)->u32 {16777216u32.wrapping_add((d as u32).wrapping_sub(1).wrapping_mul(256)).wrapping_add((l as u32)...
      |        ^^^^ help: convert the identifier to snake case (notice the capitalization): `sfmt`

warning: function `SFhash` should have a snake case name
     --> /home/runner/work/Miner/Miner/references/round18-public-576/parse.rs:12868:8
      |
12868 | pub fn SFhash(input:&[u8],p:usize)->usize {
      |        ^^^^^^ help: convert the identifier to snake case (notice the capitalization): `sfhash`

warning: function `SFprev` should have a snake case name
     --> /home/runner/work/Miner/Miner/references/round18-public-576/parse.rs:12872:8
      |
12872 | pub fn SFprev(input:&[u8])->Vec<u32> {
      |        ^^^^^^ help: convert the identifier to snake case (notice the capitalization): `sfprev`

warning: function `SFpositions` should have a snake case name
     --> /home/runner/work/Miner/Miner/references/round18-public-576/parse.rs:12876:8
      |
12876 | pub fn SFpositions(ts:&[u32])->Vec<u32> {
      |        ^^^^^^^^^^^ help: convert the identifier to snake case (notice the capitalization): `sfpositions`

warning: function `SFcopy` should have a snake case name
     --> /home/runner/work/Miner/Miner/references/round18-public-576/parse.rs:12880:8
      |
12880 | pub fn SFcopy(src:&[u32],a:usize,b:usize,dst:&mut Vec<u32>) {let mut j=a;while j<b {Z430(dst,Z168(src,j));j+=1;}}
      |        ^^^^^^ help: convert the identifier to snake case (notice the capitalization): `sfcopy`

warning: function `SFhist` should have a snake case name
     --> /home/runner/work/Miner/Miner/references/round18-public-576/parse.rs:12881:8
      |
12881 | pub fn SFhist(ts:&[u32],lo:usize,hi:usize,fr:&mut[u32]) {
      |        ^^^^^^ help: convert the identifier to snake case (notice the capitalization): `sfhist`

warning: function `SFcost` should have a snake case name
     --> /home/runner/work/Miner/Miner/references/round18-public-576/parse.rs:12886:8
      |
12886 | pub fn SFcost(ts:&[u32])->u64 {
      |        ^^^^^^ help: convert the identifier to snake case (notice the capitalization): `sfcost`

warning: function `SFtable` should have a snake case name
     --> /home/runner/work/Miner/Miner/references/round18-public-576/parse.rs:12894:8
      |
12894 | pub fn SFtable(ts:&[u32],lo:usize,hi:usize,ct:&mut[u32;1024]) {
      |        ^^^^^^^ help: convert the identifier to snake case (notice the capitalization): `sftable`

warning: function `SForig` should have a snake case name
     --> /home/runner/work/Miner/Miner/references/round18-public-576/parse.rs:12902:8
      |
12902 | pub fn SForig(ts:&[u32],p:&[u32],lo:usize,hi:usize,a:usize,n:usize)->Vec<u32> {
      |        ^^^^^^ help: convert the identifier to snake case (notice the capitalization): `sforig`

warning: function `SFmatchlen` should have a snake case name
     --> /home/runner/work/Miner/Miner/references/round18-public-576/parse.rs:12911:8
      |
12911 | pub fn SFmatchlen(input:&[u8],a:usize,b:usize,cap:usize,known:usize)->usize {
      |        ^^^^^^^^^^ help: convert the identifier to snake case (notice the capitalization): `sfmatchlen`

warning: function `SFsmalladd` should have a snake case name
     --> /home/runner/work/Miner/Miner/references/round18-public-576/parse.rs:12923:8
      |
12923 | pub fn SFsmalladd(best:&mut[u32;4],count:usize,t:u32)->usize {
      |        ^^^^^^^^^^ help: convert the identifier to snake case (notice the capitalization): `sfsmalladd`

warning: function `SFsmallkeep` should have a snake case name
     --> /home/runner/work/Miner/Miner/references/round18-public-576/parse.rs:12930:8
      |
12930 | pub fn SFsmallkeep(best:&[u32;4],count:usize,j:usize,ct:&[u32;1024])->bool {
      |        ^^^^^^^^^^^ help: convert the identifier to snake case (notice the capitalization): `sfsmallkeep`

warning: function `SFknown` should have a snake case name
     --> /home/runner/work/Miner/Miner/references/round18-public-576/parse.rs:12938:8
      |
12938 | pub fn SFknown(ot:u32,d:usize,cap:usize)->usize{if ot==0{0}else if SFdist(ot)==d{Z248(cap,SFlen(ot))}else{0}}
      |        ^^^^^^^ help: convert the identifier to snake case (notice the capitalization): `sfknown`

warning: function `SFlookup` should have a snake case name
     --> /home/runner/work/Miner/Miner/references/round18-public-576/parse.rs:12940:8
      |
12940 | pub fn SFlookup(prev:&[u32],p:usize,ot:u32)->u32{if ot!=0&&SFlen(ot)>=64&&p%4!=0{0}else{Z168(prev,p)}}
      |        ^^^^^^^^ help: convert the identifier to snake case (notice the capitalization): `sflookup`

warning: function `SFsmallmatches` should have a snake case name
     --> /home/runner/work/Miner/Miner/references/round18-public-576/parse.rs:12941:8
      |
12941 | pub fn SFsmallmatches(input:&[u8],prev:&[u32],orig:&[u32],ct:&[u32;1024],a:usize,e:usize,items:&mut Vec<u32>,starts:&mut Vec<u32>) {
      |        ^^^^^^^^^^^^^^ help: convert the identifier to snake case (notice the capitalization): `sfsmallmatches`

warning: function `SFpriced` should have a snake case name
     --> /home/runner/work/Miner/Miner/references/round18-public-576/parse.rs:12951:8
      |
12951 | pub fn SFpriced(c:u32,lambda:usize,before:bool)->u32 {
      |        ^^^^^^^^ help: convert the identifier to snake case (notice the capitalization): `sfpriced`

warning: function `SFsolve` should have a snake case name
     --> /home/runner/work/Miner/Miner/references/round18-public-576/parse.rs:12955:8
      |
12955 | pub fn SFsolve(input:&[u8],a:usize,e:usize,seam:usize,items:&[u32],starts:&[u32],ct:&[u32;1024],lambda:usize)->Vec<u32> {
      |        ^^^^^^^ help: convert the identifier to snake case (notice the capitalization): `sfsolve`

warning: function `SFpatch` should have a snake case name
     --> /home/runner/work/Miner/Miner/references/round18-public-576/parse.rs:12966:8
      |
12966 | pub fn SFpatch(ts:&[u32],lo:usize,hi:usize,ch:&[u32])->Vec<u32> {
      |        ^^^^^^^ help: convert the identifier to snake case (notice the capitalization): `sfpatch`

warning: function `SFplan` should have a snake case name
     --> /home/runner/work/Miner/Miner/references/round18-public-576/parse.rs:12971:8
      |
12971 | pub fn SFplan(ts:&[u32],n:usize)->Vec<u32> {
      |        ^^^^^^ help: convert the identifier to snake case (notice the capitalization): `sfplan`

warning: function `SFbatch` should have a snake case name
     --> /home/runner/work/Miner/Miner/references/round18-public-576/parse.rs:12975:8
      |
12975 | pub fn SFbatch(input:&[u8],out:&[u32],nt:usize,prev:&[u32])->Vec<u32> {
      |        ^^^^^^^ help: convert the identifier to snake case (notice the capitalization): `sfbatch`

warning: function `SFcache` should have a snake case name
     --> /home/runner/work/Miner/Miner/references/round18-public-576/parse.rs:12991:8
      |
12991 | pub fn SFcache(ts:&[u32])->Vec<u32> {
      |        ^^^^^^^ help: convert the identifier to snake case (notice the capitalization): `sfcache`

warning: function `SFcachedtrial` should have a snake case name
     --> /home/runner/work/Miner/Miner/references/round18-public-576/parse.rs:12997:8
      |
12997 | pub fn SFcachedtrial(ts:&[u32],old:&[u32],cache:&[u32],lo:usize,hi:usize,result:&mut Vec<u32>)->u64 {
      |        ^^^^^^^^^^^^^ help: convert the identifier to snake case (notice the capitalization): `sfcachedtrial`

warning: function `SFenabled` should have a snake case name
     --> /home/runner/work/Miner/Miner/references/round18-public-576/parse.rs:13018:8
      |
13018 | pub fn SFenabled(input:&[u8])->bool{let r=Z469(input);r==0||r==5||r==10||r==18||r==22||r==26}
      |        ^^^^^^^^^ help: convert the identifier to snake case (notice the capitalization): `sfenabled`

warning: function `SFadjust` should have a snake case name
     --> /home/runner/work/Miner/Miner/references/round18-public-576/parse.rs:13022:8
      |
13022 | pub fn SFadjust(bstart:&Vec<u32>,b:usize,n:usize,lit_c:&mut[u32;256],len_c:&mut[u32;256]) {
      |        ^^^^^^^^ help: convert the identifier to snake case (notice the capitalization): `sfadjust`

warning: function `SFfastadd` should have a snake case name
     --> /home/runner/work/Miner/Miner/references/round18-public-576/parse.rs:13029:8
      |
13029 | pub fn SFfastadd(best:&mut[u32;4],codes:&mut[usize;4],count:usize,t:u32)->usize {
      |        ^^^^^^^^^ help: convert the identifier to snake case (notice the capitalization): `sffastadd`

warning: function `SFfastkeep` should have a snake case name
     --> /home/runner/work/Miner/Miner/references/round18-public-576/parse.rs:13035:8
      |
13035 | pub fn SFfastkeep(best:&[u32;4],codes:&[usize;4],count:usize,j:usize,ct:&[u32;1024])->bool {
      |        ^^^^^^^^^^ help: convert the identifier to snake case (notice the capitalization): `sffastkeep`

warning: function `SFshortlookup` should have a snake case name
     --> /home/runner/work/Miner/Miner/references/round18-public-576/parse.rs:13043:8
      |
13043 | pub fn SFshortlookup(prev:&[u32],p:usize,ot:u32,n:usize)->u32 {
      |        ^^^^^^^^^^^^^ help: convert the identifier to snake case (notice the capitalization): `sfshortlookup`

warning: function `SFmorematches` should have a snake case name
     --> /home/runner/work/Miner/Miner/references/round18-public-576/parse.rs:13047:8
      |
13047 | pub fn SFmorematches(input:&[u8],prev:&[u32],orig:&[u32],ct:&[u32;1024],a:usize,e:usize,items:&mut Vec<u32>,starts:&mut Vec<u32>) {
      |        ^^^^^^^^^^^^^ help: convert the identifier to snake case (notice the capitalization): `sfmorematches`

warning: function `SFheavy` should have a snake case name
     --> /home/runner/work/Miner/Miner/references/round18-public-576/parse.rs:13057:8
      |
13057 | pub fn SFheavy(input:&[u8],old:&[u32],prev:&[u32])->Vec<u32> {
      |        ^^^^^^^ help: convert the identifier to snake case (notice the capitalization): `sfheavy`

warning: function `SFweak` should have a snake case name
     --> /home/runner/work/Miner/Miner/references/round18-public-576/parse.rs:13075:8
      |
13075 | pub fn SFweak(input:&[u8])->bool {
      |        ^^^^^^ help: convert the identifier to snake case (notice the capitalization): `sfweak`

warning: function `SFshape` should have a snake case name
     --> /home/runner/work/Miner/Miner/references/round18-public-576/parse.rs:13081:8
      |
13081 | pub fn SFshape(input:&[u8],out:&[u32],nt:usize)->Vec<u32> {
      |        ^^^^^^^ help: convert the identifier to snake case (notice the capitalization): `sfshape`

warning: function `SFseedcopy` should have a snake case name
     --> /home/runner/work/Miner/Miner/references/round18-public-576/parse.rs:13093:8
      |
13093 | pub fn SFseedcopy(seed:&[u64;4096],rm:&mut[u64;4096]) {
      |        ^^^^^^^^^^ help: convert the identifier to snake case (notice the capitalization): `sfseedcopy`

warning: function `SFseed` should have a snake case name
     --> /home/runner/work/Miner/Miner/references/round18-public-576/parse.rs:13096:8
      |
13096 | pub fn SFseed(input:&[u8],a:usize,e:usize,seam:usize,items:&[u32],starts:&[u32],ct:&[u32;1024],cut:usize,bend:&[u32;512],rm:&mut[...
      |        ^^^^^^ help: convert the identifier to snake case (notice the capitalization): `sfseed`

warning: function `SFprefix` should have a snake case name
     --> /home/runner/work/Miner/Miner/references/round18-public-576/parse.rs:13107:8
      |
13107 | pub fn SFprefix(input:&[u8],a:usize,e:usize,seam:usize,items:&[u32],starts:&[u32],ct:&[u32;1024],cut:usize,bend:&[u32;512],seed:&...
      |        ^^^^^^^^ help: convert the identifier to snake case (notice the capitalization): `sfprefix`

warning: function `SFtinytokens` should have a snake case name
     --> /home/runner/work/Miner/Miner/references/round18-public-576/parse.rs:13123:8
      |
13123 | pub fn SFtinytokens(input:&[u8],out:&[u32],nt:usize)->Vec<u32>{
      |        ^^^^^^^^^^^^ help: convert the identifier to snake case (notice the capitalization): `sftinytokens`

warning: function `SFtinyrun` should have a snake case name
     --> /home/runner/work/Miner/Miner/references/round18-public-576/parse.rs:13143:8
      |
13143 | pub fn SFtinyrun(input:&[u8])->Vec<u32>{
      |        ^^^^^^^^^ help: convert the identifier to snake case (notice the capitalization): `sftinyrun`

warning: function `Z467` should have a snake case name
  --> /home/runner/work/Miner/Miner/references/round18-public-579/parse.rs:29:8
   |
29 | pub fn Z467(input: &[u8], s: usize, hist: &mut [u32; 256]) {
   |        ^^^^ help: convert the identifier to snake case (notice the capitalization): `z467`

warning: function `Z468` should have a snake case name
  --> /home/runner/work/Miner/Miner/references/round18-public-579/parse.rs:40:8
   |
40 | pub fn Z468(hist: &[u32; 256], a: usize, b: usize) -> u64 {
   |        ^^^^ help: convert the identifier to snake case (notice the capitalization): `z468`

warning: function `Z469` should have a snake case name
  --> /home/runner/work/Miner/Miner/references/round18-public-579/parse.rs:55:8
   |
55 | pub fn Z469(input: &[u8]) -> usize {
   |        ^^^^ help: convert the identifier to snake case (notice the capitalization): `z469`

warning: function `Z463` should have a snake case name
   --> /home/runner/work/Miner/Miner/references/round18-public-579/parse.rs:196:8
    |
196 | pub fn Z463(input: &[u8], out: &mut [u32], r: usize) -> usize {
    |        ^^^^ help: convert the identifier to snake case (notice the capitalization): `z463`

warning: function `Z464` should have a snake case name
   --> /home/runner/work/Miner/Miner/references/round18-public-579/parse.rs:218:8
    |
218 | pub fn Z464(input: &[u8], out: &mut [u32], r: usize) -> usize {
    |        ^^^^ help: convert the identifier to snake case (notice the capitalization): `z464`

warning: function `Z465` should have a snake case name
   --> /home/runner/work/Miner/Miner/references/round18-public-579/parse.rs:240:8
    |
240 | pub fn Z465(input: &[u8], out: &mut [u32], r: usize) -> usize {
    |        ^^^^ help: convert the identifier to snake case (notice the capitalization): `z465`

warning: function `Z466` should have a snake case name
   --> /home/runner/work/Miner/Miner/references/round18-public-579/parse.rs:262:8
    |
262 | pub fn Z466(input: &[u8], out: &mut [u32], r: usize) -> usize {
    |        ^^^^ help: convert the identifier to snake case (notice the capitalization): `z466`

warning: function `SFbase` should have a snake case name
   --> /home/runner/work/Miner/Miner/references/round18-public-579/parse.rs:275:8
    |
275 | pub fn SFbase(input: &[u8], out: &mut [u32]) -> usize {
    |        ^^^^^^ help: convert the identifier to snake case (notice the capitalization): `sfbase`

warning: function `Z170` should have a snake case name
   --> /home/runner/work/Miner/Miner/references/round18-public-579/parse.rs:347:8
    |
347 | pub fn Z170(input: &[u8], a: usize, b: usize, cap: usize) -> usize {
    |        ^^^^ help: convert the identifier to snake case (notice the capitalization): `z170`

warning: function `Z166` should have a snake case name
   --> /home/runner/work/Miner/Miner/references/round18-public-579/parse.rs:357:8
    |
357 | pub fn Z166(input: &[u8], p: usize, len: usize, dist: usize) -> bool {
    |        ^^^^ help: convert the identifier to snake case (notice the capitalization): `z166`

warning: function `Z168` should have a snake case name
   --> /home/runner/work/Miner/Miner/references/round18-public-579/parse.rs:369:8
    |
369 | pub fn Z168(v: &[u32], i: usize) -> u32 {
    |        ^^^^ help: convert the identifier to snake case (notice the capitalization): `z168`

warning: function `Z167` should have a snake case name
   --> /home/runner/work/Miner/Miner/references/round18-public-579/parse.rs:382:8
    |
382 | pub fn Z167(input: &[u8], plan: &[u32], out: &mut [u32]) -> usize {
    |        ^^^^ help: convert the identifier to snake case (notice the capitalization): `z167`

warning: function `Z182` should have a snake case name
   --> /home/runner/work/Miner/Miner/references/round18-public-579/parse.rs:411:8
    |
411 | pub fn Z182(n: usize) -> Vec<u32> {
    |        ^^^^ help: convert the identifier to snake case (notice the capitalization): `z182`

warning: function `Z180` should have a snake case name
   --> /home/runner/work/Miner/Miner/references/round18-public-579/parse.rs:472:8
    |
472 | pub fn Z180(input: &[u8], k: usize) -> Vec<u32> {
    |        ^^^^ help: convert the identifier to snake case (notice the capitalization): `z180`

warning: function `Z169` should have a snake case name
   --> /home/runner/work/Miner/Miner/references/round18-public-579/parse.rs:486:8
    |
486 | pub fn Z169(input: &[u8], k: usize) -> Vec<u32> {
    |        ^^^^ help: convert the identifier to snake case (notice the capitalization): `z169`

warning: function `Z179` should have a snake case name
   --> /home/runner/work/Miner/Miner/references/round18-public-579/parse.rs:495:8
    |
495 | pub fn Z179(input: &[u8], out: &mut [u32], k: usize) -> usize {
    |        ^^^^ help: convert the identifier to snake case (notice the capitalization): `z179`

warning: function `Z151` should have a snake case name
   --> /home/runner/work/Miner/Miner/references/round18-public-579/parse.rs:529:8
    |
529 | pub fn Z151(x: u32) -> u32 {
    |        ^^^^ help: convert the identifier to snake case (notice the capitalization): `z151`

warning: function `Z150` should have a snake case name
   --> /home/runner/work/Miner/Miner/references/round18-public-579/parse.rs:542:8
    |
542 | pub fn Z150(len: usize) -> usize {
    |        ^^^^ help: convert the identifier to snake case (notice the capitalization): `z150`

warning: function `Z149` should have a snake case name
   --> /home/runner/work/Miner/Miner/references/round18-public-579/parse.rs:556:8
    |
556 | pub fn Z149(slot: usize) -> u32 {
    |        ^^^^ help: convert the identifier to snake case (notice the capitalization): `z149`

warning: function `Z158` should have a snake case name
   --> /home/runner/work/Miner/Miner/references/round18-public-579/parse.rs:563:8
    |
563 | pub fn Z158(x: u32) -> u32 {
    |        ^^^^ help: convert the identifier to snake case (notice the capitalization): `z158`

warning: function `Z142` should have a snake case name
   --> /home/runner/work/Miner/Miner/references/round18-public-579/parse.rs:574:8
    |
574 | pub fn Z142(slot: usize) -> u32 {
    |        ^^^^ help: convert the identifier to snake case (notice the capitalization): `z142`

warning: function `Z164` should have a snake case name
   --> /home/runner/work/Miner/Miner/references/round18-public-579/parse.rs:580:8
    |
580 | pub fn Z164(s: &[u8], i: usize) -> u64 {
    |        ^^^^ help: convert the identifier to snake case (notice the capitalization): `z164`

warning: function `Z165` should have a snake case name
   --> /home/runner/work/Miner/Miner/references/round18-public-579/parse.rs:598:8
    |
598 | pub fn Z165(s: &[u8], a: usize, b: usize) -> (u64, u64) {
    |        ^^^^ help: convert the identifier to snake case (notice the capitalization): `z165`

warning: function `Z153` should have a snake case name
   --> /home/runner/work/Miner/Miner/references/round18-public-579/parse.rs:606:8
    |
606 | pub fn Z153(s: &[u8], p: usize, q: usize, k: usize) -> (usize, usize) {
    |        ^^^^ help: convert the identifier to snake case (notice the capitalization): `z153`

warning: function `Z162` should have a snake case name
   --> /home/runner/work/Miner/Miner/references/round18-public-579/parse.rs:623:8
    |
623 | pub fn Z162(
    |        ^^^^ help: convert the identifier to snake case (notice the capitalization): `z162`

warning: function `Z157` should have a snake case name
   --> /home/runner/work/Miner/Miner/references/round18-public-579/parse.rs:722:8
    |
722 | pub fn Z157(s: &[u8], a: usize, b: usize, lim: usize) -> usize {
    |        ^^^^ help: convert the identifier to snake case (notice the capitalization): `z157`

warning: function `Z145` should have a snake case name
   --> /home/runner/work/Miner/Miner/references/round18-public-579/parse.rs:738:8
    |
738 | pub fn Z145(s: &[u8], mp: &mut Vec<u32>, mb: &mut Vec<u32>, depth: usize, skip: usize) {
    |        ^^^^ help: convert the identifier to snake case (notice the capitalization): `z145`

warning: function `Z160` should have a snake case name
   --> /home/runner/work/Miner/Miner/references/round18-public-579/parse.rs:815:8
    |
815 | pub fn Z160(f: u32, g: u32) -> u32 {
    |        ^^^^ help: convert the identifier to snake case (notice the capitalization): `z160`

warning: function `Z155` should have a snake case name
   --> /home/runner/work/Miner/Miner/references/round18-public-579/parse.rs:824:8
    |
824 | pub fn Z155(lf: &[u32; 512], df: &[u32; 32], lit: &mut [u32; 256], lc: &mut [u32; 512], dc: &mut [u32; 32]) {
    |        ^^^^ help: convert the identifier to snake case (notice the capitalization): `z155`

warning: function `Z159` should have a snake case name
   --> /home/runner/work/Miner/Miner/references/round18-public-579/parse.rs:859:8
    |
859 | pub fn Z159(sym: &mut [u32; 512], freq: &[u32; 512], m: usize, v: u32) {
    |        ^^^^ help: convert the identifier to snake case (notice the capitalization): `z159`

warning: function `Z152` should have a snake case name
   --> /home/runner/work/Miner/Miner/references/round18-public-579/parse.rs:872:8
    |
872 | pub fn Z152(w: &[u64; 1024], a: usize, b: usize, m: usize, k: usize) -> (usize, usize, usize) {
    |        ^^^^ help: convert the identifier to snake case (notice the capitalization): `z152`

warning: function `Z147` should have a snake case name
   --> /home/runner/work/Miner/Miner/references/round18-public-579/parse.rs:883:8
    |
883 | pub fn Z147(freq: &[u32; 512], n: usize, len: &mut [u32; 512]) {
    |        ^^^^ help: convert the identifier to snake case (notice the capitalization): `z147`

warning: function `Z148` should have a snake case name
   --> /home/runner/work/Miner/Miner/references/round18-public-579/parse.rs:939:8
    |
939 | pub fn Z148(sym: &[u32; 512], m: usize, len: &mut [u32; 512], kraft0: u64) {
    |        ^^^^ help: convert the identifier to snake case (notice the capitalization): `z148`

warning: function `Z156` should have a snake case name
   --> /home/runner/work/Miner/Miner/references/round18-public-579/parse.rs:955:8
    |
955 | pub fn Z156(lf0: &[u32; 512], df: &[u32; 32], lit: &mut [u32; 256], lc: &mut [u32; 512], dc: &mut [u32; 32]) {
    |        ^^^^ help: convert the identifier to snake case (notice the capitalization): `z156`

warning: function `Z146` should have a snake case name
    --> /home/runner/work/Miner/Miner/references/round18-public-579/parse.rs:1009:8
     |
1009 | pub fn Z146(s: &[u8], lit: &mut [u32; 256], lc: &mut [u32; 512], dc: &mut [u32; 32]) {
     |        ^^^^ help: convert the identifier to snake case (notice the capitalization): `z146`

warning: function `Z143` should have a snake case name
    --> /home/runner/work/Miner/Miner/references/round18-public-579/parse.rs:1042:8
     |
1042 | pub fn Z143(
     |        ^^^^ help: convert the identifier to snake case (notice the capitalization): `z143`

warning: function `Z163` should have a snake case name
    --> /home/runner/work/Miner/Miner/references/round18-public-579/parse.rs:1127:8
     |
1127 | pub fn Z163(s: &[u8], ch: &Vec<u32>, p0: usize, lim: usize, need: usize, lf: &mut [u32; 512], df: &mut [u32; 32]) -> (usize, usize) {
     |        ^^^^ help: convert the identifier to snake case (notice the capitalization): `z163`

warning: function `Z141` should have a snake case name
    --> /home/runner/work/Miner/Miner/references/round18-public-579/parse.rs:1159:8
     |
1159 | pub fn Z141(dst: &mut [u32; 512], a: &[u32; 512], b: &[u32; 512], dd: &mut [u32; 32], x: &[u32; 32], y: &[u32; 32]) {
     |        ^^^^ help: convert the identifier to snake case (notice the capitalization): `z141`

warning: function `Z154` should have a snake case name
    --> /home/runner/work/Miner/Miner/references/round18-public-579/parse.rs:1176:8
     |
1176 | pub fn Z154(
     |        ^^^^ help: convert the identifier to snake case (notice the capitalization): `z154`

warning: function `Z173` should have a snake case name
    --> /home/runner/work/Miner/Miner/references/round18-public-579/parse.rs:1248:8
     |
1248 | pub fn Z173(n:usize,depth:usize,skip:usize,tail:usize)->usize {
     |        ^^^^ help: convert the identifier to snake case (notice the capitalization): `z173`

warning: function `Z172` should have a snake case name
    --> /home/runner/work/Miner/Miner/references/round18-public-579/parse.rs:1252:8
     |
1252 | pub fn Z172(seed:usize)->usize {if seed==3 || seed==7 {2}else{1}}
     |        ^^^^ help: convert the identifier to snake case (notice the capitalization): `z172`

warning: function `Z176` should have a snake case name
    --> /home/runner/work/Miner/Miner/references/round18-public-579/parse.rs:1254:8
     |
1254 | pub fn Z176(seed:usize,block:usize)->(usize,usize){
     |        ^^^^ help: convert the identifier to snake case (notice the capitalization): `z176`

warning: function `Z178` should have a snake case name
    --> /home/runner/work/Miner/Miner/references/round18-public-579/parse.rs:1264:8
     |
1264 | pub fn Z178(seed:usize,p0:usize)->usize {Z176(seed,p0).1}
     |        ^^^^ help: convert the identifier to snake case (notice the capitalization): `z178`

warning: function `Z174` should have a snake case name
    --> /home/runner/work/Miner/Miner/references/round18-public-579/parse.rs:1266:8
     |
1266 | pub fn Z174(seed:usize,p0:usize,lit:&mut[u32;256],lc:&mut[u32;512],dc:&mut[u32;32]){
     |        ^^^^ help: convert the identifier to snake case (notice the capitalization): `z174`

warning: function `Z175` should have a snake case name
    --> /home/runner/work/Miner/Miner/references/round18-public-579/parse.rs:1275:8
     |
1275 | pub fn Z175(seed:usize,p0:usize,first:usize,later:usize)->usize {if seed>0 {Z172(seed)+1}else{if p0==0 {first}else{later}}}
     |        ^^^^ help: convert the identifier to snake case (notice the capitalization): `z175`

warning: function `Z177` should have a snake case name
    --> /home/runner/work/Miner/Miner/references/round18-public-579/parse.rs:1277:8
     |
1277 | pub fn Z177(seed:usize,p0:usize,first:usize,later:usize)->usize {if seed>0 {0}else{if p0==0 {first}else{later}}}
     |        ^^^^ help: convert the identifier to snake case (notice the capitalization): `z177`

warning: function `Z171` should have a snake case name
    --> /home/runner/work/Miner/Miner/references/round18-public-579/parse.rs:1279:8
     |
1279 | pub fn Z171(seed:usize,block:usize,need:usize,bpt:usize)->usize {if seed>0 {Z178(seed,block)}else{need*bpt/256+need*bpt/2048+Z2}}
     |        ^^^^ help: convert the identifier to snake case (notice the capitalization): `z171`

warning: function `Z144` should have a snake case name
    --> /home/runner/work/Miner/Miner/references/round18-public-579/parse.rs:1282:8
     |
1282 | pub fn Z144(
     |        ^^^^ help: convert the identifier to snake case (notice the capitalization): `z144`

warning: function `Z181` should have a snake case name
    --> /home/runner/work/Miner/Miner/references/round18-public-579/parse.rs:1744:8
     |
1744 | pub fn Z181(cost:&[u32],lc:&[u32;512],i:usize,lo:usize,hi:usize,base:u32,width:usize)->u32 {
     |        ^^^^ help: convert the identifier to snake case (notice the capitalization): `z181`

warning: function `Z161` should have a snake case name
    --> /home/runner/work/Miner/Miner/references/round18-public-579/parse.rs:1758:8
     |
1758 | pub fn Z161(k: usize, passes: usize, tail: usize, final_tail: usize) -> usize {
     |        ^^^^ help: convert the identifier to snake case (notice the capitalization): `z161`

warning: function `Z183` should have a snake case name
    --> /home/runner/work/Miner/Miner/references/round18-public-579/parse.rs:2817:8
     |
2817 | pub fn Z183(input:&[u8],out:&mut[u32],mode:usize)->usize{Z179(input,out,0)}
     |        ^^^^ help: convert the identifier to snake case (notice the capitalization): `z183`

warning: function `Z290` should have a snake case name
    --> /home/runner/work/Miner/Miner/references/round18-public-579/parse.rs:3032:8
     |
3032 | pub fn Z290(input: &[u8], p: usize) -> u64 {
     |        ^^^^ help: convert the identifier to snake case (notice the capitalization): `z290`

warning: function `Z276` should have a snake case name
    --> /home/runner/work/Miner/Miner/references/round18-public-579/parse.rs:3051:8
     |
3051 | pub fn Z276(x: u64, y: u64) -> usize {
     |        ^^^^ help: convert the identifier to snake case (notice the capitalization): `z276`

warning: function `Z293` should have a snake case name
    --> /home/runner/work/Miner/Miner/references/round18-public-579/parse.rs:3062:8
     |
3062 | pub fn Z293(input: &[u8], a: usize, b: usize, cap: usize) -> usize {
     |        ^^^^ help: convert the identifier to snake case (notice the capitalization): `z293`

warning: function `Z223` should have a snake case name
    --> /home/runner/work/Miner/Miner/references/round18-public-579/parse.rs:3080:8
     |
3080 | pub fn Z223(input: &[u8], p: usize, len: usize, dist: usize) -> bool {
     |        ^^^^ help: convert the identifier to snake case (notice the capitalization): `z223`

warning: function `Z271` should have a snake case name
    --> /home/runner/work/Miner/Miner/references/round18-public-579/parse.rs:3097:8
     |
3097 | pub fn Z271(input: &[u8], plan: &[u32], out: &mut [u32]) -> usize {
     |        ^^^^ help: convert the identifier to snake case (notice the capitalization): `z271`

warning: function `Z272` should have a snake case name
    --> /home/runner/work/Miner/Miner/references/round18-public-579/parse.rs:3137:8
     |
3137 | pub fn Z272(input: &[u8], plan: &[u32], out: &mut [u32]) -> usize {
     |        ^^^^ help: convert the identifier to snake case (notice the capitalization): `z272`

warning: function `Z273` should have a snake case name
    --> /home/runner/work/Miner/Miner/references/round18-public-579/parse.rs:3164:8
     |
3164 | pub fn Z273(input:&[u8],out:&mut[u32],mode:usize)->usize{let e=Z121[mode%32];if e[0]==0{let plan=Z303(input,e[1]); Z272(input,&pla...
     |        ^^^^ help: convert the identifier to snake case (notice the capitalization): `z273`

warning: function `Z304` should have a snake case name
    --> /home/runner/work/Miner/Miner/references/round18-public-579/parse.rs:3176:8
     |
3176 | pub fn Z304(v: &mut [u32], i: usize, x: u32) {
     |        ^^^^ help: convert the identifier to snake case (notice the capitalization): `z304`

warning: function `Z297` should have a snake case name
    --> /home/runner/work/Miner/Miner/references/round18-public-579/parse.rs:3184:8
     |
3184 | pub fn Z297(input: &[u8], k: usize) -> Vec<u32> {
     |        ^^^^ help: convert the identifier to snake case (notice the capitalization): `z297`

warning: function `Z303` should have a snake case name
    --> /home/runner/work/Miner/Miner/references/round18-public-579/parse.rs:3200:8
     |
3200 | pub fn Z303(input: &[u8], k: usize) -> Vec<u32> {
     |        ^^^^ help: convert the identifier to snake case (notice the capitalization): `z303`

warning: function `Z252` should have a snake case name
    --> /home/runner/work/Miner/Miner/references/round18-public-579/parse.rs:3214:8
     |
3214 | pub fn Z252(input: &[u8], out: &mut [u32], dk: usize) -> Vec<u32> {
     |        ^^^^ help: convert the identifier to snake case (notice the capitalization): `z252`

warning: function `Z192` should have a snake case name
    --> /home/runner/work/Miner/Miner/references/round18-public-579/parse.rs:3261:8
     |
3261 | pub fn Z192(s: &[u8], i: usize) -> u64 {
     |        ^^^^ help: convert the identifier to snake case (notice the capitalization): `z192`

warning: function `Z224` should have a snake case name
    --> /home/runner/work/Miner/Miner/references/round18-public-579/parse.rs:3279:8
     |
3279 | pub fn Z224(s: &[u8], a: usize, b: usize, cap: usize) -> usize {
     |        ^^^^ help: convert the identifier to snake case (notice the capitalization): `z224`

warning: function `Z278` should have a snake case name
    --> /home/runner/work/Miner/Miner/references/round18-public-579/parse.rs:3303:8
     |
3303 | pub fn Z278(x: u32) -> usize {
     |        ^^^^ help: convert the identifier to snake case (notice the capitalization): `z278`

warning: function `Z279` should have a snake case name
    --> /home/runner/work/Miner/Miner/references/round18-public-579/parse.rs:3309:8
     |
3309 | pub fn Z279(x: u32) -> usize {
     |        ^^^^ help: convert the identifier to snake case (notice the capitalization): `z279`

warning: function `Z280` should have a snake case name
    --> /home/runner/work/Miner/Miner/references/round18-public-579/parse.rs:3315:8
     |
3315 | pub fn Z280(x: u64) -> usize {
     |        ^^^^ help: convert the identifier to snake case (notice the capitalization): `z280`

warning: function `Z291` should have a snake case name
    --> /home/runner/work/Miner/Miner/references/round18-public-579/parse.rs:3322:8
     |
3322 | pub fn Z291(x: u32) -> u32 {
     |        ^^^^ help: convert the identifier to snake case (notice the capitalization): `z291`

warning: function `Z275` should have a snake case name
    --> /home/runner/work/Miner/Miner/references/round18-public-579/parse.rs:3334:8
     |
3334 | pub fn Z275(lsym: &mut [u8; 512], dtab: &mut [u8; 512]) {
     |        ^^^^ help: convert the identifier to snake case (notice the capitalization): `z275`

warning: function `Z270` should have a snake case name
    --> /home/runner/work/Miner/Miner/references/round18-public-579/parse.rs:3368:8
     |
3368 | pub fn Z270(dtab: &[u8; 512], d: usize) -> usize {
     |        ^^^^ help: convert the identifier to snake case (notice the capitalization): `z270`

warning: function `Z225` should have a snake case name
    --> /home/runner/work/Miner/Miner/references/round18-public-579/parse.rs:3379:8
     |
3379 | pub fn Z225(freq: &[u32], out: &mut [u32]) {
     |        ^^^^ help: convert the identifier to snake case (notice the capitalization): `z225`

warning: function `Z284` should have a snake case name
    --> /home/runner/work/Miner/Miner/references/round18-public-579/parse.rs:3400:8
     |
3400 | pub fn Z284(freq: &[u32], sym: &mut [usize; 320], ns: usize, f: u32) -> usize {
     |        ^^^^ help: convert the identifier to snake case (notice the capitalization): `z284`

warning: function `Z285` should have a snake case name
    --> /home/runner/work/Miner/Miner/references/round18-public-579/parse.rs:3411:8
     |
3411 | pub fn Z285(freq: &[u32], m: usize, sym: &mut [usize; 320]) -> usize {
     |        ^^^^ help: convert the identifier to snake case (notice the capitalization): `z285`

warning: function `Z286` should have a snake case name
    --> /home/runner/work/Miner/Miner/references/round18-public-579/parse.rs:3429:8
     |
3429 | pub fn Z286(w: &[u64; 640], a: usize, b: usize, ns: usize, nx: usize) -> (usize, usize, usize) {
     |        ^^^^ help: convert the identifier to snake case (notice the capitalization): `z286`

warning: function `Z281` should have a snake case name
    --> /home/runner/work/Miner/Miner/references/round18-public-579/parse.rs:3440:8
     |
3440 | pub fn Z281(w: &mut [u64; 640], par: &mut [usize; 640], ns: usize) -> usize {
     |        ^^^^ help: convert the identifier to snake case (notice the capitalization): `z281`

warning: function `Z283` should have a snake case name
    --> /home/runner/work/Miner/Miner/references/round18-public-579/parse.rs:3459:8
     |
3459 | pub fn Z283(par: &[usize; 640], depth: &mut [u32; 640], nx: usize, ns: usize) -> u32 {
     |        ^^^^ help: convert the identifier to snake case (notice the capitalization): `z283`

warning: function `Z282` should have a snake case name
    --> /home/runner/work/Miner/Miner/references/round18-public-579/parse.rs:3480:8
     |
3480 | pub fn Z282(freq: &[u32], m: usize, out: &mut [u32]) {
     |        ^^^^ help: convert the identifier to snake case (notice the capitalization): `z282`

warning: function `Z292` should have a snake case name
    --> /home/runner/work/Miner/Miner/references/round18-public-579/parse.rs:3523:8
     |
3523 | pub fn Z292(
     |        ^^^^ help: convert the identifier to snake case (notice the capitalization): `z292`

warning: function `Z287` should have a snake case name
    --> /home/runner/work/Miner/Miner/references/round18-public-579/parse.rs:3561:8
     |
3561 | pub fn Z287(input: &[u8], lf: &mut [u32; 320], df: &mut [u32; 32]) {
     |        ^^^^ help: convert the identifier to snake case (notice the capitalization): `z287`

warning: function `Z306` should have a snake case name
    --> /home/runner/work/Miner/Miner/references/round18-public-579/parse.rs:3586:8
     |
3586 | pub fn Z306(
     |        ^^^^ help: convert the identifier to snake case (notice the capitalization): `z306`

warning: function `Z277` should have a snake case name
    --> /home/runner/work/Miner/Miner/references/round18-public-579/parse.rs:3608:8
     |
3608 | pub fn Z277(lf: &mut [u32; 320], df: &mut [u32; 32]) {
     |        ^^^^ help: convert the identifier to snake case (notice the capitalization): `z277`

warning: function `Z298` should have a snake case name
    --> /home/runner/work/Miner/Miner/references/round18-public-579/parse.rs:3625:8
     |
3625 | pub fn Z298(s: &[u8], c: usize, i: usize, b8: u64, cap: usize, best: usize) -> usize {
     |        ^^^^ help: convert the identifier to snake case (notice the capitalization): `z298`

warning: function `Z305` should have a snake case name
    --> /home/runner/work/Miner/Miner/references/round18-public-579/parse.rs:3655:8
     |
3655 | pub fn Z305(prev: &[u32; Z20], start: usize, depth: usize, same: bool) -> (usize, usize) {
     |        ^^^^ help: convert the identifier to snake case (notice the capitalization): `z305`

warning: function `Z302` should have a snake case name
    --> /home/runner/work/Miner/Miner/references/round18-public-579/parse.rs:3673:8
     |
3673 | pub fn Z302(
     |        ^^^^ help: convert the identifier to snake case (notice the capitalization): `z302`

warning: function `Z191` should have a snake case name
    --> /home/runner/work/Miner/Miner/references/round18-public-579/parse.rs:3705:8
     |
3705 | pub fn Z191(
     |        ^^^^ help: convert the identifier to snake case (notice the capitalization): `z191`

warning: function `Z299` should have a snake case name
    --> /home/runner/work/Miner/Miner/references/round18-public-579/parse.rs:3747:8
     |
3747 | pub fn Z299(plan: &mut Vec<u32>, tb: &[u32; Z107], nt: usize, lim: usize) {
     |        ^^^^ help: convert the identifier to snake case (notice the capitalization): `z299`

warning: function `Z295` should have a snake case name
    --> /home/runner/work/Miner/Miner/references/round18-public-579/parse.rs:3760:8
     |
3760 | pub fn Z295(pa: &mut [u64; Z107], s: usize) {
     |        ^^^^ help: convert the identifier to snake case (notice the capitalization): `z295`

warning: function `Z288` should have a snake case name
    --> /home/runner/work/Miner/Miner/references/round18-public-579/parse.rs:3773:8
     |
3773 | pub fn Z288(
     |        ^^^^ help: convert the identifier to snake case (notice the capitalization): `z288`

warning: function `Z289` should have a snake case name
    --> /home/runner/work/Miner/Miner/references/round18-public-579/parse.rs:3801:8
     |
3801 | pub fn Z289(
     |        ^^^^ help: convert the identifier to snake case (notice the capitalization): `z289`

warning: function `Z274` should have a snake case name
    --> /home/runner/work/Miner/Miner/references/round18-public-579/parse.rs:3824:8
     |
3824 | pub fn Z274(input: &[u8], i: usize, d: usize, s: usize, max: usize) -> usize {
     |        ^^^^ help: convert the identifier to snake case (notice the capitalization): `z274`

warning: function `Z190` should have a snake case name
    --> /home/runner/work/Miner/Miner/references/round18-public-579/parse.rs:3836:8
     |
3836 | pub fn Z190(input: &[u8], pa: &[u64; Z107], lc: &[u32; 512], i: usize, s: usize, len: usize, dd: usize) -> (usize, u32) {
     |        ^^^^ help: convert the identifier to snake case (notice the capitalization): `z190`

warning: function `Z294` should have a snake case name
    --> /home/runner/work/Miner/Miner/references/round18-public-579/parse.rs:3855:8
     |
3855 | pub fn Z294(anchor: usize, i: usize, cl: usize, best: usize) -> usize {
     |        ^^^^ help: convert the identifier to snake case (notice the capitalization): `z294`

warning: function `Z301` should have a snake case name
    --> /home/runner/work/Miner/Miner/references/round18-public-579/parse.rs:3866:8
     |
3866 | pub fn Z301(pa: &mut [u64; Z107], slot: usize, cost: u32, choice: u32) {
     |        ^^^^ help: convert the identifier to snake case (notice the capitalization): `z301`

warning: function `Z300` should have a snake case name
    --> /home/runner/work/Miner/Miner/references/round18-public-579/parse.rs:3876:8
     |
3876 | pub fn Z300(
     |        ^^^^ help: convert the identifier to snake case (notice the capitalization): `z300`

warning: function `Z269` should have a snake case name
    --> /home/runner/work/Miner/Miner/references/round18-public-579/parse.rs:3920:8
     |
3920 | pub fn Z269(cands: &[u32; 16], nc0: usize, cd: usize) -> usize {
     |        ^^^^ help: convert the identifier to snake case (notice the capitalization): `z269`

warning: function `Z255` should have a snake case name
    --> /home/runner/work/Miner/Miner/references/round18-public-579/parse.rs:3958:8
     |
3958 | pub fn Z255(v: &mut Vec<u32>, x: u32) {
     |        ^^^^ help: convert the identifier to snake case (notice the capitalization): `z255`

warning: function `Z232` should have a snake case name
    --> /home/runner/work/Miner/Miner/references/round18-public-579/parse.rs:3967:8
     |
3967 | pub fn Z232(s: &[u8], i: usize) -> usize {
     |        ^^^^ help: convert the identifier to snake case (notice the capitalization): `z232`

warning: function `Z234` should have a snake case name
    --> /home/runner/work/Miner/Miner/references/round18-public-579/parse.rs:3979:8
     |
3979 | pub fn Z234(ring: &[u64; Z139], i: usize) -> u64 {
     |        ^^^^ help: convert the identifier to snake case (notice the capitalization): `z234`

warning: function `Z248` should have a snake case name
    --> /home/runner/work/Miner/Miner/references/round18-public-579/parse.rs:3986:8
     |
3986 | pub fn Z248(a: usize, b: usize) -> usize {
     |        ^^^^ help: convert the identifier to snake case (notice the capitalization): `z248`

warning: function `Z264` should have a snake case name
    --> /home/runner/work/Miner/Miner/references/round18-public-579/parse.rs:4000:8
     |
4000 | pub fn Z264(w: &[u64; 576], a: usize, b: usize, ns: usize, nx: usize) -> (usize, usize, usize) {
     |        ^^^^ help: convert the identifier to snake case (notice the capitalization): `z264`

warning: function `Z235` should have a snake case name
    --> /home/runner/work/Miner/Miner/references/round18-public-579/parse.rs:4011:8
     |
4011 | pub fn Z235(d: u8) -> u32 {
     |        ^^^^ help: convert the identifier to snake case (notice the capitalization): `z235`

warning: function `Z243` should have a snake case name
    --> /home/runner/work/Miner/Miner/references/round18-public-579/parse.rs:4024:8
     |
4024 | pub fn Z243(freq: &[u32; 288], m: usize, len: &mut [u8; 288]) -> u32 {
     |        ^^^^ help: convert the identifier to snake case (notice the capitalization): `z243`

warning: function `Z238` should have a snake case name
    --> /home/runner/work/Miner/Miner/references/round18-public-579/parse.rs:4112:8
     |
4112 | pub fn Z238(f: u32, lt: u32) -> u32 {
     |        ^^^^ help: convert the identifier to snake case (notice the capitalization): `z238`

warning: function `Z249` should have a snake case name
    --> /home/runner/work/Miner/Miner/references/round18-public-579/parse.rs:4127:8
     |
4127 | pub fn Z249(h: u32, e: u32, ck: usize) -> u32 {
     |        ^^^^ help: convert the identifier to snake case (notice the capitalization): `z249`

warning: function `Z263` should have a snake case name
    --> /home/runner/work/Miner/Miner/references/round18-public-579/parse.rs:4149:8
     |
4149 | pub fn Z263(freq: &[u32; 288], m: usize, hl: &[u8; 288], unseen: u32, ck: usize, out: &mut [u32; 288]) {
     |        ^^^^ help: convert the identifier to snake case (notice the capitalization): `z263`

warning: function `Z267` should have a snake case name
    --> /home/runner/work/Miner/Miner/references/round18-public-579/parse.rs:4169:8
     |
4169 | pub fn Z267(mx: u32) -> u32 {
     |        ^^^^ help: convert the identifier to snake case (notice the capitalization): `z267`

warning: function `Z256` should have a snake case name
    --> /home/runner/work/Miner/Miner/references/round18-public-579/parse.rs:4179:8
     |
4179 | pub fn Z256(tabs: &mut Vec<u32>, lf: &[u32; 288], df: &[u32; 288], lsym: &[u8; 512], ck: usize) {
     |        ^^^^ help: convert the identifier to snake case (notice the capitalization): `z256`

warning: function `Z231` should have a snake case name
    --> /home/runner/work/Miner/Miner/references/round18-public-579/parse.rs:4212:8
     |
4212 | pub fn Z231(tabs: &mut Vec<u32>, bstart: &mut Vec<u32>, lf: &mut [u32; 288], df: &mut [u32; 288], lsym: &[u8; 512], ck: usize, p: ...
     |        ^^^^ help: convert the identifier to snake case (notice the capitalization): `z231`

warning: function `Z265` should have a snake case name
    --> /home/runner/work/Miner/Miner/references/round18-public-579/parse.rs:4227:8
     |
4227 | pub fn Z265(s: &[u8], plan: &Vec<u32>, lsym: &[u8; 512], dtab: &[u8; 512], tabs: &mut Vec<u32>, bstart: &mut Vec<u32>, ck: usize) {
     |        ^^^^ help: convert the identifier to snake case (notice the capitalization): `z265`

warning: function `Z247` should have a snake case name
    --> /home/runner/work/Miner/Miner/references/round18-public-579/parse.rs:4257:8
     |
4257 | pub fn Z247(tabs: &[u32], tb: usize, litc: &mut [u32; 256], lc: &mut [u32; 512], dcc: &mut [u32; 32]) {
     |        ^^^^ help: convert the identifier to snake case (notice the capitalization): `z247`

warning: function `Z236` should have a snake case name
    --> /home/runner/work/Miner/Miner/references/round18-public-579/parse.rs:4280:8
     |
4280 | pub fn Z236(x: usize, stop: usize, q: usize) -> usize {
     |        ^^^^ help: convert the identifier to snake case (notice the capitalization): `z236`

warning: function `Z242` should have a snake case name
    --> /home/runner/work/Miner/Miner/references/round18-public-579/parse.rs:4297:8
     |
4297 | pub fn Z242(s: &[u8], litc: &[u32; 256], lc: &[u32; 512], ring: &mut [u64; Z139], out: &mut [u32], hi: usize, stop: usize, end: us...
     |        ^^^^ help: convert the identifier to snake case (notice the capitalization): `z242`

warning: function `Z229` should have a snake case name
    --> /home/runner/work/Miner/Miner/references/round18-public-579/parse.rs:4349:8
     |
4349 | pub fn Z229(lc: &[u32; 512], ring: &[u64; Z139], p: usize, lo: usize, e: usize) -> u64 {
     |        ^^^^ help: convert the identifier to snake case (notice the capitalization): `z229`

warning: function `Z254` should have a snake case name
    --> /home/runner/work/Miner/Miner/references/round18-public-579/parse.rs:4365:8
     |
4365 | pub fn Z254(lc: &[u32; 512], ring: &mut [u64; Z139], p: usize, el: usize, t: usize, f: u64, chd: u64) {
     |        ^^^^ help: convert the identifier to snake case (notice the capitalization): `z254`

warning: function `Z244` should have a snake case name
    --> /home/runner/work/Miner/Miner/references/round18-public-579/parse.rs:4378:8
     |
4378 | pub fn Z244(ring: &mut [u64; Z139], st: &mut [u64; 2], p: usize, z0: usize) {
     |        ^^^^ help: convert the identifier to snake case (notice the capitalization): `z244`

warning: function `Z226` should have a snake case name
    --> /home/runner/work/Miner/Miner/references/round18-public-579/parse.rs:4395:8
     |
4395 | pub fn Z226(lc: &[u32; 512], ring: &mut [u64; Z139], p: usize, len: usize, bl: usize, t: usize, dcst: u64, chd2: u64, pbest: usize...
     |        ^^^^ help: convert the identifier to snake case (notice the capitalization): `z226`

warning: function `Z233` should have a snake case name
    --> /home/runner/work/Miner/Miner/references/round18-public-579/parse.rs:4414:8
     |
4414 | pub fn Z233(lc: &[u32; 512], dcc: &[u32; 32], dtab: &[u8; 512], ring: &mut [u64; Z139], r: u32, p: usize, prev: usize, room: usize...
     |        ^^^^ help: convert the identifier to snake case (notice the capitalization): `z233`

warning: function `Z230` should have a snake case name
    --> /home/runner/work/Miner/Miner/references/round18-public-579/parse.rs:4436:8
     |
4436 | pub fn Z230(tabs: &[u32], bstart: &[u32], litc: &mut [u32; 256], lc: &mut [u32; 512], dcc: &mut [u32; 32], bs: &mut [usize; 2], po...
     |        ^^^^ help: convert the identifier to snake case (notice the capitalization): `z230`

warning: function `Z266` should have a snake case name
    --> /home/runner/work/Miner/Miner/references/round18-public-579/parse.rs:4448:8
     |
4448 | pub fn Z266(rs: &[u32], e: usize, k: usize) -> u32 {
     |        ^^^^ help: convert the identifier to snake case (notice the capitalization): `z266`

warning: function `Z239` should have a snake case name
    --> /home/runner/work/Miner/Miner/references/round18-public-579/parse.rs:4459:8
     |
4459 | pub fn Z239(p: usize, cl: usize, room: usize) -> usize {
     |        ^^^^ help: convert the identifier to snake case (notice the capitalization): `z239`

warning: function `Z262` should have a snake case name
    --> /home/runner/work/Miner/Miner/references/round18-public-579/parse.rs:4470:8
     |
4470 | pub fn Z262(bfirst: usize, p1: usize, q: usize) -> usize {
     |        ^^^^ help: convert the identifier to snake case (notice the capitalization): `z262`

warning: function `Z250` should have a snake case name
    --> /home/runner/work/Miner/Miner/references/round18-public-579/parse.rs:4481:8
     |
4481 | pub fn Z250(ring: &[u64; Z139], p: usize, lo: usize, best: u64) -> u64 {
     |        ^^^^ help: convert the identifier to snake case (notice the capitalization): `z250`

warning: function `Z237` should have a snake case name
    --> /home/runner/work/Miner/Miner/references/round18-public-579/parse.rs:4500:8
     |
4500 | pub fn Z237(s: &[u8], rs: &Vec<u32>, tabs: &Vec<u32>, bstart: &Vec<u32>, dtab: &[u8; 512], out: &mut [u32], pmode: usize) {
     |        ^^^^ help: convert the identifier to snake case (notice the capitalization): `z237`

warning: function `Z240` should have a snake case name
    --> /home/runner/work/Miner/Miner/references/round18-public-579/parse.rs:4567:8
     |
4567 | pub fn Z240(out: &[u32], n: usize, plan: &mut Vec<u32>) {
     |        ^^^^ help: convert the identifier to snake case (notice the capitalization): `z240`

warning: function `Z246` should have a snake case name
    --> /home/runner/work/Miner/Miner/references/round18-public-579/parse.rs:4588:8
     |
4588 | pub fn Z246(s: &[u8], i: usize) -> u64 {
     |        ^^^^ help: convert the identifier to snake case (notice the capitalization): `z246`

warning: function `Z228` should have a snake case name
    --> /home/runner/work/Miner/Miner/references/round18-public-579/parse.rs:4607:8
     |
4607 | pub fn Z228(s: &[u8], i: usize, d: usize, max: usize) -> usize {
     |        ^^^^ help: convert the identifier to snake case (notice the capitalization): `z228`

warning: function `Z241` should have a snake case name
    --> /home/runner/work/Miner/Miner/references/round18-public-579/parse.rs:4635:8
     |
4635 | pub fn Z241(lsym: &[u8; 512], nextl: &mut [u16; 512], flen: usize) {
     |        ^^^^ help: convert the identifier to snake case (notice the capitalization): `z241`

warning: function `Z261` should have a snake case name
    --> /home/runner/work/Miner/Miner/references/round18-public-579/parse.rs:4654:8
     |
4654 | pub fn Z261(pc: &[u32; 16], pn: usize, want: u32) -> u32 {
     |        ^^^^ help: convert the identifier to snake case (notice the capitalization): `z261`

warning: function `Z245` should have a snake case name
    --> /home/runner/work/Miner/Miner/references/round18-public-579/parse.rs:4670:8
     |
4670 | pub fn Z245(pc: &[u32; 16], pn: usize, c: u32, len: usize, dist: usize, cl: usize, cd: usize, adj: bool, dupmode: usize) -> u32 {
     |        ^^^^ help: convert the identifier to snake case (notice the capitalization): `z245`

warning: function `Z257` should have a snake case name
    --> /home/runner/work/Miner/Miner/references/round18-public-579/parse.rs:4687:8
     |
4687 | pub fn Z257(input: &[u8], rs: &mut Vec<u32>, c: u32, i: usize, last: usize, pc: &[u32; 16], pn: usize, adj: bool, cl: usize, cd: u...
     |        ^^^^ help: convert the identifier to snake case (notice the capitalization): `z257`

warning: function `Z258` should have a snake case name
    --> /home/runner/work/Miner/Miner/references/round18-public-579/parse.rs:4703:8
     |
4703 | pub fn Z258(input: &[u8], rs: &mut Vec<u32>, cands: &[u32; 16], nc: usize, i: usize, pc: &[u32; 16], pn: usize, ppos: usize, cl: u...
     |        ^^^^ help: convert the identifier to snake case (notice the capitalization): `z258`

warning: function `Z268` should have a snake case name
    --> /home/runner/work/Miner/Miner/references/round18-public-579/parse.rs:4721:8
     |
4721 | pub fn Z268(
     |        ^^^^ help: convert the identifier to snake case (notice the capitalization): `z268`

warning: function `Z227` should have a snake case name
    --> /home/runner/work/Miner/Miner/references/round18-public-579/parse.rs:4763:8
     |
4763 | pub fn Z227(input: &[u8], pa: &[u64; Z107], lc: &[u32; 512], i: usize, s: usize, len: usize, dd: usize, tmax: usize) -> (usize, u3...
     |        ^^^^ help: convert the identifier to snake case (notice the capitalization): `z227`

warning: function `Z260` should have a snake case name
    --> /home/runner/work/Miner/Miner/references/round18-public-579/parse.rs:4781:8
     |
4781 | pub fn Z260(
     |        ^^^^ help: convert the identifier to snake case (notice the capitalization): `z260`

warning: function `Z259` should have a snake case name
    --> /home/runner/work/Miner/Miner/references/round18-public-579/parse.rs:4819:8
     |
4819 | pub fn Z259(
     |        ^^^^ help: convert the identifier to snake case (notice the capitalization): `z259`

warning: function `Z251` should have a snake case name
    --> /home/runner/work/Miner/Miner/references/round18-public-579/parse.rs:4843:8
     |
4843 | pub fn Z251(input: &[u8], plan: &mut Vec<u32>, rs: &mut Vec<u32>, ct: usize, lazyn: usize, d4: usize, d7: usize, skip: usize, h3d:...
     |        ^^^^ help: convert the identifier to snake case (notice the capitalization): `z251`

warning: function `Z253` should have a snake case name
    --> /home/runner/work/Miner/Miner/references/round18-public-579/parse.rs:4999:8
     |
4999 | pub fn Z253(input: &[u8], out: &mut [u32], k: &[usize; 17]) -> Vec<u32> {
     |        ^^^^ help: convert the identifier to snake case (notice the capitalization): `z253`

warning: function `Z189` should have a snake case name
    --> /home/runner/work/Miner/Miner/references/round18-public-579/parse.rs:5077:8
     |
5077 | pub fn Z189(
     |        ^^^^ help: convert the identifier to snake case (notice the capitalization): `z189`

warning: function `Z186` should have a snake case name
    --> /home/runner/work/Miner/Miner/references/round18-public-579/parse.rs:5170:8
     |
5170 | pub fn Z186(s: &[u8], mp: &mut Vec<u32>, mb: &mut Vec<u32>, depth: usize, skip: usize) {
     |        ^^^^ help: convert the identifier to snake case (notice the capitalization): `z186`

warning: function `Z188` should have a snake case name
    --> /home/runner/work/Miner/Miner/references/round18-public-579/parse.rs:5268:8
     |
5268 | pub fn Z188(lf0: &[u32; 512], df: &[u32; 32], lit: &mut [u32; 256], lc: &mut [u32; 512], dc: &mut [u32; 32]) {
     |        ^^^^ help: convert the identifier to snake case (notice the capitalization): `z188`

warning: function `Z184` should have a snake case name
    --> /home/runner/work/Miner/Miner/references/round18-public-579/parse.rs:5331:8
     |
5331 | pub fn Z184(
     |        ^^^^ help: convert the identifier to snake case (notice the capitalization): `z184`

warning: function `Z187` should have a snake case name
    --> /home/runner/work/Miner/Miner/references/round18-public-579/parse.rs:5437:8
     |
5437 | pub fn Z187(
     |        ^^^^ help: convert the identifier to snake case (notice the capitalization): `z187`

warning: function `Z185` should have a snake case name
    --> /home/runner/work/Miner/Miner/references/round18-public-579/parse.rs:5492:8
     |
5492 | pub fn Z185(
     |        ^^^^ help: convert the identifier to snake case (notice the capitalization): `z185`

warning: function `Z209` should have a snake case name
    --> /home/runner/work/Miner/Miner/references/round18-public-579/parse.rs:5677:8
     |
5677 | pub fn Z209(len: usize) -> usize {
     |        ^^^^ help: convert the identifier to snake case (notice the capitalization): `z209`

warning: function `Z197` should have a snake case name
    --> /home/runner/work/Miner/Miner/references/round18-public-579/parse.rs:5686:8
     |
5686 | pub fn Z197(d: usize) -> usize {
     |        ^^^^ help: convert the identifier to snake case (notice the capitalization): `z197`

warning: function `Z222` should have a snake case name
    --> /home/runner/work/Miner/Miner/references/round18-public-579/parse.rs:5698:8
     |
5698 | pub fn Z222(s: &[u8], i: usize) -> u64 {
     |        ^^^^ help: convert the identifier to snake case (notice the capitalization): `z222`

warning: function `Z200` should have a snake case name
    --> /home/runner/work/Miner/Miner/references/round18-public-579/parse.rs:5715:8
     |
5715 | pub fn Z200(s: &[u8], a: usize, b: usize, k0: usize, lim: usize) -> usize {
     |        ^^^^ help: convert the identifier to snake case (notice the capitalization): `z200`

warning: function `Z211` should have a snake case name
    --> /home/runner/work/Miner/Miner/references/round18-public-579/parse.rs:5734:8
     |
5734 | pub fn Z211(len: usize, d: usize) -> u32 {
     |        ^^^^ help: convert the identifier to snake case (notice the capitalization): `z211`

warning: function `Z216` should have a snake case name
    --> /home/runner/work/Miner/Miner/references/round18-public-579/parse.rs:5740:8
     |
5740 | pub fn Z216(kids: &mut [u32; Z112], which: usize, idx: usize, v: u32) {
     |        ^^^^ help: convert the identifier to snake case (notice the capitalization): `z216`

warning: function `Z193` should have a snake case name
    --> /home/runner/work/Miner/Miner/references/round18-public-579/parse.rs:5748:8
     |
5748 | pub fn Z193(
     |        ^^^^ help: convert the identifier to snake case (notice the capitalization): `z193`

warning: function `Z194` should have a snake case name
    --> /home/runner/work/Miner/Miner/references/round18-public-579/parse.rs:5818:8
     |
5818 | pub fn Z194(
     |        ^^^^ help: convert the identifier to snake case (notice the capitalization): `z194`

warning: function `Z210` should have a snake case name
    --> /home/runner/work/Miner/Miner/references/round18-public-579/parse.rs:5879:8
     |
5879 | pub fn Z210(b: u8) -> usize {
     |        ^^^^ help: convert the identifier to snake case (notice the capitalization): `z210`

warning: function `Z214` should have a snake case name
    --> /home/runner/work/Miner/Miner/references/round18-public-579/parse.rs:5887:8
     |
5887 | pub fn Z214(clist: &mut Vec<u32>, p: usize, ml: &[u32; 64], md: &[u32; 64], cnt: usize, r1: usize, flag: u32) -> usize {
     |        ^^^^ help: convert the identifier to snake case (notice the capitalization): `z214`

warning: function `Z221` should have a snake case name
    --> /home/runner/work/Miner/Miner/references/round18-public-579/parse.rs:5915:8
     |
5915 | pub fn Z221(s: &[u8], p: usize) -> usize {
     |        ^^^^ help: convert the identifier to snake case (notice the capitalization): `z221`

warning: function `Z201` should have a snake case name
    --> /home/runner/work/Miner/Miner/references/round18-public-579/parse.rs:5932:8
     |
5932 | pub fn Z201(s: &[u8], clist: &mut Vec<u32>, chain: usize, depth: usize) {
     |        ^^^^ help: convert the identifier to snake case (notice the capitalization): `z201`

warning: function `Z202` should have a snake case name
    --> /home/runner/work/Miner/Miner/references/round18-public-579/parse.rs:5981:8
     |
5981 | pub fn Z202(s: &[u8], clist: &mut Vec<u32>, depth_lo: usize) {
     |        ^^^^ help: convert the identifier to snake case (notice the capitalization): `z202`

warning: function `Z206` should have a snake case name
    --> /home/runner/work/Miner/Miner/references/round18-public-579/parse.rs:6074:8
     |
6074 | pub fn Z206(freq: &[u32; 288], m: usize, lens: &mut [u8; 288]) {
     |        ^^^^ help: convert the identifier to snake case (notice the capitalization): `z206`

warning: function `Z217` should have a snake case name
    --> /home/runner/work/Miner/Miner/references/round18-public-579/parse.rs:6141:8
     |
6141 | pub fn Z217(sw: &[u32; 288], ss: &[u16; 288], dw: &mut [u32; 288], ds: &mut [u16; 288], k: usize, shift: u32) {
     |        ^^^^ help: convert the identifier to snake case (notice the capitalization): `z217`

warning: function `Z215` should have a snake case name
    --> /home/runner/work/Miner/Miner/references/round18-public-579/parse.rs:6168:8
     |
6168 | pub fn Z215(models: &mut Vec<u32>, lf: &[u32; 288], df: &[u32; 288], tax: u32, ulen: u32, udist: u32, tokpen: u32) -> u64 {
     |        ^^^^ help: convert the identifier to snake case (notice the capitalization): `z215`

warning: function `Z205` should have a snake case name
    --> /home/runner/work/Miner/Miner/references/round18-public-579/parse.rs:6212:8
     |
6212 | pub fn Z205(clist: &Vec<u32>, ge: usize) -> usize {
     |        ^^^^ help: convert the identifier to snake case (notice the capitalization): `z205`

warning: function `Z208` should have a snake case name
    --> /home/runner/work/Miner/Miner/references/round18-public-579/parse.rs:6226:8
     |
6226 | pub fn Z208(models: &Vec<u32>, b: usize, lit_c: &mut [u32; 256], len_c: &mut [u32; 256], dst_c: &mut [u32; 32]) {
     |        ^^^^ help: convert the identifier to snake case (notice the capitalization): `z208`

warning: function `Z196` should have a snake case name
    --> /home/runner/work/Miner/Miner/references/round18-public-579/parse.rs:6248:8
     |
6248 | pub fn Z196(s: &[u8], clist: &Vec<u32>, models: &Vec<u32>, bstart: &Vec<u32>, choice: &mut [u32]) {
     |        ^^^^ help: convert the identifier to snake case (notice the capitalization): `z196`

warning: function `Z204` should have a snake case name
    --> /home/runner/work/Miner/Miner/references/round18-public-579/parse.rs:6339:8
     |
6339 | pub fn Z204(clist: &Vec<u32>, choice: &mut [u32], n: usize, gmin: usize) {
     |        ^^^^ help: convert the identifier to snake case (notice the capitalization): `z204`

warning: function `Z219` should have a snake case name
    --> /home/runner/work/Miner/Miner/references/round18-public-579/parse.rs:6363:8
     |
6363 | pub fn Z219(s: &[u8], choice: &[u32], models: &mut Vec<u32>, bstart: &mut Vec<u32>, tax: u32, ulen: u32, udist: u32, tokpen: u32) ...
     |        ^^^^ help: convert the identifier to snake case (notice the capitalization): `z219`

warning: function `Z207` should have a snake case name
    --> /home/runner/work/Miner/Miner/references/round18-public-579/parse.rs:6408:8
     |
6408 | pub fn Z207(s: &[u8]) -> usize {
     |        ^^^^ help: convert the identifier to snake case (notice the capitalization): `z207`

warning: function `Z220` should have a snake case name
    --> /home/runner/work/Miner/Miner/references/round18-public-579/parse.rs:6432:8
     |
6432 | pub fn Z220(clf: &mut [u32; 288], v: usize, r0: usize) -> u64 {
     |        ^^^^ help: convert the identifier to snake case (notice the capitalization): `z220`

warning: function `Z198` should have a snake case name
    --> /home/runner/work/Miner/Miner/references/round18-public-579/parse.rs:6470:8
     |
6470 | pub fn Z198(lf: &[u32; 288], df: &[u32; 288]) -> u64 {
     |        ^^^^ help: convert the identifier to snake case (notice the capitalization): `z198`

warning: function `Z203` should have a snake case name
    --> /home/runner/work/Miner/Miner/references/round18-public-579/parse.rs:6540:8
     |
6540 | pub fn Z203(lf: &[u32; 288], df: &[u32; 288]) -> u64 {
     |        ^^^^ help: convert the identifier to snake case (notice the capitalization): `z203`

warning: function `Z212` should have a snake case name
    --> /home/runner/work/Miner/Miner/references/round18-public-579/parse.rs:6562:8
     |
6562 | pub fn Z212(s: &[u8], choice: &[u32], p0: usize, lf: &mut [u32; 288], df: &mut [u32; 288]) -> usize {
     |        ^^^^ help: convert the identifier to snake case (notice the capitalization): `z212`

warning: function `Z195` should have a snake case name
    --> /home/runner/work/Miner/Miner/references/round18-public-579/parse.rs:6592:8
     |
6592 | pub fn Z195(plan: &mut [u32], p0: usize, end: usize) {
     |        ^^^^ help: convert the identifier to snake case (notice the capitalization): `z195`

warning: function `Z213` should have a snake case name
    --> /home/runner/work/Miner/Miner/references/round18-public-579/parse.rs:6603:8
     |
6603 | pub fn Z213(s: &[u8], plan: &mut [u32]) {
     |        ^^^^ help: convert the identifier to snake case (notice the capitalization): `z213`

warning: function `Z218` should have a snake case name
    --> /home/runner/work/Miner/Miner/references/round18-public-579/parse.rs:6645:8
     |
6645 | pub fn Z218(s: &[u8]) -> (usize, usize) {
     |        ^^^^ help: convert the identifier to snake case (notice the capitalization): `z218`

warning: function `Z199` should have a snake case name
    --> /home/runner/work/Miner/Miner/references/round18-public-579/parse.rs:6681:8
     |
6681 | pub fn Z199(input: &[u8], out: &mut Vec<u32>, depth: usize, depth_lo: usize, wdp: usize, passes_w: usize, passes_bt: usize, passes...
     |        ^^^^ help: convert the identifier to snake case (notice the capitalization): `z199`

warning: function `Z296` should have a snake case name
    --> /home/runner/work/Miner/Miner/references/round18-public-579/parse.rs:6783:8
     |
6783 | pub fn Z296(input:&[u8],out:&mut[u32],mode:usize)->usize{if mode==0 {Z273(input,out,0)}else if mode==1 {Z273(input,out,1)}else if ...
     |        ^^^^ help: convert the identifier to snake case (notice the capitalization): `z296`

warning: function `Z313` should have a snake case name
    --> /home/runner/work/Miner/Miner/references/round18-public-579/parse.rs:6878:8
     |
6878 | pub fn Z313(input: &[u8], k: usize) -> Vec<u32> {
     |        ^^^^ help: convert the identifier to snake case (notice the capitalization): `z313`

warning: function `Z311` should have a snake case name
    --> /home/runner/work/Miner/Miner/references/round18-public-579/parse.rs:6893:8
     |
6893 | pub fn Z311(input: &[u8], k: usize) -> Vec<u32> {
     |        ^^^^ help: convert the identifier to snake case (notice the capitalization): `z311`

warning: function `Z310` should have a snake case name
    --> /home/runner/work/Miner/Miner/references/round18-public-579/parse.rs:6902:8
     |
6902 | pub fn Z310(input: &[u8], out: &mut [u32], k: usize) -> usize {
     |        ^^^^ help: convert the identifier to snake case (notice the capitalization): `z310`

warning: function `Z307` should have a snake case name
    --> /home/runner/work/Miner/Miner/references/round18-public-579/parse.rs:7012:8
     |
7012 | pub fn Z307(
     |        ^^^^ help: convert the identifier to snake case (notice the capitalization): `z307`

warning: function `Z309` should have a snake case name
    --> /home/runner/work/Miner/Miner/references/round18-public-579/parse.rs:7105:8
     |
7105 | pub fn Z309(
     |        ^^^^ help: convert the identifier to snake case (notice the capitalization): `z309`

warning: function `Z308` should have a snake case name
    --> /home/runner/work/Miner/Miner/references/round18-public-579/parse.rs:7161:8
     |
7161 | pub fn Z308(
     |        ^^^^ help: convert the identifier to snake case (notice the capitalization): `z308`

warning: function `Z314` should have a snake case name
    --> /home/runner/work/Miner/Miner/references/round18-public-579/parse.rs:7570:8
     |
7570 | pub fn Z314(cost:&[u32],lc:&[u32;512],i:usize,lo:usize,hi:usize,base:u32,width:usize)->u32 {
     |        ^^^^ help: convert the identifier to snake case (notice the capitalization): `z314`

warning: function `Z312` should have a snake case name
    --> /home/runner/work/Miner/Miner/references/round18-public-579/parse.rs:7591:8
     |
7591 | pub fn Z312(input:&[u8],out:&mut[u32],mode:usize)->usize{if mode==0 {Z310(input,out,0)}else if mode==1 {Z310(input,out,1)}else if ...
     |        ^^^^ help: convert the identifier to snake case (notice the capitalization): `z312`

warning: function `Z317` should have a snake case name
    --> /home/runner/work/Miner/Miner/references/round18-public-579/parse.rs:7714:8
     |
7714 | pub fn Z317(input: &[u8], k: usize) -> Vec<u32> {
     |        ^^^^ help: convert the identifier to snake case (notice the capitalization): `z317`

warning: function `Z315` should have a snake case name
    --> /home/runner/work/Miner/Miner/references/round18-public-579/parse.rs:7729:8
     |
7729 | pub fn Z315(input: &[u8], k: usize) -> Vec<u32> {
     |        ^^^^ help: convert the identifier to snake case (notice the capitalization): `z315`

warning: function `Z316` should have a snake case name
    --> /home/runner/work/Miner/Miner/references/round18-public-579/parse.rs:7738:8
     |
7738 | pub fn Z316(input: &[u8], out: &mut [u32], k: usize) -> usize {
     |        ^^^^ help: convert the identifier to snake case (notice the capitalization): `z316`

warning: function `Z318` should have a snake case name
    --> /home/runner/work/Miner/Miner/references/round18-public-579/parse.rs:9225:8
     |
9225 | pub fn Z318(input:&[u8],out:&mut[u32],mode:usize)->usize{if mode==0 {Z316(input,out,0)}else if mode==1 {Z316(input,out,1)}else if ...
     |        ^^^^ help: convert the identifier to snake case (notice the capitalization): `z318`

warning: function `Z331` should have a snake case name
     --> /home/runner/work/Miner/Miner/references/round18-public-579/parse.rs:10038:8
      |
10038 | pub fn Z331(v: &mut [u32], i: usize, by: u32) {
      |        ^^^^ help: convert the identifier to snake case (notice the capitalization): `z331`

warning: function `Z449` should have a snake case name
     --> /home/runner/work/Miner/Miner/references/round18-public-579/parse.rs:10045:8
      |
10045 | pub fn Z449(v: &mut [u64], i: usize, x: u64) {
      |        ^^^^ help: convert the identifier to snake case (notice the capitalization): `z449`

warning: function `Z379` should have a snake case name
     --> /home/runner/work/Miner/Miner/references/round18-public-579/parse.rs:10052:8
      |
10052 | pub fn Z379(v: &[u8], i: usize) -> u8 {
      |        ^^^^ help: convert the identifier to snake case (notice the capitalization): `z379`

warning: function `Z332` should have a snake case name
     --> /home/runner/work/Miner/Miner/references/round18-public-579/parse.rs:10062:8
      |
10062 | pub fn Z332(input: &[u8], i: usize) -> usize {
      |        ^^^^ help: convert the identifier to snake case (notice the capitalization): `z332`

warning: function `Z450` should have a snake case name
     --> /home/runner/work/Miner/Miner/references/round18-public-579/parse.rs:10072:8
      |
10072 | pub fn Z450(a: &mut [u32; 65536], i: usize, x: u32) {
      |        ^^^^ help: convert the identifier to snake case (notice the capitalization): `z450`

warning: function `Z367` should have a snake case name
     --> /home/runner/work/Miner/Miner/references/round18-public-579/parse.rs:10078:8
      |
10078 | pub fn Z367(n: usize, x: u32) -> Vec<u32> {
      |        ^^^^ help: convert the identifier to snake case (notice the capitalization): `z367`

warning: function `Z430` should have a snake case name
     --> /home/runner/work/Miner/Miner/references/round18-public-579/parse.rs:10102:8
      |
10102 | pub fn Z430(v: &mut Vec<u32>, x: u32) {
      |        ^^^^ help: convert the identifier to snake case (notice the capitalization): `z430`

warning: function `Z446` should have a snake case name
     --> /home/runner/work/Miner/Miner/references/round18-public-579/parse.rs:10110:8
      |
10110 | pub fn Z446(f: usize, a: usize, b: usize) -> usize {
      |        ^^^^ help: convert the identifier to snake case (notice the capitalization): `z446`

warning: function `Z447` should have a snake case name
     --> /home/runner/work/Miner/Miner/references/round18-public-579/parse.rs:10119:8
      |
10119 | pub fn Z447(f: usize, a: u32, b: u32) -> u32 {
      |        ^^^^ help: convert the identifier to snake case (notice the capitalization): `z447`

warning: function `Z448` should have a snake case name
     --> /home/runner/work/Miner/Miner/references/round18-public-579/parse.rs:10128:8
      |
10128 | pub fn Z448(f: usize, a: u64, b: u64) -> u64 {
      |        ^^^^ help: convert the identifier to snake case (notice the capitalization): `z448`

warning: function `Z377` should have a snake case name
     --> /home/runner/work/Miner/Miner/references/round18-public-579/parse.rs:10137:8
      |
10137 | pub fn Z377(a: usize, b: usize) -> usize {
      |        ^^^^ help: convert the identifier to snake case (notice the capitalization): `z377`

warning: function `Z404` should have a snake case name
     --> /home/runner/work/Miner/Miner/references/round18-public-579/parse.rs:10146:8
      |
10146 | pub fn Z404(a: usize, b: usize) -> usize {
      |        ^^^^ help: convert the identifier to snake case (notice the capitalization): `z404`

warning: function `Z357` should have a snake case name
     --> /home/runner/work/Miner/Miner/references/round18-public-579/parse.rs:10155:8
      |
10155 | pub fn Z357(a: usize, b: usize) -> usize {
      |        ^^^^ help: convert the identifier to snake case (notice the capitalization): `z357`

warning: function `Z405` should have a snake case name
     --> /home/runner/work/Miner/Miner/references/round18-public-579/parse.rs:10164:8
      |
10164 | pub fn Z405(a: u32, b: u32) -> usize {
      |        ^^^^ help: convert the identifier to snake case (notice the capitalization): `z405`

warning: function `Z406` should have a snake case name
     --> /home/runner/work/Miner/Miner/references/round18-public-579/parse.rs:10173:8
      |
10173 | pub fn Z406(a: u64, b: u64) -> usize {
      |        ^^^^ help: convert the identifier to snake case (notice the capitalization): `z406`

warning: function `Z457` should have a snake case name
     --> /home/runner/work/Miner/Miner/references/round18-public-579/parse.rs:10184:8
      |
10184 | pub fn Z457(a: usize, b: usize) -> usize {
      |        ^^^^ help: convert the identifier to snake case (notice the capitalization): `z457`

warning: function `Z358` should have a snake case name
     --> /home/runner/work/Miner/Miner/references/round18-public-579/parse.rs:10193:8
      |
10193 | pub fn Z358(a: u64, b: u64) -> usize {
      |        ^^^^ help: convert the identifier to snake case (notice the capitalization): `z358`

warning: function `Z458` should have a snake case name
     --> /home/runner/work/Miner/Miner/references/round18-public-579/parse.rs:10202:8
      |
10202 | pub fn Z458(a: u64, b: u64) -> u64 {
      |        ^^^^ help: convert the identifier to snake case (notice the capitalization): `z458`

warning: function `Z431` should have a snake case name
     --> /home/runner/work/Miner/Miner/references/round18-public-579/parse.rs:10212:8
      |
10212 | pub fn Z431(v: &mut Vec<u32>, f: usize, x: u32) {
      |        ^^^^ help: convert the identifier to snake case (notice the capitalization): `z431`

warning: function `Z432` should have a snake case name
     --> /home/runner/work/Miner/Miner/references/round18-public-579/parse.rs:10222:8
      |
10222 | pub fn Z432(v: &mut Vec<u32>, f: usize, len: usize, d: usize) {
      |        ^^^^ help: convert the identifier to snake case (notice the capitalization): `z432`

warning: function `Z433` should have a snake case name
     --> /home/runner/work/Miner/Miner/references/round18-public-579/parse.rs:10231:8
      |
10231 | pub fn Z433(mc: &mut Vec<u32>, m0: usize, f: usize, len: usize, d: usize) {
      |        ^^^^ help: convert the identifier to snake case (notice the capitalization): `z433`

warning: function `Z434` should have a snake case name
     --> /home/runner/work/Miner/Miner/references/round18-public-579/parse.rs:10238:8
      |
10238 | pub fn Z434(mc: &mut Vec<u32>, m0: usize, len: usize, d: usize) {
      |        ^^^^ help: convert the identifier to snake case (notice the capitalization): `z434`

warning: function `Z339` should have a snake case name
     --> /home/runner/work/Miner/Miner/references/round18-public-579/parse.rs:10252:8
      |
10252 | pub fn Z339(l: usize, room: usize) -> usize {
      |        ^^^^ help: convert the identifier to snake case (notice the capitalization): `z339`

warning: function `Z338` should have a snake case name
     --> /home/runner/work/Miner/Miner/references/round18-public-579/parse.rs:10262:8
      |
10262 | pub fn Z338(l: usize, room: usize) -> usize {
      |        ^^^^ help: convert the identifier to snake case (notice the capitalization): `z338`

warning: function `Z411` should have a snake case name
     --> /home/runner/work/Miner/Miner/references/round18-public-579/parse.rs:10272:8
      |
10272 | pub fn Z411(x: u64) -> u64 {
      |        ^^^^ help: convert the identifier to snake case (notice the capitalization): `z411`

warning: function `Z459` should have a snake case name
     --> /home/runner/work/Miner/Miner/references/round18-public-579/parse.rs:10286:8
      |
10286 | pub fn Z459(input: &[u8], pos: usize, d: usize, ch: usize) -> bool {
      |        ^^^^ help: convert the identifier to snake case (notice the capitalization): `z459`

warning: function `Z354` should have a snake case name
     --> /home/runner/work/Miner/Miner/references/round18-public-579/parse.rs:10298:8
      |
10298 | pub fn Z354(input: &[u8], out: &mut [u32], plan: &[u32]) -> usize {
      |        ^^^^ help: convert the identifier to snake case (notice the capitalization): `z354`

warning: function `Z392` should have a snake case name
     --> /home/runner/work/Miner/Miner/references/round18-public-579/parse.rs:10322:8
      |
10322 | pub fn Z392(input: &[u8], p: usize) -> u64 {
      |        ^^^^ help: convert the identifier to snake case (notice the capitalization): `z392`

warning: function `Z372` should have a snake case name
     --> /home/runner/work/Miner/Miner/references/round18-public-579/parse.rs:10336:8
      |
10336 | pub fn Z372(x:u64,y:u64)->usize {
      |        ^^^^ help: convert the identifier to snake case (notice the capitalization): `z372`

warning: function `Z382` should have a snake case name
     --> /home/runner/work/Miner/Miner/references/round18-public-579/parse.rs:10345:8
      |
10345 | pub fn Z382(input: &[u8], p: usize) -> usize {
      |        ^^^^ help: convert the identifier to snake case (notice the capitalization): `z382`

warning: function `Z381` should have a snake case name
     --> /home/runner/work/Miner/Miner/references/round18-public-579/parse.rs:10356:8
      |
10356 | pub fn Z381(input: &[u8], p: usize) -> usize {
      |        ^^^^ help: convert the identifier to snake case (notice the capitalization): `z381`

warning: function `Z353` should have a snake case name
     --> /home/runner/work/Miner/Miner/references/round18-public-579/parse.rs:10368:8
      |
10368 | pub fn Z353(d: usize) -> usize {
      |        ^^^^ help: convert the identifier to snake case (notice the capitalization): `z353`

warning: function `Z347` should have a snake case name
     --> /home/runner/work/Miner/Miner/references/round18-public-579/parse.rs:10383:8
      |
10383 | pub fn Z347(s: usize) -> u32 {
      |        ^^^^ help: convert the identifier to snake case (notice the capitalization): `z347`

warning: function `Z415` should have a snake case name
     --> /home/runner/work/Miner/Miner/references/round18-public-579/parse.rs:10393:8
      |
10393 | pub fn Z415(len: usize, d: usize) -> u32 {
      |        ^^^^ help: convert the identifier to snake case (notice the capitalization): `z415`

warning: function `Z390` should have a snake case name
     --> /home/runner/work/Miner/Miner/references/round18-public-579/parse.rs:10401:8
      |
10401 | pub fn Z390(l: usize) -> usize {
      |        ^^^^ help: convert the identifier to snake case (notice the capitalization): `z390`

warning: function `Z395` should have a snake case name
     --> /home/runner/work/Miner/Miner/references/round18-public-579/parse.rs:10419:8
      |
10419 | pub fn Z395(c: usize) -> u32 {
      |        ^^^^ help: convert the identifier to snake case (notice the capitalization): `z395`

warning: function `Z374` should have a snake case name
     --> /home/runner/work/Miner/Miner/references/round18-public-579/parse.rs:10428:8
      |
10428 | pub fn Z374(s: usize) -> u32 {
      |        ^^^^ help: convert the identifier to snake case (notice the capitalization): `z374`

warning: function `Z364` should have a snake case name
     --> /home/runner/work/Miner/Miner/references/round18-public-579/parse.rs:10443:8
      |
10443 | pub fn Z364(input: &[u8], a: usize, b: usize, from: usize, cap: usize) -> usize {
      |        ^^^^ help: convert the identifier to snake case (notice the capitalization): `z364`

warning: function `Z363` should have a snake case name
     --> /home/runner/work/Miner/Miner/references/round18-public-579/parse.rs:10478:8
      |
10478 | pub fn Z363(input: &[u8], f: usize, a: usize, b: usize, from: usize, cap: usize, dflt: usize) -> usize {
      |        ^^^^ help: convert the identifier to snake case (notice the capitalization): `z363`

warning: function `Z394` should have a snake case name
     --> /home/runner/work/Miner/Miner/references/round18-public-579/parse.rs:10487:8
      |
10487 | pub fn Z394(input: &[u8], p: usize) -> u64 {
      |        ^^^^ help: convert the identifier to snake case (notice the capitalization): `z394`

warning: function `Z393` should have a snake case name
     --> /home/runner/work/Miner/Miner/references/round18-public-579/parse.rs:10497:8
      |
10497 | pub fn Z393(input: &[u8], p: usize) -> u64 {
      |        ^^^^ help: convert the identifier to snake case (notice the capitalization): `z393`

warning: function `Z391` should have a snake case name
     --> /home/runner/work/Miner/Miner/references/round18-public-579/parse.rs:10511:8
      |
10511 | pub fn Z391(input: &[u8], a: usize, b: usize, l0: usize, lim: usize) -> usize {
      |        ^^^^ help: convert the identifier to snake case (notice the capitalization): `z391`

warning: function `Z335` should have a snake case name
     --> /home/runner/work/Miner/Miner/references/round18-public-579/parse.rs:10529:8
      |
10529 | pub fn Z335(x: u64, y: u64, k: usize) -> usize {
      |        ^^^^ help: convert the identifier to snake case (notice the capitalization): `z335`

warning: function `Z365` should have a snake case name
     --> /home/runner/work/Miner/Miner/references/round18-public-579/parse.rs:10537:8
      |
10537 | pub fn Z365(input: &[u8], same: usize, a: usize, b: usize, l0: usize, x: u64, y: u64, lim: usize) -> usize {
      |        ^^^^ help: convert the identifier to snake case (notice the capitalization): `z365`

warning: function `Z328` should have a snake case name
     --> /home/runner/work/Miner/Miner/references/round18-public-579/parse.rs:10551:8
      |
10551 | pub fn Z328(
      |        ^^^^ help: convert the identifier to snake case (notice the capitalization): `z328`

warning: function `Z451` should have a snake case name
     --> /home/runner/work/Miner/Miner/references/round18-public-579/parse.rs:10626:8
      |
10626 | pub fn Z451(gap: usize) -> usize {
      |        ^^^^ help: convert the identifier to snake case (notice the capitalization): `z451`

warning: function `Z370` should have a snake case name
     --> /home/runner/work/Miner/Miner/references/round18-public-579/parse.rs:10633:8
      |
10633 | pub fn Z370(
      |        ^^^^ help: convert the identifier to snake case (notice the capitalization): `z370`

warning: function `Z368` should have a snake case name
     --> /home/runner/work/Miner/Miner/references/round18-public-579/parse.rs:10687:8
      |
10687 | pub fn Z368(input: &[u8], mstart: &mut Vec<u32>, mc: &mut Vec<u32>, maxd: usize) {
      |        ^^^^ help: convert the identifier to snake case (notice the capitalization): `z368`

warning: function `Z371` should have a snake case name
     --> /home/runner/work/Miner/Miner/references/round18-public-579/parse.rs:10706:8
      |
10706 | pub fn Z371(input: &[u8], f: usize) {
      |        ^^^^ help: convert the identifier to snake case (notice the capitalization): `z371`

warning: function `Z329` should have a snake case name
     --> /home/runner/work/Miner/Miner/references/round18-public-579/parse.rs:10717:8
      |
10717 | pub fn Z329(l: usize) -> usize {
      |        ^^^^ help: convert the identifier to snake case (notice the capitalization): `z329`

warning: function `Z330` should have a snake case name
     --> /home/runner/work/Miner/Miner/references/round18-public-579/parse.rs:10736:8
      |
10736 | pub fn Z330(bend: &mut [u32; 512]) {
      |        ^^^^ help: convert the identifier to snake case (notice the capitalization): `z330`

warning: function `Z396` should have a snake case name
     --> /home/runner/work/Miner/Miner/references/round18-public-579/parse.rs:10745:8
      |
10745 | pub fn Z396(w: usize) -> usize {
      |        ^^^^ help: convert the identifier to snake case (notice the capitalization): `z396`

warning: function `Z400` should have a snake case name
     --> /home/runner/work/Miner/Miner/references/round18-public-579/parse.rs:10757:8
      |
10757 | pub fn Z400(tbl: &[u32], toff: usize, ct: &mut [u32; 1024], lam: u32) {
      |        ^^^^ help: convert the identifier to snake case (notice the capitalization): `z400`

warning: function `Z443` should have a snake case name
     --> /home/runner/work/Miner/Miner/references/round18-public-579/parse.rs:10778:8
      |
10778 | pub fn Z443(rm: &mut [u64; 4096], i: usize, c: u64) {
      |        ^^^^ help: convert the identifier to snake case (notice the capitalization): `z443`

warning: function `Z444` should have a snake case name
     --> /home/runner/work/Miner/Miner/references/round18-public-579/parse.rs:10797:8
      |
10797 | pub fn Z444(rm: &mut [u64; 4096], i: usize, c: u64) {
      |        ^^^^ help: convert the identifier to snake case (notice the capitalization): `z444`

warning: function `Z442` should have a snake case name
     --> /home/runner/work/Miner/Miner/references/round18-public-579/parse.rs:10813:8
      |
10813 | pub fn Z442(f: usize, rm: &mut [u64; 4096], i: usize, c: u64) {
      |        ^^^^ help: convert the identifier to snake case (notice the capitalization): `z442`

warning: function `Z322` should have a snake case name
     --> /home/runner/work/Miner/Miner/references/round18-public-579/parse.rs:10823:8
      |
10823 | pub fn Z322(rm: &[u64; 4096], ct: &[u32; 1024], i: usize, x: usize, e: usize, dcs: u64) -> u64 {
      |        ^^^^ help: convert the identifier to snake case (notice the capitalization): `z322`

warning: function `Z435` should have a snake case name
     --> /home/runner/work/Miner/Miner/references/round18-public-579/parse.rs:10835:8
      |
10835 | pub fn Z435(x: usize, y: usize, k: usize, slot: usize) -> u32 {
      |        ^^^^ help: convert the identifier to snake case (notice the capitalization): `z435`

warning: function `Z429` should have a snake case name
     --> /home/runner/work/Miner/Miner/references/round18-public-579/parse.rs:10844:8
      |
10844 | pub fn Z429(rm: &[u64; 4096], ct: &[u32; 1024], i: usize, lo: usize, hi: usize, dcs: u64, slot: usize, best0: u64, keep: usize, i...
      |        ^^^^ help: convert the identifier to snake case (notice the capitalization): `z429`

warning: function `Z426` should have a snake case name
     --> /home/runner/work/Miner/Miner/references/round18-public-579/parse.rs:10858:8
      |
10858 | pub fn Z426(rm: &[u64; 4096], ct: &[u32; 1024], bend: &[u32; 512], i: usize, lo: usize, hi: usize, dcs: u64, slot: usize, best0: ...
      |        ^^^^ help: convert the identifier to snake case (notice the capitalization): `z426`

warning: function `Z428` should have a snake case name
     --> /home/runner/work/Miner/Miner/references/round18-public-579/parse.rs:10878:8
      |
10878 | pub fn Z428(rm: &[u64; 4096], ct: &[u32; 1024], bend: &[u32; 512], mc: &[u32], ms: usize, me: usize, i: usize, lit: u64, chw: usi...
      |        ^^^^ help: convert the identifier to snake case (notice the capitalization): `z428`

warning: function `Z440` should have a snake case name
     --> /home/runner/work/Miner/Miner/references/round18-public-579/parse.rs:10907:8
      |
10907 | pub fn Z440(rm: &[u64; 4096], ct: &[u32; 1024], i: usize, lo: usize, hi: usize, dcs: u64, best0: u64) -> u64 {
      |        ^^^^ help: convert the identifier to snake case (notice the capitalization): `z440`

warning: function `Z437` should have a snake case name
     --> /home/runner/work/Miner/Miner/references/round18-public-579/parse.rs:10920:8
      |
10920 | pub fn Z437(rm: &[u64; 4096], ct: &[u32; 1024], bend: &[u32; 512], i: usize, lo: usize, hi: usize, dcs: u64, best0: u64) -> u64 {
      |        ^^^^ help: convert the identifier to snake case (notice the capitalization): `z437`

warning: function `Z439` should have a snake case name
     --> /home/runner/work/Miner/Miner/references/round18-public-579/parse.rs:10935:8
      |
10935 | pub fn Z439(rm: &[u64; 4096], ct: &[u32; 1024], bend: &[u32; 512], mc: &[u32], ms: usize, me: usize, i: usize, lit: u64, chw: usi...
      |        ^^^^ help: convert the identifier to snake case (notice the capitalization): `z439`

warning: function `Z427` should have a snake case name
     --> /home/runner/work/Miner/Miner/references/round18-public-579/parse.rs:10958:8
      |
10958 | pub fn Z427(rm: &[u64; 4096], ct: &[u32; 1024], bend: &[u32; 512], mc: &[u32], ms: usize, me: usize, i: usize, lit: u64, chw: usi...
      |        ^^^^ help: convert the identifier to snake case (notice the capitalization): `z427`

warning: function `Z438` should have a snake case name
     --> /home/runner/work/Miner/Miner/references/round18-public-579/parse.rs:10968:8
      |
10968 | pub fn Z438(rm: &[u64; 4096], ct: &[u32; 1024], items: &[u32], s: usize, e: usize, i: usize, lit: u64) -> u64 {
      |        ^^^^ help: convert the identifier to snake case (notice the capitalization): `z438`

warning: function `Z352` should have a snake case name
     --> /home/runner/work/Miner/Miner/references/round18-public-579/parse.rs:10988:8
      |
10988 | pub fn Z352(
      |        ^^^^ help: convert the identifier to snake case (notice the capitalization): `z352`

warning: function `Z324` should have a snake case name
     --> /home/runner/work/Miner/Miner/references/round18-public-579/parse.rs:11022:8
      |
11022 | pub fn Z324(bpos: &[u32], b: usize, hi: usize) -> usize {
      |        ^^^^ help: convert the identifier to snake case (notice the capitalization): `z324`

warning: function `Z418` should have a snake case name
     --> /home/runner/work/Miner/Miner/references/round18-public-579/parse.rs:11028:8
      |
11028 | pub fn Z418(
      |        ^^^^ help: convert the identifier to snake case (notice the capitalization): `z418`

warning: function `Z350` should have a snake case name
     --> /home/runner/work/Miner/Miner/references/round18-public-579/parse.rs:11064:8
      |
11064 | pub fn Z350(input: &[u8], rm: &mut [u64; 4096], ct: &[u32; 1024], choice: &mut [u32], items: &[u32], istart: &[u32], lo: usize, h...
      |        ^^^^ help: convert the identifier to snake case (notice the capitalization): `z350`

warning: function `Z417` should have a snake case name
     --> /home/runner/work/Miner/Miner/references/round18-public-579/parse.rs:11082:8
      |
11082 | pub fn Z417(input: &[u8], tbl: &[u32], bpos: &[u32], nb: usize, choice: &mut [u32], items: &[u32], istart: &[u32], l4: usize, co:...
      |        ^^^^ help: convert the identifier to snake case (notice the capitalization): `z417`

warning: function `Z369` should have a snake case name
     --> /home/runner/work/Miner/Miner/references/round18-public-579/parse.rs:11101:8
      |
11101 | pub fn Z369(mstart: &[u32], mc: &[u32], p: usize, l: usize) -> usize {
      |        ^^^^ help: convert the identifier to snake case (notice the capitalization): `z369`

warning: function `Z341` should have a snake case name
     --> /home/runner/work/Miner/Miner/references/round18-public-579/parse.rs:11119:8
      |
11119 | pub fn Z341(v: &mut [u32], a: usize, b: usize) {
      |        ^^^^ help: convert the identifier to snake case (notice the capitalization): `z341`

warning: function `Z348` should have a snake case name
     --> /home/runner/work/Miner/Miner/references/round18-public-579/parse.rs:11129:8
      |
11129 | pub fn Z348(mstart: &[u32], mc: &[u32], pos: usize, len: usize, d0: usize) -> usize {
      |        ^^^^ help: convert the identifier to snake case (notice the capitalization): `z348`

warning: function `Z461` should have a snake case name
     --> /home/runner/work/Miner/Miner/references/round18-public-579/parse.rs:11139:8
      |
11139 | pub fn Z461(fr: &mut [u32], off: usize, st: usize, d: usize, b: usize) {
      |        ^^^^ help: convert the identifier to snake case (notice the capitalization): `z461`

warning: function `Z460` should have a snake case name
     --> /home/runner/work/Miner/Miner/references/round18-public-579/parse.rs:11157:8
      |
11157 | pub fn Z460(input: &[u8], mstart: &[u32], mc: &[u32], choice: &mut [u32], co: usize, fr: &mut [u32], bpos: &mut [u32]) -> usize {
      |        ^^^^ help: convert the identifier to snake case (notice the capitalization): `z460`

warning: function `Z386` should have a snake case name
     --> /home/runner/work/Miner/Miner/references/round18-public-579/parse.rs:11189:8
      |
11189 | pub fn Z386(order: &mut [u32], k: usize, s: usize, freq: &[u32], off: usize) {
      |        ^^^^ help: convert the identifier to snake case (notice the capitalization): `z386`

warning: function `Z436` should have a snake case name
     --> /home/runner/work/Miner/Miner/references/round18-public-579/parse.rs:11206:8
      |
11206 | pub fn Z436(freq: &[u32], off: usize, src: &[u32], dst: &mut [u32], k: usize, sh: u32) {
      |        ^^^^ help: convert the identifier to snake case (notice the capitalization): `z436`

warning: function `Z452` should have a snake case name
     --> /home/runner/work/Miner/Miner/references/round18-public-579/parse.rs:11237:8
      |
11237 | pub fn Z452(freq: &[u32], off: usize, nsym: usize, order: &mut [u32]) -> usize {
      |        ^^^^ help: convert the identifier to snake case (notice the capitalization): `z452`

warning: function `Z401` should have a snake case name
     --> /home/runner/work/Miner/Miner/references/round18-public-579/parse.rs:11265:8
      |
11265 | pub fn Z401(freq: &[u32], off: usize, order: &[u32], k: usize, wa: &mut [u64]) {
      |        ^^^^ help: convert the identifier to snake case (notice the capitalization): `z401`

warning: function `Z421` should have a snake case name
     --> /home/runner/work/Miner/Miner/references/round18-public-579/parse.rs:11277:8
      |
11277 | pub fn Z421(lw: &[u64; 288], k: usize, w: &mut [u64; 1152], src: usize, curlen: usize, dst: usize, flags: &mut [u8; 9216], foff: ...
      |        ^^^^ help: convert the identifier to snake case (notice the capitalization): `z421`

warning: function `Z422` should have a snake case name
     --> /home/runner/work/Miner/Miner/references/round18-public-579/parse.rs:11302:8
      |
11302 | pub fn Z422(lw: &[u64; 288], k: usize, w: &mut [u64; 1152], flags: &mut [u8; 9216], maxbits: usize) {
      |        ^^^^ help: convert the identifier to snake case (notice the capitalization): `z422`

warning: function `Z344` should have a snake case name
     --> /home/runner/work/Miner/Miner/references/round18-public-579/parse.rs:11312:8
      |
11312 | pub fn Z344(flags: &[u8], foff: usize, s: usize) -> usize {
      |        ^^^^ help: convert the identifier to snake case (notice the capitalization): `z344`

warning: function `Z384` should have a snake case name
     --> /home/runner/work/Miner/Miner/references/round18-public-579/parse.rs:11323:8
      |
11323 | pub fn Z384(cnt: &mut [u32], m: usize) {
      |        ^^^^ help: convert the identifier to snake case (notice the capitalization): `z384`

warning: function `Z343` should have a snake case name
     --> /home/runner/work/Miner/Miner/references/round18-public-579/parse.rs:11332:8
      |
11332 | pub fn Z343(flags: &[u8], cnt: &mut [u32], k: usize, maxbits: usize) -> usize {
      |        ^^^^ help: convert the identifier to snake case (notice the capitalization): `z343`

warning: function `Z320` should have a snake case name
     --> /home/runner/work/Miner/Miner/references/round18-public-579/parse.rs:11345:8
      |
11345 | pub fn Z320(order: &[u32], cnt: &[u32], k: usize, lens: &mut [u32], loff: usize) {
      |        ^^^^ help: convert the identifier to snake case (notice the capitalization): `z320`

warning: function `Z420` should have a snake case name
     --> /home/runner/work/Miner/Miner/references/round18-public-579/parse.rs:11356:8
      |
11356 | pub fn Z420(freq: &[u32], off: usize, nsym: usize, maxbits: usize, lens: &mut [u32], loff: usize) {
      |        ^^^^ help: convert the identifier to snake case (notice the capitalization): `z420`

warning: function `Z445` should have a snake case name
     --> /home/runner/work/Miner/Miner/references/round18-public-579/parse.rs:11380:8
      |
11380 | pub fn Z445(all: &[u32], i: usize, m: usize) -> usize {
      |        ^^^^ help: convert the identifier to snake case (notice the capitalization): `z445`

warning: function `Z441` should have a snake case name
     --> /home/runner/work/Miner/Miner/references/round18-public-579/parse.rs:11398:8
      |
11398 | pub fn Z441(all: &[u32], m: usize, clf: &mut [u32]) -> u64 {
      |        ^^^^ help: convert the identifier to snake case (notice the capitalization): `z441`

warning: function `Z349` should have a snake case name
     --> /home/runner/work/Miner/Miner/references/round18-public-579/parse.rs:11430:8
      |
11430 | pub fn Z349(f: &[u32], foff: usize, l: &[u32], loff: usize, m: usize) -> u64 {
      |        ^^^^ help: convert the identifier to snake case (notice the capitalization): `z349`

warning: function `Z373` should have a snake case name
     --> /home/runner/work/Miner/Miner/references/round18-public-579/parse.rs:11441:8
      |
11441 | pub fn Z373(f: &[u32], foff: usize) -> u64 {
      |        ^^^^ help: convert the identifier to snake case (notice the capitalization): `z373`

warning: function `Z455` should have a snake case name
     --> /home/runner/work/Miner/Miner/references/round18-public-579/parse.rs:11452:8
      |
11452 | pub fn Z455(f: &[u32], a: usize, b: usize) -> u64 {
      |        ^^^^ help: convert the identifier to snake case (notice the capitalization): `z455`

warning: function `Z388` should have a snake case name
     --> /home/runner/work/Miner/Miner/references/round18-public-579/parse.rs:11463:8
      |
11463 | pub fn Z388(l: &[u32], off: usize, m: usize, lo: usize) -> usize {
      |        ^^^^ help: convert the identifier to snake case (notice the capitalization): `z388`

warning: function `Z342` should have a snake case name
     --> /home/runner/work/Miner/Miner/references/round18-public-579/parse.rs:11475:8
      |
11475 | pub fn Z342(src: &[u32], soff: usize, dst: &mut [u32], doff: usize, m: usize) {
      |        ^^^^ help: convert the identifier to snake case (notice the capitalization): `z342`

warning: function `Z383` should have a snake case name
     --> /home/runner/work/Miner/Miner/references/round18-public-579/parse.rs:11484:8
      |
11484 | pub fn Z383(cl: &[u32]) -> usize {
      |        ^^^^ help: convert the identifier to snake case (notice the capitalization): `z383`

warning: function `Z325` should have a snake case name
     --> /home/runner/work/Miner/Miner/references/round18-public-579/parse.rs:11499:8
      |
11499 | pub fn Z325(fr: &mut [u32], off: usize, lens: &mut [u32]) -> u64 {
      |        ^^^^ help: convert the identifier to snake case (notice the capitalization): `z325`

warning: function `Z402` should have a snake case name
     --> /home/runner/work/Miner/Miner/references/round18-public-579/parse.rs:11536:8
      |
11536 | pub fn Z402(x: u64) -> u32 {
      |        ^^^^ help: convert the identifier to snake case (notice the capitalization): `z402`

warning: function `Z456` should have a snake case name
     --> /home/runner/work/Miner/Miner/references/round18-public-579/parse.rs:11548:8
      |
11548 | pub fn Z456(fr: &[u32], off: usize, lens: &[u32], kind: u32, sc: &mut [u32]) {
      |        ^^^^ help: convert the identifier to snake case (notice the capitalization): `z456`

warning: function `Z409` should have a snake case name
     --> /home/runner/work/Miner/Miner/references/round18-public-579/parse.rs:11583:8
      |
11583 | pub fn Z409(damp:u32)->u32 { if damp==2 {1} else {Z105} }
      |        ^^^^ help: convert the identifier to snake case (notice the capitalization): `z409`

warning: function `Z323` should have a snake case name
     --> /home/runner/work/Miner/Miner/references/round18-public-579/parse.rs:11586:8
      |
11586 | pub fn Z323(old: u32, new: u32, damp: u32) -> u32 {
      |        ^^^^ help: convert the identifier to snake case (notice the capitalization): `z323`

warning: function `Z366` should have a snake case name
     --> /home/runner/work/Miner/Miner/references/round18-public-579/parse.rs:11604:8
      |
11604 | pub fn Z366(sc: &[u32], tbl: &mut [u32], toff: usize, damp: u32) {
      |        ^^^^ help: convert the identifier to snake case (notice the capitalization): `z366`

warning: function `Z403` should have a snake case name
     --> /home/runner/work/Miner/Miner/references/round18-public-579/parse.rs:11631:8
      |
11631 | pub fn Z403(mstart: &[u32], mc: &[u32], p: usize) -> usize {
      |        ^^^^ help: convert the identifier to snake case (notice the capitalization): `z403`

warning: function `Z327` should have a snake case name
     --> /home/runner/work/Miner/Miner/references/round18-public-579/parse.rs:11642:8
      |
11642 | pub fn Z327(input: &[u8], a: usize, b: usize, fr: &mut [u32]) {
      |        ^^^^ help: convert the identifier to snake case (notice the capitalization): `z327`

warning: function `Z319` should have a snake case name
     --> /home/runner/work/Miner/Miner/references/round18-public-579/parse.rs:11651:8
      |
11651 | pub fn Z319(fr: &[u32], hist: &mut [u32; 256]) {
      |        ^^^^ help: convert the identifier to snake case (notice the capitalization): `z319`

warning: function `Z326` should have a snake case name
     --> /home/runner/work/Miner/Miner/references/round18-public-579/parse.rs:11661:8
      |
11661 | pub fn Z326(fr: &mut [u32], lens: &mut [u32], f: usize) -> u64 {
      |        ^^^^ help: convert the identifier to snake case (notice the capitalization): `z326`

warning: function `Z399` should have a snake case name
     --> /home/runner/work/Miner/Miner/references/round18-public-579/parse.rs:11672:8
      |
11672 | pub fn Z399(input: &[u8], fr: &mut [u32], hist: &mut [u32; 256], tlit: &mut [u32], t5: &mut [u32]) -> u64 {
      |        ^^^^ help: convert the identifier to snake case (notice the capitalization): `z399`

warning: function `Z355` should have a snake case name
     --> /home/runner/work/Miner/Miner/references/round18-public-579/parse.rs:11698:8
      |
11698 | pub fn Z355(lt: u32, f: u64) -> u32 {
      |        ^^^^ help: convert the identifier to snake case (notice the capitalization): `z355`

warning: function `Z453` should have a snake case name
     --> /home/runner/work/Miner/Miner/references/round18-public-579/parse.rs:11709:8
      |
11709 | pub fn Z453(len: usize) -> u32 {
      |        ^^^^ help: convert the identifier to snake case (notice the capitalization): `z453`

warning: function `Z385` should have a snake case name
     --> /home/runner/work/Miner/Miner/references/round18-public-579/parse.rs:11717:8
      |
11717 | pub fn Z385(fr: &[u32], tbl: &mut [u32], toff: usize) {
      |        ^^^^ help: convert the identifier to snake case (notice the capitalization): `z385`

warning: function `Z321` should have a snake case name
     --> /home/runner/work/Miner/Miner/references/round18-public-579/parse.rs:11739:8
      |
11739 | pub fn Z321(hist: &[u32; 256], n: usize) -> u32 {
      |        ^^^^ help: convert the identifier to snake case (notice the capitalization): `z321`

warning: function `Z360` should have a snake case name
     --> /home/runner/work/Miner/Miner/references/round18-public-579/parse.rs:11753:8
      |
11753 | pub fn Z360(l: usize, d: usize) -> u32 {
      |        ^^^^ help: convert the identifier to snake case (notice the capitalization): `z360`

warning: function `Z359` should have a snake case name
     --> /home/runner/work/Miner/Miner/references/round18-public-579/parse.rs:11761:8
      |
11761 | pub fn Z359(f: usize, l: usize, d: usize) -> u32 {
      |        ^^^^ help: convert the identifier to snake case (notice the capitalization): `z359`

warning: function `Z410` should have a snake case name
     --> /home/runner/work/Miner/Miner/references/round18-public-579/parse.rs:11771:8
      |
11771 | pub fn Z410(mstart: &[u32], mc: &[u32], pos: usize, st: usize, b: usize) -> usize {
      |        ^^^^ help: convert the identifier to snake case (notice the capitalization): `z410`

warning: function `Z389` should have a snake case name
     --> /home/runner/work/Miner/Miner/references/round18-public-579/parse.rs:11781:8
      |
11781 | pub fn Z389(input: &[u8], mstart: &[u32], mc: &[u32], h16: u32, choice: &mut [u32]) {
      |        ^^^^ help: convert the identifier to snake case (notice the capitalization): `z389`

warning: function `Z375` should have a snake case name
     --> /home/runner/work/Miner/Miner/references/round18-public-579/parse.rs:11813:8
      |
11813 | pub fn Z375(tbl: &mut [u32], toff: usize) {
      |        ^^^^ help: convert the identifier to snake case (notice the capitalization): `z375`

warning: function `Z376` should have a snake case name
     --> /home/runner/work/Miner/Miner/references/round18-public-579/parse.rs:11822:8
      |
11822 | pub fn Z376(tbl: &mut [u32], toff: usize, f: usize) {
      |        ^^^^ help: convert the identifier to snake case (notice the capitalization): `z376`

warning: function `Z361` should have a snake case name
     --> /home/runner/work/Miner/Miner/references/round18-public-579/parse.rs:11830:8
      |
11830 | pub fn Z361(fr: &mut [u32], tbl: &mut [u32], nb2: usize, nbmax: usize, damp: u32) -> u64 {
      |        ^^^^ help: convert the identifier to snake case (notice the capitalization): `z361`

warning: function `Z351` should have a snake case name
     --> /home/runner/work/Miner/Miner/references/round18-public-579/parse.rs:11854:8
      |
11854 | pub fn Z351(
      |        ^^^^ help: convert the identifier to snake case (notice the capitalization): `z351`

warning: function `Z454` should have a snake case name
     --> /home/runner/work/Miner/Miner/references/round18-public-579/parse.rs:11881:8
      |
11881 | pub fn Z454(prev: u64, r: u64, n: usize, it1: usize, gk: u64, minp: usize) -> usize {
      |        ^^^^ help: convert the identifier to snake case (notice the capitalization): `z454`

warning: function `Z413` should have a snake case name
     --> /home/runner/work/Miner/Miner/references/round18-public-579/parse.rs:11898:8
      |
11898 | pub fn Z413(prev: u64, n: usize, gk: u64) -> usize {
      |        ^^^^ help: convert the identifier to snake case (notice the capitalization): `z413`

warning: function `Z387` should have a snake case name
     --> /home/runner/work/Miner/Miner/references/round18-public-579/parse.rs:11908:8
      |
11908 | pub fn Z387(mode: usize, 
      |        ^^^^ help: convert the identifier to snake case (notice the capitalization): `z387`

warning: function `Z398` should have a snake case name
     --> /home/runner/work/Miner/Miner/references/round18-public-579/parse.rs:11975:8
      |
11975 | pub fn Z398(bpos: &mut [u32], m: usize) {
      |        ^^^^ help: convert the identifier to snake case (notice the capitalization): `z398`

warning: function `Z414` should have a snake case name
     --> /home/runner/work/Miner/Miner/references/round18-public-579/parse.rs:11984:8
      |
11984 | pub fn Z414(mode: usize, 
      |        ^^^^ help: convert the identifier to snake case (notice the capitalization): `z414`

warning: function `Z336` should have a snake case name
     --> /home/runner/work/Miner/Miner/references/round18-public-579/parse.rs:12331:8
      |
12331 | pub fn Z336(mode: usize, input: &[u8], plan: &mut [u32], gk: u64, i5: usize) {
      |        ^^^^ help: convert the identifier to snake case (notice the capitalization): `z336`

warning: function `Z337` should have a snake case name
     --> /home/runner/work/Miner/Miner/references/round18-public-579/parse.rs:12350:8
      |
12350 | pub fn Z337(mode: usize, input: &[u8], plan: &mut [u32], on: usize, gk: u64, i5: usize) {
      |        ^^^^ help: convert the identifier to snake case (notice the capitalization): `z337`

warning: function `Z380` should have a snake case name
     --> /home/runner/work/Miner/Miner/references/round18-public-579/parse.rs:12412:8
      |
12412 | pub fn Z380(input: &[u8], p: usize) -> usize {
      |        ^^^^ help: convert the identifier to snake case (notice the capitalization): `z380`

warning: function `Z425` should have a snake case name
     --> /home/runner/work/Miner/Miner/references/round18-public-579/parse.rs:12424:8
      |
12424 | pub fn Z425(input: &[u8], ht: &mut [u32; 4096], s: usize, e: usize) -> u64 {
      |        ^^^^ help: convert the identifier to snake case (notice the capitalization): `z425`

warning: function `Z423` should have a snake case name
     --> /home/runner/work/Miner/Miner/references/round18-public-579/parse.rs:12449:8
      |
12449 | pub fn Z423(input: &[u8]) -> u64 {
      |        ^^^^ help: convert the identifier to snake case (notice the capitalization): `z423`

warning: function `Z424` should have a snake case name
     --> /home/runner/work/Miner/Miner/references/round18-public-579/parse.rs:12465:8
      |
12465 | pub fn Z424(input: &[u8], f: usize) -> u64 {
      |        ^^^^ help: convert the identifier to snake case (notice the capitalization): `z424`

warning: function `Z412` should have a snake case name
     --> /home/runner/work/Miner/Miner/references/round18-public-579/parse.rs:12475:8
      |
12475 | pub fn Z412(input: &[u8], h: &mut [u32; 256]) {
      |        ^^^^ help: convert the identifier to snake case (notice the capitalization): `z412`

warning: function `Z397` should have a snake case name
     --> /home/runner/work/Miner/Miner/references/round18-public-579/parse.rs:12490:8
      |
12490 | pub fn Z397(x: u32) -> u64 {
      |        ^^^^ help: convert the identifier to snake case (notice the capitalization): `z397`

warning: function `Z356` should have a snake case name
     --> /home/runner/work/Miner/Miner/references/round18-public-579/parse.rs:12499:8
      |
12499 | pub fn Z356(h: &[u32; 256]) -> usize {
      |        ^^^^ help: convert the identifier to snake case (notice the capitalization): `z356`

warning: function `Z378` should have a snake case name
     --> /home/runner/work/Miner/Miner/references/round18-public-579/parse.rs:12522:8
      |
12522 | pub fn Z378(a: u64, b: u64) -> usize {
      |        ^^^^ help: convert the identifier to snake case (notice the capitalization): `z378`

warning: function `Z340` should have a snake case name
     --> /home/runner/work/Miner/Miner/references/round18-public-579/parse.rs:12536:8
      |
12536 | pub fn Z340(input: &[u8]) -> usize {
      |        ^^^^ help: convert the identifier to snake case (notice the capitalization): `z340`

warning: function `Z334` should have a snake case name
     --> /home/runner/work/Miner/Miner/references/round18-public-579/parse.rs:12578:8
      |
12578 | pub fn Z334(h: &[u32; 256]) -> u64 {
      |        ^^^^ help: convert the identifier to snake case (notice the capitalization): `z334`

warning: function `Z333` should have a snake case name
     --> /home/runner/work/Miner/Miner/references/round18-public-579/parse.rs:12595:8
      |
12595 | pub fn Z333(h: &[u32; 256]) -> u64 {
      |        ^^^^ help: convert the identifier to snake case (notice the capitalization): `z333`

warning: function `Z416` should have a snake case name
     --> /home/runner/work/Miner/Miner/references/round18-public-579/parse.rs:12612:8
      |
12612 | pub fn Z416(input: &[u8], out: &mut [u32], mode: usize) -> usize {
      |        ^^^^ help: convert the identifier to snake case (notice the capitalization): `z416`

warning: variable `Z469` should have a snake case name
     --> /home/runner/work/Miner/Miner/references/round18-public-579/parse.rs:12617:9
      |
12617 |     let Z469 = 0usize;
      |         ^^^^ help: convert the identifier to snake case (notice the capitalization): `z469`

warning: function `Z419` should have a snake case name
     --> /home/runner/work/Miner/Miner/references/round18-public-579/parse.rs:12644:8
      |
12644 | pub fn Z419(freq:&[u32],off:usize,nsym:usize,maxbits:usize,lens:&mut [u32],loff:usize) {
      |        ^^^^ help: convert the identifier to snake case (notice the capitalization): `z419`

warning: function `Z408` should have a snake case name
     --> /home/runner/work/Miner/Miner/references/round18-public-579/parse.rs:12704:8
      |
12704 | pub fn Z408(mode: usize, base: u64) -> u64 {
      |        ^^^^ help: convert the identifier to snake case (notice the capitalization): `z408`

warning: function `Z407` should have a snake case name
     --> /home/runner/work/Miner/Miner/references/round18-public-579/parse.rs:12710:8
      |
12710 | pub fn Z407(mode:usize,damp:u32)->u32 { if mode==6 && damp>0 {2} else {damp} }
      |        ^^^^ help: convert the identifier to snake case (notice the capitalization): `z407`

warning: function `Z362` should have a snake case name
     --> /home/runner/work/Miner/Miner/references/round18-public-579/parse.rs:12713:8
      |
12713 | pub fn Z362(mode: usize, fr: &mut [u32], tbl: &mut [u32], nb: usize, nbmax: usize, damp: u32, ew: u32) -> u64 {
      |        ^^^^ help: convert the identifier to snake case (notice the capitalization): `z362`

warning: function `Z345` should have a snake case name
     --> /home/runner/work/Miner/Miner/references/round18-public-579/parse.rs:12720:8
      |
12720 | pub fn Z345(tbl:&mut [u32],nb:usize,seed:u32, amplitude:u32) {
      |        ^^^^ help: convert the identifier to snake case (notice the capitalization): `z345`

warning: function `Z346` should have a snake case name
     --> /home/runner/work/Miner/Miner/references/round18-public-579/parse.rs:12742:8
      |
12742 | pub fn Z346(
      |        ^^^^ help: convert the identifier to snake case (notice the capitalization): `z346`

warning: function `Z462` should have a snake case name
     --> /home/runner/work/Miner/Miner/references/round18-public-579/parse.rs:12772:8
      |
12772 | pub fn Z462(input:&[u8],out:&mut[u32],mode:usize)->usize{if mode==0 {Z416(input,out,12)}else if mode==1 {Z416(input,out,13)}else ...
      |        ^^^^ help: convert the identifier to snake case (notice the capitalization): `z462`

warning: function `SFblock` should have a snake case name
     --> /home/runner/work/Miner/Miner/references/round18-public-579/parse.rs:12774:8
      |
12774 | pub fn SFblock(fr: &mut [u32], off: usize, lens: &mut [u32]) -> u64 {
      |        ^^^^^^^ help: convert the identifier to snake case (notice the capitalization): `sfblock`

warning: function `SCsymbol` should have a snake case name
     --> /home/runner/work/Miner/Miner/references/round18-public-579/parse.rs:12805:8
      |
12805 | pub fn SCsymbol(lens:&[u32],kind:usize,sc:&mut[u32;320]) {
      |        ^^^^^^^^ help: convert the identifier to snake case (notice the capitalization): `scsymbol`

warning: function `SCtables` should have a snake case name
     --> /home/runner/work/Miner/Miner/references/round18-public-579/parse.rs:12810:8
      |
12810 | pub fn SCtables(fr:&mut[u32],tbl:&mut[u32],nb:usize,cap:usize)->u64 {
      |        ^^^^^^^^ help: convert the identifier to snake case (notice the capitalization): `sctables`

warning: function `SCsum` should have a snake case name
     --> /home/runner/work/Miner/Miner/references/round18-public-579/parse.rs:12814:8
      |
12814 | pub fn SCsum(fr:&mut[u32],nb:usize,cap:usize)->u64 {
      |        ^^^^^ help: convert the identifier to snake case (notice the capitalization): `scsum`

warning: function `SCmatch` should have a snake case name
     --> /home/runner/work/Miner/Miner/references/round18-public-579/parse.rs:12818:8
      |
12818 | pub fn SCmatch(rm:&[u64;4096],ct:&[u32;1024],bend:&[u32;512],mc:&[u32],ms:usize,me:usize,i:usize,end:usize,lit:u64)->u64 {
      |        ^^^^^^^ help: convert the identifier to snake case (notice the capitalization): `scmatch`

warning: function `SCcharge` should have a snake case name
     --> /home/runner/work/Miner/Miner/references/round18-public-579/parse.rs:12827:8
      |
12827 | pub fn SCcharge(c:u64,i:usize,seam:usize,trial:usize)->u64 {if i<seam {if trial%3==1{c.saturating_add(SCLAMBDA as u64)}else if tr...
      |        ^^^^^^^^ help: convert the identifier to snake case (notice the capitalization): `sccharge`

warning: function `SCsolve` should have a snake case name
     --> /home/runner/work/Miner/Miner/references/round18-public-579/parse.rs:12828:8
      |
12828 | pub fn SCsolve(input:&[u8],mstart:&[u32],mc:&[u32],ct:&[u32;1024],bend:&[u32;512],choice:&mut[u32],s:usize,e:usize,seam:usize,co:...
      |        ^^^^^^^ help: convert the identifier to snake case (notice the capitalization): `scsolve`

warning: function `SCextra` should have a snake case name
     --> /home/runner/work/Miner/Miner/references/round18-public-579/parse.rs:12835:8
      |
12835 | pub fn SCextra(input:&[u8],mstart:&[u32],mc:&[u32],tbl:&mut[u32],fr:&mut[u32],bpos:&mut[u32],choice:&mut[u32],plan:&mut[u32],item...
      |        ^^^^^^^ help: convert the identifier to snake case (notice the capitalization): `scextra`

warning: function `SFlen` should have a snake case name
     --> /home/runner/work/Miner/Miner/references/round18-public-579/parse.rs:12860:8
      |
12860 | pub fn SFlen(t:u32)->usize { if t<256 {1} else {(t.wrapping_sub(16777216)%256).wrapping_add(3) as usize} }
      |        ^^^^^ help: convert the identifier to snake case (notice the capitalization): `sflen`

warning: function `SFdist` should have a snake case name
     --> /home/runner/work/Miner/Miner/references/round18-public-579/parse.rs:12863:8
      |
12863 | pub fn SFdist(t:u32)->usize {(t.wrapping_sub(16777216)/256).wrapping_add(1) as usize}
      |        ^^^^^^ help: convert the identifier to snake case (notice the capitalization): `sfdist`

warning: function `SFmt` should have a snake case name
     --> /home/runner/work/Miner/Miner/references/round18-public-579/parse.rs:12866:8
      |
12866 | pub fn SFmt(d:usize,l:usize)->u32 {16777216u32.wrapping_add((d as u32).wrapping_sub(1).wrapping_mul(256)).wrapping_add((l as u32)...
      |        ^^^^ help: convert the identifier to snake case (notice the capitalization): `sfmt`

warning: function `SFhash` should have a snake case name
     --> /home/runner/work/Miner/Miner/references/round18-public-579/parse.rs:12868:8
      |
12868 | pub fn SFhash(input:&[u8],p:usize)->usize {
      |        ^^^^^^ help: convert the identifier to snake case (notice the capitalization): `sfhash`

warning: function `SFprev` should have a snake case name
     --> /home/runner/work/Miner/Miner/references/round18-public-579/parse.rs:12872:8
      |
12872 | pub fn SFprev(input:&[u8])->Vec<u32> {
      |        ^^^^^^ help: convert the identifier to snake case (notice the capitalization): `sfprev`

warning: function `SFpositions` should have a snake case name
     --> /home/runner/work/Miner/Miner/references/round18-public-579/parse.rs:12876:8
      |
12876 | pub fn SFpositions(ts:&[u32])->Vec<u32> {
      |        ^^^^^^^^^^^ help: convert the identifier to snake case (notice the capitalization): `sfpositions`

warning: function `SFcopy` should have a snake case name
     --> /home/runner/work/Miner/Miner/references/round18-public-579/parse.rs:12880:8
      |
12880 | pub fn SFcopy(src:&[u32],a:usize,b:usize,dst:&mut Vec<u32>) {let mut j=a;while j<b {Z430(dst,Z168(src,j));j+=1;}}
      |        ^^^^^^ help: convert the identifier to snake case (notice the capitalization): `sfcopy`

warning: function `SFhist` should have a snake case name
     --> /home/runner/work/Miner/Miner/references/round18-public-579/parse.rs:12881:8
      |
12881 | pub fn SFhist(ts:&[u32],lo:usize,hi:usize,fr:&mut[u32]) {
      |        ^^^^^^ help: convert the identifier to snake case (notice the capitalization): `sfhist`

warning: function `SFcost` should have a snake case name
     --> /home/runner/work/Miner/Miner/references/round18-public-579/parse.rs:12886:8
      |
12886 | pub fn SFcost(ts:&[u32])->u64 {
      |        ^^^^^^ help: convert the identifier to snake case (notice the capitalization): `sfcost`

warning: function `SFtable` should have a snake case name
     --> /home/runner/work/Miner/Miner/references/round18-public-579/parse.rs:12894:8
      |
12894 | pub fn SFtable(ts:&[u32],lo:usize,hi:usize,ct:&mut[u32;1024]) {
      |        ^^^^^^^ help: convert the identifier to snake case (notice the capitalization): `sftable`

warning: function `SForig` should have a snake case name
     --> /home/runner/work/Miner/Miner/references/round18-public-579/parse.rs:12902:8
      |
12902 | pub fn SForig(ts:&[u32],p:&[u32],lo:usize,hi:usize,a:usize,n:usize)->Vec<u32> {
      |        ^^^^^^ help: convert the identifier to snake case (notice the capitalization): `sforig`

warning: function `SFmatchlen` should have a snake case name
     --> /home/runner/work/Miner/Miner/references/round18-public-579/parse.rs:12911:8
      |
12911 | pub fn SFmatchlen(input:&[u8],a:usize,b:usize,cap:usize,known:usize)->usize {
      |        ^^^^^^^^^^ help: convert the identifier to snake case (notice the capitalization): `sfmatchlen`

warning: function `SFsmalladd` should have a snake case name
     --> /home/runner/work/Miner/Miner/references/round18-public-579/parse.rs:12923:8
      |
12923 | pub fn SFsmalladd(best:&mut[u32;8],count:usize,t:u32)->usize {
      |        ^^^^^^^^^^ help: convert the identifier to snake case (notice the capitalization): `sfsmalladd`

warning: function `SFsmallkeep` should have a snake case name
     --> /home/runner/work/Miner/Miner/references/round18-public-579/parse.rs:12930:8
      |
12930 | pub fn SFsmallkeep(best:&[u32;8],count:usize,j:usize,ct:&[u32;1024])->bool {
      |        ^^^^^^^^^^^ help: convert the identifier to snake case (notice the capitalization): `sfsmallkeep`

warning: function `SFknown` should have a snake case name
     --> /home/runner/work/Miner/Miner/references/round18-public-579/parse.rs:12938:8
      |
12938 | pub fn SFknown(ot:u32,d:usize,cap:usize)->usize{if ot==0{0}else if SFdist(ot)==d{Z248(cap,SFlen(ot))}else{0}}
      |        ^^^^^^^ help: convert the identifier to snake case (notice the capitalization): `sfknown`

warning: function `SFlookup` should have a snake case name
     --> /home/runner/work/Miner/Miner/references/round18-public-579/parse.rs:12940:8
      |
12940 | pub fn SFlookup(prev:&[u32],p:usize,ot:u32)->u32{if ot!=0&&SFlen(ot)>=64&&p%4!=0{0}else{Z168(prev,p)}}
      |        ^^^^^^^^ help: convert the identifier to snake case (notice the capitalization): `sflookup`

warning: function `SFsmallmatches` should have a snake case name
     --> /home/runner/work/Miner/Miner/references/round18-public-579/parse.rs:12941:8
      |
12941 | pub fn SFsmallmatches(input:&[u8],prev:&[u32],orig:&[u32],ct:&[u32;1024],a:usize,e:usize,items:&mut Vec<u32>,starts:&mut Vec<u32>) {
      |        ^^^^^^^^^^^^^^ help: convert the identifier to snake case (notice the capitalization): `sfsmallmatches`

warning: function `SFpriced` should have a snake case name
     --> /home/runner/work/Miner/Miner/references/round18-public-579/parse.rs:12951:8
      |
12951 | pub fn SFpriced(c:u32,lambda:usize,before:bool)->u32 {
      |        ^^^^^^^^ help: convert the identifier to snake case (notice the capitalization): `sfpriced`

warning: function `SFsolve` should have a snake case name
     --> /home/runner/work/Miner/Miner/references/round18-public-579/parse.rs:12955:8
      |
12955 | pub fn SFsolve(input:&[u8],a:usize,e:usize,seam:usize,items:&[u32],starts:&[u32],ct:&[u32;1024],lambda:usize)->Vec<u32> {
      |        ^^^^^^^ help: convert the identifier to snake case (notice the capitalization): `sfsolve`

warning: function `SFpatch` should have a snake case name
     --> /home/runner/work/Miner/Miner/references/round18-public-579/parse.rs:12966:8
      |
12966 | pub fn SFpatch(ts:&[u32],lo:usize,hi:usize,ch:&[u32])->Vec<u32> {
      |        ^^^^^^^ help: convert the identifier to snake case (notice the capitalization): `sfpatch`

warning: function `SFplan` should have a snake case name
     --> /home/runner/work/Miner/Miner/references/round18-public-579/parse.rs:12971:8
      |
12971 | pub fn SFplan(ts:&[u32],n:usize)->Vec<u32> {
      |        ^^^^^^ help: convert the identifier to snake case (notice the capitalization): `sfplan`

warning: function `SFshape` should have a snake case name
     --> /home/runner/work/Miner/Miner/references/round18-public-579/parse.rs:12975:8
      |
12975 | pub fn SFshape(input:&[u8],out:&[u32],nt:usize)->Vec<u32> {
      |        ^^^^^^^ help: convert the identifier to snake case (notice the capitalization): `sfshape`

warning: function `SFcache` should have a snake case name
     --> /home/runner/work/Miner/Miner/references/round18-public-579/parse.rs:12991:8
      |
12991 | pub fn SFcache(ts:&[u32])->Vec<u32> {
      |        ^^^^^^^ help: convert the identifier to snake case (notice the capitalization): `sfcache`

warning: function `SFcachedtrial` should have a snake case name
     --> /home/runner/work/Miner/Miner/references/round18-public-579/parse.rs:12997:8
      |
12997 | pub fn SFcachedtrial(ts:&[u32],old:&[u32],cache:&[u32],lo:usize,hi:usize,result:&mut Vec<u32>)->u64 {
      |        ^^^^^^^^^^^^^ help: convert the identifier to snake case (notice the capitalization): `sfcachedtrial`

warning: function `SFdepth` should have a snake case name
     --> /home/runner/work/Miner/Miner/references/round18-public-579/parse.rs:13017:8
      |
13017 | pub fn SFdepth(input:&[u8])->usize{if input.len()==500000{4}else{SFDEPTH}}
      |        ^^^^^^^ help: convert the identifier to snake case (notice the capitalization): `sfdepth`

warning: function `SFenabled` should have a snake case name
     --> /home/runner/work/Miner/Miner/references/round18-public-579/parse.rs:13019:8
      |
13019 | pub fn SFenabled(input:&[u8])->bool {
      |        ^^^^^^^^^ help: convert the identifier to snake case (notice the capitalization): `sfenabled`

warning: function `TBon` should have a snake case name
     --> /home/runner/work/Miner/Miner/references/round18-public-579/parse.rs:13030:8
      |
13030 | pub fn TBon(input:&[u8])->bool {input.len()==28000}
      |        ^^^^ help: convert the identifier to snake case: `tbon`

warning: function `TBpick` should have a snake case name
     --> /home/runner/work/Miner/Miner/references/round18-public-579/parse.rs:13031:8
      |
13031 | pub fn TBpick(input:&[u8],out:&mut[u32],nt:usize)->Vec<u32> {
      |        ^^^^^^ help: convert the identifier to snake case: `tbpick`

warning: function `SFadjust` should have a snake case name
     --> /home/runner/work/Miner/Miner/references/round18-public-579/parse.rs:13040:8
      |
13040 | pub fn SFadjust(bstart:&Vec<u32>,b:usize,n:usize,lit_c:&mut[u32;256],len_c:&mut[u32;256]) {
      |        ^^^^^^^^ help: convert the identifier to snake case (notice the capitalization): `sfadjust`

warning: constant `u118_HB` should have an upper case name
    --> /home/runner/work/Miner/Miner/references/round18-public-583/parse.rs:3558:11
     |
3558 | pub const u118_HB: u32 = 16;
     |           ^^^^^^^ help: convert the identifier to upper case (notice the capitalization): `U118_HB`

warning: constant `u118_HN` should have an upper case name
    --> /home/runner/work/Miner/Miner/references/round18-public-583/parse.rs:3559:11
     |
3559 | pub const u118_HN: usize = 65536;
     |           ^^^^^^^ help: convert the identifier to upper case (notice the capitalization): `U118_HN`

warning: constant `u118_WN` should have an upper case name
    --> /home/runner/work/Miner/Miner/references/round18-public-583/parse.rs:3560:11
     |
3560 | pub const u118_WN: usize = 32768;
     |           ^^^^^^^ help: convert the identifier to upper case (notice the capitalization): `U118_WN`

warning: constant `u118_SMALL` should have an upper case name
    --> /home/runner/work/Miner/Miner/references/round18-public-583/parse.rs:3562:11
     |
3562 | pub const u118_SMALL: usize = 65536;
     |           ^^^^^^^^^^ help: convert the identifier to upper case (notice the capitalization): `U118_SMALL`

warning: constant `u118_HS` should have an upper case name
    --> /home/runner/work/Miner/Miner/references/round18-public-583/parse.rs:3563:11
     |
3563 | pub const u118_HS: usize = 8192;
     |           ^^^^^^^ help: convert the identifier to upper case (notice the capitalization): `U118_HS`

warning: constant `u118_WS` should have an upper case name
    --> /home/runner/work/Miner/Miner/references/round18-public-583/parse.rs:3564:11
     |
3564 | pub const u118_WS: usize = 16384;
     |           ^^^^^^^ help: convert the identifier to upper case (notice the capitalization): `U118_WS`

warning: constant `u118_NICE` should have an upper case name
    --> /home/runner/work/Miner/Miner/references/round18-public-583/parse.rs:3565:11
     |
3565 | pub const u118_NICE: usize = 128;
     |           ^^^^^^^^^ help: convert the identifier to upper case (notice the capitalization): `U118_NICE`

warning: constant `u118_INS_MAX` should have an upper case name
    --> /home/runner/work/Miner/Miner/references/round18-public-583/parse.rs:3566:11
     |
3566 | pub const u118_INS_MAX: usize = 16;
     |           ^^^^^^^^^^^^ help: convert the identifier to upper case (notice the capitalization): `U118_INS_MAX`

warning: constant `u118_TAIL` should have an upper case name
    --> /home/runner/work/Miner/Miner/references/round18-public-583/parse.rs:3567:11
     |
3567 | pub const u118_TAIL: usize = 4;
     |           ^^^^^^^^^ help: convert the identifier to upper case (notice the capitalization): `U118_TAIL`

warning: constant `u118_STRIDE` should have an upper case name
    --> /home/runner/work/Miner/Miner/references/round18-public-583/parse.rs:3570:11
     |
3570 | pub const u118_STRIDE: usize = 4;
     |           ^^^^^^^^^^^ help: convert the identifier to upper case (notice the capitalization): `U118_STRIDE`

warning: constant `u118_BACKTOK` should have an upper case name
    --> /home/runner/work/Miner/Miner/references/round18-public-583/parse.rs:3571:11
     |
3571 | pub const u118_BACKTOK: usize = 16;
     |           ^^^^^^^^^^^^ help: convert the identifier to upper case (notice the capitalization): `U118_BACKTOK`

warning: constant `u118_LDEPTH` should have an upper case name
    --> /home/runner/work/Miner/Miner/references/round18-public-583/parse.rs:3572:11
     |
3572 | pub const u118_LDEPTH: usize = 1;
     |           ^^^^^^^^^^^ help: convert the identifier to upper case (notice the capitalization): `U118_LDEPTH`

warning: constant `u118_SAMPLE` should have an upper case name
    --> /home/runner/work/Miner/Miner/references/round18-public-583/parse.rs:3573:11
     |
3573 | pub const u118_SAMPLE: usize = 2048;
     |           ^^^^^^^^^^^ help: convert the identifier to upper case (notice the capitalization): `U118_SAMPLE`

warning: constant `u118_VERIFY` should have an upper case name
    --> /home/runner/work/Miner/Miner/references/round18-public-583/parse.rs:3574:11
     |
3574 | pub const u118_VERIFY: usize = 0;
     |           ^^^^^^^^^^^ help: convert the identifier to upper case (notice the capitalization): `U118_VERIFY`

warning: constant `u118_LSLACK` should have an upper case name
    --> /home/runner/work/Miner/Miner/references/round18-public-583/parse.rs:3578:11
     |
3578 | pub const u118_LSLACK: usize = 1;
     |           ^^^^^^^^^^^ help: convert the identifier to upper case (notice the capitalization): `U118_LSLACK`

warning: constant `u118_HLIT` should have an upper case name
    --> /home/runner/work/Miner/Miner/references/round18-public-583/parse.rs:3579:11
     |
3579 | pub const u118_HLIT: u32 = 64;
     |           ^^^^^^^^^ help: convert the identifier to upper case (notice the capitalization): `U118_HLIT`

warning: constant `u118_B_HLIT` should have an upper case name
    --> /home/runner/work/Miner/Miner/references/round18-public-583/parse.rs:3581:11
     |
3581 | pub const u118_B_HLIT: u32 = 64;
     |           ^^^^^^^^^^^ help: convert the identifier to upper case (notice the capitalization): `U118_B_HLIT`

warning: constant `u118_GBASE` should have an upper case name
    --> /home/runner/work/Miner/Miner/references/round18-public-583/parse.rs:3582:11
     |
3582 | pub const u118_GBASE: i32 = 168;
     |           ^^^^^^^^^^ help: convert the identifier to upper case (notice the capitalization): `U118_GBASE`

warning: constant `u118_T_DEPTH` should have an upper case name
    --> /home/runner/work/Miner/Miner/references/round18-public-583/parse.rs:3586:11
     |
3586 | pub const u118_T_DEPTH: usize = 4;
     |           ^^^^^^^^^^^^ help: convert the identifier to upper case (notice the capitalization): `U118_T_DEPTH`

warning: constant `u118_T_LAZY` should have an upper case name
    --> /home/runner/work/Miner/Miner/references/round18-public-583/parse.rs:3587:11
     |
3587 | pub const u118_T_LAZY: usize = 128;
     |           ^^^^^^^^^^^ help: convert the identifier to upper case (notice the capitalization): `U118_T_LAZY`

warning: constant `u118_T_SKIP` should have an upper case name
    --> /home/runner/work/Miner/Miner/references/round18-public-583/parse.rs:3588:11
     |
3588 | pub const u118_T_SKIP: usize = 5;
     |           ^^^^^^^^^^^ help: convert the identifier to upper case (notice the capitalization): `U118_T_SKIP`

warning: constant `u118_P_DEPTH` should have an upper case name
    --> /home/runner/work/Miner/Miner/references/round18-public-583/parse.rs:3589:11
     |
3589 | pub const u118_P_DEPTH: usize = 8;
     |           ^^^^^^^^^^^^ help: convert the identifier to upper case (notice the capitalization): `U118_P_DEPTH`

warning: constant `u118_P_LAZY` should have an upper case name
    --> /home/runner/work/Miner/Miner/references/round18-public-583/parse.rs:3590:11
     |
3590 | pub const u118_P_LAZY: usize = 258;
     |           ^^^^^^^^^^^ help: convert the identifier to upper case (notice the capitalization): `U118_P_LAZY`

warning: constant `u118_P_SKIP` should have an upper case name
    --> /home/runner/work/Miner/Miner/references/round18-public-583/parse.rs:3591:11
     |
3591 | pub const u118_P_SKIP: usize = 5;
     |           ^^^^^^^^^^^ help: convert the identifier to upper case (notice the capitalization): `U118_P_SKIP`

warning: constant `u118_H_DEPTH` should have an upper case name
    --> /home/runner/work/Miner/Miner/references/round18-public-583/parse.rs:3592:11
     |
3592 | pub const u118_H_DEPTH: usize = 1;
     |           ^^^^^^^^^^^^ help: convert the identifier to upper case (notice the capitalization): `U118_H_DEPTH`

warning: constant `u118_H_LAZY` should have an upper case name
    --> /home/runner/work/Miner/Miner/references/round18-public-583/parse.rs:3593:11
     |
3593 | pub const u118_H_LAZY: usize = 0;
     |           ^^^^^^^^^^^ help: convert the identifier to upper case (notice the capitalization): `U118_H_LAZY`

warning: constant `u118_H_SKIP` should have an upper case name
    --> /home/runner/work/Miner/Miner/references/round18-public-583/parse.rs:3594:11
     |
3594 | pub const u118_H_SKIP: usize = 2;
     |           ^^^^^^^^^^^ help: convert the identifier to upper case (notice the capitalization): `U118_H_SKIP`

warning: constant `u118_Z_DEPTH` should have an upper case name
    --> /home/runner/work/Miner/Miner/references/round18-public-583/parse.rs:3595:11
     |
3595 | pub const u118_Z_DEPTH: usize = 3;
     |           ^^^^^^^^^^^^ help: convert the identifier to upper case (notice the capitalization): `U118_Z_DEPTH`

warning: constant `u118_Z_SKIP` should have an upper case name
    --> /home/runner/work/Miner/Miner/references/round18-public-583/parse.rs:3596:11
     |
3596 | pub const u118_Z_SKIP: usize = 6;
     |           ^^^^^^^^^^^ help: convert the identifier to upper case (notice the capitalization): `U118_Z_SKIP`

warning: constant `u118_Z_CAP` should have an upper case name
    --> /home/runner/work/Miner/Miner/references/round18-public-583/parse.rs:3597:11
     |
3597 | pub const u118_Z_CAP: usize = 8;
     |           ^^^^^^^^^^ help: convert the identifier to upper case (notice the capitalization): `U118_Z_CAP`

warning: constant `u118_B_DEPTH` should have an upper case name
    --> /home/runner/work/Miner/Miner/references/round18-public-583/parse.rs:3598:11
     |
3598 | pub const u118_B_DEPTH: usize = 4;
     |           ^^^^^^^^^^^^ help: convert the identifier to upper case (notice the capitalization): `U118_B_DEPTH`

warning: constant `u118_B_LAZY` should have an upper case name
    --> /home/runner/work/Miner/Miner/references/round18-public-583/parse.rs:3599:11
     |
3599 | pub const u118_B_LAZY: usize = 258;
     |           ^^^^^^^^^^^ help: convert the identifier to upper case (notice the capitalization): `U118_B_LAZY`

warning: constant `u118_B_SKIP` should have an upper case name
    --> /home/runner/work/Miner/Miner/references/round18-public-583/parse.rs:3600:11
     |
3600 | pub const u118_B_SKIP: usize = 8;
     |           ^^^^^^^^^^^ help: convert the identifier to upper case (notice the capitalization): `U118_B_SKIP`

warning: constant `u118_SDIG` should have an upper case name
    --> /home/runner/work/Miner/Miner/references/round18-public-583/parse.rs:3603:11
     |
3603 | pub const u118_SDIG: u32 = 6;
     |           ^^^^^^^^^ help: convert the identifier to upper case (notice the capitalization): `U118_SDIG`

warning: constant `u118_S_DEPTH` should have an upper case name
    --> /home/runner/work/Miner/Miner/references/round18-public-583/parse.rs:3604:11
     |
3604 | pub const u118_S_DEPTH: usize = 1;
     |           ^^^^^^^^^^^^ help: convert the identifier to upper case (notice the capitalization): `U118_S_DEPTH`

warning: constant `u118_S_LDEPTH` should have an upper case name
    --> /home/runner/work/Miner/Miner/references/round18-public-583/parse.rs:3605:11
     |
3605 | pub const u118_S_LDEPTH: usize = 3;
     |           ^^^^^^^^^^^^^ help: convert the identifier to upper case (notice the capitalization): `U118_S_LDEPTH`

warning: constant `u118_S_LAZY` should have an upper case name
    --> /home/runner/work/Miner/Miner/references/round18-public-583/parse.rs:3606:11
     |
3606 | pub const u118_S_LAZY: usize = 258;
     |           ^^^^^^^^^^^ help: convert the identifier to upper case (notice the capitalization): `U118_S_LAZY`

warning: constant `u118_SKCAP` should have an upper case name
    --> /home/runner/work/Miner/Miner/references/round18-public-583/parse.rs:3608:11
     |
3608 | pub const u118_SKCAP: usize = 1000000;
     |           ^^^^^^^^^^ help: convert the identifier to upper case (notice the capitalization): `U118_SKCAP`

warning: constant `u118_P_NICE` should have an upper case name
    --> /home/runner/work/Miner/Miner/references/round18-public-583/parse.rs:3611:11
     |
3611 | pub const u118_P_NICE: usize = 258;
     |           ^^^^^^^^^^^ help: convert the identifier to upper case (notice the capitalization): `U118_P_NICE`

warning: constant `u118_S_NICE` should have an upper case name
    --> /home/runner/work/Miner/Miner/references/round18-public-583/parse.rs:3612:11
     |
3612 | pub const u118_S_NICE: usize = 258;
     |           ^^^^^^^^^^^ help: convert the identifier to upper case (notice the capitalization): `U118_S_NICE`

warning: constant `u118_H_NICE` should have an upper case name
    --> /home/runner/work/Miner/Miner/references/round18-public-583/parse.rs:3613:11
     |
3613 | pub const u118_H_NICE: usize = 32;
     |           ^^^^^^^^^^^ help: convert the identifier to upper case (notice the capitalization): `U118_H_NICE`

warning: constant `u118_Z_NICE` should have an upper case name
    --> /home/runner/work/Miner/Miner/references/round18-public-583/parse.rs:3614:11
     |
3614 | pub const u118_Z_NICE: usize = 32;
     |           ^^^^^^^^^^^ help: convert the identifier to upper case (notice the capitalization): `U118_Z_NICE`

warning: constant `u118_B_NICE` should have an upper case name
    --> /home/runner/work/Miner/Miner/references/round18-public-583/parse.rs:3615:11
     |
3615 | pub const u118_B_NICE: usize = 258;
     |           ^^^^^^^^^^^ help: convert the identifier to upper case (notice the capitalization): `U118_B_NICE`

warning: constant `u118_P_LDEPTH` should have an upper case name
    --> /home/runner/work/Miner/Miner/references/round18-public-583/parse.rs:3616:11
     |
3616 | pub const u118_P_LDEPTH: usize = 1;
     |           ^^^^^^^^^^^^^ help: convert the identifier to upper case (notice the capitalization): `U118_P_LDEPTH`

warning: constant `u118_H_LDEPTH` should have an upper case name
    --> /home/runner/work/Miner/Miner/references/round18-public-583/parse.rs:3617:11
     |
3617 | pub const u118_H_LDEPTH: usize = 1;
     |           ^^^^^^^^^^^^^ help: convert the identifier to upper case (notice the capitalization): `U118_H_LDEPTH`

warning: constant `u118_B_LDEPTH` should have an upper case name
    --> /home/runner/work/Miner/Miner/references/round18-public-583/parse.rs:3618:11
     |
3618 | pub const u118_B_LDEPTH: usize = 2;
     |           ^^^^^^^^^^^^^ help: convert the identifier to upper case (notice the capitalization): `U118_B_LDEPTH`

warning: constant `u118_P_INS` should have an upper case name
    --> /home/runner/work/Miner/Miner/references/round18-public-583/parse.rs:3619:11
     |
3619 | pub const u118_P_INS: usize = 258;
     |           ^^^^^^^^^^ help: convert the identifier to upper case (notice the capitalization): `U118_P_INS`

warning: constant `u118_S_INS` should have an upper case name
    --> /home/runner/work/Miner/Miner/references/round18-public-583/parse.rs:3620:11
     |
3620 | pub const u118_S_INS: usize = 8;
     |           ^^^^^^^^^^ help: convert the identifier to upper case (notice the capitalization): `U118_S_INS`

warning: constant `u118_B_INS` should have an upper case name
    --> /home/runner/work/Miner/Miner/references/round18-public-583/parse.rs:3621:11
     |
3621 | pub const u118_B_INS: usize = 12;
     |           ^^^^^^^^^^ help: convert the identifier to upper case (notice the capitalization): `U118_B_INS`

warning: constant `u118_H_INS` should have an upper case name
    --> /home/runner/work/Miner/Miner/references/round18-public-583/parse.rs:3622:11
     |
3622 | pub const u118_H_INS: usize = 12;
     |           ^^^^^^^^^^ help: convert the identifier to upper case (notice the capitalization): `U118_H_INS`

warning: constant `u118_P_STRIDE` should have an upper case name
    --> /home/runner/work/Miner/Miner/references/round18-public-583/parse.rs:3623:11
     |
3623 | pub const u118_P_STRIDE: usize = 1;
     |           ^^^^^^^^^^^^^ help: convert the identifier to upper case (notice the capitalization): `U118_P_STRIDE`

warning: constant `u118_S_STRIDE` should have an upper case name
    --> /home/runner/work/Miner/Miner/references/round18-public-583/parse.rs:3624:11
     |
3624 | pub const u118_S_STRIDE: usize = 8;
     |           ^^^^^^^^^^^^^ help: convert the identifier to upper case (notice the capitalization): `U118_S_STRIDE`

warning: constant `u118_B_STRIDE` should have an upper case name
    --> /home/runner/work/Miner/Miner/references/round18-public-583/parse.rs:3625:11
     |
3625 | pub const u118_B_STRIDE: usize = 32;
     |           ^^^^^^^^^^^^^ help: convert the identifier to upper case (notice the capitalization): `U118_B_STRIDE`

warning: constant `u118_LAZY2` should have an upper case name
    --> /home/runner/work/Miner/Miner/references/round18-public-583/parse.rs:3628:11
     |
3628 | pub const u118_LAZY2: usize = 0;
     |           ^^^^^^^^^^ help: convert the identifier to upper case (notice the capitalization): `U118_LAZY2`

warning: constant `u118_L2B` should have an upper case name
    --> /home/runner/work/Miner/Miner/references/round18-public-583/parse.rs:3629:11
     |
3629 | pub const u118_L2B: i32 = 40;
     |           ^^^^^^^^ help: convert the identifier to upper case: `U118_L2_B`

warning: constant `u118_L2DEPTH` should have an upper case name
    --> /home/runner/work/Miner/Miner/references/round18-public-583/parse.rs:3630:11
     |
3630 | pub const u118_L2DEPTH: usize = 1;
     |           ^^^^^^^^^^^^ help: convert the identifier to upper case: `U118_L2_DEPTH`

warning: constant `u118_MAIN_GM` should have an upper case name
    --> /home/runner/work/Miner/Miner/references/round18-public-583/parse.rs:3632:11
     |
3632 | pub const u118_MAIN_GM: usize = 0;
     |           ^^^^^^^^^^^^ help: convert the identifier to upper case (notice the capitalization): `U118_MAIN_GM`

warning: constant `u118_PARTIAL` should have an upper case name
    --> /home/runner/work/Miner/Miner/references/round18-public-583/parse.rs:3636:11
     |
3636 | pub const u118_PARTIAL: usize = 0;
     |           ^^^^^^^^^^^^ help: convert the identifier to upper case (notice the capitalization): `U118_PARTIAL`

warning: constant `u118_PDEPTH` should have an upper case name
    --> /home/runner/work/Miner/Miner/references/round18-public-583/parse.rs:3637:11
     |
3637 | pub const u118_PDEPTH: usize = 8;
     |           ^^^^^^^^^^^ help: convert the identifier to upper case (notice the capitalization): `U118_PDEPTH`

warning: constant `u118_FLAT_ON` should have an upper case name
    --> /home/runner/work/Miner/Miner/references/round18-public-583/parse.rs:3641:11
     |
3641 | pub const u118_FLAT_ON: usize = 1;
     |           ^^^^^^^^^^^^ help: convert the identifier to upper case (notice the capitalization): `U118_FLAT_ON`

warning: constant `u118_FLAT_DIV` should have an upper case name
    --> /home/runner/work/Miner/Miner/references/round18-public-583/parse.rs:3642:11
     |
3642 | pub const u118_FLAT_DIV: u32 = 16;
     |           ^^^^^^^^^^^^^ help: convert the identifier to upper case (notice the capitalization): `U118_FLAT_DIV`

warning: constant `u118_FLAT_SQ` should have an upper case name
    --> /home/runner/work/Miner/Miner/references/round18-public-583/parse.rs:3645:11
     |
3645 | pub const u118_FLAT_SQ: u64 = 256;
     |           ^^^^^^^^^^^^ help: convert the identifier to upper case (notice the capitalization): `U118_FLAT_SQ`

warning: constant `u118_F_DEPTH` should have an upper case name
    --> /home/runner/work/Miner/Miner/references/round18-public-583/parse.rs:3646:11
     |
3646 | pub const u118_F_DEPTH: usize = 8;
     |           ^^^^^^^^^^^^ help: convert the identifier to upper case (notice the capitalization): `U118_F_DEPTH`

warning: constant `u118_F_LAZY` should have an upper case name
    --> /home/runner/work/Miner/Miner/references/round18-public-583/parse.rs:3647:11
     |
3647 | pub const u118_F_LAZY: usize = 0;
     |           ^^^^^^^^^^^ help: convert the identifier to upper case (notice the capitalization): `U118_F_LAZY`

warning: constant `u118_F_LDEPTH` should have an upper case name
    --> /home/runner/work/Miner/Miner/references/round18-public-583/parse.rs:3648:11
     |
3648 | pub const u118_F_LDEPTH: usize = 2;
     |           ^^^^^^^^^^^^^ help: convert the identifier to upper case (notice the capitalization): `U118_F_LDEPTH`

warning: constant `u118_F_SKIP` should have an upper case name
    --> /home/runner/work/Miner/Miner/references/round18-public-583/parse.rs:3649:11
     |
3649 | pub const u118_F_SKIP: usize = 6;
     |           ^^^^^^^^^^^ help: convert the identifier to upper case (notice the capitalization): `U118_F_SKIP`

warning: constant `u118_H_STRIDE` should have an upper case name
    --> /home/runner/work/Miner/Miner/references/round18-public-583/parse.rs:3650:11
     |
3650 | pub const u118_H_STRIDE: usize = 32;
     |           ^^^^^^^^^^^^^ help: convert the identifier to upper case (notice the capitalization): `U118_H_STRIDE`

warning: constant `u118_D_ON` should have an upper case name
    --> /home/runner/work/Miner/Miner/references/round18-public-583/parse.rs:3720:11
     |
3720 | pub const u118_D_ON: usize = 1;
     |           ^^^^^^^^^ help: convert the identifier to upper case (notice the capitalization): `U118_D_ON`

warning: constant `u118_D_KEY` should have an upper case name
    --> /home/runner/work/Miner/Miner/references/round18-public-583/parse.rs:3721:11
     |
3721 | pub const u118_D_KEY: u32 = 8;
     |           ^^^^^^^^^^ help: convert the identifier to upper case (notice the capitalization): `U118_D_KEY`

warning: constant `u118_D_MINL` should have an upper case name
    --> /home/runner/work/Miner/Miner/references/round18-public-583/parse.rs:3722:11
     |
3722 | pub const u118_D_MINL: usize = 9;
     |           ^^^^^^^^^^^ help: convert the identifier to upper case (notice the capitalization): `U118_D_MINL`

warning: constant `u118_D_DEPTH` should have an upper case name
    --> /home/runner/work/Miner/Miner/references/round18-public-583/parse.rs:3723:11
     |
3723 | pub const u118_D_DEPTH: usize = 1;
     |           ^^^^^^^^^^^^ help: convert the identifier to upper case (notice the capitalization): `U118_D_DEPTH`

warning: constant `u118_D_LAZY` should have an upper case name
    --> /home/runner/work/Miner/Miner/references/round18-public-583/parse.rs:3724:11
     |
3724 | pub const u118_D_LAZY: usize = 0;
     |           ^^^^^^^^^^^ help: convert the identifier to upper case (notice the capitalization): `U118_D_LAZY`

warning: constant `u118_D_LDEPTH` should have an upper case name
    --> /home/runner/work/Miner/Miner/references/round18-public-583/parse.rs:3725:11
     |
3725 | pub const u118_D_LDEPTH: usize = 1;
     |           ^^^^^^^^^^^^^ help: convert the identifier to upper case (notice the capitalization): `U118_D_LDEPTH`

warning: constant `u118_D_SKIP` should have an upper case name
    --> /home/runner/work/Miner/Miner/references/round18-public-583/parse.rs:3726:11
     |
3726 | pub const u118_D_SKIP: usize = 8;
     |           ^^^^^^^^^^^ help: convert the identifier to upper case (notice the capitalization): `U118_D_SKIP`

warning: constant `u118_D_GM` should have an upper case name
    --> /home/runner/work/Miner/Miner/references/round18-public-583/parse.rs:3727:11
     |
3727 | pub const u118_D_GM: usize = 0;
     |           ^^^^^^^^^ help: convert the identifier to upper case (notice the capitalization): `U118_D_GM`

warning: constant `u118_O_R_SAMPLE` should have an upper case name
    --> /home/runner/work/Miner/Miner/references/round18-public-583/parse.rs:3767:11
     |
3767 | pub const u118_O_R_SAMPLE: usize = 512;
     |           ^^^^^^^^^^^^^^^ help: convert the identifier to upper case (notice the capitalization): `U118_O_R_SAMPLE`

warning: constant `u118_O_R_TINY` should have an upper case name
    --> /home/runner/work/Miner/Miner/references/round18-public-583/parse.rs:3769:11
     |
3769 | pub const u118_O_R_TINY: usize = 0;
     |           ^^^^^^^^^^^^^ help: convert the identifier to upper case (notice the capitalization): `U118_O_R_TINY`

warning: constant `u118_O_A_HSR` should have an upper case name
    --> /home/runner/work/Miner/Miner/references/round18-public-583/parse.rs:3834:11
     |
3834 | pub const u118_O_A_HSR: u64 = 48;
     |           ^^^^^^^^^^^^ help: convert the identifier to upper case (notice the capitalization): `U118_O_A_HSR`

warning: constant `u118_O_A_HM4` should have an upper case name
    --> /home/runner/work/Miner/Miner/references/round18-public-583/parse.rs:3835:11
     |
3835 | pub const u118_O_A_HM4: u64 = 0x7F4A7C1500000000;
     |           ^^^^^^^^^^^^ help: convert the identifier to upper case (notice the capitalization): `U118_O_A_HM4`

warning: constant `u118_O_A_MM4` should have an upper case name
    --> /home/runner/work/Miner/Miner/references/round18-public-583/parse.rs:3836:11
     |
3836 | pub const u118_O_A_MM4: u64 = 4294967295;
     |           ^^^^^^^^^^^^ help: convert the identifier to upper case (notice the capitalization): `U118_O_A_MM4`

warning: constant `u118_O_A_IH` should have an upper case name
    --> /home/runner/work/Miner/Miner/references/round18-public-583/parse.rs:3837:11
     |
3837 | pub const u118_O_A_IH: [usize; 8] = [2, 3, 8, 10, 8, 8, 12, 10];
     |           ^^^^^^^^^^^ help: convert the identifier to upper case (notice the capitalization): `U118_O_A_IH`

warning: constant `u118_O_A_IT` should have an upper case name
    --> /home/runner/work/Miner/Miner/references/round18-public-583/parse.rs:3838:11
     |
3838 | pub const u118_O_A_IT: [usize; 8] = [12, 12, 32, 256, 32, 32, 64, 256];
     |           ^^^^^^^^^^^ help: convert the identifier to upper case (notice the capitalization): `U118_O_A_IT`

warning: constant `u118_O_A_TS` should have an upper case name
    --> /home/runner/work/Miner/Miner/references/round18-public-583/parse.rs:3839:11
     |
3839 | pub const u118_O_A_TS: [usize; 8] = [12, 12, 8, 8, 8, 8, 8, 8];
     |           ^^^^^^^^^^^ help: convert the identifier to upper case (notice the capitalization): `U118_O_A_TS`

warning: constant `u118_O_A_TL` should have an upper case name
    --> /home/runner/work/Miner/Miner/references/round18-public-583/parse.rs:3840:11
     |
3840 | pub const u118_O_A_TL: usize = 0;
     |           ^^^^^^^^^^^ help: convert the identifier to upper case (notice the capitalization): `U118_O_A_TL`

warning: constant `u118_O_A_ACC` should have an upper case name
    --> /home/runner/work/Miner/Miner/references/round18-public-583/parse.rs:3841:11
     |
3841 | pub const u118_O_A_ACC: [u64; 8] = [4, 4, 4, 5, 4, 4, 5, 5];
     |           ^^^^^^^^^^^^ help: convert the identifier to upper case (notice the capitalization): `U118_O_A_ACC`

warning: constant `u118_O_A_AMAX` should have an upper case name
    --> /home/runner/work/Miner/Miner/references/round18-public-583/parse.rs:3842:11
     |
3842 | pub const u118_O_A_AMAX: usize = 64;
     |           ^^^^^^^^^^^^^ help: convert the identifier to upper case (notice the capitalization): `U118_O_A_AMAX`

warning: constant `u118_O_A_MINL` should have an upper case name
    --> /home/runner/work/Miner/Miner/references/round18-public-583/parse.rs:3843:11
     |
3843 | pub const u118_O_A_MINL: usize = 4;
     |           ^^^^^^^^^^^^^ help: convert the identifier to upper case (notice the capitalization): `U118_O_A_MINL`

warning: constant `u118_O_A_BEXT` should have an upper case name
    --> /home/runner/work/Miner/Miner/references/round18-public-583/parse.rs:3844:11
     |
3844 | pub const u118_O_A_BEXT: usize = 0;
     |           ^^^^^^^^^^^^^ help: convert the identifier to upper case (notice the capitalization): `U118_O_A_BEXT`

warning: constant `u118_O_A_BK` should have an upper case name
    --> /home/runner/work/Miner/Miner/references/round18-public-583/parse.rs:3845:11
     |
3845 | pub const u118_O_A_BK: usize = 64;
     |           ^^^^^^^^^^^ help: convert the identifier to upper case (notice the capitalization): `U118_O_A_BK`

warning: constant `u118_O_A_LZT` should have an upper case name
    --> /home/runner/work/Miner/Miner/references/round18-public-583/parse.rs:3846:11
     |
3846 | pub const u118_O_A_LZT: [usize; 8] = [0, 0, 0, 16, 8, 16, 16, 32];
     |           ^^^^^^^^^^^^ help: convert the identifier to upper case (notice the capitalization): `U118_O_A_LZT`

warning: constant `u118_O_A_LZM` should have an upper case name
    --> /home/runner/work/Miner/Miner/references/round18-public-583/parse.rs:3847:11
     |
3847 | pub const u118_O_A_LZM: usize = 2;
     |           ^^^^^^^^^^^^ help: convert the identifier to upper case (notice the capitalization): `U118_O_A_LZM`

warning: constant `u118_O_A_LZN` should have an upper case name
    --> /home/runner/work/Miner/Miner/references/round18-public-583/parse.rs:3848:11
     |
3848 | pub const u118_O_A_LZN: usize = 1;
     |           ^^^^^^^^^^^^ help: convert the identifier to upper case (notice the capitalization): `U118_O_A_LZN`

warning: constant `u118_O_A_SCL` should have an upper case name
    --> /home/runner/work/Miner/Miner/references/round18-public-583/parse.rs:3849:11
     |
3849 | pub const u118_O_A_SCL: usize = 0;
     |           ^^^^^^^^^^^^ help: convert the identifier to upper case (notice the capitalization): `U118_O_A_SCL`

warning: constant `u118_O_A_SLQ` should have an upper case name
    --> /home/runner/work/Miner/Miner/references/round18-public-583/parse.rs:3850:11
     |
3850 | pub const u118_O_A_SLQ: usize = 28;
     |           ^^^^^^^^^^^^ help: convert the identifier to upper case (notice the capitalization): `U118_O_A_SLQ`

warning: constant `u118_O_A_SC0` should have an upper case name
    --> /home/runner/work/Miner/Miner/references/round18-public-583/parse.rs:3851:11
     |
3851 | pub const u118_O_A_SC0: usize = 44;
     |           ^^^^^^^^^^^^ help: convert the identifier to upper case (notice the capitalization): `U118_O_A_SC0`

warning: constant `u118_O_A_SMODE` should have an upper case name
    --> /home/runner/work/Miner/Miner/references/round18-public-583/parse.rs:3852:11
     |
3852 | pub const u118_O_A_SMODE: usize = 1;
     |           ^^^^^^^^^^^^^^ help: convert the identifier to upper case (notice the capitalization): `U118_O_A_SMODE`

warning: constant `u118_O_A_GEN` should have an upper case name
    --> /home/runner/work/Miner/Miner/references/round18-public-583/parse.rs:3853:11
     |
3853 | pub const u118_O_A_GEN: usize = 0;
     |           ^^^^^^^^^^^^ help: convert the identifier to upper case (notice the capitalization): `U118_O_A_GEN`

warning: constant `u118_O_A_GTHR` should have an upper case name
    --> /home/runner/work/Miner/Miner/references/round18-public-583/parse.rs:3854:11
     |
3854 | pub const u118_O_A_GTHR: usize = 900;
     |           ^^^^^^^^^^^^^ help: convert the identifier to upper case (notice the capitalization): `U118_O_A_GTHR`

warning: constant `u118_O_A_HLZT` should have an upper case name
    --> /home/runner/work/Miner/Miner/references/round18-public-583/parse.rs:3855:11
     |
3855 | pub const u118_O_A_HLZT: usize = 0;
     |           ^^^^^^^^^^^^^ help: convert the identifier to upper case (notice the capitalization): `U118_O_A_HLZT`

warning: constant `u118_O_A_H3M` should have an upper case name
    --> /home/runner/work/Miner/Miner/references/round18-public-583/parse.rs:3856:11
     |
3856 | pub const u118_O_A_H3M: usize = 1;
     |           ^^^^^^^^^^^^ help: convert the identifier to upper case: `U118_O_A_H3_M`

warning: constant `u118_O_A_MAX3` should have an upper case name
    --> /home/runner/work/Miner/Miner/references/round18-public-583/parse.rs:3857:11
     |
3857 | pub const u118_O_A_MAX3: usize = 16384;
     |           ^^^^^^^^^^^^^ help: convert the identifier to upper case (notice the capitalization): `U118_O_A_MAX3`

warning: constant `u118_O_A_GMINL2` should have an upper case name
    --> /home/runner/work/Miner/Miner/references/round18-public-583/parse.rs:3858:11
     |
3858 | pub const u118_O_A_GMINL2: usize = 1000;
     |           ^^^^^^^^^^^^^^^ help: convert the identifier to upper case (notice the capitalization): `U118_O_A_GMINL2`

warning: constant `u118_O_A_CTLLO` should have an upper case name
    --> /home/runner/work/Miner/Miner/references/round18-public-583/parse.rs:3859:11
     |
3859 | pub const u118_O_A_CTLLO: usize = 100;
     |           ^^^^^^^^^^^^^^ help: convert the identifier to upper case (notice the capitalization): `U118_O_A_CTLLO`

warning: constant `u118_O_A_CTLHI` should have an upper case name
    --> /home/runner/work/Miner/Miner/references/round18-public-583/parse.rs:3860:11
     |
3860 | pub const u118_O_A_CTLHI: usize = 900;
     |           ^^^^^^^^^^^^^^ help: convert the identifier to upper case (notice the capitalization): `U118_O_A_CTLHI`

warning: constant `u118_O_A_HIMAX` should have an upper case name
    --> /home/runner/work/Miner/Miner/references/round18-public-583/parse.rs:3861:11
     |
3861 | pub const u118_O_A_HIMAX: usize = 300;
     |           ^^^^^^^^^^^^^^ help: convert the identifier to upper case (notice the capitalization): `U118_O_A_HIMAX`

warning: constant `u118_O_A_LZK` should have an upper case name
    --> /home/runner/work/Miner/Miner/references/round18-public-583/parse.rs:3862:11
     |
3862 | pub const u118_O_A_LZK: usize = 0;
     |           ^^^^^^^^^^^^ help: convert the identifier to upper case (notice the capitalization): `U118_O_A_LZK`

warning: constant `u118_O_A_SW2` should have an upper case name
    --> /home/runner/work/Miner/Miner/references/round18-public-583/parse.rs:3863:11
     |
3863 | pub const u118_O_A_SW2: usize = 0;
     |           ^^^^^^^^^^^^ help: convert the identifier to upper case (notice the capitalization): `U118_O_A_SW2`

warning: constant `u118_O_A_FL_DNA_THR` should have an upper case name
    --> /home/runner/work/Miner/Miner/references/round18-public-583/parse.rs:4030:11
     |
4030 | pub const u118_O_A_FL_DNA_THR: u32 = 64;
     |           ^^^^^^^^^^^^^^^^^^^ help: convert the identifier to upper case (notice the capitalization): `U118_O_A_FL_DNA_THR`

warning: constant `u118_O_A_FL_DNA_DEPTH` should have an upper case name
    --> /home/runner/work/Miner/Miner/references/round18-public-583/parse.rs:4031:11
     |
4031 | pub const u118_O_A_FL_DNA_DEPTH: usize = 64;
     |           ^^^^^^^^^^^^^^^^^^^^^ help: convert the identifier to upper case (notice the capitalization): `U118_O_A_FL_DNA_DEPTH`

warning: constant `u118_O_A_FL_DNA_M0` should have an upper case name
    --> /home/runner/work/Miner/Miner/references/round18-public-583/parse.rs:4032:11
     |
4032 | pub const u118_O_A_FL_DNA_M0: usize = 12;
     |           ^^^^^^^^^^^^^^^^^^ help: convert the identifier to upper case (notice the capitalization): `U118_O_A_FL_DNA_M0`

warning: constant `u118_O_A_FL_CMAX` should have an upper case name
    --> /home/runner/work/Miner/Miner/references/round18-public-583/parse.rs:4033:11
     |
4033 | pub const u118_O_A_FL_CMAX: u32 = 192;
     |           ^^^^^^^^^^^^^^^^ help: convert the identifier to upper case (notice the capitalization): `U118_O_A_FL_CMAX`

warning: constant `u118_O_A_FL_LOGF` should have an upper case name
    --> /home/runner/work/Miner/Miner/references/round18-public-583/parse.rs:4035:11
     |
4035 | pub const u118_O_A_FL_LOGF: [u32; 16] = [0, 1, 3, 4, 5, 6, 7, 8, 9, 10, 11, 12, 13, 14, 15, 15];
     |           ^^^^^^^^^^^^^^^^ help: convert the identifier to upper case (notice the capitalization): `U118_O_A_FL_LOGF`

warning: constant `u118_O_A_SMALLN` should have an upper case name
    --> /home/runner/work/Miner/Miner/references/round18-public-583/parse.rs:4137:11
     |
4137 | pub const u118_O_A_SMALLN: usize = 65536;
     |           ^^^^^^^^^^^^^^^ help: convert the identifier to upper case (notice the capitalization): `U118_O_A_SMALLN`

warning: constant `u118_O_A_FT_DEPTH` should have an upper case name
    --> /home/runner/work/Miner/Miner/references/round18-public-583/parse.rs:4138:11
     |
4138 | pub const u118_O_A_FT_DEPTH: usize = 4;
     |           ^^^^^^^^^^^^^^^^^ help: convert the identifier to upper case (notice the capitalization): `U118_O_A_FT_DEPTH`

warning: constant `u118_O_A_FT_DEPTH2` should have an upper case name
    --> /home/runner/work/Miner/Miner/references/round18-public-583/parse.rs:4139:11
     |
4139 | pub const u118_O_A_FT_DEPTH2: usize = 1;
     |           ^^^^^^^^^^^^^^^^^^ help: convert the identifier to upper case (notice the capitalization): `U118_O_A_FT_DEPTH2`

warning: constant `u118_O_A_FT_LAZY` should have an upper case name
    --> /home/runner/work/Miner/Miner/references/round18-public-583/parse.rs:4140:11
     |
4140 | pub const u118_O_A_FT_LAZY: usize = 259;
     |           ^^^^^^^^^^^^^^^^ help: convert the identifier to upper case (notice the capitalization): `U118_O_A_FT_LAZY`

warning: constant `u118_O_A_FT_NICE` should have an upper case name
    --> /home/runner/work/Miner/Miner/references/round18-public-583/parse.rs:4141:11
     |
4141 | pub const u118_O_A_FT_NICE: usize = 258;
     |           ^^^^^^^^^^^^^^^^ help: convert the identifier to upper case (notice the capitalization): `U118_O_A_FT_NICE`

warning: constant `u118_O_A_FT_IH` should have an upper case name
    --> /home/runner/work/Miner/Miner/references/round18-public-583/parse.rs:4142:11
     |
4142 | pub const u118_O_A_FT_IH: usize = 8;
     |           ^^^^^^^^^^^^^^ help: convert the identifier to upper case (notice the capitalization): `U118_O_A_FT_IH`

warning: constant `u118_O_A_FT_IT` should have an upper case name
    --> /home/runner/work/Miner/Miner/references/round18-public-583/parse.rs:4143:11
     |
4143 | pub const u118_O_A_FT_IT: usize = 8;
     |           ^^^^^^^^^^^^^^ help: convert the identifier to upper case (notice the capitalization): `U118_O_A_FT_IT`

warning: constant `u118_O_A_FT_ACC` should have an upper case name
    --> /home/runner/work/Miner/Miner/references/round18-public-583/parse.rs:4144:11
     |
4144 | pub const u118_O_A_FT_ACC: usize = 63;
     |           ^^^^^^^^^^^^^^^ help: convert the identifier to upper case (notice the capitalization): `U118_O_A_FT_ACC`

warning: constant `u118_O_A_FL_GOOD` should have an upper case name
    --> /home/runner/work/Miner/Miner/references/round18-public-583/parse.rs:4145:11
     |
4145 | pub const u118_O_A_FL_GOOD: usize = 8;
     |           ^^^^^^^^^^^^^^^^ help: convert the identifier to upper case (notice the capitalization): `U118_O_A_FL_GOOD`

warning: constant `u118_O_A_FL_LITQ` should have an upper case name
    --> /home/runner/work/Miner/Miner/references/round18-public-583/parse.rs:4146:11
     |
4146 | pub const u118_O_A_FL_LITQ: usize = 32;
     |           ^^^^^^^^^^^^^^^^ help: convert the identifier to upper case (notice the capitalization): `U118_O_A_FL_LITQ`

warning: constant `u118_O_A_FL_LADJ` should have an upper case name
    --> /home/runner/work/Miner/Miner/references/round18-public-583/parse.rs:4147:11
     |
4147 | pub const u118_O_A_FL_LADJ: usize = 4;
     |           ^^^^^^^^^^^^^^^^ help: convert the identifier to upper case (notice the capitalization): `U118_O_A_FL_LADJ`

warning: constant `u118_O_A_FL_HLOW` should have an upper case name
    --> /home/runner/work/Miner/Miner/references/round18-public-583/parse.rs:4148:11
     |
4148 | pub const u118_O_A_FL_HLOW: usize = 900;
     |           ^^^^^^^^^^^^^^^^ help: convert the identifier to upper case (notice the capitalization): `U118_O_A_FL_HLOW`

warning: constant `u118_O_A_FL_C0Q` should have an upper case name
    --> /home/runner/work/Miner/Miner/references/round18-public-583/parse.rs:4149:11
     |
4149 | pub const u118_O_A_FL_C0Q: usize = 44;
     |           ^^^^^^^^^^^^^^^ help: convert the identifier to upper case: `U118_O_A_FL_C0_Q`

warning: constant `u118_O_A_SH_L` should have an upper case name
    --> /home/runner/work/Miner/Miner/references/round18-public-583/parse.rs:4216:11
     |
4216 | pub const u118_O_A_SH_L: [u32; 8] = [128; 8];
     |           ^^^^^^^^^^^^^ help: convert the identifier to upper case (notice the capitalization): `U118_O_A_SH_L`

warning: constant `u118_O_A_SH_D` should have an upper case name
    --> /home/runner/work/Miner/Miner/references/round18-public-583/parse.rs:4217:11
     |
4217 | pub const u118_O_A_SH_D: [u32; 8] = [16; 8];
     |           ^^^^^^^^^^^^^ help: convert the identifier to upper case (notice the capitalization): `U118_O_A_SH_D`

warning: constant `u118_O_A_SH_BUDGET` should have an upper case name
    --> /home/runner/work/Miner/Miner/references/round18-public-583/parse.rs:4218:11
     |
4218 | pub const u118_O_A_SH_BUDGET: [usize; 8] = [96; 8];
     |           ^^^^^^^^^^^^^^^^^^ help: convert the identifier to upper case (notice the capitalization): `U118_O_A_SH_BUDGET`

warning: constant `u118_O_A_SH_DM` should have an upper case name
    --> /home/runner/work/Miner/Miner/references/round18-public-583/parse.rs:4219:11
     |
4219 | pub const u118_O_A_SH_DM: [u32; 8] = [16; 8];
     |           ^^^^^^^^^^^^^^ help: convert the identifier to upper case (notice the capitalization): `U118_O_A_SH_DM`

warning: constant `u118_O_A_HM3` should have an upper case name
    --> /home/runner/work/Miner/Miner/references/round18-public-583/parse.rs:4262:11
     |
4262 | pub const u118_O_A_HM3: u64 = 0x4A7C150000000000;
     |           ^^^^^^^^^^^^ help: convert the identifier to upper case (notice the capitalization): `U118_O_A_HM3`

warning: constant `u118_O_A_MINL3` should have an upper case name
    --> /home/runner/work/Miner/Miner/references/round18-public-583/parse.rs:4263:11
     |
4263 | pub const u118_O_A_MINL3: usize = 3;
     |           ^^^^^^^^^^^^^^ help: convert the identifier to upper case (notice the capitalization): `U118_O_A_MINL3`

warning: constant `u118_O_A_MM3` should have an upper case name
    --> /home/runner/work/Miner/Miner/references/round18-public-583/parse.rs:4264:11
     |
4264 | pub const u118_O_A_MM3: u64 = 16777215;
     |           ^^^^^^^^^^^^ help: convert the identifier to upper case (notice the capitalization): `U118_O_A_MM3`

warning: constant `u118_Y_R_SAMPLE` should have an upper case name
    --> /home/runner/work/Miner/Miner/references/round18-public-583/parse.rs:4412:11
     |
4412 | pub const u118_Y_R_SAMPLE: usize = 65536;
     |           ^^^^^^^^^^^^^^^ help: convert the identifier to upper case (notice the capitalization): `U118_Y_R_SAMPLE`

warning: constant `u118_Y_R_TINY` should have an upper case name
    --> /home/runner/work/Miner/Miner/references/round18-public-583/parse.rs:4414:11
     |
4414 | pub const u118_Y_R_TINY: usize = 0;
     |           ^^^^^^^^^^^^^ help: convert the identifier to upper case (notice the capitalization): `U118_Y_R_TINY`

warning: constant `u118_Y_A_IH` should have an upper case name
    --> /home/runner/work/Miner/Miner/references/round18-public-583/parse.rs:4472:11
     |
4472 | pub const u118_Y_A_IH: [usize; 8] = [8, 10, 10, 10, 10, 10, 10, 10];
     |           ^^^^^^^^^^^ help: convert the identifier to upper case (notice the capitalization): `U118_Y_A_IH`

warning: constant `u118_Y_A_IT` should have an upper case name
    --> /home/runner/work/Miner/Miner/references/round18-public-583/parse.rs:4473:11
     |
4473 | pub const u118_Y_A_IT: [usize; 8] = [32, 256, 256, 256, 256, 256, 256, 256];
     |           ^^^^^^^^^^^ help: convert the identifier to upper case (notice the capitalization): `U118_Y_A_IT`

warning: constant `u118_Y_A_TS` should have an upper case name
    --> /home/runner/work/Miner/Miner/references/round18-public-583/parse.rs:4474:11
     |
4474 | pub const u118_Y_A_TS: [usize; 8] = [8, 8, 8, 8, 8, 8, 8, 8];
     |           ^^^^^^^^^^^ help: convert the identifier to upper case (notice the capitalization): `U118_Y_A_TS`

warning: constant `u118_Y_A_ACC` should have an upper case name
    --> /home/runner/work/Miner/Miner/references/round18-public-583/parse.rs:4475:11
     |
4475 | pub const u118_Y_A_ACC: [u64; 8] = [4, 5, 5, 5, 5, 5, 5, 5];
     |           ^^^^^^^^^^^^ help: convert the identifier to upper case (notice the capitalization): `U118_Y_A_ACC`

warning: constant `u118_Y_A_LZT` should have an upper case name
    --> /home/runner/work/Miner/Miner/references/round18-public-583/parse.rs:4476:11
     |
4476 | pub const u118_Y_A_LZT: [usize; 8] = [0, 16, 32, 32, 32, 32, 32, 32];
     |           ^^^^^^^^^^^^ help: convert the identifier to upper case (notice the capitalization): `U118_Y_A_LZT`

warning: constant `u118_Y_B_LEX_BITS` should have an upper case name
    --> /home/runner/work/Miner/Miner/references/round18-public-583/parse.rs:4956:11
     |
4956 | pub const u118_Y_B_LEX_BITS: [u8; 512] = [0, 0, 0, 0, 0, 0, 0, 0, 0, 0, 0, 1, 1, 1, 1, 1, 1, 1, 1, 2, 2, 2, 2, 2, 2, 2, 2, 2, 2, 2...
     |           ^^^^^^^^^^^^^^^^^ help: convert the identifier to upper case (notice the capitalization): `U118_Y_B_LEX_BITS`

warning: constant `u118_Y_B_DEPTH` should have an upper case name
    --> /home/runner/work/Miner/Miner/references/round18-public-583/parse.rs:4958:11
     |
4958 | pub const u118_Y_B_DEPTH: [usize; 8] = [8, 2, 4, 4, 4, 4, 4, 4];
     |           ^^^^^^^^^^^^^^ help: convert the identifier to upper case (notice the capitalization): `U118_Y_B_DEPTH`

warning: constant `u118_Y_B_DEPTH2` should have an upper case name
    --> /home/runner/work/Miner/Miner/references/round18-public-583/parse.rs:4959:11
     |
4959 | pub const u118_Y_B_DEPTH2: [usize; 8] = [2, 1, 1, 1, 1, 1, 1, 1];
     |           ^^^^^^^^^^^^^^^ help: convert the identifier to upper case (notice the capitalization): `U118_Y_B_DEPTH2`

warning: constant `u118_Y_B_GOOD` should have an upper case name
    --> /home/runner/work/Miner/Miner/references/round18-public-583/parse.rs:4960:11
     |
4960 | pub const u118_Y_B_GOOD: usize = 3;
     |           ^^^^^^^^^^^^^ help: convert the identifier to upper case (notice the capitalization): `U118_Y_B_GOOD`

warning: constant `u118_Y_B_LAZY` should have an upper case name
    --> /home/runner/work/Miner/Miner/references/round18-public-583/parse.rs:4961:11
     |
4961 | pub const u118_Y_B_LAZY: [usize; 8] = [544, 544, 1056, 544, 544, 544, 544, 544];
     |           ^^^^^^^^^^^^^ help: convert the identifier to upper case (notice the capitalization): `U118_Y_B_LAZY`

warning: constant `u118_Y_B_NICE` should have an upper case name
    --> /home/runner/work/Miner/Miner/references/round18-public-583/parse.rs:4962:11
     |
4962 | pub const u118_Y_B_NICE: usize = 258;
     |           ^^^^^^^^^^^^^ help: convert the identifier to upper case (notice the capitalization): `U118_Y_B_NICE`

warning: constant `u118_Y_B_IH` should have an upper case name
    --> /home/runner/work/Miner/Miner/references/round18-public-583/parse.rs:4963:11
     |
4963 | pub const u118_Y_B_IH: usize = 258;
     |           ^^^^^^^^^^^ help: convert the identifier to upper case (notice the capitalization): `U118_Y_B_IH`

warning: constant `u118_Y_B_IT` should have an upper case name
    --> /home/runner/work/Miner/Miner/references/round18-public-583/parse.rs:4964:11
     |
4964 | pub const u118_Y_B_IT: usize = 64;
     |           ^^^^^^^^^^^ help: convert the identifier to upper case (notice the capitalization): `U118_Y_B_IT`

warning: constant `u118_Y_B_ACC` should have an upper case name
    --> /home/runner/work/Miner/Miner/references/round18-public-583/parse.rs:4965:11
     |
4965 | pub const u118_Y_B_ACC: [u64; 8] = [5, 5, 5, 5, 5, 5, 5, 5];
     |           ^^^^^^^^^^^^ help: convert the identifier to upper case (notice the capitalization): `U118_Y_B_ACC`

warning: constant `u118_Y_B_STEPMAX` should have an upper case name
    --> /home/runner/work/Miner/Miner/references/round18-public-583/parse.rs:4966:11
     |
4966 | pub const u118_Y_B_STEPMAX: [usize; 8] = [32, 32, 32, 32, 32, 32, 32, 32];
     |           ^^^^^^^^^^^^^^^^ help: convert the identifier to upper case (notice the capitalization): `U118_Y_B_STEPMAX`

warning: constant `u118_Y_B_LITQ` should have an upper case name
    --> /home/runner/work/Miner/Miner/references/round18-public-583/parse.rs:4967:11
     |
4967 | pub const u118_Y_B_LITQ: [usize; 8] = [28, 28, 28, 28, 28, 28, 28, 28];
     |           ^^^^^^^^^^^^^ help: convert the identifier to upper case (notice the capitalization): `U118_Y_B_LITQ`

warning: constant `u118_Y_B_LADJ` should have an upper case name
    --> /home/runner/work/Miner/Miner/references/round18-public-583/parse.rs:4968:11
     |
4968 | pub const u118_Y_B_LADJ: [usize; 8] = [2, 2, 2, 2, 2, 2, 2, 2];
     |           ^^^^^^^^^^^^^ help: convert the identifier to upper case (notice the capitalization): `U118_Y_B_LADJ`

warning: constant `u118_Y_B_HLOW` should have an upper case name
    --> /home/runner/work/Miner/Miner/references/round18-public-583/parse.rs:4969:11
     |
4969 | pub const u118_Y_B_HLOW: [usize; 8] = [900, 900, 900, 900, 900, 900, 900, 900];
     |           ^^^^^^^^^^^^^ help: convert the identifier to upper case (notice the capitalization): `U118_Y_B_HLOW`

warning: constant `u118_Y_B_HSL` should have an upper case name
    --> /home/runner/work/Miner/Miner/references/round18-public-583/parse.rs:4970:11
     |
4970 | pub const u118_Y_B_HSL: [u32; 8] = [0, 0, 0, 0, 0, 0, 0, 0];
     |           ^^^^^^^^^^^^ help: convert the identifier to upper case (notice the capitalization): `U118_Y_B_HSL`

warning: constant `u118_Y_B_ELO` should have an upper case name
    --> /home/runner/work/Miner/Miner/references/round18-public-583/parse.rs:4971:11
     |
4971 | pub const u118_Y_B_ELO: [usize; 8] = [400, 400, 400, 400, 400, 400, 400, 400];
     |           ^^^^^^^^^^^^ help: convert the identifier to upper case (notice the capitalization): `U118_Y_B_ELO`

warning: constant `u118_Y_B_H3HI` should have an upper case name
    --> /home/runner/work/Miner/Miner/references/round18-public-583/parse.rs:4972:11
     |
4972 | pub const u118_Y_B_H3HI: [usize; 8] = [100, 100, 100, 100, 100, 100, 100, 100];
     |           ^^^^^^^^^^^^^ help: convert the identifier to upper case: `U118_Y_B_H3_HI`

warning: constant `u118_Y_B_H3CTL` should have an upper case name
    --> /home/runner/work/Miner/Miner/references/round18-public-583/parse.rs:4973:11
     |
4973 | pub const u118_Y_B_H3CTL: [usize; 8] = [100, 100, 100, 100, 100, 100, 100, 100];
     |           ^^^^^^^^^^^^^^ help: convert the identifier to upper case: `U118_Y_B_H3_CTL`

warning: constant `u118_Y_B_H3E` should have an upper case name
    --> /home/runner/work/Miner/Miner/references/round18-public-583/parse.rs:4974:11
     |
4974 | pub const u118_Y_B_H3E: [usize; 8] = [1700, 1700, 1700, 1700, 1700, 1700, 1700, 1700];
     |           ^^^^^^^^^^^^ help: convert the identifier to upper case: `U118_Y_B_H3_E`

warning: constant `u118_Y_B_ACCL` should have an upper case name
    --> /home/runner/work/Miner/Miner/references/round18-public-583/parse.rs:4975:11
     |
4975 | pub const u118_Y_B_ACCL: [u64; 8] = [63, 63, 63, 63, 63, 63, 63, 63];
     |           ^^^^^^^^^^^^^ help: convert the identifier to upper case (notice the capitalization): `U118_Y_B_ACCL`

warning: constant `u118_Y_B_H3` should have an upper case name
    --> /home/runner/work/Miner/Miner/references/round18-public-583/parse.rs:4976:11
     |
4976 | pub const u118_Y_B_H3: [usize; 8] = [0; 8];
     |           ^^^^^^^^^^^ help: convert the identifier to upper case (notice the capitalization): `U118_Y_B_H3`

warning: constant `u118_Y_B_MAX3` should have an upper case name
    --> /home/runner/work/Miner/Miner/references/round18-public-583/parse.rs:4977:11
     |
4977 | pub const u118_Y_B_MAX3: usize = 4096;
     |           ^^^^^^^^^^^^^ help: convert the identifier to upper case (notice the capitalization): `U118_Y_B_MAX3`

warning: constant `u118_Y_B_H3INS` should have an upper case name
    --> /home/runner/work/Miner/Miner/references/round18-public-583/parse.rs:4978:11
     |
4978 | pub const u118_Y_B_H3INS: usize = 1;
     |           ^^^^^^^^^^^^^^ help: convert the identifier to upper case: `U118_Y_B_H3_INS`

warning: constant `u118_Y_B_C0Q` should have an upper case name
    --> /home/runner/work/Miner/Miner/references/round18-public-583/parse.rs:4979:11
     |
4979 | pub const u118_Y_B_C0Q: [usize; 8] = [44, 44, 44, 44, 44, 44, 44, 44];
     |           ^^^^^^^^^^^^ help: convert the identifier to upper case: `U118_Y_B_C0_Q`

warning: constant `u118_Y_B_C0L` should have an upper case name
    --> /home/runner/work/Miner/Miner/references/round18-public-583/parse.rs:4980:11
     |
4980 | pub const u118_Y_B_C0L: [usize; 8] = [44, 44, 44, 44, 44, 44, 44, 44];
     |           ^^^^^^^^^^^^ help: convert the identifier to upper case: `U118_Y_B_C0_L`

warning: constant `u118_Y_B_DEPTHL` should have an upper case name
    --> /home/runner/work/Miner/Miner/references/round18-public-583/parse.rs:4981:11
     |
4981 | pub const u118_Y_B_DEPTHL: [usize; 8] = [12, 12, 12, 12, 12, 12, 12, 12];
     |           ^^^^^^^^^^^^^^^ help: convert the identifier to upper case (notice the capitalization): `U118_Y_B_DEPTHL`

warning: constant `u118_Y_B_M3` should have an upper case name
    --> /home/runner/work/Miner/Miner/references/round18-public-583/parse.rs:4982:11
     |
4982 | pub const u118_Y_B_M3: [usize; 8] = [0, 0, 0, 0, 0, 0, 0, 0];
     |           ^^^^^^^^^^^ help: convert the identifier to upper case (notice the capitalization): `U118_Y_B_M3`

warning: constant `u118_Y_B_DEPTH3M` should have an upper case name
    --> /home/runner/work/Miner/Miner/references/round18-public-583/parse.rs:4983:11
     |
4983 | pub const u118_Y_B_DEPTH3M: [usize; 8] = [12, 12, 12, 12, 12, 12, 12, 12];
     |           ^^^^^^^^^^^^^^^^ help: convert the identifier to upper case: `U118_Y_B_DEPTH3_M`

warning: constant `u118_Y_B_M3E` should have an upper case name
    --> /home/runner/work/Miner/Miner/references/round18-public-583/parse.rs:4984:11
     |
4984 | pub const u118_Y_B_M3E: [usize; 8] = [1900, 1900, 1900, 1900, 1900, 1900, 1900, 1900];
     |           ^^^^^^^^^^^^ help: convert the identifier to upper case: `U118_Y_B_M3_E`

warning: constant `u118_Y_B_M3Z` should have an upper case name
    --> /home/runner/work/Miner/Miner/references/round18-public-583/parse.rs:4985:11
     |
4985 | pub const u118_Y_B_M3Z: [usize; 8] = [15, 15, 15, 15, 15, 15, 15, 15];
     |           ^^^^^^^^^^^^ help: convert the identifier to upper case: `U118_Y_B_M3_Z`

warning: constant `u118_Y_B_LZB` should have an upper case name
    --> /home/runner/work/Miner/Miner/references/round18-public-583/parse.rs:4986:11
     |
4986 | pub const u118_Y_B_LZB: usize = 0;
     |           ^^^^^^^^^^^^ help: convert the identifier to upper case (notice the capitalization): `U118_Y_B_LZB`

warning: constant `u118_Y_B_BONUS` should have an upper case name
    --> /home/runner/work/Miner/Miner/references/round18-public-583/parse.rs:4987:11
     |
4987 | pub const u118_Y_B_BONUS: usize = 0;
     |           ^^^^^^^^^^^^^^ help: convert the identifier to upper case (notice the capitalization): `U118_Y_B_BONUS`

warning: constant `u118_Y_B_EXT` should have an upper case name
    --> /home/runner/work/Miner/Miner/references/round18-public-583/parse.rs:4988:11
     |
4988 | pub const u118_Y_B_EXT: usize = 1;
     |           ^^^^^^^^^^^^ help: convert the identifier to upper case (notice the capitalization): `U118_Y_B_EXT`

warning: constant `u118_Y_B_DIGN` should have an upper case name
    --> /home/runner/work/Miner/Miner/references/round18-public-583/parse.rs:4989:11
     |
4989 | pub const u118_Y_B_DIGN: [usize; 8] = [200, 200, 200, 200, 200, 200, 200, 200];
     |           ^^^^^^^^^^^^^ help: convert the identifier to upper case (notice the capitalization): `U118_Y_B_DIGN`

warning: constant `u118_Y_B_DN` should have an upper case name
    --> /home/runner/work/Miner/Miner/references/round18-public-583/parse.rs:4990:11
     |
4990 | pub const u118_Y_B_DN: [usize; 8] = [4, 2, 4, 4, 4, 4, 4, 4];
     |           ^^^^^^^^^^^ help: convert the identifier to upper case (notice the capitalization): `U118_Y_B_DN`

warning: constant `u118_Y_B_P2N` should have an upper case name
    --> /home/runner/work/Miner/Miner/references/round18-public-583/parse.rs:4991:11
     |
4991 | pub const u118_Y_B_P2N: [usize; 8] = [2, 2, 2, 2, 2, 2, 2, 2];
     |           ^^^^^^^^^^^^ help: convert the identifier to upper case: `U118_Y_B_P2_N`

warning: constant `u118_Y_B_LQN` should have an upper case name
    --> /home/runner/work/Miner/Miner/references/round18-public-583/parse.rs:4992:11
     |
4992 | pub const u118_Y_B_LQN: [usize; 8] = [20, 20, 20, 20, 20, 20, 20, 20];
     |           ^^^^^^^^^^^^ help: convert the identifier to upper case (notice the capitalization): `U118_Y_B_LQN`

warning: constant `u118_Y_B_NBIG` should have an upper case name
    --> /home/runner/work/Miner/Miner/references/round18-public-583/parse.rs:4993:11
     |
4993 | pub const u118_Y_B_NBIG: [usize; 8] = [65536, 65536, 65536, 65536, 65536, 65536, 65536, 65536];
     |           ^^^^^^^^^^^^^ help: convert the identifier to upper case (notice the capitalization): `U118_Y_B_NBIG`

warning: constant `u118_Y_B_GOODL` should have an upper case name
    --> /home/runner/work/Miner/Miner/references/round18-public-583/parse.rs:4994:11
     |
4994 | pub const u118_Y_B_GOODL: usize = 258;
     |           ^^^^^^^^^^^^^^ help: convert the identifier to upper case (notice the capitalization): `U118_Y_B_GOODL`

warning: constant `u118_Y_B_P2G` should have an upper case name
    --> /home/runner/work/Miner/Miner/references/round18-public-583/parse.rs:4995:11
     |
4995 | pub const u118_Y_B_P2G: usize = 2;
     |           ^^^^^^^^^^^^ help: convert the identifier to upper case: `U118_Y_B_P2_G`

warning: constant `u118_Y_B_NSMALL` should have an upper case name
    --> /home/runner/work/Miner/Miner/references/round18-public-583/parse.rs:4996:11
     |
4996 | pub const u118_Y_B_NSMALL: [usize; 8] = [65536, 65536, 65536, 65536, 65536, 65536, 65536, 65536];
     |           ^^^^^^^^^^^^^^^ help: convert the identifier to upper case (notice the capitalization): `U118_Y_B_NSMALL`

warning: constant `u118_Y_B_BIAS` should have an upper case name
    --> /home/runner/work/Miner/Miner/references/round18-public-583/parse.rs:4997:11
     |
4997 | pub const u118_Y_B_BIAS: usize = 4096;
     |           ^^^^^^^^^^^^^ help: convert the identifier to upper case (notice the capitalization): `U118_Y_B_BIAS`

warning: constant `u118_Y_B_SUFFIX_DEPTH` should have an upper case name
    --> /home/runner/work/Miner/Miner/references/round18-public-583/parse.rs:5167:11
     |
5167 | pub const u118_Y_B_SUFFIX_DEPTH: usize = 6;
     |           ^^^^^^^^^^^^^^^^^^^^^ help: convert the identifier to upper case (notice the capitalization): `U118_Y_B_SUFFIX_DEPTH`

warning: constant `u118_Y_B_BACK_LIMIT` should have an upper case name
    --> /home/runner/work/Miner/Miner/references/round18-public-583/parse.rs:5227:11
     |
5227 | pub const u118_Y_B_BACK_LIMIT: usize = 2;
     |           ^^^^^^^^^^^^^^^^^^^ help: convert the identifier to upper case (notice the capitalization): `U118_Y_B_BACK_LIMIT`

warning: constant `u118_Y_B_BACK_MATCH` should have an upper case name
    --> /home/runner/work/Miner/Miner/references/round18-public-583/parse.rs:5228:11
     |
5228 | pub const u118_Y_B_BACK_MATCH: usize = 1;
     |           ^^^^^^^^^^^^^^^^^^^ help: convert the identifier to upper case (notice the capitalization): `U118_Y_B_BACK_MATCH`

warning: constant `u118_Y_B_FL_PMIN` should have an upper case name
    --> /home/runner/work/Miner/Miner/references/round18-public-583/parse.rs:5262:11
     |
5262 | pub const u118_Y_B_FL_PMIN: [usize; 8] = [65536, 65536, 65536, 65536, 65536, 65536, 65536, 65536];
     |           ^^^^^^^^^^^^^^^^ help: convert the identifier to upper case (notice the capitalization): `U118_Y_B_FL_PMIN`

warning: constant `u118_Y_B_FL_PNC` should have an upper case name
    --> /home/runner/work/Miner/Miner/references/round18-public-583/parse.rs:5263:11
     |
5263 | pub const u118_Y_B_FL_PNC: [usize; 8] = [16, 16, 16, 16, 16, 16, 16, 16];
     |           ^^^^^^^^^^^^^^^ help: convert the identifier to upper case (notice the capitalization): `U118_Y_B_FL_PNC`

warning: constant `u118_Y_B_FL_PCH` should have an upper case name
    --> /home/runner/work/Miner/Miner/references/round18-public-583/parse.rs:5264:11
     |
5264 | pub const u118_Y_B_FL_PCH: usize = 256;
     |           ^^^^^^^^^^^^^^^ help: convert the identifier to upper case (notice the capitalization): `U118_Y_B_FL_PCH`

warning: constant `u118_Y_B_FL_RLE_TOP` should have an upper case name
    --> /home/runner/work/Miner/Miner/references/round18-public-583/parse.rs:5265:11
     |
5265 | pub const u118_Y_B_FL_RLE_TOP: [usize; 8] = [192, 192, 192, 192, 192, 192, 192, 192];
     |           ^^^^^^^^^^^^^^^^^^^ help: convert the identifier to upper case (notice the capitalization): `U118_Y_B_FL_RLE_TOP`

warning: constant `u118_Y_B_FL_DNA_THR` should have an upper case name
    --> /home/runner/work/Miner/Miner/references/round18-public-583/parse.rs:5266:11
     |
5266 | pub const u118_Y_B_FL_DNA_THR: u32 = 64;
     |           ^^^^^^^^^^^^^^^^^^^ help: convert the identifier to upper case (notice the capitalization): `U118_Y_B_FL_DNA_THR`

warning: constant `u118_Y_B_FL_DNA_DEPTH` should have an upper case name
    --> /home/runner/work/Miner/Miner/references/round18-public-583/parse.rs:5267:11
     |
5267 | pub const u118_Y_B_FL_DNA_DEPTH: usize = 64;
     |           ^^^^^^^^^^^^^^^^^^^^^ help: convert the identifier to upper case (notice the capitalization): `U118_Y_B_FL_DNA_DEPTH`

warning: constant `u118_Y_B_FL_DNA_M0` should have an upper case name
    --> /home/runner/work/Miner/Miner/references/round18-public-583/parse.rs:5268:11
     |
5268 | pub const u118_Y_B_FL_DNA_M0: usize = 12;
     |           ^^^^^^^^^^^^^^^^^^ help: convert the identifier to upper case (notice the capitalization): `U118_Y_B_FL_DNA_M0`

warning: constant `u118_Y_B_FL_CMAX` should have an upper case name
    --> /home/runner/work/Miner/Miner/references/round18-public-583/parse.rs:5269:11
     |
5269 | pub const u118_Y_B_FL_CMAX: u32 = 192;
     |           ^^^^^^^^^^^^^^^^ help: convert the identifier to upper case (notice the capitalization): `U118_Y_B_FL_CMAX`

warning: constant `u118_Y_B_FL_HIGH` should have an upper case name
    --> /home/runner/work/Miner/Miner/references/round18-public-583/parse.rs:5270:11
     |
5270 | pub const u118_Y_B_FL_HIGH: [usize; 8] = [104, 104, 104, 104, 104, 104, 104, 104];
     |           ^^^^^^^^^^^^^^^^ help: convert the identifier to upper case (notice the capitalization): `U118_Y_B_FL_HIGH`

warning: constant `u118_Y_B_FL_DBZ` should have an upper case name
    --> /home/runner/work/Miner/Miner/references/round18-public-583/parse.rs:5271:11
     |
5271 | pub const u118_Y_B_FL_DBZ: [usize; 8] = [8, 8, 8, 8, 8, 8, 8, 8];
     |           ^^^^^^^^^^^^^^^ help: convert the identifier to upper case (notice the capitalization): `U118_Y_B_FL_DBZ`

warning: constant `u118_Y_B_FL_DBNP` should have an upper case name
    --> /home/runner/work/Miner/Miner/references/round18-public-583/parse.rs:5272:11
     |
5272 | pub const u118_Y_B_FL_DBNP: [usize; 8] = [110, 110, 110, 110, 110, 110, 110, 110];
     |           ^^^^^^^^^^^^^^^^ help: convert the identifier to upper case (notice the capitalization): `U118_Y_B_FL_DBNP`

warning: constant `u118_Y_B_FL_USE_T` should have an upper case name
    --> /home/runner/work/Miner/Miner/references/round18-public-583/parse.rs:5273:11
     |
5273 | pub const u118_Y_B_FL_USE_T: [usize; 8] = [1, 1, 1, 1, 1, 1, 1, 1];
     |           ^^^^^^^^^^^^^^^^^ help: convert the identifier to upper case (notice the capitalization): `U118_Y_B_FL_USE_T`

warning: constant `u118_Y_B_FL_USE_D` should have an upper case name
    --> /home/runner/work/Miner/Miner/references/round18-public-583/parse.rs:5274:11
     |
5274 | pub const u118_Y_B_FL_USE_D: [usize; 8] = [0, 0, 0, 0, 0, 0, 0, 0];
     |           ^^^^^^^^^^^^^^^^^ help: convert the identifier to upper case (notice the capitalization): `U118_Y_B_FL_USE_D`

warning: constant `u118_Y_B_FL_USE_H` should have an upper case name
    --> /home/runner/work/Miner/Miner/references/round18-public-583/parse.rs:5275:11
     |
5275 | pub const u118_Y_B_FL_USE_H: [usize; 8] = [0, 0, 0, 0, 0, 0, 0, 0];
     |           ^^^^^^^^^^^^^^^^^ help: convert the identifier to upper case (notice the capitalization): `U118_Y_B_FL_USE_H`

warning: constant `u118_Y_B_FL_USE_LIT` should have an upper case name
    --> /home/runner/work/Miner/Miner/references/round18-public-583/parse.rs:5276:11
     |
5276 | pub const u118_Y_B_FL_USE_LIT: [usize; 8] = [1, 1, 1, 1, 1, 1, 1, 1];
     |           ^^^^^^^^^^^^^^^^^^^ help: convert the identifier to upper case (notice the capitalization): `U118_Y_B_FL_USE_LIT`

warning: constant `u118_Y_B_FT_DEPTH` should have an upper case name
    --> /home/runner/work/Miner/Miner/references/round18-public-583/parse.rs:5278:11
     |
5278 | pub const u118_Y_B_FT_DEPTH: [usize; 8] = [16, 16, 16, 16, 16, 16, 16, 16];
     |           ^^^^^^^^^^^^^^^^^ help: convert the identifier to upper case (notice the capitalization): `U118_Y_B_FT_DEPTH`

warning: constant `u118_Y_B_FT_DEPTH2` should have an upper case name
    --> /home/runner/work/Miner/Miner/references/round18-public-583/parse.rs:5279:11
     |
5279 | pub const u118_Y_B_FT_DEPTH2: [usize; 8] = [2, 2, 2, 2, 2, 2, 2, 2];
     |           ^^^^^^^^^^^^^^^^^^ help: convert the identifier to upper case (notice the capitalization): `U118_Y_B_FT_DEPTH2`

warning: constant `u118_Y_B_FT_LAZY` should have an upper case name
    --> /home/runner/work/Miner/Miner/references/round18-public-583/parse.rs:5280:11
     |
5280 | pub const u118_Y_B_FT_LAZY: [usize; 8] = [259, 259, 259, 259, 259, 259, 259, 259];
     |           ^^^^^^^^^^^^^^^^ help: convert the identifier to upper case (notice the capitalization): `U118_Y_B_FT_LAZY`

warning: constant `u118_Y_B_FT_NICE` should have an upper case name
    --> /home/runner/work/Miner/Miner/references/round18-public-583/parse.rs:5281:11
     |
5281 | pub const u118_Y_B_FT_NICE: [usize; 8] = [258, 258, 258, 258, 258, 258, 258, 258];
     |           ^^^^^^^^^^^^^^^^ help: convert the identifier to upper case (notice the capitalization): `U118_Y_B_FT_NICE`

warning: constant `u118_Y_B_FT_IH` should have an upper case name
    --> /home/runner/work/Miner/Miner/references/round18-public-583/parse.rs:5282:11
     |
5282 | pub const u118_Y_B_FT_IH: [usize; 8] = [64, 64, 64, 64, 64, 64, 64, 64];
     |           ^^^^^^^^^^^^^^ help: convert the identifier to upper case (notice the capitalization): `U118_Y_B_FT_IH`

warning: constant `u118_Y_B_FT_IT` should have an upper case name
    --> /home/runner/work/Miner/Miner/references/round18-public-583/parse.rs:5283:11
     |
5283 | pub const u118_Y_B_FT_IT: [usize; 8] = [16, 16, 16, 16, 16, 16, 16, 16];
     |           ^^^^^^^^^^^^^^ help: convert the identifier to upper case (notice the capitalization): `U118_Y_B_FT_IT`

warning: constant `u118_Y_B_FT_ACC` should have an upper case name
    --> /home/runner/work/Miner/Miner/references/round18-public-583/parse.rs:5284:11
     |
5284 | pub const u118_Y_B_FT_ACC: [usize; 8] = [63, 63, 63, 63, 63, 63, 63, 63];
     |           ^^^^^^^^^^^^^^^ help: convert the identifier to upper case (notice the capitalization): `U118_Y_B_FT_ACC`

warning: constant `u118_Y_B_FD_DEPTH` should have an upper case name
    --> /home/runner/work/Miner/Miner/references/round18-public-583/parse.rs:5285:11
     |
5285 | pub const u118_Y_B_FD_DEPTH: [usize; 8] = [12, 12, 12, 12, 12, 12, 12, 12];
     |           ^^^^^^^^^^^^^^^^^ help: convert the identifier to upper case (notice the capitalization): `U118_Y_B_FD_DEPTH`

warning: constant `u118_Y_B_FD_DEPTH2` should have an upper case name
    --> /home/runner/work/Miner/Miner/references/round18-public-583/parse.rs:5286:11
     |
5286 | pub const u118_Y_B_FD_DEPTH2: [usize; 8] = [2, 2, 2, 2, 2, 2, 2, 2];
     |           ^^^^^^^^^^^^^^^^^^ help: convert the identifier to upper case (notice the capitalization): `U118_Y_B_FD_DEPTH2`

warning: constant `u118_Y_B_FD_LAZY` should have an upper case name
    --> /home/runner/work/Miner/Miner/references/round18-public-583/parse.rs:5287:11
     |
5287 | pub const u118_Y_B_FD_LAZY: [usize; 8] = [259, 259, 259, 259, 259, 259, 259, 259];
     |           ^^^^^^^^^^^^^^^^ help: convert the identifier to upper case (notice the capitalization): `U118_Y_B_FD_LAZY`

warning: constant `u118_Y_B_FD_NICE` should have an upper case name
    --> /home/runner/work/Miner/Miner/references/round18-public-583/parse.rs:5288:11
     |
5288 | pub const u118_Y_B_FD_NICE: [usize; 8] = [258, 258, 258, 258, 258, 258, 258, 258];
     |           ^^^^^^^^^^^^^^^^ help: convert the identifier to upper case (notice the capitalization): `U118_Y_B_FD_NICE`

warning: constant `u118_Y_B_FD_IH` should have an upper case name
    --> /home/runner/work/Miner/Miner/references/round18-public-583/parse.rs:5289:11
     |
5289 | pub const u118_Y_B_FD_IH: [usize; 8] = [64, 64, 64, 64, 64, 64, 64, 64];
     |           ^^^^^^^^^^^^^^ help: convert the identifier to upper case (notice the capitalization): `U118_Y_B_FD_IH`

warning: constant `u118_Y_B_FD_IT` should have an upper case name
    --> /home/runner/work/Miner/Miner/references/round18-public-583/parse.rs:5290:11
     |
5290 | pub const u118_Y_B_FD_IT: [usize; 8] = [16, 16, 16, 16, 16, 16, 16, 16];
     |           ^^^^^^^^^^^^^^ help: convert the identifier to upper case (notice the capitalization): `U118_Y_B_FD_IT`

warning: constant `u118_Y_B_FD_ACC` should have an upper case name
    --> /home/runner/work/Miner/Miner/references/round18-public-583/parse.rs:5291:11
     |
5291 | pub const u118_Y_B_FD_ACC: [usize; 8] = [63, 63, 63, 63, 63, 63, 63, 63];
     |           ^^^^^^^^^^^^^^^ help: convert the identifier to upper case (notice the capitalization): `U118_Y_B_FD_ACC`

warning: constant `u118_Y_B_FH_DEPTH` should have an upper case name
    --> /home/runner/work/Miner/Miner/references/round18-public-583/parse.rs:5292:11
     |
5292 | pub const u118_Y_B_FH_DEPTH: [usize; 8] = [6, 6, 6, 6, 6, 6, 6, 6];
     |           ^^^^^^^^^^^^^^^^^ help: convert the identifier to upper case (notice the capitalization): `U118_Y_B_FH_DEPTH`

warning: constant `u118_Y_B_FH_DEPTH2` should have an upper case name
    --> /home/runner/work/Miner/Miner/references/round18-public-583/parse.rs:5293:11
     |
5293 | pub const u118_Y_B_FH_DEPTH2: [usize; 8] = [2, 2, 2, 2, 2, 2, 2, 2];
     |           ^^^^^^^^^^^^^^^^^^ help: convert the identifier to upper case (notice the capitalization): `U118_Y_B_FH_DEPTH2`

warning: constant `u118_Y_B_FH_LAZY` should have an upper case name
    --> /home/runner/work/Miner/Miner/references/round18-public-583/parse.rs:5294:11
     |
5294 | pub const u118_Y_B_FH_LAZY: [usize; 8] = [32, 32, 32, 32, 32, 32, 32, 32];
     |           ^^^^^^^^^^^^^^^^ help: convert the identifier to upper case (notice the capitalization): `U118_Y_B_FH_LAZY`

warning: constant `u118_Y_B_FH_NICE` should have an upper case name
    --> /home/runner/work/Miner/Miner/references/round18-public-583/parse.rs:5295:11
     |
5295 | pub const u118_Y_B_FH_NICE: [usize; 8] = [64, 64, 64, 64, 64, 64, 64, 64];
     |           ^^^^^^^^^^^^^^^^ help: convert the identifier to upper case (notice the capitalization): `U118_Y_B_FH_NICE`

warning: constant `u118_Y_B_FH_IH` should have an upper case name
    --> /home/runner/work/Miner/Miner/references/round18-public-583/parse.rs:5296:11
     |
5296 | pub const u118_Y_B_FH_IH: [usize; 8] = [64, 64, 64, 64, 64, 64, 64, 64];
     |           ^^^^^^^^^^^^^^ help: convert the identifier to upper case (notice the capitalization): `U118_Y_B_FH_IH`

warning: constant `u118_Y_B_FH_IT` should have an upper case name
    --> /home/runner/work/Miner/Miner/references/round18-public-583/parse.rs:5297:11
     |
5297 | pub const u118_Y_B_FH_IT: [usize; 8] = [16, 16, 16, 16, 16, 16, 16, 16];
     |           ^^^^^^^^^^^^^^ help: convert the identifier to upper case (notice the capitalization): `U118_Y_B_FH_IT`

warning: constant `u118_Y_B_FH_ACC` should have an upper case name
    --> /home/runner/work/Miner/Miner/references/round18-public-583/parse.rs:5298:11
     |
5298 | pub const u118_Y_B_FH_ACC: [usize; 8] = [7, 7, 7, 7, 7, 7, 7, 7];
     |           ^^^^^^^^^^^^^^^ help: convert the identifier to upper case (notice the capitalization): `U118_Y_B_FH_ACC`

warning: constant `u118_Y_B_FL_GOOD` should have an upper case name
    --> /home/runner/work/Miner/Miner/references/round18-public-583/parse.rs:5299:11
     |
5299 | pub const u118_Y_B_FL_GOOD: usize = 8;
     |           ^^^^^^^^^^^^^^^^ help: convert the identifier to upper case (notice the capitalization): `U118_Y_B_FL_GOOD`

warning: constant `u118_Y_B_FL_LITQ` should have an upper case name
    --> /home/runner/work/Miner/Miner/references/round18-public-583/parse.rs:5300:11
     |
5300 | pub const u118_Y_B_FL_LITQ: [usize; 8] = [32, 32, 32, 32, 32, 32, 32, 32];
     |           ^^^^^^^^^^^^^^^^ help: convert the identifier to upper case (notice the capitalization): `U118_Y_B_FL_LITQ`

warning: constant `u118_Y_B_FL_LADJ` should have an upper case name
    --> /home/runner/work/Miner/Miner/references/round18-public-583/parse.rs:5301:11
     |
5301 | pub const u118_Y_B_FL_LADJ: [usize; 8] = [4, 4, 4, 4, 4, 4, 4, 4];
     |           ^^^^^^^^^^^^^^^^ help: convert the identifier to upper case (notice the capitalization): `U118_Y_B_FL_LADJ`

warning: constant `u118_Y_B_FL_HLOW` should have an upper case name
    --> /home/runner/work/Miner/Miner/references/round18-public-583/parse.rs:5302:11
     |
5302 | pub const u118_Y_B_FL_HLOW: [usize; 8] = [900, 900, 900, 900, 900, 900, 900, 900];
     |           ^^^^^^^^^^^^^^^^ help: convert the identifier to upper case (notice the capitalization): `U118_Y_B_FL_HLOW`

warning: constant `u118_Y_B_FL_C0Q` should have an upper case name
    --> /home/runner/work/Miner/Miner/references/round18-public-583/parse.rs:5303:11
     |
5303 | pub const u118_Y_B_FL_C0Q: usize = 44;
     |           ^^^^^^^^^^^^^^^ help: convert the identifier to upper case: `U118_Y_B_FL_C0_Q`

warning: constant `u118_Y_B_FL_LOGF` should have an upper case name
    --> /home/runner/work/Miner/Miner/references/round18-public-583/parse.rs:5357:11
     |
5357 | pub const u118_Y_B_FL_LOGF: [u32; 16] = [0, 1, 3, 4, 5, 6, 7, 8, 9, 10, 11, 12, 13, 14, 15, 15];
     |           ^^^^^^^^^^^^^^^^ help: convert the identifier to upper case (notice the capitalization): `U118_Y_B_FL_LOGF`

warning: constant `u118_FX0_HB` should have an upper case name
    --> /home/runner/work/Miner/Miner/references/round18-public-583/parse.rs:5648:11
     |
5648 | pub const u118_FX0_HB: u32 = 15;
     |           ^^^^^^^^^^^ help: convert the identifier to upper case (notice the capitalization): `U118_FX0_HB`

warning: constant `u118_FX0_HN` should have an upper case name
    --> /home/runner/work/Miner/Miner/references/round18-public-583/parse.rs:5649:11
     |
5649 | pub const u118_FX0_HN: usize = 32768;
     |           ^^^^^^^^^^^ help: convert the identifier to upper case (notice the capitalization): `U118_FX0_HN`

warning: constant `u118_FX0_WN` should have an upper case name
    --> /home/runner/work/Miner/Miner/references/round18-public-583/parse.rs:5650:11
     |
5650 | pub const u118_FX0_WN: usize = 32768;
     |           ^^^^^^^^^^^ help: convert the identifier to upper case (notice the capitalization): `U118_FX0_WN`

warning: constant `u118_FX0_SMALL` should have an upper case name
    --> /home/runner/work/Miner/Miner/references/round18-public-583/parse.rs:5652:11
     |
5652 | pub const u118_FX0_SMALL: usize = 65536;
     |           ^^^^^^^^^^^^^^ help: convert the identifier to upper case (notice the capitalization): `U118_FX0_SMALL`

warning: constant `u118_FX0_HS` should have an upper case name
    --> /home/runner/work/Miner/Miner/references/round18-public-583/parse.rs:5653:11
     |
5653 | pub const u118_FX0_HS: usize = 4096;
     |           ^^^^^^^^^^^ help: convert the identifier to upper case (notice the capitalization): `U118_FX0_HS`

warning: constant `u118_FX0_WS` should have an upper case name
    --> /home/runner/work/Miner/Miner/references/round18-public-583/parse.rs:5654:11
     |
5654 | pub const u118_FX0_WS: usize = 16384;
     |           ^^^^^^^^^^^ help: convert the identifier to upper case (notice the capitalization): `U118_FX0_WS`

warning: constant `u118_FX0_NICE` should have an upper case name
    --> /home/runner/work/Miner/Miner/references/round18-public-583/parse.rs:5655:11
     |
5655 | pub const u118_FX0_NICE: usize = 32;
     |           ^^^^^^^^^^^^^ help: convert the identifier to upper case (notice the capitalization): `U118_FX0_NICE`

warning: constant `u118_FX0_INS_MAX` should have an upper case name
    --> /home/runner/work/Miner/Miner/references/round18-public-583/parse.rs:5656:11
     |
5656 | pub const u118_FX0_INS_MAX: usize = 2;
     |           ^^^^^^^^^^^^^^^^ help: convert the identifier to upper case (notice the capitalization): `U118_FX0_INS_MAX`

warning: constant `u118_FX0_TAIL` should have an upper case name
    --> /home/runner/work/Miner/Miner/references/round18-public-583/parse.rs:5657:11
     |
5657 | pub const u118_FX0_TAIL: usize = 1;
     |           ^^^^^^^^^^^^^ help: convert the identifier to upper case (notice the capitalization): `U118_FX0_TAIL`

warning: constant `u118_FX0_STRIDE` should have an upper case name
    --> /home/runner/work/Miner/Miner/references/round18-public-583/parse.rs:5660:11
     |
5660 | pub const u118_FX0_STRIDE: usize = 0;
     |           ^^^^^^^^^^^^^^^ help: convert the identifier to upper case (notice the capitalization): `U118_FX0_STRIDE`

warning: constant `u118_FX0_BACKTOK` should have an upper case name
    --> /home/runner/work/Miner/Miner/references/round18-public-583/parse.rs:5661:11
     |
5661 | pub const u118_FX0_BACKTOK: usize = 16;
     |           ^^^^^^^^^^^^^^^^ help: convert the identifier to upper case (notice the capitalization): `U118_FX0_BACKTOK`

warning: constant `u118_FX0_LDEPTH` should have an upper case name
    --> /home/runner/work/Miner/Miner/references/round18-public-583/parse.rs:5662:11
     |
5662 | pub const u118_FX0_LDEPTH: usize = 1;
     |           ^^^^^^^^^^^^^^^ help: convert the identifier to upper case (notice the capitalization): `U118_FX0_LDEPTH`

warning: constant `u118_FX0_SAMPLE` should have an upper case name
    --> /home/runner/work/Miner/Miner/references/round18-public-583/parse.rs:5663:11
     |
5663 | pub const u118_FX0_SAMPLE: usize = 2048;
     |           ^^^^^^^^^^^^^^^ help: convert the identifier to upper case (notice the capitalization): `U118_FX0_SAMPLE`

warning: constant `u118_FX0_VERIFY` should have an upper case name
    --> /home/runner/work/Miner/Miner/references/round18-public-583/parse.rs:5664:11
     |
5664 | pub const u118_FX0_VERIFY: usize = 0;
     |           ^^^^^^^^^^^^^^^ help: convert the identifier to upper case (notice the capitalization): `U118_FX0_VERIFY`

warning: constant `u118_FX0_LSLACK` should have an upper case name
    --> /home/runner/work/Miner/Miner/references/round18-public-583/parse.rs:5668:11
     |
5668 | pub const u118_FX0_LSLACK: usize = 1;
     |           ^^^^^^^^^^^^^^^ help: convert the identifier to upper case (notice the capitalization): `U118_FX0_LSLACK`

warning: constant `u118_FX0_HLIT` should have an upper case name
    --> /home/runner/work/Miner/Miner/references/round18-public-583/parse.rs:5669:11
     |
5669 | pub const u118_FX0_HLIT: u32 = 80;
     |           ^^^^^^^^^^^^^ help: convert the identifier to upper case (notice the capitalization): `U118_FX0_HLIT`

warning: constant `u118_FX0_GBASE` should have an upper case name
    --> /home/runner/work/Miner/Miner/references/round18-public-583/parse.rs:5670:11
     |
5670 | pub const u118_FX0_GBASE: i32 = 168;
     |           ^^^^^^^^^^^^^^ help: convert the identifier to upper case (notice the capitalization): `U118_FX0_GBASE`

warning: constant `u118_FX0_T_DEPTH` should have an upper case name
    --> /home/runner/work/Miner/Miner/references/round18-public-583/parse.rs:5674:11
     |
5674 | pub const u118_FX0_T_DEPTH: usize = 2;
     |           ^^^^^^^^^^^^^^^^ help: convert the identifier to upper case (notice the capitalization): `U118_FX0_T_DEPTH`

warning: constant `u118_FX0_T_LAZY` should have an upper case name
    --> /home/runner/work/Miner/Miner/references/round18-public-583/parse.rs:5675:11
     |
5675 | pub const u118_FX0_T_LAZY: usize = 0;
     |           ^^^^^^^^^^^^^^^ help: convert the identifier to upper case (notice the capitalization): `U118_FX0_T_LAZY`

warning: constant `u118_FX0_T_SKIP` should have an upper case name
    --> /home/runner/work/Miner/Miner/references/round18-public-583/parse.rs:5676:11
     |
5676 | pub const u118_FX0_T_SKIP: usize = 3;
     |           ^^^^^^^^^^^^^^^ help: convert the identifier to upper case (notice the capitalization): `U118_FX0_T_SKIP`

warning: constant `u118_FX0_P_DEPTH` should have an upper case name
    --> /home/runner/work/Miner/Miner/references/round18-public-583/parse.rs:5677:11
     |
5677 | pub const u118_FX0_P_DEPTH: usize = 3;
     |           ^^^^^^^^^^^^^^^^ help: convert the identifier to upper case (notice the capitalization): `U118_FX0_P_DEPTH`

warning: constant `u118_FX0_P_LAZY` should have an upper case name
    --> /home/runner/work/Miner/Miner/references/round18-public-583/parse.rs:5678:11
     |
5678 | pub const u118_FX0_P_LAZY: usize = 0;
     |           ^^^^^^^^^^^^^^^ help: convert the identifier to upper case (notice the capitalization): `U118_FX0_P_LAZY`

warning: constant `u118_FX0_P_SKIP` should have an upper case name
    --> /home/runner/work/Miner/Miner/references/round18-public-583/parse.rs:5679:11
     |
5679 | pub const u118_FX0_P_SKIP: usize = 5;
     |           ^^^^^^^^^^^^^^^ help: convert the identifier to upper case (notice the capitalization): `U118_FX0_P_SKIP`

warning: constant `u118_FX0_H_DEPTH` should have an upper case name
    --> /home/runner/work/Miner/Miner/references/round18-public-583/parse.rs:5680:11
     |
5680 | pub const u118_FX0_H_DEPTH: usize = 3;
     |           ^^^^^^^^^^^^^^^^ help: convert the identifier to upper case (notice the capitalization): `U118_FX0_H_DEPTH`

warning: constant `u118_FX0_H_LAZY` should have an upper case name
    --> /home/runner/work/Miner/Miner/references/round18-public-583/parse.rs:5681:11
     |
5681 | pub const u118_FX0_H_LAZY: usize = 0;
     |           ^^^^^^^^^^^^^^^ help: convert the identifier to upper case (notice the capitalization): `U118_FX0_H_LAZY`

warning: constant `u118_FX0_H_SKIP` should have an upper case name
    --> /home/runner/work/Miner/Miner/references/round18-public-583/parse.rs:5682:11
     |
5682 | pub const u118_FX0_H_SKIP: usize = 3;
     |           ^^^^^^^^^^^^^^^ help: convert the identifier to upper case (notice the capitalization): `U118_FX0_H_SKIP`

warning: constant `u118_FX0_Z_DEPTH` should have an upper case name
    --> /home/runner/work/Miner/Miner/references/round18-public-583/parse.rs:5683:11
     |
5683 | pub const u118_FX0_Z_DEPTH: usize = 3;
     |           ^^^^^^^^^^^^^^^^ help: convert the identifier to upper case (notice the capitalization): `U118_FX0_Z_DEPTH`

warning: constant `u118_FX0_Z_SKIP` should have an upper case name
    --> /home/runner/work/Miner/Miner/references/round18-public-583/parse.rs:5684:11
     |
5684 | pub const u118_FX0_Z_SKIP: usize = 6;
     |           ^^^^^^^^^^^^^^^ help: convert the identifier to upper case (notice the capitalization): `U118_FX0_Z_SKIP`

warning: constant `u118_FX0_Z_CAP` should have an upper case name
    --> /home/runner/work/Miner/Miner/references/round18-public-583/parse.rs:5685:11
     |
5685 | pub const u118_FX0_Z_CAP: usize = 8;
     |           ^^^^^^^^^^^^^^ help: convert the identifier to upper case (notice the capitalization): `U118_FX0_Z_CAP`

warning: constant `u118_FX0_B_DEPTH` should have an upper case name
    --> /home/runner/work/Miner/Miner/references/round18-public-583/parse.rs:5686:11
     |
5686 | pub const u118_FX0_B_DEPTH: usize = 4;
     |           ^^^^^^^^^^^^^^^^ help: convert the identifier to upper case (notice the capitalization): `U118_FX0_B_DEPTH`

warning: constant `u118_FX0_B_LAZY` should have an upper case name
    --> /home/runner/work/Miner/Miner/references/round18-public-583/parse.rs:5687:11
     |
5687 | pub const u118_FX0_B_LAZY: usize = 3;
     |           ^^^^^^^^^^^^^^^ help: convert the identifier to upper case (notice the capitalization): `U118_FX0_B_LAZY`

warning: constant `u118_FX0_B_SKIP` should have an upper case name
    --> /home/runner/work/Miner/Miner/references/round18-public-583/parse.rs:5688:11
     |
5688 | pub const u118_FX0_B_SKIP: usize = 4;
     |           ^^^^^^^^^^^^^^^ help: convert the identifier to upper case (notice the capitalization): `U118_FX0_B_SKIP`

warning: constant `u118_FX0_SDIG` should have an upper case name
    --> /home/runner/work/Miner/Miner/references/round18-public-583/parse.rs:5691:11
     |
5691 | pub const u118_FX0_SDIG: u32 = 6;
     |           ^^^^^^^^^^^^^ help: convert the identifier to upper case (notice the capitalization): `U118_FX0_SDIG`

warning: constant `u118_FX0_S_DEPTH` should have an upper case name
    --> /home/runner/work/Miner/Miner/references/round18-public-583/parse.rs:5692:11
     |
5692 | pub const u118_FX0_S_DEPTH: usize = 1;
     |           ^^^^^^^^^^^^^^^^ help: convert the identifier to upper case (notice the capitalization): `U118_FX0_S_DEPTH`

warning: constant `u118_FX0_S_LDEPTH` should have an upper case name
    --> /home/runner/work/Miner/Miner/references/round18-public-583/parse.rs:5693:11
     |
5693 | pub const u118_FX0_S_LDEPTH: usize = 1;
     |           ^^^^^^^^^^^^^^^^^ help: convert the identifier to upper case (notice the capitalization): `U118_FX0_S_LDEPTH`

warning: constant `u118_FX0_S_LAZY` should have an upper case name
    --> /home/runner/work/Miner/Miner/references/round18-public-583/parse.rs:5694:11
     |
5694 | pub const u118_FX0_S_LAZY: usize = 258;
     |           ^^^^^^^^^^^^^^^ help: convert the identifier to upper case (notice the capitalization): `U118_FX0_S_LAZY`

warning: constant `u118_FX0_SKCAP` should have an upper case name
    --> /home/runner/work/Miner/Miner/references/round18-public-583/parse.rs:5696:11
     |
5696 | pub const u118_FX0_SKCAP: usize = 1000000;
     |           ^^^^^^^^^^^^^^ help: convert the identifier to upper case (notice the capitalization): `U118_FX0_SKCAP`

warning: constant `u118_FX3_HB` should have an upper case name
    --> /home/runner/work/Miner/Miner/references/round18-public-583/parse.rs:5759:11
     |
5759 | pub const u118_FX3_HB: u32 = 15;
     |           ^^^^^^^^^^^ help: convert the identifier to upper case (notice the capitalization): `U118_FX3_HB`

warning: constant `u118_FX3_HN` should have an upper case name
    --> /home/runner/work/Miner/Miner/references/round18-public-583/parse.rs:5760:11
     |
5760 | pub const u118_FX3_HN: usize = 32768;
     |           ^^^^^^^^^^^ help: convert the identifier to upper case (notice the capitalization): `U118_FX3_HN`

warning: constant `u118_FX3_WN` should have an upper case name
    --> /home/runner/work/Miner/Miner/references/round18-public-583/parse.rs:5761:11
     |
5761 | pub const u118_FX3_WN: usize = 32768;
     |           ^^^^^^^^^^^ help: convert the identifier to upper case (notice the capitalization): `U118_FX3_WN`

warning: constant `u118_FX3_SMALL` should have an upper case name
    --> /home/runner/work/Miner/Miner/references/round18-public-583/parse.rs:5762:11
     |
5762 | pub const u118_FX3_SMALL: usize = 65536;
     |           ^^^^^^^^^^^^^^ help: convert the identifier to upper case (notice the capitalization): `U118_FX3_SMALL`

warning: constant `u118_FX3_HS` should have an upper case name
    --> /home/runner/work/Miner/Miner/references/round18-public-583/parse.rs:5763:11
     |
5763 | pub const u118_FX3_HS: usize = 4096;
     |           ^^^^^^^^^^^ help: convert the identifier to upper case (notice the capitalization): `U118_FX3_HS`

warning: constant `u118_FX3_WS` should have an upper case name
    --> /home/runner/work/Miner/Miner/references/round18-public-583/parse.rs:5764:11
     |
5764 | pub const u118_FX3_WS: usize = 16384;
     |           ^^^^^^^^^^^ help: convert the identifier to upper case (notice the capitalization): `U118_FX3_WS`

warning: constant `u118_FX3_NICE` should have an upper case name
    --> /home/runner/work/Miner/Miner/references/round18-public-583/parse.rs:5765:11
     |
5765 | pub const u118_FX3_NICE: usize = 32;
     |           ^^^^^^^^^^^^^ help: convert the identifier to upper case (notice the capitalization): `U118_FX3_NICE`

warning: constant `u118_FX3_INS_MAX` should have an upper case name
    --> /home/runner/work/Miner/Miner/references/round18-public-583/parse.rs:5766:11
     |
5766 | pub const u118_FX3_INS_MAX: usize = 2;
     |           ^^^^^^^^^^^^^^^^ help: convert the identifier to upper case (notice the capitalization): `U118_FX3_INS_MAX`

warning: constant `u118_FX3_TAIL` should have an upper case name
    --> /home/runner/work/Miner/Miner/references/round18-public-583/parse.rs:5767:11
     |
5767 | pub const u118_FX3_TAIL: usize = 1;
     |           ^^^^^^^^^^^^^ help: convert the identifier to upper case (notice the capitalization): `U118_FX3_TAIL`

warning: constant `u118_FX3_STRIDE` should have an upper case name
    --> /home/runner/work/Miner/Miner/references/round18-public-583/parse.rs:5768:11
     |
5768 | pub const u118_FX3_STRIDE: usize = 0;
     |           ^^^^^^^^^^^^^^^ help: convert the identifier to upper case (notice the capitalization): `U118_FX3_STRIDE`

warning: constant `u118_FX3_BACKTOK` should have an upper case name
    --> /home/runner/work/Miner/Miner/references/round18-public-583/parse.rs:5769:11
     |
5769 | pub const u118_FX3_BACKTOK: usize = 16;
     |           ^^^^^^^^^^^^^^^^ help: convert the identifier to upper case (notice the capitalization): `U118_FX3_BACKTOK`

warning: constant `u118_FX3_LDEPTH` should have an upper case name
    --> /home/runner/work/Miner/Miner/references/round18-public-583/parse.rs:5770:11
     |
5770 | pub const u118_FX3_LDEPTH: usize = 1;
     |           ^^^^^^^^^^^^^^^ help: convert the identifier to upper case (notice the capitalization): `U118_FX3_LDEPTH`

warning: constant `u118_FX3_SAMPLE` should have an upper case name
    --> /home/runner/work/Miner/Miner/references/round18-public-583/parse.rs:5771:11
     |
5771 | pub const u118_FX3_SAMPLE: usize = 2048;
     |           ^^^^^^^^^^^^^^^ help: convert the identifier to upper case (notice the capitalization): `U118_FX3_SAMPLE`

warning: constant `u118_FX3_VERIFY` should have an upper case name
    --> /home/runner/work/Miner/Miner/references/round18-public-583/parse.rs:5772:11
     |
5772 | pub const u118_FX3_VERIFY: usize = 0;
     |           ^^^^^^^^^^^^^^^ help: convert the identifier to upper case (notice the capitalization): `U118_FX3_VERIFY`

warning: constant `u118_FX3_LSLACK` should have an upper case name
    --> /home/runner/work/Miner/Miner/references/round18-public-583/parse.rs:5773:11
     |
5773 | pub const u118_FX3_LSLACK: usize = 1;
     |           ^^^^^^^^^^^^^^^ help: convert the identifier to upper case (notice the capitalization): `U118_FX3_LSLACK`

warning: constant `u118_FX3_HLIT` should have an upper case name
    --> /home/runner/work/Miner/Miner/references/round18-public-583/parse.rs:5774:11
     |
5774 | pub const u118_FX3_HLIT: u32 = 80;
     |           ^^^^^^^^^^^^^ help: convert the identifier to upper case (notice the capitalization): `U118_FX3_HLIT`

warning: constant `u118_FX3_GBASE` should have an upper case name
    --> /home/runner/work/Miner/Miner/references/round18-public-583/parse.rs:5775:11
     |
5775 | pub const u118_FX3_GBASE: i32 = 168;
     |           ^^^^^^^^^^^^^^ help: convert the identifier to upper case (notice the capitalization): `U118_FX3_GBASE`

warning: constant `u118_FX3_T_DEPTH` should have an upper case name
    --> /home/runner/work/Miner/Miner/references/round18-public-583/parse.rs:5776:11
     |
5776 | pub const u118_FX3_T_DEPTH: usize = 2;
     |           ^^^^^^^^^^^^^^^^ help: convert the identifier to upper case (notice the capitalization): `U118_FX3_T_DEPTH`

warning: constant `u118_FX3_T_LAZY` should have an upper case name
    --> /home/runner/work/Miner/Miner/references/round18-public-583/parse.rs:5777:11
     |
5777 | pub const u118_FX3_T_LAZY: usize = 0;
     |           ^^^^^^^^^^^^^^^ help: convert the identifier to upper case (notice the capitalization): `U118_FX3_T_LAZY`

warning: constant `u118_FX3_T_SKIP` should have an upper case name
    --> /home/runner/work/Miner/Miner/references/round18-public-583/parse.rs:5778:11
     |
5778 | pub const u118_FX3_T_SKIP: usize = 3;
     |           ^^^^^^^^^^^^^^^ help: convert the identifier to upper case (notice the capitalization): `U118_FX3_T_SKIP`

warning: constant `u118_FX3_P_DEPTH` should have an upper case name
    --> /home/runner/work/Miner/Miner/references/round18-public-583/parse.rs:5779:11
     |
5779 | pub const u118_FX3_P_DEPTH: usize = 3;
     |           ^^^^^^^^^^^^^^^^ help: convert the identifier to upper case (notice the capitalization): `U118_FX3_P_DEPTH`

warning: constant `u118_FX3_P_LAZY` should have an upper case name
    --> /home/runner/work/Miner/Miner/references/round18-public-583/parse.rs:5780:11
     |
5780 | pub const u118_FX3_P_LAZY: usize = 0;
     |           ^^^^^^^^^^^^^^^ help: convert the identifier to upper case (notice the capitalization): `U118_FX3_P_LAZY`

warning: constant `u118_FX3_P_SKIP` should have an upper case name
    --> /home/runner/work/Miner/Miner/references/round18-public-583/parse.rs:5781:11
     |
5781 | pub const u118_FX3_P_SKIP: usize = 5;
     |           ^^^^^^^^^^^^^^^ help: convert the identifier to upper case (notice the capitalization): `U118_FX3_P_SKIP`

warning: constant `u118_FX3_H_DEPTH` should have an upper case name
    --> /home/runner/work/Miner/Miner/references/round18-public-583/parse.rs:5782:11
     |
5782 | pub const u118_FX3_H_DEPTH: usize = 3;
     |           ^^^^^^^^^^^^^^^^ help: convert the identifier to upper case (notice the capitalization): `U118_FX3_H_DEPTH`

warning: constant `u118_FX3_H_LAZY` should have an upper case name
    --> /home/runner/work/Miner/Miner/references/round18-public-583/parse.rs:5783:11
     |
5783 | pub const u118_FX3_H_LAZY: usize = 0;
     |           ^^^^^^^^^^^^^^^ help: convert the identifier to upper case (notice the capitalization): `U118_FX3_H_LAZY`

warning: constant `u118_FX3_H_SKIP` should have an upper case name
    --> /home/runner/work/Miner/Miner/references/round18-public-583/parse.rs:5784:11
     |
5784 | pub const u118_FX3_H_SKIP: usize = 3;
     |           ^^^^^^^^^^^^^^^ help: convert the identifier to upper case (notice the capitalization): `U118_FX3_H_SKIP`

warning: constant `u118_FX3_Z_DEPTH` should have an upper case name
    --> /home/runner/work/Miner/Miner/references/round18-public-583/parse.rs:5785:11
     |
5785 | pub const u118_FX3_Z_DEPTH: usize = 3;
     |           ^^^^^^^^^^^^^^^^ help: convert the identifier to upper case (notice the capitalization): `U118_FX3_Z_DEPTH`

warning: constant `u118_FX3_Z_SKIP` should have an upper case name
    --> /home/runner/work/Miner/Miner/references/round18-public-583/parse.rs:5786:11
     |
5786 | pub const u118_FX3_Z_SKIP: usize = 6;
     |           ^^^^^^^^^^^^^^^ help: convert the identifier to upper case (notice the capitalization): `U118_FX3_Z_SKIP`

warning: constant `u118_FX3_Z_CAP` should have an upper case name
    --> /home/runner/work/Miner/Miner/references/round18-public-583/parse.rs:5787:11
     |
5787 | pub const u118_FX3_Z_CAP: usize = 8;
     |           ^^^^^^^^^^^^^^ help: convert the identifier to upper case (notice the capitalization): `U118_FX3_Z_CAP`

warning: constant `u118_FX3_B_DEPTH` should have an upper case name
    --> /home/runner/work/Miner/Miner/references/round18-public-583/parse.rs:5788:11
     |
5788 | pub const u118_FX3_B_DEPTH: usize = 4;
     |           ^^^^^^^^^^^^^^^^ help: convert the identifier to upper case (notice the capitalization): `U118_FX3_B_DEPTH`

warning: constant `u118_FX3_B_LAZY` should have an upper case name
    --> /home/runner/work/Miner/Miner/references/round18-public-583/parse.rs:5789:11
     |
5789 | pub const u118_FX3_B_LAZY: usize = 0;
     |           ^^^^^^^^^^^^^^^ help: convert the identifier to upper case (notice the capitalization): `U118_FX3_B_LAZY`

warning: constant `u118_FX3_B_SKIP` should have an upper case name
    --> /home/runner/work/Miner/Miner/references/round18-public-583/parse.rs:5790:11
     |
5790 | pub const u118_FX3_B_SKIP: usize = 4;
     |           ^^^^^^^^^^^^^^^ help: convert the identifier to upper case (notice the capitalization): `U118_FX3_B_SKIP`

warning: constant `u118_FX3_SDIG` should have an upper case name
    --> /home/runner/work/Miner/Miner/references/round18-public-583/parse.rs:5791:11
     |
5791 | pub const u118_FX3_SDIG: u32 = 6;
     |           ^^^^^^^^^^^^^ help: convert the identifier to upper case (notice the capitalization): `U118_FX3_SDIG`

warning: constant `u118_FX3_S_DEPTH` should have an upper case name
    --> /home/runner/work/Miner/Miner/references/round18-public-583/parse.rs:5792:11
     |
5792 | pub const u118_FX3_S_DEPTH: usize = 1;
     |           ^^^^^^^^^^^^^^^^ help: convert the identifier to upper case (notice the capitalization): `U118_FX3_S_DEPTH`

warning: constant `u118_FX3_S_LDEPTH` should have an upper case name
    --> /home/runner/work/Miner/Miner/references/round18-public-583/parse.rs:5793:11
     |
5793 | pub const u118_FX3_S_LDEPTH: usize = 1;
     |           ^^^^^^^^^^^^^^^^^ help: convert the identifier to upper case (notice the capitalization): `U118_FX3_S_LDEPTH`

warning: constant `u118_FX3_S_LAZY` should have an upper case name
    --> /home/runner/work/Miner/Miner/references/round18-public-583/parse.rs:5794:11
     |
5794 | pub const u118_FX3_S_LAZY: usize = 0;
     |           ^^^^^^^^^^^^^^^ help: convert the identifier to upper case (notice the capitalization): `U118_FX3_S_LAZY`

warning: constant `u118_FX3_SKCAP` should have an upper case name
    --> /home/runner/work/Miner/Miner/references/round18-public-583/parse.rs:5795:11
     |
5795 | pub const u118_FX3_SKCAP: usize = 1000000;
     |           ^^^^^^^^^^^^^^ help: convert the identifier to upper case (notice the capitalization): `U118_FX3_SKCAP`

warning: constant `x_HB` should have an upper case name
    --> /home/runner/work/Miner/Miner/references/round18-public-583/parse.rs:6006:11
     |
6006 | pub const x_HB: u32 = 15;
     |           ^^^^ help: convert the identifier to upper case (notice the capitalization): `X_HB`

warning: constant `x_HN` should have an upper case name
    --> /home/runner/work/Miner/Miner/references/round18-public-583/parse.rs:6007:11
     |
6007 | pub const x_HN: usize = 32768;
     |           ^^^^ help: convert the identifier to upper case (notice the capitalization): `X_HN`

warning: constant `x_WN` should have an upper case name
    --> /home/runner/work/Miner/Miner/references/round18-public-583/parse.rs:6008:11
     |
6008 | pub const x_WN: usize = 32768;
     |           ^^^^ help: convert the identifier to upper case (notice the capitalization): `X_WN`

warning: constant `x_SMALL` should have an upper case name
    --> /home/runner/work/Miner/Miner/references/round18-public-583/parse.rs:6010:11
     |
6010 | pub const x_SMALL: usize = 65536;
     |           ^^^^^^^ help: convert the identifier to upper case (notice the capitalization): `X_SMALL`

warning: constant `x_HS` should have an upper case name
    --> /home/runner/work/Miner/Miner/references/round18-public-583/parse.rs:6011:11
     |
6011 | pub const x_HS: usize = 4096;
     |           ^^^^ help: convert the identifier to upper case (notice the capitalization): `X_HS`

warning: constant `x_WS` should have an upper case name
    --> /home/runner/work/Miner/Miner/references/round18-public-583/parse.rs:6012:11
     |
6012 | pub const x_WS: usize = 16384;
     |           ^^^^ help: convert the identifier to upper case (notice the capitalization): `X_WS`

warning: constant `x_NICE` should have an upper case name
    --> /home/runner/work/Miner/Miner/references/round18-public-583/parse.rs:6013:11
     |
6013 | pub const x_NICE: usize = 32;
     |           ^^^^^^ help: convert the identifier to upper case (notice the capitalization): `X_NICE`

warning: constant `x_INS_MAX` should have an upper case name
    --> /home/runner/work/Miner/Miner/references/round18-public-583/parse.rs:6014:11
     |
6014 | pub const x_INS_MAX: usize = 2;
     |           ^^^^^^^^^ help: convert the identifier to upper case (notice the capitalization): `X_INS_MAX`

warning: constant `x_TAIL` should have an upper case name
    --> /home/runner/work/Miner/Miner/references/round18-public-583/parse.rs:6015:11
     |
6015 | pub const x_TAIL: usize = 1;
     |           ^^^^^^ help: convert the identifier to upper case (notice the capitalization): `X_TAIL`

warning: constant `x_STRIDE` should have an upper case name
    --> /home/runner/work/Miner/Miner/references/round18-public-583/parse.rs:6018:11
     |
6018 | pub const x_STRIDE: usize = 0;
     |           ^^^^^^^^ help: convert the identifier to upper case (notice the capitalization): `X_STRIDE`

warning: constant `x_BACKTOK` should have an upper case name
    --> /home/runner/work/Miner/Miner/references/round18-public-583/parse.rs:6019:11
     |
6019 | pub const x_BACKTOK: usize = 16;
     |           ^^^^^^^^^ help: convert the identifier to upper case (notice the capitalization): `X_BACKTOK`

warning: constant `x_LDEPTH` should have an upper case name
    --> /home/runner/work/Miner/Miner/references/round18-public-583/parse.rs:6020:11
     |
6020 | pub const x_LDEPTH: usize = 1;
     |           ^^^^^^^^ help: convert the identifier to upper case (notice the capitalization): `X_LDEPTH`

warning: constant `x_SAMPLE` should have an upper case name
    --> /home/runner/work/Miner/Miner/references/round18-public-583/parse.rs:6021:11
     |
6021 | pub const x_SAMPLE: usize = 2048;
     |           ^^^^^^^^ help: convert the identifier to upper case (notice the capitalization): `X_SAMPLE`

warning: constant `x_VERIFY` should have an upper case name
    --> /home/runner/work/Miner/Miner/references/round18-public-583/parse.rs:6022:11
     |
6022 | pub const x_VERIFY: usize = 0;
     |           ^^^^^^^^ help: convert the identifier to upper case (notice the capitalization): `X_VERIFY`

warning: constant `x_LSLACK` should have an upper case name
    --> /home/runner/work/Miner/Miner/references/round18-public-583/parse.rs:6026:11
     |
6026 | pub const x_LSLACK: usize = 1;
     |           ^^^^^^^^ help: convert the identifier to upper case (notice the capitalization): `X_LSLACK`

warning: constant `x_HLIT` should have an upper case name
    --> /home/runner/work/Miner/Miner/references/round18-public-583/parse.rs:6027:11
     |
6027 | pub const x_HLIT: u32 = 80;
     |           ^^^^^^ help: convert the identifier to upper case (notice the capitalization): `X_HLIT`

warning: constant `x_GBASE` should have an upper case name
    --> /home/runner/work/Miner/Miner/references/round18-public-583/parse.rs:6028:11
     |
6028 | pub const x_GBASE: i32 = 168;
     |           ^^^^^^^ help: convert the identifier to upper case (notice the capitalization): `X_GBASE`

warning: constant `x_T_DEPTH` should have an upper case name
    --> /home/runner/work/Miner/Miner/references/round18-public-583/parse.rs:6032:11
     |
6032 | pub const x_T_DEPTH: usize = 1;
     |           ^^^^^^^^^ help: convert the identifier to upper case (notice the capitalization): `X_T_DEPTH`

warning: constant `x_T_LAZY` should have an upper case name
    --> /home/runner/work/Miner/Miner/references/round18-public-583/parse.rs:6033:11
     |
6033 | pub const x_T_LAZY: usize = 0;
     |           ^^^^^^^^ help: convert the identifier to upper case (notice the capitalization): `X_T_LAZY`

warning: constant `x_T_SKIP` should have an upper case name
    --> /home/runner/work/Miner/Miner/references/round18-public-583/parse.rs:6034:11
     |
6034 | pub const x_T_SKIP: usize = 4;
     |           ^^^^^^^^ help: convert the identifier to upper case (notice the capitalization): `X_T_SKIP`

warning: constant `x_P_DEPTH` should have an upper case name
    --> /home/runner/work/Miner/Miner/references/round18-public-583/parse.rs:6035:11
     |
6035 | pub const x_P_DEPTH: usize = 4;
     |           ^^^^^^^^^ help: convert the identifier to upper case (notice the capitalization): `X_P_DEPTH`

warning: constant `x_P_LAZY` should have an upper case name
    --> /home/runner/work/Miner/Miner/references/round18-public-583/parse.rs:6036:11
     |
6036 | pub const x_P_LAZY: usize = 0;
     |           ^^^^^^^^ help: convert the identifier to upper case (notice the capitalization): `X_P_LAZY`

warning: constant `x_P_SKIP` should have an upper case name
    --> /home/runner/work/Miner/Miner/references/round18-public-583/parse.rs:6037:11
     |
6037 | pub const x_P_SKIP: usize = 5;
     |           ^^^^^^^^ help: convert the identifier to upper case (notice the capitalization): `X_P_SKIP`

warning: constant `x_H_DEPTH` should have an upper case name
    --> /home/runner/work/Miner/Miner/references/round18-public-583/parse.rs:6038:11
     |
6038 | pub const x_H_DEPTH: usize = 3;
     |           ^^^^^^^^^ help: convert the identifier to upper case (notice the capitalization): `X_H_DEPTH`

warning: constant `x_H_LAZY` should have an upper case name
    --> /home/runner/work/Miner/Miner/references/round18-public-583/parse.rs:6039:11
     |
6039 | pub const x_H_LAZY: usize = 0;
     |           ^^^^^^^^ help: convert the identifier to upper case (notice the capitalization): `X_H_LAZY`

warning: constant `x_H_SKIP` should have an upper case name
    --> /home/runner/work/Miner/Miner/references/round18-public-583/parse.rs:6040:11
     |
6040 | pub const x_H_SKIP: usize = 3;
     |           ^^^^^^^^ help: convert the identifier to upper case (notice the capitalization): `X_H_SKIP`

warning: constant `x_Z_DEPTH` should have an upper case name
    --> /home/runner/work/Miner/Miner/references/round18-public-583/parse.rs:6041:11
     |
6041 | pub const x_Z_DEPTH: usize = 1;
     |           ^^^^^^^^^ help: convert the identifier to upper case (notice the capitalization): `X_Z_DEPTH`

warning: constant `x_Z_SKIP` should have an upper case name
    --> /home/runner/work/Miner/Miner/references/round18-public-583/parse.rs:6042:11
     |
6042 | pub const x_Z_SKIP: usize = 4;
     |           ^^^^^^^^ help: convert the identifier to upper case (notice the capitalization): `X_Z_SKIP`

warning: constant `x_Z_CAP` should have an upper case name
    --> /home/runner/work/Miner/Miner/references/round18-public-583/parse.rs:6043:11
     |
6043 | pub const x_Z_CAP: usize = 8;
     |           ^^^^^^^ help: convert the identifier to upper case (notice the capitalization): `X_Z_CAP`

warning: constant `x_B_DEPTH` should have an upper case name
    --> /home/runner/work/Miner/Miner/references/round18-public-583/parse.rs:6044:11
     |
6044 | pub const x_B_DEPTH: usize = 4;
     |           ^^^^^^^^^ help: convert the identifier to upper case (notice the capitalization): `X_B_DEPTH`

warning: constant `x_B_LAZY` should have an upper case name
    --> /home/runner/work/Miner/Miner/references/round18-public-583/parse.rs:6045:11
     |
6045 | pub const x_B_LAZY: usize = 3;
     |           ^^^^^^^^ help: convert the identifier to upper case (notice the capitalization): `X_B_LAZY`

warning: constant `x_B_SKIP` should have an upper case name
    --> /home/runner/work/Miner/Miner/references/round18-public-583/parse.rs:6046:11
     |
6046 | pub const x_B_SKIP: usize = 4;
     |           ^^^^^^^^ help: convert the identifier to upper case (notice the capitalization): `X_B_SKIP`

warning: constant `x_SDIG` should have an upper case name
    --> /home/runner/work/Miner/Miner/references/round18-public-583/parse.rs:6049:11
     |
6049 | pub const x_SDIG: u32 = 6;
     |           ^^^^^^ help: convert the identifier to upper case (notice the capitalization): `X_SDIG`

warning: constant `x_S_DEPTH` should have an upper case name
    --> /home/runner/work/Miner/Miner/references/round18-public-583/parse.rs:6050:11
     |
6050 | pub const x_S_DEPTH: usize = 1;
     |           ^^^^^^^^^ help: convert the identifier to upper case (notice the capitalization): `X_S_DEPTH`

warning: constant `x_S_LDEPTH` should have an upper case name
    --> /home/runner/work/Miner/Miner/references/round18-public-583/parse.rs:6051:11
     |
6051 | pub const x_S_LDEPTH: usize = 1;
     |           ^^^^^^^^^^ help: convert the identifier to upper case (notice the capitalization): `X_S_LDEPTH`

warning: constant `x_S_LAZY` should have an upper case name
    --> /home/runner/work/Miner/Miner/references/round18-public-583/parse.rs:6052:11
     |
6052 | pub const x_S_LAZY: usize = 258;
     |           ^^^^^^^^ help: convert the identifier to upper case (notice the capitalization): `X_S_LAZY`

warning: constant `x_SKCAP` should have an upper case name
    --> /home/runner/work/Miner/Miner/references/round18-public-583/parse.rs:6054:11
     |
6054 | pub const x_SKCAP: usize = 1000000;
     |           ^^^^^^^ help: convert the identifier to upper case (notice the capitalization): `X_SKCAP`

warning: constant `x_R1_ON` should have an upper case name
    --> /home/runner/work/Miner/Miner/references/round18-public-583/parse.rs:6057:11
     |
6057 | pub const x_R1_ON: usize = 1;
     |           ^^^^^^^ help: convert the identifier to upper case (notice the capitalization): `X_R1_ON`

warning: constant `x_ST_ON` should have an upper case name
    --> /home/runner/work/Miner/Miner/references/round18-public-583/parse.rs:6063:11
     |
6063 | pub const x_ST_ON: usize = 1;
     |           ^^^^^^^ help: convert the identifier to upper case (notice the capitalization): `X_ST_ON`

warning: constant `x_ST_MIN` should have an upper case name
    --> /home/runner/work/Miner/Miner/references/round18-public-583/parse.rs:6064:11
     |
6064 | pub const x_ST_MIN: usize = 65536;
     |           ^^^^^^^^ help: convert the identifier to upper case (notice the capitalization): `X_ST_MIN`

warning: constant `x_ST_SAMPLE` should have an upper case name
    --> /home/runner/work/Miner/Miner/references/round18-public-583/parse.rs:6065:11
     |
6065 | pub const x_ST_SAMPLE: usize = 4096;
     |           ^^^^^^^^^^^ help: convert the identifier to upper case (notice the capitalization): `X_ST_SAMPLE`

warning: constant `x_ST_FEW` should have an upper case name
    --> /home/runner/work/Miner/Miner/references/round18-public-583/parse.rs:6066:11
     |
6066 | pub const x_ST_FEW: usize = 32;
     |           ^^^^^^^^ help: convert the identifier to upper case (notice the capitalization): `X_ST_FEW`

warning: constant `x_ST_MANY` should have an upper case name
    --> /home/runner/work/Miner/Miner/references/round18-public-583/parse.rs:6067:11
     |
6067 | pub const x_ST_MANY: usize = 160;
     |           ^^^^^^^^^ help: convert the identifier to upper case (notice the capitalization): `X_ST_MANY`

warning: constant `x_ST_HB` should have an upper case name
    --> /home/runner/work/Miner/Miner/references/round18-public-583/parse.rs:6068:11
     |
6068 | pub const x_ST_HB: u32 = 17;
     |           ^^^^^^^ help: convert the identifier to upper case (notice the capitalization): `X_ST_HB`

warning: constant `x_ST_HN` should have an upper case name
    --> /home/runner/work/Miner/Miner/references/round18-public-583/parse.rs:6069:11
     |
6069 | pub const x_ST_HN: usize = 131072;
     |           ^^^^^^^ help: convert the identifier to upper case (notice the capitalization): `X_ST_HN`

warning: constant `x_ST_DMAX` should have an upper case name
    --> /home/runner/work/Miner/Miner/references/round18-public-583/parse.rs:6070:11
     |
6070 | pub const x_ST_DMAX: usize = 32768;
     |           ^^^^^^^^^ help: convert the identifier to upper case (notice the capitalization): `X_ST_DMAX`

warning: constant `x_TF_N` should have an upper case name
    --> /home/runner/work/Miner/Miner/references/round18-public-583/parse.rs:6075:11
     |
6075 | pub const x_TF_N: usize = 65536;
     |           ^^^^^^ help: convert the identifier to upper case (notice the capitalization): `X_TF_N`

warning: constant `x_TF_TEXT` should have an upper case name
    --> /home/runner/work/Miner/Miner/references/round18-public-583/parse.rs:6076:11
     |
6076 | pub const x_TF_TEXT: usize = 1;
     |           ^^^^^^^^^ help: convert the identifier to upper case (notice the capitalization): `X_TF_TEXT`

warning: constant `x_TF_TKIND` should have an upper case name
    --> /home/runner/work/Miner/Miner/references/round18-public-583/parse.rs:6077:11
     |
6077 | pub const x_TF_TKIND: usize = 1;
     |           ^^^^^^^^^^ help: convert the identifier to upper case (notice the capitalization): `X_TF_TKIND`

warning: constant `x_TF_SAMPLE` should have an upper case name
    --> /home/runner/work/Miner/Miner/references/round18-public-583/parse.rs:6080:11
     |
6080 | pub const x_TF_SAMPLE: usize = 256;
     |           ^^^^^^^^^^^ help: convert the identifier to upper case (notice the capitalization): `X_TF_SAMPLE`

warning: constant `x_TF_SDIG` should have an upper case name
    --> /home/runner/work/Miner/Miner/references/round18-public-583/parse.rs:6081:11
     |
6081 | pub const x_TF_SDIG: u32 = 6;
     |           ^^^^^^^^^ help: convert the identifier to upper case (notice the capitalization): `X_TF_SDIG`

warning: constant `x_TF_HB` should have an upper case name
    --> /home/runner/work/Miner/Miner/references/round18-public-583/parse.rs:6087:11
     |
6087 | pub const x_TF_HB: u32 = 12;
     |           ^^^^^^^ help: convert the identifier to upper case (notice the capitalization): `X_TF_HB`

warning: constant `x_TF_HN` should have an upper case name
    --> /home/runner/work/Miner/Miner/references/round18-public-583/parse.rs:6088:11
     |
6088 | pub const x_TF_HN: usize = 4096;
     |           ^^^^^^^ help: convert the identifier to upper case (notice the capitalization): `X_TF_HN`

warning: constant `x_TF_WN` should have an upper case name
    --> /home/runner/work/Miner/Miner/references/round18-public-583/parse.rs:6089:11
     |
6089 | pub const x_TF_WN: usize = 16384;
     |           ^^^^^^^ help: convert the identifier to upper case (notice the capitalization): `X_TF_WN`

warning: constant `x_TF_TDEPTH` should have an upper case name
    --> /home/runner/work/Miner/Miner/references/round18-public-583/parse.rs:6093:11
     |
6093 | pub const x_TF_TDEPTH: usize = 1;
     |           ^^^^^^^^^^^ help: convert the identifier to upper case (notice the capitalization): `X_TF_TDEPTH`

warning: constant `x_TF_TLAZY` should have an upper case name
    --> /home/runner/work/Miner/Miner/references/round18-public-583/parse.rs:6094:11
     |
6094 | pub const x_TF_TLAZY: usize = 0;
     |           ^^^^^^^^^^ help: convert the identifier to upper case (notice the capitalization): `X_TF_TLAZY`

warning: constant `x_TF_TSKIP` should have an upper case name
    --> /home/runner/work/Miner/Miner/references/round18-public-583/parse.rs:6095:11
     |
6095 | pub const x_TF_TSKIP: usize = 3;
     |           ^^^^^^^^^^ help: convert the identifier to upper case (notice the capitalization): `X_TF_TSKIP`

warning: constant `x_TF_SDEPTH` should have an upper case name
    --> /home/runner/work/Miner/Miner/references/round18-public-583/parse.rs:6096:11
     |
6096 | pub const x_TF_SDEPTH: usize = 1;
     |           ^^^^^^^^^^^ help: convert the identifier to upper case (notice the capitalization): `X_TF_SDEPTH`

warning: constant `x_TF_SLAZY` should have an upper case name
    --> /home/runner/work/Miner/Miner/references/round18-public-583/parse.rs:6097:11
     |
6097 | pub const x_TF_SLAZY: usize = 258;
     |           ^^^^^^^^^^ help: convert the identifier to upper case (notice the capitalization): `X_TF_SLAZY`

warning: constant `x_TF_SSKIP` should have an upper case name
    --> /home/runner/work/Miner/Miner/references/round18-public-583/parse.rs:6098:11
     |
6098 | pub const x_TF_SSKIP: usize = 3;
     |           ^^^^^^^^^^ help: convert the identifier to upper case (notice the capitalization): `X_TF_SSKIP`

warning: constant `x_TF_BDEPTH` should have an upper case name
    --> /home/runner/work/Miner/Miner/references/round18-public-583/parse.rs:6099:11
     |
6099 | pub const x_TF_BDEPTH: usize = 0;
     |           ^^^^^^^^^^^ help: convert the identifier to upper case (notice the capitalization): `X_TF_BDEPTH`

warning: constant `x_TF_BLAZY` should have an upper case name
    --> /home/runner/work/Miner/Miner/references/round18-public-583/parse.rs:6100:11
     |
6100 | pub const x_TF_BLAZY: usize = 0;
     |           ^^^^^^^^^^ help: convert the identifier to upper case (notice the capitalization): `X_TF_BLAZY`

warning: constant `x_TF_BSKIP` should have an upper case name
    --> /home/runner/work/Miner/Miner/references/round18-public-583/parse.rs:6101:11
     |
6101 | pub const x_TF_BSKIP: usize = 4;
     |           ^^^^^^^^^^ help: convert the identifier to upper case (notice the capitalization): `X_TF_BSKIP`

warning: constant `x_TF_NICE` should have an upper case name
    --> /home/runner/work/Miner/Miner/references/round18-public-583/parse.rs:6103:11
     |
6103 | pub const x_TF_NICE: usize = 64;
     |           ^^^^^^^^^ help: convert the identifier to upper case (notice the capitalization): `X_TF_NICE`

warning: constant `x_TF_SKCAP` should have an upper case name
    --> /home/runner/work/Miner/Miner/references/round18-public-583/parse.rs:6104:11
     |
6104 | pub const x_TF_SKCAP: usize = 1000000;
     |           ^^^^^^^^^^ help: convert the identifier to upper case (notice the capitalization): `X_TF_SKCAP`

warning: constant `x_TF_TRLE` should have an upper case name
    --> /home/runner/work/Miner/Miner/references/round18-public-583/parse.rs:6106:11
     |
6106 | pub const x_TF_TRLE: usize = 1;
     |           ^^^^^^^^^ help: convert the identifier to upper case (notice the capitalization): `X_TF_TRLE`

warning: constant `x_TF_BACK` should have an upper case name
    --> /home/runner/work/Miner/Miner/references/round18-public-583/parse.rs:6109:11
     |
6109 | pub const x_TF_BACK: usize = 1;
     |           ^^^^^^^^^ help: convert the identifier to upper case (notice the capitalization): `X_TF_BACK`

warning: constant `x_TF_FOLD` should have an upper case name
    --> /home/runner/work/Miner/Miner/references/round18-public-583/parse.rs:6110:11
     |
6110 | pub const x_TF_FOLD: usize = 1;
     |           ^^^^^^^^^ help: convert the identifier to upper case (notice the capitalization): `X_TF_FOLD`

warning: constant `x_TF_REP` should have an upper case name
    --> /home/runner/work/Miner/Miner/references/round18-public-583/parse.rs:6112:11
     |
6112 | pub const x_TF_REP: usize = 0;
     |           ^^^^^^^^ help: convert the identifier to upper case (notice the capitalization): `X_TF_REP`

warning: constant `x_TF_RUNSKIP` should have an upper case name
    --> /home/runner/work/Miner/Miner/references/round18-public-583/parse.rs:6114:11
     |
6114 | pub const x_TF_RUNSKIP: usize = 1;
     |           ^^^^^^^^^^^^ help: convert the identifier to upper case (notice the capitalization): `X_TF_RUNSKIP`

warning: constant `x_TF_INS` should have an upper case name
    --> /home/runner/work/Miner/Miner/references/round18-public-583/parse.rs:6116:11
     |
6116 | pub const x_TF_INS: usize = 2;
     |           ^^^^^^^^ help: convert the identifier to upper case (notice the capitalization): `X_TF_INS`

warning: constant `x_TF_TAIL` should have an upper case name
    --> /home/runner/work/Miner/Miner/references/round18-public-583/parse.rs:6117:11
     |
6117 | pub const x_TF_TAIL: usize = 1;
     |           ^^^^^^^^^ help: convert the identifier to upper case (notice the capitalization): `X_TF_TAIL`

warning: constant `x_TF_KL` should have an upper case name
    --> /home/runner/work/Miner/Miner/references/round18-public-583/parse.rs:6120:11
     |
6120 | pub const x_TF_KL: u32 = 5;
     |           ^^^^^^^ help: convert the identifier to upper case (notice the capitalization): `X_TF_KL`

warning: constant `x_TF_KD` should have an upper case name
    --> /home/runner/work/Miner/Miner/references/round18-public-583/parse.rs:6121:11
     |
6121 | pub const x_TF_KD: u32 = 5;
     |           ^^^^^^^ help: convert the identifier to upper case (notice the capitalization): `X_TF_KD`

warning: constant `x_TF_BKL` should have an upper case name
    --> /home/runner/work/Miner/Miner/references/round18-public-583/parse.rs:6122:11
     |
6122 | pub const x_TF_BKL: u32 = 3;
     |           ^^^^^^^^ help: convert the identifier to upper case (notice the capitalization): `X_TF_BKL`

warning: constant `x_TF_BKD` should have an upper case name
    --> /home/runner/work/Miner/Miner/references/round18-public-583/parse.rs:6123:11
     |
6123 | pub const x_TF_BKD: u32 = 3;
     |           ^^^^^^^^ help: convert the identifier to upper case (notice the capitalization): `X_TF_BKD`

warning: constant `x_TF_RDEPTH` should have an upper case name
    --> /home/runner/work/Miner/Miner/references/round18-public-583/parse.rs:6127:11
     |
6127 | pub const x_TF_RDEPTH: usize = 8;
     |           ^^^^^^^^^^^ help: convert the identifier to upper case (notice the capitalization): `X_TF_RDEPTH`

warning: constant `x_TF_SHIFT` should have an upper case name
    --> /home/runner/work/Miner/Miner/references/round18-public-583/parse.rs:6128:11
     |
6128 | pub const x_TF_SHIFT: usize = 1;
     |           ^^^^^^^^^^ help: convert the identifier to upper case (notice the capitalization): `X_TF_SHIFT`

warning: constant `x_TF_DLIT` should have an upper case name
    --> /home/runner/work/Miner/Miner/references/round18-public-583/parse.rs:6129:11
     |
6129 | pub const x_TF_DLIT: usize = 8;
     |           ^^^^^^^^^ help: convert the identifier to upper case (notice the capitalization): `X_TF_DLIT`

warning: constant `x_TF_LSYM` should have an upper case name
    --> /home/runner/work/Miner/Miner/references/round18-public-583/parse.rs:6622:11
     |
6622 | pub const x_TF_LSYM: [u8; 512] = [
     |           ^^^^^^^^^ help: convert the identifier to upper case (notice the capitalization): `X_TF_LSYM`

warning: constant `x_TF_DSYM` should have an upper case name
    --> /home/runner/work/Miner/Miner/references/round18-public-583/parse.rs:6641:11
     |
6641 | pub const x_TF_DSYM: [u8; 512] = [
     |           ^^^^^^^^^ help: convert the identifier to upper case (notice the capitalization): `X_TF_DSYM`

warning: constant `x_TF_LBASE` should have an upper case name
    --> /home/runner/work/Miner/Miner/references/round18-public-583/parse.rs:6660:11
     |
6660 | pub const x_TF_LBASE: [u16; 32] = [3, 4, 5, 6, 7, 8, 9, 10, 11, 13, 15, 17, 19, 23, 27, 31, 35, 43, 51, 59, 67, 83, 99, 115, 131, ...
     |           ^^^^^^^^^^ help: convert the identifier to upper case (notice the capitalization): `X_TF_LBASE`

warning: constant `x_TF_LTOP` should have an upper case name
    --> /home/runner/work/Miner/Miner/references/round18-public-583/parse.rs:6661:11
     |
6661 | pub const x_TF_LTOP: [u16; 32] = [3, 4, 5, 6, 7, 8, 9, 10, 12, 14, 16, 18, 22, 26, 30, 34, 42, 50, 58, 66, 82, 98, 114, 130, 162, ...
     |           ^^^^^^^^^ help: convert the identifier to upper case (notice the capitalization): `X_TF_LTOP`

warning: constant `m_HB` should have an upper case name
    --> /home/runner/work/Miner/Miner/references/round18-public-583/parse.rs:6687:11
     |
6687 | pub const m_HB: u32 = 15;
     |           ^^^^ help: convert the identifier to upper case: `M_HB`

warning: constant `m_HN` should have an upper case name
    --> /home/runner/work/Miner/Miner/references/round18-public-583/parse.rs:6688:11
     |
6688 | pub const m_HN: usize = 65536;
     |           ^^^^ help: convert the identifier to upper case: `M_HN`

warning: constant `m_WN` should have an upper case name
    --> /home/runner/work/Miner/Miner/references/round18-public-583/parse.rs:6689:11
     |
6689 | pub const m_WN: usize = 32768;
     |           ^^^^ help: convert the identifier to upper case: `M_WN`

warning: constant `m_SMALL` should have an upper case name
    --> /home/runner/work/Miner/Miner/references/round18-public-583/parse.rs:6691:11
     |
6691 | pub const m_SMALL: usize = 65536;
     |           ^^^^^^^ help: convert the identifier to upper case: `M_SMALL`

warning: constant `m_HS` should have an upper case name
    --> /home/runner/work/Miner/Miner/references/round18-public-583/parse.rs:6692:11
     |
6692 | pub const m_HS: usize = 8192;
     |           ^^^^ help: convert the identifier to upper case: `M_HS`

warning: constant `m_WS` should have an upper case name
    --> /home/runner/work/Miner/Miner/references/round18-public-583/parse.rs:6693:11
     |
6693 | pub const m_WS: usize = 16384;
     |           ^^^^ help: convert the identifier to upper case: `M_WS`

warning: constant `m_NICE` should have an upper case name
    --> /home/runner/work/Miner/Miner/references/round18-public-583/parse.rs:6694:11
     |
6694 | pub const m_NICE: usize = 128;
     |           ^^^^^^ help: convert the identifier to upper case: `M_NICE`

warning: constant `m_INS_MAX` should have an upper case name
    --> /home/runner/work/Miner/Miner/references/round18-public-583/parse.rs:6695:11
     |
6695 | pub const m_INS_MAX: usize = 16;
     |           ^^^^^^^^^ help: convert the identifier to upper case: `M_INS_MAX`

warning: constant `m_TAIL` should have an upper case name
    --> /home/runner/work/Miner/Miner/references/round18-public-583/parse.rs:6696:11
     |
6696 | pub const m_TAIL: usize = 1;
     |           ^^^^^^ help: convert the identifier to upper case: `M_TAIL`

warning: constant `m_STRIDE` should have an upper case name
    --> /home/runner/work/Miner/Miner/references/round18-public-583/parse.rs:6699:11
     |
6699 | pub const m_STRIDE: usize = 4;
     |           ^^^^^^^^ help: convert the identifier to upper case: `M_STRIDE`

warning: constant `m_BACKTOK` should have an upper case name
    --> /home/runner/work/Miner/Miner/references/round18-public-583/parse.rs:6700:11
     |
6700 | pub const m_BACKTOK: usize = 16;
     |           ^^^^^^^^^ help: convert the identifier to upper case: `M_BACKTOK`

warning: constant `m_LDEPTH` should have an upper case name
    --> /home/runner/work/Miner/Miner/references/round18-public-583/parse.rs:6701:11
     |
6701 | pub const m_LDEPTH: usize = 1;
     |           ^^^^^^^^ help: convert the identifier to upper case: `M_LDEPTH`

warning: constant `m_SAMPLE` should have an upper case name
    --> /home/runner/work/Miner/Miner/references/round18-public-583/parse.rs:6702:11
     |
6702 | pub const m_SAMPLE: usize = 2048;
     |           ^^^^^^^^ help: convert the identifier to upper case: `M_SAMPLE`

warning: constant `m_VERIFY` should have an upper case name
    --> /home/runner/work/Miner/Miner/references/round18-public-583/parse.rs:6703:11
     |
6703 | pub const m_VERIFY: usize = 0;
     |           ^^^^^^^^ help: convert the identifier to upper case: `M_VERIFY`

warning: constant `m_LSLACK` should have an upper case name
    --> /home/runner/work/Miner/Miner/references/round18-public-583/parse.rs:6707:11
     |
6707 | pub const m_LSLACK: usize = 1;
     |           ^^^^^^^^ help: convert the identifier to upper case: `M_LSLACK`

warning: constant `m_HLIT` should have an upper case name
    --> /home/runner/work/Miner/Miner/references/round18-public-583/parse.rs:6708:11
     |
6708 | pub const m_HLIT: u32 = 64;
     |           ^^^^^^ help: convert the identifier to upper case: `M_HLIT`

warning: constant `m_B_HLIT` should have an upper case name
    --> /home/runner/work/Miner/Miner/references/round18-public-583/parse.rs:6710:11
     |
6710 | pub const m_B_HLIT: u32 = 64;
     |           ^^^^^^^^ help: convert the identifier to upper case: `M_B_HLIT`

warning: constant `m_GBASE` should have an upper case name
    --> /home/runner/work/Miner/Miner/references/round18-public-583/parse.rs:6711:11
     |
6711 | pub const m_GBASE: i32 = 168;
     |           ^^^^^^^ help: convert the identifier to upper case: `M_GBASE`

warning: constant `m_T_DEPTH` should have an upper case name
    --> /home/runner/work/Miner/Miner/references/round18-public-583/parse.rs:6715:11
     |
6715 | pub const m_T_DEPTH: usize = 4;
     |           ^^^^^^^^^ help: convert the identifier to upper case: `M_T_DEPTH`

warning: constant `m_T_LAZY` should have an upper case name
    --> /home/runner/work/Miner/Miner/references/round18-public-583/parse.rs:6716:11
     |
6716 | pub const m_T_LAZY: usize = 128;
     |           ^^^^^^^^ help: convert the identifier to upper case: `M_T_LAZY`

warning: constant `m_T_SKIP` should have an upper case name
    --> /home/runner/work/Miner/Miner/references/round18-public-583/parse.rs:6717:11
     |
6717 | pub const m_T_SKIP: usize = 5;
     |           ^^^^^^^^ help: convert the identifier to upper case: `M_T_SKIP`

warning: constant `m_P_DEPTH` should have an upper case name
    --> /home/runner/work/Miner/Miner/references/round18-public-583/parse.rs:6718:11
     |
6718 | pub const m_P_DEPTH: usize = 8;
     |           ^^^^^^^^^ help: convert the identifier to upper case: `M_P_DEPTH`

warning: constant `m_P_LAZY` should have an upper case name
    --> /home/runner/work/Miner/Miner/references/round18-public-583/parse.rs:6719:11
     |
6719 | pub const m_P_LAZY: usize = 258;
     |           ^^^^^^^^ help: convert the identifier to upper case: `M_P_LAZY`

warning: constant `m_P_SKIP` should have an upper case name
    --> /home/runner/work/Miner/Miner/references/round18-public-583/parse.rs:6720:11
     |
6720 | pub const m_P_SKIP: usize = 5;
     |           ^^^^^^^^ help: convert the identifier to upper case: `M_P_SKIP`

warning: constant `m_H_DEPTH` should have an upper case name
    --> /home/runner/work/Miner/Miner/references/round18-public-583/parse.rs:6721:11
     |
6721 | pub const m_H_DEPTH: usize = 1;
     |           ^^^^^^^^^ help: convert the identifier to upper case: `M_H_DEPTH`

warning: constant `m_H_LAZY` should have an upper case name
    --> /home/runner/work/Miner/Miner/references/round18-public-583/parse.rs:6722:11
     |
6722 | pub const m_H_LAZY: usize = 0;
     |           ^^^^^^^^ help: convert the identifier to upper case: `M_H_LAZY`

warning: constant `m_H_SKIP` should have an upper case name
    --> /home/runner/work/Miner/Miner/references/round18-public-583/parse.rs:6723:11
     |
6723 | pub const m_H_SKIP: usize = 2;
     |           ^^^^^^^^ help: convert the identifier to upper case: `M_H_SKIP`

warning: constant `m_Z_DEPTH` should have an upper case name
    --> /home/runner/work/Miner/Miner/references/round18-public-583/parse.rs:6724:11
     |
6724 | pub const m_Z_DEPTH: usize = 3;
     |           ^^^^^^^^^ help: convert the identifier to upper case: `M_Z_DEPTH`

warning: constant `m_Z_SKIP` should have an upper case name
    --> /home/runner/work/Miner/Miner/references/round18-public-583/parse.rs:6725:11
     |
6725 | pub const m_Z_SKIP: usize = 6;
     |           ^^^^^^^^ help: convert the identifier to upper case: `M_Z_SKIP`

warning: constant `m_Z_CAP` should have an upper case name
    --> /home/runner/work/Miner/Miner/references/round18-public-583/parse.rs:6726:11
     |
6726 | pub const m_Z_CAP: usize = 8;
     |           ^^^^^^^ help: convert the identifier to upper case: `M_Z_CAP`

warning: constant `m_B_DEPTH` should have an upper case name
    --> /home/runner/work/Miner/Miner/references/round18-public-583/parse.rs:6727:11
     |
6727 | pub const m_B_DEPTH: usize = 4;
     |           ^^^^^^^^^ help: convert the identifier to upper case: `M_B_DEPTH`

warning: constant `m_B_LAZY` should have an upper case name
    --> /home/runner/work/Miner/Miner/references/round18-public-583/parse.rs:6728:11
     |
6728 | pub const m_B_LAZY: usize = 258;
     |           ^^^^^^^^ help: convert the identifier to upper case: `M_B_LAZY`

warning: constant `m_B_SKIP` should have an upper case name
    --> /home/runner/work/Miner/Miner/references/round18-public-583/parse.rs:6729:11
     |
6729 | pub const m_B_SKIP: usize = 8;
     |           ^^^^^^^^ help: convert the identifier to upper case: `M_B_SKIP`

warning: constant `m_SDIG` should have an upper case name
    --> /home/runner/work/Miner/Miner/references/round18-public-583/parse.rs:6732:11
     |
6732 | pub const m_SDIG: u32 = 6;
     |           ^^^^^^ help: convert the identifier to upper case: `M_SDIG`

warning: constant `m_S_DEPTH` should have an upper case name
    --> /home/runner/work/Miner/Miner/references/round18-public-583/parse.rs:6733:11
     |
6733 | pub const m_S_DEPTH: usize = 1;
     |           ^^^^^^^^^ help: convert the identifier to upper case: `M_S_DEPTH`

warning: constant `m_S_LDEPTH` should have an upper case name
    --> /home/runner/work/Miner/Miner/references/round18-public-583/parse.rs:6734:11
     |
6734 | pub const m_S_LDEPTH: usize = 3;
     |           ^^^^^^^^^^ help: convert the identifier to upper case: `M_S_LDEPTH`

warning: constant `m_S_LAZY` should have an upper case name
    --> /home/runner/work/Miner/Miner/references/round18-public-583/parse.rs:6735:11
     |
6735 | pub const m_S_LAZY: usize = 258;
     |           ^^^^^^^^ help: convert the identifier to upper case: `M_S_LAZY`

warning: constant `m_SKCAP` should have an upper case name
    --> /home/runner/work/Miner/Miner/references/round18-public-583/parse.rs:6737:11
     |
6737 | pub const m_SKCAP: usize = 1000000;
     |           ^^^^^^^ help: convert the identifier to upper case: `M_SKCAP`

warning: constant `m_P_NICE` should have an upper case name
    --> /home/runner/work/Miner/Miner/references/round18-public-583/parse.rs:6740:11
     |
6740 | pub const m_P_NICE: usize = 258;
     |           ^^^^^^^^ help: convert the identifier to upper case: `M_P_NICE`

warning: constant `m_S_NICE` should have an upper case name
    --> /home/runner/work/Miner/Miner/references/round18-public-583/parse.rs:6741:11
     |
6741 | pub const m_S_NICE: usize = 258;
     |           ^^^^^^^^ help: convert the identifier to upper case: `M_S_NICE`

warning: constant `m_H_NICE` should have an upper case name
    --> /home/runner/work/Miner/Miner/references/round18-public-583/parse.rs:6742:11
     |
6742 | pub const m_H_NICE: usize = 32;
     |           ^^^^^^^^ help: convert the identifier to upper case: `M_H_NICE`

warning: constant `m_Z_NICE` should have an upper case name
    --> /home/runner/work/Miner/Miner/references/round18-public-583/parse.rs:6743:11
     |
6743 | pub const m_Z_NICE: usize = 32;
     |           ^^^^^^^^ help: convert the identifier to upper case: `M_Z_NICE`

warning: constant `m_B_NICE` should have an upper case name
    --> /home/runner/work/Miner/Miner/references/round18-public-583/parse.rs:6744:11
     |
6744 | pub const m_B_NICE: usize = 258;
     |           ^^^^^^^^ help: convert the identifier to upper case: `M_B_NICE`

warning: constant `m_P_LDEPTH` should have an upper case name
    --> /home/runner/work/Miner/Miner/references/round18-public-583/parse.rs:6745:11
     |
6745 | pub const m_P_LDEPTH: usize = 1;
     |           ^^^^^^^^^^ help: convert the identifier to upper case: `M_P_LDEPTH`

warning: constant `m_H_LDEPTH` should have an upper case name
    --> /home/runner/work/Miner/Miner/references/round18-public-583/parse.rs:6746:11
     |
6746 | pub const m_H_LDEPTH: usize = 1;
     |           ^^^^^^^^^^ help: convert the identifier to upper case: `M_H_LDEPTH`

warning: constant `m_B_LDEPTH` should have an upper case name
    --> /home/runner/work/Miner/Miner/references/round18-public-583/parse.rs:6747:11
     |
6747 | pub const m_B_LDEPTH: usize = 2;
     |           ^^^^^^^^^^ help: convert the identifier to upper case: `M_B_LDEPTH`

warning: constant `m_P_INS` should have an upper case name
    --> /home/runner/work/Miner/Miner/references/round18-public-583/parse.rs:6748:11
     |
6748 | pub const m_P_INS: usize = 258;
     |           ^^^^^^^ help: convert the identifier to upper case: `M_P_INS`

warning: constant `m_S_INS` should have an upper case name
    --> /home/runner/work/Miner/Miner/references/round18-public-583/parse.rs:6749:11
     |
6749 | pub const m_S_INS: usize = 8;
     |           ^^^^^^^ help: convert the identifier to upper case: `M_S_INS`

warning: constant `m_B_INS` should have an upper case name
    --> /home/runner/work/Miner/Miner/references/round18-public-583/parse.rs:6750:11
     |
6750 | pub const m_B_INS: usize = 12;
     |           ^^^^^^^ help: convert the identifier to upper case: `M_B_INS`

warning: constant `m_H_INS` should have an upper case name
    --> /home/runner/work/Miner/Miner/references/round18-public-583/parse.rs:6751:11
     |
6751 | pub const m_H_INS: usize = 12;
     |           ^^^^^^^ help: convert the identifier to upper case: `M_H_INS`

warning: constant `m_P_STRIDE` should have an upper case name
    --> /home/runner/work/Miner/Miner/references/round18-public-583/parse.rs:6752:11
     |
6752 | pub const m_P_STRIDE: usize = 1;
     |           ^^^^^^^^^^ help: convert the identifier to upper case: `M_P_STRIDE`

warning: constant `m_S_STRIDE` should have an upper case name
    --> /home/runner/work/Miner/Miner/references/round18-public-583/parse.rs:6753:11
     |
6753 | pub const m_S_STRIDE: usize = 8;
     |           ^^^^^^^^^^ help: convert the identifier to upper case: `M_S_STRIDE`

warning: constant `m_B_STRIDE` should have an upper case name
    --> /home/runner/work/Miner/Miner/references/round18-public-583/parse.rs:6754:11
     |
6754 | pub const m_B_STRIDE: usize = 32;
     |           ^^^^^^^^^^ help: convert the identifier to upper case: `M_B_STRIDE`

warning: constant `m_LAZY2` should have an upper case name
    --> /home/runner/work/Miner/Miner/references/round18-public-583/parse.rs:6757:11
     |
6757 | pub const m_LAZY2: usize = 0;
     |           ^^^^^^^ help: convert the identifier to upper case: `M_LAZY2`

warning: constant `m_L2B` should have an upper case name
    --> /home/runner/work/Miner/Miner/references/round18-public-583/parse.rs:6758:11
     |
6758 | pub const m_L2B: i32 = 40;
     |           ^^^^^ help: convert the identifier to upper case: `M_L2_B`

warning: constant `m_L2DEPTH` should have an upper case name
    --> /home/runner/work/Miner/Miner/references/round18-public-583/parse.rs:6759:11
     |
6759 | pub const m_L2DEPTH: usize = 1;
     |           ^^^^^^^^^ help: convert the identifier to upper case: `M_L2_DEPTH`

warning: constant `m_MAIN_GM` should have an upper case name
    --> /home/runner/work/Miner/Miner/references/round18-public-583/parse.rs:6761:11
     |
6761 | pub const m_MAIN_GM: usize = 0;
     |           ^^^^^^^^^ help: convert the identifier to upper case: `M_MAIN_GM`

warning: constant `m_PARTIAL` should have an upper case name
    --> /home/runner/work/Miner/Miner/references/round18-public-583/parse.rs:6765:11
     |
6765 | pub const m_PARTIAL: usize = 0;
     |           ^^^^^^^^^ help: convert the identifier to upper case: `M_PARTIAL`

warning: constant `m_PDEPTH` should have an upper case name
    --> /home/runner/work/Miner/Miner/references/round18-public-583/parse.rs:6766:11
     |
6766 | pub const m_PDEPTH: usize = 8;
     |           ^^^^^^^^ help: convert the identifier to upper case: `M_PDEPTH`

warning: constant `m_FLAT_ON` should have an upper case name
    --> /home/runner/work/Miner/Miner/references/round18-public-583/parse.rs:6770:11
     |
6770 | pub const m_FLAT_ON: usize = 1;
     |           ^^^^^^^^^ help: convert the identifier to upper case: `M_FLAT_ON`

warning: constant `m_FLAT_DIV` should have an upper case name
    --> /home/runner/work/Miner/Miner/references/round18-public-583/parse.rs:6771:11
     |
6771 | pub const m_FLAT_DIV: u32 = 16;
     |           ^^^^^^^^^^ help: convert the identifier to upper case: `M_FLAT_DIV`

warning: constant `m_FLAT_SQ` should have an upper case name
    --> /home/runner/work/Miner/Miner/references/round18-public-583/parse.rs:6774:11
     |
6774 | pub const m_FLAT_SQ: u64 = 256;
     |           ^^^^^^^^^ help: convert the identifier to upper case: `M_FLAT_SQ`

warning: constant `m_F_DEPTH` should have an upper case name
    --> /home/runner/work/Miner/Miner/references/round18-public-583/parse.rs:6775:11
     |
6775 | pub const m_F_DEPTH: usize = 8;
     |           ^^^^^^^^^ help: convert the identifier to upper case: `M_F_DEPTH`

warning: constant `m_F_LAZY` should have an upper case name
    --> /home/runner/work/Miner/Miner/references/round18-public-583/parse.rs:6776:11
     |
6776 | pub const m_F_LAZY: usize = 0;
     |           ^^^^^^^^ help: convert the identifier to upper case: `M_F_LAZY`

warning: constant `m_F_LDEPTH` should have an upper case name
    --> /home/runner/work/Miner/Miner/references/round18-public-583/parse.rs:6777:11
     |
6777 | pub const m_F_LDEPTH: usize = 2;
     |           ^^^^^^^^^^ help: convert the identifier to upper case: `M_F_LDEPTH`

warning: constant `m_F_SKIP` should have an upper case name
    --> /home/runner/work/Miner/Miner/references/round18-public-583/parse.rs:6778:11
     |
6778 | pub const m_F_SKIP: usize = 6;
     |           ^^^^^^^^ help: convert the identifier to upper case: `M_F_SKIP`

warning: constant `m_H_STRIDE` should have an upper case name
    --> /home/runner/work/Miner/Miner/references/round18-public-583/parse.rs:6779:11
     |
6779 | pub const m_H_STRIDE: usize = 32;
     |           ^^^^^^^^^^ help: convert the identifier to upper case: `M_H_STRIDE`

warning: constant `m_D_ON` should have an upper case name
    --> /home/runner/work/Miner/Miner/references/round18-public-583/parse.rs:6835:11
     |
6835 | pub const m_D_ON: usize = 1;
     |           ^^^^^^ help: convert the identifier to upper case: `M_D_ON`

warning: constant `m_D_KEY` should have an upper case name
    --> /home/runner/work/Miner/Miner/references/round18-public-583/parse.rs:6836:11
     |
6836 | pub const m_D_KEY: u32 = 8;
     |           ^^^^^^^ help: convert the identifier to upper case: `M_D_KEY`

warning: constant `m_D_MINL` should have an upper case name
    --> /home/runner/work/Miner/Miner/references/round18-public-583/parse.rs:6837:11
     |
6837 | pub const m_D_MINL: usize = 9;
     |           ^^^^^^^^ help: convert the identifier to upper case: `M_D_MINL`

warning: constant `m_D_DEPTH` should have an upper case name
    --> /home/runner/work/Miner/Miner/references/round18-public-583/parse.rs:6838:11
     |
6838 | pub const m_D_DEPTH: usize = 1;
     |           ^^^^^^^^^ help: convert the identifier to upper case: `M_D_DEPTH`

warning: constant `m_D_LAZY` should have an upper case name
    --> /home/runner/work/Miner/Miner/references/round18-public-583/parse.rs:6839:11
     |
6839 | pub const m_D_LAZY: usize = 0;
     |           ^^^^^^^^ help: convert the identifier to upper case: `M_D_LAZY`

warning: constant `m_D_LDEPTH` should have an upper case name
    --> /home/runner/work/Miner/Miner/references/round18-public-583/parse.rs:6840:11
     |
6840 | pub const m_D_LDEPTH: usize = 1;
     |           ^^^^^^^^^^ help: convert the identifier to upper case: `M_D_LDEPTH`

warning: constant `m_D_SKIP` should have an upper case name
    --> /home/runner/work/Miner/Miner/references/round18-public-583/parse.rs:6841:11
     |
6841 | pub const m_D_SKIP: usize = 8;
     |           ^^^^^^^^ help: convert the identifier to upper case: `M_D_SKIP`

warning: constant `m_D_GM` should have an upper case name
    --> /home/runner/work/Miner/Miner/references/round18-public-583/parse.rs:6842:11
     |
6842 | pub const m_D_GM: usize = 0;
     |           ^^^^^^ help: convert the identifier to upper case: `M_D_GM`

warning: constant `pc_HB` should have an upper case name
    --> /home/runner/work/Miner/Miner/references/round18-public-583/parse.rs:6884:11
     |
6884 | pub const pc_HB: u32 = 15;
     |           ^^^^^
     |
help: convert the identifier to upper case
     |
6884 - pub const pc_HB: u32 = 15;
6884 + pub const PC_HB: u32 = 15;
     |

warning: constant `pc_HN` should have an upper case name
    --> /home/runner/work/Miner/Miner/references/round18-public-583/parse.rs:6885:11
     |
6885 | pub const pc_HN: usize = 32768;
     |           ^^^^^ help: convert the identifier to upper case: `PC_HN`

warning: constant `pc_WN` should have an upper case name
    --> /home/runner/work/Miner/Miner/references/round18-public-583/parse.rs:6886:11
     |
6886 | pub const pc_WN: usize = 32768;
     |           ^^^^^ help: convert the identifier to upper case: `PC_WN`

warning: constant `pc_SMALL` should have an upper case name
    --> /home/runner/work/Miner/Miner/references/round18-public-583/parse.rs:6888:11
     |
6888 | pub const pc_SMALL: usize = 65536;
     |           ^^^^^^^^ help: convert the identifier to upper case: `PC_SMALL`

warning: constant `pc_HS` should have an upper case name
    --> /home/runner/work/Miner/Miner/references/round18-public-583/parse.rs:6889:11
     |
6889 | pub const pc_HS: usize = 4096;
     |           ^^^^^ help: convert the identifier to upper case: `PC_HS`

warning: constant `pc_WS` should have an upper case name
    --> /home/runner/work/Miner/Miner/references/round18-public-583/parse.rs:6890:11
     |
6890 | pub const pc_WS: usize = 16384;
     |           ^^^^^ help: convert the identifier to upper case: `PC_WS`

warning: constant `pc_NICE` should have an upper case name
    --> /home/runner/work/Miner/Miner/references/round18-public-583/parse.rs:6891:11
     |
6891 | pub const pc_NICE: usize = 32;
     |           ^^^^^^^ help: convert the identifier to upper case: `PC_NICE`

warning: constant `pc_INS_MAX` should have an upper case name
    --> /home/runner/work/Miner/Miner/references/round18-public-583/parse.rs:6892:11
     |
6892 | pub const pc_INS_MAX: usize = 2;
     |           ^^^^^^^^^^
     |
help: convert the identifier to upper case
     |
6892 - pub const pc_INS_MAX: usize = 2;
6892 + pub const PC_INS_MAX: usize = 2;
     |

warning: constant `pc_TAIL` should have an upper case name
    --> /home/runner/work/Miner/Miner/references/round18-public-583/parse.rs:6893:11
     |
6893 | pub const pc_TAIL: usize = 1;
     |           ^^^^^^^
     |
help: convert the identifier to upper case
     |
6893 - pub const pc_TAIL: usize = 1;
6893 + pub const PC_TAIL: usize = 1;
     |

warning: constant `pc_STRIDE` should have an upper case name
    --> /home/runner/work/Miner/Miner/references/round18-public-583/parse.rs:6896:11
     |
6896 | pub const pc_STRIDE: usize = 0;
     |           ^^^^^^^^^ help: convert the identifier to upper case: `PC_STRIDE`

warning: constant `pc_BACKTOK` should have an upper case name
    --> /home/runner/work/Miner/Miner/references/round18-public-583/parse.rs:6897:11
     |
6897 | pub const pc_BACKTOK: usize = 16;
     |           ^^^^^^^^^^
     |
help: convert the identifier to upper case
     |
6897 - pub const pc_BACKTOK: usize = 16;
6897 + pub const PC_BACKTOK: usize = 16;
     |

warning: constant `pc_LDEPTH` should have an upper case name
    --> /home/runner/work/Miner/Miner/references/round18-public-583/parse.rs:6898:11
     |
6898 | pub const pc_LDEPTH: usize = 1;
     |           ^^^^^^^^^ help: convert the identifier to upper case: `PC_LDEPTH`

warning: constant `pc_SAMPLE` should have an upper case name
    --> /home/runner/work/Miner/Miner/references/round18-public-583/parse.rs:6899:11
     |
6899 | pub const pc_SAMPLE: usize = 2048;
     |           ^^^^^^^^^ help: convert the identifier to upper case: `PC_SAMPLE`

warning: constant `pc_VERIFY` should have an upper case name
    --> /home/runner/work/Miner/Miner/references/round18-public-583/parse.rs:6900:11
     |
6900 | pub const pc_VERIFY: usize = 0;
     |           ^^^^^^^^^
     |
help: convert the identifier to upper case
     |
6900 - pub const pc_VERIFY: usize = 0;
6900 + pub const PC_VERIFY: usize = 0;
     |

warning: constant `pc_LSLACK` should have an upper case name
    --> /home/runner/work/Miner/Miner/references/round18-public-583/parse.rs:6904:11
     |
6904 | pub const pc_LSLACK: usize = 1;
     |           ^^^^^^^^^
     |
help: convert the identifier to upper case
     |
6904 - pub const pc_LSLACK: usize = 1;
6904 + pub const PC_LSLACK: usize = 1;
     |

warning: constant `pc_HLIT` should have an upper case name
    --> /home/runner/work/Miner/Miner/references/round18-public-583/parse.rs:6905:11
     |
6905 | pub const pc_HLIT: u32 = 80;
     |           ^^^^^^^
     |
help: convert the identifier to upper case
     |
6905 - pub const pc_HLIT: u32 = 80;
6905 + pub const PC_HLIT: u32 = 80;
     |

warning: constant `pc_GBASE` should have an upper case name
    --> /home/runner/work/Miner/Miner/references/round18-public-583/parse.rs:6906:11
     |
6906 | pub const pc_GBASE: i32 = 168;
     |           ^^^^^^^^
     |
help: convert the identifier to upper case
     |
6906 - pub const pc_GBASE: i32 = 168;
6906 + pub const PC_GBASE: i32 = 168;
     |

warning: constant `pc_T_DEPTH` should have an upper case name
    --> /home/runner/work/Miner/Miner/references/round18-public-583/parse.rs:6910:11
     |
6910 | pub const pc_T_DEPTH: usize = 1;
     |           ^^^^^^^^^^ help: convert the identifier to upper case: `PC_T_DEPTH`

warning: constant `pc_T_LAZY` should have an upper case name
    --> /home/runner/work/Miner/Miner/references/round18-public-583/parse.rs:6911:11
     |
6911 | pub const pc_T_LAZY: usize = 0;
     |           ^^^^^^^^^ help: convert the identifier to upper case: `PC_T_LAZY`

warning: constant `pc_T_SKIP` should have an upper case name
    --> /home/runner/work/Miner/Miner/references/round18-public-583/parse.rs:6912:11
     |
6912 | pub const pc_T_SKIP: usize = 4;
     |           ^^^^^^^^^ help: convert the identifier to upper case: `PC_T_SKIP`

warning: constant `pc_P_DEPTH` should have an upper case name
    --> /home/runner/work/Miner/Miner/references/round18-public-583/parse.rs:6913:11
     |
6913 | pub const pc_P_DEPTH: usize = 1;
     |           ^^^^^^^^^^ help: convert the identifier to upper case: `PC_P_DEPTH`

warning: constant `pc_P_LAZY` should have an upper case name
    --> /home/runner/work/Miner/Miner/references/round18-public-583/parse.rs:6914:11
     |
6914 | pub const pc_P_LAZY: usize = 0;
     |           ^^^^^^^^^ help: convert the identifier to upper case: `PC_P_LAZY`

warning: constant `pc_P_SKIP` should have an upper case name
    --> /home/runner/work/Miner/Miner/references/round18-public-583/parse.rs:6915:11
     |
6915 | pub const pc_P_SKIP: usize = 5;
     |           ^^^^^^^^^ help: convert the identifier to upper case: `PC_P_SKIP`

warning: constant `pc_P_KM` should have an upper case name
    --> /home/runner/work/Miner/Miner/references/round18-public-583/parse.rs:6917:11
     |
6917 | pub const pc_P_KM: u32 = 4294967295;
     |           ^^^^^^^ help: convert the identifier to upper case: `PC_P_KM`

warning: constant `pc_H_DEPTH` should have an upper case name
    --> /home/runner/work/Miner/Miner/references/round18-public-583/parse.rs:6918:11
     |
6918 | pub const pc_H_DEPTH: usize = 3;
     |           ^^^^^^^^^^ help: convert the identifier to upper case: `PC_H_DEPTH`

warning: constant `pc_H_LAZY` should have an upper case name
    --> /home/runner/work/Miner/Miner/references/round18-public-583/parse.rs:6919:11
     |
6919 | pub const pc_H_LAZY: usize = 0;
     |           ^^^^^^^^^ help: convert the identifier to upper case: `PC_H_LAZY`

warning: constant `pc_H_SKIP` should have an upper case name
    --> /home/runner/work/Miner/Miner/references/round18-public-583/parse.rs:6920:11
     |
6920 | pub const pc_H_SKIP: usize = 3;
     |           ^^^^^^^^^ help: convert the identifier to upper case: `PC_H_SKIP`

warning: constant `pc_Z_DEPTH` should have an upper case name
    --> /home/runner/work/Miner/Miner/references/round18-public-583/parse.rs:6921:11
     |
6921 | pub const pc_Z_DEPTH: usize = 1;
     |           ^^^^^^^^^^ help: convert the identifier to upper case: `PC_Z_DEPTH`

warning: constant `pc_Z_SKIP` should have an upper case name
    --> /home/runner/work/Miner/Miner/references/round18-public-583/parse.rs:6922:11
     |
6922 | pub const pc_Z_SKIP: usize = 4;
     |           ^^^^^^^^^ help: convert the identifier to upper case: `PC_Z_SKIP`

warning: constant `pc_Z_CAP` should have an upper case name
    --> /home/runner/work/Miner/Miner/references/round18-public-583/parse.rs:6923:11
     |
6923 | pub const pc_Z_CAP: usize = 8;
     |           ^^^^^^^^ help: convert the identifier to upper case: `PC_Z_CAP`

warning: constant `pc_B_DEPTH` should have an upper case name
    --> /home/runner/work/Miner/Miner/references/round18-public-583/parse.rs:6924:11
     |
6924 | pub const pc_B_DEPTH: usize = 4;
     |           ^^^^^^^^^^ help: convert the identifier to upper case: `PC_B_DEPTH`

warning: constant `pc_B_LAZY` should have an upper case name
    --> /home/runner/work/Miner/Miner/references/round18-public-583/parse.rs:6925:11
     |
6925 | pub const pc_B_LAZY: usize = 3;
     |           ^^^^^^^^^ help: convert the identifier to upper case: `PC_B_LAZY`

warning: constant `pc_B_SKIP` should have an upper case name
    --> /home/runner/work/Miner/Miner/references/round18-public-583/parse.rs:6926:11
     |
6926 | pub const pc_B_SKIP: usize = 4;
     |           ^^^^^^^^^ help: convert the identifier to upper case: `PC_B_SKIP`

warning: constant `pc_SDIG` should have an upper case name
    --> /home/runner/work/Miner/Miner/references/round18-public-583/parse.rs:6929:11
     |
6929 | pub const pc_SDIG: u32 = 6;
     |           ^^^^^^^ help: convert the identifier to upper case: `PC_SDIG`

warning: constant `pc_S_DEPTH` should have an upper case name
    --> /home/runner/work/Miner/Miner/references/round18-public-583/parse.rs:6930:11
     |
6930 | pub const pc_S_DEPTH: usize = 1;
     |           ^^^^^^^^^^ help: convert the identifier to upper case: `PC_S_DEPTH`

warning: constant `pc_S_LDEPTH` should have an upper case name
    --> /home/runner/work/Miner/Miner/references/round18-public-583/parse.rs:6931:11
     |
6931 | pub const pc_S_LDEPTH: usize = 1;
     |           ^^^^^^^^^^^ help: convert the identifier to upper case: `PC_S_LDEPTH`

warning: constant `pc_S_LAZY` should have an upper case name
    --> /home/runner/work/Miner/Miner/references/round18-public-583/parse.rs:6932:11
     |
6932 | pub const pc_S_LAZY: usize = 258;
     |           ^^^^^^^^^ help: convert the identifier to upper case: `PC_S_LAZY`

warning: constant `pc_SKCAP` should have an upper case name
    --> /home/runner/work/Miner/Miner/references/round18-public-583/parse.rs:6934:11
     |
6934 | pub const pc_SKCAP: usize = 1000000;
     |           ^^^^^^^^ help: convert the identifier to upper case: `PC_SKCAP`

warning: constant `pc_R1_ON` should have an upper case name
    --> /home/runner/work/Miner/Miner/references/round18-public-583/parse.rs:6937:11
     |
6937 | pub const pc_R1_ON: usize = 1;
     |           ^^^^^^^^ help: convert the identifier to upper case: `PC_R1_ON`

warning: constant `pc_ST_ON` should have an upper case name
    --> /home/runner/work/Miner/Miner/references/round18-public-583/parse.rs:6943:11
     |
6943 | pub const pc_ST_ON: usize = 1;
     |           ^^^^^^^^ help: convert the identifier to upper case: `PC_ST_ON`

warning: constant `pc_ST_MIN` should have an upper case name
    --> /home/runner/work/Miner/Miner/references/round18-public-583/parse.rs:6944:11
     |
6944 | pub const pc_ST_MIN: usize = 65536;
     |           ^^^^^^^^^ help: convert the identifier to upper case: `PC_ST_MIN`

warning: constant `pc_ST_SAMPLE` should have an upper case name
    --> /home/runner/work/Miner/Miner/references/round18-public-583/parse.rs:6945:11
     |
6945 | pub const pc_ST_SAMPLE: usize = 4096;
     |           ^^^^^^^^^^^^ help: convert the identifier to upper case: `PC_ST_SAMPLE`

warning: constant `pc_ST_FEW` should have an upper case name
    --> /home/runner/work/Miner/Miner/references/round18-public-583/parse.rs:6946:11
     |
6946 | pub const pc_ST_FEW: usize = 32;
     |           ^^^^^^^^^ help: convert the identifier to upper case: `PC_ST_FEW`

warning: constant `pc_ST_MANY` should have an upper case name
    --> /home/runner/work/Miner/Miner/references/round18-public-583/parse.rs:6947:11
     |
6947 | pub const pc_ST_MANY: usize = 160;
     |           ^^^^^^^^^^ help: convert the identifier to upper case: `PC_ST_MANY`

warning: constant `pc_ST_HB` should have an upper case name
    --> /home/runner/work/Miner/Miner/references/round18-public-583/parse.rs:6948:11
     |
6948 | pub const pc_ST_HB: u32 = 17;
     |           ^^^^^^^^ help: convert the identifier to upper case: `PC_ST_HB`

warning: constant `pc_ST_HN` should have an upper case name
    --> /home/runner/work/Miner/Miner/references/round18-public-583/parse.rs:6949:11
     |
6949 | pub const pc_ST_HN: usize = 131072;
     |           ^^^^^^^^ help: convert the identifier to upper case: `PC_ST_HN`

warning: constant `pc_ST_DMAX` should have an upper case name
    --> /home/runner/work/Miner/Miner/references/round18-public-583/parse.rs:6950:11
     |
6950 | pub const pc_ST_DMAX: usize = 32768;
     |           ^^^^^^^^^^ help: convert the identifier to upper case: `PC_ST_DMAX`

warning: constant `pc_ST_INS` should have an upper case name
    --> /home/runner/work/Miner/Miner/references/round18-public-583/parse.rs:6954:11
     |
6954 | pub const pc_ST_INS: usize = 258;
     |           ^^^^^^^^^ help: convert the identifier to upper case: `PC_ST_INS`

warning: constant `pc_ST_DMIN` should have an upper case name
    --> /home/runner/work/Miner/Miner/references/round18-public-583/parse.rs:6955:11
     |
6955 | pub const pc_ST_DMIN: usize = 129;
     |           ^^^^^^^^^^ help: convert the identifier to upper case: `PC_ST_DMIN`

warning: constant `pc_TF_N` should have an upper case name
    --> /home/runner/work/Miner/Miner/references/round18-public-583/parse.rs:6960:11
     |
6960 | pub const pc_TF_N: usize = 65536;
     |           ^^^^^^^ help: convert the identifier to upper case: `PC_TF_N`

warning: constant `pc_TF_TEXT` should have an upper case name
    --> /home/runner/work/Miner/Miner/references/round18-public-583/parse.rs:6961:11
     |
6961 | pub const pc_TF_TEXT: usize = 1;
     |           ^^^^^^^^^^ help: convert the identifier to upper case: `PC_TF_TEXT`

warning: constant `pc_TF_TKIND` should have an upper case name
    --> /home/runner/work/Miner/Miner/references/round18-public-583/parse.rs:6962:11
     |
6962 | pub const pc_TF_TKIND: usize = 1;
     |           ^^^^^^^^^^^ help: convert the identifier to upper case: `PC_TF_TKIND`

warning: constant `pc_TF_SAMPLE` should have an upper case name
    --> /home/runner/work/Miner/Miner/references/round18-public-583/parse.rs:6965:11
     |
6965 | pub const pc_TF_SAMPLE: usize = 256;
     |           ^^^^^^^^^^^^ help: convert the identifier to upper case: `PC_TF_SAMPLE`

warning: constant `pc_TF_SDIG` should have an upper case name
    --> /home/runner/work/Miner/Miner/references/round18-public-583/parse.rs:6966:11
     |
6966 | pub const pc_TF_SDIG: u32 = 6;
     |           ^^^^^^^^^^ help: convert the identifier to upper case: `PC_TF_SDIG`

warning: constant `pc_TF_HB` should have an upper case name
    --> /home/runner/work/Miner/Miner/references/round18-public-583/parse.rs:6972:11
     |
6972 | pub const pc_TF_HB: u32 = 12;
     |           ^^^^^^^^ help: convert the identifier to upper case: `PC_TF_HB`

warning: constant `pc_TF_HN` should have an upper case name
    --> /home/runner/work/Miner/Miner/references/round18-public-583/parse.rs:6973:11
     |
6973 | pub const pc_TF_HN: usize = 4096;
     |           ^^^^^^^^ help: convert the identifier to upper case: `PC_TF_HN`

warning: constant `pc_TF_WN` should have an upper case name
    --> /home/runner/work/Miner/Miner/references/round18-public-583/parse.rs:6974:11
     |
6974 | pub const pc_TF_WN: usize = 16384;
     |           ^^^^^^^^ help: convert the identifier to upper case: `PC_TF_WN`

warning: constant `pc_TF_TDEPTH` should have an upper case name
    --> /home/runner/work/Miner/Miner/references/round18-public-583/parse.rs:6978:11
     |
6978 | pub const pc_TF_TDEPTH: usize = 1;
     |           ^^^^^^^^^^^^ help: convert the identifier to upper case: `PC_TF_TDEPTH`

warning: constant `pc_TF_TLAZY` should have an upper case name
    --> /home/runner/work/Miner/Miner/references/round18-public-583/parse.rs:6979:11
     |
6979 | pub const pc_TF_TLAZY: usize = 0;
     |           ^^^^^^^^^^^ help: convert the identifier to upper case: `PC_TF_TLAZY`

warning: constant `pc_TF_TSKIP` should have an upper case name
    --> /home/runner/work/Miner/Miner/references/round18-public-583/parse.rs:6980:11
     |
6980 | pub const pc_TF_TSKIP: usize = 3;
     |           ^^^^^^^^^^^ help: convert the identifier to upper case: `PC_TF_TSKIP`

warning: constant `pc_TF_SDEPTH` should have an upper case name
    --> /home/runner/work/Miner/Miner/references/round18-public-583/parse.rs:6981:11
     |
6981 | pub const pc_TF_SDEPTH: usize = 1;
     |           ^^^^^^^^^^^^ help: convert the identifier to upper case: `PC_TF_SDEPTH`

warning: constant `pc_TF_SLAZY` should have an upper case name
    --> /home/runner/work/Miner/Miner/references/round18-public-583/parse.rs:6982:11
     |
6982 | pub const pc_TF_SLAZY: usize = 258;
     |           ^^^^^^^^^^^ help: convert the identifier to upper case: `PC_TF_SLAZY`

warning: constant `pc_TF_SSKIP` should have an upper case name
    --> /home/runner/work/Miner/Miner/references/round18-public-583/parse.rs:6983:11
     |
6983 | pub const pc_TF_SSKIP: usize = 3;
     |           ^^^^^^^^^^^ help: convert the identifier to upper case: `PC_TF_SSKIP`

warning: constant `pc_TF_BDEPTH` should have an upper case name
    --> /home/runner/work/Miner/Miner/references/round18-public-583/parse.rs:6984:11
     |
6984 | pub const pc_TF_BDEPTH: usize = 0;
     |           ^^^^^^^^^^^^ help: convert the identifier to upper case: `PC_TF_BDEPTH`

warning: constant `pc_TF_BLAZY` should have an upper case name
    --> /home/runner/work/Miner/Miner/references/round18-public-583/parse.rs:6985:11
     |
6985 | pub const pc_TF_BLAZY: usize = 0;
     |           ^^^^^^^^^^^ help: convert the identifier to upper case: `PC_TF_BLAZY`

warning: constant `pc_TF_BSKIP` should have an upper case name
    --> /home/runner/work/Miner/Miner/references/round18-public-583/parse.rs:6986:11
     |
6986 | pub const pc_TF_BSKIP: usize = 4;
     |           ^^^^^^^^^^^ help: convert the identifier to upper case: `PC_TF_BSKIP`

warning: constant `pc_TF_NICE` should have an upper case name
    --> /home/runner/work/Miner/Miner/references/round18-public-583/parse.rs:6988:11
     |
6988 | pub const pc_TF_NICE: usize = 64;
     |           ^^^^^^^^^^ help: convert the identifier to upper case: `PC_TF_NICE`

warning: constant `pc_TF_SKCAP` should have an upper case name
    --> /home/runner/work/Miner/Miner/references/round18-public-583/parse.rs:6989:11
     |
6989 | pub const pc_TF_SKCAP: usize = 1000000;
     |           ^^^^^^^^^^^ help: convert the identifier to upper case: `PC_TF_SKCAP`

warning: constant `pc_TF_TRLE` should have an upper case name
    --> /home/runner/work/Miner/Miner/references/round18-public-583/parse.rs:6991:11
     |
6991 | pub const pc_TF_TRLE: usize = 1;
     |           ^^^^^^^^^^ help: convert the identifier to upper case: `PC_TF_TRLE`

warning: constant `pc_TF_BACK` should have an upper case name
    --> /home/runner/work/Miner/Miner/references/round18-public-583/parse.rs:6994:11
     |
6994 | pub const pc_TF_BACK: usize = 1;
     |           ^^^^^^^^^^ help: convert the identifier to upper case: `PC_TF_BACK`

warning: constant `pc_TF_FOLD` should have an upper case name
    --> /home/runner/work/Miner/Miner/references/round18-public-583/parse.rs:6995:11
     |
6995 | pub const pc_TF_FOLD: usize = 1;
     |           ^^^^^^^^^^ help: convert the identifier to upper case: `PC_TF_FOLD`

warning: constant `pc_TF_REP` should have an upper case name
    --> /home/runner/work/Miner/Miner/references/round18-public-583/parse.rs:6997:11
     |
6997 | pub const pc_TF_REP: usize = 0;
     |           ^^^^^^^^^ help: convert the identifier to upper case: `PC_TF_REP`

warning: constant `pc_TF_RUNSKIP` should have an upper case name
    --> /home/runner/work/Miner/Miner/references/round18-public-583/parse.rs:6999:11
     |
6999 | pub const pc_TF_RUNSKIP: usize = 1;
     |           ^^^^^^^^^^^^^ help: convert the identifier to upper case: `PC_TF_RUNSKIP`

warning: constant `pc_TF_INS` should have an upper case name
    --> /home/runner/work/Miner/Miner/references/round18-public-583/parse.rs:7001:11
     |
7001 | pub const pc_TF_INS: usize = 2;
     |           ^^^^^^^^^ help: convert the identifier to upper case: `PC_TF_INS`

warning: constant `pc_TF_TAIL` should have an upper case name
    --> /home/runner/work/Miner/Miner/references/round18-public-583/parse.rs:7002:11
     |
7002 | pub const pc_TF_TAIL: usize = 1;
     |           ^^^^^^^^^^ help: convert the identifier to upper case: `PC_TF_TAIL`

warning: constant `pc_TF_KL` should have an upper case name
    --> /home/runner/work/Miner/Miner/references/round18-public-583/parse.rs:7005:11
     |
7005 | pub const pc_TF_KL: u32 = 5;
     |           ^^^^^^^^ help: convert the identifier to upper case: `PC_TF_KL`

warning: constant `pc_TF_KD` should have an upper case name
    --> /home/runner/work/Miner/Miner/references/round18-public-583/parse.rs:7006:11
     |
7006 | pub const pc_TF_KD: u32 = 5;
     |           ^^^^^^^^ help: convert the identifier to upper case: `PC_TF_KD`

warning: constant `pc_TF_BKL` should have an upper case name
    --> /home/runner/work/Miner/Miner/references/round18-public-583/parse.rs:7007:11
     |
7007 | pub const pc_TF_BKL: u32 = 3;
     |           ^^^^^^^^^ help: convert the identifier to upper case: `PC_TF_BKL`

warning: constant `pc_TF_BKD` should have an upper case name
    --> /home/runner/work/Miner/Miner/references/round18-public-583/parse.rs:7008:11
     |
7008 | pub const pc_TF_BKD: u32 = 3;
     |           ^^^^^^^^^ help: convert the identifier to upper case: `PC_TF_BKD`

warning: constant `pc_TF_RDEPTH` should have an upper case name
    --> /home/runner/work/Miner/Miner/references/round18-public-583/parse.rs:7012:11
     |
7012 | pub const pc_TF_RDEPTH: usize = 8;
     |           ^^^^^^^^^^^^ help: convert the identifier to upper case: `PC_TF_RDEPTH`

warning: constant `pc_TF_SHIFT` should have an upper case name
    --> /home/runner/work/Miner/Miner/references/round18-public-583/parse.rs:7013:11
     |
7013 | pub const pc_TF_SHIFT: usize = 1;
     |           ^^^^^^^^^^^ help: convert the identifier to upper case: `PC_TF_SHIFT`

warning: constant `pc_TF_DLIT` should have an upper case name
    --> /home/runner/work/Miner/Miner/references/round18-public-583/parse.rs:7014:11
     |
7014 | pub const pc_TF_DLIT: usize = 8;
     |           ^^^^^^^^^^ help: convert the identifier to upper case: `PC_TF_DLIT`

warning: constant `pc_KF_ON` should have an upper case name
    --> /home/runner/work/Miner/Miner/references/round18-public-583/parse.rs:7627:11
     |
7627 | pub const pc_KF_ON: usize = 9;
     |           ^^^^^^^^ help: convert the identifier to upper case: `PC_KF_ON`

warning: constant `pc_KF_DP` should have an upper case name
    --> /home/runner/work/Miner/Miner/references/round18-public-583/parse.rs:7628:11
     |
7628 | pub const pc_KF_DP: usize = 1;
     |           ^^^^^^^^ help: convert the identifier to upper case: `PC_KF_DP`

warning: constant `pc_KF_BDP` should have an upper case name
    --> /home/runner/work/Miner/Miner/references/round18-public-583/parse.rs:7629:11
     |
7629 | pub const pc_KF_BDP: usize = 2;
     |           ^^^^^^^^^ help: convert the identifier to upper case: `PC_KF_BDP`

warning: constant `pc_KF_BSKIP` should have an upper case name
    --> /home/runner/work/Miner/Miner/references/round18-public-583/parse.rs:7630:11
     |
7630 | pub const pc_KF_BSKIP: usize = 6;
     |           ^^^^^^^^^^^ help: convert the identifier to upper case: `PC_KF_BSKIP`

warning: constant `pc_TF_LSYM` should have an upper case name
    --> /home/runner/work/Miner/Miner/references/round18-public-583/parse.rs:8164:11
     |
8164 | pub const pc_TF_LSYM: [u8; 512] = [
     |           ^^^^^^^^^^ help: convert the identifier to upper case: `PC_TF_LSYM`

warning: constant `pc_TF_DSYM` should have an upper case name
    --> /home/runner/work/Miner/Miner/references/round18-public-583/parse.rs:8183:11
     |
8183 | pub const pc_TF_DSYM: [u8; 512] = [
     |           ^^^^^^^^^^ help: convert the identifier to upper case: `PC_TF_DSYM`

warning: constant `pc_TF_LBASE` should have an upper case name
    --> /home/runner/work/Miner/Miner/references/round18-public-583/parse.rs:8202:11
     |
8202 | pub const pc_TF_LBASE: [u16; 32] = [3, 4, 5, 6, 7, 8, 9, 10, 11, 13, 15, 17, 19, 23, 27, 31, 35, 43, 51, 59, 67, 83, 99, 115, 131,...
     |           ^^^^^^^^^^^ help: convert the identifier to upper case: `PC_TF_LBASE`

warning: constant `pc_TF_LTOP` should have an upper case name
    --> /home/runner/work/Miner/Miner/references/round18-public-583/parse.rs:8203:11
     |
8203 | pub const pc_TF_LTOP: [u16; 32] = [3, 4, 5, 6, 7, 8, 9, 10, 12, 14, 16, 18, 22, 26, 30, 34, 42, 50, 58, 66, 82, 98, 114, 130, 162,...
     |           ^^^^^^^^^^ help: convert the identifier to upper case: `PC_TF_LTOP`

warning: constant `q4_HB` should have an upper case name
    --> /home/runner/work/Miner/Miner/references/round18-public-583/parse.rs:8238:11
     |
8238 | pub const q4_HB: u32 = 15;
     |           ^^^^^
     |
help: convert the identifier to upper case
     |
8238 - pub const q4_HB: u32 = 15;
8238 + pub const Q4_HB: u32 = 15;
     |

warning: constant `q4_HN` should have an upper case name
    --> /home/runner/work/Miner/Miner/references/round18-public-583/parse.rs:8239:11
     |
8239 | pub const q4_HN: usize = 32768;
     |           ^^^^^ help: convert the identifier to upper case: `Q4_HN`

warning: constant `q4_WN` should have an upper case name
    --> /home/runner/work/Miner/Miner/references/round18-public-583/parse.rs:8240:11
     |
8240 | pub const q4_WN: usize = 32768;
     |           ^^^^^ help: convert the identifier to upper case: `Q4_WN`

warning: constant `q4_SMALL` should have an upper case name
    --> /home/runner/work/Miner/Miner/references/round18-public-583/parse.rs:8242:11
     |
8242 | pub const q4_SMALL: usize = 65536;
     |           ^^^^^^^^ help: convert the identifier to upper case: `Q4_SMALL`

warning: constant `q4_HS` should have an upper case name
    --> /home/runner/work/Miner/Miner/references/round18-public-583/parse.rs:8243:11
     |
8243 | pub const q4_HS: usize = 4096;
     |           ^^^^^ help: convert the identifier to upper case: `Q4_HS`

warning: constant `q4_WS` should have an upper case name
    --> /home/runner/work/Miner/Miner/references/round18-public-583/parse.rs:8244:11
     |
8244 | pub const q4_WS: usize = 16384;
     |           ^^^^^ help: convert the identifier to upper case: `Q4_WS`

warning: constant `q4_NICE` should have an upper case name
    --> /home/runner/work/Miner/Miner/references/round18-public-583/parse.rs:8245:11
     |
8245 | pub const q4_NICE: usize = 32;
     |           ^^^^^^^ help: convert the identifier to upper case: `Q4_NICE`

warning: constant `q4_INS_MAX` should have an upper case name
    --> /home/runner/work/Miner/Miner/references/round18-public-583/parse.rs:8246:11
     |
8246 | pub const q4_INS_MAX: usize = 0;
     |           ^^^^^^^^^^
     |
help: convert the identifier to upper case
     |
8246 - pub const q4_INS_MAX: usize = 0;
8246 + pub const Q4_INS_MAX: usize = 0;
     |

warning: constant `q4_TAIL` should have an upper case name
    --> /home/runner/work/Miner/Miner/references/round18-public-583/parse.rs:8247:11
     |
8247 | pub const q4_TAIL: usize = 0;
     |           ^^^^^^^
     |
help: convert the identifier to upper case
     |
8247 - pub const q4_TAIL: usize = 0;
8247 + pub const Q4_TAIL: usize = 0;
     |

warning: constant `q4_STRIDE` should have an upper case name
    --> /home/runner/work/Miner/Miner/references/round18-public-583/parse.rs:8250:11
     |
8250 | pub const q4_STRIDE: usize = 0;
     |           ^^^^^^^^^ help: convert the identifier to upper case: `Q4_STRIDE`

warning: constant `q4_BACKTOK` should have an upper case name
    --> /home/runner/work/Miner/Miner/references/round18-public-583/parse.rs:8251:11
     |
8251 | pub const q4_BACKTOK: usize = 16;
     |           ^^^^^^^^^^
     |
help: convert the identifier to upper case
     |
8251 - pub const q4_BACKTOK: usize = 16;
8251 + pub const Q4_BACKTOK: usize = 16;
     |

warning: constant `q4_LDEPTH` should have an upper case name
    --> /home/runner/work/Miner/Miner/references/round18-public-583/parse.rs:8252:11
     |
8252 | pub const q4_LDEPTH: usize = 1;
     |           ^^^^^^^^^ help: convert the identifier to upper case: `Q4_LDEPTH`

warning: constant `q4_SAMPLE` should have an upper case name
    --> /home/runner/work/Miner/Miner/references/round18-public-583/parse.rs:8253:11
     |
8253 | pub const q4_SAMPLE: usize = 2048;
     |           ^^^^^^^^^ help: convert the identifier to upper case: `Q4_SAMPLE`

warning: constant `q4_VERIFY` should have an upper case name
    --> /home/runner/work/Miner/Miner/references/round18-public-583/parse.rs:8254:11
     |
8254 | pub const q4_VERIFY: usize = 0;
     |           ^^^^^^^^^
     |
help: convert the identifier to upper case
     |
8254 - pub const q4_VERIFY: usize = 0;
8254 + pub const Q4_VERIFY: usize = 0;
     |

warning: constant `q4_LSLACK` should have an upper case name
    --> /home/runner/work/Miner/Miner/references/round18-public-583/parse.rs:8258:11
     |
8258 | pub const q4_LSLACK: usize = 1;
     |           ^^^^^^^^^
     |
help: convert the identifier to upper case
     |
8258 - pub const q4_LSLACK: usize = 1;
8258 + pub const Q4_LSLACK: usize = 1;
     |

warning: constant `q4_HLIT` should have an upper case name
    --> /home/runner/work/Miner/Miner/references/round18-public-583/parse.rs:8259:11
     |
8259 | pub const q4_HLIT: u32 = 80;
     |           ^^^^^^^
     |
help: convert the identifier to upper case
     |
8259 - pub const q4_HLIT: u32 = 80;
8259 + pub const Q4_HLIT: u32 = 80;
     |

warning: constant `q4_GBASE` should have an upper case name
    --> /home/runner/work/Miner/Miner/references/round18-public-583/parse.rs:8260:11
     |
8260 | pub const q4_GBASE: i32 = 168;
     |           ^^^^^^^^
     |
help: convert the identifier to upper case
     |
8260 - pub const q4_GBASE: i32 = 168;
8260 + pub const Q4_GBASE: i32 = 168;
     |

warning: constant `q4_T_DEPTH` should have an upper case name
    --> /home/runner/work/Miner/Miner/references/round18-public-583/parse.rs:8264:11
     |
8264 | pub const q4_T_DEPTH: usize = 1;
     |           ^^^^^^^^^^ help: convert the identifier to upper case: `Q4_T_DEPTH`

warning: constant `q4_T_LAZY` should have an upper case name
    --> /home/runner/work/Miner/Miner/references/round18-public-583/parse.rs:8265:11
     |
8265 | pub const q4_T_LAZY: usize = 0;
     |           ^^^^^^^^^ help: convert the identifier to upper case: `Q4_T_LAZY`

warning: constant `q4_T_SKIP` should have an upper case name
    --> /home/runner/work/Miner/Miner/references/round18-public-583/parse.rs:8266:11
     |
8266 | pub const q4_T_SKIP: usize = 4;
     |           ^^^^^^^^^ help: convert the identifier to upper case: `Q4_T_SKIP`

warning: constant `q4_P_DEPTH` should have an upper case name
    --> /home/runner/work/Miner/Miner/references/round18-public-583/parse.rs:8267:11
     |
8267 | pub const q4_P_DEPTH: usize = 4;
     |           ^^^^^^^^^^ help: convert the identifier to upper case: `Q4_P_DEPTH`

warning: constant `q4_P_LAZY` should have an upper case name
    --> /home/runner/work/Miner/Miner/references/round18-public-583/parse.rs:8268:11
     |
8268 | pub const q4_P_LAZY: usize = 0;
     |           ^^^^^^^^^ help: convert the identifier to upper case: `Q4_P_LAZY`

warning: constant `q4_P_SKIP` should have an upper case name
    --> /home/runner/work/Miner/Miner/references/round18-public-583/parse.rs:8269:11
     |
8269 | pub const q4_P_SKIP: usize = 5;
     |           ^^^^^^^^^ help: convert the identifier to upper case: `Q4_P_SKIP`

warning: constant `q4_P_KM` should have an upper case name
    --> /home/runner/work/Miner/Miner/references/round18-public-583/parse.rs:8271:11
     |
8271 | pub const q4_P_KM: u32 = 4294967295;
     |           ^^^^^^^ help: convert the identifier to upper case: `Q4_P_KM`

warning: constant `q4_H_DEPTH` should have an upper case name
    --> /home/runner/work/Miner/Miner/references/round18-public-583/parse.rs:8272:11
     |
8272 | pub const q4_H_DEPTH: usize = 1;
     |           ^^^^^^^^^^ help: convert the identifier to upper case: `Q4_H_DEPTH`

warning: constant `q4_H_LAZY` should have an upper case name
    --> /home/runner/work/Miner/Miner/references/round18-public-583/parse.rs:8273:11
     |
8273 | pub const q4_H_LAZY: usize = 0;
     |           ^^^^^^^^^ help: convert the identifier to upper case: `Q4_H_LAZY`

warning: constant `q4_H_SKIP` should have an upper case name
    --> /home/runner/work/Miner/Miner/references/round18-public-583/parse.rs:8274:11
     |
8274 | pub const q4_H_SKIP: usize = 3;
     |           ^^^^^^^^^ help: convert the identifier to upper case: `Q4_H_SKIP`

warning: constant `q4_Z_DEPTH` should have an upper case name
    --> /home/runner/work/Miner/Miner/references/round18-public-583/parse.rs:8275:11
     |
8275 | pub const q4_Z_DEPTH: usize = 1;
     |           ^^^^^^^^^^ help: convert the identifier to upper case: `Q4_Z_DEPTH`

warning: constant `q4_Z_SKIP` should have an upper case name
    --> /home/runner/work/Miner/Miner/references/round18-public-583/parse.rs:8276:11
     |
8276 | pub const q4_Z_SKIP: usize = 4;
     |           ^^^^^^^^^ help: convert the identifier to upper case: `Q4_Z_SKIP`

warning: constant `q4_Z_CAP` should have an upper case name
    --> /home/runner/work/Miner/Miner/references/round18-public-583/parse.rs:8277:11
     |
8277 | pub const q4_Z_CAP: usize = 8;
     |           ^^^^^^^^ help: convert the identifier to upper case: `Q4_Z_CAP`

warning: constant `q4_B_DEPTH` should have an upper case name
    --> /home/runner/work/Miner/Miner/references/round18-public-583/parse.rs:8278:11
     |
8278 | pub const q4_B_DEPTH: usize = 1;
     |           ^^^^^^^^^^ help: convert the identifier to upper case: `Q4_B_DEPTH`

warning: constant `q4_B_LAZY` should have an upper case name
    --> /home/runner/work/Miner/Miner/references/round18-public-583/parse.rs:8279:11
     |
8279 | pub const q4_B_LAZY: usize = 0;
     |           ^^^^^^^^^ help: convert the identifier to upper case: `Q4_B_LAZY`

warning: constant `q4_B_SKIP` should have an upper case name
    --> /home/runner/work/Miner/Miner/references/round18-public-583/parse.rs:8280:11
     |
8280 | pub const q4_B_SKIP: usize = 4;
     |           ^^^^^^^^^ help: convert the identifier to upper case: `Q4_B_SKIP`

warning: constant `q4_SDIG` should have an upper case name
    --> /home/runner/work/Miner/Miner/references/round18-public-583/parse.rs:8283:11
     |
8283 | pub const q4_SDIG: u32 = 6;
     |           ^^^^^^^ help: convert the identifier to upper case: `Q4_SDIG`

warning: constant `q4_S_DEPTH` should have an upper case name
    --> /home/runner/work/Miner/Miner/references/round18-public-583/parse.rs:8284:11
     |
8284 | pub const q4_S_DEPTH: usize = 1;
     |           ^^^^^^^^^^ help: convert the identifier to upper case: `Q4_S_DEPTH`

warning: constant `q4_S_LDEPTH` should have an upper case name
    --> /home/runner/work/Miner/Miner/references/round18-public-583/parse.rs:8285:11
     |
8285 | pub const q4_S_LDEPTH: usize = 1;
     |           ^^^^^^^^^^^ help: convert the identifier to upper case: `Q4_S_LDEPTH`

warning: constant `q4_S_LAZY` should have an upper case name
    --> /home/runner/work/Miner/Miner/references/round18-public-583/parse.rs:8286:11
     |
8286 | pub const q4_S_LAZY: usize = 258;
     |           ^^^^^^^^^ help: convert the identifier to upper case: `Q4_S_LAZY`

warning: constant `q4_SKCAP` should have an upper case name
    --> /home/runner/work/Miner/Miner/references/round18-public-583/parse.rs:8288:11
     |
8288 | pub const q4_SKCAP: usize = 1000000;
     |           ^^^^^^^^ help: convert the identifier to upper case: `Q4_SKCAP`

warning: constant `q4_R1_ON` should have an upper case name
    --> /home/runner/work/Miner/Miner/references/round18-public-583/parse.rs:8291:11
     |
8291 | pub const q4_R1_ON: usize = 1;
     |           ^^^^^^^^ help: convert the identifier to upper case: `Q4_R1_ON`

warning: constant `q4_ST_ON` should have an upper case name
    --> /home/runner/work/Miner/Miner/references/round18-public-583/parse.rs:8297:11
     |
8297 | pub const q4_ST_ON: usize = 1;
     |           ^^^^^^^^ help: convert the identifier to upper case: `Q4_ST_ON`

warning: constant `q4_ST_MIN` should have an upper case name
    --> /home/runner/work/Miner/Miner/references/round18-public-583/parse.rs:8298:11
     |
8298 | pub const q4_ST_MIN: usize = 65536;
     |           ^^^^^^^^^ help: convert the identifier to upper case: `Q4_ST_MIN`

warning: constant `q4_ST_SAMPLE` should have an upper case name
    --> /home/runner/work/Miner/Miner/references/round18-public-583/parse.rs:8299:11
     |
8299 | pub const q4_ST_SAMPLE: usize = 4096;
     |           ^^^^^^^^^^^^ help: convert the identifier to upper case: `Q4_ST_SAMPLE`

warning: constant `q4_ST_FEW` should have an upper case name
    --> /home/runner/work/Miner/Miner/references/round18-public-583/parse.rs:8300:11
     |
8300 | pub const q4_ST_FEW: usize = 32;
     |           ^^^^^^^^^ help: convert the identifier to upper case: `Q4_ST_FEW`

warning: constant `q4_ST_MANY` should have an upper case name
    --> /home/runner/work/Miner/Miner/references/round18-public-583/parse.rs:8301:11
     |
8301 | pub const q4_ST_MANY: usize = 160;
     |           ^^^^^^^^^^ help: convert the identifier to upper case: `Q4_ST_MANY`

warning: constant `q4_ST_HB` should have an upper case name
    --> /home/runner/work/Miner/Miner/references/round18-public-583/parse.rs:8302:11
     |
8302 | pub const q4_ST_HB: u32 = 17;
     |           ^^^^^^^^ help: convert the identifier to upper case: `Q4_ST_HB`

warning: constant `q4_ST_HN` should have an upper case name
    --> /home/runner/work/Miner/Miner/references/round18-public-583/parse.rs:8303:11
     |
8303 | pub const q4_ST_HN: usize = 131072;
     |           ^^^^^^^^ help: convert the identifier to upper case: `Q4_ST_HN`

warning: constant `q4_ST_DMAX` should have an upper case name
    --> /home/runner/work/Miner/Miner/references/round18-public-583/parse.rs:8304:11
     |
8304 | pub const q4_ST_DMAX: usize = 32768;
     |           ^^^^^^^^^^ help: convert the identifier to upper case: `Q4_ST_DMAX`

warning: constant `q4_ST_INS` should have an upper case name
    --> /home/runner/work/Miner/Miner/references/round18-public-583/parse.rs:8308:11
     |
8308 | pub const q4_ST_INS: usize = 258;
     |           ^^^^^^^^^ help: convert the identifier to upper case: `Q4_ST_INS`

warning: constant `q4_ST_DMIN` should have an upper case name
    --> /home/runner/work/Miner/Miner/references/round18-public-583/parse.rs:8309:11
     |
8309 | pub const q4_ST_DMIN: usize = 129;
     |           ^^^^^^^^^^ help: convert the identifier to upper case: `Q4_ST_DMIN`

warning: constant `q4_DN_ON` should have an upper case name
    --> /home/runner/work/Miner/Miner/references/round18-public-583/parse.rs:8314:11
     |
8314 | pub const q4_DN_ON: usize = 0;
     |           ^^^^^^^^ help: convert the identifier to upper case: `Q4_DN_ON`

warning: constant `q4_DN_HB` should have an upper case name
    --> /home/runner/work/Miner/Miner/references/round18-public-583/parse.rs:8315:11
     |
8315 | pub const q4_DN_HB: u32 = 16;
     |           ^^^^^^^^
     |
help: convert the identifier to upper case
     |
8315 - pub const q4_DN_HB: u32 = 16;
8315 + pub const Q4_DN_HB: u32 = 16;
     |

warning: constant `q4_DN_HN` should have an upper case name
    --> /home/runner/work/Miner/Miner/references/round18-public-583/parse.rs:8316:11
     |
8316 | pub const q4_DN_HN: usize = 65536;
     |           ^^^^^^^^
     |
help: convert the identifier to upper case
     |
8316 - pub const q4_DN_HN: usize = 65536;
8316 + pub const Q4_DN_HN: usize = 65536;
     |

warning: constant `q4_DN_FAR` should have an upper case name
    --> /home/runner/work/Miner/Miner/references/round18-public-583/parse.rs:8317:11
     |
8317 | pub const q4_DN_FAR: usize = 32768;
     |           ^^^^^^^^^
     |
help: convert the identifier to upper case
     |
8317 - pub const q4_DN_FAR: usize = 32768;
8317 + pub const Q4_DN_FAR: usize = 32768;
     |

warning: constant `q4_DN_CAP` should have an upper case name
    --> /home/runner/work/Miner/Miner/references/round18-public-583/parse.rs:8318:11
     |
8318 | pub const q4_DN_CAP: usize = 3;
     |           ^^^^^^^^^
     |
help: convert the identifier to upper case
     |
8318 - pub const q4_DN_CAP: usize = 3;
8318 + pub const Q4_DN_CAP: usize = 3;
     |

warning: constant `q4_TF_N` should have an upper case name
    --> /home/runner/work/Miner/Miner/references/round18-public-583/parse.rs:8323:11
     |
8323 | pub const q4_TF_N: usize = 65536;
     |           ^^^^^^^ help: convert the identifier to upper case: `Q4_TF_N`

warning: constant `q4_TF_TEXT` should have an upper case name
    --> /home/runner/work/Miner/Miner/references/round18-public-583/parse.rs:8324:11
     |
8324 | pub const q4_TF_TEXT: usize = 0;
     |           ^^^^^^^^^^ help: convert the identifier to upper case: `Q4_TF_TEXT`

warning: constant `q4_TF_TKIND` should have an upper case name
    --> /home/runner/work/Miner/Miner/references/round18-public-583/parse.rs:8325:11
     |
8325 | pub const q4_TF_TKIND: usize = 1;
     |           ^^^^^^^^^^^ help: convert the identifier to upper case: `Q4_TF_TKIND`

warning: constant `q4_TF_SAMPLE` should have an upper case name
    --> /home/runner/work/Miner/Miner/references/round18-public-583/parse.rs:8328:11
     |
8328 | pub const q4_TF_SAMPLE: usize = 256;
     |           ^^^^^^^^^^^^ help: convert the identifier to upper case: `Q4_TF_SAMPLE`

warning: constant `q4_TF_SDIG` should have an upper case name
    --> /home/runner/work/Miner/Miner/references/round18-public-583/parse.rs:8329:11
     |
8329 | pub const q4_TF_SDIG: u32 = 6;
     |           ^^^^^^^^^^ help: convert the identifier to upper case: `Q4_TF_SDIG`

warning: constant `q4_TF_HB` should have an upper case name
    --> /home/runner/work/Miner/Miner/references/round18-public-583/parse.rs:8335:11
     |
8335 | pub const q4_TF_HB: u32 = 12;
     |           ^^^^^^^^ help: convert the identifier to upper case: `Q4_TF_HB`

warning: constant `q4_TF_HN` should have an upper case name
    --> /home/runner/work/Miner/Miner/references/round18-public-583/parse.rs:8336:11
     |
8336 | pub const q4_TF_HN: usize = 4096;
     |           ^^^^^^^^ help: convert the identifier to upper case: `Q4_TF_HN`

warning: constant `q4_TF_WN` should have an upper case name
    --> /home/runner/work/Miner/Miner/references/round18-public-583/parse.rs:8337:11
     |
8337 | pub const q4_TF_WN: usize = 16384;
     |           ^^^^^^^^ help: convert the identifier to upper case: `Q4_TF_WN`

warning: constant `q4_TF_TDEPTH` should have an upper case name
    --> /home/runner/work/Miner/Miner/references/round18-public-583/parse.rs:8341:11
     |
8341 | pub const q4_TF_TDEPTH: usize = 1;
     |           ^^^^^^^^^^^^ help: convert the identifier to upper case: `Q4_TF_TDEPTH`

warning: constant `q4_TF_TLAZY` should have an upper case name
    --> /home/runner/work/Miner/Miner/references/round18-public-583/parse.rs:8342:11
     |
8342 | pub const q4_TF_TLAZY: usize = 0;
     |           ^^^^^^^^^^^ help: convert the identifier to upper case: `Q4_TF_TLAZY`

warning: constant `q4_TF_TSKIP` should have an upper case name
    --> /home/runner/work/Miner/Miner/references/round18-public-583/parse.rs:8343:11
     |
8343 | pub const q4_TF_TSKIP: usize = 3;
     |           ^^^^^^^^^^^ help: convert the identifier to upper case: `Q4_TF_TSKIP`

warning: constant `q4_TF_SDEPTH` should have an upper case name
    --> /home/runner/work/Miner/Miner/references/round18-public-583/parse.rs:8344:11
     |
8344 | pub const q4_TF_SDEPTH: usize = 1;
     |           ^^^^^^^^^^^^ help: convert the identifier to upper case: `Q4_TF_SDEPTH`

warning: constant `q4_TF_SLAZY` should have an upper case name
    --> /home/runner/work/Miner/Miner/references/round18-public-583/parse.rs:8345:11
     |
8345 | pub const q4_TF_SLAZY: usize = 258;
     |           ^^^^^^^^^^^ help: convert the identifier to upper case: `Q4_TF_SLAZY`

warning: constant `q4_TF_SSKIP` should have an upper case name
    --> /home/runner/work/Miner/Miner/references/round18-public-583/parse.rs:8346:11
     |
8346 | pub const q4_TF_SSKIP: usize = 3;
     |           ^^^^^^^^^^^ help: convert the identifier to upper case: `Q4_TF_SSKIP`

warning: constant `q4_TF_BDEPTH` should have an upper case name
    --> /home/runner/work/Miner/Miner/references/round18-public-583/parse.rs:8347:11
     |
8347 | pub const q4_TF_BDEPTH: usize = 0;
     |           ^^^^^^^^^^^^ help: convert the identifier to upper case: `Q4_TF_BDEPTH`

warning: constant `q4_TF_BLAZY` should have an upper case name
    --> /home/runner/work/Miner/Miner/references/round18-public-583/parse.rs:8348:11
     |
8348 | pub const q4_TF_BLAZY: usize = 0;
     |           ^^^^^^^^^^^ help: convert the identifier to upper case: `Q4_TF_BLAZY`

warning: constant `q4_TF_BSKIP` should have an upper case name
    --> /home/runner/work/Miner/Miner/references/round18-public-583/parse.rs:8349:11
     |
8349 | pub const q4_TF_BSKIP: usize = 4;
     |           ^^^^^^^^^^^ help: convert the identifier to upper case: `Q4_TF_BSKIP`

warning: constant `q4_TF_NICE` should have an upper case name
    --> /home/runner/work/Miner/Miner/references/round18-public-583/parse.rs:8351:11
     |
8351 | pub const q4_TF_NICE: usize = 64;
     |           ^^^^^^^^^^ help: convert the identifier to upper case: `Q4_TF_NICE`

warning: constant `q4_TF_SKCAP` should have an upper case name
    --> /home/runner/work/Miner/Miner/references/round18-public-583/parse.rs:8352:11
     |
8352 | pub const q4_TF_SKCAP: usize = 1000000;
     |           ^^^^^^^^^^^ help: convert the identifier to upper case: `Q4_TF_SKCAP`

warning: constant `q4_TF_TRLE` should have an upper case name
    --> /home/runner/work/Miner/Miner/references/round18-public-583/parse.rs:8354:11
     |
8354 | pub const q4_TF_TRLE: usize = 1;
     |           ^^^^^^^^^^ help: convert the identifier to upper case: `Q4_TF_TRLE`

warning: constant `q4_TF_BACK` should have an upper case name
    --> /home/runner/work/Miner/Miner/references/round18-public-583/parse.rs:8357:11
     |
8357 | pub const q4_TF_BACK: usize = 1;
     |           ^^^^^^^^^^ help: convert the identifier to upper case: `Q4_TF_BACK`

warning: constant `q4_TF_FOLD` should have an upper case name
    --> /home/runner/work/Miner/Miner/references/round18-public-583/parse.rs:8358:11
     |
8358 | pub const q4_TF_FOLD: usize = 1;
     |           ^^^^^^^^^^ help: convert the identifier to upper case: `Q4_TF_FOLD`

warning: constant `q4_TF_REP` should have an upper case name
    --> /home/runner/work/Miner/Miner/references/round18-public-583/parse.rs:8360:11
     |
8360 | pub const q4_TF_REP: usize = 0;
     |           ^^^^^^^^^ help: convert the identifier to upper case: `Q4_TF_REP`

warning: constant `q4_TF_RUNSKIP` should have an upper case name
    --> /home/runner/work/Miner/Miner/references/round18-public-583/parse.rs:8362:11
     |
8362 | pub const q4_TF_RUNSKIP: usize = 1;
     |           ^^^^^^^^^^^^^ help: convert the identifier to upper case: `Q4_TF_RUNSKIP`

warning: constant `q4_TF_INS` should have an upper case name
    --> /home/runner/work/Miner/Miner/references/round18-public-583/parse.rs:8364:11
     |
8364 | pub const q4_TF_INS: usize = 2;
     |           ^^^^^^^^^ help: convert the identifier to upper case: `Q4_TF_INS`

warning: constant `q4_TF_TAIL` should have an upper case name
    --> /home/runner/work/Miner/Miner/references/round18-public-583/parse.rs:8365:11
     |
8365 | pub const q4_TF_TAIL: usize = 1;
     |           ^^^^^^^^^^ help: convert the identifier to upper case: `Q4_TF_TAIL`

warning: constant `q4_TF_KL` should have an upper case name
    --> /home/runner/work/Miner/Miner/references/round18-public-583/parse.rs:8368:11
     |
8368 | pub const q4_TF_KL: u32 = 5;
     |           ^^^^^^^^ help: convert the identifier to upper case: `Q4_TF_KL`

warning: constant `q4_TF_KD` should have an upper case name
    --> /home/runner/work/Miner/Miner/references/round18-public-583/parse.rs:8369:11
     |
8369 | pub const q4_TF_KD: u32 = 5;
     |           ^^^^^^^^ help: convert the identifier to upper case: `Q4_TF_KD`

warning: constant `q4_TF_BKL` should have an upper case name
    --> /home/runner/work/Miner/Miner/references/round18-public-583/parse.rs:8370:11
     |
8370 | pub const q4_TF_BKL: u32 = 3;
     |           ^^^^^^^^^ help: convert the identifier to upper case: `Q4_TF_BKL`

warning: constant `q4_TF_BKD` should have an upper case name
    --> /home/runner/work/Miner/Miner/references/round18-public-583/parse.rs:8371:11
     |
8371 | pub const q4_TF_BKD: u32 = 3;
     |           ^^^^^^^^^ help: convert the identifier to upper case: `Q4_TF_BKD`

warning: constant `q4_TF_RDEPTH` should have an upper case name
    --> /home/runner/work/Miner/Miner/references/round18-public-583/parse.rs:8375:11
     |
8375 | pub const q4_TF_RDEPTH: usize = 8;
     |           ^^^^^^^^^^^^ help: convert the identifier to upper case: `Q4_TF_RDEPTH`

warning: constant `q4_TF_SHIFT` should have an upper case name
    --> /home/runner/work/Miner/Miner/references/round18-public-583/parse.rs:8376:11
     |
8376 | pub const q4_TF_SHIFT: usize = 1;
     |           ^^^^^^^^^^^ help: convert the identifier to upper case: `Q4_TF_SHIFT`

warning: constant `q4_TF_DLIT` should have an upper case name
    --> /home/runner/work/Miner/Miner/references/round18-public-583/parse.rs:8377:11
     |
8377 | pub const q4_TF_DLIT: usize = 8;
     |           ^^^^^^^^^^ help: convert the identifier to upper case: `Q4_TF_DLIT`

warning: constant `q4_TM_ON` should have an upper case name
    --> /home/runner/work/Miner/Miner/references/round18-public-583/parse.rs:8606:11
     |
8606 | pub const q4_TM_ON: usize = 1;
     |           ^^^^^^^^ help: convert the identifier to upper case: `Q4_TM_ON`

warning: constant `q4_TM_MAX` should have an upper case name
    --> /home/runner/work/Miner/Miner/references/round18-public-583/parse.rs:8607:11
     |
8607 | pub const q4_TM_MAX: usize = 65536;
     |           ^^^^^^^^^ help: convert the identifier to upper case: `Q4_TM_MAX`

warning: constant `q4_TM_LM` should have an upper case name
    --> /home/runner/work/Miner/Miner/references/round18-public-583/parse.rs:8609:11
     |
8609 | pub const q4_TM_LM: u32 = 302_256_128;
     |           ^^^^^^^^ help: convert the identifier to upper case: `Q4_TM_LM`

warning: constant `q4_TM_LAZY` should have an upper case name
    --> /home/runner/work/Miner/Miner/references/round18-public-583/parse.rs:8611:11
     |
8611 | pub const q4_TM_LAZY: usize = 258;
     |           ^^^^^^^^^^ help: convert the identifier to upper case: `Q4_TM_LAZY`

warning: constant `q4_TM_BACK` should have an upper case name
    --> /home/runner/work/Miner/Miner/references/round18-public-583/parse.rs:8612:11
     |
8612 | pub const q4_TM_BACK: usize = 16;
     |           ^^^^^^^^^^
     |
help: convert the identifier to upper case
     |
8612 - pub const q4_TM_BACK: usize = 16;
8612 + pub const Q4_TM_BACK: usize = 16;
     |

warning: constant `q4_TZ_ON` should have an upper case name
    --> /home/runner/work/Miner/Miner/references/round18-public-583/parse.rs:8614:11
     |
8614 | pub const q4_TZ_ON: usize = 1;
     |           ^^^^^^^^ help: convert the identifier to upper case: `Q4_TZ_ON`

warning: constant `q4_TZ_LM` should have an upper case name
    --> /home/runner/work/Miner/Miner/references/round18-public-583/parse.rs:8615:11
     |
8615 | pub const q4_TZ_LM: u32 = 302_256_128;
     |           ^^^^^^^^ help: convert the identifier to upper case: `Q4_TZ_LM`

warning: constant `q4_TF_LSYM` should have an upper case name
    --> /home/runner/work/Miner/Miner/references/round18-public-583/parse.rs:9655:11
     |
9655 | pub const q4_TF_LSYM: [u8; 512] = [
     |           ^^^^^^^^^^
     |
help: convert the identifier to upper case
     |
9655 - pub const q4_TF_LSYM: [u8; 512] = [
9655 + pub const Q4_TF_LSYM: [u8; 512] = [
     |

warning: constant `q4_TF_DSYM` should have an upper case name
    --> /home/runner/work/Miner/Miner/references/round18-public-583/parse.rs:9674:11
     |
9674 | pub const q4_TF_DSYM: [u8; 512] = [
     |           ^^^^^^^^^^ help: convert the identifier to upper case: `Q4_TF_DSYM`

warning: constant `q4_TF_LBASE` should have an upper case name
    --> /home/runner/work/Miner/Miner/references/round18-public-583/parse.rs:9693:11
     |
9693 | pub const q4_TF_LBASE: [u16; 32] = [3, 4, 5, 6, 7, 8, 9, 10, 11, 13, 15, 17, 19, 23, 27, 31, 35, 43, 51, 59, 67, 83, 99, 115, 131,...
     |           ^^^^^^^^^^^ help: convert the identifier to upper case: `Q4_TF_LBASE`

warning: constant `q4_TF_LTOP` should have an upper case name
    --> /home/runner/work/Miner/Miner/references/round18-public-583/parse.rs:9694:11
     |
9694 | pub const q4_TF_LTOP: [u16; 32] = [3, 4, 5, 6, 7, 8, 9, 10, 12, 14, 16, 18, 22, 26, 30, 34, 42, 50, 58, 66, 82, 98, 114, 130, 162,...
     |           ^^^^^^^^^^ help: convert the identifier to upper case: `Q4_TF_LTOP`

warning: constant `u118_SMALL` should have an upper case name
    --> /home/runner/work/Miner/Miner/references/round18-public-584/parse.rs:1184:11
     |
1184 | pub const u118_SMALL: usize = 65536;
     |           ^^^^^^^^^^ help: convert the identifier to upper case (notice the capitalization): `U118_SMALL`

warning: constant `u118_HS` should have an upper case name
    --> /home/runner/work/Miner/Miner/references/round18-public-584/parse.rs:1185:11
     |
1185 | pub const u118_HS: usize = 8192;
     |           ^^^^^^^ help: convert the identifier to upper case (notice the capitalization): `U118_HS`

warning: constant `u118_WS` should have an upper case name
    --> /home/runner/work/Miner/Miner/references/round18-public-584/parse.rs:1186:11
     |
1186 | pub const u118_WS: usize = 16384;
     |           ^^^^^^^ help: convert the identifier to upper case (notice the capitalization): `U118_WS`

warning: constant `u118_NICE` should have an upper case name
    --> /home/runner/work/Miner/Miner/references/round18-public-584/parse.rs:1187:11
     |
1187 | pub const u118_NICE: usize = 128;
     |           ^^^^^^^^^ help: convert the identifier to upper case (notice the capitalization): `U118_NICE`

warning: constant `u118_INS_MAX` should have an upper case name
    --> /home/runner/work/Miner/Miner/references/round18-public-584/parse.rs:1188:11
     |
1188 | pub const u118_INS_MAX: usize = 16;
     |           ^^^^^^^^^^^^ help: convert the identifier to upper case (notice the capitalization): `U118_INS_MAX`

warning: constant `u118_TAIL` should have an upper case name
    --> /home/runner/work/Miner/Miner/references/round18-public-584/parse.rs:1189:11
     |
1189 | pub const u118_TAIL: usize = 4;
     |           ^^^^^^^^^ help: convert the identifier to upper case (notice the capitalization): `U118_TAIL`

warning: constant `u118_STRIDE` should have an upper case name
    --> /home/runner/work/Miner/Miner/references/round18-public-584/parse.rs:1190:11
     |
1190 | pub const u118_STRIDE: usize = 4;
     |           ^^^^^^^^^^^ help: convert the identifier to upper case (notice the capitalization): `U118_STRIDE`

warning: constant `u118_LDEPTH` should have an upper case name
    --> /home/runner/work/Miner/Miner/references/round18-public-584/parse.rs:1191:11
     |
1191 | pub const u118_LDEPTH: usize = 1;
     |           ^^^^^^^^^^^ help: convert the identifier to upper case (notice the capitalization): `U118_LDEPTH`

warning: constant `u118_SAMPLE` should have an upper case name
    --> /home/runner/work/Miner/Miner/references/round18-public-584/parse.rs:1192:11
     |
1192 | pub const u118_SAMPLE: usize = 2048;
     |           ^^^^^^^^^^^ help: convert the identifier to upper case (notice the capitalization): `U118_SAMPLE`

warning: constant `u118_VERIFY` should have an upper case name
    --> /home/runner/work/Miner/Miner/references/round18-public-584/parse.rs:1193:11
     |
1193 | pub const u118_VERIFY: usize = 0;
     |           ^^^^^^^^^^^ help: convert the identifier to upper case (notice the capitalization): `U118_VERIFY`

warning: constant `u118_LSLACK` should have an upper case name
    --> /home/runner/work/Miner/Miner/references/round18-public-584/parse.rs:1194:11
     |
1194 | pub const u118_LSLACK: usize = 1;
     |           ^^^^^^^^^^^ help: convert the identifier to upper case (notice the capitalization): `U118_LSLACK`

warning: constant `u118_HLIT` should have an upper case name
    --> /home/runner/work/Miner/Miner/references/round18-public-584/parse.rs:1195:11
     |
1195 | pub const u118_HLIT: u32 = 64;
     |           ^^^^^^^^^ help: convert the identifier to upper case (notice the capitalization): `U118_HLIT`

warning: constant `u118_GBASE` should have an upper case name
    --> /home/runner/work/Miner/Miner/references/round18-public-584/parse.rs:1196:11
     |
1196 | pub const u118_GBASE: i32 = 168;
     |           ^^^^^^^^^^ help: convert the identifier to upper case (notice the capitalization): `U118_GBASE`

warning: constant `u118_SDIG` should have an upper case name
    --> /home/runner/work/Miner/Miner/references/round18-public-584/parse.rs:1197:11
     |
1197 | pub const u118_SDIG: u32 = 6;
     |           ^^^^^^^^^ help: convert the identifier to upper case (notice the capitalization): `U118_SDIG`

warning: constant `u118_S_DEPTH` should have an upper case name
    --> /home/runner/work/Miner/Miner/references/round18-public-584/parse.rs:1198:11
     |
1198 | pub const u118_S_DEPTH: usize = 1;
     |           ^^^^^^^^^^^^ help: convert the identifier to upper case (notice the capitalization): `U118_S_DEPTH`

warning: constant `u118_S_LDEPTH` should have an upper case name
    --> /home/runner/work/Miner/Miner/references/round18-public-584/parse.rs:1199:11
     |
1199 | pub const u118_S_LDEPTH: usize = 3;
     |           ^^^^^^^^^^^^^ help: convert the identifier to upper case (notice the capitalization): `U118_S_LDEPTH`

warning: constant `u118_S_LAZY` should have an upper case name
    --> /home/runner/work/Miner/Miner/references/round18-public-584/parse.rs:1200:11
     |
1200 | pub const u118_S_LAZY: usize = 258;
     |           ^^^^^^^^^^^ help: convert the identifier to upper case (notice the capitalization): `U118_S_LAZY`

warning: constant `u118_LAZY2` should have an upper case name
    --> /home/runner/work/Miner/Miner/references/round18-public-584/parse.rs:1201:11
     |
1201 | pub const u118_LAZY2: usize = 0;
     |           ^^^^^^^^^^ help: convert the identifier to upper case (notice the capitalization): `U118_LAZY2`

warning: constant `u118_L2B` should have an upper case name
    --> /home/runner/work/Miner/Miner/references/round18-public-584/parse.rs:1202:11
     |
1202 | pub const u118_L2B: i32 = 40;
     |           ^^^^^^^^ help: convert the identifier to upper case: `U118_L2_B`

warning: constant `u118_L2DEPTH` should have an upper case name
    --> /home/runner/work/Miner/Miner/references/round18-public-584/parse.rs:1203:11
     |
1203 | pub const u118_L2DEPTH: usize = 1;
     |           ^^^^^^^^^^^^ help: convert the identifier to upper case: `U118_L2_DEPTH`

warning: constant `u118_MAIN_GM` should have an upper case name
    --> /home/runner/work/Miner/Miner/references/round18-public-584/parse.rs:1204:11
     |
1204 | pub const u118_MAIN_GM: usize = 0;
     |           ^^^^^^^^^^^^ help: convert the identifier to upper case (notice the capitalization): `U118_MAIN_GM`

warning: constant `u118_PARTIAL` should have an upper case name
    --> /home/runner/work/Miner/Miner/references/round18-public-584/parse.rs:1205:11
     |
1205 | pub const u118_PARTIAL: usize = 0;
     |           ^^^^^^^^^^^^ help: convert the identifier to upper case (notice the capitalization): `U118_PARTIAL`

warning: constant `u118_PDEPTH` should have an upper case name
    --> /home/runner/work/Miner/Miner/references/round18-public-584/parse.rs:1206:11
     |
1206 | pub const u118_PDEPTH: usize = 8;
     |           ^^^^^^^^^^^ help: convert the identifier to upper case (notice the capitalization): `U118_PDEPTH`

warning: constant `u118_FLAT_DIV` should have an upper case name
    --> /home/runner/work/Miner/Miner/references/round18-public-584/parse.rs:1207:11
     |
1207 | pub const u118_FLAT_DIV: u32 = 16;
     |           ^^^^^^^^^^^^^ help: convert the identifier to upper case (notice the capitalization): `U118_FLAT_DIV`

warning: constant `u118_FLAT_SQ` should have an upper case name
    --> /home/runner/work/Miner/Miner/references/round18-public-584/parse.rs:1208:11
     |
1208 | pub const u118_FLAT_SQ: u64 = 256;
     |           ^^^^^^^^^^^^ help: convert the identifier to upper case (notice the capitalization): `U118_FLAT_SQ`

warning: constant `u118_D_KEY` should have an upper case name
    --> /home/runner/work/Miner/Miner/references/round18-public-584/parse.rs:1209:11
     |
1209 | pub const u118_D_KEY: u32 = 8;
     |           ^^^^^^^^^^ help: convert the identifier to upper case (notice the capitalization): `U118_D_KEY`

warning: constant `u118_D_MINL` should have an upper case name
    --> /home/runner/work/Miner/Miner/references/round18-public-584/parse.rs:1210:11
     |
1210 | pub const u118_D_MINL: usize = 9;
     |           ^^^^^^^^^^^ help: convert the identifier to upper case (notice the capitalization): `U118_D_MINL`

warning: constant `u118_O_A_HSR` should have an upper case name
    --> /home/runner/work/Miner/Miner/references/round18-public-584/parse.rs:1211:11
     |
1211 | pub const u118_O_A_HSR: u64 = 48;
     |           ^^^^^^^^^^^^ help: convert the identifier to upper case (notice the capitalization): `U118_O_A_HSR`

warning: constant `u118_O_A_IH` should have an upper case name
    --> /home/runner/work/Miner/Miner/references/round18-public-584/parse.rs:1212:11
     |
1212 | pub const u118_O_A_IH: [usize; 8] = [2, 3, 8, 10, 8, 8, 12, 10];
     |           ^^^^^^^^^^^ help: convert the identifier to upper case (notice the capitalization): `U118_O_A_IH`

warning: constant `u118_O_A_IT` should have an upper case name
    --> /home/runner/work/Miner/Miner/references/round18-public-584/parse.rs:1213:11
     |
1213 | pub const u118_O_A_IT: [usize; 8] = [12, 12, 32, 256, 32, 32, 64, 256];
     |           ^^^^^^^^^^^ help: convert the identifier to upper case (notice the capitalization): `U118_O_A_IT`

warning: constant `u118_O_A_TS` should have an upper case name
    --> /home/runner/work/Miner/Miner/references/round18-public-584/parse.rs:1214:11
     |
1214 | pub const u118_O_A_TS: [usize; 8] = [12, 12, 8, 8, 8, 8, 8, 8];
     |           ^^^^^^^^^^^ help: convert the identifier to upper case (notice the capitalization): `U118_O_A_TS`

warning: constant `u118_O_A_TL` should have an upper case name
    --> /home/runner/work/Miner/Miner/references/round18-public-584/parse.rs:1215:11
     |
1215 | pub const u118_O_A_TL: usize = 0;
     |           ^^^^^^^^^^^ help: convert the identifier to upper case (notice the capitalization): `U118_O_A_TL`

warning: constant `u118_O_A_ACC` should have an upper case name
    --> /home/runner/work/Miner/Miner/references/round18-public-584/parse.rs:1216:11
     |
1216 | pub const u118_O_A_ACC: [u64; 8] = [4, 4, 4, 5, 4, 4, 5, 5];
     |           ^^^^^^^^^^^^ help: convert the identifier to upper case (notice the capitalization): `U118_O_A_ACC`

warning: constant `u118_O_A_AMAX` should have an upper case name
    --> /home/runner/work/Miner/Miner/references/round18-public-584/parse.rs:1217:11
     |
1217 | pub const u118_O_A_AMAX: usize = 64;
     |           ^^^^^^^^^^^^^ help: convert the identifier to upper case (notice the capitalization): `U118_O_A_AMAX`

warning: constant `u118_O_A_MINL` should have an upper case name
    --> /home/runner/work/Miner/Miner/references/round18-public-584/parse.rs:1218:11
     |
1218 | pub const u118_O_A_MINL: usize = 4;
     |           ^^^^^^^^^^^^^ help: convert the identifier to upper case (notice the capitalization): `U118_O_A_MINL`

warning: constant `u118_O_A_BEXT` should have an upper case name
    --> /home/runner/work/Miner/Miner/references/round18-public-584/parse.rs:1219:11
     |
1219 | pub const u118_O_A_BEXT: usize = 0;
     |           ^^^^^^^^^^^^^ help: convert the identifier to upper case (notice the capitalization): `U118_O_A_BEXT`

warning: constant `u118_O_A_LZT` should have an upper case name
    --> /home/runner/work/Miner/Miner/references/round18-public-584/parse.rs:1220:11
     |
1220 | pub const u118_O_A_LZT: [usize; 8] = [0, 0, 0, 16, 8, 16, 16, 32];
     |           ^^^^^^^^^^^^ help: convert the identifier to upper case (notice the capitalization): `U118_O_A_LZT`

warning: constant `u118_O_A_LZM` should have an upper case name
    --> /home/runner/work/Miner/Miner/references/round18-public-584/parse.rs:1221:11
     |
1221 | pub const u118_O_A_LZM: usize = 2;
     |           ^^^^^^^^^^^^ help: convert the identifier to upper case (notice the capitalization): `U118_O_A_LZM`

warning: constant `u118_O_A_LZN` should have an upper case name
    --> /home/runner/work/Miner/Miner/references/round18-public-584/parse.rs:1222:11
     |
1222 | pub const u118_O_A_LZN: usize = 1;
     |           ^^^^^^^^^^^^ help: convert the identifier to upper case (notice the capitalization): `U118_O_A_LZN`

warning: constant `u118_O_A_SLQ` should have an upper case name
    --> /home/runner/work/Miner/Miner/references/round18-public-584/parse.rs:1223:11
     |
1223 | pub const u118_O_A_SLQ: usize = 28;
     |           ^^^^^^^^^^^^ help: convert the identifier to upper case (notice the capitalization): `U118_O_A_SLQ`

warning: constant `u118_O_A_SC0` should have an upper case name
    --> /home/runner/work/Miner/Miner/references/round18-public-584/parse.rs:1224:11
     |
1224 | pub const u118_O_A_SC0: usize = 44;
     |           ^^^^^^^^^^^^ help: convert the identifier to upper case (notice the capitalization): `U118_O_A_SC0`

warning: constant `u118_O_A_GTHR` should have an upper case name
    --> /home/runner/work/Miner/Miner/references/round18-public-584/parse.rs:1225:11
     |
1225 | pub const u118_O_A_GTHR: usize = 900;
     |           ^^^^^^^^^^^^^ help: convert the identifier to upper case (notice the capitalization): `U118_O_A_GTHR`

warning: constant `u118_O_A_CTLLO` should have an upper case name
    --> /home/runner/work/Miner/Miner/references/round18-public-584/parse.rs:1226:11
     |
1226 | pub const u118_O_A_CTLLO: usize = 100;
     |           ^^^^^^^^^^^^^^ help: convert the identifier to upper case (notice the capitalization): `U118_O_A_CTLLO`

warning: constant `u118_O_A_HIMAX` should have an upper case name
    --> /home/runner/work/Miner/Miner/references/round18-public-584/parse.rs:1227:11
     |
1227 | pub const u118_O_A_HIMAX: usize = 300;
     |           ^^^^^^^^^^^^^^ help: convert the identifier to upper case (notice the capitalization): `U118_O_A_HIMAX`

warning: constant `u118_O_A_FL_DNA_THR` should have an upper case name
    --> /home/runner/work/Miner/Miner/references/round18-public-584/parse.rs:1228:11
     |
1228 | pub const u118_O_A_FL_DNA_THR: u32 = 64;
     |           ^^^^^^^^^^^^^^^^^^^ help: convert the identifier to upper case (notice the capitalization): `U118_O_A_FL_DNA_THR`

warning: constant `u118_O_A_FL_DNA_M0` should have an upper case name
    --> /home/runner/work/Miner/Miner/references/round18-public-584/parse.rs:1229:11
     |
1229 | pub const u118_O_A_FL_DNA_M0: usize = 12;
     |           ^^^^^^^^^^^^^^^^^^ help: convert the identifier to upper case (notice the capitalization): `U118_O_A_FL_DNA_M0`

warning: constant `u118_O_A_FL_CMAX` should have an upper case name
    --> /home/runner/work/Miner/Miner/references/round18-public-584/parse.rs:1230:11
     |
1230 | pub const u118_O_A_FL_CMAX: u32 = 192;
     |           ^^^^^^^^^^^^^^^^ help: convert the identifier to upper case (notice the capitalization): `U118_O_A_FL_CMAX`

warning: constant `u118_O_A_SMALLN` should have an upper case name
    --> /home/runner/work/Miner/Miner/references/round18-public-584/parse.rs:1231:11
     |
1231 | pub const u118_O_A_SMALLN: usize = 65536;
     |           ^^^^^^^^^^^^^^^ help: convert the identifier to upper case (notice the capitalization): `U118_O_A_SMALLN`

warning: constant `u118_O_A_FL_LITQ` should have an upper case name
    --> /home/runner/work/Miner/Miner/references/round18-public-584/parse.rs:1232:11
     |
1232 | pub const u118_O_A_FL_LITQ: usize = 32;
     |           ^^^^^^^^^^^^^^^^ help: convert the identifier to upper case (notice the capitalization): `U118_O_A_FL_LITQ`

warning: constant `u118_O_A_MINL3` should have an upper case name
    --> /home/runner/work/Miner/Miner/references/round18-public-584/parse.rs:1233:11
     |
1233 | pub const u118_O_A_MINL3: usize = 3;
     |           ^^^^^^^^^^^^^^ help: convert the identifier to upper case (notice the capitalization): `U118_O_A_MINL3`

warning: constant `u118_Y_A_IH` should have an upper case name
    --> /home/runner/work/Miner/Miner/references/round18-public-584/parse.rs:1234:11
     |
1234 | pub const u118_Y_A_IH: [usize; 8] = [8, 10, 10, 10, 10, 10, 10, 10];
     |           ^^^^^^^^^^^ help: convert the identifier to upper case (notice the capitalization): `U118_Y_A_IH`

warning: constant `u118_Y_A_IT` should have an upper case name
    --> /home/runner/work/Miner/Miner/references/round18-public-584/parse.rs:1235:11
     |
1235 | pub const u118_Y_A_IT: [usize; 8] = [32, 256, 256, 256, 256, 256, 256, 256];
     |           ^^^^^^^^^^^ help: convert the identifier to upper case (notice the capitalization): `U118_Y_A_IT`

warning: constant `u118_Y_A_TS` should have an upper case name
    --> /home/runner/work/Miner/Miner/references/round18-public-584/parse.rs:1236:11
     |
1236 | pub const u118_Y_A_TS: [usize; 8] = [8, 8, 8, 8, 8, 8, 8, 8];
     |           ^^^^^^^^^^^ help: convert the identifier to upper case (notice the capitalization): `U118_Y_A_TS`

warning: constant `u118_Y_A_ACC` should have an upper case name
    --> /home/runner/work/Miner/Miner/references/round18-public-584/parse.rs:1237:11
     |
1237 | pub const u118_Y_A_ACC: [u64; 8] = [4, 5, 5, 5, 5, 5, 5, 5];
     |           ^^^^^^^^^^^^ help: convert the identifier to upper case (notice the capitalization): `U118_Y_A_ACC`

warning: constant `u118_Y_A_LZT` should have an upper case name
    --> /home/runner/work/Miner/Miner/references/round18-public-584/parse.rs:1238:11
     |
1238 | pub const u118_Y_A_LZT: [usize; 8] = [0, 16, 32, 32, 32, 32, 32, 32];
     |           ^^^^^^^^^^^^ help: convert the identifier to upper case (notice the capitalization): `U118_Y_A_LZT`

warning: constant `u118_Y_B_LAZY` should have an upper case name
    --> /home/runner/work/Miner/Miner/references/round18-public-584/parse.rs:1239:11
     |
1239 | pub const u118_Y_B_LAZY: [usize; 8] = [544, 544, 1056, 544, 544, 544, 544, 544];
     |           ^^^^^^^^^^^^^ help: convert the identifier to upper case (notice the capitalization): `U118_Y_B_LAZY`

warning: constant `u118_Y_B_NICE` should have an upper case name
    --> /home/runner/work/Miner/Miner/references/round18-public-584/parse.rs:1240:11
     |
1240 | pub const u118_Y_B_NICE: usize = 258;
     |           ^^^^^^^^^^^^^ help: convert the identifier to upper case (notice the capitalization): `U118_Y_B_NICE`

warning: constant `u118_Y_B_IH` should have an upper case name
    --> /home/runner/work/Miner/Miner/references/round18-public-584/parse.rs:1241:11
     |
1241 | pub const u118_Y_B_IH: usize = 258;
     |           ^^^^^^^^^^^ help: convert the identifier to upper case (notice the capitalization): `U118_Y_B_IH`

warning: constant `u118_Y_B_IT` should have an upper case name
    --> /home/runner/work/Miner/Miner/references/round18-public-584/parse.rs:1242:11
     |
1242 | pub const u118_Y_B_IT: usize = 64;
     |           ^^^^^^^^^^^ help: convert the identifier to upper case (notice the capitalization): `U118_Y_B_IT`

warning: constant `u118_Y_B_LITQ` should have an upper case name
    --> /home/runner/work/Miner/Miner/references/round18-public-584/parse.rs:1243:11
     |
1243 | pub const u118_Y_B_LITQ: [usize; 8] = [28, 28, 28, 28, 28, 28, 28, 28];
     |           ^^^^^^^^^^^^^ help: convert the identifier to upper case (notice the capitalization): `U118_Y_B_LITQ`

warning: constant `u118_Y_B_M3` should have an upper case name
    --> /home/runner/work/Miner/Miner/references/round18-public-584/parse.rs:1244:11
     |
1244 | pub const u118_Y_B_M3: [usize; 8] = [0, 0, 0, 0, 0, 0, 0, 0];
     |           ^^^^^^^^^^^ help: convert the identifier to upper case (notice the capitalization): `U118_Y_B_M3`

warning: constant `u118_Y_B_DIGN` should have an upper case name
    --> /home/runner/work/Miner/Miner/references/round18-public-584/parse.rs:1245:11
     |
1245 | pub const u118_Y_B_DIGN: [usize; 8] = [200, 200, 200, 200, 200, 200, 200, 200];
     |           ^^^^^^^^^^^^^ help: convert the identifier to upper case (notice the capitalization): `U118_Y_B_DIGN`

warning: constant `u118_Y_B_BIAS` should have an upper case name
    --> /home/runner/work/Miner/Miner/references/round18-public-584/parse.rs:1246:11
     |
1246 | pub const u118_Y_B_BIAS: usize = 4096;
     |           ^^^^^^^^^^^^^ help: convert the identifier to upper case (notice the capitalization): `U118_Y_B_BIAS`

warning: constant `u118_Y_B_FL_PCH` should have an upper case name
    --> /home/runner/work/Miner/Miner/references/round18-public-584/parse.rs:1311:11
     |
1311 | pub const u118_Y_B_FL_PCH: usize = 256;
     |           ^^^^^^^^^^^^^^^ help: convert the identifier to upper case (notice the capitalization): `U118_Y_B_FL_PCH`

warning: constant `u118_Y_B_FL_DNA_THR` should have an upper case name
    --> /home/runner/work/Miner/Miner/references/round18-public-584/parse.rs:1312:11
     |
1312 | pub const u118_Y_B_FL_DNA_THR: u32 = 64;
     |           ^^^^^^^^^^^^^^^^^^^ help: convert the identifier to upper case (notice the capitalization): `U118_Y_B_FL_DNA_THR`

warning: constant `u118_Y_B_FL_DNA_M0` should have an upper case name
    --> /home/runner/work/Miner/Miner/references/round18-public-584/parse.rs:1313:11
     |
1313 | pub const u118_Y_B_FL_DNA_M0: usize = 12;
     |           ^^^^^^^^^^^^^^^^^^ help: convert the identifier to upper case (notice the capitalization): `U118_Y_B_FL_DNA_M0`

warning: constant `u118_Y_B_FL_CMAX` should have an upper case name
    --> /home/runner/work/Miner/Miner/references/round18-public-584/parse.rs:1314:11
     |
1314 | pub const u118_Y_B_FL_CMAX: u32 = 192;
     |           ^^^^^^^^^^^^^^^^ help: convert the identifier to upper case (notice the capitalization): `U118_Y_B_FL_CMAX`

warning: constant `u118_Y_B_FL_LITQ` should have an upper case name
    --> /home/runner/work/Miner/Miner/references/round18-public-584/parse.rs:1315:11
     |
1315 | pub const u118_Y_B_FL_LITQ: [usize; 8] = [32, 32, 32, 32, 32, 32, 32, 32];
     |           ^^^^^^^^^^^^^^^^ help: convert the identifier to upper case (notice the capitalization): `U118_Y_B_FL_LITQ`

warning: constant `u118_FX0_SMALL` should have an upper case name
    --> /home/runner/work/Miner/Miner/references/round18-public-584/parse.rs:1316:11
     |
1316 | pub const u118_FX0_SMALL: usize = 65536;
     |           ^^^^^^^^^^^^^^ help: convert the identifier to upper case (notice the capitalization): `U118_FX0_SMALL`

warning: constant `u118_FX0_HS` should have an upper case name
    --> /home/runner/work/Miner/Miner/references/round18-public-584/parse.rs:1317:11
     |
1317 | pub const u118_FX0_HS: usize = 4096;
     |           ^^^^^^^^^^^ help: convert the identifier to upper case (notice the capitalization): `U118_FX0_HS`

warning: constant `u118_FX0_WS` should have an upper case name
    --> /home/runner/work/Miner/Miner/references/round18-public-584/parse.rs:1318:11
     |
1318 | pub const u118_FX0_WS: usize = 16384;
     |           ^^^^^^^^^^^ help: convert the identifier to upper case (notice the capitalization): `U118_FX0_WS`

warning: constant `u118_FX0_STRIDE` should have an upper case name
    --> /home/runner/work/Miner/Miner/references/round18-public-584/parse.rs:1319:11
     |
1319 | pub const u118_FX0_STRIDE: usize = 0;
     |           ^^^^^^^^^^^^^^^ help: convert the identifier to upper case (notice the capitalization): `U118_FX0_STRIDE`

warning: constant `u118_FX0_SAMPLE` should have an upper case name
    --> /home/runner/work/Miner/Miner/references/round18-public-584/parse.rs:1320:11
     |
1320 | pub const u118_FX0_SAMPLE: usize = 2048;
     |           ^^^^^^^^^^^^^^^ help: convert the identifier to upper case (notice the capitalization): `U118_FX0_SAMPLE`

warning: constant `u118_FX0_VERIFY` should have an upper case name
    --> /home/runner/work/Miner/Miner/references/round18-public-584/parse.rs:1321:11
     |
1321 | pub const u118_FX0_VERIFY: usize = 0;
     |           ^^^^^^^^^^^^^^^ help: convert the identifier to upper case (notice the capitalization): `U118_FX0_VERIFY`

warning: constant `u118_FX0_LSLACK` should have an upper case name
    --> /home/runner/work/Miner/Miner/references/round18-public-584/parse.rs:1322:11
     |
1322 | pub const u118_FX0_LSLACK: usize = 1;
     |           ^^^^^^^^^^^^^^^ help: convert the identifier to upper case (notice the capitalization): `U118_FX0_LSLACK`

warning: constant `u118_FX0_HLIT` should have an upper case name
    --> /home/runner/work/Miner/Miner/references/round18-public-584/parse.rs:1323:11
     |
1323 | pub const u118_FX0_HLIT: u32 = 80;
     |           ^^^^^^^^^^^^^ help: convert the identifier to upper case (notice the capitalization): `U118_FX0_HLIT`

warning: constant `u118_FX0_GBASE` should have an upper case name
    --> /home/runner/work/Miner/Miner/references/round18-public-584/parse.rs:1324:11
     |
1324 | pub const u118_FX0_GBASE: i32 = 168;
     |           ^^^^^^^^^^^^^^ help: convert the identifier to upper case (notice the capitalization): `U118_FX0_GBASE`

warning: constant `u118_FX0_SDIG` should have an upper case name
    --> /home/runner/work/Miner/Miner/references/round18-public-584/parse.rs:1325:11
     |
1325 | pub const u118_FX0_SDIG: u32 = 6;
     |           ^^^^^^^^^^^^^ help: convert the identifier to upper case (notice the capitalization): `U118_FX0_SDIG`

warning: constant `u118_FX0_S_DEPTH` should have an upper case name
    --> /home/runner/work/Miner/Miner/references/round18-public-584/parse.rs:1326:11
     |
1326 | pub const u118_FX0_S_DEPTH: usize = 1;
     |           ^^^^^^^^^^^^^^^^ help: convert the identifier to upper case (notice the capitalization): `U118_FX0_S_DEPTH`

warning: constant `u118_FX0_S_LDEPTH` should have an upper case name
    --> /home/runner/work/Miner/Miner/references/round18-public-584/parse.rs:1327:11
     |
1327 | pub const u118_FX0_S_LDEPTH: usize = 1;
     |           ^^^^^^^^^^^^^^^^^ help: convert the identifier to upper case (notice the capitalization): `U118_FX0_S_LDEPTH`

warning: constant `u118_FX0_S_LAZY` should have an upper case name
    --> /home/runner/work/Miner/Miner/references/round18-public-584/parse.rs:1328:11
     |
1328 | pub const u118_FX0_S_LAZY: usize = 258;
     |           ^^^^^^^^^^^^^^^ help: convert the identifier to upper case (notice the capitalization): `U118_FX0_S_LAZY`

warning: constant `x_SMALL` should have an upper case name
    --> /home/runner/work/Miner/Miner/references/round18-public-584/parse.rs:1329:11
     |
1329 | pub const x_SMALL: usize = 65536;
     |           ^^^^^^^ help: convert the identifier to upper case (notice the capitalization): `X_SMALL`

warning: constant `x_HS` should have an upper case name
    --> /home/runner/work/Miner/Miner/references/round18-public-584/parse.rs:1330:11
     |
1330 | pub const x_HS: usize = 4096;
     |           ^^^^ help: convert the identifier to upper case (notice the capitalization): `X_HS`

warning: constant `x_WS` should have an upper case name
    --> /home/runner/work/Miner/Miner/references/round18-public-584/parse.rs:1331:11
     |
1331 | pub const x_WS: usize = 16384;
     |           ^^^^ help: convert the identifier to upper case (notice the capitalization): `X_WS`

warning: constant `x_INS_MAX` should have an upper case name
    --> /home/runner/work/Miner/Miner/references/round18-public-584/parse.rs:1332:11
     |
1332 | pub const x_INS_MAX: usize = 2;
     |           ^^^^^^^^^ help: convert the identifier to upper case (notice the capitalization): `X_INS_MAX`

warning: constant `x_TAIL` should have an upper case name
    --> /home/runner/work/Miner/Miner/references/round18-public-584/parse.rs:1333:11
     |
1333 | pub const x_TAIL: usize = 1;
     |           ^^^^^^ help: convert the identifier to upper case (notice the capitalization): `X_TAIL`

warning: constant `x_STRIDE` should have an upper case name
    --> /home/runner/work/Miner/Miner/references/round18-public-584/parse.rs:1334:11
     |
1334 | pub const x_STRIDE: usize = 0;
     |           ^^^^^^^^ help: convert the identifier to upper case (notice the capitalization): `X_STRIDE`

warning: constant `x_SAMPLE` should have an upper case name
    --> /home/runner/work/Miner/Miner/references/round18-public-584/parse.rs:1335:11
     |
1335 | pub const x_SAMPLE: usize = 2048;
     |           ^^^^^^^^ help: convert the identifier to upper case (notice the capitalization): `X_SAMPLE`

warning: constant `x_VERIFY` should have an upper case name
    --> /home/runner/work/Miner/Miner/references/round18-public-584/parse.rs:1336:11
     |
1336 | pub const x_VERIFY: usize = 0;
     |           ^^^^^^^^ help: convert the identifier to upper case (notice the capitalization): `X_VERIFY`

warning: constant `x_LSLACK` should have an upper case name
    --> /home/runner/work/Miner/Miner/references/round18-public-584/parse.rs:1337:11
     |
1337 | pub const x_LSLACK: usize = 1;
     |           ^^^^^^^^ help: convert the identifier to upper case (notice the capitalization): `X_LSLACK`

warning: constant `x_HLIT` should have an upper case name
    --> /home/runner/work/Miner/Miner/references/round18-public-584/parse.rs:1338:11
     |
1338 | pub const x_HLIT: u32 = 80;
     |           ^^^^^^ help: convert the identifier to upper case (notice the capitalization): `X_HLIT`

warning: constant `x_GBASE` should have an upper case name
    --> /home/runner/work/Miner/Miner/references/round18-public-584/parse.rs:1339:11
     |
1339 | pub const x_GBASE: i32 = 168;
     |           ^^^^^^^ help: convert the identifier to upper case (notice the capitalization): `X_GBASE`

warning: constant `x_SDIG` should have an upper case name
    --> /home/runner/work/Miner/Miner/references/round18-public-584/parse.rs:1340:11
     |
1340 | pub const x_SDIG: u32 = 6;
     |           ^^^^^^ help: convert the identifier to upper case (notice the capitalization): `X_SDIG`

warning: constant `x_S_DEPTH` should have an upper case name
    --> /home/runner/work/Miner/Miner/references/round18-public-584/parse.rs:1341:11
     |
1341 | pub const x_S_DEPTH: usize = 1;
     |           ^^^^^^^^^ help: convert the identifier to upper case (notice the capitalization): `X_S_DEPTH`

warning: constant `x_S_LDEPTH` should have an upper case name
    --> /home/runner/work/Miner/Miner/references/round18-public-584/parse.rs:1342:11
     |
1342 | pub const x_S_LDEPTH: usize = 1;
     |           ^^^^^^^^^^ help: convert the identifier to upper case (notice the capitalization): `X_S_LDEPTH`

warning: constant `x_S_LAZY` should have an upper case name
    --> /home/runner/work/Miner/Miner/references/round18-public-584/parse.rs:1343:11
     |
1343 | pub const x_S_LAZY: usize = 258;
     |           ^^^^^^^^ help: convert the identifier to upper case (notice the capitalization): `X_S_LAZY`

warning: constant `x_R1_ON` should have an upper case name
    --> /home/runner/work/Miner/Miner/references/round18-public-584/parse.rs:1344:11
     |
1344 | pub const x_R1_ON: usize = 1;
     |           ^^^^^^^ help: convert the identifier to upper case (notice the capitalization): `X_R1_ON`

warning: constant `x_ST_ON` should have an upper case name
    --> /home/runner/work/Miner/Miner/references/round18-public-584/parse.rs:1345:11
     |
1345 | pub const x_ST_ON: usize = 1;
     |           ^^^^^^^ help: convert the identifier to upper case (notice the capitalization): `X_ST_ON`

warning: constant `x_ST_MIN` should have an upper case name
    --> /home/runner/work/Miner/Miner/references/round18-public-584/parse.rs:1346:11
     |
1346 | pub const x_ST_MIN: usize = 65536;
     |           ^^^^^^^^ help: convert the identifier to upper case (notice the capitalization): `X_ST_MIN`

warning: constant `x_ST_SAMPLE` should have an upper case name
    --> /home/runner/work/Miner/Miner/references/round18-public-584/parse.rs:1347:11
     |
1347 | pub const x_ST_SAMPLE: usize = 4096;
     |           ^^^^^^^^^^^ help: convert the identifier to upper case (notice the capitalization): `X_ST_SAMPLE`

warning: constant `x_ST_FEW` should have an upper case name
    --> /home/runner/work/Miner/Miner/references/round18-public-584/parse.rs:1348:11
     |
1348 | pub const x_ST_FEW: usize = 32;
     |           ^^^^^^^^ help: convert the identifier to upper case (notice the capitalization): `X_ST_FEW`

warning: constant `x_ST_MANY` should have an upper case name
    --> /home/runner/work/Miner/Miner/references/round18-public-584/parse.rs:1349:11
     |
1349 | pub const x_ST_MANY: usize = 160;
     |           ^^^^^^^^^ help: convert the identifier to upper case (notice the capitalization): `X_ST_MANY`

warning: constant `x_ST_HB` should have an upper case name
    --> /home/runner/work/Miner/Miner/references/round18-public-584/parse.rs:1350:11
     |
1350 | pub const x_ST_HB: u32 = 17;
     |           ^^^^^^^ help: convert the identifier to upper case (notice the capitalization): `X_ST_HB`

warning: constant `x_ST_HN` should have an upper case name
    --> /home/runner/work/Miner/Miner/references/round18-public-584/parse.rs:1351:11
     |
1351 | pub const x_ST_HN: usize = 131072;
     |           ^^^^^^^ help: convert the identifier to upper case (notice the capitalization): `X_ST_HN`

warning: constant `x_ST_DMAX` should have an upper case name
    --> /home/runner/work/Miner/Miner/references/round18-public-584/parse.rs:1352:11
     |
1352 | pub const x_ST_DMAX: usize = 32768;
     |           ^^^^^^^^^ help: convert the identifier to upper case (notice the capitalization): `X_ST_DMAX`

warning: constant `x_TF_N` should have an upper case name
    --> /home/runner/work/Miner/Miner/references/round18-public-584/parse.rs:1353:11
     |
1353 | pub const x_TF_N: usize = 65536;
     |           ^^^^^^ help: convert the identifier to upper case (notice the capitalization): `X_TF_N`

warning: constant `x_TF_TEXT` should have an upper case name
    --> /home/runner/work/Miner/Miner/references/round18-public-584/parse.rs:1354:11
     |
1354 | pub const x_TF_TEXT: usize = 1;
     |           ^^^^^^^^^ help: convert the identifier to upper case (notice the capitalization): `X_TF_TEXT`

warning: constant `x_TF_TKIND` should have an upper case name
    --> /home/runner/work/Miner/Miner/references/round18-public-584/parse.rs:1355:11
     |
1355 | pub const x_TF_TKIND: usize = 1;
     |           ^^^^^^^^^^ help: convert the identifier to upper case (notice the capitalization): `X_TF_TKIND`

warning: constant `x_TF_SAMPLE` should have an upper case name
    --> /home/runner/work/Miner/Miner/references/round18-public-584/parse.rs:1356:11
     |
1356 | pub const x_TF_SAMPLE: usize = 256;
     |           ^^^^^^^^^^^ help: convert the identifier to upper case (notice the capitalization): `X_TF_SAMPLE`

warning: constant `x_TF_SDIG` should have an upper case name
    --> /home/runner/work/Miner/Miner/references/round18-public-584/parse.rs:1357:11
     |
1357 | pub const x_TF_SDIG: u32 = 6;
     |           ^^^^^^^^^ help: convert the identifier to upper case (notice the capitalization): `X_TF_SDIG`

warning: constant `x_TF_HB` should have an upper case name
    --> /home/runner/work/Miner/Miner/references/round18-public-584/parse.rs:1358:11
     |
1358 | pub const x_TF_HB: u32 = 12;
     |           ^^^^^^^ help: convert the identifier to upper case (notice the capitalization): `X_TF_HB`

warning: constant `x_TF_HN` should have an upper case name
    --> /home/runner/work/Miner/Miner/references/round18-public-584/parse.rs:1359:11
     |
1359 | pub const x_TF_HN: usize = 4096;
     |           ^^^^^^^ help: convert the identifier to upper case (notice the capitalization): `X_TF_HN`

warning: constant `x_TF_WN` should have an upper case name
    --> /home/runner/work/Miner/Miner/references/round18-public-584/parse.rs:1360:11
     |
1360 | pub const x_TF_WN: usize = 16384;
     |           ^^^^^^^ help: convert the identifier to upper case (notice the capitalization): `X_TF_WN`

warning: constant `x_TF_BDEPTH` should have an upper case name
    --> /home/runner/work/Miner/Miner/references/round18-public-584/parse.rs:1361:11
     |
1361 | pub const x_TF_BDEPTH: usize = 0;
     |           ^^^^^^^^^^^ help: convert the identifier to upper case (notice the capitalization): `X_TF_BDEPTH`

warning: constant `x_TF_NICE` should have an upper case name
    --> /home/runner/work/Miner/Miner/references/round18-public-584/parse.rs:1362:11
     |
1362 | pub const x_TF_NICE: usize = 64;
     |           ^^^^^^^^^ help: convert the identifier to upper case (notice the capitalization): `X_TF_NICE`

warning: constant `x_TF_SKCAP` should have an upper case name
    --> /home/runner/work/Miner/Miner/references/round18-public-584/parse.rs:1363:11
     |
1363 | pub const x_TF_SKCAP: usize = 1000000;
     |           ^^^^^^^^^^ help: convert the identifier to upper case (notice the capitalization): `X_TF_SKCAP`

warning: constant `x_TF_BACK` should have an upper case name
    --> /home/runner/work/Miner/Miner/references/round18-public-584/parse.rs:1364:11
     |
1364 | pub const x_TF_BACK: usize = 1;
     |           ^^^^^^^^^ help: convert the identifier to upper case (notice the capitalization): `X_TF_BACK`

warning: constant `x_TF_FOLD` should have an upper case name
    --> /home/runner/work/Miner/Miner/references/round18-public-584/parse.rs:1365:11
     |
1365 | pub const x_TF_FOLD: usize = 1;
     |           ^^^^^^^^^ help: convert the identifier to upper case (notice the capitalization): `X_TF_FOLD`

warning: constant `x_TF_RUNSKIP` should have an upper case name
    --> /home/runner/work/Miner/Miner/references/round18-public-584/parse.rs:1366:11
     |
1366 | pub const x_TF_RUNSKIP: usize = 1;
     |           ^^^^^^^^^^^^ help: convert the identifier to upper case (notice the capitalization): `X_TF_RUNSKIP`

warning: constant `x_TF_INS` should have an upper case name
    --> /home/runner/work/Miner/Miner/references/round18-public-584/parse.rs:1367:11
     |
1367 | pub const x_TF_INS: usize = 2;
     |           ^^^^^^^^ help: convert the identifier to upper case (notice the capitalization): `X_TF_INS`

warning: constant `x_TF_TAIL` should have an upper case name
    --> /home/runner/work/Miner/Miner/references/round18-public-584/parse.rs:1368:11
     |
1368 | pub const x_TF_TAIL: usize = 1;
     |           ^^^^^^^^^ help: convert the identifier to upper case (notice the capitalization): `X_TF_TAIL`

warning: constant `x_TF_KL` should have an upper case name
    --> /home/runner/work/Miner/Miner/references/round18-public-584/parse.rs:1369:11
     |
1369 | pub const x_TF_KL: u32 = 5;
     |           ^^^^^^^ help: convert the identifier to upper case (notice the capitalization): `X_TF_KL`

warning: constant `x_TF_KD` should have an upper case name
    --> /home/runner/work/Miner/Miner/references/round18-public-584/parse.rs:1370:11
     |
1370 | pub const x_TF_KD: u32 = 5;
     |           ^^^^^^^ help: convert the identifier to upper case (notice the capitalization): `X_TF_KD`

warning: constant `x_TF_BKL` should have an upper case name
    --> /home/runner/work/Miner/Miner/references/round18-public-584/parse.rs:1371:11
     |
1371 | pub const x_TF_BKL: u32 = 3;
     |           ^^^^^^^^ help: convert the identifier to upper case (notice the capitalization): `X_TF_BKL`

warning: constant `x_TF_BKD` should have an upper case name
    --> /home/runner/work/Miner/Miner/references/round18-public-584/parse.rs:1372:11
     |
1372 | pub const x_TF_BKD: u32 = 3;
     |           ^^^^^^^^ help: convert the identifier to upper case (notice the capitalization): `X_TF_BKD`

warning: constant `x_TF_RDEPTH` should have an upper case name
    --> /home/runner/work/Miner/Miner/references/round18-public-584/parse.rs:1373:11
     |
1373 | pub const x_TF_RDEPTH: usize = 8;
     |           ^^^^^^^^^^^ help: convert the identifier to upper case (notice the capitalization): `X_TF_RDEPTH`

warning: constant `x_TF_SHIFT` should have an upper case name
    --> /home/runner/work/Miner/Miner/references/round18-public-584/parse.rs:1374:11
     |
1374 | pub const x_TF_SHIFT: usize = 1;
     |           ^^^^^^^^^^ help: convert the identifier to upper case (notice the capitalization): `X_TF_SHIFT`

warning: constant `x_TF_DLIT` should have an upper case name
    --> /home/runner/work/Miner/Miner/references/round18-public-584/parse.rs:1375:11
     |
1375 | pub const x_TF_DLIT: usize = 8;
     |           ^^^^^^^^^ help: convert the identifier to upper case (notice the capitalization): `X_TF_DLIT`

warning: constant `m_SMALL` should have an upper case name
    --> /home/runner/work/Miner/Miner/references/round18-public-584/parse.rs:1376:11
     |
1376 | pub const m_SMALL: usize = 65536;
     |           ^^^^^^^ help: convert the identifier to upper case: `M_SMALL`

warning: constant `m_HS` should have an upper case name
    --> /home/runner/work/Miner/Miner/references/round18-public-584/parse.rs:1377:11
     |
1377 | pub const m_HS: usize = 8192;
     |           ^^^^ help: convert the identifier to upper case: `M_HS`

warning: constant `m_WS` should have an upper case name
    --> /home/runner/work/Miner/Miner/references/round18-public-584/parse.rs:1378:11
     |
1378 | pub const m_WS: usize = 16384;
     |           ^^^^ help: convert the identifier to upper case: `M_WS`

warning: constant `m_NICE` should have an upper case name
    --> /home/runner/work/Miner/Miner/references/round18-public-584/parse.rs:1379:11
     |
1379 | pub const m_NICE: usize = 128;
     |           ^^^^^^ help: convert the identifier to upper case: `M_NICE`

warning: constant `m_INS_MAX` should have an upper case name
    --> /home/runner/work/Miner/Miner/references/round18-public-584/parse.rs:1380:11
     |
1380 | pub const m_INS_MAX: usize = 16;
     |           ^^^^^^^^^ help: convert the identifier to upper case: `M_INS_MAX`

warning: constant `m_TAIL` should have an upper case name
    --> /home/runner/work/Miner/Miner/references/round18-public-584/parse.rs:1381:11
     |
1381 | pub const m_TAIL: usize = 1;
     |           ^^^^^^ help: convert the identifier to upper case: `M_TAIL`

warning: constant `m_STRIDE` should have an upper case name
    --> /home/runner/work/Miner/Miner/references/round18-public-584/parse.rs:1382:11
     |
1382 | pub const m_STRIDE: usize = 4;
     |           ^^^^^^^^ help: convert the identifier to upper case: `M_STRIDE`

warning: constant `m_LDEPTH` should have an upper case name
    --> /home/runner/work/Miner/Miner/references/round18-public-584/parse.rs:1383:11
     |
1383 | pub const m_LDEPTH: usize = 1;
     |           ^^^^^^^^ help: convert the identifier to upper case: `M_LDEPTH`

warning: constant `m_SAMPLE` should have an upper case name
    --> /home/runner/work/Miner/Miner/references/round18-public-584/parse.rs:1384:11
     |
1384 | pub const m_SAMPLE: usize = 2048;
     |           ^^^^^^^^ help: convert the identifier to upper case: `M_SAMPLE`

warning: constant `m_VERIFY` should have an upper case name
    --> /home/runner/work/Miner/Miner/references/round18-public-584/parse.rs:1385:11
     |
1385 | pub const m_VERIFY: usize = 0;
     |           ^^^^^^^^ help: convert the identifier to upper case: `M_VERIFY`

warning: constant `m_LSLACK` should have an upper case name
    --> /home/runner/work/Miner/Miner/references/round18-public-584/parse.rs:1386:11
     |
1386 | pub const m_LSLACK: usize = 1;
     |           ^^^^^^^^ help: convert the identifier to upper case: `M_LSLACK`

warning: constant `m_HLIT` should have an upper case name
    --> /home/runner/work/Miner/Miner/references/round18-public-584/parse.rs:1387:11
     |
1387 | pub const m_HLIT: u32 = 64;
     |           ^^^^^^ help: convert the identifier to upper case: `M_HLIT`

warning: constant `m_GBASE` should have an upper case name
    --> /home/runner/work/Miner/Miner/references/round18-public-584/parse.rs:1388:11
     |
1388 | pub const m_GBASE: i32 = 168;
     |           ^^^^^^^ help: convert the identifier to upper case: `M_GBASE`

warning: constant `m_SDIG` should have an upper case name
    --> /home/runner/work/Miner/Miner/references/round18-public-584/parse.rs:1389:11
     |
1389 | pub const m_SDIG: u32 = 6;
     |           ^^^^^^ help: convert the identifier to upper case: `M_SDIG`

warning: constant `m_S_DEPTH` should have an upper case name
    --> /home/runner/work/Miner/Miner/references/round18-public-584/parse.rs:1390:11
     |
1390 | pub const m_S_DEPTH: usize = 1;
     |           ^^^^^^^^^ help: convert the identifier to upper case: `M_S_DEPTH`

warning: constant `m_S_LDEPTH` should have an upper case name
    --> /home/runner/work/Miner/Miner/references/round18-public-584/parse.rs:1391:11
     |
1391 | pub const m_S_LDEPTH: usize = 3;
     |           ^^^^^^^^^^ help: convert the identifier to upper case: `M_S_LDEPTH`

warning: constant `m_S_LAZY` should have an upper case name
    --> /home/runner/work/Miner/Miner/references/round18-public-584/parse.rs:1392:11
     |
1392 | pub const m_S_LAZY: usize = 258;
     |           ^^^^^^^^ help: convert the identifier to upper case: `M_S_LAZY`

warning: constant `m_LAZY2` should have an upper case name
    --> /home/runner/work/Miner/Miner/references/round18-public-584/parse.rs:1393:11
     |
1393 | pub const m_LAZY2: usize = 0;
     |           ^^^^^^^ help: convert the identifier to upper case: `M_LAZY2`

warning: constant `m_L2B` should have an upper case name
    --> /home/runner/work/Miner/Miner/references/round18-public-584/parse.rs:1394:11
     |
1394 | pub const m_L2B: i32 = 40;
     |           ^^^^^ help: convert the identifier to upper case: `M_L2_B`

warning: constant `m_L2DEPTH` should have an upper case name
    --> /home/runner/work/Miner/Miner/references/round18-public-584/parse.rs:1395:11
     |
1395 | pub const m_L2DEPTH: usize = 1;
     |           ^^^^^^^^^ help: convert the identifier to upper case: `M_L2_DEPTH`

warning: constant `m_MAIN_GM` should have an upper case name
    --> /home/runner/work/Miner/Miner/references/round18-public-584/parse.rs:1396:11
     |
1396 | pub const m_MAIN_GM: usize = 0;
     |           ^^^^^^^^^ help: convert the identifier to upper case: `M_MAIN_GM`

warning: constant `m_PARTIAL` should have an upper case name
    --> /home/runner/work/Miner/Miner/references/round18-public-584/parse.rs:1397:11
     |
1397 | pub const m_PARTIAL: usize = 0;
     |           ^^^^^^^^^ help: convert the identifier to upper case: `M_PARTIAL`

warning: constant `m_PDEPTH` should have an upper case name
    --> /home/runner/work/Miner/Miner/references/round18-public-584/parse.rs:1398:11
     |
1398 | pub const m_PDEPTH: usize = 8;
     |           ^^^^^^^^ help: convert the identifier to upper case: `M_PDEPTH`

warning: constant `m_FLAT_DIV` should have an upper case name
    --> /home/runner/work/Miner/Miner/references/round18-public-584/parse.rs:1399:11
     |
1399 | pub const m_FLAT_DIV: u32 = 16;
     |           ^^^^^^^^^^ help: convert the identifier to upper case: `M_FLAT_DIV`

warning: constant `m_FLAT_SQ` should have an upper case name
    --> /home/runner/work/Miner/Miner/references/round18-public-584/parse.rs:1400:11
     |
1400 | pub const m_FLAT_SQ: u64 = 256;
     |           ^^^^^^^^^ help: convert the identifier to upper case: `M_FLAT_SQ`

warning: constant `m_D_KEY` should have an upper case name
    --> /home/runner/work/Miner/Miner/references/round18-public-584/parse.rs:1401:11
     |
1401 | pub const m_D_KEY: u32 = 8;
     |           ^^^^^^^ help: convert the identifier to upper case: `M_D_KEY`

warning: constant `m_D_MINL` should have an upper case name
    --> /home/runner/work/Miner/Miner/references/round18-public-584/parse.rs:1402:11
     |
1402 | pub const m_D_MINL: usize = 9;
     |           ^^^^^^^^ help: convert the identifier to upper case: `M_D_MINL`

warning: constant `pc_SMALL` should have an upper case name
    --> /home/runner/work/Miner/Miner/references/round18-public-584/parse.rs:1403:11
     |
1403 | pub const pc_SMALL: usize = 65536;
     |           ^^^^^^^^ help: convert the identifier to upper case: `PC_SMALL`

warning: constant `pc_HS` should have an upper case name
    --> /home/runner/work/Miner/Miner/references/round18-public-584/parse.rs:1404:11
     |
1404 | pub const pc_HS: usize = 4096;
     |           ^^^^^ help: convert the identifier to upper case: `PC_HS`

warning: constant `pc_WS` should have an upper case name
    --> /home/runner/work/Miner/Miner/references/round18-public-584/parse.rs:1405:11
     |
1405 | pub const pc_WS: usize = 16384;
     |           ^^^^^ help: convert the identifier to upper case: `PC_WS`

warning: constant `pc_INS_MAX` should have an upper case name
    --> /home/runner/work/Miner/Miner/references/round18-public-584/parse.rs:1406:11
     |
1406 | pub const pc_INS_MAX: usize = 8;
     |           ^^^^^^^^^^
     |
help: convert the identifier to upper case
     |
1406 - pub const pc_INS_MAX: usize = 8;
1406 + pub const PC_INS_MAX: usize = 8;
     |

warning: constant `pc_TAIL` should have an upper case name
    --> /home/runner/work/Miner/Miner/references/round18-public-584/parse.rs:1407:11
     |
1407 | pub const pc_TAIL: usize = 1;
     |           ^^^^^^^
     |
help: convert the identifier to upper case
     |
1407 - pub const pc_TAIL: usize = 1;
1407 + pub const PC_TAIL: usize = 1;
     |

warning: constant `pc_STRIDE` should have an upper case name
    --> /home/runner/work/Miner/Miner/references/round18-public-584/parse.rs:1408:11
     |
1408 | pub const pc_STRIDE: usize = 0;
     |           ^^^^^^^^^ help: convert the identifier to upper case: `PC_STRIDE`

warning: constant `pc_BACKTOK` should have an upper case name
    --> /home/runner/work/Miner/Miner/references/round18-public-584/parse.rs:1409:11
     |
1409 | pub const pc_BACKTOK: usize = 16;
     |           ^^^^^^^^^^
     |
help: convert the identifier to upper case
     |
1409 - pub const pc_BACKTOK: usize = 16;
1409 + pub const PC_BACKTOK: usize = 16;
     |

warning: constant `pc_SAMPLE` should have an upper case name
    --> /home/runner/work/Miner/Miner/references/round18-public-584/parse.rs:1410:11
     |
1410 | pub const pc_SAMPLE: usize = 2048;
     |           ^^^^^^^^^ help: convert the identifier to upper case: `PC_SAMPLE`

warning: constant `pc_VERIFY` should have an upper case name
    --> /home/runner/work/Miner/Miner/references/round18-public-584/parse.rs:1411:11
     |
1411 | pub const pc_VERIFY: usize = 0;
     |           ^^^^^^^^^
     |
help: convert the identifier to upper case
     |
1411 - pub const pc_VERIFY: usize = 0;
1411 + pub const PC_VERIFY: usize = 0;
     |

warning: constant `pc_LSLACK` should have an upper case name
    --> /home/runner/work/Miner/Miner/references/round18-public-584/parse.rs:1412:11
     |
1412 | pub const pc_LSLACK: usize = 1;
     |           ^^^^^^^^^
     |
help: convert the identifier to upper case
     |
1412 - pub const pc_LSLACK: usize = 1;
1412 + pub const PC_LSLACK: usize = 1;
     |

warning: constant `pc_HLIT` should have an upper case name
    --> /home/runner/work/Miner/Miner/references/round18-public-584/parse.rs:1413:11
     |
1413 | pub const pc_HLIT: u32 = 80;
     |           ^^^^^^^
     |
help: convert the identifier to upper case
     |
1413 - pub const pc_HLIT: u32 = 80;
1413 + pub const PC_HLIT: u32 = 80;
     |

warning: constant `pc_GBASE` should have an upper case name
    --> /home/runner/work/Miner/Miner/references/round18-public-584/parse.rs:1414:11
     |
1414 | pub const pc_GBASE: i32 = 168;
     |           ^^^^^^^^
     |
help: convert the identifier to upper case
     |
1414 - pub const pc_GBASE: i32 = 168;
1414 + pub const PC_GBASE: i32 = 168;
     |

warning: constant `pc_SDIG` should have an upper case name
    --> /home/runner/work/Miner/Miner/references/round18-public-584/parse.rs:1415:11
     |
1415 | pub const pc_SDIG: u32 = 6;
     |           ^^^^^^^ help: convert the identifier to upper case: `PC_SDIG`

warning: constant `pc_S_DEPTH` should have an upper case name
    --> /home/runner/work/Miner/Miner/references/round18-public-584/parse.rs:1416:11
     |
1416 | pub const pc_S_DEPTH: usize = 1;
     |           ^^^^^^^^^^ help: convert the identifier to upper case: `PC_S_DEPTH`

warning: constant `pc_S_LDEPTH` should have an upper case name
    --> /home/runner/work/Miner/Miner/references/round18-public-584/parse.rs:1417:11
     |
1417 | pub const pc_S_LDEPTH: usize = 1;
     |           ^^^^^^^^^^^ help: convert the identifier to upper case: `PC_S_LDEPTH`

warning: constant `pc_S_LAZY` should have an upper case name
    --> /home/runner/work/Miner/Miner/references/round18-public-584/parse.rs:1418:11
     |
1418 | pub const pc_S_LAZY: usize = 258;
     |           ^^^^^^^^^ help: convert the identifier to upper case: `PC_S_LAZY`

warning: constant `pc_R1_ON` should have an upper case name
    --> /home/runner/work/Miner/Miner/references/round18-public-584/parse.rs:1419:11
     |
1419 | pub const pc_R1_ON: usize = 1;
     |           ^^^^^^^^ help: convert the identifier to upper case: `PC_R1_ON`

warning: constant `pc_ST_ON` should have an upper case name
    --> /home/runner/work/Miner/Miner/references/round18-public-584/parse.rs:1420:11
     |
1420 | pub const pc_ST_ON: usize = 1;
     |           ^^^^^^^^ help: convert the identifier to upper case: `PC_ST_ON`

warning: constant `pc_ST_MIN` should have an upper case name
    --> /home/runner/work/Miner/Miner/references/round18-public-584/parse.rs:1421:11
     |
1421 | pub const pc_ST_MIN: usize = 65536;
     |           ^^^^^^^^^ help: convert the identifier to upper case: `PC_ST_MIN`

warning: constant `pc_ST_SAMPLE` should have an upper case name
    --> /home/runner/work/Miner/Miner/references/round18-public-584/parse.rs:1422:11
     |
1422 | pub const pc_ST_SAMPLE: usize = 4096;
     |           ^^^^^^^^^^^^ help: convert the identifier to upper case: `PC_ST_SAMPLE`

warning: constant `pc_ST_FEW` should have an upper case name
    --> /home/runner/work/Miner/Miner/references/round18-public-584/parse.rs:1423:11
     |
1423 | pub const pc_ST_FEW: usize = 32;
     |           ^^^^^^^^^ help: convert the identifier to upper case: `PC_ST_FEW`

warning: constant `pc_ST_MANY` should have an upper case name
    --> /home/runner/work/Miner/Miner/references/round18-public-584/parse.rs:1424:11
     |
1424 | pub const pc_ST_MANY: usize = 160;
     |           ^^^^^^^^^^ help: convert the identifier to upper case: `PC_ST_MANY`

warning: constant `pc_ST_HB` should have an upper case name
    --> /home/runner/work/Miner/Miner/references/round18-public-584/parse.rs:1425:11
     |
1425 | pub const pc_ST_HB: u32 = 17;
     |           ^^^^^^^^ help: convert the identifier to upper case: `PC_ST_HB`

warning: constant `pc_ST_HN` should have an upper case name
    --> /home/runner/work/Miner/Miner/references/round18-public-584/parse.rs:1426:11
     |
1426 | pub const pc_ST_HN: usize = 131072;
     |           ^^^^^^^^ help: convert the identifier to upper case: `PC_ST_HN`

warning: constant `pc_ST_DMAX` should have an upper case name
    --> /home/runner/work/Miner/Miner/references/round18-public-584/parse.rs:1427:11
     |
1427 | pub const pc_ST_DMAX: usize = 32768;
     |           ^^^^^^^^^^ help: convert the identifier to upper case: `PC_ST_DMAX`

warning: constant `pc_ST_INS` should have an upper case name
    --> /home/runner/work/Miner/Miner/references/round18-public-584/parse.rs:1428:11
     |
1428 | pub const pc_ST_INS: usize = 258;
     |           ^^^^^^^^^ help: convert the identifier to upper case: `PC_ST_INS`

warning: constant `pc_ST_DMIN` should have an upper case name
    --> /home/runner/work/Miner/Miner/references/round18-public-584/parse.rs:1429:11
     |
1429 | pub const pc_ST_DMIN: usize = 129;
     |           ^^^^^^^^^^ help: convert the identifier to upper case: `PC_ST_DMIN`

warning: constant `pc_TF_N` should have an upper case name
    --> /home/runner/work/Miner/Miner/references/round18-public-584/parse.rs:1430:11
     |
1430 | pub const pc_TF_N: usize = 65536;
     |           ^^^^^^^ help: convert the identifier to upper case: `PC_TF_N`

warning: constant `pc_TF_TEXT` should have an upper case name
    --> /home/runner/work/Miner/Miner/references/round18-public-584/parse.rs:1431:11
     |
1431 | pub const pc_TF_TEXT: usize = 1;
     |           ^^^^^^^^^^ help: convert the identifier to upper case: `PC_TF_TEXT`

warning: constant `pc_TF_TKIND` should have an upper case name
    --> /home/runner/work/Miner/Miner/references/round18-public-584/parse.rs:1432:11
     |
1432 | pub const pc_TF_TKIND: usize = 1;
     |           ^^^^^^^^^^^ help: convert the identifier to upper case: `PC_TF_TKIND`

warning: constant `pc_TF_SAMPLE` should have an upper case name
    --> /home/runner/work/Miner/Miner/references/round18-public-584/parse.rs:1433:11
     |
1433 | pub const pc_TF_SAMPLE: usize = 256;
     |           ^^^^^^^^^^^^ help: convert the identifier to upper case: `PC_TF_SAMPLE`

warning: constant `pc_TF_SDIG` should have an upper case name
    --> /home/runner/work/Miner/Miner/references/round18-public-584/parse.rs:1434:11
     |
1434 | pub const pc_TF_SDIG: u32 = 6;
     |           ^^^^^^^^^^ help: convert the identifier to upper case: `PC_TF_SDIG`

warning: constant `pc_TF_HB` should have an upper case name
    --> /home/runner/work/Miner/Miner/references/round18-public-584/parse.rs:1435:11
     |
1435 | pub const pc_TF_HB: u32 = 12;
     |           ^^^^^^^^ help: convert the identifier to upper case: `PC_TF_HB`

warning: constant `pc_TF_HN` should have an upper case name
    --> /home/runner/work/Miner/Miner/references/round18-public-584/parse.rs:1436:11
     |
1436 | pub const pc_TF_HN: usize = 4096;
     |           ^^^^^^^^ help: convert the identifier to upper case: `PC_TF_HN`

warning: constant `pc_TF_WN` should have an upper case name
    --> /home/runner/work/Miner/Miner/references/round18-public-584/parse.rs:1437:11
     |
1437 | pub const pc_TF_WN: usize = 16384;
     |           ^^^^^^^^ help: convert the identifier to upper case: `PC_TF_WN`

warning: constant `pc_TF_BDEPTH` should have an upper case name
    --> /home/runner/work/Miner/Miner/references/round18-public-584/parse.rs:1438:11
     |
1438 | pub const pc_TF_BDEPTH: usize = 0;
     |           ^^^^^^^^^^^^ help: convert the identifier to upper case: `PC_TF_BDEPTH`

warning: constant `pc_TF_NICE` should have an upper case name
    --> /home/runner/work/Miner/Miner/references/round18-public-584/parse.rs:1439:11
     |
1439 | pub const pc_TF_NICE: usize = 64;
     |           ^^^^^^^^^^ help: convert the identifier to upper case: `PC_TF_NICE`

warning: constant `pc_TF_SKCAP` should have an upper case name
    --> /home/runner/work/Miner/Miner/references/round18-public-584/parse.rs:1440:11
     |
1440 | pub const pc_TF_SKCAP: usize = 1000000;
     |           ^^^^^^^^^^^ help: convert the identifier to upper case: `PC_TF_SKCAP`

warning: constant `pc_TF_BACK` should have an upper case name
    --> /home/runner/work/Miner/Miner/references/round18-public-584/parse.rs:1441:11
     |
1441 | pub const pc_TF_BACK: usize = 1;
     |           ^^^^^^^^^^ help: convert the identifier to upper case: `PC_TF_BACK`

warning: constant `pc_TF_FOLD` should have an upper case name
    --> /home/runner/work/Miner/Miner/references/round18-public-584/parse.rs:1442:11
     |
1442 | pub const pc_TF_FOLD: usize = 1;
     |           ^^^^^^^^^^ help: convert the identifier to upper case: `PC_TF_FOLD`

warning: constant `pc_TF_RUNSKIP` should have an upper case name
    --> /home/runner/work/Miner/Miner/references/round18-public-584/parse.rs:1443:11
     |
1443 | pub const pc_TF_RUNSKIP: usize = 1;
     |           ^^^^^^^^^^^^^ help: convert the identifier to upper case: `PC_TF_RUNSKIP`

warning: constant `pc_TF_INS` should have an upper case name
    --> /home/runner/work/Miner/Miner/references/round18-public-584/parse.rs:1444:11
     |
1444 | pub const pc_TF_INS: usize = 2;
     |           ^^^^^^^^^ help: convert the identifier to upper case: `PC_TF_INS`

warning: constant `pc_TF_TAIL` should have an upper case name
    --> /home/runner/work/Miner/Miner/references/round18-public-584/parse.rs:1445:11
     |
1445 | pub const pc_TF_TAIL: usize = 1;
     |           ^^^^^^^^^^ help: convert the identifier to upper case: `PC_TF_TAIL`

warning: constant `pc_TF_KL` should have an upper case name
    --> /home/runner/work/Miner/Miner/references/round18-public-584/parse.rs:1446:11
     |
1446 | pub const pc_TF_KL: u32 = 5;
     |           ^^^^^^^^ help: convert the identifier to upper case: `PC_TF_KL`

warning: constant `pc_TF_KD` should have an upper case name
    --> /home/runner/work/Miner/Miner/references/round18-public-584/parse.rs:1447:11
     |
1447 | pub const pc_TF_KD: u32 = 5;
     |           ^^^^^^^^ help: convert the identifier to upper case: `PC_TF_KD`

warning: constant `pc_TF_BKL` should have an upper case name
    --> /home/runner/work/Miner/Miner/references/round18-public-584/parse.rs:1448:11
     |
1448 | pub const pc_TF_BKL: u32 = 3;
     |           ^^^^^^^^^ help: convert the identifier to upper case: `PC_TF_BKL`

warning: constant `pc_TF_BKD` should have an upper case name
    --> /home/runner/work/Miner/Miner/references/round18-public-584/parse.rs:1449:11
     |
1449 | pub const pc_TF_BKD: u32 = 3;
     |           ^^^^^^^^^ help: convert the identifier to upper case: `PC_TF_BKD`

warning: constant `pc_TF_RDEPTH` should have an upper case name
    --> /home/runner/work/Miner/Miner/references/round18-public-584/parse.rs:1450:11
     |
1450 | pub const pc_TF_RDEPTH: usize = 8;
     |           ^^^^^^^^^^^^ help: convert the identifier to upper case: `PC_TF_RDEPTH`

warning: constant `pc_TF_SHIFT` should have an upper case name
    --> /home/runner/work/Miner/Miner/references/round18-public-584/parse.rs:1451:11
     |
1451 | pub const pc_TF_SHIFT: usize = 1;
     |           ^^^^^^^^^^^ help: convert the identifier to upper case: `PC_TF_SHIFT`

warning: constant `pc_TF_DLIT` should have an upper case name
    --> /home/runner/work/Miner/Miner/references/round18-public-584/parse.rs:1452:11
     |
1452 | pub const pc_TF_DLIT: usize = 8;
     |           ^^^^^^^^^^ help: convert the identifier to upper case: `PC_TF_DLIT`

warning: constant `pc_KF_ON` should have an upper case name
    --> /home/runner/work/Miner/Miner/references/round18-public-584/parse.rs:1890:11
     |
1890 | pub const pc_KF_ON: usize = 9;
     |           ^^^^^^^^ help: convert the identifier to upper case: `PC_KF_ON`

warning: constant `pc_KF_DP` should have an upper case name
    --> /home/runner/work/Miner/Miner/references/round18-public-584/parse.rs:1891:11
     |
1891 | pub const pc_KF_DP: usize = 1;
     |           ^^^^^^^^ help: convert the identifier to upper case: `PC_KF_DP`

warning: constant `pc_KF_BDP` should have an upper case name
    --> /home/runner/work/Miner/Miner/references/round18-public-584/parse.rs:1892:11
     |
1892 | pub const pc_KF_BDP: usize = 2;
     |           ^^^^^^^^^ help: convert the identifier to upper case: `PC_KF_BDP`

warning: constant `pc_KF_BSKIP` should have an upper case name
    --> /home/runner/work/Miner/Miner/references/round18-public-584/parse.rs:1893:11
     |
1893 | pub const pc_KF_BSKIP: usize = 6;
     |           ^^^^^^^^^^^ help: convert the identifier to upper case: `PC_KF_BSKIP`

warning: constant `pi1_SMALL` should have an upper case name
    --> /home/runner/work/Miner/Miner/references/round18-public-584/parse.rs:2068:11
     |
2068 | pub const pi1_SMALL: usize = 65536;
     |           ^^^^^^^^^ help: convert the identifier to upper case: `PI1_SMALL`

warning: constant `pi1_HS` should have an upper case name
    --> /home/runner/work/Miner/Miner/references/round18-public-584/parse.rs:2069:11
     |
2069 | pub const pi1_HS: usize = 4096;
     |           ^^^^^^ help: convert the identifier to upper case: `PI1_HS`

warning: constant `pi1_WS` should have an upper case name
    --> /home/runner/work/Miner/Miner/references/round18-public-584/parse.rs:2070:11
     |
2070 | pub const pi1_WS: usize = 16384;
     |           ^^^^^^ help: convert the identifier to upper case: `PI1_WS`

warning: constant `pi1_INS_MAX` should have an upper case name
    --> /home/runner/work/Miner/Miner/references/round18-public-584/parse.rs:2071:11
     |
2071 | pub const pi1_INS_MAX: usize = 1;
     |           ^^^^^^^^^^^ help: convert the identifier to upper case: `PI1_INS_MAX`

warning: constant `pi1_TAIL` should have an upper case name
    --> /home/runner/work/Miner/Miner/references/round18-public-584/parse.rs:2072:11
     |
2072 | pub const pi1_TAIL: usize = 0;
     |           ^^^^^^^^ help: convert the identifier to upper case: `PI1_TAIL`

warning: constant `pi1_STRIDE` should have an upper case name
    --> /home/runner/work/Miner/Miner/references/round18-public-584/parse.rs:2073:11
     |
2073 | pub const pi1_STRIDE: usize = 0;
     |           ^^^^^^^^^^ help: convert the identifier to upper case: `PI1_STRIDE`

warning: constant `pi1_SAMPLE` should have an upper case name
    --> /home/runner/work/Miner/Miner/references/round18-public-584/parse.rs:2074:11
     |
2074 | pub const pi1_SAMPLE: usize = 2048;
     |           ^^^^^^^^^^ help: convert the identifier to upper case: `PI1_SAMPLE`

warning: constant `pi1_VERIFY` should have an upper case name
    --> /home/runner/work/Miner/Miner/references/round18-public-584/parse.rs:2075:11
     |
2075 | pub const pi1_VERIFY: usize = 0;
     |           ^^^^^^^^^^ help: convert the identifier to upper case: `PI1_VERIFY`

warning: constant `pi1_LSLACK` should have an upper case name
    --> /home/runner/work/Miner/Miner/references/round18-public-584/parse.rs:2076:11
     |
2076 | pub const pi1_LSLACK: usize = 1;
     |           ^^^^^^^^^^ help: convert the identifier to upper case: `PI1_LSLACK`

warning: constant `pi1_HLIT` should have an upper case name
    --> /home/runner/work/Miner/Miner/references/round18-public-584/parse.rs:2077:11
     |
2077 | pub const pi1_HLIT: u32 = 80;
     |           ^^^^^^^^ help: convert the identifier to upper case: `PI1_HLIT`

warning: constant `pi1_GBASE` should have an upper case name
    --> /home/runner/work/Miner/Miner/references/round18-public-584/parse.rs:2078:11
     |
2078 | pub const pi1_GBASE: i32 = 168;
     |           ^^^^^^^^^ help: convert the identifier to upper case: `PI1_GBASE`

warning: constant `pi1_SDIG` should have an upper case name
    --> /home/runner/work/Miner/Miner/references/round18-public-584/parse.rs:2079:11
     |
2079 | pub const pi1_SDIG: u32 = 6;
     |           ^^^^^^^^ help: convert the identifier to upper case: `PI1_SDIG`

warning: constant `pi1_S_DEPTH` should have an upper case name
    --> /home/runner/work/Miner/Miner/references/round18-public-584/parse.rs:2080:11
     |
2080 | pub const pi1_S_DEPTH: usize = 1;
     |           ^^^^^^^^^^^ help: convert the identifier to upper case: `PI1_S_DEPTH`

warning: constant `pi1_S_LDEPTH` should have an upper case name
    --> /home/runner/work/Miner/Miner/references/round18-public-584/parse.rs:2081:11
     |
2081 | pub const pi1_S_LDEPTH: usize = 1;
     |           ^^^^^^^^^^^^ help: convert the identifier to upper case: `PI1_S_LDEPTH`

warning: constant `pi1_S_LAZY` should have an upper case name
    --> /home/runner/work/Miner/Miner/references/round18-public-584/parse.rs:2082:11
     |
2082 | pub const pi1_S_LAZY: usize = 258;
     |           ^^^^^^^^^^ help: convert the identifier to upper case: `PI1_S_LAZY`

warning: constant `pi1_R1_ON` should have an upper case name
    --> /home/runner/work/Miner/Miner/references/round18-public-584/parse.rs:2083:11
     |
2083 | pub const pi1_R1_ON: usize = 1;
     |           ^^^^^^^^^ help: convert the identifier to upper case: `PI1_R1_ON`

warning: constant `pi1_ST_ON` should have an upper case name
    --> /home/runner/work/Miner/Miner/references/round18-public-584/parse.rs:2084:11
     |
2084 | pub const pi1_ST_ON: usize = 1;
     |           ^^^^^^^^^ help: convert the identifier to upper case: `PI1_ST_ON`

warning: constant `pi1_ST_MIN` should have an upper case name
    --> /home/runner/work/Miner/Miner/references/round18-public-584/parse.rs:2085:11
     |
2085 | pub const pi1_ST_MIN: usize = 65536;
     |           ^^^^^^^^^^ help: convert the identifier to upper case: `PI1_ST_MIN`

warning: constant `pi1_ST_SAMPLE` should have an upper case name
    --> /home/runner/work/Miner/Miner/references/round18-public-584/parse.rs:2086:11
     |
2086 | pub const pi1_ST_SAMPLE: usize = 4096;
     |           ^^^^^^^^^^^^^ help: convert the identifier to upper case: `PI1_ST_SAMPLE`

warning: constant `pi1_ST_FEW` should have an upper case name
    --> /home/runner/work/Miner/Miner/references/round18-public-584/parse.rs:2087:11
     |
2087 | pub const pi1_ST_FEW: usize = 32;
     |           ^^^^^^^^^^ help: convert the identifier to upper case: `PI1_ST_FEW`

warning: constant `pi1_ST_MANY` should have an upper case name
    --> /home/runner/work/Miner/Miner/references/round18-public-584/parse.rs:2088:11
     |
2088 | pub const pi1_ST_MANY: usize = 160;
     |           ^^^^^^^^^^^ help: convert the identifier to upper case: `PI1_ST_MANY`

warning: constant `pi1_ST_HB` should have an upper case name
    --> /home/runner/work/Miner/Miner/references/round18-public-584/parse.rs:2089:11
     |
2089 | pub const pi1_ST_HB: u32 = 17;
     |           ^^^^^^^^^ help: convert the identifier to upper case: `PI1_ST_HB`

warning: constant `pi1_ST_HN` should have an upper case name
    --> /home/runner/work/Miner/Miner/references/round18-public-584/parse.rs:2090:11
     |
2090 | pub const pi1_ST_HN: usize = 131072;
     |           ^^^^^^^^^ help: convert the identifier to upper case: `PI1_ST_HN`

warning: constant `pi1_ST_DMAX` should have an upper case name
    --> /home/runner/work/Miner/Miner/references/round18-public-584/parse.rs:2091:11
     |
2091 | pub const pi1_ST_DMAX: usize = 32768;
     |           ^^^^^^^^^^^ help: convert the identifier to upper case: `PI1_ST_DMAX`

warning: constant `pi1_ST_INS` should have an upper case name
    --> /home/runner/work/Miner/Miner/references/round18-public-584/parse.rs:2092:11
     |
2092 | pub const pi1_ST_INS: usize = 258;
     |           ^^^^^^^^^^ help: convert the identifier to upper case: `PI1_ST_INS`

warning: constant `pi1_ST_DMIN` should have an upper case name
    --> /home/runner/work/Miner/Miner/references/round18-public-584/parse.rs:2093:11
     |
2093 | pub const pi1_ST_DMIN: usize = 129;
     |           ^^^^^^^^^^^ help: convert the identifier to upper case: `PI1_ST_DMIN`

warning: constant `pi1_TF_N` should have an upper case name
    --> /home/runner/work/Miner/Miner/references/round18-public-584/parse.rs:2094:11
     |
2094 | pub const pi1_TF_N: usize = 65536;
     |           ^^^^^^^^ help: convert the identifier to upper case: `PI1_TF_N`

warning: constant `pi1_TF_TEXT` should have an upper case name
    --> /home/runner/work/Miner/Miner/references/round18-public-584/parse.rs:2095:11
     |
2095 | pub const pi1_TF_TEXT: usize = 1;
     |           ^^^^^^^^^^^ help: convert the identifier to upper case: `PI1_TF_TEXT`

warning: constant `pi1_TF_TKIND` should have an upper case name
    --> /home/runner/work/Miner/Miner/references/round18-public-584/parse.rs:2096:11
     |
2096 | pub const pi1_TF_TKIND: usize = 1;
     |           ^^^^^^^^^^^^ help: convert the identifier to upper case: `PI1_TF_TKIND`

warning: constant `pi1_TF_SAMPLE` should have an upper case name
    --> /home/runner/work/Miner/Miner/references/round18-public-584/parse.rs:2097:11
     |
2097 | pub const pi1_TF_SAMPLE: usize = 256;
     |           ^^^^^^^^^^^^^ help: convert the identifier to upper case: `PI1_TF_SAMPLE`

warning: constant `pi1_TF_SDIG` should have an upper case name
    --> /home/runner/work/Miner/Miner/references/round18-public-584/parse.rs:2098:11
     |
2098 | pub const pi1_TF_SDIG: u32 = 6;
     |           ^^^^^^^^^^^ help: convert the identifier to upper case: `PI1_TF_SDIG`

warning: constant `pi1_TF_HB` should have an upper case name
    --> /home/runner/work/Miner/Miner/references/round18-public-584/parse.rs:2099:11
     |
2099 | pub const pi1_TF_HB: u32 = 12;
     |           ^^^^^^^^^ help: convert the identifier to upper case: `PI1_TF_HB`

warning: constant `pi1_TF_HN` should have an upper case name
    --> /home/runner/work/Miner/Miner/references/round18-public-584/parse.rs:2100:11
     |
2100 | pub const pi1_TF_HN: usize = 4096;
     |           ^^^^^^^^^ help: convert the identifier to upper case: `PI1_TF_HN`

warning: constant `pi1_TF_WN` should have an upper case name
    --> /home/runner/work/Miner/Miner/references/round18-public-584/parse.rs:2101:11
     |
2101 | pub const pi1_TF_WN: usize = 16384;
     |           ^^^^^^^^^ help: convert the identifier to upper case: `PI1_TF_WN`

warning: constant `pi1_TF_BDEPTH` should have an upper case name
    --> /home/runner/work/Miner/Miner/references/round18-public-584/parse.rs:2102:11
     |
2102 | pub const pi1_TF_BDEPTH: usize = 0;
     |           ^^^^^^^^^^^^^ help: convert the identifier to upper case: `PI1_TF_BDEPTH`

warning: constant `pi1_TF_NICE` should have an upper case name
    --> /home/runner/work/Miner/Miner/references/round18-public-584/parse.rs:2103:11
     |
2103 | pub const pi1_TF_NICE: usize = 64;
     |           ^^^^^^^^^^^ help: convert the identifier to upper case: `PI1_TF_NICE`

warning: constant `pi1_TF_SKCAP` should have an upper case name
    --> /home/runner/work/Miner/Miner/references/round18-public-584/parse.rs:2104:11
     |
2104 | pub const pi1_TF_SKCAP: usize = 1000000;
     |           ^^^^^^^^^^^^ help: convert the identifier to upper case: `PI1_TF_SKCAP`

warning: constant `pi1_TF_BACK` should have an upper case name
    --> /home/runner/work/Miner/Miner/references/round18-public-584/parse.rs:2105:11
     |
2105 | pub const pi1_TF_BACK: usize = 1;
     |           ^^^^^^^^^^^ help: convert the identifier to upper case: `PI1_TF_BACK`

warning: constant `pi1_TF_FOLD` should have an upper case name
    --> /home/runner/work/Miner/Miner/references/round18-public-584/parse.rs:2106:11
     |
2106 | pub const pi1_TF_FOLD: usize = 1;
     |           ^^^^^^^^^^^ help: convert the identifier to upper case: `PI1_TF_FOLD`

warning: constant `pi1_TF_RUNSKIP` should have an upper case name
    --> /home/runner/work/Miner/Miner/references/round18-public-584/parse.rs:2107:11
     |
2107 | pub const pi1_TF_RUNSKIP: usize = 1;
     |           ^^^^^^^^^^^^^^ help: convert the identifier to upper case: `PI1_TF_RUNSKIP`

warning: constant `pi1_TF_INS` should have an upper case name
    --> /home/runner/work/Miner/Miner/references/round18-public-584/parse.rs:2108:11
     |
2108 | pub const pi1_TF_INS: usize = 2;
     |           ^^^^^^^^^^ help: convert the identifier to upper case: `PI1_TF_INS`

warning: constant `pi1_TF_TAIL` should have an upper case name
    --> /home/runner/work/Miner/Miner/references/round18-public-584/parse.rs:2109:11
     |
2109 | pub const pi1_TF_TAIL: usize = 1;
     |           ^^^^^^^^^^^ help: convert the identifier to upper case: `PI1_TF_TAIL`

warning: constant `pi1_TF_KL` should have an upper case name
    --> /home/runner/work/Miner/Miner/references/round18-public-584/parse.rs:2110:11
     |
2110 | pub const pi1_TF_KL: u32 = 5;
     |           ^^^^^^^^^ help: convert the identifier to upper case: `PI1_TF_KL`

warning: constant `pi1_TF_KD` should have an upper case name
    --> /home/runner/work/Miner/Miner/references/round18-public-584/parse.rs:2111:11
     |
2111 | pub const pi1_TF_KD: u32 = 5;
     |           ^^^^^^^^^ help: convert the identifier to upper case: `PI1_TF_KD`

warning: constant `pi1_TF_BKL` should have an upper case name
    --> /home/runner/work/Miner/Miner/references/round18-public-584/parse.rs:2112:11
     |
2112 | pub const pi1_TF_BKL: u32 = 3;
     |           ^^^^^^^^^^ help: convert the identifier to upper case: `PI1_TF_BKL`

warning: constant `pi1_TF_BKD` should have an upper case name
    --> /home/runner/work/Miner/Miner/references/round18-public-584/parse.rs:2113:11
     |
2113 | pub const pi1_TF_BKD: u32 = 3;
     |           ^^^^^^^^^^ help: convert the identifier to upper case: `PI1_TF_BKD`

warning: constant `pi1_TF_RDEPTH` should have an upper case name
    --> /home/runner/work/Miner/Miner/references/round18-public-584/parse.rs:2114:11
     |
2114 | pub const pi1_TF_RDEPTH: usize = 8;
     |           ^^^^^^^^^^^^^ help: convert the identifier to upper case: `PI1_TF_RDEPTH`

warning: constant `pi1_TF_SHIFT` should have an upper case name
    --> /home/runner/work/Miner/Miner/references/round18-public-584/parse.rs:2115:11
     |
2115 | pub const pi1_TF_SHIFT: usize = 1;
     |           ^^^^^^^^^^^^ help: convert the identifier to upper case: `PI1_TF_SHIFT`

warning: constant `pi1_TF_DLIT` should have an upper case name
    --> /home/runner/work/Miner/Miner/references/round18-public-584/parse.rs:2116:11
     |
2116 | pub const pi1_TF_DLIT: usize = 8;
     |           ^^^^^^^^^^^ help: convert the identifier to upper case: `PI1_TF_DLIT`

warning: constant `pi1_KF_ON` should have an upper case name
    --> /home/runner/work/Miner/Miner/references/round18-public-584/parse.rs:2117:11
     |
2117 | pub const pi1_KF_ON: usize = 9;
     |           ^^^^^^^^^ help: convert the identifier to upper case: `PI1_KF_ON`

warning: constant `pi1_KF_DP` should have an upper case name
    --> /home/runner/work/Miner/Miner/references/round18-public-584/parse.rs:2118:11
     |
2118 | pub const pi1_KF_DP: usize = 1;
     |           ^^^^^^^^^ help: convert the identifier to upper case: `PI1_KF_DP`

warning: constant `pi1_KF_BDP` should have an upper case name
    --> /home/runner/work/Miner/Miner/references/round18-public-584/parse.rs:2119:11
     |
2119 | pub const pi1_KF_BDP: usize = 2;
     |           ^^^^^^^^^^ help: convert the identifier to upper case: `PI1_KF_BDP`

warning: constant `pi1_KF_BSKIP` should have an upper case name
    --> /home/runner/work/Miner/Miner/references/round18-public-584/parse.rs:2120:11
     |
2120 | pub const pi1_KF_BSKIP: usize = 6;
     |           ^^^^^^^^^^^^ help: convert the identifier to upper case: `PI1_KF_BSKIP`

warning: constant `pim_SMALL` should have an upper case name
    --> /home/runner/work/Miner/Miner/references/round18-public-584/parse.rs:2121:11
     |
2121 | pub const pim_SMALL: usize = 65536;
     |           ^^^^^^^^^ help: convert the identifier to upper case: `PIM_SMALL`

warning: constant `pim_HS` should have an upper case name
    --> /home/runner/work/Miner/Miner/references/round18-public-584/parse.rs:2122:11
     |
2122 | pub const pim_HS: usize = 4096;
     |           ^^^^^^ help: convert the identifier to upper case: `PIM_HS`

warning: constant `pim_WS` should have an upper case name
    --> /home/runner/work/Miner/Miner/references/round18-public-584/parse.rs:2123:11
     |
2123 | pub const pim_WS: usize = 16384;
     |           ^^^^^^ help: convert the identifier to upper case: `PIM_WS`

warning: constant `pim_INS_MAX` should have an upper case name
    --> /home/runner/work/Miner/Miner/references/round18-public-584/parse.rs:2124:11
     |
2124 | pub const pim_INS_MAX: usize = 1;
     |           ^^^^^^^^^^^
     |
help: convert the identifier to upper case
     |
2124 - pub const pim_INS_MAX: usize = 1;
2124 + pub const PIM_INS_MAX: usize = 1;
     |

warning: constant `pim_TAIL` should have an upper case name
    --> /home/runner/work/Miner/Miner/references/round18-public-584/parse.rs:2125:11
     |
2125 | pub const pim_TAIL: usize = 1;
     |           ^^^^^^^^
     |
help: convert the identifier to upper case
     |
2125 - pub const pim_TAIL: usize = 1;
2125 + pub const PIM_TAIL: usize = 1;
     |

warning: constant `pim_STRIDE` should have an upper case name
    --> /home/runner/work/Miner/Miner/references/round18-public-584/parse.rs:2126:11
     |
2126 | pub const pim_STRIDE: usize = 0;
     |           ^^^^^^^^^^ help: convert the identifier to upper case: `PIM_STRIDE`

warning: constant `pim_SAMPLE` should have an upper case name
    --> /home/runner/work/Miner/Miner/references/round18-public-584/parse.rs:2127:11
     |
2127 | pub const pim_SAMPLE: usize = 2048;
     |           ^^^^^^^^^^ help: convert the identifier to upper case: `PIM_SAMPLE`

warning: constant `pim_VERIFY` should have an upper case name
    --> /home/runner/work/Miner/Miner/references/round18-public-584/parse.rs:2128:11
     |
2128 | pub const pim_VERIFY: usize = 0;
     |           ^^^^^^^^^^ help: convert the identifier to upper case: `PIM_VERIFY`

warning: constant `pim_LSLACK` should have an upper case name
    --> /home/runner/work/Miner/Miner/references/round18-public-584/parse.rs:2129:11
     |
2129 | pub const pim_LSLACK: usize = 1;
     |           ^^^^^^^^^^ help: convert the identifier to upper case: `PIM_LSLACK`

warning: constant `pim_HLIT` should have an upper case name
    --> /home/runner/work/Miner/Miner/references/round18-public-584/parse.rs:2130:11
     |
2130 | pub const pim_HLIT: u32 = 80;
     |           ^^^^^^^^ help: convert the identifier to upper case: `PIM_HLIT`

warning: constant `pim_GBASE` should have an upper case name
    --> /home/runner/work/Miner/Miner/references/round18-public-584/parse.rs:2131:11
     |
2131 | pub const pim_GBASE: i32 = 168;
     |           ^^^^^^^^^ help: convert the identifier to upper case: `PIM_GBASE`

warning: constant `pim_SDIG` should have an upper case name
    --> /home/runner/work/Miner/Miner/references/round18-public-584/parse.rs:2132:11
     |
2132 | pub const pim_SDIG: u32 = 6;
     |           ^^^^^^^^ help: convert the identifier to upper case: `PIM_SDIG`

warning: constant `pim_S_DEPTH` should have an upper case name
    --> /home/runner/work/Miner/Miner/references/round18-public-584/parse.rs:2133:11
     |
2133 | pub const pim_S_DEPTH: usize = 1;
     |           ^^^^^^^^^^^ help: convert the identifier to upper case: `PIM_S_DEPTH`

warning: constant `pim_S_LDEPTH` should have an upper case name
    --> /home/runner/work/Miner/Miner/references/round18-public-584/parse.rs:2134:11
     |
2134 | pub const pim_S_LDEPTH: usize = 1;
     |           ^^^^^^^^^^^^ help: convert the identifier to upper case: `PIM_S_LDEPTH`

warning: constant `pim_S_LAZY` should have an upper case name
    --> /home/runner/work/Miner/Miner/references/round18-public-584/parse.rs:2135:11
     |
2135 | pub const pim_S_LAZY: usize = 258;
     |           ^^^^^^^^^^ help: convert the identifier to upper case: `PIM_S_LAZY`

warning: constant `pim_R1_ON` should have an upper case name
    --> /home/runner/work/Miner/Miner/references/round18-public-584/parse.rs:2136:11
     |
2136 | pub const pim_R1_ON: usize = 1;
     |           ^^^^^^^^^ help: convert the identifier to upper case: `PIM_R1_ON`

warning: constant `pim_ST_ON` should have an upper case name
    --> /home/runner/work/Miner/Miner/references/round18-public-584/parse.rs:2137:11
     |
2137 | pub const pim_ST_ON: usize = 1;
     |           ^^^^^^^^^ help: convert the identifier to upper case: `PIM_ST_ON`

warning: constant `pim_ST_MIN` should have an upper case name
    --> /home/runner/work/Miner/Miner/references/round18-public-584/parse.rs:2138:11
     |
2138 | pub const pim_ST_MIN: usize = 65536;
     |           ^^^^^^^^^^ help: convert the identifier to upper case: `PIM_ST_MIN`

warning: constant `pim_ST_SAMPLE` should have an upper case name
    --> /home/runner/work/Miner/Miner/references/round18-public-584/parse.rs:2139:11
     |
2139 | pub const pim_ST_SAMPLE: usize = 4096;
     |           ^^^^^^^^^^^^^ help: convert the identifier to upper case: `PIM_ST_SAMPLE`

warning: constant `pim_ST_FEW` should have an upper case name
    --> /home/runner/work/Miner/Miner/references/round18-public-584/parse.rs:2140:11
     |
2140 | pub const pim_ST_FEW: usize = 32;
     |           ^^^^^^^^^^ help: convert the identifier to upper case: `PIM_ST_FEW`

warning: constant `pim_ST_MANY` should have an upper case name
    --> /home/runner/work/Miner/Miner/references/round18-public-584/parse.rs:2141:11
     |
2141 | pub const pim_ST_MANY: usize = 160;
     |           ^^^^^^^^^^^ help: convert the identifier to upper case: `PIM_ST_MANY`

warning: constant `pim_ST_HB` should have an upper case name
    --> /home/runner/work/Miner/Miner/references/round18-public-584/parse.rs:2142:11
     |
2142 | pub const pim_ST_HB: u32 = 17;
     |           ^^^^^^^^^ help: convert the identifier to upper case: `PIM_ST_HB`

warning: constant `pim_ST_HN` should have an upper case name
    --> /home/runner/work/Miner/Miner/references/round18-public-584/parse.rs:2143:11
     |
2143 | pub const pim_ST_HN: usize = 131072;
     |           ^^^^^^^^^ help: convert the identifier to upper case: `PIM_ST_HN`

warning: constant `pim_ST_DMAX` should have an upper case name
    --> /home/runner/work/Miner/Miner/references/round18-public-584/parse.rs:2144:11
     |
2144 | pub const pim_ST_DMAX: usize = 32768;
     |           ^^^^^^^^^^^ help: convert the identifier to upper case: `PIM_ST_DMAX`

warning: constant `pim_ST_INS` should have an upper case name
    --> /home/runner/work/Miner/Miner/references/round18-public-584/parse.rs:2145:11
     |
2145 | pub const pim_ST_INS: usize = 258;
     |           ^^^^^^^^^^ help: convert the identifier to upper case: `PIM_ST_INS`

warning: constant `pim_ST_DMIN` should have an upper case name
    --> /home/runner/work/Miner/Miner/references/round18-public-584/parse.rs:2146:11
     |
2146 | pub const pim_ST_DMIN: usize = 129;
     |           ^^^^^^^^^^^ help: convert the identifier to upper case: `PIM_ST_DMIN`

warning: constant `pim_TF_N` should have an upper case name
    --> /home/runner/work/Miner/Miner/references/round18-public-584/parse.rs:2147:11
     |
2147 | pub const pim_TF_N: usize = 65536;
     |           ^^^^^^^^ help: convert the identifier to upper case: `PIM_TF_N`

warning: constant `pim_TF_TEXT` should have an upper case name
    --> /home/runner/work/Miner/Miner/references/round18-public-584/parse.rs:2148:11
     |
2148 | pub const pim_TF_TEXT: usize = 1;
     |           ^^^^^^^^^^^ help: convert the identifier to upper case: `PIM_TF_TEXT`

warning: constant `pim_TF_TKIND` should have an upper case name
    --> /home/runner/work/Miner/Miner/references/round18-public-584/parse.rs:2149:11
     |
2149 | pub const pim_TF_TKIND: usize = 1;
     |           ^^^^^^^^^^^^ help: convert the identifier to upper case: `PIM_TF_TKIND`

warning: constant `pim_TF_SAMPLE` should have an upper case name
    --> /home/runner/work/Miner/Miner/references/round18-public-584/parse.rs:2150:11
     |
2150 | pub const pim_TF_SAMPLE: usize = 256;
     |           ^^^^^^^^^^^^^ help: convert the identifier to upper case: `PIM_TF_SAMPLE`

warning: constant `pim_TF_SDIG` should have an upper case name
    --> /home/runner/work/Miner/Miner/references/round18-public-584/parse.rs:2151:11
     |
2151 | pub const pim_TF_SDIG: u32 = 6;
     |           ^^^^^^^^^^^ help: convert the identifier to upper case: `PIM_TF_SDIG`

warning: constant `pim_TF_HB` should have an upper case name
    --> /home/runner/work/Miner/Miner/references/round18-public-584/parse.rs:2152:11
     |
2152 | pub const pim_TF_HB: u32 = 12;
     |           ^^^^^^^^^ help: convert the identifier to upper case: `PIM_TF_HB`

warning: constant `pim_TF_HN` should have an upper case name
    --> /home/runner/work/Miner/Miner/references/round18-public-584/parse.rs:2153:11
     |
2153 | pub const pim_TF_HN: usize = 4096;
     |           ^^^^^^^^^ help: convert the identifier to upper case: `PIM_TF_HN`

warning: constant `pim_TF_WN` should have an upper case name
    --> /home/runner/work/Miner/Miner/references/round18-public-584/parse.rs:2154:11
     |
2154 | pub const pim_TF_WN: usize = 16384;
     |           ^^^^^^^^^ help: convert the identifier to upper case: `PIM_TF_WN`

warning: constant `pim_TF_BDEPTH` should have an upper case name
    --> /home/runner/work/Miner/Miner/references/round18-public-584/parse.rs:2155:11
     |
2155 | pub const pim_TF_BDEPTH: usize = 0;
     |           ^^^^^^^^^^^^^ help: convert the identifier to upper case: `PIM_TF_BDEPTH`

warning: constant `pim_TF_NICE` should have an upper case name
    --> /home/runner/work/Miner/Miner/references/round18-public-584/parse.rs:2156:11
     |
2156 | pub const pim_TF_NICE: usize = 64;
     |           ^^^^^^^^^^^ help: convert the identifier to upper case: `PIM_TF_NICE`

warning: constant `pim_TF_SKCAP` should have an upper case name
    --> /home/runner/work/Miner/Miner/references/round18-public-584/parse.rs:2157:11
     |
2157 | pub const pim_TF_SKCAP: usize = 1000000;
     |           ^^^^^^^^^^^^ help: convert the identifier to upper case: `PIM_TF_SKCAP`

warning: constant `pim_TF_BACK` should have an upper case name
    --> /home/runner/work/Miner/Miner/references/round18-public-584/parse.rs:2158:11
     |
2158 | pub const pim_TF_BACK: usize = 1;
     |           ^^^^^^^^^^^ help: convert the identifier to upper case: `PIM_TF_BACK`

warning: constant `pim_TF_FOLD` should have an upper case name
    --> /home/runner/work/Miner/Miner/references/round18-public-584/parse.rs:2159:11
     |
2159 | pub const pim_TF_FOLD: usize = 1;
     |           ^^^^^^^^^^^ help: convert the identifier to upper case: `PIM_TF_FOLD`

warning: constant `pim_TF_RUNSKIP` should have an upper case name
    --> /home/runner/work/Miner/Miner/references/round18-public-584/parse.rs:2160:11
     |
2160 | pub const pim_TF_RUNSKIP: usize = 1;
     |           ^^^^^^^^^^^^^^ help: convert the identifier to upper case: `PIM_TF_RUNSKIP`

warning: constant `pim_TF_INS` should have an upper case name
    --> /home/runner/work/Miner/Miner/references/round18-public-584/parse.rs:2161:11
     |
2161 | pub const pim_TF_INS: usize = 2;
     |           ^^^^^^^^^^ help: convert the identifier to upper case: `PIM_TF_INS`

warning: constant `pim_TF_TAIL` should have an upper case name
    --> /home/runner/work/Miner/Miner/references/round18-public-584/parse.rs:2162:11
     |
2162 | pub const pim_TF_TAIL: usize = 1;
     |           ^^^^^^^^^^^ help: convert the identifier to upper case: `PIM_TF_TAIL`

warning: constant `pim_TF_KL` should have an upper case name
    --> /home/runner/work/Miner/Miner/references/round18-public-584/parse.rs:2163:11
     |
2163 | pub const pim_TF_KL: u32 = 5;
     |           ^^^^^^^^^ help: convert the identifier to upper case: `PIM_TF_KL`

warning: constant `pim_TF_KD` should have an upper case name
    --> /home/runner/work/Miner/Miner/references/round18-public-584/parse.rs:2164:11
     |
2164 | pub const pim_TF_KD: u32 = 5;
     |           ^^^^^^^^^ help: convert the identifier to upper case: `PIM_TF_KD`

warning: constant `pim_TF_BKL` should have an upper case name
    --> /home/runner/work/Miner/Miner/references/round18-public-584/parse.rs:2165:11
     |
2165 | pub const pim_TF_BKL: u32 = 3;
     |           ^^^^^^^^^^ help: convert the identifier to upper case: `PIM_TF_BKL`

warning: constant `pim_TF_BKD` should have an upper case name
    --> /home/runner/work/Miner/Miner/references/round18-public-584/parse.rs:2166:11
     |
2166 | pub const pim_TF_BKD: u32 = 3;
     |           ^^^^^^^^^^ help: convert the identifier to upper case: `PIM_TF_BKD`

warning: constant `pim_TF_RDEPTH` should have an upper case name
    --> /home/runner/work/Miner/Miner/references/round18-public-584/parse.rs:2167:11
     |
2167 | pub const pim_TF_RDEPTH: usize = 8;
     |           ^^^^^^^^^^^^^ help: convert the identifier to upper case: `PIM_TF_RDEPTH`

warning: constant `pim_TF_SHIFT` should have an upper case name
    --> /home/runner/work/Miner/Miner/references/round18-public-584/parse.rs:2168:11
     |
2168 | pub const pim_TF_SHIFT: usize = 1;
     |           ^^^^^^^^^^^^ help: convert the identifier to upper case: `PIM_TF_SHIFT`

warning: constant `pim_TF_DLIT` should have an upper case name
    --> /home/runner/work/Miner/Miner/references/round18-public-584/parse.rs:2169:11
     |
2169 | pub const pim_TF_DLIT: usize = 8;
     |           ^^^^^^^^^^^ help: convert the identifier to upper case: `PIM_TF_DLIT`

warning: constant `pim_KF_ON` should have an upper case name
    --> /home/runner/work/Miner/Miner/references/round18-public-584/parse.rs:2170:11
     |
2170 | pub const pim_KF_ON: usize = 9;
     |           ^^^^^^^^^ help: convert the identifier to upper case: `PIM_KF_ON`

warning: constant `pim_KF_DP` should have an upper case name
    --> /home/runner/work/Miner/Miner/references/round18-public-584/parse.rs:2171:11
     |
2171 | pub const pim_KF_DP: usize = 1;
     |           ^^^^^^^^^ help: convert the identifier to upper case: `PIM_KF_DP`

warning: constant `pim_KF_BDP` should have an upper case name
    --> /home/runner/work/Miner/Miner/references/round18-public-584/parse.rs:2172:11
     |
2172 | pub const pim_KF_BDP: usize = 2;
     |           ^^^^^^^^^^ help: convert the identifier to upper case: `PIM_KF_BDP`

warning: constant `pim_KF_BSKIP` should have an upper case name
    --> /home/runner/work/Miner/Miner/references/round18-public-584/parse.rs:2173:11
     |
2173 | pub const pim_KF_BSKIP: usize = 6;
     |           ^^^^^^^^^^^^ help: convert the identifier to upper case: `PIM_KF_BSKIP`

warning: constant `q4_HB` should have an upper case name
    --> /home/runner/work/Miner/Miner/references/round18-public-584/parse.rs:2302:11
     |
2302 | pub const q4_HB: u32 = 15;
     |           ^^^^^
     |
help: convert the identifier to upper case
     |
2302 - pub const q4_HB: u32 = 15;
2302 + pub const Q4_HB: u32 = 15;
     |

warning: constant `q4_INS_MAX` should have an upper case name
    --> /home/runner/work/Miner/Miner/references/round18-public-584/parse.rs:2303:11
     |
2303 | pub const q4_INS_MAX: usize = 0;
     |           ^^^^^^^^^^
     |
help: convert the identifier to upper case
     |
2303 - pub const q4_INS_MAX: usize = 0;
2303 + pub const Q4_INS_MAX: usize = 0;
     |

warning: constant `q4_TAIL` should have an upper case name
    --> /home/runner/work/Miner/Miner/references/round18-public-584/parse.rs:2304:11
     |
2304 | pub const q4_TAIL: usize = 0;
     |           ^^^^^^^
     |
help: convert the identifier to upper case
     |
2304 - pub const q4_TAIL: usize = 0;
2304 + pub const Q4_TAIL: usize = 0;
     |

warning: constant `q4_BACKTOK` should have an upper case name
    --> /home/runner/work/Miner/Miner/references/round18-public-584/parse.rs:2305:11
     |
2305 | pub const q4_BACKTOK: usize = 16;
     |           ^^^^^^^^^^
     |
help: convert the identifier to upper case
     |
2305 - pub const q4_BACKTOK: usize = 16;
2305 + pub const Q4_BACKTOK: usize = 16;
     |

warning: constant `q4_LSLACK` should have an upper case name
    --> /home/runner/work/Miner/Miner/references/round18-public-584/parse.rs:2306:11
     |
2306 | pub const q4_LSLACK: usize = 1;
     |           ^^^^^^^^^
     |
help: convert the identifier to upper case
     |
2306 - pub const q4_LSLACK: usize = 1;
2306 + pub const Q4_LSLACK: usize = 1;
     |

warning: constant `q4_HLIT` should have an upper case name
    --> /home/runner/work/Miner/Miner/references/round18-public-584/parse.rs:2307:11
     |
2307 | pub const q4_HLIT: u32 = 80;
     |           ^^^^^^^
     |
help: convert the identifier to upper case
     |
2307 - pub const q4_HLIT: u32 = 80;
2307 + pub const Q4_HLIT: u32 = 80;
     |

warning: constant `q4_GBASE` should have an upper case name
    --> /home/runner/work/Miner/Miner/references/round18-public-584/parse.rs:2308:11
     |
2308 | pub const q4_GBASE: i32 = 168;
     |           ^^^^^^^^
     |
help: convert the identifier to upper case
     |
2308 - pub const q4_GBASE: i32 = 168;
2308 + pub const Q4_GBASE: i32 = 168;
     |

warning: constant `q4_TM_BACK` should have an upper case name
    --> /home/runner/work/Miner/Miner/references/round18-public-584/parse.rs:2309:11
     |
2309 | pub const q4_TM_BACK: usize = 16;
     |           ^^^^^^^^^^
     |
help: convert the identifier to upper case
     |
2309 - pub const q4_TM_BACK: usize = 16;
2309 + pub const Q4_TM_BACK: usize = 16;
     |

warning: constant `q4_TF_LSYM` should have an upper case name
    --> /home/runner/work/Miner/Miner/references/round18-public-584/parse.rs:2310:11
     |
2310 | pub const q4_TF_LSYM: [u8; 512] = [
     |           ^^^^^^^^^^
     |
help: convert the identifier to upper case
     |
2310 - pub const q4_TF_LSYM: [u8; 512] = [
2310 + pub const Q4_TF_LSYM: [u8; 512] = [
     |

warning: constant `pr_SAMPLE` should have an upper case name
    --> /home/runner/work/Miner/Miner/references/round18-public-584/parse.rs:3133:11
     |
3133 | pub const pr_SAMPLE: usize = 128;
     |           ^^^^^^^^^
     |
help: convert the identifier to upper case
     |
3133 - pub const pr_SAMPLE: usize = 128;
3133 + pub const PR_SAMPLE: usize = 128;
     |

warning: constant `pm_L_DEF` should have an upper case name
    --> /home/runner/work/Miner/Miner/references/round18-public-584/parse.rs:3304:11
     |
3304 | pub const pm_L_DEF: usize = 0;
     |           ^^^^^^^^ help: convert the identifier to upper case: `PM_L_DEF`

warning: constant `pm_F_SMALL` should have an upper case name
    --> /home/runner/work/Miner/Miner/references/round18-public-584/parse.rs:3420:11
     |
3420 | pub const pm_F_SMALL: usize = 65536;
     |           ^^^^^^^^^^ help: convert the identifier to upper case: `PM_F_SMALL`

warning: constant `pm_F_HS` should have an upper case name
    --> /home/runner/work/Miner/Miner/references/round18-public-584/parse.rs:3421:11
     |
3421 | pub const pm_F_HS: usize = 4096;
     |           ^^^^^^^ help: convert the identifier to upper case: `PM_F_HS`

warning: constant `pm_F_WS` should have an upper case name
    --> /home/runner/work/Miner/Miner/references/round18-public-584/parse.rs:3422:11
     |
3422 | pub const pm_F_WS: usize = 16384;
     |           ^^^^^^^ help: convert the identifier to upper case: `PM_F_WS`

warning: constant `pm_F_STRIDE` should have an upper case name
    --> /home/runner/work/Miner/Miner/references/round18-public-584/parse.rs:3423:11
     |
3423 | pub const pm_F_STRIDE: usize = 0;
     |           ^^^^^^^^^^^ help: convert the identifier to upper case: `PM_F_STRIDE`

warning: constant `pm_F_SAMPLE` should have an upper case name
    --> /home/runner/work/Miner/Miner/references/round18-public-584/parse.rs:3424:11
     |
3424 | pub const pm_F_SAMPLE: usize = 2048;
     |           ^^^^^^^^^^^ help: convert the identifier to upper case: `PM_F_SAMPLE`

warning: constant `pm_F_VERIFY` should have an upper case name
    --> /home/runner/work/Miner/Miner/references/round18-public-584/parse.rs:3425:11
     |
3425 | pub const pm_F_VERIFY: usize = 0;
     |           ^^^^^^^^^^^ help: convert the identifier to upper case: `PM_F_VERIFY`

warning: constant `pm_F_LSLACK` should have an upper case name
    --> /home/runner/work/Miner/Miner/references/round18-public-584/parse.rs:3426:11
     |
3426 | pub const pm_F_LSLACK: usize = 1;
     |           ^^^^^^^^^^^ help: convert the identifier to upper case: `PM_F_LSLACK`

warning: constant `pm_F_HLIT` should have an upper case name
    --> /home/runner/work/Miner/Miner/references/round18-public-584/parse.rs:3427:11
     |
3427 | pub const pm_F_HLIT: u32 = 80;
     |           ^^^^^^^^^ help: convert the identifier to upper case: `PM_F_HLIT`

warning: constant `pm_F_GBASE` should have an upper case name
    --> /home/runner/work/Miner/Miner/references/round18-public-584/parse.rs:3428:11
     |
3428 | pub const pm_F_GBASE: i32 = 168;
     |           ^^^^^^^^^^ help: convert the identifier to upper case: `PM_F_GBASE`

warning: constant `pm_F_SDIG` should have an upper case name
    --> /home/runner/work/Miner/Miner/references/round18-public-584/parse.rs:3429:11
     |
3429 | pub const pm_F_SDIG: u32 = 6;
     |           ^^^^^^^^^ help: convert the identifier to upper case: `PM_F_SDIG`

warning: constant `pm_F_S_DEPTH` should have an upper case name
    --> /home/runner/work/Miner/Miner/references/round18-public-584/parse.rs:3430:11
     |
3430 | pub const pm_F_S_DEPTH: usize = 1;
     |           ^^^^^^^^^^^^ help: convert the identifier to upper case: `PM_F_S_DEPTH`

warning: constant `pm_F_S_LDEPTH` should have an upper case name
    --> /home/runner/work/Miner/Miner/references/round18-public-584/parse.rs:3431:11
     |
3431 | pub const pm_F_S_LDEPTH: usize = 1;
     |           ^^^^^^^^^^^^^ help: convert the identifier to upper case: `PM_F_S_LDEPTH`

warning: constant `pm_F_S_LAZY` should have an upper case name
    --> /home/runner/work/Miner/Miner/references/round18-public-584/parse.rs:3432:11
     |
3432 | pub const pm_F_S_LAZY: usize = 258;
     |           ^^^^^^^^^^^ help: convert the identifier to upper case: `PM_F_S_LAZY`

warning: constant `pm_F_R1_ON` should have an upper case name
    --> /home/runner/work/Miner/Miner/references/round18-public-584/parse.rs:3433:11
     |
3433 | pub const pm_F_R1_ON: usize = 1;
     |           ^^^^^^^^^^ help: convert the identifier to upper case: `PM_F_R1_ON`

warning: constant `pm_F_ST_ON` should have an upper case name
    --> /home/runner/work/Miner/Miner/references/round18-public-584/parse.rs:3434:11
     |
3434 | pub const pm_F_ST_ON: usize = 1;
     |           ^^^^^^^^^^ help: convert the identifier to upper case: `PM_F_ST_ON`

warning: constant `pm_F_ST_MIN` should have an upper case name
    --> /home/runner/work/Miner/Miner/references/round18-public-584/parse.rs:3435:11
     |
3435 | pub const pm_F_ST_MIN: usize = 65536;
     |           ^^^^^^^^^^^ help: convert the identifier to upper case: `PM_F_ST_MIN`

warning: constant `pm_F_ST_SAMPLE` should have an upper case name
    --> /home/runner/work/Miner/Miner/references/round18-public-584/parse.rs:3436:11
     |
3436 | pub const pm_F_ST_SAMPLE: usize = 4096;
     |           ^^^^^^^^^^^^^^ help: convert the identifier to upper case: `PM_F_ST_SAMPLE`

warning: constant `pm_F_ST_FEW` should have an upper case name
    --> /home/runner/work/Miner/Miner/references/round18-public-584/parse.rs:3437:11
     |
3437 | pub const pm_F_ST_FEW: usize = 32;
     |           ^^^^^^^^^^^ help: convert the identifier to upper case: `PM_F_ST_FEW`

warning: constant `pm_F_ST_MANY` should have an upper case name
    --> /home/runner/work/Miner/Miner/references/round18-public-584/parse.rs:3438:11
     |
3438 | pub const pm_F_ST_MANY: usize = 160;
     |           ^^^^^^^^^^^^ help: convert the identifier to upper case: `PM_F_ST_MANY`

warning: constant `pm_F_ST_HB` should have an upper case name
    --> /home/runner/work/Miner/Miner/references/round18-public-584/parse.rs:3439:11
     |
3439 | pub const pm_F_ST_HB: u32 = 17;
     |           ^^^^^^^^^^ help: convert the identifier to upper case: `PM_F_ST_HB`

warning: constant `pm_F_ST_HN` should have an upper case name
    --> /home/runner/work/Miner/Miner/references/round18-public-584/parse.rs:3440:11
     |
3440 | pub const pm_F_ST_HN: usize = 131072;
     |           ^^^^^^^^^^ help: convert the identifier to upper case: `PM_F_ST_HN`

warning: constant `pm_F_ST_DMAX` should have an upper case name
    --> /home/runner/work/Miner/Miner/references/round18-public-584/parse.rs:3441:11
     |
3441 | pub const pm_F_ST_DMAX: usize = 32768;
     |           ^^^^^^^^^^^^ help: convert the identifier to upper case: `PM_F_ST_DMAX`

warning: constant `pm_F_ST_INS` should have an upper case name
    --> /home/runner/work/Miner/Miner/references/round18-public-584/parse.rs:3442:11
     |
3442 | pub const pm_F_ST_INS: usize = 258;
     |           ^^^^^^^^^^^ help: convert the identifier to upper case: `PM_F_ST_INS`

warning: constant `pm_F_ST_DMIN` should have an upper case name
    --> /home/runner/work/Miner/Miner/references/round18-public-584/parse.rs:3443:11
     |
3443 | pub const pm_F_ST_DMIN: usize = 129;
     |           ^^^^^^^^^^^^ help: convert the identifier to upper case: `PM_F_ST_DMIN`

warning: constant `pm_F_TF_N` should have an upper case name
    --> /home/runner/work/Miner/Miner/references/round18-public-584/parse.rs:3444:11
     |
3444 | pub const pm_F_TF_N: usize = 65536;
     |           ^^^^^^^^^ help: convert the identifier to upper case: `PM_F_TF_N`

warning: constant `pm_F_TF_TEXT` should have an upper case name
    --> /home/runner/work/Miner/Miner/references/round18-public-584/parse.rs:3445:11
     |
3445 | pub const pm_F_TF_TEXT: usize = 1;
     |           ^^^^^^^^^^^^ help: convert the identifier to upper case: `PM_F_TF_TEXT`

warning: constant `pm_F_TF_TKIND` should have an upper case name
    --> /home/runner/work/Miner/Miner/references/round18-public-584/parse.rs:3446:11
     |
3446 | pub const pm_F_TF_TKIND: usize = 1;
     |           ^^^^^^^^^^^^^ help: convert the identifier to upper case: `PM_F_TF_TKIND`

warning: constant `pm_F_TF_SAMPLE` should have an upper case name
    --> /home/runner/work/Miner/Miner/references/round18-public-584/parse.rs:3447:11
     |
3447 | pub const pm_F_TF_SAMPLE: usize = 256;
     |           ^^^^^^^^^^^^^^ help: convert the identifier to upper case: `PM_F_TF_SAMPLE`

warning: constant `pm_F_TF_SDIG` should have an upper case name
    --> /home/runner/work/Miner/Miner/references/round18-public-584/parse.rs:3448:11
     |
3448 | pub const pm_F_TF_SDIG: u32 = 6;
     |           ^^^^^^^^^^^^ help: convert the identifier to upper case: `PM_F_TF_SDIG`

warning: constant `pm_F_TF_HB` should have an upper case name
    --> /home/runner/work/Miner/Miner/references/round18-public-584/parse.rs:3449:11
     |
3449 | pub const pm_F_TF_HB: u32 = 12;
     |           ^^^^^^^^^^ help: convert the identifier to upper case: `PM_F_TF_HB`

warning: constant `pm_F_TF_HN` should have an upper case name
    --> /home/runner/work/Miner/Miner/references/round18-public-584/parse.rs:3450:11
     |
3450 | pub const pm_F_TF_HN: usize = 4096;
     |           ^^^^^^^^^^ help: convert the identifier to upper case: `PM_F_TF_HN`

warning: constant `pm_F_TF_WN` should have an upper case name
    --> /home/runner/work/Miner/Miner/references/round18-public-584/parse.rs:3451:11
     |
3451 | pub const pm_F_TF_WN: usize = 16384;
     |           ^^^^^^^^^^ help: convert the identifier to upper case: `PM_F_TF_WN`

warning: constant `pm_F_TF_BDEPTH` should have an upper case name
    --> /home/runner/work/Miner/Miner/references/round18-public-584/parse.rs:3452:11
     |
3452 | pub const pm_F_TF_BDEPTH: usize = 0;
     |           ^^^^^^^^^^^^^^ help: convert the identifier to upper case: `PM_F_TF_BDEPTH`

warning: constant `pm_F_TF_NICE` should have an upper case name
    --> /home/runner/work/Miner/Miner/references/round18-public-584/parse.rs:3453:11
     |
3453 | pub const pm_F_TF_NICE: usize = 64;
     |           ^^^^^^^^^^^^ help: convert the identifier to upper case: `PM_F_TF_NICE`

warning: constant `pm_F_TF_SKCAP` should have an upper case name
    --> /home/runner/work/Miner/Miner/references/round18-public-584/parse.rs:3454:11
     |
3454 | pub const pm_F_TF_SKCAP: usize = 1000000;
     |           ^^^^^^^^^^^^^ help: convert the identifier to upper case: `PM_F_TF_SKCAP`

warning: constant `pm_F_TF_BACK` should have an upper case name
    --> /home/runner/work/Miner/Miner/references/round18-public-584/parse.rs:3455:11
     |
3455 | pub const pm_F_TF_BACK: usize = 1;
     |           ^^^^^^^^^^^^ help: convert the identifier to upper case: `PM_F_TF_BACK`

warning: constant `pm_F_TF_FOLD` should have an upper case name
    --> /home/runner/work/Miner/Miner/references/round18-public-584/parse.rs:3456:11
     |
3456 | pub const pm_F_TF_FOLD: usize = 1;
     |           ^^^^^^^^^^^^ help: convert the identifier to upper case: `PM_F_TF_FOLD`

warning: constant `pm_F_TF_RUNSKIP` should have an upper case name
    --> /home/runner/work/Miner/Miner/references/round18-public-584/parse.rs:3457:11
     |
3457 | pub const pm_F_TF_RUNSKIP: usize = 1;
     |           ^^^^^^^^^^^^^^^ help: convert the identifier to upper case: `PM_F_TF_RUNSKIP`

warning: constant `pm_F_TF_INS` should have an upper case name
    --> /home/runner/work/Miner/Miner/references/round18-public-584/parse.rs:3458:11
     |
3458 | pub const pm_F_TF_INS: usize = 2;
     |           ^^^^^^^^^^^ help: convert the identifier to upper case: `PM_F_TF_INS`

warning: constant `pm_F_TF_TAIL` should have an upper case name
    --> /home/runner/work/Miner/Miner/references/round18-public-584/parse.rs:3459:11
     |
3459 | pub const pm_F_TF_TAIL: usize = 1;
     |           ^^^^^^^^^^^^ help: convert the identifier to upper case: `PM_F_TF_TAIL`

warning: constant `pm_F_TF_KL` should have an upper case name
    --> /home/runner/work/Miner/Miner/references/round18-public-584/parse.rs:3460:11
     |
3460 | pub const pm_F_TF_KL: u32 = 5;
     |           ^^^^^^^^^^ help: convert the identifier to upper case: `PM_F_TF_KL`

warning: constant `pm_F_TF_KD` should have an upper case name
    --> /home/runner/work/Miner/Miner/references/round18-public-584/parse.rs:3461:11
     |
3461 | pub const pm_F_TF_KD: u32 = 5;
     |           ^^^^^^^^^^ help: convert the identifier to upper case: `PM_F_TF_KD`

warning: constant `pm_F_TF_BKL` should have an upper case name
    --> /home/runner/work/Miner/Miner/references/round18-public-584/parse.rs:3462:11
     |
3462 | pub const pm_F_TF_BKL: u32 = 3;
     |           ^^^^^^^^^^^ help: convert the identifier to upper case: `PM_F_TF_BKL`

warning: constant `pm_F_TF_BKD` should have an upper case name
    --> /home/runner/work/Miner/Miner/references/round18-public-584/parse.rs:3463:11
     |
3463 | pub const pm_F_TF_BKD: u32 = 3;
     |           ^^^^^^^^^^^ help: convert the identifier to upper case: `PM_F_TF_BKD`

warning: constant `pm_F_TF_RDEPTH` should have an upper case name
    --> /home/runner/work/Miner/Miner/references/round18-public-584/parse.rs:3464:11
     |
3464 | pub const pm_F_TF_RDEPTH: usize = 8;
     |           ^^^^^^^^^^^^^^ help: convert the identifier to upper case: `PM_F_TF_RDEPTH`

warning: constant `pm_F_TF_SHIFT` should have an upper case name
    --> /home/runner/work/Miner/Miner/references/round18-public-584/parse.rs:3465:11
     |
3465 | pub const pm_F_TF_SHIFT: usize = 1;
     |           ^^^^^^^^^^^^^ help: convert the identifier to upper case: `PM_F_TF_SHIFT`

warning: constant `pm_F_TF_DLIT` should have an upper case name
    --> /home/runner/work/Miner/Miner/references/round18-public-584/parse.rs:3466:11
     |
3466 | pub const pm_F_TF_DLIT: usize = 8;
     |           ^^^^^^^^^^^^ help: convert the identifier to upper case: `PM_F_TF_DLIT`

warning: constant `pm_F_KF_ON` should have an upper case name
    --> /home/runner/work/Miner/Miner/references/round18-public-584/parse.rs:3467:11
     |
3467 | pub const pm_F_KF_ON: usize = 9;
     |           ^^^^^^^^^^ help: convert the identifier to upper case: `PM_F_KF_ON`

warning: constant `pm_F_KF_DP` should have an upper case name
    --> /home/runner/work/Miner/Miner/references/round18-public-584/parse.rs:3468:11
     |
3468 | pub const pm_F_KF_DP: usize = 1;
     |           ^^^^^^^^^^ help: convert the identifier to upper case: `PM_F_KF_DP`

warning: constant `pm_F_KF_BDP` should have an upper case name
    --> /home/runner/work/Miner/Miner/references/round18-public-584/parse.rs:3469:11
     |
3469 | pub const pm_F_KF_BDP: usize = 2;
     |           ^^^^^^^^^^^ help: convert the identifier to upper case: `PM_F_KF_BDP`

warning: constant `pm_F_KF_BSKIP` should have an upper case name
    --> /home/runner/work/Miner/Miner/references/round18-public-584/parse.rs:3470:11
     |
3470 | pub const pm_F_KF_BSKIP: usize = 6;
     |           ^^^^^^^^^^^^^ help: convert the identifier to upper case: `PM_F_KF_BSKIP`

warning: constant `pm_M_STRIDE` should have an upper case name
    --> /home/runner/work/Miner/Miner/references/round18-public-584/parse.rs:3471:11
     |
3471 | pub const pm_M_STRIDE: usize = 4;
     |           ^^^^^^^^^^^ help: convert the identifier to upper case: `PM_M_STRIDE`

warning: constant `pm_M_O_A_HSR` should have an upper case name
    --> /home/runner/work/Miner/Miner/references/round18-public-584/parse.rs:3472:11
     |
3472 | pub const pm_M_O_A_HSR: u64 = 48;
     |           ^^^^^^^^^^^^ help: convert the identifier to upper case: `PM_M_O_A_HSR`

warning: constant `pm_M_O_A_IH` should have an upper case name
    --> /home/runner/work/Miner/Miner/references/round18-public-584/parse.rs:3473:11
     |
3473 | pub const pm_M_O_A_IH: [usize; 8] = [2, 3, 8, 10, 8, 8, 12, 10];
     |           ^^^^^^^^^^^ help: convert the identifier to upper case: `PM_M_O_A_IH`

warning: constant `pm_M_O_A_IT` should have an upper case name
    --> /home/runner/work/Miner/Miner/references/round18-public-584/parse.rs:3474:11
     |
3474 | pub const pm_M_O_A_IT: [usize; 8] = [12, 12, 32, 256, 32, 32, 64, 256];
     |           ^^^^^^^^^^^ help: convert the identifier to upper case: `PM_M_O_A_IT`

warning: constant `pm_M_O_A_TS` should have an upper case name
    --> /home/runner/work/Miner/Miner/references/round18-public-584/parse.rs:3475:11
     |
3475 | pub const pm_M_O_A_TS: [usize; 8] = [12, 12, 8, 8, 8, 8, 8, 8];
     |           ^^^^^^^^^^^ help: convert the identifier to upper case: `PM_M_O_A_TS`

warning: constant `pm_M_O_A_TL` should have an upper case name
    --> /home/runner/work/Miner/Miner/references/round18-public-584/parse.rs:3476:11
     |
3476 | pub const pm_M_O_A_TL: usize = 0;
     |           ^^^^^^^^^^^ help: convert the identifier to upper case: `PM_M_O_A_TL`

warning: constant `pm_M_O_A_ACC` should have an upper case name
    --> /home/runner/work/Miner/Miner/references/round18-public-584/parse.rs:3477:11
     |
3477 | pub const pm_M_O_A_ACC: [u64; 8] = [4, 4, 4, 5, 4, 4, 5, 5];
     |           ^^^^^^^^^^^^ help: convert the identifier to upper case: `PM_M_O_A_ACC`

warning: constant `pm_M_O_A_AMAX` should have an upper case name
    --> /home/runner/work/Miner/Miner/references/round18-public-584/parse.rs:3478:11
     |
3478 | pub const pm_M_O_A_AMAX: usize = 64;
     |           ^^^^^^^^^^^^^ help: convert the identifier to upper case: `PM_M_O_A_AMAX`

warning: constant `pm_M_O_A_MINL` should have an upper case name
    --> /home/runner/work/Miner/Miner/references/round18-public-584/parse.rs:3479:11
     |
3479 | pub const pm_M_O_A_MINL: usize = 4;
     |           ^^^^^^^^^^^^^ help: convert the identifier to upper case: `PM_M_O_A_MINL`

warning: constant `pm_M_O_A_BEXT` should have an upper case name
    --> /home/runner/work/Miner/Miner/references/round18-public-584/parse.rs:3480:11
     |
3480 | pub const pm_M_O_A_BEXT: usize = 0;
     |           ^^^^^^^^^^^^^ help: convert the identifier to upper case: `PM_M_O_A_BEXT`

warning: constant `pm_M_O_A_LZT` should have an upper case name
    --> /home/runner/work/Miner/Miner/references/round18-public-584/parse.rs:3481:11
     |
3481 | pub const pm_M_O_A_LZT: [usize; 8] = [0, 0, 0, 16, 8, 16, 16, 32];
     |           ^^^^^^^^^^^^ help: convert the identifier to upper case: `PM_M_O_A_LZT`

warning: constant `pm_M_O_A_LZM` should have an upper case name
    --> /home/runner/work/Miner/Miner/references/round18-public-584/parse.rs:3482:11
     |
3482 | pub const pm_M_O_A_LZM: usize = 2;
     |           ^^^^^^^^^^^^ help: convert the identifier to upper case: `PM_M_O_A_LZM`

warning: constant `pm_M_O_A_LZN` should have an upper case name
    --> /home/runner/work/Miner/Miner/references/round18-public-584/parse.rs:3483:11
     |
3483 | pub const pm_M_O_A_LZN: usize = 1;
     |           ^^^^^^^^^^^^ help: convert the identifier to upper case: `PM_M_O_A_LZN`

warning: constant `pm_M_O_A_SMALLN` should have an upper case name
    --> /home/runner/work/Miner/Miner/references/round18-public-584/parse.rs:3484:11
     |
3484 | pub const pm_M_O_A_SMALLN: usize = 65536;
     |           ^^^^^^^^^^^^^^^ help: convert the identifier to upper case: `PM_M_O_A_SMALLN`

warning: constant `pm_M_O_A_FL_LITQ` should have an upper case name
    --> /home/runner/work/Miner/Miner/references/round18-public-584/parse.rs:3485:11
     |
3485 | pub const pm_M_O_A_FL_LITQ: usize = 32;
     |           ^^^^^^^^^^^^^^^^ help: convert the identifier to upper case: `PM_M_O_A_FL_LITQ`

warning: constant `pm_M_FX0_STRIDE` should have an upper case name
    --> /home/runner/work/Miner/Miner/references/round18-public-584/parse.rs:3486:11
     |
3486 | pub const pm_M_FX0_STRIDE: usize = 0;
     |           ^^^^^^^^^^^^^^^ help: convert the identifier to upper case: `PM_M_FX0_STRIDE`

warning: constant `pm_M_FX0_VERIFY` should have an upper case name
    --> /home/runner/work/Miner/Miner/references/round18-public-584/parse.rs:3487:11
     |
3487 | pub const pm_M_FX0_VERIFY: usize = 0;
     |           ^^^^^^^^^^^^^^^ help: convert the identifier to upper case: `PM_M_FX0_VERIFY`

warning: constant `pm_M_FX0_LSLACK` should have an upper case name
    --> /home/runner/work/Miner/Miner/references/round18-public-584/parse.rs:3488:11
     |
3488 | pub const pm_M_FX0_LSLACK: usize = 1;
     |           ^^^^^^^^^^^^^^^ help: convert the identifier to upper case: `PM_M_FX0_LSLACK`

warning: constant `pm_M_FX0_HLIT` should have an upper case name
    --> /home/runner/work/Miner/Miner/references/round18-public-584/parse.rs:3489:11
     |
3489 | pub const pm_M_FX0_HLIT: u32 = 80;
     |           ^^^^^^^^^^^^^ help: convert the identifier to upper case: `PM_M_FX0_HLIT`

warning: constant `pm_M_FX0_GBASE` should have an upper case name
    --> /home/runner/work/Miner/Miner/references/round18-public-584/parse.rs:3490:11
     |
3490 | pub const pm_M_FX0_GBASE: i32 = 168;
     |           ^^^^^^^^^^^^^^ help: convert the identifier to upper case: `PM_M_FX0_GBASE`

warning: constant `dx1_SMALL` should have an upper case name
    --> /home/runner/work/Miner/Miner/references/round18-public-584/parse.rs:3543:11
     |
3543 | pub const dx1_SMALL: usize = 65536;
     |           ^^^^^^^^^ help: convert the identifier to upper case: `DX1_SMALL`

warning: constant `dx1_HS` should have an upper case name
    --> /home/runner/work/Miner/Miner/references/round18-public-584/parse.rs:3544:11
     |
3544 | pub const dx1_HS: usize = 8192;
     |           ^^^^^^ help: convert the identifier to upper case: `DX1_HS`

warning: constant `dx1_WS` should have an upper case name
    --> /home/runner/work/Miner/Miner/references/round18-public-584/parse.rs:3545:11
     |
3545 | pub const dx1_WS: usize = 16384;
     |           ^^^^^^ help: convert the identifier to upper case: `DX1_WS`

warning: constant `dx1_NICE` should have an upper case name
    --> /home/runner/work/Miner/Miner/references/round18-public-584/parse.rs:3546:11
     |
3546 | pub const dx1_NICE: usize = 128;
     |           ^^^^^^^^ help: convert the identifier to upper case: `DX1_NICE`

warning: constant `dx1_INS_MAX` should have an upper case name
    --> /home/runner/work/Miner/Miner/references/round18-public-584/parse.rs:3547:11
     |
3547 | pub const dx1_INS_MAX: usize = 16;
     |           ^^^^^^^^^^^ help: convert the identifier to upper case: `DX1_INS_MAX`

warning: constant `dx1_TAIL` should have an upper case name
    --> /home/runner/work/Miner/Miner/references/round18-public-584/parse.rs:3548:11
     |
3548 | pub const dx1_TAIL: usize = 4;
     |           ^^^^^^^^ help: convert the identifier to upper case: `DX1_TAIL`

warning: constant `dx1_STRIDE` should have an upper case name
    --> /home/runner/work/Miner/Miner/references/round18-public-584/parse.rs:3549:11
     |
3549 | pub const dx1_STRIDE: usize = 4;
     |           ^^^^^^^^^^ help: convert the identifier to upper case: `DX1_STRIDE`

warning: constant `dx1_LDEPTH` should have an upper case name
    --> /home/runner/work/Miner/Miner/references/round18-public-584/parse.rs:3550:11
     |
3550 | pub const dx1_LDEPTH: usize = 1;
     |           ^^^^^^^^^^ help: convert the identifier to upper case: `DX1_LDEPTH`

warning: constant `dx1_SAMPLE` should have an upper case name
    --> /home/runner/work/Miner/Miner/references/round18-public-584/parse.rs:3551:11
     |
3551 | pub const dx1_SAMPLE: usize = 128;
     |           ^^^^^^^^^^ help: convert the identifier to upper case: `DX1_SAMPLE`

warning: constant `dx1_VERIFY` should have an upper case name
    --> /home/runner/work/Miner/Miner/references/round18-public-584/parse.rs:3552:11
     |
3552 | pub const dx1_VERIFY: usize = 0;
     |           ^^^^^^^^^^ help: convert the identifier to upper case: `DX1_VERIFY`

warning: constant `dx1_LSLACK` should have an upper case name
    --> /home/runner/work/Miner/Miner/references/round18-public-584/parse.rs:3553:11
     |
3553 | pub const dx1_LSLACK: usize = 1;
     |           ^^^^^^^^^^ help: convert the identifier to upper case: `DX1_LSLACK`

warning: constant `dx1_HLIT` should have an upper case name
    --> /home/runner/work/Miner/Miner/references/round18-public-584/parse.rs:3554:11
     |
3554 | pub const dx1_HLIT: u32 = 64;
     |           ^^^^^^^^ help: convert the identifier to upper case: `DX1_HLIT`

warning: constant `dx1_GBASE` should have an upper case name
    --> /home/runner/work/Miner/Miner/references/round18-public-584/parse.rs:3555:11
     |
3555 | pub const dx1_GBASE: i32 = 168;
     |           ^^^^^^^^^ help: convert the identifier to upper case: `DX1_GBASE`

warning: constant `dx1_SDIG` should have an upper case name
    --> /home/runner/work/Miner/Miner/references/round18-public-584/parse.rs:3556:11
     |
3556 | pub const dx1_SDIG: u32 = 6;
     |           ^^^^^^^^ help: convert the identifier to upper case: `DX1_SDIG`

warning: constant `dx1_S_DEPTH` should have an upper case name
    --> /home/runner/work/Miner/Miner/references/round18-public-584/parse.rs:3557:11
     |
3557 | pub const dx1_S_DEPTH: usize = 1;
     |           ^^^^^^^^^^^ help: convert the identifier to upper case: `DX1_S_DEPTH`

warning: constant `dx1_S_LDEPTH` should have an upper case name
    --> /home/runner/work/Miner/Miner/references/round18-public-584/parse.rs:3558:11
     |
3558 | pub const dx1_S_LDEPTH: usize = 3;
     |           ^^^^^^^^^^^^ help: convert the identifier to upper case: `DX1_S_LDEPTH`

warning: constant `dx1_S_LAZY` should have an upper case name
    --> /home/runner/work/Miner/Miner/references/round18-public-584/parse.rs:3559:11
     |
3559 | pub const dx1_S_LAZY: usize = 258;
     |           ^^^^^^^^^^ help: convert the identifier to upper case: `DX1_S_LAZY`

warning: constant `dx1_LAZY2` should have an upper case name
    --> /home/runner/work/Miner/Miner/references/round18-public-584/parse.rs:3560:11
     |
3560 | pub const dx1_LAZY2: usize = 0;
     |           ^^^^^^^^^ help: convert the identifier to upper case: `DX1_LAZY2`

warning: constant `dx1_L2B` should have an upper case name
    --> /home/runner/work/Miner/Miner/references/round18-public-584/parse.rs:3561:11
     |
3561 | pub const dx1_L2B: i32 = 40;
     |           ^^^^^^^ help: convert the identifier to upper case: `DX1_L2_B`

warning: constant `dx1_L2DEPTH` should have an upper case name
    --> /home/runner/work/Miner/Miner/references/round18-public-584/parse.rs:3562:11
     |
3562 | pub const dx1_L2DEPTH: usize = 1;
     |           ^^^^^^^^^^^ help: convert the identifier to upper case: `DX1_L2_DEPTH`

warning: constant `dx1_MAIN_GM` should have an upper case name
    --> /home/runner/work/Miner/Miner/references/round18-public-584/parse.rs:3563:11
     |
3563 | pub const dx1_MAIN_GM: usize = 0;
     |           ^^^^^^^^^^^ help: convert the identifier to upper case: `DX1_MAIN_GM`

warning: constant `dx1_PARTIAL` should have an upper case name
    --> /home/runner/work/Miner/Miner/references/round18-public-584/parse.rs:3564:11
     |
3564 | pub const dx1_PARTIAL: usize = 0;
     |           ^^^^^^^^^^^ help: convert the identifier to upper case: `DX1_PARTIAL`

warning: constant `dx1_PDEPTH` should have an upper case name
    --> /home/runner/work/Miner/Miner/references/round18-public-584/parse.rs:3565:11
     |
3565 | pub const dx1_PDEPTH: usize = 8;
     |           ^^^^^^^^^^ help: convert the identifier to upper case: `DX1_PDEPTH`

warning: constant `dx1_FLAT_DIV` should have an upper case name
    --> /home/runner/work/Miner/Miner/references/round18-public-584/parse.rs:3566:11
     |
3566 | pub const dx1_FLAT_DIV: u32 = 16;
     |           ^^^^^^^^^^^^ help: convert the identifier to upper case: `DX1_FLAT_DIV`

warning: constant `dx1_FLAT_SQ` should have an upper case name
    --> /home/runner/work/Miner/Miner/references/round18-public-584/parse.rs:3567:11
     |
3567 | pub const dx1_FLAT_SQ: u64 = 256;
     |           ^^^^^^^^^^^ help: convert the identifier to upper case: `DX1_FLAT_SQ`

warning: constant `dx1_D_KEY` should have an upper case name
    --> /home/runner/work/Miner/Miner/references/round18-public-584/parse.rs:3568:11
     |
3568 | pub const dx1_D_KEY: u32 = 8;
     |           ^^^^^^^^^ help: convert the identifier to upper case: `DX1_D_KEY`

warning: constant `dx1_D_MINL` should have an upper case name
    --> /home/runner/work/Miner/Miner/references/round18-public-584/parse.rs:3569:11
     |
3569 | pub const dx1_D_MINL: usize = 9;
     |           ^^^^^^^^^^ help: convert the identifier to upper case: `DX1_D_MINL`

warning: constant `dx1_O_A_HSR` should have an upper case name
    --> /home/runner/work/Miner/Miner/references/round18-public-584/parse.rs:3573:11
     |
3573 | pub const dx1_O_A_HSR: u64 = 48;
     |           ^^^^^^^^^^^ help: convert the identifier to upper case: `DX1_O_A_HSR`

warning: constant `dx1_O_A_HM4` should have an upper case name
    --> /home/runner/work/Miner/Miner/references/round18-public-584/parse.rs:3574:11
     |
3574 | pub const dx1_O_A_HM4: u64 = 0x7F4A7C1500000000;
     |           ^^^^^^^^^^^ help: convert the identifier to upper case: `DX1_O_A_HM4`

warning: constant `dx1_O_A_MM4` should have an upper case name
    --> /home/runner/work/Miner/Miner/references/round18-public-584/parse.rs:3575:11
     |
3575 | pub const dx1_O_A_MM4: u64 = 4294967295;
     |           ^^^^^^^^^^^ help: convert the identifier to upper case: `DX1_O_A_MM4`

warning: constant `dx1_O_A_IH` should have an upper case name
    --> /home/runner/work/Miner/Miner/references/round18-public-584/parse.rs:3576:11
     |
3576 | pub const dx1_O_A_IH: [usize; 8] = [2, 3, 8, 10, 8, 8, 12, 10];
     |           ^^^^^^^^^^ help: convert the identifier to upper case: `DX1_O_A_IH`

warning: constant `dx1_O_A_IT` should have an upper case name
    --> /home/runner/work/Miner/Miner/references/round18-public-584/parse.rs:3577:11
     |
3577 | pub const dx1_O_A_IT: [usize; 8] = [12, 12, 32, 256, 32, 32, 64, 256];
     |           ^^^^^^^^^^ help: convert the identifier to upper case: `DX1_O_A_IT`

warning: constant `dx1_O_A_TS` should have an upper case name
    --> /home/runner/work/Miner/Miner/references/round18-public-584/parse.rs:3578:11
     |
3578 | pub const dx1_O_A_TS: [usize; 8] = [12, 12, 8, 8, 8, 8, 8, 8];
     |           ^^^^^^^^^^ help: convert the identifier to upper case: `DX1_O_A_TS`

warning: constant `dx1_O_A_TL` should have an upper case name
    --> /home/runner/work/Miner/Miner/references/round18-public-584/parse.rs:3579:11
     |
3579 | pub const dx1_O_A_TL: usize = 0;
     |           ^^^^^^^^^^ help: convert the identifier to upper case: `DX1_O_A_TL`

warning: constant `dx1_O_A_ACC` should have an upper case name
    --> /home/runner/work/Miner/Miner/references/round18-public-584/parse.rs:3580:11
     |
3580 | pub const dx1_O_A_ACC: [u64; 8] = [4, 4, 4, 5, 4, 4, 5, 5];
     |           ^^^^^^^^^^^ help: convert the identifier to upper case: `DX1_O_A_ACC`

warning: constant `dx1_O_A_AMAX` should have an upper case name
    --> /home/runner/work/Miner/Miner/references/round18-public-584/parse.rs:3581:11
     |
3581 | pub const dx1_O_A_AMAX: usize = 64;
     |           ^^^^^^^^^^^^ help: convert the identifier to upper case: `DX1_O_A_AMAX`

warning: constant `dx1_O_A_MINL` should have an upper case name
    --> /home/runner/work/Miner/Miner/references/round18-public-584/parse.rs:3582:11
     |
3582 | pub const dx1_O_A_MINL: usize = 4;
     |           ^^^^^^^^^^^^ help: convert the identifier to upper case: `DX1_O_A_MINL`

warning: constant `dx1_O_A_BEXT` should have an upper case name
    --> /home/runner/work/Miner/Miner/references/round18-public-584/parse.rs:3583:11
     |
3583 | pub const dx1_O_A_BEXT: usize = 0;
     |           ^^^^^^^^^^^^ help: convert the identifier to upper case: `DX1_O_A_BEXT`

warning: constant `dx1_O_A_BK` should have an upper case name
    --> /home/runner/work/Miner/Miner/references/round18-public-584/parse.rs:3584:11
     |
3584 | pub const dx1_O_A_BK: usize = 64;
     |           ^^^^^^^^^^ help: convert the identifier to upper case: `DX1_O_A_BK`

warning: constant `dx1_O_A_LZT` should have an upper case name
    --> /home/runner/work/Miner/Miner/references/round18-public-584/parse.rs:3585:11
     |
3585 | pub const dx1_O_A_LZT: [usize; 8] = [0, 0, 0, 16, 8, 16, 16, 32];
     |           ^^^^^^^^^^^ help: convert the identifier to upper case: `DX1_O_A_LZT`

warning: constant `dx1_O_A_LZM` should have an upper case name
    --> /home/runner/work/Miner/Miner/references/round18-public-584/parse.rs:3586:11
     |
3586 | pub const dx1_O_A_LZM: usize = 2;
     |           ^^^^^^^^^^^ help: convert the identifier to upper case: `DX1_O_A_LZM`

warning: constant `dx1_O_A_LZN` should have an upper case name
    --> /home/runner/work/Miner/Miner/references/round18-public-584/parse.rs:3587:11
     |
3587 | pub const dx1_O_A_LZN: usize = 1;
     |           ^^^^^^^^^^^ help: convert the identifier to upper case: `DX1_O_A_LZN`

warning: constant `dx1_O_A_SCL` should have an upper case name
    --> /home/runner/work/Miner/Miner/references/round18-public-584/parse.rs:3588:11
     |
3588 | pub const dx1_O_A_SCL: usize = 0;
     |           ^^^^^^^^^^^ help: convert the identifier to upper case: `DX1_O_A_SCL`

warning: constant `dx1_O_A_SLQ` should have an upper case name
    --> /home/runner/work/Miner/Miner/references/round18-public-584/parse.rs:3589:11
     |
3589 | pub const dx1_O_A_SLQ: usize = 28;
     |           ^^^^^^^^^^^ help: convert the identifier to upper case: `DX1_O_A_SLQ`

warning: constant `dx1_O_A_SC0` should have an upper case name
    --> /home/runner/work/Miner/Miner/references/round18-public-584/parse.rs:3590:11
     |
3590 | pub const dx1_O_A_SC0: usize = 44;
     |           ^^^^^^^^^^^ help: convert the identifier to upper case: `DX1_O_A_SC0`

warning: constant `dx1_O_A_GTHR` should have an upper case name
    --> /home/runner/work/Miner/Miner/references/round18-public-584/parse.rs:3591:11
     |
3591 | pub const dx1_O_A_GTHR: usize = 900;
     |           ^^^^^^^^^^^^ help: convert the identifier to upper case: `DX1_O_A_GTHR`

warning: constant `dx1_O_A_MAX3` should have an upper case name
    --> /home/runner/work/Miner/Miner/references/round18-public-584/parse.rs:3592:11
     |
3592 | pub const dx1_O_A_MAX3: usize = 16384;
     |           ^^^^^^^^^^^^ help: convert the identifier to upper case: `DX1_O_A_MAX3`

warning: constant `dx1_O_A_CTLLO` should have an upper case name
    --> /home/runner/work/Miner/Miner/references/round18-public-584/parse.rs:3593:11
     |
3593 | pub const dx1_O_A_CTLLO: usize = 100;
     |           ^^^^^^^^^^^^^ help: convert the identifier to upper case: `DX1_O_A_CTLLO`

warning: constant `dx1_O_A_HIMAX` should have an upper case name
    --> /home/runner/work/Miner/Miner/references/round18-public-584/parse.rs:3594:11
     |
3594 | pub const dx1_O_A_HIMAX: usize = 300;
     |           ^^^^^^^^^^^^^ help: convert the identifier to upper case: `DX1_O_A_HIMAX`

warning: constant `dx1_O_A_FL_DNA_THR` should have an upper case name
    --> /home/runner/work/Miner/Miner/references/round18-public-584/parse.rs:3627:11
     |
3627 | pub const dx1_O_A_FL_DNA_THR: u32 = 64;
     |           ^^^^^^^^^^^^^^^^^^ help: convert the identifier to upper case: `DX1_O_A_FL_DNA_THR`

warning: constant `dx1_O_A_FL_DNA_M0` should have an upper case name
    --> /home/runner/work/Miner/Miner/references/round18-public-584/parse.rs:3628:11
     |
3628 | pub const dx1_O_A_FL_DNA_M0: usize = 12;
     |           ^^^^^^^^^^^^^^^^^ help: convert the identifier to upper case: `DX1_O_A_FL_DNA_M0`

warning: constant `dx1_O_A_FL_CMAX` should have an upper case name
    --> /home/runner/work/Miner/Miner/references/round18-public-584/parse.rs:3629:11
     |
3629 | pub const dx1_O_A_FL_CMAX: u32 = 192;
     |           ^^^^^^^^^^^^^^^ help: convert the identifier to upper case: `DX1_O_A_FL_CMAX`

warning: constant `dx1_O_A_SMALLN` should have an upper case name
    --> /home/runner/work/Miner/Miner/references/round18-public-584/parse.rs:3630:11
     |
3630 | pub const dx1_O_A_SMALLN: usize = 65536;
     |           ^^^^^^^^^^^^^^ help: convert the identifier to upper case: `DX1_O_A_SMALLN`

warning: constant `dx1_O_A_FL_LITQ` should have an upper case name
    --> /home/runner/work/Miner/Miner/references/round18-public-584/parse.rs:3631:11
     |
3631 | pub const dx1_O_A_FL_LITQ: usize = 32;
     |           ^^^^^^^^^^^^^^^ help: convert the identifier to upper case: `DX1_O_A_FL_LITQ`

warning: constant `dx1_O_A_MINL3` should have an upper case name
    --> /home/runner/work/Miner/Miner/references/round18-public-584/parse.rs:3632:11
     |
3632 | pub const dx1_O_A_MINL3: usize = 3;
     |           ^^^^^^^^^^^^^ help: convert the identifier to upper case: `DX1_O_A_MINL3`

warning: constant `dx1_Y_A_IH` should have an upper case name
    --> /home/runner/work/Miner/Miner/references/round18-public-584/parse.rs:3635:11
     |
3635 | pub const dx1_Y_A_IH: [usize; 8] = [8, 10, 10, 10, 10, 10, 10, 10];
     |           ^^^^^^^^^^ help: convert the identifier to upper case: `DX1_Y_A_IH`

warning: constant `dx1_Y_A_IT` should have an upper case name
    --> /home/runner/work/Miner/Miner/references/round18-public-584/parse.rs:3636:11
     |
3636 | pub const dx1_Y_A_IT: [usize; 8] = [32, 256, 256, 256, 256, 256, 256, 256];
     |           ^^^^^^^^^^ help: convert the identifier to upper case: `DX1_Y_A_IT`

warning: constant `dx1_Y_A_TS` should have an upper case name
    --> /home/runner/work/Miner/Miner/references/round18-public-584/parse.rs:3637:11
     |
3637 | pub const dx1_Y_A_TS: [usize; 8] = [8, 8, 8, 8, 8, 8, 8, 8];
     |           ^^^^^^^^^^ help: convert the identifier to upper case: `DX1_Y_A_TS`

warning: constant `dx1_Y_A_ACC` should have an upper case name
    --> /home/runner/work/Miner/Miner/references/round18-public-584/parse.rs:3638:11
     |
3638 | pub const dx1_Y_A_ACC: [u64; 8] = [4, 5, 5, 5, 5, 5, 5, 5];
     |           ^^^^^^^^^^^ help: convert the identifier to upper case: `DX1_Y_A_ACC`

warning: constant `dx1_Y_A_LZT` should have an upper case name
    --> /home/runner/work/Miner/Miner/references/round18-public-584/parse.rs:3639:11
     |
3639 | pub const dx1_Y_A_LZT: [usize; 8] = [0, 16, 32, 32, 32, 32, 32, 32];
     |           ^^^^^^^^^^^ help: convert the identifier to upper case: `DX1_Y_A_LZT`

warning: constant `dx1_Y_B_LAZY` should have an upper case name
    --> /home/runner/work/Miner/Miner/references/round18-public-584/parse.rs:3640:11
     |
3640 | pub const dx1_Y_B_LAZY: [usize; 8] = [544, 544, 1056, 544, 544, 544, 544, 544];
     |           ^^^^^^^^^^^^ help: convert the identifier to upper case: `DX1_Y_B_LAZY`

warning: constant `dx1_Y_B_NICE` should have an upper case name
    --> /home/runner/work/Miner/Miner/references/round18-public-584/parse.rs:3641:11
     |
3641 | pub const dx1_Y_B_NICE: usize = 258;
     |           ^^^^^^^^^^^^ help: convert the identifier to upper case: `DX1_Y_B_NICE`

warning: constant `dx1_Y_B_IH` should have an upper case name
    --> /home/runner/work/Miner/Miner/references/round18-public-584/parse.rs:3642:11
     |
3642 | pub const dx1_Y_B_IH: usize = 258;
     |           ^^^^^^^^^^ help: convert the identifier to upper case: `DX1_Y_B_IH`

warning: constant `dx1_Y_B_IT` should have an upper case name
    --> /home/runner/work/Miner/Miner/references/round18-public-584/parse.rs:3643:11
     |
3643 | pub const dx1_Y_B_IT: usize = 64;
     |           ^^^^^^^^^^ help: convert the identifier to upper case: `DX1_Y_B_IT`

warning: constant `dx1_Y_B_LITQ` should have an upper case name
    --> /home/runner/work/Miner/Miner/references/round18-public-584/parse.rs:3644:11
     |
3644 | pub const dx1_Y_B_LITQ: [usize; 8] = [28, 28, 28, 28, 28, 28, 28, 28];
     |           ^^^^^^^^^^^^ help: convert the identifier to upper case: `DX1_Y_B_LITQ`

warning: constant `dx1_Y_B_M3` should have an upper case name
    --> /home/runner/work/Miner/Miner/references/round18-public-584/parse.rs:3645:11
     |
3645 | pub const dx1_Y_B_M3: [usize; 8] = [0, 0, 0, 0, 0, 0, 0, 0];
     |           ^^^^^^^^^^ help: convert the identifier to upper case: `DX1_Y_B_M3`

warning: constant `dx1_Y_B_DIGN` should have an upper case name
    --> /home/runner/work/Miner/Miner/references/round18-public-584/parse.rs:3646:11
     |
3646 | pub const dx1_Y_B_DIGN: [usize; 8] = [200, 200, 200, 200, 200, 200, 200, 200];
     |           ^^^^^^^^^^^^ help: convert the identifier to upper case: `DX1_Y_B_DIGN`

warning: constant `dx1_Y_B_BIAS` should have an upper case name
    --> /home/runner/work/Miner/Miner/references/round18-public-584/parse.rs:3647:11
     |
3647 | pub const dx1_Y_B_BIAS: usize = 4096;
     |           ^^^^^^^^^^^^ help: convert the identifier to upper case: `DX1_Y_B_BIAS`

warning: constant `dx1_Y_B_FL_PCH` should have an upper case name
    --> /home/runner/work/Miner/Miner/references/round18-public-584/parse.rs:3712:11
     |
3712 | pub const dx1_Y_B_FL_PCH: usize = 256;
     |           ^^^^^^^^^^^^^^ help: convert the identifier to upper case: `DX1_Y_B_FL_PCH`

warning: constant `dx1_Y_B_FL_DNA_THR` should have an upper case name
    --> /home/runner/work/Miner/Miner/references/round18-public-584/parse.rs:3713:11
     |
3713 | pub const dx1_Y_B_FL_DNA_THR: u32 = 64;
     |           ^^^^^^^^^^^^^^^^^^ help: convert the identifier to upper case: `DX1_Y_B_FL_DNA_THR`

warning: constant `dx1_Y_B_FL_DNA_M0` should have an upper case name
    --> /home/runner/work/Miner/Miner/references/round18-public-584/parse.rs:3714:11
     |
3714 | pub const dx1_Y_B_FL_DNA_M0: usize = 12;
     |           ^^^^^^^^^^^^^^^^^ help: convert the identifier to upper case: `DX1_Y_B_FL_DNA_M0`

warning: constant `dx1_Y_B_FL_CMAX` should have an upper case name
    --> /home/runner/work/Miner/Miner/references/round18-public-584/parse.rs:3715:11
     |
3715 | pub const dx1_Y_B_FL_CMAX: u32 = 192;
     |           ^^^^^^^^^^^^^^^ help: convert the identifier to upper case: `DX1_Y_B_FL_CMAX`

warning: constant `dx1_Y_B_FL_LITQ` should have an upper case name
    --> /home/runner/work/Miner/Miner/references/round18-public-584/parse.rs:3716:11
     |
3716 | pub const dx1_Y_B_FL_LITQ: [usize; 8] = [32, 32, 32, 32, 32, 32, 32, 32];
     |           ^^^^^^^^^^^^^^^ help: convert the identifier to upper case: `DX1_Y_B_FL_LITQ`

warning: constant `dx1_FX0_HB` should have an upper case name
    --> /home/runner/work/Miner/Miner/references/round18-public-584/parse.rs:3724:11
     |
3724 | pub const dx1_FX0_HB: u32 = 15;
     |           ^^^^^^^^^^ help: convert the identifier to upper case: `DX1_FX0_HB`

warning: constant `dx1_FX0_SMALL` should have an upper case name
    --> /home/runner/work/Miner/Miner/references/round18-public-584/parse.rs:3725:11
     |
3725 | pub const dx1_FX0_SMALL: usize = 65536;
     |           ^^^^^^^^^^^^^ help: convert the identifier to upper case: `DX1_FX0_SMALL`

warning: constant `dx1_FX0_HS` should have an upper case name
    --> /home/runner/work/Miner/Miner/references/round18-public-584/parse.rs:3726:11
     |
3726 | pub const dx1_FX0_HS: usize = 4096;
     |           ^^^^^^^^^^ help: convert the identifier to upper case: `DX1_FX0_HS`

warning: constant `dx1_FX0_WS` should have an upper case name
    --> /home/runner/work/Miner/Miner/references/round18-public-584/parse.rs:3727:11
     |
3727 | pub const dx1_FX0_WS: usize = 16384;
     |           ^^^^^^^^^^ help: convert the identifier to upper case: `DX1_FX0_WS`

warning: constant `dx1_FX0_NICE` should have an upper case name
    --> /home/runner/work/Miner/Miner/references/round18-public-584/parse.rs:3728:11
     |
3728 | pub const dx1_FX0_NICE: usize = 32;
     |           ^^^^^^^^^^^^ help: convert the identifier to upper case: `DX1_FX0_NICE`

warning: constant `dx1_FX0_INS_MAX` should have an upper case name
    --> /home/runner/work/Miner/Miner/references/round18-public-584/parse.rs:3729:11
     |
3729 | pub const dx1_FX0_INS_MAX: usize = 2;
     |           ^^^^^^^^^^^^^^^ help: convert the identifier to upper case: `DX1_FX0_INS_MAX`

warning: constant `dx1_FX0_TAIL` should have an upper case name
    --> /home/runner/work/Miner/Miner/references/round18-public-584/parse.rs:3730:11
     |
3730 | pub const dx1_FX0_TAIL: usize = 1;
     |           ^^^^^^^^^^^^ help: convert the identifier to upper case: `DX1_FX0_TAIL`

warning: constant `dx1_FX0_STRIDE` should have an upper case name
    --> /home/runner/work/Miner/Miner/references/round18-public-584/parse.rs:3731:11
     |
3731 | pub const dx1_FX0_STRIDE: usize = 0;
     |           ^^^^^^^^^^^^^^ help: convert the identifier to upper case: `DX1_FX0_STRIDE`

warning: constant `dx1_FX0_BACKTOK` should have an upper case name
    --> /home/runner/work/Miner/Miner/references/round18-public-584/parse.rs:3732:11
     |
3732 | pub const dx1_FX0_BACKTOK: usize = 16;
     |           ^^^^^^^^^^^^^^^ help: convert the identifier to upper case: `DX1_FX0_BACKTOK`

warning: constant `dx1_FX0_LDEPTH` should have an upper case name
    --> /home/runner/work/Miner/Miner/references/round18-public-584/parse.rs:3733:11
     |
3733 | pub const dx1_FX0_LDEPTH: usize = 1;
     |           ^^^^^^^^^^^^^^ help: convert the identifier to upper case: `DX1_FX0_LDEPTH`

warning: constant `dx1_FX0_SAMPLE` should have an upper case name
    --> /home/runner/work/Miner/Miner/references/round18-public-584/parse.rs:3734:11
     |
3734 | pub const dx1_FX0_SAMPLE: usize = 2048;
     |           ^^^^^^^^^^^^^^ help: convert the identifier to upper case: `DX1_FX0_SAMPLE`

warning: constant `dx1_FX0_VERIFY` should have an upper case name
    --> /home/runner/work/Miner/Miner/references/round18-public-584/parse.rs:3735:11
     |
3735 | pub const dx1_FX0_VERIFY: usize = 0;
     |           ^^^^^^^^^^^^^^ help: convert the identifier to upper case: `DX1_FX0_VERIFY`

warning: constant `dx1_FX0_LSLACK` should have an upper case name
    --> /home/runner/work/Miner/Miner/references/round18-public-584/parse.rs:3736:11
     |
3736 | pub const dx1_FX0_LSLACK: usize = 1;
     |           ^^^^^^^^^^^^^^ help: convert the identifier to upper case: `DX1_FX0_LSLACK`

warning: constant `dx1_FX0_HLIT` should have an upper case name
    --> /home/runner/work/Miner/Miner/references/round18-public-584/parse.rs:3737:11
     |
3737 | pub const dx1_FX0_HLIT: u32 = 80;
     |           ^^^^^^^^^^^^ help: convert the identifier to upper case: `DX1_FX0_HLIT`

warning: constant `dx1_FX0_GBASE` should have an upper case name
    --> /home/runner/work/Miner/Miner/references/round18-public-584/parse.rs:3738:11
     |
3738 | pub const dx1_FX0_GBASE: i32 = 168;
     |           ^^^^^^^^^^^^^ help: convert the identifier to upper case: `DX1_FX0_GBASE`

warning: constant `dx1_FX0_T_LAZY` should have an upper case name
    --> /home/runner/work/Miner/Miner/references/round18-public-584/parse.rs:3739:11
     |
3739 | pub const dx1_FX0_T_LAZY: usize = 0;
     |           ^^^^^^^^^^^^^^ help: convert the identifier to upper case: `DX1_FX0_T_LAZY`

warning: constant `dx1_FX0_T_SKIP` should have an upper case name
    --> /home/runner/work/Miner/Miner/references/round18-public-584/parse.rs:3740:11
     |
3740 | pub const dx1_FX0_T_SKIP: usize = 3;
     |           ^^^^^^^^^^^^^^ help: convert the identifier to upper case: `DX1_FX0_T_SKIP`

warning: constant `dx1_FX0_P_DEPTH` should have an upper case name
    --> /home/runner/work/Miner/Miner/references/round18-public-584/parse.rs:3741:11
     |
3741 | pub const dx1_FX0_P_DEPTH: usize = 3;
     |           ^^^^^^^^^^^^^^^ help: convert the identifier to upper case: `DX1_FX0_P_DEPTH`

warning: constant `dx1_FX0_P_LAZY` should have an upper case name
    --> /home/runner/work/Miner/Miner/references/round18-public-584/parse.rs:3742:11
     |
3742 | pub const dx1_FX0_P_LAZY: usize = 0;
     |           ^^^^^^^^^^^^^^ help: convert the identifier to upper case: `DX1_FX0_P_LAZY`

warning: constant `dx1_FX0_P_SKIP` should have an upper case name
    --> /home/runner/work/Miner/Miner/references/round18-public-584/parse.rs:3743:11
     |
3743 | pub const dx1_FX0_P_SKIP: usize = 5;
     |           ^^^^^^^^^^^^^^ help: convert the identifier to upper case: `DX1_FX0_P_SKIP`

warning: constant `dx1_FX0_H_DEPTH` should have an upper case name
    --> /home/runner/work/Miner/Miner/references/round18-public-584/parse.rs:3744:11
     |
3744 | pub const dx1_FX0_H_DEPTH: usize = 3;
     |           ^^^^^^^^^^^^^^^ help: convert the identifier to upper case: `DX1_FX0_H_DEPTH`

warning: constant `dx1_FX0_H_LAZY` should have an upper case name
    --> /home/runner/work/Miner/Miner/references/round18-public-584/parse.rs:3745:11
     |
3745 | pub const dx1_FX0_H_LAZY: usize = 0;
     |           ^^^^^^^^^^^^^^ help: convert the identifier to upper case: `DX1_FX0_H_LAZY`

warning: constant `dx1_FX0_H_SKIP` should have an upper case name
    --> /home/runner/work/Miner/Miner/references/round18-public-584/parse.rs:3746:11
     |
3746 | pub const dx1_FX0_H_SKIP: usize = 3;
     |           ^^^^^^^^^^^^^^ help: convert the identifier to upper case: `DX1_FX0_H_SKIP`

warning: constant `dx1_FX0_Z_DEPTH` should have an upper case name
    --> /home/runner/work/Miner/Miner/references/round18-public-584/parse.rs:3747:11
     |
3747 | pub const dx1_FX0_Z_DEPTH: usize = 3;
     |           ^^^^^^^^^^^^^^^ help: convert the identifier to upper case: `DX1_FX0_Z_DEPTH`

warning: constant `dx1_FX0_Z_SKIP` should have an upper case name
    --> /home/runner/work/Miner/Miner/references/round18-public-584/parse.rs:3748:11
     |
3748 | pub const dx1_FX0_Z_SKIP: usize = 6;
     |           ^^^^^^^^^^^^^^ help: convert the identifier to upper case: `DX1_FX0_Z_SKIP`

warning: constant `dx1_FX0_Z_CAP` should have an upper case name
    --> /home/runner/work/Miner/Miner/references/round18-public-584/parse.rs:3749:11
     |
3749 | pub const dx1_FX0_Z_CAP: usize = 8;
     |           ^^^^^^^^^^^^^ help: convert the identifier to upper case: `DX1_FX0_Z_CAP`

warning: constant `dx1_FX0_B_DEPTH` should have an upper case name
    --> /home/runner/work/Miner/Miner/references/round18-public-584/parse.rs:3750:11
     |
3750 | pub const dx1_FX0_B_DEPTH: usize = 4;
     |           ^^^^^^^^^^^^^^^ help: convert the identifier to upper case: `DX1_FX0_B_DEPTH`

warning: constant `dx1_FX0_B_LAZY` should have an upper case name
    --> /home/runner/work/Miner/Miner/references/round18-public-584/parse.rs:3751:11
     |
3751 | pub const dx1_FX0_B_LAZY: usize = 3;
     |           ^^^^^^^^^^^^^^ help: convert the identifier to upper case: `DX1_FX0_B_LAZY`

warning: constant `dx1_FX0_B_SKIP` should have an upper case name
    --> /home/runner/work/Miner/Miner/references/round18-public-584/parse.rs:3752:11
     |
3752 | pub const dx1_FX0_B_SKIP: usize = 4;
     |           ^^^^^^^^^^^^^^ help: convert the identifier to upper case: `DX1_FX0_B_SKIP`

warning: constant `dx1_FX0_SDIG` should have an upper case name
    --> /home/runner/work/Miner/Miner/references/round18-public-584/parse.rs:3753:11
     |
3753 | pub const dx1_FX0_SDIG: u32 = 6;
     |           ^^^^^^^^^^^^ help: convert the identifier to upper case: `DX1_FX0_SDIG`

warning: constant `dx1_FX0_S_DEPTH` should have an upper case name
    --> /home/runner/work/Miner/Miner/references/round18-public-584/parse.rs:3754:11
     |
3754 | pub const dx1_FX0_S_DEPTH: usize = 1;
     |           ^^^^^^^^^^^^^^^ help: convert the identifier to upper case: `DX1_FX0_S_DEPTH`

warning: constant `dx1_FX0_S_LDEPTH` should have an upper case name
    --> /home/runner/work/Miner/Miner/references/round18-public-584/parse.rs:3755:11
     |
3755 | pub const dx1_FX0_S_LDEPTH: usize = 1;
     |           ^^^^^^^^^^^^^^^^ help: convert the identifier to upper case: `DX1_FX0_S_LDEPTH`

warning: constant `dx1_FX0_S_LAZY` should have an upper case name
    --> /home/runner/work/Miner/Miner/references/round18-public-584/parse.rs:3756:11
     |
3756 | pub const dx1_FX0_S_LAZY: usize = 258;
     |           ^^^^^^^^^^^^^^ help: convert the identifier to upper case: `DX1_FX0_S_LAZY`

warning: constant `dx1_FX0_SKCAP` should have an upper case name
    --> /home/runner/work/Miner/Miner/references/round18-public-584/parse.rs:3757:11
     |
3757 | pub const dx1_FX0_SKCAP: usize = 1000000;
     |           ^^^^^^^^^^^^^ help: convert the identifier to upper case: `DX1_FX0_SKCAP`

warning: constant `dx1_u118_HB` should have an upper case name
    --> /home/runner/work/Miner/Miner/references/round18-public-584/parse.rs:3775:11
     |
3775 | pub const dx1_u118_HB: u32 = 16;
     |           ^^^^^^^^^^^
     |
help: convert the identifier to upper case
     |
3775 - pub const dx1_u118_HB: u32 = 16;
3775 + pub const DX1_U118_HB: u32 = 16;
     |

warning: constant `dx1_u118_SMALL` should have an upper case name
    --> /home/runner/work/Miner/Miner/references/round18-public-584/parse.rs:3776:11
     |
3776 | pub const dx1_u118_SMALL: usize = 65536;
     |           ^^^^^^^^^^^^^^ help: convert the identifier to upper case: `DX1_U118_SMALL`

warning: constant `dx1_u118_HS` should have an upper case name
    --> /home/runner/work/Miner/Miner/references/round18-public-584/parse.rs:3777:11
     |
3777 | pub const dx1_u118_HS: usize = 8192;
     |           ^^^^^^^^^^^ help: convert the identifier to upper case: `DX1_U118_HS`

warning: constant `dx1_u118_WS` should have an upper case name
    --> /home/runner/work/Miner/Miner/references/round18-public-584/parse.rs:3778:11
     |
3778 | pub const dx1_u118_WS: usize = 16384;
     |           ^^^^^^^^^^^ help: convert the identifier to upper case: `DX1_U118_WS`

warning: constant `dx1_u118_NICE` should have an upper case name
    --> /home/runner/work/Miner/Miner/references/round18-public-584/parse.rs:3779:11
     |
3779 | pub const dx1_u118_NICE: usize = 128;
     |           ^^^^^^^^^^^^^ help: convert the identifier to upper case: `DX1_U118_NICE`

warning: constant `dx1_u118_INS_MAX` should have an upper case name
    --> /home/runner/work/Miner/Miner/references/round18-public-584/parse.rs:3780:11
     |
3780 | pub const dx1_u118_INS_MAX: usize = 16;
     |           ^^^^^^^^^^^^^^^^ help: convert the identifier to upper case: `DX1_U118_INS_MAX`

warning: constant `dx1_u118_TAIL` should have an upper case name
    --> /home/runner/work/Miner/Miner/references/round18-public-584/parse.rs:3781:11
     |
3781 | pub const dx1_u118_TAIL: usize = 4;
     |           ^^^^^^^^^^^^^
     |
help: convert the identifier to upper case
     |
3781 - pub const dx1_u118_TAIL: usize = 4;
3781 + pub const DX1_U118_TAIL: usize = 4;
     |

warning: constant `dx1_u118_STRIDE` should have an upper case name
    --> /home/runner/work/Miner/Miner/references/round18-public-584/parse.rs:3782:11
     |
3782 | pub const dx1_u118_STRIDE: usize = 4;
     |           ^^^^^^^^^^^^^^^ help: convert the identifier to upper case: `DX1_U118_STRIDE`

warning: constant `dx1_u118_BACKTOK` should have an upper case name
    --> /home/runner/work/Miner/Miner/references/round18-public-584/parse.rs:3783:11
     |
3783 | pub const dx1_u118_BACKTOK: usize = 16;
     |           ^^^^^^^^^^^^^^^^
     |
help: convert the identifier to upper case
     |
3783 - pub const dx1_u118_BACKTOK: usize = 16;
3783 + pub const DX1_U118_BACKTOK: usize = 16;
     |

warning: constant `dx1_u118_LDEPTH` should have an upper case name
    --> /home/runner/work/Miner/Miner/references/round18-public-584/parse.rs:3784:11
     |
3784 | pub const dx1_u118_LDEPTH: usize = 1;
     |           ^^^^^^^^^^^^^^^ help: convert the identifier to upper case: `DX1_U118_LDEPTH`

warning: constant `dx1_u118_SAMPLE` should have an upper case name
    --> /home/runner/work/Miner/Miner/references/round18-public-584/parse.rs:3785:11
     |
3785 | pub const dx1_u118_SAMPLE: usize = 2048;
     |           ^^^^^^^^^^^^^^^ help: convert the identifier to upper case: `DX1_U118_SAMPLE`

warning: constant `dx1_u118_VERIFY` should have an upper case name
    --> /home/runner/work/Miner/Miner/references/round18-public-584/parse.rs:3786:11
     |
3786 | pub const dx1_u118_VERIFY: usize = 0;
     |           ^^^^^^^^^^^^^^^ help: convert the identifier to upper case: `DX1_U118_VERIFY`

warning: constant `dx1_u118_LSLACK` should have an upper case name
    --> /home/runner/work/Miner/Miner/references/round18-public-584/parse.rs:3787:11
     |
3787 | pub const dx1_u118_LSLACK: usize = 1;
     |           ^^^^^^^^^^^^^^^
     |
help: convert the identifier to upper case
     |
3787 - pub const dx1_u118_LSLACK: usize = 1;
3787 + pub const DX1_U118_LSLACK: usize = 1;
     |

warning: constant `dx1_u118_HLIT` should have an upper case name
    --> /home/runner/work/Miner/Miner/references/round18-public-584/parse.rs:3788:11
     |
3788 | pub const dx1_u118_HLIT: u32 = 64;
     |           ^^^^^^^^^^^^^ help: convert the identifier to upper case: `DX1_U118_HLIT`

warning: constant `dx1_u118_GBASE` should have an upper case name
    --> /home/runner/work/Miner/Miner/references/round18-public-584/parse.rs:3789:11
     |
3789 | pub const dx1_u118_GBASE: i32 = 168;
     |           ^^^^^^^^^^^^^^
     |
help: convert the identifier to upper case
     |
3789 - pub const dx1_u118_GBASE: i32 = 168;
3789 + pub const DX1_U118_GBASE: i32 = 168;
     |

warning: constant `dx1_u118_SDIG` should have an upper case name
    --> /home/runner/work/Miner/Miner/references/round18-public-584/parse.rs:3790:11
     |
3790 | pub const dx1_u118_SDIG: u32 = 6;
     |           ^^^^^^^^^^^^^ help: convert the identifier to upper case: `DX1_U118_SDIG`

warning: constant `dx1_u118_S_DEPTH` should have an upper case name
    --> /home/runner/work/Miner/Miner/references/round18-public-584/parse.rs:3791:11
     |
3791 | pub const dx1_u118_S_DEPTH: usize = 1;
     |           ^^^^^^^^^^^^^^^^ help: convert the identifier to upper case: `DX1_U118_S_DEPTH`

warning: constant `dx1_u118_S_LDEPTH` should have an upper case name
    --> /home/runner/work/Miner/Miner/references/round18-public-584/parse.rs:3792:11
     |
3792 | pub const dx1_u118_S_LDEPTH: usize = 3;
     |           ^^^^^^^^^^^^^^^^^ help: convert the identifier to upper case: `DX1_U118_S_LDEPTH`

warning: constant `dx1_u118_S_LAZY` should have an upper case name
    --> /home/runner/work/Miner/Miner/references/round18-public-584/parse.rs:3793:11
     |
3793 | pub const dx1_u118_S_LAZY: usize = 258;
     |           ^^^^^^^^^^^^^^^ help: convert the identifier to upper case: `DX1_U118_S_LAZY`

warning: constant `dx1_u118_LAZY2` should have an upper case name
    --> /home/runner/work/Miner/Miner/references/round18-public-584/parse.rs:3794:11
     |
3794 | pub const dx1_u118_LAZY2: usize = 0;
     |           ^^^^^^^^^^^^^^ help: convert the identifier to upper case: `DX1_U118_LAZY2`

warning: constant `dx1_u118_L2B` should have an upper case name
    --> /home/runner/work/Miner/Miner/references/round18-public-584/parse.rs:3795:11
     |
3795 | pub const dx1_u118_L2B: i32 = 40;
     |           ^^^^^^^^^^^^
     |
help: convert the identifier to upper case
     |
3795 - pub const dx1_u118_L2B: i32 = 40;
3795 + pub const DX1_U118_L2_B: i32 = 40;
     |

warning: constant `dx1_u118_L2DEPTH` should have an upper case name
    --> /home/runner/work/Miner/Miner/references/round18-public-584/parse.rs:3796:11
     |
3796 | pub const dx1_u118_L2DEPTH: usize = 1;
     |           ^^^^^^^^^^^^^^^^
     |
help: convert the identifier to upper case
     |
3796 - pub const dx1_u118_L2DEPTH: usize = 1;
3796 + pub const DX1_U118_L2_DEPTH: usize = 1;
     |

warning: constant `dx1_u118_MAIN_GM` should have an upper case name
    --> /home/runner/work/Miner/Miner/references/round18-public-584/parse.rs:3797:11
     |
3797 | pub const dx1_u118_MAIN_GM: usize = 0;
     |           ^^^^^^^^^^^^^^^^
     |
help: convert the identifier to upper case
     |
3797 - pub const dx1_u118_MAIN_GM: usize = 0;
3797 + pub const DX1_U118_MAIN_GM: usize = 0;
     |

warning: constant `dx1_u118_PARTIAL` should have an upper case name
    --> /home/runner/work/Miner/Miner/references/round18-public-584/parse.rs:3798:11
     |
3798 | pub const dx1_u118_PARTIAL: usize = 0;
     |           ^^^^^^^^^^^^^^^^
     |
help: convert the identifier to upper case
     |
3798 - pub const dx1_u118_PARTIAL: usize = 0;
3798 + pub const DX1_U118_PARTIAL: usize = 0;
     |

warning: constant `dx1_u118_PDEPTH` should have an upper case name
    --> /home/runner/work/Miner/Miner/references/round18-public-584/parse.rs:3799:11
     |
3799 | pub const dx1_u118_PDEPTH: usize = 8;
     |           ^^^^^^^^^^^^^^^
     |
help: convert the identifier to upper case
     |
3799 - pub const dx1_u118_PDEPTH: usize = 8;
3799 + pub const DX1_U118_PDEPTH: usize = 8;
     |

warning: constant `dx1_u118_FLAT_DIV` should have an upper case name
    --> /home/runner/work/Miner/Miner/references/round18-public-584/parse.rs:3800:11
     |
3800 | pub const dx1_u118_FLAT_DIV: u32 = 16;
     |           ^^^^^^^^^^^^^^^^^ help: convert the identifier to upper case: `DX1_U118_FLAT_DIV`

warning: constant `dx1_u118_FLAT_SQ` should have an upper case name
    --> /home/runner/work/Miner/Miner/references/round18-public-584/parse.rs:3801:11
     |
3801 | pub const dx1_u118_FLAT_SQ: u64 = 256;
     |           ^^^^^^^^^^^^^^^^ help: convert the identifier to upper case: `DX1_U118_FLAT_SQ`

warning: constant `dx1_u118_D_KEY` should have an upper case name
    --> /home/runner/work/Miner/Miner/references/round18-public-584/parse.rs:4184:11
     |
4184 | pub const dx1_u118_D_KEY: u32 = 8;
     |           ^^^^^^^^^^^^^^ help: convert the identifier to upper case: `DX1_U118_D_KEY`

warning: constant `dx1_u118_D_MINL` should have an upper case name
    --> /home/runner/work/Miner/Miner/references/round18-public-584/parse.rs:4185:11
     |
4185 | pub const dx1_u118_D_MINL: usize = 9;
     |           ^^^^^^^^^^^^^^^ help: convert the identifier to upper case: `DX1_U118_D_MINL`

warning: constant `dx1_u118_O_A_HSR` should have an upper case name
    --> /home/runner/work/Miner/Miner/references/round18-public-584/parse.rs:4186:11
     |
4186 | pub const dx1_u118_O_A_HSR: u64 = 48;
     |           ^^^^^^^^^^^^^^^^ help: convert the identifier to upper case: `DX1_U118_O_A_HSR`

warning: constant `dx1_u118_O_A_IH` should have an upper case name
    --> /home/runner/work/Miner/Miner/references/round18-public-584/parse.rs:4187:11
     |
4187 | pub const dx1_u118_O_A_IH: [usize; 8] = [2, 3, 8, 10, 8, 8, 12, 10];
     |           ^^^^^^^^^^^^^^^ help: convert the identifier to upper case: `DX1_U118_O_A_IH`

warning: constant `dx1_u118_O_A_IT` should have an upper case name
    --> /home/runner/work/Miner/Miner/references/round18-public-584/parse.rs:4188:11
     |
4188 | pub const dx1_u118_O_A_IT: [usize; 8] = [12, 12, 32, 256, 32, 32, 64, 256];
     |           ^^^^^^^^^^^^^^^ help: convert the identifier to upper case: `DX1_U118_O_A_IT`

warning: constant `dx1_u118_O_A_TS` should have an upper case name
    --> /home/runner/work/Miner/Miner/references/round18-public-584/parse.rs:4189:11
     |
4189 | pub const dx1_u118_O_A_TS: [usize; 8] = [12, 12, 8, 8, 8, 8, 8, 8];
     |           ^^^^^^^^^^^^^^^ help: convert the identifier to upper case: `DX1_U118_O_A_TS`

warning: constant `dx1_u118_O_A_TL` should have an upper case name
    --> /home/runner/work/Miner/Miner/references/round18-public-584/parse.rs:4190:11
     |
4190 | pub const dx1_u118_O_A_TL: usize = 0;
     |           ^^^^^^^^^^^^^^^ help: convert the identifier to upper case: `DX1_U118_O_A_TL`

warning: constant `dx1_u118_O_A_ACC` should have an upper case name
    --> /home/runner/work/Miner/Miner/references/round18-public-584/parse.rs:4191:11
     |
4191 | pub const dx1_u118_O_A_ACC: [u64; 8] = [4, 4, 4, 5, 4, 4, 5, 5];
     |           ^^^^^^^^^^^^^^^^ help: convert the identifier to upper case: `DX1_U118_O_A_ACC`

warning: constant `dx1_u118_O_A_AMAX` should have an upper case name
    --> /home/runner/work/Miner/Miner/references/round18-public-584/parse.rs:4192:11
     |
4192 | pub const dx1_u118_O_A_AMAX: usize = 64;
     |           ^^^^^^^^^^^^^^^^^ help: convert the identifier to upper case: `DX1_U118_O_A_AMAX`

warning: constant `dx1_u118_O_A_MINL` should have an upper case name
    --> /home/runner/work/Miner/Miner/references/round18-public-584/parse.rs:4193:11
     |
4193 | pub const dx1_u118_O_A_MINL: usize = 4;
     |           ^^^^^^^^^^^^^^^^^ help: convert the identifier to upper case: `DX1_U118_O_A_MINL`

warning: constant `dx1_u118_O_A_BEXT` should have an upper case name
    --> /home/runner/work/Miner/Miner/references/round18-public-584/parse.rs:4194:11
     |
4194 | pub const dx1_u118_O_A_BEXT: usize = 0;
     |           ^^^^^^^^^^^^^^^^^ help: convert the identifier to upper case: `DX1_U118_O_A_BEXT`

warning: constant `dx1_u118_O_A_LZT` should have an upper case name
    --> /home/runner/work/Miner/Miner/references/round18-public-584/parse.rs:4195:11
     |
4195 | pub const dx1_u118_O_A_LZT: [usize; 8] = [0, 0, 0, 16, 8, 16, 16, 32];
     |           ^^^^^^^^^^^^^^^^ help: convert the identifier to upper case: `DX1_U118_O_A_LZT`

warning: constant `dx1_u118_O_A_LZM` should have an upper case name
    --> /home/runner/work/Miner/Miner/references/round18-public-584/parse.rs:4196:11
     |
4196 | pub const dx1_u118_O_A_LZM: usize = 2;
     |           ^^^^^^^^^^^^^^^^ help: convert the identifier to upper case: `DX1_U118_O_A_LZM`

warning: constant `dx1_u118_O_A_LZN` should have an upper case name
    --> /home/runner/work/Miner/Miner/references/round18-public-584/parse.rs:4197:11
     |
4197 | pub const dx1_u118_O_A_LZN: usize = 1;
     |           ^^^^^^^^^^^^^^^^ help: convert the identifier to upper case: `DX1_U118_O_A_LZN`

warning: constant `dx1_u118_O_A_SLQ` should have an upper case name
    --> /home/runner/work/Miner/Miner/references/round18-public-584/parse.rs:4198:11
     |
4198 | pub const dx1_u118_O_A_SLQ: usize = 28;
     |           ^^^^^^^^^^^^^^^^ help: convert the identifier to upper case: `DX1_U118_O_A_SLQ`

warning: constant `dx1_u118_O_A_SC0` should have an upper case name
    --> /home/runner/work/Miner/Miner/references/round18-public-584/parse.rs:4199:11
     |
4199 | pub const dx1_u118_O_A_SC0: usize = 44;
     |           ^^^^^^^^^^^^^^^^ help: convert the identifier to upper case: `DX1_U118_O_A_SC0`

warning: constant `dx1_u118_O_A_GTHR` should have an upper case name
    --> /home/runner/work/Miner/Miner/references/round18-public-584/parse.rs:4200:11
     |
4200 | pub const dx1_u118_O_A_GTHR: usize = 900;
     |           ^^^^^^^^^^^^^^^^^ help: convert the identifier to upper case: `DX1_U118_O_A_GTHR`

warning: constant `dx1_u118_O_A_CTLLO` should have an upper case name
    --> /home/runner/work/Miner/Miner/references/round18-public-584/parse.rs:4201:11
     |
4201 | pub const dx1_u118_O_A_CTLLO: usize = 100;
     |           ^^^^^^^^^^^^^^^^^^ help: convert the identifier to upper case: `DX1_U118_O_A_CTLLO`

warning: constant `dx1_u118_O_A_HIMAX` should have an upper case name
    --> /home/runner/work/Miner/Miner/references/round18-public-584/parse.rs:4202:11
     |
4202 | pub const dx1_u118_O_A_HIMAX: usize = 300;
     |           ^^^^^^^^^^^^^^^^^^ help: convert the identifier to upper case: `DX1_U118_O_A_HIMAX`

warning: constant `dx1_u118_O_A_FL_DNA_THR` should have an upper case name
    --> /home/runner/work/Miner/Miner/references/round18-public-584/parse.rs:4203:11
     |
4203 | pub const dx1_u118_O_A_FL_DNA_THR: u32 = 64;
     |           ^^^^^^^^^^^^^^^^^^^^^^^ help: convert the identifier to upper case: `DX1_U118_O_A_FL_DNA_THR`

warning: constant `dx1_u118_O_A_FL_DNA_M0` should have an upper case name
    --> /home/runner/work/Miner/Miner/references/round18-public-584/parse.rs:4204:11
     |
4204 | pub const dx1_u118_O_A_FL_DNA_M0: usize = 12;
     |           ^^^^^^^^^^^^^^^^^^^^^^ help: convert the identifier to upper case: `DX1_U118_O_A_FL_DNA_M0`

warning: constant `dx1_u118_O_A_FL_CMAX` should have an upper case name
    --> /home/runner/work/Miner/Miner/references/round18-public-584/parse.rs:4205:11
     |
4205 | pub const dx1_u118_O_A_FL_CMAX: u32 = 192;
     |           ^^^^^^^^^^^^^^^^^^^^ help: convert the identifier to upper case: `DX1_U118_O_A_FL_CMAX`

warning: constant `dx1_u118_O_A_SMALLN` should have an upper case name
    --> /home/runner/work/Miner/Miner/references/round18-public-584/parse.rs:4206:11
     |
4206 | pub const dx1_u118_O_A_SMALLN: usize = 65536;
     |           ^^^^^^^^^^^^^^^^^^^ help: convert the identifier to upper case: `DX1_U118_O_A_SMALLN`

warning: constant `dx1_u118_O_A_FL_LITQ` should have an upper case name
    --> /home/runner/work/Miner/Miner/references/round18-public-584/parse.rs:4207:11
     |
4207 | pub const dx1_u118_O_A_FL_LITQ: usize = 32;
     |           ^^^^^^^^^^^^^^^^^^^^ help: convert the identifier to upper case: `DX1_U118_O_A_FL_LITQ`

warning: constant `dx1_u118_O_A_MINL3` should have an upper case name
    --> /home/runner/work/Miner/Miner/references/round18-public-584/parse.rs:4208:11
     |
4208 | pub const dx1_u118_O_A_MINL3: usize = 3;
     |           ^^^^^^^^^^^^^^^^^^ help: convert the identifier to upper case: `DX1_U118_O_A_MINL3`

warning: constant `dx1_u118_Y_A_IH` should have an upper case name
    --> /home/runner/work/Miner/Miner/references/round18-public-584/parse.rs:4209:11
     |
4209 | pub const dx1_u118_Y_A_IH: [usize; 8] = [8, 10, 10, 10, 10, 10, 10, 10];
     |           ^^^^^^^^^^^^^^^ help: convert the identifier to upper case: `DX1_U118_Y_A_IH`

warning: constant `dx1_u118_Y_A_IT` should have an upper case name
    --> /home/runner/work/Miner/Miner/references/round18-public-584/parse.rs:4210:11
     |
4210 | pub const dx1_u118_Y_A_IT: [usize; 8] = [32, 256, 256, 256, 256, 256, 256, 256];
     |           ^^^^^^^^^^^^^^^ help: convert the identifier to upper case: `DX1_U118_Y_A_IT`

warning: constant `dx1_u118_Y_A_TS` should have an upper case name
    --> /home/runner/work/Miner/Miner/references/round18-public-584/parse.rs:4211:11
     |
4211 | pub const dx1_u118_Y_A_TS: [usize; 8] = [8, 8, 8, 8, 8, 8, 8, 8];
     |           ^^^^^^^^^^^^^^^ help: convert the identifier to upper case: `DX1_U118_Y_A_TS`

warning: constant `dx1_u118_Y_A_ACC` should have an upper case name
    --> /home/runner/work/Miner/Miner/references/round18-public-584/parse.rs:4212:11
     |
4212 | pub const dx1_u118_Y_A_ACC: [u64; 8] = [4, 5, 5, 5, 5, 5, 5, 5];
     |           ^^^^^^^^^^^^^^^^ help: convert the identifier to upper case: `DX1_U118_Y_A_ACC`

warning: constant `dx1_u118_Y_A_LZT` should have an upper case name
    --> /home/runner/work/Miner/Miner/references/round18-public-584/parse.rs:4213:11
     |
4213 | pub const dx1_u118_Y_A_LZT: [usize; 8] = [0, 16, 32, 32, 32, 32, 32, 32];
     |           ^^^^^^^^^^^^^^^^ help: convert the identifier to upper case: `DX1_U118_Y_A_LZT`

warning: constant `dx1_u118_Y_B_LAZY` should have an upper case name
    --> /home/runner/work/Miner/Miner/references/round18-public-584/parse.rs:4214:11
     |
4214 | pub const dx1_u118_Y_B_LAZY: [usize; 8] = [544, 544, 1056, 544, 544, 544, 544, 544];
     |           ^^^^^^^^^^^^^^^^^ help: convert the identifier to upper case: `DX1_U118_Y_B_LAZY`

warning: constant `dx1_u118_Y_B_NICE` should have an upper case name
    --> /home/runner/work/Miner/Miner/references/round18-public-584/parse.rs:4215:11
     |
4215 | pub const dx1_u118_Y_B_NICE: usize = 258;
     |           ^^^^^^^^^^^^^^^^^ help: convert the identifier to upper case: `DX1_U118_Y_B_NICE`

warning: constant `dx1_u118_Y_B_IH` should have an upper case name
    --> /home/runner/work/Miner/Miner/references/round18-public-584/parse.rs:4216:11
     |
4216 | pub const dx1_u118_Y_B_IH: usize = 258;
     |           ^^^^^^^^^^^^^^^ help: convert the identifier to upper case: `DX1_U118_Y_B_IH`

warning: constant `dx1_u118_Y_B_IT` should have an upper case name
    --> /home/runner/work/Miner/Miner/references/round18-public-584/parse.rs:4217:11
     |
4217 | pub const dx1_u118_Y_B_IT: usize = 64;
     |           ^^^^^^^^^^^^^^^ help: convert the identifier to upper case: `DX1_U118_Y_B_IT`

warning: constant `dx1_u118_Y_B_LITQ` should have an upper case name
    --> /home/runner/work/Miner/Miner/references/round18-public-584/parse.rs:4218:11
     |
4218 | pub const dx1_u118_Y_B_LITQ: [usize; 8] = [28, 28, 28, 28, 28, 28, 28, 28];
     |           ^^^^^^^^^^^^^^^^^ help: convert the identifier to upper case: `DX1_U118_Y_B_LITQ`

warning: constant `dx1_u118_Y_B_M3` should have an upper case name
    --> /home/runner/work/Miner/Miner/references/round18-public-584/parse.rs:4219:11
     |
4219 | pub const dx1_u118_Y_B_M3: [usize; 8] = [0, 0, 0, 0, 0, 0, 0, 0];
     |           ^^^^^^^^^^^^^^^ help: convert the identifier to upper case: `DX1_U118_Y_B_M3`

warning: constant `dx1_u118_Y_B_DIGN` should have an upper case name
    --> /home/runner/work/Miner/Miner/references/round18-public-584/parse.rs:4220:11
     |
4220 | pub const dx1_u118_Y_B_DIGN: [usize; 8] = [200, 200, 200, 200, 200, 200, 200, 200];
     |           ^^^^^^^^^^^^^^^^^ help: convert the identifier to upper case: `DX1_U118_Y_B_DIGN`

warning: constant `dx1_u118_Y_B_BIAS` should have an upper case name
    --> /home/runner/work/Miner/Miner/references/round18-public-584/parse.rs:4221:11
     |
4221 | pub const dx1_u118_Y_B_BIAS: usize = 4096;
     |           ^^^^^^^^^^^^^^^^^ help: convert the identifier to upper case: `DX1_U118_Y_B_BIAS`

warning: constant `dx1_u118_Y_B_FL_PCH` should have an upper case name
    --> /home/runner/work/Miner/Miner/references/round18-public-584/parse.rs:4286:11
     |
4286 | pub const dx1_u118_Y_B_FL_PCH: usize = 256;
     |           ^^^^^^^^^^^^^^^^^^^ help: convert the identifier to upper case: `DX1_U118_Y_B_FL_PCH`

warning: constant `dx1_u118_Y_B_FL_DNA_THR` should have an upper case name
    --> /home/runner/work/Miner/Miner/references/round18-public-584/parse.rs:4287:11
     |
4287 | pub const dx1_u118_Y_B_FL_DNA_THR: u32 = 64;
     |           ^^^^^^^^^^^^^^^^^^^^^^^ help: convert the identifier to upper case: `DX1_U118_Y_B_FL_DNA_THR`

warning: constant `dx1_u118_Y_B_FL_DNA_M0` should have an upper case name
    --> /home/runner/work/Miner/Miner/references/round18-public-584/parse.rs:4288:11
     |
4288 | pub const dx1_u118_Y_B_FL_DNA_M0: usize = 12;
     |           ^^^^^^^^^^^^^^^^^^^^^^ help: convert the identifier to upper case: `DX1_U118_Y_B_FL_DNA_M0`

warning: constant `dx1_u118_Y_B_FL_CMAX` should have an upper case name
    --> /home/runner/work/Miner/Miner/references/round18-public-584/parse.rs:4289:11
     |
4289 | pub const dx1_u118_Y_B_FL_CMAX: u32 = 192;
     |           ^^^^^^^^^^^^^^^^^^^^ help: convert the identifier to upper case: `DX1_U118_Y_B_FL_CMAX`

warning: constant `dx1_u118_Y_B_FL_LITQ` should have an upper case name
    --> /home/runner/work/Miner/Miner/references/round18-public-584/parse.rs:4290:11
     |
4290 | pub const dx1_u118_Y_B_FL_LITQ: [usize; 8] = [32, 32, 32, 32, 32, 32, 32, 32];
     |           ^^^^^^^^^^^^^^^^^^^^ help: convert the identifier to upper case: `DX1_U118_Y_B_FL_LITQ`

warning: constant `dx1_u118_FX0_SMALL` should have an upper case name
    --> /home/runner/work/Miner/Miner/references/round18-public-584/parse.rs:4291:11
     |
4291 | pub const dx1_u118_FX0_SMALL: usize = 65536;
     |           ^^^^^^^^^^^^^^^^^^ help: convert the identifier to upper case: `DX1_U118_FX0_SMALL`

warning: constant `dx1_u118_FX0_HS` should have an upper case name
    --> /home/runner/work/Miner/Miner/references/round18-public-584/parse.rs:4292:11
     |
4292 | pub const dx1_u118_FX0_HS: usize = 4096;
     |           ^^^^^^^^^^^^^^^ help: convert the identifier to upper case: `DX1_U118_FX0_HS`

warning: constant `dx1_u118_FX0_WS` should have an upper case name
    --> /home/runner/work/Miner/Miner/references/round18-public-584/parse.rs:4293:11
     |
4293 | pub const dx1_u118_FX0_WS: usize = 16384;
     |           ^^^^^^^^^^^^^^^ help: convert the identifier to upper case: `DX1_U118_FX0_WS`

warning: constant `dx1_u118_FX0_STRIDE` should have an upper case name
    --> /home/runner/work/Miner/Miner/references/round18-public-584/parse.rs:4294:11
     |
4294 | pub const dx1_u118_FX0_STRIDE: usize = 0;
     |           ^^^^^^^^^^^^^^^^^^^ help: convert the identifier to upper case: `DX1_U118_FX0_STRIDE`

warning: constant `dx1_u118_FX0_SAMPLE` should have an upper case name
    --> /home/runner/work/Miner/Miner/references/round18-public-584/parse.rs:4295:11
     |
4295 | pub const dx1_u118_FX0_SAMPLE: usize = 2048;
     |           ^^^^^^^^^^^^^^^^^^^ help: convert the identifier to upper case: `DX1_U118_FX0_SAMPLE`

warning: constant `dx1_u118_FX0_VERIFY` should have an upper case name
    --> /home/runner/work/Miner/Miner/references/round18-public-584/parse.rs:4296:11
     |
4296 | pub const dx1_u118_FX0_VERIFY: usize = 0;
     |           ^^^^^^^^^^^^^^^^^^^ help: convert the identifier to upper case: `DX1_U118_FX0_VERIFY`

warning: constant `dx1_u118_FX0_LSLACK` should have an upper case name
    --> /home/runner/work/Miner/Miner/references/round18-public-584/parse.rs:4297:11
     |
4297 | pub const dx1_u118_FX0_LSLACK: usize = 1;
     |           ^^^^^^^^^^^^^^^^^^^ help: convert the identifier to upper case: `DX1_U118_FX0_LSLACK`

warning: constant `dx1_u118_FX0_HLIT` should have an upper case name
    --> /home/runner/work/Miner/Miner/references/round18-public-584/parse.rs:4298:11
     |
4298 | pub const dx1_u118_FX0_HLIT: u32 = 80;
     |           ^^^^^^^^^^^^^^^^^ help: convert the identifier to upper case: `DX1_U118_FX0_HLIT`

warning: constant `dx1_u118_FX0_GBASE` should have an upper case name
    --> /home/runner/work/Miner/Miner/references/round18-public-584/parse.rs:4299:11
     |
4299 | pub const dx1_u118_FX0_GBASE: i32 = 168;
     |           ^^^^^^^^^^^^^^^^^^ help: convert the identifier to upper case: `DX1_U118_FX0_GBASE`

warning: constant `dx1_u118_FX0_SDIG` should have an upper case name
    --> /home/runner/work/Miner/Miner/references/round18-public-584/parse.rs:4300:11
     |
4300 | pub const dx1_u118_FX0_SDIG: u32 = 6;
     |           ^^^^^^^^^^^^^^^^^ help: convert the identifier to upper case: `DX1_U118_FX0_SDIG`

warning: constant `dx1_u118_FX0_S_DEPTH` should have an upper case name
    --> /home/runner/work/Miner/Miner/references/round18-public-584/parse.rs:4301:11
     |
4301 | pub const dx1_u118_FX0_S_DEPTH: usize = 1;
     |           ^^^^^^^^^^^^^^^^^^^^ help: convert the identifier to upper case: `DX1_U118_FX0_S_DEPTH`

warning: constant `dx1_u118_FX0_S_LDEPTH` should have an upper case name
    --> /home/runner/work/Miner/Miner/references/round18-public-584/parse.rs:4302:11
     |
4302 | pub const dx1_u118_FX0_S_LDEPTH: usize = 1;
     |           ^^^^^^^^^^^^^^^^^^^^^ help: convert the identifier to upper case: `DX1_U118_FX0_S_LDEPTH`

warning: constant `dx1_u118_FX0_S_LAZY` should have an upper case name
    --> /home/runner/work/Miner/Miner/references/round18-public-584/parse.rs:4303:11
     |
4303 | pub const dx1_u118_FX0_S_LAZY: usize = 258;
     |           ^^^^^^^^^^^^^^^^^^^ help: convert the identifier to upper case: `DX1_U118_FX0_S_LAZY`

warning: constant `dx1_x_SMALL` should have an upper case name
    --> /home/runner/work/Miner/Miner/references/round18-public-584/parse.rs:4304:11
     |
4304 | pub const dx1_x_SMALL: usize = 65536;
     |           ^^^^^^^^^^^ help: convert the identifier to upper case: `DX1_X_SMALL`

warning: constant `dx1_x_HS` should have an upper case name
    --> /home/runner/work/Miner/Miner/references/round18-public-584/parse.rs:4305:11
     |
4305 | pub const dx1_x_HS: usize = 4096;
     |           ^^^^^^^^ help: convert the identifier to upper case: `DX1_X_HS`

warning: constant `dx1_x_WS` should have an upper case name
    --> /home/runner/work/Miner/Miner/references/round18-public-584/parse.rs:4306:11
     |
4306 | pub const dx1_x_WS: usize = 16384;
     |           ^^^^^^^^ help: convert the identifier to upper case: `DX1_X_WS`

warning: constant `dx1_x_INS_MAX` should have an upper case name
    --> /home/runner/work/Miner/Miner/references/round18-public-584/parse.rs:4307:11
     |
4307 | pub const dx1_x_INS_MAX: usize = 2;
     |           ^^^^^^^^^^^^^ help: convert the identifier to upper case: `DX1_X_INS_MAX`

warning: constant `dx1_x_TAIL` should have an upper case name
    --> /home/runner/work/Miner/Miner/references/round18-public-584/parse.rs:4308:11
     |
4308 | pub const dx1_x_TAIL: usize = 1;
     |           ^^^^^^^^^^ help: convert the identifier to upper case: `DX1_X_TAIL`

warning: constant `dx1_x_STRIDE` should have an upper case name
    --> /home/runner/work/Miner/Miner/references/round18-public-584/parse.rs:4309:11
     |
4309 | pub const dx1_x_STRIDE: usize = 0;
     |           ^^^^^^^^^^^^ help: convert the identifier to upper case: `DX1_X_STRIDE`

warning: constant `dx1_x_SAMPLE` should have an upper case name
    --> /home/runner/work/Miner/Miner/references/round18-public-584/parse.rs:4310:11
     |
4310 | pub const dx1_x_SAMPLE: usize = 2048;
     |           ^^^^^^^^^^^^ help: convert the identifier to upper case: `DX1_X_SAMPLE`

warning: constant `dx1_x_VERIFY` should have an upper case name
    --> /home/runner/work/Miner/Miner/references/round18-public-584/parse.rs:4311:11
     |
4311 | pub const dx1_x_VERIFY: usize = 0;
     |           ^^^^^^^^^^^^ help: convert the identifier to upper case: `DX1_X_VERIFY`

warning: constant `dx1_x_LSLACK` should have an upper case name
    --> /home/runner/work/Miner/Miner/references/round18-public-584/parse.rs:4312:11
     |
4312 | pub const dx1_x_LSLACK: usize = 1;
     |           ^^^^^^^^^^^^ help: convert the identifier to upper case: `DX1_X_LSLACK`

warning: constant `dx1_x_HLIT` should have an upper case name
    --> /home/runner/work/Miner/Miner/references/round18-public-584/parse.rs:4313:11
     |
4313 | pub const dx1_x_HLIT: u32 = 80;
     |           ^^^^^^^^^^ help: convert the identifier to upper case: `DX1_X_HLIT`

warning: constant `dx1_x_GBASE` should have an upper case name
    --> /home/runner/work/Miner/Miner/references/round18-public-584/parse.rs:4314:11
     |
4314 | pub const dx1_x_GBASE: i32 = 168;
     |           ^^^^^^^^^^^ help: convert the identifier to upper case: `DX1_X_GBASE`

warning: constant `dx1_x_SDIG` should have an upper case name
    --> /home/runner/work/Miner/Miner/references/round18-public-584/parse.rs:4315:11
     |
4315 | pub const dx1_x_SDIG: u32 = 6;
     |           ^^^^^^^^^^ help: convert the identifier to upper case: `DX1_X_SDIG`

warning: constant `dx1_x_S_DEPTH` should have an upper case name
    --> /home/runner/work/Miner/Miner/references/round18-public-584/parse.rs:4316:11
     |
4316 | pub const dx1_x_S_DEPTH: usize = 1;
     |           ^^^^^^^^^^^^^ help: convert the identifier to upper case: `DX1_X_S_DEPTH`

warning: constant `dx1_x_S_LDEPTH` should have an upper case name
    --> /home/runner/work/Miner/Miner/references/round18-public-584/parse.rs:4317:11
     |
4317 | pub const dx1_x_S_LDEPTH: usize = 1;
     |           ^^^^^^^^^^^^^^ help: convert the identifier to upper case: `DX1_X_S_LDEPTH`

warning: constant `dx1_x_S_LAZY` should have an upper case name
    --> /home/runner/work/Miner/Miner/references/round18-public-584/parse.rs:4318:11
     |
4318 | pub const dx1_x_S_LAZY: usize = 258;
     |           ^^^^^^^^^^^^ help: convert the identifier to upper case: `DX1_X_S_LAZY`

warning: constant `dx1_x_R1_ON` should have an upper case name
    --> /home/runner/work/Miner/Miner/references/round18-public-584/parse.rs:4319:11
     |
4319 | pub const dx1_x_R1_ON: usize = 1;
     |           ^^^^^^^^^^^ help: convert the identifier to upper case: `DX1_X_R1_ON`

warning: constant `dx1_x_ST_ON` should have an upper case name
    --> /home/runner/work/Miner/Miner/references/round18-public-584/parse.rs:4320:11
     |
4320 | pub const dx1_x_ST_ON: usize = 1;
     |           ^^^^^^^^^^^ help: convert the identifier to upper case: `DX1_X_ST_ON`

warning: constant `dx1_x_ST_MIN` should have an upper case name
    --> /home/runner/work/Miner/Miner/references/round18-public-584/parse.rs:4321:11
     |
4321 | pub const dx1_x_ST_MIN: usize = 65536;
     |           ^^^^^^^^^^^^ help: convert the identifier to upper case: `DX1_X_ST_MIN`

warning: constant `dx1_x_ST_SAMPLE` should have an upper case name
    --> /home/runner/work/Miner/Miner/references/round18-public-584/parse.rs:4322:11
     |
4322 | pub const dx1_x_ST_SAMPLE: usize = 4096;
     |           ^^^^^^^^^^^^^^^ help: convert the identifier to upper case: `DX1_X_ST_SAMPLE`

warning: constant `dx1_x_ST_FEW` should have an upper case name
    --> /home/runner/work/Miner/Miner/references/round18-public-584/parse.rs:4323:11
     |
4323 | pub const dx1_x_ST_FEW: usize = 32;
     |           ^^^^^^^^^^^^ help: convert the identifier to upper case: `DX1_X_ST_FEW`

warning: constant `dx1_x_ST_MANY` should have an upper case name
    --> /home/runner/work/Miner/Miner/references/round18-public-584/parse.rs:4324:11
     |
4324 | pub const dx1_x_ST_MANY: usize = 160;
     |           ^^^^^^^^^^^^^ help: convert the identifier to upper case: `DX1_X_ST_MANY`

warning: constant `dx1_x_ST_HB` should have an upper case name
    --> /home/runner/work/Miner/Miner/references/round18-public-584/parse.rs:4325:11
     |
4325 | pub const dx1_x_ST_HB: u32 = 17;
     |           ^^^^^^^^^^^ help: convert the identifier to upper case: `DX1_X_ST_HB`

warning: constant `dx1_x_ST_HN` should have an upper case name
    --> /home/runner/work/Miner/Miner/references/round18-public-584/parse.rs:4326:11
     |
4326 | pub const dx1_x_ST_HN: usize = 131072;
     |           ^^^^^^^^^^^ help: convert the identifier to upper case: `DX1_X_ST_HN`

warning: constant `dx1_x_ST_DMAX` should have an upper case name
    --> /home/runner/work/Miner/Miner/references/round18-public-584/parse.rs:4327:11
     |
4327 | pub const dx1_x_ST_DMAX: usize = 32768;
     |           ^^^^^^^^^^^^^ help: convert the identifier to upper case: `DX1_X_ST_DMAX`

warning: constant `dx1_x_TF_N` should have an upper case name
    --> /home/runner/work/Miner/Miner/references/round18-public-584/parse.rs:4328:11
     |
4328 | pub const dx1_x_TF_N: usize = 65536;
     |           ^^^^^^^^^^ help: convert the identifier to upper case: `DX1_X_TF_N`

warning: constant `dx1_x_TF_TEXT` should have an upper case name
    --> /home/runner/work/Miner/Miner/references/round18-public-584/parse.rs:4329:11
     |
4329 | pub const dx1_x_TF_TEXT: usize = 1;
     |           ^^^^^^^^^^^^^ help: convert the identifier to upper case: `DX1_X_TF_TEXT`

warning: constant `dx1_x_TF_TKIND` should have an upper case name
    --> /home/runner/work/Miner/Miner/references/round18-public-584/parse.rs:4330:11
     |
4330 | pub const dx1_x_TF_TKIND: usize = 1;
     |           ^^^^^^^^^^^^^^ help: convert the identifier to upper case: `DX1_X_TF_TKIND`

warning: constant `dx1_x_TF_SAMPLE` should have an upper case name
    --> /home/runner/work/Miner/Miner/references/round18-public-584/parse.rs:4331:11
     |
4331 | pub const dx1_x_TF_SAMPLE: usize = 256;
     |           ^^^^^^^^^^^^^^^ help: convert the identifier to upper case: `DX1_X_TF_SAMPLE`

warning: constant `dx1_x_TF_SDIG` should have an upper case name
    --> /home/runner/work/Miner/Miner/references/round18-public-584/parse.rs:4332:11
     |
4332 | pub const dx1_x_TF_SDIG: u32 = 6;
     |           ^^^^^^^^^^^^^ help: convert the identifier to upper case: `DX1_X_TF_SDIG`

warning: constant `dx1_x_TF_HB` should have an upper case name
    --> /home/runner/work/Miner/Miner/references/round18-public-584/parse.rs:4333:11
     |
4333 | pub const dx1_x_TF_HB: u32 = 12;
     |           ^^^^^^^^^^^ help: convert the identifier to upper case: `DX1_X_TF_HB`

warning: constant `dx1_x_TF_HN` should have an upper case name
    --> /home/runner/work/Miner/Miner/references/round18-public-584/parse.rs:4334:11
     |
4334 | pub const dx1_x_TF_HN: usize = 4096;
     |           ^^^^^^^^^^^ help: convert the identifier to upper case: `DX1_X_TF_HN`

warning: constant `dx1_x_TF_WN` should have an upper case name
    --> /home/runner/work/Miner/Miner/references/round18-public-584/parse.rs:4335:11
     |
4335 | pub const dx1_x_TF_WN: usize = 16384;
     |           ^^^^^^^^^^^ help: convert the identifier to upper case: `DX1_X_TF_WN`

warning: constant `dx1_x_TF_BDEPTH` should have an upper case name
    --> /home/runner/work/Miner/Miner/references/round18-public-584/parse.rs:4336:11
     |
4336 | pub const dx1_x_TF_BDEPTH: usize = 0;
     |           ^^^^^^^^^^^^^^^ help: convert the identifier to upper case: `DX1_X_TF_BDEPTH`

warning: constant `dx1_x_TF_NICE` should have an upper case name
    --> /home/runner/work/Miner/Miner/references/round18-public-584/parse.rs:4337:11
     |
4337 | pub const dx1_x_TF_NICE: usize = 64;
     |           ^^^^^^^^^^^^^ help: convert the identifier to upper case: `DX1_X_TF_NICE`

warning: constant `dx1_x_TF_SKCAP` should have an upper case name
    --> /home/runner/work/Miner/Miner/references/round18-public-584/parse.rs:4338:11
     |
4338 | pub const dx1_x_TF_SKCAP: usize = 1000000;
     |           ^^^^^^^^^^^^^^ help: convert the identifier to upper case: `DX1_X_TF_SKCAP`

warning: constant `dx1_x_TF_BACK` should have an upper case name
    --> /home/runner/work/Miner/Miner/references/round18-public-584/parse.rs:4339:11
     |
4339 | pub const dx1_x_TF_BACK: usize = 1;
     |           ^^^^^^^^^^^^^ help: convert the identifier to upper case: `DX1_X_TF_BACK`

warning: constant `dx1_x_TF_FOLD` should have an upper case name
    --> /home/runner/work/Miner/Miner/references/round18-public-584/parse.rs:4340:11
     |
4340 | pub const dx1_x_TF_FOLD: usize = 1;
     |           ^^^^^^^^^^^^^ help: convert the identifier to upper case: `DX1_X_TF_FOLD`

warning: constant `dx1_x_TF_RUNSKIP` should have an upper case name
    --> /home/runner/work/Miner/Miner/references/round18-public-584/parse.rs:4341:11
     |
4341 | pub const dx1_x_TF_RUNSKIP: usize = 1;
     |           ^^^^^^^^^^^^^^^^ help: convert the identifier to upper case: `DX1_X_TF_RUNSKIP`

warning: constant `dx1_x_TF_INS` should have an upper case name
    --> /home/runner/work/Miner/Miner/references/round18-public-584/parse.rs:4342:11
     |
4342 | pub const dx1_x_TF_INS: usize = 2;
     |           ^^^^^^^^^^^^ help: convert the identifier to upper case: `DX1_X_TF_INS`

warning: constant `dx1_x_TF_TAIL` should have an upper case name
    --> /home/runner/work/Miner/Miner/references/round18-public-584/parse.rs:4343:11
     |
4343 | pub const dx1_x_TF_TAIL: usize = 1;
     |           ^^^^^^^^^^^^^ help: convert the identifier to upper case: `DX1_X_TF_TAIL`

warning: constant `dx1_x_TF_KL` should have an upper case name
    --> /home/runner/work/Miner/Miner/references/round18-public-584/parse.rs:4344:11
     |
4344 | pub const dx1_x_TF_KL: u32 = 5;
     |           ^^^^^^^^^^^ help: convert the identifier to upper case: `DX1_X_TF_KL`

warning: constant `dx1_x_TF_KD` should have an upper case name
    --> /home/runner/work/Miner/Miner/references/round18-public-584/parse.rs:4345:11
     |
4345 | pub const dx1_x_TF_KD: u32 = 5;
     |           ^^^^^^^^^^^ help: convert the identifier to upper case: `DX1_X_TF_KD`

warning: constant `dx1_x_TF_BKL` should have an upper case name
    --> /home/runner/work/Miner/Miner/references/round18-public-584/parse.rs:4346:11
     |
4346 | pub const dx1_x_TF_BKL: u32 = 3;
     |           ^^^^^^^^^^^^ help: convert the identifier to upper case: `DX1_X_TF_BKL`

warning: constant `dx1_x_TF_BKD` should have an upper case name
    --> /home/runner/work/Miner/Miner/references/round18-public-584/parse.rs:4347:11
     |
4347 | pub const dx1_x_TF_BKD: u32 = 3;
     |           ^^^^^^^^^^^^ help: convert the identifier to upper case: `DX1_X_TF_BKD`

warning: constant `dx1_x_TF_RDEPTH` should have an upper case name
    --> /home/runner/work/Miner/Miner/references/round18-public-584/parse.rs:4348:11
     |
4348 | pub const dx1_x_TF_RDEPTH: usize = 8;
     |           ^^^^^^^^^^^^^^^ help: convert the identifier to upper case: `DX1_X_TF_RDEPTH`

warning: constant `dx1_x_TF_SHIFT` should have an upper case name
    --> /home/runner/work/Miner/Miner/references/round18-public-584/parse.rs:4349:11
     |
4349 | pub const dx1_x_TF_SHIFT: usize = 1;
     |           ^^^^^^^^^^^^^^ help: convert the identifier to upper case: `DX1_X_TF_SHIFT`

warning: constant `dx1_x_TF_DLIT` should have an upper case name
    --> /home/runner/work/Miner/Miner/references/round18-public-584/parse.rs:4350:11
     |
4350 | pub const dx1_x_TF_DLIT: usize = 8;
     |           ^^^^^^^^^^^^^ help: convert the identifier to upper case: `DX1_X_TF_DLIT`

warning: constant `dx1_m_SMALL` should have an upper case name
    --> /home/runner/work/Miner/Miner/references/round18-public-584/parse.rs:4351:11
     |
4351 | pub const dx1_m_SMALL: usize = 65536;
     |           ^^^^^^^^^^^ help: convert the identifier to upper case: `DX1_M_SMALL`

warning: constant `dx1_m_HS` should have an upper case name
    --> /home/runner/work/Miner/Miner/references/round18-public-584/parse.rs:4352:11
     |
4352 | pub const dx1_m_HS: usize = 8192;
     |           ^^^^^^^^ help: convert the identifier to upper case: `DX1_M_HS`

warning: constant `dx1_m_WS` should have an upper case name
    --> /home/runner/work/Miner/Miner/references/round18-public-584/parse.rs:4353:11
     |
4353 | pub const dx1_m_WS: usize = 16384;
     |           ^^^^^^^^ help: convert the identifier to upper case: `DX1_M_WS`

warning: constant `dx1_m_NICE` should have an upper case name
    --> /home/runner/work/Miner/Miner/references/round18-public-584/parse.rs:4354:11
     |
4354 | pub const dx1_m_NICE: usize = 128;
     |           ^^^^^^^^^^ help: convert the identifier to upper case: `DX1_M_NICE`

warning: constant `dx1_m_INS_MAX` should have an upper case name
    --> /home/runner/work/Miner/Miner/references/round18-public-584/parse.rs:4355:11
     |
4355 | pub const dx1_m_INS_MAX: usize = 16;
     |           ^^^^^^^^^^^^^ help: convert the identifier to upper case: `DX1_M_INS_MAX`

warning: constant `dx1_m_TAIL` should have an upper case name
    --> /home/runner/work/Miner/Miner/references/round18-public-584/parse.rs:4356:11
     |
4356 | pub const dx1_m_TAIL: usize = 1;
     |           ^^^^^^^^^^ help: convert the identifier to upper case: `DX1_M_TAIL`

warning: constant `dx1_m_STRIDE` should have an upper case name
    --> /home/runner/work/Miner/Miner/references/round18-public-584/parse.rs:4357:11
     |
4357 | pub const dx1_m_STRIDE: usize = 4;
     |           ^^^^^^^^^^^^ help: convert the identifier to upper case: `DX1_M_STRIDE`

warning: constant `dx1_m_LDEPTH` should have an upper case name
    --> /home/runner/work/Miner/Miner/references/round18-public-584/parse.rs:4358:11
     |
4358 | pub const dx1_m_LDEPTH: usize = 1;
     |           ^^^^^^^^^^^^ help: convert the identifier to upper case: `DX1_M_LDEPTH`

warning: constant `dx1_m_SAMPLE` should have an upper case name
    --> /home/runner/work/Miner/Miner/references/round18-public-584/parse.rs:4359:11
     |
4359 | pub const dx1_m_SAMPLE: usize = 2048;
     |           ^^^^^^^^^^^^ help: convert the identifier to upper case: `DX1_M_SAMPLE`

warning: constant `dx1_m_VERIFY` should have an upper case name
    --> /home/runner/work/Miner/Miner/references/round18-public-584/parse.rs:4360:11
     |
4360 | pub const dx1_m_VERIFY: usize = 0;
     |           ^^^^^^^^^^^^ help: convert the identifier to upper case: `DX1_M_VERIFY`

warning: constant `dx1_m_LSLACK` should have an upper case name
    --> /home/runner/work/Miner/Miner/references/round18-public-584/parse.rs:4361:11
     |
4361 | pub const dx1_m_LSLACK: usize = 1;
     |           ^^^^^^^^^^^^ help: convert the identifier to upper case: `DX1_M_LSLACK`

warning: constant `dx1_m_HLIT` should have an upper case name
    --> /home/runner/work/Miner/Miner/references/round18-public-584/parse.rs:4362:11
     |
4362 | pub const dx1_m_HLIT: u32 = 64;
     |           ^^^^^^^^^^ help: convert the identifier to upper case: `DX1_M_HLIT`

warning: constant `dx1_m_GBASE` should have an upper case name
    --> /home/runner/work/Miner/Miner/references/round18-public-584/parse.rs:4363:11
     |
4363 | pub const dx1_m_GBASE: i32 = 168;
     |           ^^^^^^^^^^^ help: convert the identifier to upper case: `DX1_M_GBASE`

warning: constant `dx1_m_SDIG` should have an upper case name
    --> /home/runner/work/Miner/Miner/references/round18-public-584/parse.rs:4364:11
     |
4364 | pub const dx1_m_SDIG: u32 = 6;
     |           ^^^^^^^^^^ help: convert the identifier to upper case: `DX1_M_SDIG`

warning: constant `dx1_m_S_DEPTH` should have an upper case name
    --> /home/runner/work/Miner/Miner/references/round18-public-584/parse.rs:4365:11
     |
4365 | pub const dx1_m_S_DEPTH: usize = 1;
     |           ^^^^^^^^^^^^^ help: convert the identifier to upper case: `DX1_M_S_DEPTH`

warning: constant `dx1_m_S_LDEPTH` should have an upper case name
    --> /home/runner/work/Miner/Miner/references/round18-public-584/parse.rs:4366:11
     |
4366 | pub const dx1_m_S_LDEPTH: usize = 3;
     |           ^^^^^^^^^^^^^^ help: convert the identifier to upper case: `DX1_M_S_LDEPTH`

warning: constant `dx1_m_S_LAZY` should have an upper case name
    --> /home/runner/work/Miner/Miner/references/round18-public-584/parse.rs:4367:11
     |
4367 | pub const dx1_m_S_LAZY: usize = 258;
     |           ^^^^^^^^^^^^ help: convert the identifier to upper case: `DX1_M_S_LAZY`

warning: constant `dx1_m_LAZY2` should have an upper case name
    --> /home/runner/work/Miner/Miner/references/round18-public-584/parse.rs:4368:11
     |
4368 | pub const dx1_m_LAZY2: usize = 0;
     |           ^^^^^^^^^^^ help: convert the identifier to upper case: `DX1_M_LAZY2`

warning: constant `dx1_m_L2B` should have an upper case name
    --> /home/runner/work/Miner/Miner/references/round18-public-584/parse.rs:4369:11
     |
4369 | pub const dx1_m_L2B: i32 = 40;
     |           ^^^^^^^^^ help: convert the identifier to upper case: `DX1_M_L2_B`

warning: constant `dx1_m_L2DEPTH` should have an upper case name
    --> /home/runner/work/Miner/Miner/references/round18-public-584/parse.rs:4370:11
     |
4370 | pub const dx1_m_L2DEPTH: usize = 1;
     |           ^^^^^^^^^^^^^ help: convert the identifier to upper case: `DX1_M_L2_DEPTH`

warning: constant `dx1_m_MAIN_GM` should have an upper case name
    --> /home/runner/work/Miner/Miner/references/round18-public-584/parse.rs:4371:11
     |
4371 | pub const dx1_m_MAIN_GM: usize = 0;
     |           ^^^^^^^^^^^^^ help: convert the identifier to upper case: `DX1_M_MAIN_GM`

warning: constant `dx1_m_PARTIAL` should have an upper case name
    --> /home/runner/work/Miner/Miner/references/round18-public-584/parse.rs:4372:11
     |
4372 | pub const dx1_m_PARTIAL: usize = 0;
     |           ^^^^^^^^^^^^^ help: convert the identifier to upper case: `DX1_M_PARTIAL`

warning: constant `dx1_m_PDEPTH` should have an upper case name
    --> /home/runner/work/Miner/Miner/references/round18-public-584/parse.rs:4373:11
     |
4373 | pub const dx1_m_PDEPTH: usize = 8;
     |           ^^^^^^^^^^^^ help: convert the identifier to upper case: `DX1_M_PDEPTH`

warning: constant `dx1_m_FLAT_DIV` should have an upper case name
    --> /home/runner/work/Miner/Miner/references/round18-public-584/parse.rs:4374:11
     |
4374 | pub const dx1_m_FLAT_DIV: u32 = 16;
     |           ^^^^^^^^^^^^^^ help: convert the identifier to upper case: `DX1_M_FLAT_DIV`

warning: constant `dx1_m_FLAT_SQ` should have an upper case name
    --> /home/runner/work/Miner/Miner/references/round18-public-584/parse.rs:4375:11
     |
4375 | pub const dx1_m_FLAT_SQ: u64 = 256;
     |           ^^^^^^^^^^^^^ help: convert the identifier to upper case: `DX1_M_FLAT_SQ`

warning: constant `dx1_m_D_KEY` should have an upper case name
    --> /home/runner/work/Miner/Miner/references/round18-public-584/parse.rs:4376:11
     |
4376 | pub const dx1_m_D_KEY: u32 = 8;
     |           ^^^^^^^^^^^ help: convert the identifier to upper case: `DX1_M_D_KEY`

warning: constant `dx1_m_D_MINL` should have an upper case name
    --> /home/runner/work/Miner/Miner/references/round18-public-584/parse.rs:4377:11
     |
4377 | pub const dx1_m_D_MINL: usize = 9;
     |           ^^^^^^^^^^^^ help: convert the identifier to upper case: `DX1_M_D_MINL`

warning: constant `dx1_pc_SMALL` should have an upper case name
    --> /home/runner/work/Miner/Miner/references/round18-public-584/parse.rs:4378:11
     |
4378 | pub const dx1_pc_SMALL: usize = 65536;
     |           ^^^^^^^^^^^^ help: convert the identifier to upper case: `DX1_PC_SMALL`

warning: constant `dx1_pc_HS` should have an upper case name
    --> /home/runner/work/Miner/Miner/references/round18-public-584/parse.rs:4379:11
     |
4379 | pub const dx1_pc_HS: usize = 4096;
     |           ^^^^^^^^^ help: convert the identifier to upper case: `DX1_PC_HS`

warning: constant `dx1_pc_WS` should have an upper case name
    --> /home/runner/work/Miner/Miner/references/round18-public-584/parse.rs:4380:11
     |
4380 | pub const dx1_pc_WS: usize = 16384;
     |           ^^^^^^^^^ help: convert the identifier to upper case: `DX1_PC_WS`

warning: constant `dx1_pc_INS_MAX` should have an upper case name
    --> /home/runner/work/Miner/Miner/references/round18-public-584/parse.rs:4381:11
     |
4381 | pub const dx1_pc_INS_MAX: usize = 2;
     |           ^^^^^^^^^^^^^^ help: convert the identifier to upper case: `DX1_PC_INS_MAX`

warning: constant `dx1_pc_TAIL` should have an upper case name
    --> /home/runner/work/Miner/Miner/references/round18-public-584/parse.rs:4382:11
     |
4382 | pub const dx1_pc_TAIL: usize = 1;
     |           ^^^^^^^^^^^ help: convert the identifier to upper case: `DX1_PC_TAIL`

warning: constant `dx1_pc_STRIDE` should have an upper case name
    --> /home/runner/work/Miner/Miner/references/round18-public-584/parse.rs:4383:11
     |
4383 | pub const dx1_pc_STRIDE: usize = 0;
     |           ^^^^^^^^^^^^^ help: convert the identifier to upper case: `DX1_PC_STRIDE`

warning: constant `dx1_pc_BACKTOK` should have an upper case name
    --> /home/runner/work/Miner/Miner/references/round18-public-584/parse.rs:4384:11
     |
4384 | pub const dx1_pc_BACKTOK: usize = 16;
     |           ^^^^^^^^^^^^^^ help: convert the identifier to upper case: `DX1_PC_BACKTOK`

warning: constant `dx1_pc_SAMPLE` should have an upper case name
    --> /home/runner/work/Miner/Miner/references/round18-public-584/parse.rs:4385:11
     |
4385 | pub const dx1_pc_SAMPLE: usize = 2048;
     |           ^^^^^^^^^^^^^ help: convert the identifier to upper case: `DX1_PC_SAMPLE`

warning: constant `dx1_pc_VERIFY` should have an upper case name
    --> /home/runner/work/Miner/Miner/references/round18-public-584/parse.rs:4386:11
     |
4386 | pub const dx1_pc_VERIFY: usize = 0;
     |           ^^^^^^^^^^^^^ help: convert the identifier to upper case: `DX1_PC_VERIFY`

warning: constant `dx1_pc_LSLACK` should have an upper case name
    --> /home/runner/work/Miner/Miner/references/round18-public-584/parse.rs:4387:11
     |
4387 | pub const dx1_pc_LSLACK: usize = 1;
     |           ^^^^^^^^^^^^^ help: convert the identifier to upper case: `DX1_PC_LSLACK`

warning: constant `dx1_pc_HLIT` should have an upper case name
    --> /home/runner/work/Miner/Miner/references/round18-public-584/parse.rs:4388:11
     |
4388 | pub const dx1_pc_HLIT: u32 = 80;
     |           ^^^^^^^^^^^ help: convert the identifier to upper case: `DX1_PC_HLIT`

warning: constant `dx1_pc_GBASE` should have an upper case name
    --> /home/runner/work/Miner/Miner/references/round18-public-584/parse.rs:4389:11
     |
4389 | pub const dx1_pc_GBASE: i32 = 168;
     |           ^^^^^^^^^^^^ help: convert the identifier to upper case: `DX1_PC_GBASE`

warning: constant `dx1_pc_SDIG` should have an upper case name
    --> /home/runner/work/Miner/Miner/references/round18-public-584/parse.rs:4390:11
     |
4390 | pub const dx1_pc_SDIG: u32 = 6;
     |           ^^^^^^^^^^^ help: convert the identifier to upper case: `DX1_PC_SDIG`

warning: constant `dx1_pc_S_DEPTH` should have an upper case name
    --> /home/runner/work/Miner/Miner/references/round18-public-584/parse.rs:4391:11
     |
4391 | pub const dx1_pc_S_DEPTH: usize = 1;
     |           ^^^^^^^^^^^^^^ help: convert the identifier to upper case: `DX1_PC_S_DEPTH`

warning: constant `dx1_pc_S_LDEPTH` should have an upper case name
    --> /home/runner/work/Miner/Miner/references/round18-public-584/parse.rs:4392:11
     |
4392 | pub const dx1_pc_S_LDEPTH: usize = 1;
     |           ^^^^^^^^^^^^^^^ help: convert the identifier to upper case: `DX1_PC_S_LDEPTH`

warning: constant `dx1_pc_S_LAZY` should have an upper case name
    --> /home/runner/work/Miner/Miner/references/round18-public-584/parse.rs:4393:11
     |
4393 | pub const dx1_pc_S_LAZY: usize = 258;
     |           ^^^^^^^^^^^^^ help: convert the identifier to upper case: `DX1_PC_S_LAZY`

warning: constant `dx1_pc_R1_ON` should have an upper case name
    --> /home/runner/work/Miner/Miner/references/round18-public-584/parse.rs:4394:11
     |
4394 | pub const dx1_pc_R1_ON: usize = 1;
     |           ^^^^^^^^^^^^ help: convert the identifier to upper case: `DX1_PC_R1_ON`

warning: constant `dx1_pc_ST_ON` should have an upper case name
    --> /home/runner/work/Miner/Miner/references/round18-public-584/parse.rs:4395:11
     |
4395 | pub const dx1_pc_ST_ON: usize = 1;
     |           ^^^^^^^^^^^^ help: convert the identifier to upper case: `DX1_PC_ST_ON`

warning: constant `dx1_pc_ST_MIN` should have an upper case name
    --> /home/runner/work/Miner/Miner/references/round18-public-584/parse.rs:4396:11
     |
4396 | pub const dx1_pc_ST_MIN: usize = 65536;
     |           ^^^^^^^^^^^^^ help: convert the identifier to upper case: `DX1_PC_ST_MIN`

warning: constant `dx1_pc_ST_SAMPLE` should have an upper case name
    --> /home/runner/work/Miner/Miner/references/round18-public-584/parse.rs:4397:11
     |
4397 | pub const dx1_pc_ST_SAMPLE: usize = 4096;
     |           ^^^^^^^^^^^^^^^^ help: convert the identifier to upper case: `DX1_PC_ST_SAMPLE`

warning: constant `dx1_pc_ST_FEW` should have an upper case name
    --> /home/runner/work/Miner/Miner/references/round18-public-584/parse.rs:4398:11
     |
4398 | pub const dx1_pc_ST_FEW: usize = 32;
     |           ^^^^^^^^^^^^^ help: convert the identifier to upper case: `DX1_PC_ST_FEW`

warning: constant `dx1_pc_ST_MANY` should have an upper case name
    --> /home/runner/work/Miner/Miner/references/round18-public-584/parse.rs:4399:11
     |
4399 | pub const dx1_pc_ST_MANY: usize = 160;
     |           ^^^^^^^^^^^^^^ help: convert the identifier to upper case: `DX1_PC_ST_MANY`

warning: constant `dx1_pc_ST_HB` should have an upper case name
    --> /home/runner/work/Miner/Miner/references/round18-public-584/parse.rs:4400:11
     |
4400 | pub const dx1_pc_ST_HB: u32 = 17;
     |           ^^^^^^^^^^^^ help: convert the identifier to upper case: `DX1_PC_ST_HB`

warning: constant `dx1_pc_ST_HN` should have an upper case name
    --> /home/runner/work/Miner/Miner/references/round18-public-584/parse.rs:4401:11
     |
4401 | pub const dx1_pc_ST_HN: usize = 131072;
     |           ^^^^^^^^^^^^ help: convert the identifier to upper case: `DX1_PC_ST_HN`

warning: constant `dx1_pc_ST_DMAX` should have an upper case name
    --> /home/runner/work/Miner/Miner/references/round18-public-584/parse.rs:4402:11
     |
4402 | pub const dx1_pc_ST_DMAX: usize = 32768;
     |           ^^^^^^^^^^^^^^ help: convert the identifier to upper case: `DX1_PC_ST_DMAX`

warning: constant `dx1_pc_ST_INS` should have an upper case name
    --> /home/runner/work/Miner/Miner/references/round18-public-584/parse.rs:4403:11
     |
4403 | pub const dx1_pc_ST_INS: usize = 258;
     |           ^^^^^^^^^^^^^ help: convert the identifier to upper case: `DX1_PC_ST_INS`

warning: constant `dx1_pc_ST_DMIN` should have an upper case name
    --> /home/runner/work/Miner/Miner/references/round18-public-584/parse.rs:4404:11
     |
4404 | pub const dx1_pc_ST_DMIN: usize = 129;
     |           ^^^^^^^^^^^^^^ help: convert the identifier to upper case: `DX1_PC_ST_DMIN`

warning: constant `dx1_pc_TF_N` should have an upper case name
    --> /home/runner/work/Miner/Miner/references/round18-public-584/parse.rs:4405:11
     |
4405 | pub const dx1_pc_TF_N: usize = 65536;
     |           ^^^^^^^^^^^ help: convert the identifier to upper case: `DX1_PC_TF_N`

warning: constant `dx1_pc_TF_TEXT` should have an upper case name
    --> /home/runner/work/Miner/Miner/references/round18-public-584/parse.rs:4406:11
     |
4406 | pub const dx1_pc_TF_TEXT: usize = 1;
     |           ^^^^^^^^^^^^^^ help: convert the identifier to upper case: `DX1_PC_TF_TEXT`

warning: constant `dx1_pc_TF_TKIND` should have an upper case name
    --> /home/runner/work/Miner/Miner/references/round18-public-584/parse.rs:4407:11
     |
4407 | pub const dx1_pc_TF_TKIND: usize = 1;
     |           ^^^^^^^^^^^^^^^ help: convert the identifier to upper case: `DX1_PC_TF_TKIND`

warning: constant `dx1_pc_TF_SAMPLE` should have an upper case name
    --> /home/runner/work/Miner/Miner/references/round18-public-584/parse.rs:4408:11
     |
4408 | pub const dx1_pc_TF_SAMPLE: usize = 256;
     |           ^^^^^^^^^^^^^^^^ help: convert the identifier to upper case: `DX1_PC_TF_SAMPLE`

warning: constant `dx1_pc_TF_SDIG` should have an upper case name
    --> /home/runner/work/Miner/Miner/references/round18-public-584/parse.rs:4409:11
     |
4409 | pub const dx1_pc_TF_SDIG: u32 = 6;
     |           ^^^^^^^^^^^^^^ help: convert the identifier to upper case: `DX1_PC_TF_SDIG`

warning: constant `dx1_pc_TF_HB` should have an upper case name
    --> /home/runner/work/Miner/Miner/references/round18-public-584/parse.rs:4410:11
     |
4410 | pub const dx1_pc_TF_HB: u32 = 12;
     |           ^^^^^^^^^^^^ help: convert the identifier to upper case: `DX1_PC_TF_HB`

warning: constant `dx1_pc_TF_HN` should have an upper case name
    --> /home/runner/work/Miner/Miner/references/round18-public-584/parse.rs:4411:11
     |
4411 | pub const dx1_pc_TF_HN: usize = 4096;
     |           ^^^^^^^^^^^^ help: convert the identifier to upper case: `DX1_PC_TF_HN`

warning: constant `dx1_pc_TF_WN` should have an upper case name
    --> /home/runner/work/Miner/Miner/references/round18-public-584/parse.rs:4412:11
     |
4412 | pub const dx1_pc_TF_WN: usize = 16384;
     |           ^^^^^^^^^^^^ help: convert the identifier to upper case: `DX1_PC_TF_WN`

warning: constant `dx1_pc_TF_BDEPTH` should have an upper case name
    --> /home/runner/work/Miner/Miner/references/round18-public-584/parse.rs:4413:11
     |
4413 | pub const dx1_pc_TF_BDEPTH: usize = 0;
     |           ^^^^^^^^^^^^^^^^ help: convert the identifier to upper case: `DX1_PC_TF_BDEPTH`

warning: constant `dx1_pc_TF_NICE` should have an upper case name
    --> /home/runner/work/Miner/Miner/references/round18-public-584/parse.rs:4414:11
     |
4414 | pub const dx1_pc_TF_NICE: usize = 64;
     |           ^^^^^^^^^^^^^^ help: convert the identifier to upper case: `DX1_PC_TF_NICE`

warning: constant `dx1_pc_TF_SKCAP` should have an upper case name
    --> /home/runner/work/Miner/Miner/references/round18-public-584/parse.rs:4415:11
     |
4415 | pub const dx1_pc_TF_SKCAP: usize = 1000000;
     |           ^^^^^^^^^^^^^^^ help: convert the identifier to upper case: `DX1_PC_TF_SKCAP`

warning: constant `dx1_pc_TF_BACK` should have an upper case name
    --> /home/runner/work/Miner/Miner/references/round18-public-584/parse.rs:4416:11
     |
4416 | pub const dx1_pc_TF_BACK: usize = 1;
     |           ^^^^^^^^^^^^^^ help: convert the identifier to upper case: `DX1_PC_TF_BACK`

warning: constant `dx1_pc_TF_FOLD` should have an upper case name
    --> /home/runner/work/Miner/Miner/references/round18-public-584/parse.rs:4417:11
     |
4417 | pub const dx1_pc_TF_FOLD: usize = 1;
     |           ^^^^^^^^^^^^^^ help: convert the identifier to upper case: `DX1_PC_TF_FOLD`

warning: constant `dx1_pc_TF_RUNSKIP` should have an upper case name
    --> /home/runner/work/Miner/Miner/references/round18-public-584/parse.rs:4418:11
     |
4418 | pub const dx1_pc_TF_RUNSKIP: usize = 1;
     |           ^^^^^^^^^^^^^^^^^ help: convert the identifier to upper case: `DX1_PC_TF_RUNSKIP`

warning: constant `dx1_pc_TF_INS` should have an upper case name
    --> /home/runner/work/Miner/Miner/references/round18-public-584/parse.rs:4419:11
     |
4419 | pub const dx1_pc_TF_INS: usize = 2;
     |           ^^^^^^^^^^^^^ help: convert the identifier to upper case: `DX1_PC_TF_INS`

warning: constant `dx1_pc_TF_TAIL` should have an upper case name
    --> /home/runner/work/Miner/Miner/references/round18-public-584/parse.rs:4420:11
     |
4420 | pub const dx1_pc_TF_TAIL: usize = 1;
     |           ^^^^^^^^^^^^^^ help: convert the identifier to upper case: `DX1_PC_TF_TAIL`

warning: constant `dx1_pc_TF_KL` should have an upper case name
    --> /home/runner/work/Miner/Miner/references/round18-public-584/parse.rs:4421:11
     |
4421 | pub const dx1_pc_TF_KL: u32 = 5;
     |           ^^^^^^^^^^^^ help: convert the identifier to upper case: `DX1_PC_TF_KL`

warning: constant `dx1_pc_TF_KD` should have an upper case name
    --> /home/runner/work/Miner/Miner/references/round18-public-584/parse.rs:4422:11
     |
4422 | pub const dx1_pc_TF_KD: u32 = 5;
     |           ^^^^^^^^^^^^ help: convert the identifier to upper case: `DX1_PC_TF_KD`

warning: constant `dx1_pc_TF_BKL` should have an upper case name
    --> /home/runner/work/Miner/Miner/references/round18-public-584/parse.rs:4423:11
     |
4423 | pub const dx1_pc_TF_BKL: u32 = 3;
     |           ^^^^^^^^^^^^^ help: convert the identifier to upper case: `DX1_PC_TF_BKL`

warning: constant `dx1_pc_TF_BKD` should have an upper case name
    --> /home/runner/work/Miner/Miner/references/round18-public-584/parse.rs:4424:11
     |
4424 | pub const dx1_pc_TF_BKD: u32 = 3;
     |           ^^^^^^^^^^^^^ help: convert the identifier to upper case: `DX1_PC_TF_BKD`

warning: constant `dx1_pc_TF_RDEPTH` should have an upper case name
    --> /home/runner/work/Miner/Miner/references/round18-public-584/parse.rs:4425:11
     |
4425 | pub const dx1_pc_TF_RDEPTH: usize = 8;
     |           ^^^^^^^^^^^^^^^^ help: convert the identifier to upper case: `DX1_PC_TF_RDEPTH`

warning: constant `dx1_pc_TF_SHIFT` should have an upper case name
    --> /home/runner/work/Miner/Miner/references/round18-public-584/parse.rs:4426:11
     |
4426 | pub const dx1_pc_TF_SHIFT: usize = 1;
     |           ^^^^^^^^^^^^^^^ help: convert the identifier to upper case: `DX1_PC_TF_SHIFT`

warning: constant `dx1_pc_TF_DLIT` should have an upper case name
    --> /home/runner/work/Miner/Miner/references/round18-public-584/parse.rs:4427:11
     |
4427 | pub const dx1_pc_TF_DLIT: usize = 8;
     |           ^^^^^^^^^^^^^^ help: convert the identifier to upper case: `DX1_PC_TF_DLIT`

warning: constant `dx1_pc_KF_ON` should have an upper case name
    --> /home/runner/work/Miner/Miner/references/round18-public-584/parse.rs:4454:11
     |
4454 | pub const dx1_pc_KF_ON: usize = 9;
     |           ^^^^^^^^^^^^ help: convert the identifier to upper case: `DX1_PC_KF_ON`

warning: constant `dx1_pc_KF_DP` should have an upper case name
    --> /home/runner/work/Miner/Miner/references/round18-public-584/parse.rs:4455:11
     |
4455 | pub const dx1_pc_KF_DP: usize = 1;
     |           ^^^^^^^^^^^^ help: convert the identifier to upper case: `DX1_PC_KF_DP`

warning: constant `dx1_pc_KF_BDP` should have an upper case name
    --> /home/runner/work/Miner/Miner/references/round18-public-584/parse.rs:4456:11
     |
4456 | pub const dx1_pc_KF_BDP: usize = 2;
     |           ^^^^^^^^^^^^^ help: convert the identifier to upper case: `DX1_PC_KF_BDP`

warning: constant `dx1_pc_KF_BSKIP` should have an upper case name
    --> /home/runner/work/Miner/Miner/references/round18-public-584/parse.rs:4457:11
     |
4457 | pub const dx1_pc_KF_BSKIP: usize = 6;
     |           ^^^^^^^^^^^^^^^ help: convert the identifier to upper case: `DX1_PC_KF_BSKIP`

warning: constant `dx1_q4_HB` should have an upper case name
    --> /home/runner/work/Miner/Miner/references/round18-public-584/parse.rs:4465:11
     |
4465 | pub const dx1_q4_HB: u32 = 15;
     |           ^^^^^^^^^ help: convert the identifier to upper case: `DX1_Q4_HB`

warning: constant `dx1_q4_INS_MAX` should have an upper case name
    --> /home/runner/work/Miner/Miner/references/round18-public-584/parse.rs:4466:11
     |
4466 | pub const dx1_q4_INS_MAX: usize = 0;
     |           ^^^^^^^^^^^^^^ help: convert the identifier to upper case: `DX1_Q4_INS_MAX`

warning: constant `dx1_q4_TAIL` should have an upper case name
    --> /home/runner/work/Miner/Miner/references/round18-public-584/parse.rs:4467:11
     |
4467 | pub const dx1_q4_TAIL: usize = 0;
     |           ^^^^^^^^^^^ help: convert the identifier to upper case: `DX1_Q4_TAIL`

warning: constant `dx1_q4_BACKTOK` should have an upper case name
    --> /home/runner/work/Miner/Miner/references/round18-public-584/parse.rs:4468:11
     |
4468 | pub const dx1_q4_BACKTOK: usize = 16;
     |           ^^^^^^^^^^^^^^ help: convert the identifier to upper case: `DX1_Q4_BACKTOK`

warning: constant `dx1_q4_LSLACK` should have an upper case name
    --> /home/runner/work/Miner/Miner/references/round18-public-584/parse.rs:4469:11
     |
4469 | pub const dx1_q4_LSLACK: usize = 1;
     |           ^^^^^^^^^^^^^ help: convert the identifier to upper case: `DX1_Q4_LSLACK`

warning: constant `dx1_q4_HLIT` should have an upper case name
    --> /home/runner/work/Miner/Miner/references/round18-public-584/parse.rs:4470:11
     |
4470 | pub const dx1_q4_HLIT: u32 = 80;
     |           ^^^^^^^^^^^ help: convert the identifier to upper case: `DX1_Q4_HLIT`

warning: constant `dx1_q4_GBASE` should have an upper case name
    --> /home/runner/work/Miner/Miner/references/round18-public-584/parse.rs:4471:11
     |
4471 | pub const dx1_q4_GBASE: i32 = 168;
     |           ^^^^^^^^^^^^ help: convert the identifier to upper case: `DX1_Q4_GBASE`

warning: constant `dx1_q4_TM_BACK` should have an upper case name
    --> /home/runner/work/Miner/Miner/references/round18-public-584/parse.rs:4472:11
     |
4472 | pub const dx1_q4_TM_BACK: usize = 16;
     |           ^^^^^^^^^^^^^^ help: convert the identifier to upper case: `DX1_Q4_TM_BACK`

warning: constant `dx1_q4_TF_LSYM` should have an upper case name
    --> /home/runner/work/Miner/Miner/references/round18-public-584/parse.rs:4473:11
     |
4473 | pub const dx1_q4_TF_LSYM: [u8; 512] = [
     |           ^^^^^^^^^^^^^^ help: convert the identifier to upper case: `DX1_Q4_TF_LSYM`

warning: constant `dx1_pr_SAMPLE` should have an upper case name
    --> /home/runner/work/Miner/Miner/references/round18-public-584/parse.rs:4558:11
     |
4558 | pub const dx1_pr_SAMPLE: usize = 128;
     |           ^^^^^^^^^^^^^ help: convert the identifier to upper case: `DX1_PR_SAMPLE`

warning: constant `dx1_pm_L_DEF` should have an upper case name
    --> /home/runner/work/Miner/Miner/references/round18-public-584/parse.rs:4689:11
     |
4689 | pub const dx1_pm_L_DEF: usize = 0;
     |           ^^^^^^^^^^^^ help: convert the identifier to upper case: `DX1_PM_L_DEF`

warning: constant `dx1_pm_F_SMALL` should have an upper case name
    --> /home/runner/work/Miner/Miner/references/round18-public-584/parse.rs:4694:11
     |
4694 | pub const dx1_pm_F_SMALL: usize = 65536;
     |           ^^^^^^^^^^^^^^ help: convert the identifier to upper case: `DX1_PM_F_SMALL`

warning: constant `dx1_pm_F_HS` should have an upper case name
    --> /home/runner/work/Miner/Miner/references/round18-public-584/parse.rs:4695:11
     |
4695 | pub const dx1_pm_F_HS: usize = 4096;
     |           ^^^^^^^^^^^ help: convert the identifier to upper case: `DX1_PM_F_HS`

warning: constant `dx1_pm_F_WS` should have an upper case name
    --> /home/runner/work/Miner/Miner/references/round18-public-584/parse.rs:4696:11
     |
4696 | pub const dx1_pm_F_WS: usize = 16384;
     |           ^^^^^^^^^^^ help: convert the identifier to upper case: `DX1_PM_F_WS`

warning: constant `dx1_pm_F_STRIDE` should have an upper case name
    --> /home/runner/work/Miner/Miner/references/round18-public-584/parse.rs:4697:11
     |
4697 | pub const dx1_pm_F_STRIDE: usize = 0;
     |           ^^^^^^^^^^^^^^^ help: convert the identifier to upper case: `DX1_PM_F_STRIDE`

warning: constant `dx1_pm_F_SAMPLE` should have an upper case name
    --> /home/runner/work/Miner/Miner/references/round18-public-584/parse.rs:4698:11
     |
4698 | pub const dx1_pm_F_SAMPLE: usize = 2048;
     |           ^^^^^^^^^^^^^^^ help: convert the identifier to upper case: `DX1_PM_F_SAMPLE`

warning: constant `dx1_pm_F_VERIFY` should have an upper case name
    --> /home/runner/work/Miner/Miner/references/round18-public-584/parse.rs:4699:11
     |
4699 | pub const dx1_pm_F_VERIFY: usize = 0;
     |           ^^^^^^^^^^^^^^^ help: convert the identifier to upper case: `DX1_PM_F_VERIFY`

warning: constant `dx1_pm_F_LSLACK` should have an upper case name
    --> /home/runner/work/Miner/Miner/references/round18-public-584/parse.rs:4700:11
     |
4700 | pub const dx1_pm_F_LSLACK: usize = 1;
     |           ^^^^^^^^^^^^^^^ help: convert the identifier to upper case: `DX1_PM_F_LSLACK`

warning: constant `dx1_pm_F_HLIT` should have an upper case name
    --> /home/runner/work/Miner/Miner/references/round18-public-584/parse.rs:4701:11
     |
4701 | pub const dx1_pm_F_HLIT: u32 = 80;
     |           ^^^^^^^^^^^^^ help: convert the identifier to upper case: `DX1_PM_F_HLIT`

warning: constant `dx1_pm_F_GBASE` should have an upper case name
    --> /home/runner/work/Miner/Miner/references/round18-public-584/parse.rs:4702:11
     |
4702 | pub const dx1_pm_F_GBASE: i32 = 168;
     |           ^^^^^^^^^^^^^^ help: convert the identifier to upper case: `DX1_PM_F_GBASE`

warning: constant `dx1_pm_F_SDIG` should have an upper case name
    --> /home/runner/work/Miner/Miner/references/round18-public-584/parse.rs:4703:11
     |
4703 | pub const dx1_pm_F_SDIG: u32 = 6;
     |           ^^^^^^^^^^^^^ help: convert the identifier to upper case: `DX1_PM_F_SDIG`

warning: constant `dx1_pm_F_S_DEPTH` should have an upper case name
    --> /home/runner/work/Miner/Miner/references/round18-public-584/parse.rs:4704:11
     |
4704 | pub const dx1_pm_F_S_DEPTH: usize = 1;
     |           ^^^^^^^^^^^^^^^^ help: convert the identifier to upper case: `DX1_PM_F_S_DEPTH`

warning: constant `dx1_pm_F_S_LDEPTH` should have an upper case name
    --> /home/runner/work/Miner/Miner/references/round18-public-584/parse.rs:4705:11
     |
4705 | pub const dx1_pm_F_S_LDEPTH: usize = 1;
     |           ^^^^^^^^^^^^^^^^^ help: convert the identifier to upper case: `DX1_PM_F_S_LDEPTH`

warning: constant `dx1_pm_F_S_LAZY` should have an upper case name
    --> /home/runner/work/Miner/Miner/references/round18-public-584/parse.rs:4706:11
     |
4706 | pub const dx1_pm_F_S_LAZY: usize = 258;
     |           ^^^^^^^^^^^^^^^ help: convert the identifier to upper case: `DX1_PM_F_S_LAZY`

warning: constant `dx1_pm_F_R1_ON` should have an upper case name
    --> /home/runner/work/Miner/Miner/references/round18-public-584/parse.rs:4707:11
     |
4707 | pub const dx1_pm_F_R1_ON: usize = 1;
     |           ^^^^^^^^^^^^^^ help: convert the identifier to upper case: `DX1_PM_F_R1_ON`

warning: constant `dx1_pm_F_ST_ON` should have an upper case name
    --> /home/runner/work/Miner/Miner/references/round18-public-584/parse.rs:4708:11
     |
4708 | pub const dx1_pm_F_ST_ON: usize = 1;
     |           ^^^^^^^^^^^^^^ help: convert the identifier to upper case: `DX1_PM_F_ST_ON`

warning: constant `dx1_pm_F_ST_MIN` should have an upper case name
    --> /home/runner/work/Miner/Miner/references/round18-public-584/parse.rs:4709:11
     |
4709 | pub const dx1_pm_F_ST_MIN: usize = 65536;
     |           ^^^^^^^^^^^^^^^ help: convert the identifier to upper case: `DX1_PM_F_ST_MIN`

warning: constant `dx1_pm_F_ST_SAMPLE` should have an upper case name
    --> /home/runner/work/Miner/Miner/references/round18-public-584/parse.rs:4710:11
     |
4710 | pub const dx1_pm_F_ST_SAMPLE: usize = 4096;
     |           ^^^^^^^^^^^^^^^^^^ help: convert the identifier to upper case: `DX1_PM_F_ST_SAMPLE`

warning: constant `dx1_pm_F_ST_FEW` should have an upper case name
    --> /home/runner/work/Miner/Miner/references/round18-public-584/parse.rs:4711:11
     |
4711 | pub const dx1_pm_F_ST_FEW: usize = 32;
     |           ^^^^^^^^^^^^^^^ help: convert the identifier to upper case: `DX1_PM_F_ST_FEW`

warning: constant `dx1_pm_F_ST_MANY` should have an upper case name
    --> /home/runner/work/Miner/Miner/references/round18-public-584/parse.rs:4712:11
     |
4712 | pub const dx1_pm_F_ST_MANY: usize = 160;
     |           ^^^^^^^^^^^^^^^^ help: convert the identifier to upper case: `DX1_PM_F_ST_MANY`

warning: constant `dx1_pm_F_ST_HB` should have an upper case name
    --> /home/runner/work/Miner/Miner/references/round18-public-584/parse.rs:4713:11
     |
4713 | pub const dx1_pm_F_ST_HB: u32 = 17;
     |           ^^^^^^^^^^^^^^ help: convert the identifier to upper case: `DX1_PM_F_ST_HB`

warning: constant `dx1_pm_F_ST_HN` should have an upper case name
    --> /home/runner/work/Miner/Miner/references/round18-public-584/parse.rs:4714:11
     |
4714 | pub const dx1_pm_F_ST_HN: usize = 131072;
     |           ^^^^^^^^^^^^^^ help: convert the identifier to upper case: `DX1_PM_F_ST_HN`

warning: constant `dx1_pm_F_ST_DMAX` should have an upper case name
    --> /home/runner/work/Miner/Miner/references/round18-public-584/parse.rs:4715:11
     |
4715 | pub const dx1_pm_F_ST_DMAX: usize = 32768;
     |           ^^^^^^^^^^^^^^^^ help: convert the identifier to upper case: `DX1_PM_F_ST_DMAX`

warning: constant `dx1_pm_F_ST_INS` should have an upper case name
    --> /home/runner/work/Miner/Miner/references/round18-public-584/parse.rs:4716:11
     |
4716 | pub const dx1_pm_F_ST_INS: usize = 258;
     |           ^^^^^^^^^^^^^^^ help: convert the identifier to upper case: `DX1_PM_F_ST_INS`

warning: constant `dx1_pm_F_ST_DMIN` should have an upper case name
    --> /home/runner/work/Miner/Miner/references/round18-public-584/parse.rs:4717:11
     |
4717 | pub const dx1_pm_F_ST_DMIN: usize = 129;
     |           ^^^^^^^^^^^^^^^^ help: convert the identifier to upper case: `DX1_PM_F_ST_DMIN`

warning: constant `dx1_pm_F_TF_N` should have an upper case name
    --> /home/runner/work/Miner/Miner/references/round18-public-584/parse.rs:4718:11
     |
4718 | pub const dx1_pm_F_TF_N: usize = 65536;
     |           ^^^^^^^^^^^^^ help: convert the identifier to upper case: `DX1_PM_F_TF_N`

warning: constant `dx1_pm_F_TF_TEXT` should have an upper case name
    --> /home/runner/work/Miner/Miner/references/round18-public-584/parse.rs:4719:11
     |
4719 | pub const dx1_pm_F_TF_TEXT: usize = 1;
     |           ^^^^^^^^^^^^^^^^ help: convert the identifier to upper case: `DX1_PM_F_TF_TEXT`

warning: constant `dx1_pm_F_TF_TKIND` should have an upper case name
    --> /home/runner/work/Miner/Miner/references/round18-public-584/parse.rs:4720:11
     |
4720 | pub const dx1_pm_F_TF_TKIND: usize = 1;
     |           ^^^^^^^^^^^^^^^^^ help: convert the identifier to upper case: `DX1_PM_F_TF_TKIND`

warning: constant `dx1_pm_F_TF_SAMPLE` should have an upper case name
    --> /home/runner/work/Miner/Miner/references/round18-public-584/parse.rs:4721:11
     |
4721 | pub const dx1_pm_F_TF_SAMPLE: usize = 256;
     |           ^^^^^^^^^^^^^^^^^^ help: convert the identifier to upper case: `DX1_PM_F_TF_SAMPLE`

warning: constant `dx1_pm_F_TF_SDIG` should have an upper case name
    --> /home/runner/work/Miner/Miner/references/round18-public-584/parse.rs:4722:11
     |
4722 | pub const dx1_pm_F_TF_SDIG: u32 = 6;
     |           ^^^^^^^^^^^^^^^^ help: convert the identifier to upper case: `DX1_PM_F_TF_SDIG`

warning: constant `dx1_pm_F_TF_HB` should have an upper case name
    --> /home/runner/work/Miner/Miner/references/round18-public-584/parse.rs:4723:11
     |
4723 | pub const dx1_pm_F_TF_HB: u32 = 12;
     |           ^^^^^^^^^^^^^^ help: convert the identifier to upper case: `DX1_PM_F_TF_HB`

warning: constant `dx1_pm_F_TF_HN` should have an upper case name
    --> /home/runner/work/Miner/Miner/references/round18-public-584/parse.rs:4724:11
     |
4724 | pub const dx1_pm_F_TF_HN: usize = 4096;
     |           ^^^^^^^^^^^^^^ help: convert the identifier to upper case: `DX1_PM_F_TF_HN`

warning: constant `dx1_pm_F_TF_WN` should have an upper case name
    --> /home/runner/work/Miner/Miner/references/round18-public-584/parse.rs:4725:11
     |
4725 | pub const dx1_pm_F_TF_WN: usize = 16384;
     |           ^^^^^^^^^^^^^^ help: convert the identifier to upper case: `DX1_PM_F_TF_WN`

warning: constant `dx1_pm_F_TF_BDEPTH` should have an upper case name
    --> /home/runner/work/Miner/Miner/references/round18-public-584/parse.rs:4726:11
     |
4726 | pub const dx1_pm_F_TF_BDEPTH: usize = 0;
     |           ^^^^^^^^^^^^^^^^^^ help: convert the identifier to upper case: `DX1_PM_F_TF_BDEPTH`

warning: constant `dx1_pm_F_TF_NICE` should have an upper case name
    --> /home/runner/work/Miner/Miner/references/round18-public-584/parse.rs:4727:11
     |
4727 | pub const dx1_pm_F_TF_NICE: usize = 64;
     |           ^^^^^^^^^^^^^^^^ help: convert the identifier to upper case: `DX1_PM_F_TF_NICE`

warning: constant `dx1_pm_F_TF_SKCAP` should have an upper case name
    --> /home/runner/work/Miner/Miner/references/round18-public-584/parse.rs:4728:11
     |
4728 | pub const dx1_pm_F_TF_SKCAP: usize = 1000000;
     |           ^^^^^^^^^^^^^^^^^ help: convert the identifier to upper case: `DX1_PM_F_TF_SKCAP`

warning: constant `dx1_pm_F_TF_BACK` should have an upper case name
    --> /home/runner/work/Miner/Miner/references/round18-public-584/parse.rs:4729:11
     |
4729 | pub const dx1_pm_F_TF_BACK: usize = 1;
     |           ^^^^^^^^^^^^^^^^ help: convert the identifier to upper case: `DX1_PM_F_TF_BACK`

warning: constant `dx1_pm_F_TF_FOLD` should have an upper case name
    --> /home/runner/work/Miner/Miner/references/round18-public-584/parse.rs:4730:11
     |
4730 | pub const dx1_pm_F_TF_FOLD: usize = 1;
     |           ^^^^^^^^^^^^^^^^ help: convert the identifier to upper case: `DX1_PM_F_TF_FOLD`

warning: constant `dx1_pm_F_TF_RUNSKIP` should have an upper case name
    --> /home/runner/work/Miner/Miner/references/round18-public-584/parse.rs:4731:11
     |
4731 | pub const dx1_pm_F_TF_RUNSKIP: usize = 1;
     |           ^^^^^^^^^^^^^^^^^^^ help: convert the identifier to upper case: `DX1_PM_F_TF_RUNSKIP`

warning: constant `dx1_pm_F_TF_INS` should have an upper case name
    --> /home/runner/work/Miner/Miner/references/round18-public-584/parse.rs:4732:11
     |
4732 | pub const dx1_pm_F_TF_INS: usize = 2;
     |           ^^^^^^^^^^^^^^^ help: convert the identifier to upper case: `DX1_PM_F_TF_INS`

warning: constant `dx1_pm_F_TF_TAIL` should have an upper case name
    --> /home/runner/work/Miner/Miner/references/round18-public-584/parse.rs:4733:11
     |
4733 | pub const dx1_pm_F_TF_TAIL: usize = 1;
     |           ^^^^^^^^^^^^^^^^ help: convert the identifier to upper case: `DX1_PM_F_TF_TAIL`

warning: constant `dx1_pm_F_TF_KL` should have an upper case name
    --> /home/runner/work/Miner/Miner/references/round18-public-584/parse.rs:4734:11
     |
4734 | pub const dx1_pm_F_TF_KL: u32 = 5;
     |           ^^^^^^^^^^^^^^ help: convert the identifier to upper case: `DX1_PM_F_TF_KL`

warning: constant `dx1_pm_F_TF_KD` should have an upper case name
    --> /home/runner/work/Miner/Miner/references/round18-public-584/parse.rs:4735:11
     |
4735 | pub const dx1_pm_F_TF_KD: u32 = 5;
     |           ^^^^^^^^^^^^^^ help: convert the identifier to upper case: `DX1_PM_F_TF_KD`

warning: constant `dx1_pm_F_TF_BKL` should have an upper case name
    --> /home/runner/work/Miner/Miner/references/round18-public-584/parse.rs:4736:11
     |
4736 | pub const dx1_pm_F_TF_BKL: u32 = 3;
     |           ^^^^^^^^^^^^^^^ help: convert the identifier to upper case: `DX1_PM_F_TF_BKL`

warning: constant `dx1_pm_F_TF_BKD` should have an upper case name
    --> /home/runner/work/Miner/Miner/references/round18-public-584/parse.rs:4737:11
     |
4737 | pub const dx1_pm_F_TF_BKD: u32 = 3;
     |           ^^^^^^^^^^^^^^^ help: convert the identifier to upper case: `DX1_PM_F_TF_BKD`

warning: constant `dx1_pm_F_TF_RDEPTH` should have an upper case name
    --> /home/runner/work/Miner/Miner/references/round18-public-584/parse.rs:4738:11
     |
4738 | pub const dx1_pm_F_TF_RDEPTH: usize = 8;
     |           ^^^^^^^^^^^^^^^^^^ help: convert the identifier to upper case: `DX1_PM_F_TF_RDEPTH`

warning: constant `dx1_pm_F_TF_SHIFT` should have an upper case name
    --> /home/runner/work/Miner/Miner/references/round18-public-584/parse.rs:4739:11
     |
4739 | pub const dx1_pm_F_TF_SHIFT: usize = 1;
     |           ^^^^^^^^^^^^^^^^^ help: convert the identifier to upper case: `DX1_PM_F_TF_SHIFT`

warning: constant `dx1_pm_F_TF_DLIT` should have an upper case name
    --> /home/runner/work/Miner/Miner/references/round18-public-584/parse.rs:4740:11
     |
4740 | pub const dx1_pm_F_TF_DLIT: usize = 8;
     |           ^^^^^^^^^^^^^^^^ help: convert the identifier to upper case: `DX1_PM_F_TF_DLIT`

warning: constant `dx1_pm_F_KF_ON` should have an upper case name
    --> /home/runner/work/Miner/Miner/references/round18-public-584/parse.rs:4741:11
     |
4741 | pub const dx1_pm_F_KF_ON: usize = 9;
     |           ^^^^^^^^^^^^^^ help: convert the identifier to upper case: `DX1_PM_F_KF_ON`

warning: constant `dx1_pm_F_KF_DP` should have an upper case name
    --> /home/runner/work/Miner/Miner/references/round18-public-584/parse.rs:4742:11
     |
4742 | pub const dx1_pm_F_KF_DP: usize = 1;
     |           ^^^^^^^^^^^^^^ help: convert the identifier to upper case: `DX1_PM_F_KF_DP`

warning: constant `dx1_pm_F_KF_BDP` should have an upper case name
    --> /home/runner/work/Miner/Miner/references/round18-public-584/parse.rs:4743:11
     |
4743 | pub const dx1_pm_F_KF_BDP: usize = 2;
     |           ^^^^^^^^^^^^^^^ help: convert the identifier to upper case: `DX1_PM_F_KF_BDP`

warning: constant `dx1_pm_F_KF_BSKIP` should have an upper case name
    --> /home/runner/work/Miner/Miner/references/round18-public-584/parse.rs:4744:11
     |
4744 | pub const dx1_pm_F_KF_BSKIP: usize = 6;
     |           ^^^^^^^^^^^^^^^^^ help: convert the identifier to upper case: `DX1_PM_F_KF_BSKIP`

warning: constant `dx1_pm_M_STRIDE` should have an upper case name
    --> /home/runner/work/Miner/Miner/references/round18-public-584/parse.rs:4745:11
     |
4745 | pub const dx1_pm_M_STRIDE: usize = 4;
     |           ^^^^^^^^^^^^^^^ help: convert the identifier to upper case: `DX1_PM_M_STRIDE`

warning: constant `dx1_pm_M_O_A_HSR` should have an upper case name
    --> /home/runner/work/Miner/Miner/references/round18-public-584/parse.rs:4746:11
     |
4746 | pub const dx1_pm_M_O_A_HSR: u64 = 48;
     |           ^^^^^^^^^^^^^^^^ help: convert the identifier to upper case: `DX1_PM_M_O_A_HSR`

warning: constant `dx1_pm_M_O_A_IH` should have an upper case name
    --> /home/runner/work/Miner/Miner/references/round18-public-584/parse.rs:4747:11
     |
4747 | pub const dx1_pm_M_O_A_IH: [usize; 8] = [2, 3, 8, 10, 8, 8, 12, 10];
     |           ^^^^^^^^^^^^^^^ help: convert the identifier to upper case: `DX1_PM_M_O_A_IH`

warning: constant `dx1_pm_M_O_A_IT` should have an upper case name
    --> /home/runner/work/Miner/Miner/references/round18-public-584/parse.rs:4748:11
     |
4748 | pub const dx1_pm_M_O_A_IT: [usize; 8] = [12, 12, 32, 256, 32, 32, 64, 256];
     |           ^^^^^^^^^^^^^^^ help: convert the identifier to upper case: `DX1_PM_M_O_A_IT`

warning: constant `dx1_pm_M_O_A_TS` should have an upper case name
    --> /home/runner/work/Miner/Miner/references/round18-public-584/parse.rs:4749:11
     |
4749 | pub const dx1_pm_M_O_A_TS: [usize; 8] = [12, 12, 8, 8, 8, 8, 8, 8];
     |           ^^^^^^^^^^^^^^^ help: convert the identifier to upper case: `DX1_PM_M_O_A_TS`

warning: constant `dx1_pm_M_O_A_TL` should have an upper case name
    --> /home/runner/work/Miner/Miner/references/round18-public-584/parse.rs:4750:11
     |
4750 | pub const dx1_pm_M_O_A_TL: usize = 0;
     |           ^^^^^^^^^^^^^^^ help: convert the identifier to upper case: `DX1_PM_M_O_A_TL`

warning: constant `dx1_pm_M_O_A_ACC` should have an upper case name
    --> /home/runner/work/Miner/Miner/references/round18-public-584/parse.rs:4751:11
     |
4751 | pub const dx1_pm_M_O_A_ACC: [u64; 8] = [4, 4, 4, 5, 4, 4, 5, 5];
     |           ^^^^^^^^^^^^^^^^ help: convert the identifier to upper case: `DX1_PM_M_O_A_ACC`

warning: constant `dx1_pm_M_O_A_AMAX` should have an upper case name
    --> /home/runner/work/Miner/Miner/references/round18-public-584/parse.rs:4752:11
     |
4752 | pub const dx1_pm_M_O_A_AMAX: usize = 64;
     |           ^^^^^^^^^^^^^^^^^ help: convert the identifier to upper case: `DX1_PM_M_O_A_AMAX`

warning: constant `dx1_pm_M_O_A_MINL` should have an upper case name
    --> /home/runner/work/Miner/Miner/references/round18-public-584/parse.rs:4753:11
     |
4753 | pub const dx1_pm_M_O_A_MINL: usize = 4;
     |           ^^^^^^^^^^^^^^^^^ help: convert the identifier to upper case: `DX1_PM_M_O_A_MINL`

warning: constant `dx1_pm_M_O_A_BEXT` should have an upper case name
    --> /home/runner/work/Miner/Miner/references/round18-public-584/parse.rs:4754:11
     |
4754 | pub const dx1_pm_M_O_A_BEXT: usize = 0;
     |           ^^^^^^^^^^^^^^^^^ help: convert the identifier to upper case: `DX1_PM_M_O_A_BEXT`

warning: constant `dx1_pm_M_O_A_LZT` should have an upper case name
    --> /home/runner/work/Miner/Miner/references/round18-public-584/parse.rs:4755:11
     |
4755 | pub const dx1_pm_M_O_A_LZT: [usize; 8] = [0, 0, 0, 16, 8, 16, 16, 32];
     |           ^^^^^^^^^^^^^^^^ help: convert the identifier to upper case: `DX1_PM_M_O_A_LZT`

warning: constant `dx1_pm_M_O_A_LZM` should have an upper case name
    --> /home/runner/work/Miner/Miner/references/round18-public-584/parse.rs:4756:11
     |
4756 | pub const dx1_pm_M_O_A_LZM: usize = 2;
     |           ^^^^^^^^^^^^^^^^ help: convert the identifier to upper case: `DX1_PM_M_O_A_LZM`

warning: constant `dx1_pm_M_O_A_LZN` should have an upper case name
    --> /home/runner/work/Miner/Miner/references/round18-public-584/parse.rs:4757:11
     |
4757 | pub const dx1_pm_M_O_A_LZN: usize = 1;
     |           ^^^^^^^^^^^^^^^^ help: convert the identifier to upper case: `DX1_PM_M_O_A_LZN`

warning: constant `dx1_pm_M_O_A_SMALLN` should have an upper case name
    --> /home/runner/work/Miner/Miner/references/round18-public-584/parse.rs:4758:11
     |
4758 | pub const dx1_pm_M_O_A_SMALLN: usize = 65536;
     |           ^^^^^^^^^^^^^^^^^^^ help: convert the identifier to upper case: `DX1_PM_M_O_A_SMALLN`

warning: constant `dx1_pm_M_O_A_FL_LITQ` should have an upper case name
    --> /home/runner/work/Miner/Miner/references/round18-public-584/parse.rs:4759:11
     |
4759 | pub const dx1_pm_M_O_A_FL_LITQ: usize = 32;
     |           ^^^^^^^^^^^^^^^^^^^^ help: convert the identifier to upper case: `DX1_PM_M_O_A_FL_LITQ`

warning: constant `dx1_pm_M_FX0_STRIDE` should have an upper case name
    --> /home/runner/work/Miner/Miner/references/round18-public-584/parse.rs:4760:11
     |
4760 | pub const dx1_pm_M_FX0_STRIDE: usize = 0;
     |           ^^^^^^^^^^^^^^^^^^^ help: convert the identifier to upper case: `DX1_PM_M_FX0_STRIDE`

warning: constant `dx1_pm_M_FX0_VERIFY` should have an upper case name
    --> /home/runner/work/Miner/Miner/references/round18-public-584/parse.rs:4761:11
     |
4761 | pub const dx1_pm_M_FX0_VERIFY: usize = 0;
     |           ^^^^^^^^^^^^^^^^^^^ help: convert the identifier to upper case: `DX1_PM_M_FX0_VERIFY`

warning: constant `dx1_pm_M_FX0_LSLACK` should have an upper case name
    --> /home/runner/work/Miner/Miner/references/round18-public-584/parse.rs:4762:11
     |
4762 | pub const dx1_pm_M_FX0_LSLACK: usize = 1;
     |           ^^^^^^^^^^^^^^^^^^^ help: convert the identifier to upper case: `DX1_PM_M_FX0_LSLACK`

warning: constant `dx1_pm_M_FX0_HLIT` should have an upper case name
    --> /home/runner/work/Miner/Miner/references/round18-public-584/parse.rs:4763:11
     |
4763 | pub const dx1_pm_M_FX0_HLIT: u32 = 80;
     |           ^^^^^^^^^^^^^^^^^ help: convert the identifier to upper case: `DX1_PM_M_FX0_HLIT`

warning: constant `dx1_pm_M_FX0_GBASE` should have an upper case name
    --> /home/runner/work/Miner/Miner/references/round18-public-584/parse.rs:4764:11
     |
4764 | pub const dx1_pm_M_FX0_GBASE: i32 = 168;
     |           ^^^^^^^^^^^^^^^^^^ help: convert the identifier to upper case: `DX1_PM_M_FX0_GBASE`

warning: 2899 warnings emitted

