struct-b	Set up job	﻿2026-10-07T20:45:58.3012861Z Current runner version: '2.337.0'
struct-b	Set up job	2026-10-07T20:45:58.3041096Z ##[group]Runner Image Provisioner
struct-b	Set up job	2026-10-07T20:45:58.3042132Z Hosted Compute Agent
struct-b	Set up job	2026-10-07T20:45:58.3042826Z Version: 20260901.588
struct-b	Set up job	2026-10-07T20:45:58.3043608Z Commit: f88ec8081b781fac6c440065ac7ff9e710ce3d0b
struct-b	Set up job	2026-10-07T20:45:58.3044523Z Build Date: 2026-09-01T19:56:44Z
struct-b	Set up job	2026-10-07T20:45:58.3045391Z Worker ID: {a9c8ad21-ac0d-46eb-85f9-ec5d29f741ab}
struct-b	Set up job	2026-10-07T20:45:58.3046555Z Azure Region: eastus
struct-b	Set up job	2026-10-07T20:45:58.3047243Z ##[endgroup]
struct-b	Set up job	2026-10-07T20:45:58.3048989Z ##[group]Operating System
struct-b	Set up job	2026-10-07T20:45:58.3049790Z Ubuntu
struct-b	Set up job	2026-10-07T20:45:58.3050425Z 24.04.5
struct-b	Set up job	2026-10-07T20:45:58.3051479Z LTS
struct-b	Set up job	2026-10-07T20:45:58.3052083Z ##[endgroup]
struct-b	Set up job	2026-10-07T20:45:58.3052786Z ##[group]Runner Image
struct-b	Set up job	2026-10-07T20:45:58.3053517Z Image: ubuntu-24.04
struct-b	Set up job	2026-10-07T20:45:58.3054237Z Version: 20260927.320.1
struct-b	Set up job	2026-10-07T20:45:58.3055911Z Included Software: https://github.com/actions/runner-images/blob/ubuntu24/20260927.320/images/ubuntu/Ubuntu2404-Readme.md
struct-b	Set up job	2026-10-07T20:45:58.3058042Z Image Release: https://github.com/actions/runner-images/releases/tag/ubuntu24%2F20260927.320
struct-b	Set up job	2026-10-07T20:45:58.3059286Z ##[endgroup]
struct-b	Set up job	2026-10-07T20:45:58.3060669Z ##[group]GITHUB_TOKEN Permissions
struct-b	Set up job	2026-10-07T20:45:58.3063001Z Contents: read
struct-b	Set up job	2026-10-07T20:45:58.3063770Z Metadata: read
struct-b	Set up job	2026-10-07T20:45:58.3064430Z ##[endgroup]
struct-b	Set up job	2026-10-07T20:45:58.3067116Z Secret source: Actions
struct-b	Set up job	2026-10-07T20:45:58.3068202Z Cache mode: write
struct-b	Set up job	2026-10-07T20:45:58.3069313Z Prepare workflow directory
struct-b	Set up job	2026-10-07T20:45:58.3661083Z Prepare all required actions
struct-b	Set up job	2026-10-07T20:45:58.3718523Z Getting action download info
struct-b	Set up job	2026-10-07T20:45:58.5951851Z Download action repository 'actions/checkout@11d5960a326750d5838078e36cf38b85af677262' (SHA:11d5960a326750d5838078e36cf38b85af677262)
struct-b	Set up job	2026-10-07T20:45:58.7062704Z Download action repository 'actions/upload-artifact@ea165f8d65b6e75b540449e92b4886f43607fa02' (SHA:ea165f8d65b6e75b540449e92b4886f43607fa02)
struct-b	Set up job	2026-10-07T20:45:59.0825648Z Complete job name: struct-b
struct-b	Run actions/checkout@11d5960a326750d5838078e36cf38b85af677262	﻿2026-10-07T20:45:59.1421286Z ##[group]Run actions/checkout@11d5960a326750d5838078e36cf38b85af677262
struct-b	Run actions/checkout@11d5960a326750d5838078e36cf38b85af677262	2026-10-07T20:45:59.1422220Z with:
struct-b	Run actions/checkout@11d5960a326750d5838078e36cf38b85af677262	2026-10-07T20:45:59.1422596Z   persist-credentials: false
struct-b	Run actions/checkout@11d5960a326750d5838078e36cf38b85af677262	2026-10-07T20:45:59.1423049Z   repository: HuanHuanHuanFFF/Miner
struct-b	Run actions/checkout@11d5960a326750d5838078e36cf38b85af677262	2026-10-07T20:45:59.1426905Z   token: ***
struct-b	Run actions/checkout@11d5960a326750d5838078e36cf38b85af677262	2026-10-07T20:45:59.1427264Z   ssh-strict: true
struct-b	Run actions/checkout@11d5960a326750d5838078e36cf38b85af677262	2026-10-07T20:45:59.1427631Z   ssh-user: git
struct-b	Run actions/checkout@11d5960a326750d5838078e36cf38b85af677262	2026-10-07T20:45:59.1427978Z   clean: true
struct-b	Run actions/checkout@11d5960a326750d5838078e36cf38b85af677262	2026-10-07T20:45:59.1428349Z   sparse-checkout-cone-mode: true
struct-b	Run actions/checkout@11d5960a326750d5838078e36cf38b85af677262	2026-10-07T20:45:59.1428823Z   fetch-depth: 1
struct-b	Run actions/checkout@11d5960a326750d5838078e36cf38b85af677262	2026-10-07T20:45:59.1429179Z   fetch-tags: false
struct-b	Run actions/checkout@11d5960a326750d5838078e36cf38b85af677262	2026-10-07T20:45:59.1429564Z   show-progress: true
struct-b	Run actions/checkout@11d5960a326750d5838078e36cf38b85af677262	2026-10-07T20:45:59.1429938Z   lfs: false
struct-b	Run actions/checkout@11d5960a326750d5838078e36cf38b85af677262	2026-10-07T20:45:59.1430281Z   submodules: false
struct-b	Run actions/checkout@11d5960a326750d5838078e36cf38b85af677262	2026-10-07T20:45:59.1430685Z   set-safe-directory: true
struct-b	Run actions/checkout@11d5960a326750d5838078e36cf38b85af677262	2026-10-07T20:45:59.1431118Z   allow-unsafe-pr-checkout: false
struct-b	Run actions/checkout@11d5960a326750d5838078e36cf38b85af677262	2026-10-07T20:45:59.1431724Z env:
struct-b	Run actions/checkout@11d5960a326750d5838078e36cf38b85af677262	2026-10-07T20:45:59.1432062Z   ROUND4_SPEC: struct-b
struct-b	Run actions/checkout@11d5960a326750d5838078e36cf38b85af677262	2026-10-07T20:45:59.1432461Z   ROUND4_SPEC_DIR: evidence/round10
struct-b	Run actions/checkout@11d5960a326750d5838078e36cf38b85af677262	2026-10-07T20:45:59.1432899Z ##[endgroup]
struct-b	Run actions/checkout@11d5960a326750d5838078e36cf38b85af677262	2026-10-07T20:45:59.2380741Z Syncing repository: HuanHuanHuanFFF/Miner
struct-b	Run actions/checkout@11d5960a326750d5838078e36cf38b85af677262	2026-10-07T20:45:59.2387361Z ##[group]Getting Git version info
struct-b	Run actions/checkout@11d5960a326750d5838078e36cf38b85af677262	2026-10-07T20:45:59.2388447Z Working directory is '/home/runner/work/Miner/Miner'
struct-b	Run actions/checkout@11d5960a326750d5838078e36cf38b85af677262	2026-10-07T20:45:59.2390339Z [command]/usr/bin/git version
struct-b	Run actions/checkout@11d5960a326750d5838078e36cf38b85af677262	2026-10-07T20:45:59.2475900Z git version 2.55.0
struct-b	Run actions/checkout@11d5960a326750d5838078e36cf38b85af677262	2026-10-07T20:45:59.2528201Z ##[endgroup]
struct-b	Run actions/checkout@11d5960a326750d5838078e36cf38b85af677262	2026-10-07T20:45:59.2534911Z Temporarily overriding HOME='/home/runner/work/_temp/a8fc6eb7-cda7-448a-b222-19dd36b9b46e' before making global git config changes
struct-b	Run actions/checkout@11d5960a326750d5838078e36cf38b85af677262	2026-10-07T20:45:59.2537171Z Adding repository directory to the temporary git global config as a safe directory
struct-b	Run actions/checkout@11d5960a326750d5838078e36cf38b85af677262	2026-10-07T20:45:59.2538871Z [command]/usr/bin/git config --global --add safe.directory /home/runner/work/Miner/Miner
struct-b	Run actions/checkout@11d5960a326750d5838078e36cf38b85af677262	2026-10-07T20:45:59.2572139Z Deleting the contents of '/home/runner/work/Miner/Miner'
struct-b	Run actions/checkout@11d5960a326750d5838078e36cf38b85af677262	2026-10-07T20:45:59.2574018Z ##[group]Initializing the repository
struct-b	Run actions/checkout@11d5960a326750d5838078e36cf38b85af677262	2026-10-07T20:45:59.2577846Z [command]/usr/bin/git init /home/runner/work/Miner/Miner
struct-b	Run actions/checkout@11d5960a326750d5838078e36cf38b85af677262	2026-10-07T20:45:59.2821483Z hint: Using 'master' as the name for the initial branch. This default branch name
struct-b	Run actions/checkout@11d5960a326750d5838078e36cf38b85af677262	2026-10-07T20:45:59.2835128Z hint: will change to "main" in Git 3.0. To configure the initial branch name
struct-b	Run actions/checkout@11d5960a326750d5838078e36cf38b85af677262	2026-10-07T20:45:59.2846691Z hint: to use in all of your new repositories, which will suppress this warning,
struct-b	Run actions/checkout@11d5960a326750d5838078e36cf38b85af677262	2026-10-07T20:45:59.2847938Z hint: call:
struct-b	Run actions/checkout@11d5960a326750d5838078e36cf38b85af677262	2026-10-07T20:45:59.2848555Z hint:
struct-b	Run actions/checkout@11d5960a326750d5838078e36cf38b85af677262	2026-10-07T20:45:59.2849337Z hint: 	git config --global init.defaultBranch <name>
struct-b	Run actions/checkout@11d5960a326750d5838078e36cf38b85af677262	2026-10-07T20:45:59.2850289Z hint:
struct-b	Run actions/checkout@11d5960a326750d5838078e36cf38b85af677262	2026-10-07T20:45:59.2851197Z hint: Names commonly chosen instead of 'master' are 'main', 'trunk' and
struct-b	Run actions/checkout@11d5960a326750d5838078e36cf38b85af677262	2026-10-07T20:45:59.2852745Z hint: 'development'. The just-created branch can be renamed via this command:
struct-b	Run actions/checkout@11d5960a326750d5838078e36cf38b85af677262	2026-10-07T20:45:59.2853920Z hint:
struct-b	Run actions/checkout@11d5960a326750d5838078e36cf38b85af677262	2026-10-07T20:45:59.2854540Z hint: 	git branch -m <name>
struct-b	Run actions/checkout@11d5960a326750d5838078e36cf38b85af677262	2026-10-07T20:45:59.2855264Z hint:
struct-b	Run actions/checkout@11d5960a326750d5838078e36cf38b85af677262	2026-10-07T20:45:59.2856828Z hint: Disable this message with "git config set advice.defaultBranchName false"
struct-b	Run actions/checkout@11d5960a326750d5838078e36cf38b85af677262	2026-10-07T20:45:59.2858726Z Initialized empty Git repository in /home/runner/work/Miner/Miner/.git/
struct-b	Run actions/checkout@11d5960a326750d5838078e36cf38b85af677262	2026-10-07T20:45:59.2861720Z [command]/usr/bin/git remote add origin https://github.com/HuanHuanHuanFFF/Miner
struct-b	Run actions/checkout@11d5960a326750d5838078e36cf38b85af677262	2026-10-07T20:45:59.2864434Z ##[endgroup]
struct-b	Run actions/checkout@11d5960a326750d5838078e36cf38b85af677262	2026-10-07T20:45:59.2866086Z ##[group]Disabling automatic garbage collection
struct-b	Run actions/checkout@11d5960a326750d5838078e36cf38b85af677262	2026-10-07T20:45:59.2867376Z [command]/usr/bin/git config --local gc.auto 0
struct-b	Run actions/checkout@11d5960a326750d5838078e36cf38b85af677262	2026-10-07T20:45:59.2869689Z ##[endgroup]
struct-b	Run actions/checkout@11d5960a326750d5838078e36cf38b85af677262	2026-10-07T20:45:59.2870701Z ##[group]Setting up auth
struct-b	Run actions/checkout@11d5960a326750d5838078e36cf38b85af677262	2026-10-07T20:45:59.2871837Z [command]/usr/bin/git config --local --name-only --get-regexp core\.sshCommand
struct-b	Run actions/checkout@11d5960a326750d5838078e36cf38b85af677262	2026-10-07T20:45:59.2937738Z [command]/usr/bin/git submodule foreach --recursive sh -c "git config --local --name-only --get-regexp 'core\.sshCommand' && git config --local --unset-all 'core.sshCommand' || :"
struct-b	Run actions/checkout@11d5960a326750d5838078e36cf38b85af677262	2026-10-07T20:45:59.4362201Z [command]/usr/bin/git config --local --name-only --get-regexp http\.https\:\/\/github\.com\/\.extraheader
struct-b	Run actions/checkout@11d5960a326750d5838078e36cf38b85af677262	2026-10-07T20:45:59.4366075Z [command]/usr/bin/git submodule foreach --recursive sh -c "git config --local --name-only --get-regexp 'http\.https\:\/\/github\.com\/\.extraheader' && git config --local --unset-all 'http.https://github.com/.extraheader' || :"
struct-b	Run actions/checkout@11d5960a326750d5838078e36cf38b85af677262	2026-10-07T20:45:59.4370005Z [command]/usr/bin/git config --local --name-only --get-regexp ^includeIf\.gitdir:
struct-b	Run actions/checkout@11d5960a326750d5838078e36cf38b85af677262	2026-10-07T20:45:59.4373320Z [command]/usr/bin/git submodule foreach --recursive git config --local --show-origin --name-only --get-regexp remote.origin.url
struct-b	Run actions/checkout@11d5960a326750d5838078e36cf38b85af677262	2026-10-07T20:45:59.4376481Z [command]/usr/bin/git config --local http.https://github.com/.extraheader AUTHORIZATION: basic ***
struct-b	Run actions/checkout@11d5960a326750d5838078e36cf38b85af677262	2026-10-07T20:45:59.4379252Z ##[endgroup]
struct-b	Run actions/checkout@11d5960a326750d5838078e36cf38b85af677262	2026-10-07T20:45:59.4380382Z ##[group]Fetching the repository
struct-b	Run actions/checkout@11d5960a326750d5838078e36cf38b85af677262	2026-10-07T20:45:59.4382050Z [command]/usr/bin/git -c protocol.version=2 fetch --no-tags --prune --no-recurse-submodules --depth=1 origin +f1f4159089baada0f69cd6e498139b390844a5f5:refs/remotes/origin/codex/round10-balanced
struct-b	Run actions/checkout@11d5960a326750d5838078e36cf38b85af677262	2026-10-07T20:46:09.8773131Z From https://github.com/HuanHuanHuanFFF/Miner
struct-b	Run actions/checkout@11d5960a326750d5838078e36cf38b85af677262	2026-10-07T20:46:09.8774141Z  * [new ref]         f1f4159089baada0f69cd6e498139b390844a5f5 -> origin/codex/round10-balanced
struct-b	Run actions/checkout@11d5960a326750d5838078e36cf38b85af677262	2026-10-07T20:46:09.8776738Z ##[endgroup]
struct-b	Run actions/checkout@11d5960a326750d5838078e36cf38b85af677262	2026-10-07T20:46:09.8777381Z ##[group]Determining the checkout info
struct-b	Run actions/checkout@11d5960a326750d5838078e36cf38b85af677262	2026-10-07T20:46:09.8778108Z ##[endgroup]
struct-b	Run actions/checkout@11d5960a326750d5838078e36cf38b85af677262	2026-10-07T20:46:09.8778558Z [command]/usr/bin/git sparse-checkout disable
struct-b	Run actions/checkout@11d5960a326750d5838078e36cf38b85af677262	2026-10-07T20:46:09.8824466Z [command]/usr/bin/git config --local --unset-all extensions.worktreeConfig
struct-b	Run actions/checkout@11d5960a326750d5838078e36cf38b85af677262	2026-10-07T20:46:09.8855028Z ##[group]Checking out the ref
struct-b	Run actions/checkout@11d5960a326750d5838078e36cf38b85af677262	2026-10-07T20:46:09.8859042Z [command]/usr/bin/git checkout --progress --force -B codex/round10-balanced refs/remotes/origin/codex/round10-balanced
struct-b	Run actions/checkout@11d5960a326750d5838078e36cf38b85af677262	2026-10-07T20:46:10.9677507Z Switched to a new branch 'codex/round10-balanced'
struct-b	Run actions/checkout@11d5960a326750d5838078e36cf38b85af677262	2026-10-07T20:46:10.9697410Z branch 'codex/round10-balanced' set up to track 'origin/codex/round10-balanced'.
struct-b	Run actions/checkout@11d5960a326750d5838078e36cf38b85af677262	2026-10-07T20:46:10.9767663Z ##[endgroup]
struct-b	Run actions/checkout@11d5960a326750d5838078e36cf38b85af677262	2026-10-07T20:46:10.9813203Z [command]/usr/bin/git log -1 --format=%H
struct-b	Run actions/checkout@11d5960a326750d5838078e36cf38b85af677262	2026-10-07T20:46:10.9839843Z f1f4159089baada0f69cd6e498139b390844a5f5
struct-b	Run actions/checkout@11d5960a326750d5838078e36cf38b85af677262	2026-10-07T20:46:10.9851103Z ##[group]Removing auth
struct-b	Run actions/checkout@11d5960a326750d5838078e36cf38b85af677262	2026-10-07T20:46:10.9853809Z [command]/usr/bin/git config --local --name-only --get-regexp core\.sshCommand
struct-b	Run actions/checkout@11d5960a326750d5838078e36cf38b85af677262	2026-10-07T20:46:10.9884936Z [command]/usr/bin/git submodule foreach --recursive sh -c "git config --local --name-only --get-regexp 'core\.sshCommand' && git config --local --unset-all 'core.sshCommand' || :"
struct-b	Run actions/checkout@11d5960a326750d5838078e36cf38b85af677262	2026-10-07T20:46:11.0102839Z [command]/usr/bin/git config --local --name-only --get-regexp http\.https\:\/\/github\.com\/\.extraheader
struct-b	Run actions/checkout@11d5960a326750d5838078e36cf38b85af677262	2026-10-07T20:46:11.0128096Z http.https://github.com/.extraheader
struct-b	Run actions/checkout@11d5960a326750d5838078e36cf38b85af677262	2026-10-07T20:46:11.0136035Z [command]/usr/bin/git config --local --unset-all http.https://github.com/.extraheader
struct-b	Run actions/checkout@11d5960a326750d5838078e36cf38b85af677262	2026-10-07T20:46:11.0213422Z [command]/usr/bin/git submodule foreach --recursive sh -c "git config --local --name-only --get-regexp 'http\.https\:\/\/github\.com\/\.extraheader' && git config --local --unset-all 'http.https://github.com/.extraheader' || :"
struct-b	Run actions/checkout@11d5960a326750d5838078e36cf38b85af677262	2026-10-07T20:46:11.0419518Z [command]/usr/bin/git config --local --name-only --get-regexp ^includeIf\.gitdir:
struct-b	Run actions/checkout@11d5960a326750d5838078e36cf38b85af677262	2026-10-07T20:46:11.0450534Z [command]/usr/bin/git submodule foreach --recursive git config --local --show-origin --name-only --get-regexp remote.origin.url
struct-b	Run actions/checkout@11d5960a326750d5838078e36cf38b85af677262	2026-10-07T20:46:11.0668287Z ##[endgroup]
struct-b	Validate batch and exact candidate bytes	﻿2026-10-07T20:46:11.1060117Z ##[group]Run python3 scripts/round4.py preflight
struct-b	Validate batch and exact candidate bytes	2026-10-07T20:46:11.1060512Z ^[[36;1mpython3 scripts/round4.py preflight^[[0m
struct-b	Validate batch and exact candidate bytes	2026-10-07T20:46:11.1276012Z shell: /usr/bin/bash -e {0}
struct-b	Validate batch and exact candidate bytes	2026-10-07T20:46:11.1276277Z env:
struct-b	Validate batch and exact candidate bytes	2026-10-07T20:46:11.1276466Z   ROUND4_SPEC: struct-b
struct-b	Validate batch and exact candidate bytes	2026-10-07T20:46:11.1276703Z   ROUND4_SPEC_DIR: evidence/round10
struct-b	Validate batch and exact candidate bytes	2026-10-07T20:46:11.1276950Z ##[endgroup]
struct-b	Validate batch and exact candidate bytes	2026-10-07T20:46:11.1997315Z PREFLIGHT struct-b 11 hash-bound source/proof pairs
struct-b	Prepare isolated runner and pinned source	﻿2026-10-07T20:46:11.2393375Z ##[group]Run bash scripts/ci-prepare.sh
struct-b	Prepare isolated runner and pinned source	2026-10-07T20:46:11.2393705Z ^[[36;1mbash scripts/ci-prepare.sh^[[0m
struct-b	Prepare isolated runner and pinned source	2026-10-07T20:46:11.2452395Z shell: /usr/bin/bash -e {0}
struct-b	Prepare isolated runner and pinned source	2026-10-07T20:46:11.2452616Z env:
struct-b	Prepare isolated runner and pinned source	2026-10-07T20:46:11.2452800Z   ROUND4_SPEC: struct-b
struct-b	Prepare isolated runner and pinned source	2026-10-07T20:46:11.2453010Z   ROUND4_SPEC_DIR: evidence/round10
struct-b	Prepare isolated runner and pinned source	2026-10-07T20:46:11.2453230Z ##[endgroup]
struct-b	Prepare isolated runner and pinned source	2026-10-07T20:46:11.2997753Z Filesystem      Size  Used Avail Use% Mounted on
struct-b	Prepare isolated runner and pinned source	2026-10-07T20:46:11.2998517Z /dev/root        72G   59G   13G  83% /
struct-b	Prepare isolated runner and pinned source	2026-10-07T20:47:42.2180964Z Reading package lists...
struct-b	Prepare isolated runner and pinned source	2026-10-07T20:47:42.3840972Z Building dependency tree...
struct-b	Prepare isolated runner and pinned source	2026-10-07T20:47:42.3848356Z Reading state information...
struct-b	Prepare isolated runner and pinned source	2026-10-07T20:47:42.5144203Z curl is already the newest version (8.5.0-2ubuntu10.15).
struct-b	Prepare isolated runner and pinned source	2026-10-07T20:47:42.5144960Z python3 is already the newest version (3.12.3-0ubuntu2.1).
struct-b	Prepare isolated runner and pinned source	2026-10-07T20:47:42.5146024Z python3-venv is already the newest version (3.12.3-0ubuntu2.1).
struct-b	Prepare isolated runner and pinned source	2026-10-07T20:47:42.5146941Z git is already the newest version (1:2.55.0-0ppa1~ubuntu24.04.2).
struct-b	Prepare isolated runner and pinned source	2026-10-07T20:47:42.5149743Z git set to manually installed.
struct-b	Prepare isolated runner and pinned source	2026-10-07T20:47:42.5156086Z pkg-config is already the newest version (1.8.1-2build1).
struct-b	Prepare isolated runner and pinned source	2026-10-07T20:47:42.5166077Z zlib1g-dev is already the newest version (1:1.3.dfsg-3.1ubuntu2.2).
struct-b	Prepare isolated runner and pinned source	2026-10-07T20:47:42.5166656Z dbus-user-session is already the newest version (1.14.10-4ubuntu4.1).
struct-b	Prepare isolated runner and pinned source	2026-10-07T20:47:42.5186064Z dbus-user-session set to manually installed.
struct-b	Prepare isolated runner and pinned source	2026-10-07T20:47:42.5186518Z The following additional packages will be installed:
struct-b	Prepare isolated runner and pinned source	2026-10-07T20:47:42.5186880Z   libssl3t64 openssl
struct-b	Prepare isolated runner and pinned source	2026-10-07T20:47:42.5187136Z Suggested packages:
struct-b	Prepare isolated runner and pinned source	2026-10-07T20:47:42.5187382Z   libssl-doc
struct-b	Prepare isolated runner and pinned source	2026-10-07T20:47:42.5332826Z The following NEW packages will be installed:
struct-b	Prepare isolated runner and pinned source	2026-10-07T20:47:42.5338791Z   bubblewrap build-essential
struct-b	Prepare isolated runner and pinned source	2026-10-07T20:47:42.5344759Z The following packages will be upgraded:
struct-b	Prepare isolated runner and pinned source	2026-10-07T20:47:42.5346710Z   libssl-dev libssl3t64 openssl
struct-b	Prepare isolated runner and pinned source	2026-10-07T20:47:42.5488248Z 3 upgraded, 2 newly installed, 0 to remove and 27 not upgraded.
struct-b	Prepare isolated runner and pinned source	2026-10-07T20:47:42.5488948Z Need to get 5413 kB of archives.
struct-b	Prepare isolated runner and pinned source	2026-10-07T20:47:42.5489567Z After this operation, 154 kB of additional disk space will be used.
struct-b	Prepare isolated runner and pinned source	2026-10-07T20:47:42.5490228Z Get:1 file:/etc/apt/apt-mirrors.txt Mirrorlist [144 B]
struct-b	Prepare isolated runner and pinned source	2026-10-07T20:48:12.5960693Z Ign:2 http://azure.archive.ubuntu.com/ubuntu noble-updates/main amd64 libssl-dev amd64 3.0.13-0ubuntu3.16
struct-b	Prepare isolated runner and pinned source	2026-10-07T20:48:27.6940458Z Get:3 http://azure.archive.ubuntu.com/ubuntu noble-updates/main amd64 libssl3t64 amd64 3.0.13-0ubuntu3.16 [1945 kB]
struct-b	Prepare isolated runner and pinned source	2026-10-07T20:48:42.8301126Z Get:4 http://azure.archive.ubuntu.com/ubuntu noble-updates/main amd64 openssl amd64 3.0.13-0ubuntu3.16 [1004 kB]
struct-b	Prepare isolated runner and pinned source	2026-10-07T20:48:42.9483402Z Get:5 http://azure.archive.ubuntu.com/ubuntu noble-updates/main amd64 bubblewrap amd64 0.9.0-1ubuntu0.3 [50.4 kB]
struct-b	Prepare isolated runner and pinned source	2026-10-07T20:48:43.0322142Z Get:6 http://azure.archive.ubuntu.com/ubuntu noble/main amd64 build-essential amd64 12.10ubuntu1 [4928 B]
struct-b	Prepare isolated runner and pinned source	2026-10-07T20:48:43.1153873Z Get:2 http://azure.archive.ubuntu.com/ubuntu noble-updates/main amd64 libssl-dev amd64 3.0.13-0ubuntu3.16 [2409 kB]
struct-b	Prepare isolated runner and pinned source	2026-10-07T20:48:43.3884009Z Fetched 5413 kB in 1min 1s (89.3 kB/s)
struct-b	Prepare isolated runner and pinned source	2026-10-07T20:48:43.4273927Z (Reading database ... 
struct-b	Prepare isolated runner and pinned source	2026-10-07T20:48:43.4274315Z (Reading database ... 5%
struct-b	Prepare isolated runner and pinned source	2026-10-07T20:48:43.4274592Z (Reading database ... 10%
struct-b	Prepare isolated runner and pinned source	2026-10-07T20:48:43.4274878Z (Reading database ... 15%
struct-b	Prepare isolated runner and pinned source	2026-10-07T20:48:43.4275123Z (Reading database ... 20%
struct-b	Prepare isolated runner and pinned source	2026-10-07T20:48:43.4275417Z (Reading database ... 25%
struct-b	Prepare isolated runner and pinned source	2026-10-07T20:48:43.4275940Z (Reading database ... 30%
struct-b	Prepare isolated runner and pinned source	2026-10-07T20:48:43.4276203Z (Reading database ... 35%
struct-b	Prepare isolated runner and pinned source	2026-10-07T20:48:43.4276466Z (Reading database ... 40%
struct-b	Prepare isolated runner and pinned source	2026-10-07T20:48:43.4276952Z (Reading database ... 45%
struct-b	Prepare isolated runner and pinned source	2026-10-07T20:48:43.4277219Z (Reading database ... 50%
struct-b	Prepare isolated runner and pinned source	2026-10-07T20:48:43.4308212Z (Reading database ... 55%
struct-b	Prepare isolated runner and pinned source	2026-10-07T20:48:43.5476532Z (Reading database ... 60%
struct-b	Prepare isolated runner and pinned source	2026-10-07T20:48:43.7379219Z (Reading database ... 65%
struct-b	Prepare isolated runner and pinned source	2026-10-07T20:48:43.9426995Z (Reading database ... 70%
struct-b	Prepare isolated runner and pinned source	2026-10-07T20:48:44.1457730Z (Reading database ... 75%
struct-b	Prepare isolated runner and pinned source	2026-10-07T20:48:44.2878410Z (Reading database ... 80%
struct-b	Prepare isolated runner and pinned source	2026-10-07T20:48:44.4886196Z (Reading database ... 85%
struct-b	Prepare isolated runner and pinned source	2026-10-07T20:48:44.6482122Z (Reading database ... 90%
struct-b	Prepare isolated runner and pinned source	2026-10-07T20:48:44.7932533Z (Reading database ... 95%
struct-b	Prepare isolated runner and pinned source	2026-10-07T20:48:44.7933154Z (Reading database ... 100%
struct-b	Prepare isolated runner and pinned source	2026-10-07T20:48:44.7933892Z (Reading database ... 202296 files and directories currently installed.)
struct-b	Prepare isolated runner and pinned source	2026-10-07T20:48:44.7980711Z Preparing to unpack .../libssl-dev_3.0.13-0ubuntu3.16_amd64.deb ...
struct-b	Prepare isolated runner and pinned source	2026-10-07T20:48:44.8140401Z Unpacking libssl-dev:amd64 (3.0.13-0ubuntu3.16) over (3.0.13-0ubuntu3.15) ...
struct-b	Prepare isolated runner and pinned source	2026-10-07T20:48:45.0605137Z Preparing to unpack .../libssl3t64_3.0.13-0ubuntu3.16_amd64.deb ...
struct-b	Prepare isolated runner and pinned source	2026-10-07T20:48:45.0635129Z Unpacking libssl3t64:amd64 (3.0.13-0ubuntu3.16) over (3.0.13-0ubuntu3.15) ...
struct-b	Prepare isolated runner and pinned source	2026-10-07T20:48:45.1860352Z Setting up libssl3t64:amd64 (3.0.13-0ubuntu3.16) ...
struct-b	Prepare isolated runner and pinned source	2026-10-07T20:48:45.2261287Z (Reading database ... 
struct-b	Prepare isolated runner and pinned source	2026-10-07T20:48:45.2262270Z (Reading database ... 5%
struct-b	Prepare isolated runner and pinned source	2026-10-07T20:48:45.2269089Z (Reading database ... 10%
struct-b	Prepare isolated runner and pinned source	2026-10-07T20:48:45.2269845Z (Reading database ... 15%
struct-b	Prepare isolated runner and pinned source	2026-10-07T20:48:45.2270335Z (Reading database ... 20%
struct-b	Prepare isolated runner and pinned source	2026-10-07T20:48:45.2270781Z (Reading database ... 25%
struct-b	Prepare isolated runner and pinned source	2026-10-07T20:48:45.2271275Z (Reading database ... 30%
struct-b	Prepare isolated runner and pinned source	2026-10-07T20:48:45.2271874Z (Reading database ... 35%
struct-b	Prepare isolated runner and pinned source	2026-10-07T20:48:45.2272282Z (Reading database ... 40%
struct-b	Prepare isolated runner and pinned source	2026-10-07T20:48:45.2272745Z (Reading database ... 45%
struct-b	Prepare isolated runner and pinned source	2026-10-07T20:48:45.2273189Z (Reading database ... 50%
struct-b	Prepare isolated runner and pinned source	2026-10-07T20:48:45.2273665Z (Reading database ... 55%
struct-b	Prepare isolated runner and pinned source	2026-10-07T20:48:45.2365250Z (Reading database ... 60%
struct-b	Prepare isolated runner and pinned source	2026-10-07T20:48:45.2392489Z (Reading database ... 65%
struct-b	Prepare isolated runner and pinned source	2026-10-07T20:48:45.2412273Z (Reading database ... 70%
struct-b	Prepare isolated runner and pinned source	2026-10-07T20:48:45.2444239Z (Reading database ... 75%
struct-b	Prepare isolated runner and pinned source	2026-10-07T20:48:45.2471908Z (Reading database ... 80%
struct-b	Prepare isolated runner and pinned source	2026-10-07T20:48:45.2495605Z (Reading database ... 85%
struct-b	Prepare isolated runner and pinned source	2026-10-07T20:48:45.2621952Z (Reading database ... 90%
struct-b	Prepare isolated runner and pinned source	2026-10-07T20:48:45.2836306Z (Reading database ... 95%
struct-b	Prepare isolated runner and pinned source	2026-10-07T20:48:45.2837124Z (Reading database ... 100%
struct-b	Prepare isolated runner and pinned source	2026-10-07T20:48:45.2837762Z (Reading database ... 202296 files and directories currently installed.)
struct-b	Prepare isolated runner and pinned source	2026-10-07T20:48:45.2874005Z Preparing to unpack .../openssl_3.0.13-0ubuntu3.16_amd64.deb ...
struct-b	Prepare isolated runner and pinned source	2026-10-07T20:48:45.2903314Z Unpacking openssl (3.0.13-0ubuntu3.16) over (3.0.13-0ubuntu3.15) ...
struct-b	Prepare isolated runner and pinned source	2026-10-07T20:48:45.4649405Z Selecting previously unselected package bubblewrap.
struct-b	Prepare isolated runner and pinned source	2026-10-07T20:48:45.4766469Z Preparing to unpack .../bubblewrap_0.9.0-1ubuntu0.3_amd64.deb ...
struct-b	Prepare isolated runner and pinned source	2026-10-07T20:48:45.4772498Z Unpacking bubblewrap (0.9.0-1ubuntu0.3) ...
struct-b	Prepare isolated runner and pinned source	2026-10-07T20:48:45.4971328Z Selecting previously unselected package build-essential.
struct-b	Prepare isolated runner and pinned source	2026-10-07T20:48:45.5079673Z Preparing to unpack .../build-essential_12.10ubuntu1_amd64.deb ...
struct-b	Prepare isolated runner and pinned source	2026-10-07T20:48:45.5091786Z Unpacking build-essential (12.10ubuntu1) ...
struct-b	Prepare isolated runner and pinned source	2026-10-07T20:48:45.5549752Z Setting up bubblewrap (0.9.0-1ubuntu0.3) ...
struct-b	Prepare isolated runner and pinned source	2026-10-07T20:48:45.5594301Z Setting up libssl-dev:amd64 (3.0.13-0ubuntu3.16) ...
struct-b	Prepare isolated runner and pinned source	2026-10-07T20:48:45.5611290Z Setting up build-essential (12.10ubuntu1) ...
struct-b	Prepare isolated runner and pinned source	2026-10-07T20:48:45.5628523Z Setting up openssl (3.0.13-0ubuntu3.16) ...
struct-b	Prepare isolated runner and pinned source	2026-10-07T20:48:45.5665845Z Processing triggers for man-db (2.12.0-4build2) ...
struct-b	Prepare isolated runner and pinned source	2026-10-07T20:48:45.5683567Z Not building database; man-db/auto-update is not 'true'.
struct-b	Prepare isolated runner and pinned source	2026-10-07T20:48:45.5694806Z Processing triggers for libc-bin (2.39-0ubuntu8.9) ...
struct-b	Prepare isolated runner and pinned source	2026-10-07T20:48:46.1923367Z 
struct-b	Prepare isolated runner and pinned source	2026-10-07T20:48:46.1924225Z Running kernel seems to be up-to-date.
struct-b	Prepare isolated runner and pinned source	2026-10-07T20:48:46.1925004Z 
struct-b	Prepare isolated runner and pinned source	2026-10-07T20:48:46.1925296Z Restarting services...
struct-b	Prepare isolated runner and pinned source	2026-10-07T20:48:46.2319265Z  /etc/needrestart/restart.d/systemd-manager
struct-b	Prepare isolated runner and pinned source	2026-10-07T20:48:46.5353682Z  systemctl restart packagekit.service php8.3-fpm.service systemd-journald.service systemd-networkd.service systemd-resolved.service systemd-udevd.service udisks2.service
struct-b	Prepare isolated runner and pinned source	2026-10-07T20:48:46.7866334Z 
struct-b	Prepare isolated runner and pinned source	2026-10-07T20:48:46.7872711Z Service restarts being deferred:
struct-b	Prepare isolated runner and pinned source	2026-10-07T20:48:46.7873471Z  systemctl restart hosted-compute-agent.service
struct-b	Prepare isolated runner and pinned source	2026-10-07T20:48:46.7881288Z  systemctl restart systemd-logind.service
struct-b	Prepare isolated runner and pinned source	2026-10-07T20:48:46.7881959Z  systemctl restart walinuxagent.service
struct-b	Prepare isolated runner and pinned source	2026-10-07T20:48:46.7883010Z 
struct-b	Prepare isolated runner and pinned source	2026-10-07T20:48:46.7883330Z No containers need to be restarted.
struct-b	Prepare isolated runner and pinned source	2026-10-07T20:48:46.7883645Z 
struct-b	Prepare isolated runner and pinned source	2026-10-07T20:48:46.7883790Z User sessions running outdated binaries:
struct-b	Prepare isolated runner and pinned source	2026-10-07T20:48:46.7884153Z  runner @ user manager service: systemd[1008]
struct-b	Prepare isolated runner and pinned source	2026-10-07T20:48:46.7970128Z 
struct-b	Prepare isolated runner and pinned source	2026-10-07T20:48:46.7970849Z No VM guests are running outdated hypervisor (qemu) binaries on this host.
struct-b	Prepare isolated runner and pinned source	2026-10-07T20:48:47.6095006Z kernel.apparmor_restrict_unprivileged_userns = 0
struct-b	Prepare isolated runner and pinned source	2026-10-07T20:48:47.6352376Z hint: Using 'master' as the name for the initial branch. This default branch name
struct-b	Prepare isolated runner and pinned source	2026-10-07T20:48:47.6353279Z hint: will change to "main" in Git 3.0. To configure the initial branch name
struct-b	Prepare isolated runner and pinned source	2026-10-07T20:48:47.6354201Z hint: to use in all of your new repositories, which will suppress this warning,
struct-b	Prepare isolated runner and pinned source	2026-10-07T20:48:47.6354909Z Initialized empty Git repository in /home/runner/work/_temp/deflate-upstream/.git/
struct-b	Prepare isolated runner and pinned source	2026-10-07T20:48:47.6356357Z hint: call:
struct-b	Prepare isolated runner and pinned source	2026-10-07T20:48:47.6356853Z hint:
struct-b	Prepare isolated runner and pinned source	2026-10-07T20:48:47.6357631Z hint: 	git config --global init.defaultBranch <name>
struct-b	Prepare isolated runner and pinned source	2026-10-07T20:48:47.6358150Z hint:
struct-b	Prepare isolated runner and pinned source	2026-10-07T20:48:47.6358681Z hint: Names commonly chosen instead of 'master' are 'main', 'trunk' and
struct-b	Prepare isolated runner and pinned source	2026-10-07T20:48:47.6359422Z hint: 'development'. The just-created branch can be renamed via this command:
struct-b	Prepare isolated runner and pinned source	2026-10-07T20:48:47.6360041Z hint:
struct-b	Prepare isolated runner and pinned source	2026-10-07T20:48:47.6360441Z hint: 	git branch -m <name>
struct-b	Prepare isolated runner and pinned source	2026-10-07T20:48:47.6360992Z hint:
struct-b	Prepare isolated runner and pinned source	2026-10-07T20:48:47.6361530Z hint: Disable this message with "git config set advice.defaultBranchName false"
struct-b	Prepare isolated runner and pinned source	2026-10-07T20:48:48.0297017Z From https://github.com/conjectures-io/conjectures-optimisation-deflate
struct-b	Prepare isolated runner and pinned source	2026-10-07T20:48:48.0297988Z  * branch            a356bbff18b60c4527fbcc85d5a28ef9c20214e0 -> FETCH_HEAD
struct-b	Prepare isolated runner and pinned source	2026-10-07T20:48:48.0774646Z HEAD is now at a356bbf make the pins telemetry instead of blocking (#30)
struct-b	Prepare isolated runner and pinned source	2026-10-07T20:48:48.1007551Z Official pinned source files: 70/70 match
struct-b	Prepare isolated runner and pinned source	2026-10-07T20:48:48.1288080Z Running as unit: run-u0.service; invocation ID: 2d7af88b5ff74bb38466d417677f6ba9
struct-b	Prepare isolated runner and pinned source	2026-10-07T20:48:48.1326538Z Finished with result: success
struct-b	Prepare isolated runner and pinned source	2026-10-07T20:48:48.1331495Z Main processes terminated with: code=exited/status=0
struct-b	Prepare isolated runner and pinned source	2026-10-07T20:48:48.1332078Z Service runtime: 3ms
struct-b	Prepare isolated runner and pinned source	2026-10-07T20:48:48.1332523Z CPU time consumed: 1ms
struct-b	Prepare isolated runner and pinned source	2026-10-07T20:48:48.1332934Z Memory peak: 256.0K
struct-b	Prepare isolated runner and pinned source	2026-10-07T20:48:48.1333326Z Memory swap peak: 0B
struct-b	Install official verification toolchain	﻿2026-10-07T20:48:48.1399597Z ##[group]Run bash scripts/ci-setup.sh
struct-b	Install official verification toolchain	2026-10-07T20:48:48.1400009Z ^[[36;1mbash scripts/ci-setup.sh^[[0m
struct-b	Install official verification toolchain	2026-10-07T20:48:48.1456353Z shell: /usr/bin/bash -e {0}
struct-b	Install official verification toolchain	2026-10-07T20:48:48.1456558Z env:
struct-b	Install official verification toolchain	2026-10-07T20:48:48.1456718Z   ROUND4_SPEC: struct-b
struct-b	Install official verification toolchain	2026-10-07T20:48:48.1456913Z   ROUND4_SPEC_DIR: evidence/round10
struct-b	Install official verification toolchain	2026-10-07T20:48:48.1457162Z   DEFLATE_ROOT: /home/runner/work/_temp/deflate-upstream
struct-b	Install official verification toolchain	2026-10-07T20:48:48.1457496Z   ELAN_HOME: /home/runner/work/_temp/deflate-upstream/validator/.work/elan
struct-b	Install official verification toolchain	2026-10-07T20:48:48.1457831Z   XDG_CACHE_HOME: /home/runner/work/_temp/deflate-cache
struct-b	Install official verification toolchain	2026-10-07T20:48:48.1458105Z   UV_CACHE_DIR: /home/runner/work/_temp/deflate-cache/uv
struct-b	Install official verification toolchain	2026-10-07T20:48:48.1458351Z   XDG_RUNTIME_DIR: /run/user/1001
struct-b	Install official verification toolchain	2026-10-07T20:48:48.1458583Z   DBUS_SESSION_BUS_ADDRESS: unix:path=/run/user/1001/bus
struct-b	Install official verification toolchain	2026-10-07T20:48:48.1458824Z   VERIFY_CORPUS: corpus-stage1
struct-b	Install official verification toolchain	2026-10-07T20:48:48.1459014Z   VERIFY_SANDBOX: bwrap
struct-b	Install official verification toolchain	2026-10-07T20:48:48.1459189Z   GIT_TERMINAL_PROMPT: 0
struct-b	Install official verification toolchain	2026-10-07T20:48:48.1459358Z ##[endgroup]
struct-b	Install official verification toolchain	2026-10-07T20:48:48.2089678Z info: syncing channel updates for nightly-2026-08-18-x86_64-unknown-linux-gnu
struct-b	Install official verification toolchain	2026-10-07T20:48:48.3361023Z info: latest update on 2026-08-18 for version 1.100.0-nightly (8fa1c96cf 2026-08-17)
struct-b	Install official verification toolchain	2026-10-07T20:48:48.3361798Z info: downloading 6 components
struct-b	Install official verification toolchain	2026-10-07T20:49:06.9185560Z 
struct-b	Install official verification toolchain	2026-10-07T20:49:06.9256267Z   nightly-2026-08-18-x86_64-unknown-linux-gnu installed - rustc 1.100.0-nightly (8fa1c96cf 2026-08-17)
struct-b	Install official verification toolchain	2026-10-07T20:49:06.9257496Z info: checking for self-update (current version: 1.29.1)
struct-b	Install official verification toolchain	2026-10-07T20:49:06.9257765Z 
struct-b	Install official verification toolchain	2026-10-07T20:49:07.3975138Z 
struct-b	Install official verification toolchain	2026-10-07T20:49:07.3976311Z ^[[1m1/9  System packages^[[0m
struct-b	Install official verification toolchain	2026-10-07T20:49:07.3979631Z   ^[[32m✓^[[0m cc, curl, python3, git, bubblewrap present
struct-b	Install official verification toolchain	2026-10-07T20:49:07.3980000Z 
struct-b	Install official verification toolchain	2026-10-07T20:49:07.3986387Z ^[[1m2/9  just (1.58.0)^[[0m
struct-b	Install official verification toolchain	2026-10-07T20:49:07.3987023Z   ^[[33m·^[[0m installing into ~/.local/bin
struct-b	Install official verification toolchain	2026-10-07T20:49:07.5277111Z   ^[[32m✓^[[0m installed ~/.local/bin/just
struct-b	Install official verification toolchain	2026-10-07T20:49:07.5282754Z 
struct-b	Install official verification toolchain	2026-10-07T20:49:07.5283272Z ^[[1m3/9  uv (0.12.15)^[[0m
struct-b	Install official verification toolchain	2026-10-07T20:49:07.5286681Z   ^[[33m·^[[0m installing into ~/.local/bin
struct-b	Install official verification toolchain	2026-10-07T20:49:08.0524228Z   ^[[32m✓^[[0m installed ~/.local/bin/uv
struct-b	Install official verification toolchain	2026-10-07T20:49:08.0530275Z 
struct-b	Install official verification toolchain	2026-10-07T20:49:08.0530918Z ^[[1m4/9  Python environment (.venv, from pyproject.toml)^[[0m
struct-b	Install official verification toolchain	2026-10-07T20:49:08.0532136Z   ^[[33m·^[[0m syncing .venv from pyproject.toml
struct-b	Install official verification toolchain	2026-10-07T20:49:11.7337893Z   ^[[32m✓^[[0m .venv ready
struct-b	Install official verification toolchain	2026-10-07T20:49:11.7476289Z   ^[[33m·^[[0m bittensor SDK absent - miners do not need it; validators run ./setup.sh --chain
struct-b	Install official verification toolchain	2026-10-07T20:49:11.7477767Z 
struct-b	Install official verification toolchain	2026-10-07T20:49:11.7478163Z ^[[1m5/9  Trusted-input audit^[[0m
struct-b	Install official verification toolchain	2026-10-07T20:49:11.7478780Z   ^[[32m✓^[[0m gate worker records observed code and benchmark identities
struct-b	Install official verification toolchain	2026-10-07T20:49:11.7480526Z 
struct-b	Install official verification toolchain	2026-10-07T20:49:11.7480730Z ^[[1m6/9  Configuration (.env)^[[0m
struct-b	Install official verification toolchain	2026-10-07T20:49:11.7492545Z   ^[[32m✓^[[0m created .env from .env.example - edit it for a validator
struct-b	Install official verification toolchain	2026-10-07T20:49:11.7493132Z 
struct-b	Install official verification toolchain	2026-10-07T20:49:11.7495262Z ^[[1m7/9  Scoring corpus (corpus-stage1, the benchmark default)^[[0m
struct-b	Install official verification toolchain	2026-10-07T20:49:11.7504245Z   ^[[33m·^[[0m fetching corpus-stage1 (and corpus-stage2, if reachable)
struct-b	Install official verification toolchain	2026-10-07T20:49:11.7537933Z bash /home/runner/work/_temp/deflate-upstream/scripts/pull-corpus.sh 
struct-b	Install official verification toolchain	2026-10-07T20:49:12.8763649Z stage 1  28 files, 15930000 bytes, at 0260078
struct-b	Install official verification toolchain	2026-10-07T20:49:13.2683123Z stage 2  unavailable (https://github.com/conjectures-io/conjectures-compression-corpus-2) -- skipping the held-out corpus.
struct-b	Install official verification toolchain	2026-10-07T20:49:13.2706848Z   ^[[32m✓^[[0m data/benchmark/corpus-stage1 ready
struct-b	Install official verification toolchain	2026-10-07T20:49:14.9852650Z     Updating crates.io index
struct-b	Install official verification toolchain	2026-10-07T20:49:15.4822403Z  Downloading crates ...
struct-b	Install official verification toolchain	2026-10-07T20:49:15.5705954Z   Downloaded zmij v1.0.23
struct-b	Install official verification toolchain	2026-10-07T20:49:15.6105085Z   Downloaded itoa v1.0.18
struct-b	Install official verification toolchain	2026-10-07T20:49:15.6117446Z   Downloaded unicode-ident v1.0.26
struct-b	Install official verification toolchain	2026-10-07T20:49:15.6141735Z   Downloaded quote v1.0.47
struct-b	Install official verification toolchain	2026-10-07T20:49:15.6166692Z   Downloaded proc-macro2 v1.0.107
struct-b	Install official verification toolchain	2026-10-07T20:49:15.6191338Z   Downloaded memchr v2.8.3
struct-b	Install official verification toolchain	2026-10-07T20:49:15.6331154Z   Downloaded serde_core v1.0.229
struct-b	Install official verification toolchain	2026-10-07T20:49:15.6354513Z   Downloaded serde_json v1.0.151
struct-b	Install official verification toolchain	2026-10-07T20:49:15.6414943Z   Downloaded syn v2.0.119
struct-b	Install official verification toolchain	2026-10-07T20:49:15.7122305Z    Compiling proc-macro2 v1.0.107
struct-b	Install official verification toolchain	2026-10-07T20:49:15.7123857Z    Compiling zmij v1.0.23
struct-b	Install official verification toolchain	2026-10-07T20:49:21.9789436Z    Compiling serde_core v1.0.229
struct-b	Install official verification toolchain	2026-10-07T20:49:22.1338420Z    Compiling quote v1.0.47
struct-b	Install official verification toolchain	2026-10-07T20:49:22.2085954Z    Compiling unicode-ident v1.0.26
struct-b	Install official verification toolchain	2026-10-07T20:49:22.5487736Z    Compiling serde_json v1.0.151
struct-b	Install official verification toolchain	2026-10-07T20:49:25.2267953Z    Compiling itoa v1.0.18
struct-b	Install official verification toolchain	2026-10-07T20:49:25.3866485Z    Compiling memchr v2.8.3
struct-b	Install official verification toolchain	2026-10-07T20:49:26.4718133Z    Compiling syn v2.0.119
struct-b	Install official verification toolchain	2026-10-07T20:49:38.2047625Z    Compiling submission-precheck v0.1.0 (/home/runner/work/_temp/deflate-upstream/validator/precheck)
struct-b	Install official verification toolchain	2026-10-07T20:49:39.7433380Z     Finished `release` profile [optimized] target(s) in 26.00s
struct-b	Install official verification toolchain	2026-10-07T20:49:39.7624222Z 
struct-b	Install official verification toolchain	2026-10-07T20:49:39.7625229Z ^[[1m8/9  Slot (validator/slot/src/parse.rs is a symlink to generated/, gitignored)^[[0m
struct-b	Install official verification toolchain	2026-10-07T20:49:39.7654696Z   ^[[32m✓^[[0m seeded validator/slot/generated/parse.rs from miner/template
struct-b	Install official verification toolchain	2026-10-07T20:49:39.7655282Z 
struct-b	Install official verification toolchain	2026-10-07T20:49:39.7655789Z ^[[1m9/9  Toolchain: Lean, Aeneas, Charon, Mathlib^[[0m
struct-b	Install official verification toolchain	2026-10-07T20:49:39.7707988Z 
struct-b	Install official verification toolchain	2026-10-07T20:49:39.7708499Z ^[[1m1/6  Lean toolchain (leanprover/lean4:v4.31.0)^[[0m
struct-b	Install official verification toolchain	2026-10-07T20:49:39.7709421Z   ^[[33m·^[[0m elan not found — installing into /home/runner/work/_temp/deflate-upstream/validator/.work/elan
struct-b	Install official verification toolchain	2026-10-07T20:49:40.0160365Z info: default toolchain set to 'leanprover/lean4:v4.31.0'
struct-b	Install official verification toolchain	2026-10-07T20:49:40.0216588Z   ^[[32m✓^[[0m installed elan at /home/runner/work/_temp/deflate-upstream/validator/.work/elan
struct-b	Install official verification toolchain	2026-10-07T20:50:07.2381203Z   ^[[32m✓^[[0m Lean (version 4.31.0, x86_64-unknown-linux-gnu, commit 68218e876d2a38b1985b8590fff244a83c321783, Release)
struct-b	Install official verification toolchain	2026-10-07T20:50:07.2381881Z 
struct-b	Install official verification toolchain	2026-10-07T20:50:07.2383422Z ^[[1m2/6  Aeneas + Charon (nightly-2026.08.27-5b9dcf3 release)^[[0m
struct-b	Install official verification toolchain	2026-10-07T20:50:07.2384323Z   ^[[33m·^[[0m not found — fetching the nightly-2026.08.27-5b9dcf3 release (~120 MB)
struct-b	Install official verification toolchain	2026-10-07T20:50:13.4203796Z   ^[[32m✓^[[0m installed aeneas and charon at /home/runner/work/_temp/deflate-upstream/validator/.work/aeneas
struct-b	Install official verification toolchain	2026-10-07T20:50:13.4204845Z 
struct-b	Install official verification toolchain	2026-10-07T20:50:13.4205807Z ^[[1m3/6  Rust nightly for charon-driver (nightly-2026-08-18 + rustc-dev)^[[0m
struct-b	Install official verification toolchain	2026-10-07T20:50:13.4288857Z   ^[[32m✓^[[0m nightly-2026-08-18 installed
struct-b	Install official verification toolchain	2026-10-07T20:50:13.4289338Z 
struct-b	Install official verification toolchain	2026-10-07T20:50:13.4289777Z ^[[1m4/6  Lean dependencies (Aeneas backend + Mathlib)^[[0m
struct-b	Install official verification toolchain	2026-10-07T20:50:13.4290693Z   ^[[33m·^[[0m no shared checkout — fetching our own (~7 GB, ~10 min)
struct-b	Install official verification toolchain	2026-10-07T20:50:13.4736590Z info: aeneas: cloning https://github.com/AeneasVerif/aeneas
struct-b	Install official verification toolchain	2026-10-07T20:50:17.9400831Z info: aeneas: checking out revision '5b9dcf33dccdb1560ea7203ac57ea202476b6ed3'
struct-b	Install official verification toolchain	2026-10-07T20:50:18.0679087Z info: toolchain not updated; already up-to-date
struct-b	Install official verification toolchain	2026-10-07T20:50:18.4866720Z info: mathlib: cloning https://github.com/leanprover-community/mathlib4.git
struct-b	Install official verification toolchain	2026-10-07T20:51:12.7200856Z info: mathlib: checking out revision 'fabf563a7c95a166b8d7b6efca11c8b4dc9d911f'
struct-b	Install official verification toolchain	2026-10-07T20:51:14.3562374Z info: plausible: cloning https://github.com/leanprover-community/plausible
struct-b	Install official verification toolchain	2026-10-07T20:51:15.4602202Z info: plausible: checking out revision '63045536fe95024e6c18fc7b48e03f506701c5bc'
struct-b	Install official verification toolchain	2026-10-07T20:51:15.4715083Z info: LeanSearchClient: cloning https://github.com/leanprover-community/LeanSearchClient
struct-b	Install official verification toolchain	2026-10-07T20:51:15.6512319Z info: LeanSearchClient: checking out revision 'c5d5b8fe6e5158def25cd28eb94e4141ad97c843'
struct-b	Install official verification toolchain	2026-10-07T20:51:15.6610645Z info: importGraph: cloning https://github.com/leanprover-community/import-graph
struct-b	Install official verification toolchain	2026-10-07T20:51:16.3666607Z info: importGraph: checking out revision '5c7542ed018c78194f1e2b903eaf6a792b74c03d'
struct-b	Install official verification toolchain	2026-10-07T20:51:16.3799583Z info: proofwidgets: cloning https://github.com/leanprover-community/ProofWidgets4
struct-b	Install official verification toolchain	2026-10-07T20:51:16.7643328Z info: proofwidgets: checking out revision '24b0d9dc081c5423f8eec7e866c441e5184f29d9'
struct-b	Install official verification toolchain	2026-10-07T20:51:17.3089810Z info: aesop: cloning https://github.com/leanprover-community/aesop
struct-b	Install official verification toolchain	2026-10-07T20:51:17.8511442Z info: aesop: checking out revision 'e3cb2f741431ce31bf73549fb52316a57368b06f'
struct-b	Install official verification toolchain	2026-10-07T20:51:17.8697277Z info: Qq: cloning https://github.com/leanprover-community/quote4
struct-b	Install official verification toolchain	2026-10-07T20:51:19.1306389Z info: Qq: checking out revision 'f46324995fca5f0483b742e4eb4daec7f4ee50d2'
struct-b	Install official verification toolchain	2026-10-07T20:51:19.1400534Z info: batteries: cloning https://github.com/leanprover-community/batteries
struct-b	Install official verification toolchain	2026-10-07T20:51:22.2593196Z info: batteries: checking out revision 'fa08db58b30eb033edcdab331bba000827f9f785'
struct-b	Install official verification toolchain	2026-10-07T20:51:22.2902022Z info: Cli: cloning https://github.com/leanprover/lean4-cli
struct-b	Install official verification toolchain	2026-10-07T20:51:22.4950605Z info: Cli: checking out revision '92564e5770e4d09f2d86dfbf8ada1e9c715b384c'
struct-b	Install official verification toolchain	2026-10-07T20:51:22.5062214Z info: mathlib: running post-update hooks
struct-b	Install official verification toolchain	2026-10-07T20:51:23.4116935Z ✔ [3/10] Built Batteries.Data.String.Basic (517ms)
struct-b	Install official verification toolchain	2026-10-07T20:51:23.8116865Z ✔ [5/24] Built Batteries.Data.Array.Match (929ms)
struct-b	Install official verification toolchain	2026-10-07T20:51:23.9126763Z ✔ [6/24] Built Cache.Lean (538ms)
struct-b	Install official verification toolchain	2026-10-07T20:51:24.2119255Z ✔ [7/24] Built Batteries.Data.Array.Match:c.o (251ms)
struct-b	Install official verification toolchain	2026-10-07T20:51:24.3140321Z ✔ [8/24] Built Batteries.Data.String.Basic:c.o (125ms)
struct-b	Install official verification toolchain	2026-10-07T20:51:24.8145375Z ✔ [9/24] Built Batteries.Data.String.Matcher (445ms)
struct-b	Install official verification toolchain	2026-10-07T20:51:24.9146953Z ✔ [10/24] Built Cache.Lean:c.o (175ms)
struct-b	Install official verification toolchain	2026-10-07T20:51:25.1149142Z ✔ [11/24] Built Batteries.Tactic.OpenPrivate (1.3s)
struct-b	Install official verification toolchain	2026-10-07T20:51:25.3151465Z ✔ [12/24] Built Cache.Init (371ms)
struct-b	Install official verification toolchain	2026-10-07T20:51:25.3176332Z ✔ [13/24] Built Batteries.Data.String.Matcher:c.o (195ms)
struct-b	Install official verification toolchain	2026-10-07T20:51:25.4166616Z ✔ [14/24] Built Cache.Init:c.o (106ms)
struct-b	Install official verification toolchain	2026-10-07T20:51:26.8208524Z ✔ [15/24] Built Batteries.Tactic.OpenPrivate:c.o (1.5s)
struct-b	Install official verification toolchain	2026-10-07T20:51:27.2226787Z ✔ [16/24] Built Cache.IO (1.8s)
struct-b	Install official verification toolchain	2026-10-07T20:51:28.3274991Z ✔ [17/24] Built Cache.Hashing (1.1s)
struct-b	Install official verification toolchain	2026-10-07T20:51:28.8307941Z ✔ [18/24] Built Cache.Hashing:c.o (489ms)
struct-b	Install official verification toolchain	2026-10-07T20:51:29.0309835Z ✔ [19/24] Built Cache.IO:c.o (1.8s)
struct-b	Install official verification toolchain	2026-10-07T20:51:30.7356811Z ✔ [20/24] Built Cache.Requests (1.8s)
struct-b	Install official verification toolchain	2026-10-07T20:51:31.9381910Z ✔ [21/24] Built Cache.Main (1.2s)
struct-b	Install official verification toolchain	2026-10-07T20:51:32.6389002Z ✔ [22/24] Built Cache.Main:c.o (764ms)
struct-b	Install official verification toolchain	2026-10-07T20:51:33.1395085Z ✔ [23/24] Built Cache.Requests:c.o (2.4s)
struct-b	Install official verification toolchain	2026-10-07T20:51:33.9429673Z ✔ [24/24] Built cache:exe (759ms)
struct-b	Install official verification toolchain	2026-10-07T20:51:36.4889545Z Current branch: HEAD
struct-b	Install official verification toolchain	2026-10-07T20:51:36.4906515Z Using cache (Azure) from origin: (some leanprover-community/mathlib4)
struct-b	Install official verification toolchain	2026-10-07T20:51:36.4926045Z Attempting to download 8542 file(s) from leanprover-community/mathlib4 cache
struct-b	Install official verification toolchain	2026-10-07T20:51:37.9275943Z 
struct-b	Install official verification toolchain	2026-10-07T20:51:38.0263673Z Downloaded: 1 file(s) [attempted 1/8542 = 0%, 14 KB/s], Decompressed: 0
struct-b	Install official verification toolchain	2026-10-07T20:51:38.1270453Z Downloaded: 82 file(s) [attempted 82/8542 = 0%, 547 KB/s], Decompressed: 12
struct-b	Install official verification toolchain	2026-10-07T20:51:38.2285412Z Downloaded: 193 file(s) [attempted 193/8542 = 2%, 163 KB/s], Decompressed: 12
struct-b	Install official verification toolchain	2026-10-07T20:51:38.3270794Z Downloaded: 317 file(s) [attempted 317/8542 = 3%, 2301 KB/s], Decompressed: 12
struct-b	Install official verification toolchain	2026-10-07T20:51:38.4352705Z Downloaded: 435 file(s) [attempted 435/8542 = 5%, 2256 KB/s], Decompressed: 12
struct-b	Install official verification toolchain	2026-10-07T20:51:38.5348954Z Downloaded: 552 file(s) [attempted 552/8542 = 6%, 1585 KB/s], Decompressed: 73
struct-b	Install official verification toolchain	2026-10-07T20:51:38.6404151Z Downloaded: 660 file(s) [attempted 660/8542 = 7%, 584 KB/s], Decompressed: 73
struct-b	Install official verification toolchain	2026-10-07T20:51:38.7407414Z Downloaded: 779 file(s) [attempted 779/8542 = 9%, 723 KB/s], Decompressed: 73
struct-b	Install official verification toolchain	2026-10-07T20:51:38.8406746Z Downloaded: 894 file(s) [attempted 894/8542 = 10%, 928 KB/s], Decompressed: 73
struct-b	Install official verification toolchain	2026-10-07T20:51:38.9420762Z Downloaded: 1011 file(s) [attempted 1011/8542 = 11%, 635 KB/s], Decompressed: 73
struct-b	Install official verification toolchain	2026-10-07T20:51:39.0421112Z Downloaded: 1124 file(s) [attempted 1124/8542 = 13%, 325 KB/s], Decompressed: 73
struct-b	Install official verification toolchain	2026-10-07T20:51:39.1465135Z Downloaded: 1253 file(s) [attempted 1253/8542 = 14%, 435 KB/s], Decompressed: 73
struct-b	Install official verification toolchain	2026-10-07T20:51:39.2476125Z Downloaded: 1370 file(s) [attempted 1370/8542 = 16%, 656 KB/s], Decompressed: 73
struct-b	Install official verification toolchain	2026-10-07T20:51:39.3506652Z Downloaded: 1496 file(s) [attempted 1496/8542 = 17%, 435 KB/s], Decompressed: 73
struct-b	Install official verification toolchain	2026-10-07T20:51:39.4536658Z Downloaded: 1604 file(s) [attempted 1604/8542 = 18%, 972 KB/s], Decompressed: 73
struct-b	Install official verification toolchain	2026-10-07T20:51:39.5542281Z Downloaded: 1726 file(s) [attempted 1726/8542 = 20%, 3441 KB/s], Decompressed: 73
struct-b	Install official verification toolchain	2026-10-07T20:51:39.6557088Z Downloaded: 1843 file(s) [attempted 1843/8542 = 21%, 354 KB/s], Decompressed: 73
struct-b	Install official verification toolchain	2026-10-07T20:51:39.7569608Z Downloaded: 1934 file(s) [attempted 1934/8542 = 22%, 497 KB/s], Decompressed: 73
struct-b	Install official verification toolchain	2026-10-07T20:51:39.8611011Z Downloaded: 2044 file(s) [attempted 2044/8542 = 23%, 840 KB/s], Decompressed: 73
struct-b	Install official verification toolchain	2026-10-07T20:51:39.9660973Z Downloaded: 2154 file(s) [attempted 2154/8542 = 25%, 315 KB/s], Decompressed: 73
struct-b	Install official verification toolchain	2026-10-07T20:51:40.0666409Z Downloaded: 2267 file(s) [attempted 2267/8542 = 26%, 357 KB/s], Decompressed: 73
struct-b	Install official verification toolchain	2026-10-07T20:51:40.1676977Z Downloaded: 2383 file(s) [attempted 2383/8542 = 27%, 1602 KB/s], Decompressed: 73
struct-b	Install official verification toolchain	2026-10-07T20:51:40.2673434Z Downloaded: 2489 file(s) [attempted 2489/8542 = 29%, 674 KB/s], Decompressed: 73
struct-b	Install official verification toolchain	2026-10-07T20:51:40.3719164Z Downloaded: 2601 file(s) [attempted 2601/8542 = 30%, 943 KB/s], Decompressed: 73
struct-b	Install official verification toolchain	2026-10-07T20:51:40.4707510Z Downloaded: 2716 file(s) [attempted 2716/8542 = 31%, 2918 KB/s], Decompressed: 73
struct-b	Install official verification toolchain	2026-10-07T20:51:40.5770406Z Downloaded: 2831 file(s) [attempted 2831/8542 = 33%, 4337 KB/s], Decompressed: 73
struct-b	Install official verification toolchain	2026-10-07T20:51:40.6806623Z Downloaded: 2936 file(s) [attempted 2936/8542 = 34%, 313 KB/s], Decompressed: 73
struct-b	Install official verification toolchain	2026-10-07T20:51:40.7815087Z Downloaded: 3039 file(s) [attempted 3039/8542 = 35%, 627 KB/s], Decompressed: 73
struct-b	Install official verification toolchain	2026-10-07T20:51:40.8824101Z Downloaded: 3166 file(s) [attempted 3166/8542 = 37%, 1111 KB/s], Decompressed: 73
struct-b	Install official verification toolchain	2026-10-07T20:51:40.9816768Z Downloaded: 3300 file(s) [attempted 3300/8542 = 38%, 742 KB/s], Decompressed: 73
struct-b	Install official verification toolchain	2026-10-07T20:51:41.0836607Z Downloaded: 3414 file(s) [attempted 3414/8542 = 39%, 390 KB/s], Decompressed: 73
struct-b	Install official verification toolchain	2026-10-07T20:51:41.1850874Z Downloaded: 3538 file(s) [attempted 3538/8542 = 41%, 546 KB/s], Decompressed: 73
struct-b	Install official verification toolchain	2026-10-07T20:51:41.2856152Z Downloaded: 3681 file(s) [attempted 3681/8542 = 43%, 2560 KB/s], Decompressed: 73
struct-b	Install official verification toolchain	2026-10-07T20:51:41.3926109Z Downloaded: 3803 file(s) [attempted 3803/8542 = 44%, 795 KB/s], Decompressed: 73
struct-b	Install official verification toolchain	2026-10-07T20:51:41.4919300Z Downloaded: 3927 file(s) [attempted 3927/8542 = 45%, 1743 KB/s], Decompressed: 73
struct-b	Install official verification toolchain	2026-10-07T20:51:41.5937519Z Downloaded: 4039 file(s) [attempted 4039/8542 = 47%, 183 KB/s], Decompressed: 73
struct-b	Install official verification toolchain	2026-10-07T20:51:41.7020684Z Downloaded: 4184 file(s) [attempted 4184/8542 = 48%, 8130 KB/s], Decompressed: 73
struct-b	Install official verification toolchain	2026-10-07T20:51:41.8236629Z Downloaded: 4215 file(s) [attempted 4215/8542 = 49%, 1240 KB/s], Decompressed: 73
struct-b	Install official verification toolchain	2026-10-07T20:51:41.9256664Z Downloaded: 4334 file(s) [attempted 4334/8542 = 50%, 1674 KB/s], Decompressed: 73
struct-b	Install official verification toolchain	2026-10-07T20:51:42.0246639Z Downloaded: 4456 file(s) [attempted 4456/8542 = 52%, 260 KB/s], Decompressed: 73
struct-b	Install official verification toolchain	2026-10-07T20:51:42.1340306Z Downloaded: 4599 file(s) [attempted 4599/8542 = 53%, 280 KB/s], Decompressed: 73
struct-b	Install official verification toolchain	2026-10-07T20:51:42.2302110Z Downloaded: 4723 file(s) [attempted 4723/8542 = 55%, 271 KB/s], Decompressed: 73
struct-b	Install official verification toolchain	2026-10-07T20:51:42.3299380Z Downloaded: 4877 file(s) [attempted 4877/8542 = 57%, 196 KB/s], Decompressed: 552
struct-b	Install official verification toolchain	2026-10-07T20:51:42.4350247Z Downloaded: 5024 file(s) [attempted 5024/8542 = 58%, 833 KB/s], Decompressed: 552
struct-b	Install official verification toolchain	2026-10-07T20:51:42.5380680Z Downloaded: 5149 file(s) [attempted 5149/8542 = 60%, 1663 KB/s], Decompressed: 552
struct-b	Install official verification toolchain	2026-10-07T20:51:42.7007011Z Downloaded: 5273 file(s) [attempted 5273/8542 = 61%, 977 KB/s], Decompressed: 552
struct-b	Install official verification toolchain	2026-10-07T20:51:42.7976639Z Downloaded: 5363 file(s) [attempted 5363/8542 = 62%, 1668 KB/s], Decompressed: 552
struct-b	Install official verification toolchain	2026-10-07T20:51:42.8988062Z Downloaded: 5526 file(s) [attempted 5526/8542 = 64%, 103 KB/s], Decompressed: 552
struct-b	Install official verification toolchain	2026-10-07T20:51:43.0015700Z Downloaded: 5653 file(s) [attempted 5653/8542 = 66%, 281 KB/s], Decompressed: 552
struct-b	Install official verification toolchain	2026-10-07T20:51:43.1015207Z Downloaded: 5791 file(s) [attempted 5791/8542 = 67%, 6447 KB/s], Decompressed: 552
struct-b	Install official verification toolchain	2026-10-07T20:51:43.2014384Z Downloaded: 5941 file(s) [attempted 5941/8542 = 69%, 2308 KB/s], Decompressed: 552
struct-b	Install official verification toolchain	2026-10-07T20:51:43.3026346Z Downloaded: 6065 file(s) [attempted 6065/8542 = 71%, 978 KB/s], Decompressed: 552
struct-b	Install official verification toolchain	2026-10-07T20:51:43.4043898Z Downloaded: 6205 file(s) [attempted 6205/8542 = 72%, 1607 KB/s], Decompressed: 552
struct-b	Install official verification toolchain	2026-10-07T20:51:43.5046664Z Downloaded: 6341 file(s) [attempted 6341/8542 = 74%, 1639 KB/s], Decompressed: 552
struct-b	Install official verification toolchain	2026-10-07T20:51:43.6055634Z Downloaded: 6472 file(s) [attempted 6472/8542 = 75%, 2226 KB/s], Decompressed: 552
struct-b	Install official verification toolchain	2026-10-07T20:51:43.7059243Z Downloaded: 6610 file(s) [attempted 6610/8542 = 77%, 919 KB/s], Decompressed: 552
struct-b	Install official verification toolchain	2026-10-07T20:51:43.8086578Z Downloaded: 6746 file(s) [attempted 6746/8542 = 78%, 373 KB/s], Decompressed: 552
struct-b	Install official verification toolchain	2026-10-07T20:51:43.9156526Z Downloaded: 6874 file(s) [attempted 6874/8542 = 80%, 182 KB/s], Decompressed: 552
struct-b	Install official verification toolchain	2026-10-07T20:51:44.0179594Z Downloaded: 6976 file(s) [attempted 6976/8542 = 81%, 683 KB/s], Decompressed: 552
struct-b	Install official verification toolchain	2026-10-07T20:51:44.1191747Z Downloaded: 7097 file(s) [attempted 7097/8542 = 83%, 3798 KB/s], Decompressed: 552
struct-b	Install official verification toolchain	2026-10-07T20:51:44.2314161Z Downloaded: 7245 file(s) [attempted 7245/8542 = 84%, 4523 KB/s], Decompressed: 552
struct-b	Install official verification toolchain	2026-10-07T20:51:44.3338438Z Downloaded: 7348 file(s) [attempted 7348/8542 = 86%, 708 KB/s], Decompressed: 552
struct-b	Install official verification toolchain	2026-10-07T20:51:44.4350873Z Downloaded: 7477 file(s) [attempted 7477/8542 = 87%, 932 KB/s], Decompressed: 552
struct-b	Install official verification toolchain	2026-10-07T20:51:44.5370610Z Downloaded: 7624 file(s) [attempted 7624/8542 = 89%, 2127 KB/s], Decompressed: 552
struct-b	Install official verification toolchain	2026-10-07T20:51:44.6416718Z Downloaded: 7778 file(s) [attempted 7778/8542 = 91%, 1209 KB/s], Decompressed: 552
struct-b	Install official verification toolchain	2026-10-07T20:51:44.7419124Z Downloaded: 7893 file(s) [attempted 7893/8542 = 92%, 166 KB/s], Decompressed: 552
struct-b	Install official verification toolchain	2026-10-07T20:51:44.8426843Z Downloaded: 8006 file(s) [attempted 8006/8542 = 93%, 1021 KB/s], Decompressed: 552
struct-b	Install official verification toolchain	2026-10-07T20:51:44.9613905Z Downloaded: 8157 file(s) [attempted 8157/8542 = 95%, 99 KB/s], Decompressed: 552
struct-b	Install official verification toolchain	2026-10-07T20:51:45.0561479Z Downloaded: 8280 file(s) [attempted 8280/8542 = 96%, 1486 KB/s], Decompressed: 552
struct-b	Install official verification toolchain	2026-10-07T20:51:45.1746668Z Downloaded: 8399 file(s) [attempted 8399/8542 = 98%, 2074 KB/s], Decompressed: 552
struct-b	Install official verification toolchain	2026-10-07T20:51:45.2302758Z Downloaded: 8540 file(s) [attempted 8540/8542 = 99%, 389 KB/s], Decompressed: 552
struct-b	Install official verification toolchain	2026-10-07T20:51:45.2303526Z Downloaded: 8542 file(s) [attempted 8542/8542 = 100%, 389 KB/s], Decompressed: 552
struct-b	Install official verification toolchain	2026-10-07T20:53:05.6650321Z Decompressed 8542 file(s)
struct-b	Install official verification toolchain	2026-10-07T20:53:05.6650893Z Already decompressed 8542 file(s)
struct-b	Install official verification toolchain	2026-10-07T20:53:07.1117168Z info: plausible: cloning https://github.com/leanprover-community/plausible
struct-b	Install official verification toolchain	2026-10-07T20:53:08.4558618Z info: plausible: checking out revision '63045536fe95024e6c18fc7b48e03f506701c5bc'
struct-b	Install official verification toolchain	2026-10-07T20:53:08.4667282Z info: LeanSearchClient: cloning https://github.com/leanprover-community/LeanSearchClient
struct-b	Install official verification toolchain	2026-10-07T20:53:08.6230675Z info: LeanSearchClient: checking out revision 'c5d5b8fe6e5158def25cd28eb94e4141ad97c843'
struct-b	Install official verification toolchain	2026-10-07T20:53:08.6334461Z info: importGraph: cloning https://github.com/leanprover-community/import-graph
struct-b	Install official verification toolchain	2026-10-07T20:53:09.3708030Z info: importGraph: checking out revision '5c7542ed018c78194f1e2b903eaf6a792b74c03d'
struct-b	Install official verification toolchain	2026-10-07T20:53:09.3851838Z info: proofwidgets: cloning https://github.com/leanprover-community/ProofWidgets4
struct-b	Install official verification toolchain	2026-10-07T20:53:10.4106452Z info: proofwidgets: checking out revision '24b0d9dc081c5423f8eec7e866c441e5184f29d9'
struct-b	Install official verification toolchain	2026-10-07T20:53:11.0577026Z info: aesop: cloning https://github.com/leanprover-community/aesop
struct-b	Install official verification toolchain	2026-10-07T20:53:12.3514487Z info: aesop: checking out revision 'e3cb2f741431ce31bf73549fb52316a57368b06f'
struct-b	Install official verification toolchain	2026-10-07T20:53:12.3788494Z info: Qq: cloning https://github.com/leanprover-community/quote4
struct-b	Install official verification toolchain	2026-10-07T20:53:13.1056786Z info: Qq: checking out revision 'f46324995fca5f0483b742e4eb4daec7f4ee50d2'
struct-b	Install official verification toolchain	2026-10-07T20:53:13.1588985Z info: batteries: cloning https://github.com/leanprover-community/batteries
struct-b	Install official verification toolchain	2026-10-07T20:53:16.5916736Z info: batteries: checking out revision 'fa08db58b30eb033edcdab331bba000827f9f785'
struct-b	Install official verification toolchain	2026-10-07T20:53:16.7718509Z info: Cli: cloning https://github.com/leanprover/lean4-cli
struct-b	Install official verification toolchain	2026-10-07T20:53:17.3746666Z info: Cli: checking out revision '92564e5770e4d09f2d86dfbf8ada1e9c715b384c'
struct-b	Install official verification toolchain	2026-10-07T20:53:17.9874905Z ✔ [3/17] Built Batteries.Data.String.Basic (444ms)
struct-b	Install official verification toolchain	2026-10-07T20:53:18.6887394Z ✔ [6/24] Built Batteries.Data.Array.Match (1.1s)
struct-b	Install official verification toolchain	2026-10-07T20:53:19.2931762Z ✔ [7/24] Built Batteries.Data.String.Basic:c.o (608ms)
struct-b	Install official verification toolchain	2026-10-07T20:53:19.5968043Z ✔ [10/24] Built Batteries.Data.Array.Match:c.o (271ms)
struct-b	Install official verification toolchain	2026-10-07T20:53:19.6970223Z ✔ [11/24] Built Batteries.Tactic.OpenPrivate (1.7s)
struct-b	Install official verification toolchain	2026-10-07T20:53:20.0974618Z ✔ [13/24] Built Batteries.Data.String.Matcher (460ms)
struct-b	Install official verification toolchain	2026-10-07T20:53:20.2977254Z ✔ [19/24] Built Batteries.Data.String.Matcher:c.o (223ms)
struct-b	Install official verification toolchain	2026-10-07T20:53:20.7976949Z ✔ [23/24] Built Batteries.Tactic.OpenPrivate:c.o (1.1s)
struct-b	Install official verification toolchain	2026-10-07T20:53:27.0253111Z Decompressing 368 already-cached file(s) (8174 already decompressed)
struct-b	Install official verification toolchain	2026-10-07T20:53:27.0253672Z Current branch: HEAD
struct-b	Install official verification toolchain	2026-10-07T20:53:27.0254050Z Using cache (Azure) from origin: (some leanprover-community/mathlib4)
struct-b	Install official verification toolchain	2026-10-07T20:53:27.0254535Z No files to download
struct-b	Install official verification toolchain	2026-10-07T20:53:27.0254927Z Decompressed 368 already-cached file(s)
struct-b	Install official verification toolchain	2026-10-07T20:53:27.0255281Z Completed successfully in 2304 ms!
struct-b	Install official verification toolchain	2026-10-07T20:53:27.0790310Z   ^[[32m✓^[[0m fetched dependencies into lean/.lake/packages
struct-b	Install official verification toolchain	2026-10-07T20:53:27.0791143Z 
struct-b	Install official verification toolchain	2026-10-07T20:53:27.0791670Z ^[[1m5/6  Build^[[0m
struct-b	Install official verification toolchain	2026-10-07T20:53:51.8834476Z   ^[[32m✓^[[0m contract (lean/Lz77)
struct-b	Install official verification toolchain	2026-10-07T20:54:25.6869970Z   ^[[32m✓^[[0m slot and measure crates
struct-b	Install official verification toolchain	2026-10-07T20:54:25.6870713Z   ^[[32m✓^[[0m C compiler for the engine (cc)
struct-b	Install official verification toolchain	2026-10-07T20:54:26.9941062Z   ^[[32m✓^[[0m python deps in /home/runner/work/_temp/deflate-upstream/.venv/bin/python
struct-b	Install official verification toolchain	2026-10-07T20:54:26.9943588Z   ^[[32m✓^[[0m bubblewrap for the proof sandbox
struct-b	Install official verification toolchain	2026-10-07T20:54:26.9944542Z   ^[[32m✓^[[0m systemd-run for the memory cap
struct-b	Install official verification toolchain	2026-10-07T20:54:26.9953130Z 
struct-b	Install official verification toolchain	2026-10-07T20:54:26.9953455Z ^[[1m6/6  Self-test^[[0m
struct-b	Install official verification toolchain	2026-10-07T20:54:28.0210715Z 2026-10-07 20:54:28.020 | DEBUG    | __main__:stage_intake:261 - [gate] parse.rs c756784f2c5bdaf7 -> slot/generated/parse.rs
struct-b	Install official verification toolchain	2026-10-07T20:54:28.0214883Z 2026-10-07 20:54:28.021 | DEBUG    | __main__:stage_intake:261 - [gate] Parse.lean 1cbccb0f91b22437 -> lean/Proof/Parse.lean
struct-b	Install official verification toolchain	2026-10-07T20:54:28.0661654Z 2026-10-07 20:54:28.065 | DEBUG    | sandbox.bwrap:run:110 - [bwrap] rustup exit=0 in 0.0s
struct-b	Install official verification toolchain	2026-10-07T20:54:28.3571197Z 2026-10-07 20:54:28.356 | DEBUG    | sandbox.bwrap:run:110 - [bwrap] extract.sh exit=0 in 0.3s
struct-b	Install official verification toolchain	2026-10-07T20:54:29.6719483Z 2026-10-07 20:54:29.670 | DEBUG    | sandbox.bwrap:run:110 - [bwrap] extract.sh exit=0 in 1.3s
struct-b	Install official verification toolchain	2026-10-07T20:54:29.6723236Z 2026-10-07 20:54:29.671 | DEBUG    | __main__:stage_extract:356 - [gate] extracted Types.lean 276d4089d337e0d7, Funs.lean ee0c7d61d678be4b, Constants.lean 7f3588b4c89a448d
struct-b	Install official verification toolchain	2026-10-07T20:54:32.2905031Z 2026-10-07 20:54:32.288 | DEBUG    | sandbox.bwrap:run:110 - [bwrap] lake exit=0 in 2.6s
struct-b	Install official verification toolchain	2026-10-07T20:54:46.3510452Z 2026-10-07 20:54:46.350 | DEBUG    | sandbox.bwrap:run:110 - [bwrap] lake exit=0 in 14.1s
struct-b	Install official verification toolchain	2026-10-07T20:55:05.8359468Z 2026-10-07 20:55:05.834 | DEBUG    | sandbox.bwrap:run:110 - [bwrap] lake exit=0 in 19.5s
struct-b	Install official verification toolchain	2026-10-07T20:55:08.3564460Z 2026-10-07 20:55:08.356 | DEBUG    | sandbox.bwrap:run:110 - [bwrap] lake exit=0 in 2.5s
struct-b	Install official verification toolchain	2026-10-07T20:55:10.8830164Z 2026-10-07 20:55:10.882 | DEBUG    | sandbox.bwrap:run:110 - [bwrap] lake exit=0 in 2.5s
struct-b	Install official verification toolchain	2026-10-07T20:55:10.8836400Z 2026-10-07 20:55:10.883 | DEBUG    | __main__:stage_axioms:423 - [gate] axiom query stdout: "'accepted' depends on axioms: [propext, Classical.choice, Quot.sound]"
struct-b	Install official verification toolchain	2026-10-07T20:55:10.8837064Z 2026-10-07 20:55:10.883 | INFO     | __main__:main:703 - [gate] verification accepted in 42.9s (bwrap, 900s, 16384 MB)
struct-b	Install official verification toolchain	2026-10-07T20:55:10.8975143Z verifying /home/runner/work/_temp/deflate-upstream/miner/template
struct-b	Install official verification toolchain	2026-10-07T20:55:10.8976286Z workspace: /home/runner/work/_temp/deflate-upstream/data/verification-workspace/verify-t8igobc7
struct-b	Install official verification toolchain	2026-10-07T20:55:10.8977038Z 
struct-b	Install official verification toolchain	2026-10-07T20:55:10.8977761Z 0 intake      ok — template: parse.rs, Parse.lean
struct-b	Install official verification toolchain	2026-10-07T20:55:10.8978357Z 1 policy      ok — source prefilters passed
struct-b	Install official verification toolchain	2026-10-07T20:55:10.8987851Z 2 static      ok — resolved operations: core::num::{impl}::wrapping_add, core::num::{impl}::wrapping_mul, core::slice::{impl}::len
struct-b	Install official verification toolchain	2026-10-07T20:55:10.8988888Z 3 extract     ok — charon+aeneas re-run by the verifier, no new axioms
struct-b	Install official verification toolchain	2026-10-07T20:55:10.8989680Z 4 statement   ok — `LZ77.Obligation slot.parse` typechecks (bwrap, 900s, 16384 MB)
struct-b	Install official verification toolchain	2026-10-07T20:55:10.8990463Z 5 axioms      ok — ['Classical.choice', 'Quot.sound', 'propext']; extraction intact
struct-b	Install official verification toolchain	2026-10-07T20:55:10.8990940Z 
struct-b	Install official verification toolchain	2026-10-07T20:55:10.8991187Z proof accepted (scoring skipped)
struct-b	Install official verification toolchain	2026-10-07T20:55:10.9550732Z 
struct-b	Install official verification toolchain	2026-10-07T20:55:10.9555036Z ^[[1minit ok.^[[0m Toolchain in use:
struct-b	Install official verification toolchain	2026-10-07T20:55:10.9555751Z   AENEAS_WORK    /home/runner/work/_temp/deflate-upstream/validator/.work/aeneas
struct-b	Install official verification toolchain	2026-10-07T20:55:10.9556399Z   CHARON_DIR     /home/runner/work/_temp/deflate-upstream/validator/.work/aeneas
struct-b	Install official verification toolchain	2026-10-07T20:55:10.9556945Z   ELAN_HOME      /home/runner/work/_temp/deflate-upstream/validator/.work/elan
struct-b	Install official verification toolchain	2026-10-07T20:55:10.9560197Z   LEAN_PACKAGES  (own checkout under lean/.lake)
struct-b	Install official verification toolchain	2026-10-07T20:55:10.9561391Z 
struct-b	Install official verification toolchain	2026-10-07T20:55:10.9561500Z Next:  just smoke
struct-b	Install official verification toolchain	2026-10-07T20:55:10.9561745Z 
struct-b	Install official verification toolchain	2026-10-07T20:55:10.9562074Z ^[[1msetup done.^[[0m  Next:  just check miner/template     just --list
struct-b	Install official verification toolchain	2026-10-07T20:55:10.9946767Z /home/runner/work/_temp/deflate-upstream/setup.sh --check
struct-b	Install official verification toolchain	2026-10-07T20:55:10.9994571Z 
struct-b	Install official verification toolchain	2026-10-07T20:55:10.9995310Z ^[[1m1/9  System packages^[[0m
struct-b	Install official verification toolchain	2026-10-07T20:55:10.9998851Z   ^[[32m✓^[[0m cc, curl, python3, git, bubblewrap present
struct-b	Install official verification toolchain	2026-10-07T20:55:10.9999282Z 
struct-b	Install official verification toolchain	2026-10-07T20:55:10.9999508Z ^[[1m2/9  just (1.58.0)^[[0m
struct-b	Install official verification toolchain	2026-10-07T20:55:11.0100209Z   ^[[32m✓^[[0m just 1.58.0 at /home/runner/.local/bin/just
struct-b	Install official verification toolchain	2026-10-07T20:55:11.0100822Z 
struct-b	Install official verification toolchain	2026-10-07T20:55:11.0101080Z ^[[1m3/9  uv (0.12.15)^[[0m
struct-b	Install official verification toolchain	2026-10-07T20:55:11.0912381Z   ^[[32m✓^[[0m uv 0.12.15 at /home/runner/.local/bin/uv
struct-b	Install official verification toolchain	2026-10-07T20:55:11.0913970Z 
struct-b	Install official verification toolchain	2026-10-07T20:55:11.0914355Z ^[[1m4/9  Python environment (.venv, from pyproject.toml)^[[0m
struct-b	Install official verification toolchain	2026-10-07T20:55:12.0719123Z   ^[[32m✓^[[0m .venv complete
struct-b	Install official verification toolchain	2026-10-07T20:55:12.0851643Z   ^[[33m·^[[0m bittensor SDK absent - miners do not need it; validators run ./setup.sh --chain
struct-b	Install official verification toolchain	2026-10-07T20:55:12.0852501Z 
struct-b	Install official verification toolchain	2026-10-07T20:55:12.0852739Z ^[[1m5/9  Trusted-input audit^[[0m
struct-b	Install official verification toolchain	2026-10-07T20:55:12.0853240Z   ^[[32m✓^[[0m gate worker records observed code and benchmark identities
struct-b	Install official verification toolchain	2026-10-07T20:55:12.0853555Z 
struct-b	Install official verification toolchain	2026-10-07T20:55:12.0853707Z ^[[1m6/9  Configuration (.env)^[[0m
struct-b	Install official verification toolchain	2026-10-07T20:55:12.0854038Z   ^[[32m✓^[[0m .env present
struct-b	Install official verification toolchain	2026-10-07T20:55:12.0854207Z 
struct-b	Install official verification toolchain	2026-10-07T20:55:12.0854453Z ^[[1m7/9  Scoring corpus (corpus-stage1, the benchmark default)^[[0m
struct-b	Install official verification toolchain	2026-10-07T20:55:12.0886016Z   ^[[32m✓^[[0m data/benchmark/corpus-stage1 present
struct-b	Install official verification toolchain	2026-10-07T20:55:12.0886337Z 
struct-b	Install official verification toolchain	2026-10-07T20:55:12.0907179Z ^[[1m8/9  Slot (validator/slot/src/parse.rs is a symlink to generated/, gitignored)^[[0m
struct-b	Install official verification toolchain	2026-10-07T20:55:12.0912509Z   ^[[32m✓^[[0m validator/slot/generated/parse.rs present
struct-b	Install official verification toolchain	2026-10-07T20:55:12.0912984Z 
struct-b	Install official verification toolchain	2026-10-07T20:55:12.0913432Z ^[[1m9/9  Toolchain: Lean, Aeneas, Charon, Mathlib^[[0m
struct-b	Install official verification toolchain	2026-10-07T20:55:12.0944384Z 
struct-b	Install official verification toolchain	2026-10-07T20:55:12.0944886Z ^[[1m1/6  Lean toolchain (leanprover/lean4:v4.31.0)^[[0m
struct-b	Install official verification toolchain	2026-10-07T20:55:12.0946079Z   ^[[32m✓^[[0m elan at /home/runner/work/_temp/deflate-upstream/validator/.work/elan
struct-b	Install official verification toolchain	2026-10-07T20:55:12.1392442Z   ^[[32m✓^[[0m Lean (version 4.31.0, x86_64-unknown-linux-gnu, commit 68218e876d2a38b1985b8590fff244a83c321783, Release)
struct-b	Install official verification toolchain	2026-10-07T20:55:12.1409075Z 
struct-b	Install official verification toolchain	2026-10-07T20:55:12.1409674Z ^[[1m2/6  Aeneas + Charon (nightly-2026.08.27-5b9dcf3 release)^[[0m
struct-b	Install official verification toolchain	2026-10-07T20:55:12.1410570Z   ^[[32m✓^[[0m aeneas at /home/runner/work/_temp/deflate-upstream/validator/.work/aeneas/aeneas
struct-b	Install official verification toolchain	2026-10-07T20:55:12.1411779Z   ^[[32m✓^[[0m charon at /home/runner/work/_temp/deflate-upstream/validator/.work/aeneas/charon
struct-b	Install official verification toolchain	2026-10-07T20:55:12.1415138Z 
struct-b	Install official verification toolchain	2026-10-07T20:55:12.1415849Z ^[[1m3/6  Rust nightly for charon-driver (nightly-2026-08-18 + rustc-dev)^[[0m
struct-b	Install official verification toolchain	2026-10-07T20:55:12.1474444Z   ^[[32m✓^[[0m nightly-2026-08-18 installed
struct-b	Install official verification toolchain	2026-10-07T20:55:12.1474905Z 
struct-b	Install official verification toolchain	2026-10-07T20:55:12.1476181Z ^[[1m4/6  Lean dependencies (Aeneas backend + Mathlib)^[[0m
struct-b	Install official verification toolchain	2026-10-07T20:55:12.1476948Z   ^[[32m✓^[[0m lean/.lake/packages present
struct-b	Install official verification toolchain	2026-10-07T20:55:12.1477372Z 
struct-b	Install official verification toolchain	2026-10-07T20:55:12.1477652Z ^[[1m5/6  Build^[[0m
struct-b	Install official verification toolchain	2026-10-07T20:55:12.1478103Z   ^[[32m✓^[[0m contract built
struct-b	Install official verification toolchain	2026-10-07T20:55:12.1478595Z   ^[[32m✓^[[0m syntax checker built
struct-b	Install official verification toolchain	2026-10-07T20:55:12.1479273Z   ^[[32m✓^[[0m engine built
struct-b	Install official verification toolchain	2026-10-07T20:55:12.1479998Z   ^[[32m✓^[[0m C compiler for the engine (cc)
struct-b	Install official verification toolchain	2026-10-07T20:55:12.4451224Z   ^[[32m✓^[[0m python deps in /home/runner/work/_temp/deflate-upstream/.venv/bin/python
struct-b	Install official verification toolchain	2026-10-07T20:55:12.4454654Z   ^[[32m✓^[[0m bubblewrap for the proof sandbox
struct-b	Install official verification toolchain	2026-10-07T20:55:12.4464109Z   ^[[32m✓^[[0m systemd-run for the memory cap
struct-b	Install official verification toolchain	2026-10-07T20:55:12.4464370Z 
struct-b	Install official verification toolchain	2026-10-07T20:55:12.4464521Z ^[[1m6/6  Self-test^[[0m
struct-b	Install official verification toolchain	2026-10-07T20:55:12.4464979Z   ^[[32m✓^[[0m everything present — run without --check to self-test
struct-b	Install official verification toolchain	2026-10-07T20:55:12.4465280Z 
struct-b	Install official verification toolchain	2026-10-07T20:55:12.4465402Z ^[[1mready.^[[0m
struct-b	Install official verification toolchain	2026-10-07T20:55:12.4508308Z /home/runner/work/_temp/deflate-upstream/.venv/bin/python /home/runner/work/_temp/deflate-upstream/validator/verifier/pins.py --check
struct-b	Install official verification toolchain	2026-10-07T20:55:12.4853815Z pins ok — 70 contract, engine and gate files unchanged
struct-b	Install official verification toolchain	2026-10-07T20:55:12.4928091Z a356bbff18b60c4527fbcc85d5a28ef9c20214e0
struct-b	Install official verification toolchain	2026-10-07T20:55:12.5316636Z Lean (version 4.31.0, x86_64-unknown-linux-gnu, commit 68218e876d2a38b1985b8590fff244a83c321783, Release)
struct-b	Install official verification toolchain	2026-10-07T20:55:12.5459337Z rustc 1.100.0-nightly (8fa1c96cf 2026-08-17)
struct-b	Install official verification toolchain	2026-10-07T20:55:12.5481357Z just 1.58.0
struct-b	Install official verification toolchain	2026-10-07T20:55:12.5519074Z uv 0.12.15 (x86_64-unknown-linux-gnu)
struct-b	Install official verification toolchain	2026-10-07T20:55:12.5532603Z Linux runnervm8df0l 6.17.0-1022-azure #22-Ubuntu SMP Mon Jul 27 17:24:03 UTC 2026 x86_64 x86_64 x86_64 GNU/Linux
struct-b	Install official verification toolchain	2026-10-07T20:55:12.5574076Z CPU(s):                                  2
struct-b	Install official verification toolchain	2026-10-07T20:55:12.5576300Z Model name:                              AMD EPYC 9V74 80-Core Processor
struct-b	Install official verification toolchain	2026-10-07T20:55:12.5589031Z c756784f2c5bdaf7b44ad8e0e646d9777557a09974afa1999f69a215fe2b7376  miner/template/parse.rs
struct-b	Install official verification toolchain	2026-10-07T20:55:12.5590240Z 1cbccb0f91b22437209e785233c0a45d0a0713887c52fbfb8e5fec555c40b7a2  miner/template/Parse.lean
struct-b	Install official verification toolchain	2026-10-07T20:55:12.5602576Z 37e7b307e925cc855ee2135385e81f9653301024cfdcb7364e48f271a5781fb6  validator/lean/lake-manifest.json
struct-b	Install official verification toolchain	2026-10-07T20:55:12.5603743Z c6f818ab47f52b8d3161b0ee591e1ddb2ab8491a53d5609f9118730287b61f3b  validator/verifier/PINS.json
struct-b	Install official verification toolchain	2026-10-07T20:55:12.5657200Z 6d48a129b156a4e032a6378b96d4258f89c9ccd759decdc66fdbf32c312277f4  data/benchmark/corpus-stage1/binary.db.bin
struct-b	Install official verification toolchain	2026-10-07T20:55:12.5696881Z ada4433d366405395b1a415fbec247ce7e38525c05f4f09e40c111230394353c  data/benchmark/corpus-stage1/bundle.min.js.txt
struct-b	Install official verification toolchain	2026-10-07T20:55:12.5726642Z 94a0152009cf44a20483a564f8b32d7ef32e4fbbea53843da9848e7b5f43743a  data/benchmark/corpus-stage1/catalog.xml.txt
struct-b	Install official verification toolchain	2026-10-07T20:55:12.5736512Z dd2679f1b4553beb286ec43eda622e6c40e664b841de3af4887ee89faee223ec  data/benchmark/corpus-stage1/compressed.bin
struct-b	Install official verification toolchain	2026-10-07T20:55:12.5756175Z 9353520d1b7b493a7f6f90d019e876c1580636732fc0d3197e51ed0766e2d4e2  data/benchmark/corpus-stage1/config.yaml.txt
struct-b	Install official verification toolchain	2026-10-07T20:55:12.5787100Z 793cb2bc299557521c052defd985cddb934feac72d13b995cf475a0ff16347a5  data/benchmark/corpus-stage1/docs.md.txt
struct-b	Install official verification toolchain	2026-10-07T20:55:12.5799193Z eb8d600ef976556175ab9410909871582d6845712bba0ad30607a0e79e9e60ba  data/benchmark/corpus-stage1/dump.sql.txt
struct-b	Install official verification toolchain	2026-10-07T20:55:12.5836311Z 4b01b6b751d82ab6e1b5e5275c3308db25dd58e20afcd5c79b72caab7f8a2baf  data/benchmark/corpus-stage1/genome.fasta
struct-b	Install official verification toolchain	2026-10-07T20:55:12.5845955Z 4cbc5cc76fe6bf05b5d2d49c5b7c7fe23780e0c8895a503d68f913479ba17254  data/benchmark/corpus-stage1/images.bin
struct-b	Install official verification toolchain	2026-10-07T20:55:12.5896197Z 30ff2371b060320afcf60fa4e30c6a73855b5b704569e006bccc99262d37548e  data/benchmark/corpus-stage1/lean.txt
struct-b	Install official verification toolchain	2026-10-07T20:55:12.5906626Z f58b5b1ba7cb2061f5a747ac87f84f2508b287219101f4a9d78c9513cb237204  data/benchmark/corpus-stage1/machine-code.bin
struct-b	Install official verification toolchain	2026-10-07T20:55:12.5969479Z 4af8e993743404696f1a54e4d67e88f6a509414aed516b602c230b12e533e75c  data/benchmark/corpus-stage1/metrics.csv.txt
struct-b	Install official verification toolchain	2026-10-07T20:55:12.6016958Z 174352fedf18646ab739edcb5ecea17832e4f8b700aa3f5d4f824e0c6221722e  data/benchmark/corpus-stage1/multibyte.txt
struct-b	Install official verification toolchain	2026-10-07T20:55:12.6045616Z e2d69618c902e4c1847794b6f18ec67bb965da50ff68cda05305485b566e6ff2  data/benchmark/corpus-stage1/page.html.txt
struct-b	Install official verification toolchain	2026-10-07T20:55:12.6106062Z 77bcc8ef22132bc4ef34324dc7897870e76e9b97452d1a3610e7f803a4486f17  data/benchmark/corpus-stage1/prose.txt
struct-b	Install official verification toolchain	2026-10-07T20:55:12.6125960Z 63decf627edee015caecc4a8ab97c8a6d19606fcf115e2a98a9ac837c7ca1646  data/benchmark/corpus-stage1/records.json.txt
struct-b	Install official verification toolchain	2026-10-07T20:55:12.6136943Z d7f2ee8a39592832c2c46089d07fc33c0bf1f985084577849a6db368d90cb700  data/benchmark/corpus-stage1/server.log
struct-b	Install official verification toolchain	2026-10-07T20:55:12.6196797Z b04133d396ba4c81be9b5b9cf096402ed61526a85e2918c8553e3c9c15717cc3  data/benchmark/corpus-stage1/source.c.txt
struct-b	Install official verification toolchain	2026-10-07T20:55:12.6225248Z dd4793f64b001c006b92f74e4488e91d4022893259bd88a2acbdf16cdad7a44b  data/benchmark/corpus-stage1/source.py.txt
struct-b	Install official verification toolchain	2026-10-07T20:55:12.6255741Z 12edca346da882992b772a5686a191324858e46842626967cd89130d4c70bbd3  data/benchmark/corpus-stage1/source.rs.txt
struct-b	Install official verification toolchain	2026-10-07T20:55:12.6266256Z 0f7395da91e686b53af9c818b6b96fa0a2eb7ac0b243a42247319341b8e7d522  data/benchmark/corpus-stage1/sourcemap.map.txt
struct-b	Install official verification toolchain	2026-10-07T20:55:12.6275382Z e5d1db67caf732b985c2226791836f311774b6fe464a5d71e6f3fff3e6725f36  data/benchmark/corpus-stage1/sparse.bin
struct-b	Install official verification toolchain	2026-10-07T20:55:12.6277394Z 0f806a930a41f56b5c9d85f91e81af6e90edf17ee6c66dabd88dcf63e18acf14  data/benchmark/corpus-stage1/tiny-app.log
struct-b	Install official verification toolchain	2026-10-07T20:55:12.6280574Z 4ecee10b0b6b41ba5d1693b70ac95cb03de1a05712739e4bc6641b3af6cb0a73  data/benchmark/corpus-stage1/tiny-config.json.txt
struct-b	Install official verification toolchain	2026-10-07T20:55:12.6296208Z e64e112bd3b2c63509c2dc3e687bb91e7e06dbc4bd13ecbdaac41241d0f03b1f  data/benchmark/corpus-stage1/weights-bf16.bin
struct-b	Install official verification toolchain	2026-10-07T20:55:12.6305738Z 134a2ec77375f13fab74a200a80bc768dd6c3d4403bfccb473b38941fb2ff955  data/benchmark/corpus-stage1/weights-f16.bin
struct-b	Install official verification toolchain	2026-10-07T20:55:12.6316295Z cbb1608ac057ef06f7dd2e6bb0ba32fa6a6ce6f91699c0e9c05f5644acc2c74d  data/benchmark/corpus-stage1/weights-f32.bin
struct-b	Install official verification toolchain	2026-10-07T20:55:12.6334679Z c81adeb809c26ef1dd391c0a640c95b3ad76ebab127d690b5a7fdbe2e412779a  data/benchmark/corpus-stage1/weights-q8.bin
struct-b	Install official verification toolchain	2026-10-07T20:55:12.7444480Z Filesystem      Size  Used Avail Use% Mounted on
struct-b	Install official verification toolchain	2026-10-07T20:55:12.7444943Z /dev/root        72G   48G   24G  67% /
struct-b	Check requested finite equivalence	﻿2026-10-07T20:55:12.7509574Z ##[group]Run export PATH="$HOME/.local/bin:$HOME/.cargo/bin:$ELAN_HOME/bin:$PATH"
struct-b	Check requested finite equivalence	2026-10-07T20:55:12.7510050Z ^[[36;1mexport PATH="$HOME/.local/bin:$HOME/.cargo/bin:$ELAN_HOME/bin:$PATH"^[[0m
struct-b	Check requested finite equivalence	2026-10-07T20:55:12.7510414Z ^[[36;1m"$DEFLATE_ROOT/.venv/bin/python" scripts/research-round4.py^[[0m
struct-b	Check requested finite equivalence	2026-10-07T20:55:12.8114271Z shell: /usr/bin/bash -e {0}
struct-b	Check requested finite equivalence	2026-10-07T20:55:12.8114557Z env:
struct-b	Check requested finite equivalence	2026-10-07T20:55:12.8114733Z   ROUND4_SPEC: struct-b
struct-b	Check requested finite equivalence	2026-10-07T20:55:12.8114934Z   ROUND4_SPEC_DIR: evidence/round10
struct-b	Check requested finite equivalence	2026-10-07T20:55:12.8115186Z   DEFLATE_ROOT: /home/runner/work/_temp/deflate-upstream
struct-b	Check requested finite equivalence	2026-10-07T20:55:12.8115756Z   ELAN_HOME: /home/runner/work/_temp/deflate-upstream/validator/.work/elan
struct-b	Check requested finite equivalence	2026-10-07T20:55:12.8116167Z   XDG_CACHE_HOME: /home/runner/work/_temp/deflate-cache
struct-b	Check requested finite equivalence	2026-10-07T20:55:12.8116441Z   UV_CACHE_DIR: /home/runner/work/_temp/deflate-cache/uv
struct-b	Check requested finite equivalence	2026-10-07T20:55:12.8116683Z   XDG_RUNTIME_DIR: /run/user/1001
struct-b	Check requested finite equivalence	2026-10-07T20:55:12.8116909Z   DBUS_SESSION_BUS_ADDRESS: unix:path=/run/user/1001/bus
struct-b	Check requested finite equivalence	2026-10-07T20:55:12.8117201Z   VERIFY_CORPUS: corpus-stage1
struct-b	Check requested finite equivalence	2026-10-07T20:55:12.8117391Z   VERIFY_SANDBOX: bwrap
struct-b	Check requested finite equivalence	2026-10-07T20:55:12.8117729Z   GIT_TERMINAL_PROMPT: 0
struct-b	Check requested finite equivalence	2026-10-07T20:55:12.8117938Z ##[endgroup]
struct-b	Check requested finite equivalence	2026-10-07T20:55:23.7488795Z EQUIVALENCE_RESULT r10-forward-delta16 r9-block-scalar 444 0
struct-b	Check requested finite equivalence	2026-10-07T20:55:23.7489615Z EQUIVALENCE_RESULT r10-record-nonempty r9-block-scalar 444 0
struct-b	Check requested finite equivalence	2026-10-07T20:55:23.7490068Z 
struct-b	Extract requested research candidates	﻿2026-10-07T20:55:23.7596709Z ##[group]Run export PATH="$HOME/.local/bin:$HOME/.cargo/bin:$ELAN_HOME/bin:$PATH"
struct-b	Extract requested research candidates	2026-10-07T20:55:23.7597426Z ^[[36;1mexport PATH="$HOME/.local/bin:$HOME/.cargo/bin:$ELAN_HOME/bin:$PATH"^[[0m
struct-b	Extract requested research candidates	2026-10-07T20:55:23.7598016Z ^[[36;1m"$DEFLATE_ROOT/.venv/bin/python" scripts/research-round5.py^[[0m
struct-b	Extract requested research candidates	2026-10-07T20:55:23.7675967Z shell: /usr/bin/bash -e {0}
struct-b	Extract requested research candidates	2026-10-07T20:55:23.7676297Z env:
struct-b	Extract requested research candidates	2026-10-07T20:55:23.7676560Z   ROUND4_SPEC: struct-b
struct-b	Extract requested research candidates	2026-10-07T20:55:23.7676860Z   ROUND4_SPEC_DIR: evidence/round10
struct-b	Extract requested research candidates	2026-10-07T20:55:23.7677257Z   DEFLATE_ROOT: /home/runner/work/_temp/deflate-upstream
struct-b	Extract requested research candidates	2026-10-07T20:55:23.7677777Z   ELAN_HOME: /home/runner/work/_temp/deflate-upstream/validator/.work/elan
struct-b	Extract requested research candidates	2026-10-07T20:55:23.7678321Z   XDG_CACHE_HOME: /home/runner/work/_temp/deflate-cache
struct-b	Extract requested research candidates	2026-10-07T20:55:23.7678792Z   UV_CACHE_DIR: /home/runner/work/_temp/deflate-cache/uv
struct-b	Extract requested research candidates	2026-10-07T20:55:23.7679177Z   XDG_RUNTIME_DIR: /run/user/1001
struct-b	Extract requested research candidates	2026-10-07T20:55:23.7679532Z   DBUS_SESSION_BUS_ADDRESS: unix:path=/run/user/1001/bus
struct-b	Extract requested research candidates	2026-10-07T20:55:23.7679947Z   VERIFY_CORPUS: corpus-stage1
struct-b	Extract requested research candidates	2026-10-07T20:55:23.7680239Z   VERIFY_SANDBOX: bwrap
struct-b	Extract requested research candidates	2026-10-07T20:55:23.7680515Z   GIT_TERMINAL_PROMPT: 0
struct-b	Extract requested research candidates	2026-10-07T20:55:23.7680784Z ##[endgroup]
struct-b	Extract requested research candidates	2026-10-07T20:57:03.1606109Z RESEARCH_EXTRACTION r10-forward-delta16 0 PROOF_NOT_RUN
struct-b	Diagnose block phases and candidate discovery	﻿2026-10-07T20:57:03.1734551Z ##[group]Run export PATH="$HOME/.local/bin:$HOME/.cargo/bin:$ELAN_HOME/bin:$PATH"
struct-b	Diagnose block phases and candidate discovery	2026-10-07T20:57:03.1735275Z ^[[36;1mexport PATH="$HOME/.local/bin:$HOME/.cargo/bin:$ELAN_HOME/bin:$PATH"^[[0m
struct-b	Diagnose block phases and candidate discovery	2026-10-07T20:57:03.1736450Z ^[[36;1mif [[ "$ROUND4_SPEC_DIR" == evidence/round9 ]]; then "$DEFLATE_ROOT/.venv/bin/python" scripts/research-round9-phases.py; fi^[[0m
struct-b	Diagnose block phases and candidate discovery	2026-10-07T20:57:03.1737420Z ^[[36;1mif [[ "$ROUND4_SPEC_DIR" == evidence/round9 ]]; then "$DEFLATE_ROOT/.venv/bin/python" scripts/research-round9-finder.py; fi^[[0m
struct-b	Diagnose block phases and candidate discovery	2026-10-07T20:57:03.1738385Z ^[[36;1mif [[ "$ROUND4_SPEC_DIR" == evidence/round10 && -f scripts/research-round10-forward.py ]]; then "$DEFLATE_ROOT/.venv/bin/python" scripts/research-round10-forward.py; fi^[[0m
struct-b	Diagnose block phases and candidate discovery	2026-10-07T20:57:03.1739375Z ^[[36;1mif [[ "$ROUND4_SPEC_DIR" == evidence/round10 && -f scripts/research-round10-finder.py ]]; then "$DEFLATE_ROOT/.venv/bin/python" scripts/research-round10-finder.py; fi^[[0m
struct-b	Diagnose block phases and candidate discovery	2026-10-07T20:57:03.1802751Z shell: /usr/bin/bash -e {0}
struct-b	Diagnose block phases and candidate discovery	2026-10-07T20:57:03.1802983Z env:
struct-b	Diagnose block phases and candidate discovery	2026-10-07T20:57:03.1803353Z   ROUND4_SPEC: struct-b
struct-b	Diagnose block phases and candidate discovery	2026-10-07T20:57:03.1803631Z   ROUND4_SPEC_DIR: evidence/round10
struct-b	Diagnose block phases and candidate discovery	2026-10-07T20:57:03.1804019Z   DEFLATE_ROOT: /home/runner/work/_temp/deflate-upstream
struct-b	Diagnose block phases and candidate discovery	2026-10-07T20:57:03.1804549Z   ELAN_HOME: /home/runner/work/_temp/deflate-upstream/validator/.work/elan
struct-b	Diagnose block phases and candidate discovery	2026-10-07T20:57:03.1805042Z   XDG_CACHE_HOME: /home/runner/work/_temp/deflate-cache
struct-b	Diagnose block phases and candidate discovery	2026-10-07T20:57:03.1805320Z   UV_CACHE_DIR: /home/runner/work/_temp/deflate-cache/uv
struct-b	Diagnose block phases and candidate discovery	2026-10-07T20:57:03.1806100Z   XDG_RUNTIME_DIR: /run/user/1001
struct-b	Diagnose block phases and candidate discovery	2026-10-07T20:57:03.1806347Z   DBUS_SESSION_BUS_ADDRESS: unix:path=/run/user/1001/bus
struct-b	Diagnose block phases and candidate discovery	2026-10-07T20:57:03.1806597Z   VERIFY_CORPUS: corpus-stage1
struct-b	Diagnose block phases and candidate discovery	2026-10-07T20:57:03.1806791Z   VERIFY_SANDBOX: bwrap
struct-b	Diagnose block phases and candidate discovery	2026-10-07T20:57:03.1806968Z   GIT_TERMINAL_PROMPT: 0
struct-b	Diagnose block phases and candidate discovery	2026-10-07T20:57:03.1807141Z ##[endgroup]
struct-b	Diagnose block phases and candidate discovery	2026-10-07T20:57:03.2722216Z ROUND10_FORWARD_NOT_REQUESTED
struct-b	Diagnose block phases and candidate discovery	2026-10-07T20:57:03.3147665Z ROUND10_FINDER_DIAGNOSTIC_NOT_REQUESTED
struct-b	Publish early extraction diagnostics	﻿2026-10-07T20:57:03.3321109Z ##[group]Run actions/upload-artifact@ea165f8d65b6e75b540449e92b4886f43607fa02
struct-b	Publish early extraction diagnostics	2026-10-07T20:57:03.3321447Z with:
struct-b	Publish early extraction diagnostics	2026-10-07T20:57:03.3321625Z   name: r10-37684506856-struct-b-extraction
struct-b	Publish early extraction diagnostics	2026-10-07T20:57:03.3321898Z   path: /home/runner/work/_temp/round4-receipts/research5/
struct-b	Publish early extraction diagnostics	2026-10-07T20:57:03.3322147Z   retention-days: 1
struct-b	Publish early extraction diagnostics	2026-10-07T20:57:03.3322317Z   compression-level: 9
struct-b	Publish early extraction diagnostics	2026-10-07T20:57:03.3322494Z   if-no-files-found: ignore
struct-b	Publish early extraction diagnostics	2026-10-07T20:57:03.3322678Z   overwrite: false
struct-b	Publish early extraction diagnostics	2026-10-07T20:57:03.3322848Z   include-hidden-files: false
struct-b	Publish early extraction diagnostics	2026-10-07T20:57:03.3323037Z env:
struct-b	Publish early extraction diagnostics	2026-10-07T20:57:03.3323186Z   ROUND4_SPEC: struct-b
struct-b	Publish early extraction diagnostics	2026-10-07T20:57:03.3323367Z   ROUND4_SPEC_DIR: evidence/round10
struct-b	Publish early extraction diagnostics	2026-10-07T20:57:03.3323608Z   DEFLATE_ROOT: /home/runner/work/_temp/deflate-upstream
struct-b	Publish early extraction diagnostics	2026-10-07T20:57:03.3323923Z   ELAN_HOME: /home/runner/work/_temp/deflate-upstream/validator/.work/elan
struct-b	Publish early extraction diagnostics	2026-10-07T20:57:03.3324239Z   XDG_CACHE_HOME: /home/runner/work/_temp/deflate-cache
struct-b	Publish early extraction diagnostics	2026-10-07T20:57:03.3324508Z   UV_CACHE_DIR: /home/runner/work/_temp/deflate-cache/uv
struct-b	Publish early extraction diagnostics	2026-10-07T20:57:03.3324937Z   XDG_RUNTIME_DIR: /run/user/1001
struct-b	Publish early extraction diagnostics	2026-10-07T20:57:03.3325174Z   DBUS_SESSION_BUS_ADDRESS: unix:path=/run/user/1001/bus
struct-b	Publish early extraction diagnostics	2026-10-07T20:57:03.3325418Z   VERIFY_CORPUS: corpus-stage1
struct-b	Publish early extraction diagnostics	2026-10-07T20:57:03.3325921Z   VERIFY_SANDBOX: bwrap
struct-b	Publish early extraction diagnostics	2026-10-07T20:57:03.3326102Z   GIT_TERMINAL_PROMPT: 0
struct-b	Publish early extraction diagnostics	2026-10-07T20:57:03.3326274Z ##[endgroup]
struct-b	Publish early extraction diagnostics	2026-10-07T20:57:03.7488974Z (node:5491) [DEP0040] DeprecationWarning: The `punycode` module is deprecated. Please use a userland alternative instead.
struct-b	Publish early extraction diagnostics	2026-10-07T20:57:03.7490072Z (Use `node --trace-deprecation ...` to show where the warning was created)
struct-b	Publish early extraction diagnostics	2026-10-07T20:57:03.7608094Z With the provided path, there will be 8 files uploaded
struct-b	Publish early extraction diagnostics	2026-10-07T20:57:03.7609097Z Artifact name is valid!
struct-b	Publish early extraction diagnostics	2026-10-07T20:57:03.7609563Z Root directory input is valid!
struct-b	Publish early extraction diagnostics	2026-10-07T20:57:03.9890633Z Beginning upload of artifact content to blob storage
struct-b	Publish early extraction diagnostics	2026-10-07T20:57:04.0645079Z (node:5491) [DEP0169] DeprecationWarning: `url.parse()` behavior is not standardized and prone to errors that have security implications. Use the WHATWG URL API instead. CVEs are not issued for `url.parse()` vulnerabilities.
struct-b	Publish early extraction diagnostics	2026-10-07T20:57:04.1152600Z Uploaded bytes 84142
struct-b	Publish early extraction diagnostics	2026-10-07T20:57:04.1342311Z Finished uploading artifact content to blob storage!
struct-b	Publish early extraction diagnostics	2026-10-07T20:57:04.1343373Z SHA256 digest of uploaded artifact zip is 9f760f184d83bf0a397cd602f1fdfda49cfc6efe7786bb0faa7fbfd24f9f6a6e
struct-b	Publish early extraction diagnostics	2026-10-07T20:57:04.1344329Z Finalizing artifact upload
struct-b	Publish early extraction diagnostics	2026-10-07T20:57:04.4029951Z Artifact r10-37684506856-struct-b-extraction.zip successfully finalized. Artifact ID 11510961554
struct-b	Publish early extraction diagnostics	2026-10-07T20:57:04.4031176Z Artifact r10-37684506856-struct-b-extraction has been successfully uploaded! Final size is 84142 bytes. Artifact ID is 11510961554
struct-b	Publish early extraction diagnostics	2026-10-07T20:57:04.4037009Z Artifact download URL: https://github.com/HuanHuanHuanFFF/Miner/actions/runs/37684506856/artifacts/11510961554
struct-b	Screen time and compression axes	﻿2026-10-07T20:57:04.4169368Z ##[group]Run export PATH="$HOME/.local/bin:$HOME/.cargo/bin:$ELAN_HOME/bin:$PATH"
struct-b	Screen time and compression axes	2026-10-07T20:57:04.4170087Z ^[[36;1mexport PATH="$HOME/.local/bin:$HOME/.cargo/bin:$ELAN_HOME/bin:$PATH"^[[0m
struct-b	Screen time and compression axes	2026-10-07T20:57:04.4170615Z ^[[36;1mexport PYTHONPATH="$DEFLATE_ROOT/validator"^[[0m
struct-b	Screen time and compression axes	2026-10-07T20:57:04.4171104Z ^[[36;1m"$DEFLATE_ROOT/.venv/bin/python" scripts/round4.py screen^[[0m
struct-b	Screen time and compression axes	2026-10-07T20:57:04.4238858Z shell: /usr/bin/bash -e {0}
struct-b	Screen time and compression axes	2026-10-07T20:57:04.4239074Z env:
struct-b	Screen time and compression axes	2026-10-07T20:57:04.4239241Z   ROUND4_SPEC: struct-b
struct-b	Screen time and compression axes	2026-10-07T20:57:04.4239448Z   ROUND4_SPEC_DIR: evidence/round10
struct-b	Screen time and compression axes	2026-10-07T20:57:04.4239713Z   DEFLATE_ROOT: /home/runner/work/_temp/deflate-upstream
struct-b	Screen time and compression axes	2026-10-07T20:57:04.4240058Z   ELAN_HOME: /home/runner/work/_temp/deflate-upstream/validator/.work/elan
struct-b	Screen time and compression axes	2026-10-07T20:57:04.4240396Z   XDG_CACHE_HOME: /home/runner/work/_temp/deflate-cache
struct-b	Screen time and compression axes	2026-10-07T20:57:04.4240677Z   UV_CACHE_DIR: /home/runner/work/_temp/deflate-cache/uv
struct-b	Screen time and compression axes	2026-10-07T20:57:04.4240929Z   XDG_RUNTIME_DIR: /run/user/1001
struct-b	Screen time and compression axes	2026-10-07T20:57:04.4241434Z   DBUS_SESSION_BUS_ADDRESS: unix:path=/run/user/1001/bus
struct-b	Screen time and compression axes	2026-10-07T20:57:04.4241814Z   VERIFY_CORPUS: corpus-stage1
struct-b	Screen time and compression axes	2026-10-07T20:57:04.4242119Z   VERIFY_SANDBOX: bwrap
struct-b	Screen time and compression axes	2026-10-07T20:57:04.4242397Z   GIT_TERMINAL_PROMPT: 0
struct-b	Screen time and compression axes	2026-10-07T20:57:04.4242674Z ##[endgroup]
struct-b	Screen time and compression axes	2026-10-07T20:57:05.0785885Z MEASURE_BEGIN 1 probe3
struct-b	Screen time and compression axes	2026-10-07T20:57:05.1261996Z ^[[32m2026-10-07 20:57:05.125^[[0m | ^[[34m^[[1mDEBUG   ^[[0m | ^[[36msandbox.bwrap^[[0m:^[[36mrun^[[0m:^[[36m110^[[0m - ^[[34m^[[1m[bwrap] rustc exit=0 in 0.0s^[[0m
struct-b	Screen time and compression axes	2026-10-07T20:57:06.9461308Z ^[[32m2026-10-07 20:57:06.945^[[0m | ^[[34m^[[1mDEBUG   ^[[0m | ^[[36msandbox.bwrap^[[0m:^[[36mrun^[[0m:^[[36m110^[[0m - ^[[34m^[[1m[bwrap] cargo exit=0 in 1.8s^[[0m
struct-b	Screen time and compression axes	2026-10-07T20:57:06.9462844Z ^[[32m2026-10-07 20:57:06.945^[[0m | ^[[34m^[[1mDEBUG   ^[[0m | ^[[36mbench.driver^[[0m:^[[36m_build^[[0m:^[[36m295^[[0m - ^[[34m^[[1m[bench] built incumbent in 1.8s exit=0^[[0m
struct-b	Screen time and compression axes	2026-10-07T20:57:09.6288305Z ^[[32m2026-10-07 20:57:09.628^[[0m | ^[[34m^[[1mDEBUG   ^[[0m | ^[[36msandbox.bwrap^[[0m:^[[36mrun^[[0m:^[[36m110^[[0m - ^[[34m^[[1m[bwrap] cargo exit=0 in 2.7s^[[0m
struct-b	Screen time and compression axes	2026-10-07T20:57:09.6289904Z ^[[32m2026-10-07 20:57:09.628^[[0m | ^[[34m^[[1mDEBUG   ^[[0m | ^[[36mbench.driver^[[0m:^[[36m_build^[[0m:^[[36m295^[[0m - ^[[34m^[[1m[bench] built probe3 in 2.7s exit=0^[[0m
struct-b	Screen time and compression axes	2026-10-07T20:57:21.0307689Z ^[[32m2026-10-07 20:57:21.028^[[0m | ^[[34m^[[1mDEBUG   ^[[0m | ^[[36msandbox.bwrap^[[0m:^[[36mrun^[[0m:^[[36m110^[[0m - ^[[34m^[[1m[bwrap] measure exit=0 in 11.4s^[[0m
struct-b	Screen time and compression axes	2026-10-07T20:57:21.0308543Z ^[[32m2026-10-07 20:57:21.029^[[0m | ^[[34m^[[1mDEBUG   ^[[0m | ^[[36mbench.driver^[[0m:^[[36m_measure^[[0m:^[[36m333^[[0m - ^[[34m^[[1m[bench] measured probe3 in 11.4s exit=0^[[0m
struct-b	Screen time and compression axes	2026-10-07T20:57:21.0397285Z MEASUREMENT {"candidate": "probe3", "round": 1, "time": 0.45975563439332445, "size_pct": 35.92083771476539, "parse_s": 0.053337588000000005, "total_s": 0.24174582099999997, "output_bytes": 5287026, "source_sha256": "e20ea5a7d2e77821008592faef393855077b9b8ceee244f390a85ac0257e047d"}
struct-b	Screen time and compression axes	2026-10-07T20:57:21.0398824Z MEASURE_BEGIN 1 r3-432-fast3
struct-b	Screen time and compression axes	2026-10-07T20:57:21.0867276Z ^[[32m2026-10-07 20:57:21.085^[[0m | ^[[34m^[[1mDEBUG   ^[[0m | ^[[36msandbox.bwrap^[[0m:^[[36mrun^[[0m:^[[36m110^[[0m - ^[[34m^[[1m[bwrap] rustc exit=0 in 0.0s^[[0m
struct-b	Screen time and compression axes	2026-10-07T20:57:22.8877127Z ^[[32m2026-10-07 20:57:22.886^[[0m | ^[[34m^[[1mDEBUG   ^[[0m | ^[[36msandbox.bwrap^[[0m:^[[36mrun^[[0m:^[[36m110^[[0m - ^[[34m^[[1m[bwrap] cargo exit=0 in 1.8s^[[0m
struct-b	Screen time and compression axes	2026-10-07T20:57:22.8878868Z ^[[32m2026-10-07 20:57:22.886^[[0m | ^[[34m^[[1mDEBUG   ^[[0m | ^[[36mbench.driver^[[0m:^[[36m_build^[[0m:^[[36m295^[[0m - ^[[34m^[[1m[bench] built incumbent in 1.8s exit=0^[[0m
struct-b	Screen time and compression axes	2026-10-07T20:57:26.1267378Z ^[[32m2026-10-07 20:57:26.125^[[0m | ^[[34m^[[1mDEBUG   ^[[0m | ^[[36msandbox.bwrap^[[0m:^[[36mrun^[[0m:^[[36m110^[[0m - ^[[34m^[[1m[bwrap] cargo exit=0 in 3.2s^[[0m
struct-b	Screen time and compression axes	2026-10-07T20:57:26.1269413Z ^[[32m2026-10-07 20:57:26.126^[[0m | ^[[34m^[[1mDEBUG   ^[[0m | ^[[36mbench.driver^[[0m:^[[36m_build^[[0m:^[[36m295^[[0m - ^[[34m^[[1m[bench] built r3-432-fast3 in 3.2s exit=0^[[0m
struct-b	Screen time and compression axes	2026-10-07T20:57:37.2107026Z ^[[32m2026-10-07 20:57:37.208^[[0m | ^[[34m^[[1mDEBUG   ^[[0m | ^[[36msandbox.bwrap^[[0m:^[[36mrun^[[0m:^[[36m110^[[0m - ^[[34m^[[1m[bwrap] measure exit=0 in 11.1s^[[0m
struct-b	Screen time and compression axes	2026-10-07T20:57:37.2108475Z ^[[32m2026-10-07 20:57:37.209^[[0m | ^[[34m^[[1mDEBUG   ^[[0m | ^[[36mbench.driver^[[0m:^[[36m_measure^[[0m:^[[36m333^[[0m - ^[[34m^[[1m[bench] measured r3-432-fast3 in 11.1s exit=0^[[0m
struct-b	Screen time and compression axes	2026-10-07T20:57:37.2188224Z MEASUREMENT {"candidate": "r3-432-fast3", "round": 1, "time": 0.4291643888011852, "size_pct": 36.60213910633018, "parse_s": 0.033989459999999985, "total_s": 0.22400325100000001, "output_bytes": 5410408, "source_sha256": "bae8014121e4710f4a34ce63452578b4bf69121b4f695e1b1356780a019108ef"}
struct-b	Screen time and compression axes	2026-10-07T20:57:37.2189795Z MEASURE_BEGIN 1 public432
struct-b	Screen time and compression axes	2026-10-07T20:57:37.2683868Z ^[[32m2026-10-07 20:57:37.267^[[0m | ^[[34m^[[1mDEBUG   ^[[0m | ^[[36msandbox.bwrap^[[0m:^[[36mrun^[[0m:^[[36m110^[[0m - ^[[34m^[[1m[bwrap] rustc exit=0 in 0.0s^[[0m
struct-b	Screen time and compression axes	2026-10-07T20:57:39.0835130Z ^[[32m2026-10-07 20:57:39.083^[[0m | ^[[34m^[[1mDEBUG   ^[[0m | ^[[36msandbox.bwrap^[[0m:^[[36mrun^[[0m:^[[36m110^[[0m - ^[[34m^[[1m[bwrap] cargo exit=0 in 1.8s^[[0m
struct-b	Screen time and compression axes	2026-10-07T20:57:39.0839177Z ^[[32m2026-10-07 20:57:39.083^[[0m | ^[[34m^[[1mDEBUG   ^[[0m | ^[[36mbench.driver^[[0m:^[[36m_build^[[0m:^[[36m295^[[0m - ^[[34m^[[1m[bench] built incumbent in 1.8s exit=0^[[0m
struct-b	Screen time and compression axes	2026-10-07T20:57:42.2776746Z ^[[32m2026-10-07 20:57:42.276^[[0m | ^[[34m^[[1mDEBUG   ^[[0m | ^[[36msandbox.bwrap^[[0m:^[[36mrun^[[0m:^[[36m110^[[0m - ^[[34m^[[1m[bwrap] cargo exit=0 in 3.2s^[[0m
struct-b	Screen time and compression axes	2026-10-07T20:57:42.2787766Z ^[[32m2026-10-07 20:57:42.276^[[0m | ^[[34m^[[1mDEBUG   ^[[0m | ^[[36mbench.driver^[[0m:^[[36m_build^[[0m:^[[36m295^[[0m - ^[[34m^[[1m[bench] built public432 in 3.2s exit=0^[[0m
struct-b	Screen time and compression axes	2026-10-07T20:57:53.3697098Z ^[[32m2026-10-07 20:57:53.369^[[0m | ^[[34m^[[1mDEBUG   ^[[0m | ^[[36msandbox.bwrap^[[0m:^[[36mrun^[[0m:^[[36m110^[[0m - ^[[34m^[[1m[bwrap] measure exit=0 in 11.1s^[[0m
struct-b	Screen time and compression axes	2026-10-07T20:57:53.3698681Z ^[[32m2026-10-07 20:57:53.369^[[0m | ^[[34m^[[1mDEBUG   ^[[0m | ^[[36mbench.driver^[[0m:^[[36m_measure^[[0m:^[[36m333^[[0m - ^[[34m^[[1m[bench] measured public432 in 11.1s exit=0^[[0m
struct-b	Screen time and compression axes	2026-10-07T20:57:53.3787249Z MEASUREMENT {"candidate": "public432", "round": 1, "time": 0.43406922498193723, "size_pct": 36.52435870548103, "parse_s": 0.039008602999999996, "total_s": 0.228243662, "output_bytes": 5376051, "source_sha256": "160d1b3f9edb307a0f97bde13cd972b5f6f0a426dd669515f639e4bfa24ef054"}
struct-b	Screen time and compression axes	2026-10-07T20:57:53.3789968Z MEASURE_BEGIN 1 public361
struct-b	Screen time and compression axes	2026-10-07T20:57:53.4245299Z ^[[32m2026-10-07 20:57:53.424^[[0m | ^[[34m^[[1mDEBUG   ^[[0m | ^[[36msandbox.bwrap^[[0m:^[[36mrun^[[0m:^[[36m110^[[0m - ^[[34m^[[1m[bwrap] rustc exit=0 in 0.0s^[[0m
struct-b	Screen time and compression axes	2026-10-07T20:57:55.2245395Z ^[[32m2026-10-07 20:57:55.224^[[0m | ^[[34m^[[1mDEBUG   ^[[0m | ^[[36msandbox.bwrap^[[0m:^[[36mrun^[[0m:^[[36m110^[[0m - ^[[34m^[[1m[bwrap] cargo exit=0 in 1.8s^[[0m
struct-b	Screen time and compression axes	2026-10-07T20:57:55.2247117Z ^[[32m2026-10-07 20:57:55.224^[[0m | ^[[34m^[[1mDEBUG   ^[[0m | ^[[36mbench.driver^[[0m:^[[36m_build^[[0m:^[[36m295^[[0m - ^[[34m^[[1m[bench] built incumbent in 1.8s exit=0^[[0m
struct-b	Screen time and compression axes	2026-10-07T20:57:59.1179518Z ^[[32m2026-10-07 20:57:59.116^[[0m | ^[[34m^[[1mDEBUG   ^[[0m | ^[[36msandbox.bwrap^[[0m:^[[36mrun^[[0m:^[[36m110^[[0m - ^[[34m^[[1m[bwrap] cargo exit=0 in 3.9s^[[0m
struct-b	Screen time and compression axes	2026-10-07T20:57:59.1182078Z ^[[32m2026-10-07 20:57:59.117^[[0m | ^[[34m^[[1mDEBUG   ^[[0m | ^[[36mbench.driver^[[0m:^[[36m_build^[[0m:^[[36m295^[[0m - ^[[34m^[[1m[bench] built public361 in 3.9s exit=0^[[0m
struct-b	Screen time and compression axes	2026-10-07T20:58:16.0517454Z ^[[32m2026-10-07 20:58:16.050^[[0m | ^[[34m^[[1mDEBUG   ^[[0m | ^[[36msandbox.bwrap^[[0m:^[[36mrun^[[0m:^[[36m110^[[0m - ^[[34m^[[1m[bwrap] measure exit=0 in 16.9s^[[0m
struct-b	Screen time and compression axes	2026-10-07T20:58:16.0527009Z ^[[32m2026-10-07 20:58:16.050^[[0m | ^[[34m^[[1mDEBUG   ^[[0m | ^[[36mbench.driver^[[0m:^[[36m_measure^[[0m:^[[36m333^[[0m - ^[[34m^[[1m[bench] measured public361 in 16.9s exit=0^[[0m
struct-b	Screen time and compression axes	2026-10-07T20:58:16.0602891Z MEASUREMENT {"candidate": "public361", "round": 1, "time": 1.1211442484828376, "size_pct": 33.95862675598211, "parse_s": 0.5346584339999999, "total_s": 0.71668967, "output_bytes": 4887709, "source_sha256": "f426f7cec777ef2ca74616eb62205d54ae0bf6938799835a1fe6024ed59b5c45"}
struct-b	Screen time and compression axes	2026-10-07T20:58:16.0607461Z MEASURE_BEGIN 1 mid-shadow
struct-b	Screen time and compression axes	2026-10-07T20:58:16.1025923Z ^[[32m2026-10-07 20:58:16.101^[[0m | ^[[34m^[[1mDEBUG   ^[[0m | ^[[36msandbox.bwrap^[[0m:^[[36mrun^[[0m:^[[36m110^[[0m - ^[[34m^[[1m[bwrap] rustc exit=0 in 0.0s^[[0m
struct-b	Screen time and compression axes	2026-10-07T20:58:17.9120996Z ^[[32m2026-10-07 20:58:17.911^[[0m | ^[[34m^[[1mDEBUG   ^[[0m | ^[[36msandbox.bwrap^[[0m:^[[36mrun^[[0m:^[[36m110^[[0m - ^[[34m^[[1m[bwrap] cargo exit=0 in 1.8s^[[0m
struct-b	Screen time and compression axes	2026-10-07T20:58:17.9124321Z ^[[32m2026-10-07 20:58:17.911^[[0m | ^[[34m^[[1mDEBUG   ^[[0m | ^[[36mbench.driver^[[0m:^[[36m_build^[[0m:^[[36m295^[[0m - ^[[34m^[[1m[bench] built incumbent in 1.8s exit=0^[[0m
struct-b	Screen time and compression axes	2026-10-07T20:58:21.8175906Z ^[[32m2026-10-07 20:58:21.817^[[0m | ^[[34m^[[1mDEBUG   ^[[0m | ^[[36msandbox.bwrap^[[0m:^[[36mrun^[[0m:^[[36m110^[[0m - ^[[34m^[[1m[bwrap] cargo exit=0 in 3.9s^[[0m
struct-b	Screen time and compression axes	2026-10-07T20:58:21.8177440Z ^[[32m2026-10-07 20:58:21.817^[[0m | ^[[34m^[[1mDEBUG   ^[[0m | ^[[36mbench.driver^[[0m:^[[36m_build^[[0m:^[[36m295^[[0m - ^[[34m^[[1m[bench] built mid-shadow in 3.9s exit=0^[[0m
struct-b	Screen time and compression axes	2026-10-07T20:58:38.7387202Z ^[[32m2026-10-07 20:58:38.737^[[0m | ^[[34m^[[1mDEBUG   ^[[0m | ^[[36msandbox.bwrap^[[0m:^[[36mrun^[[0m:^[[36m110^[[0m - ^[[34m^[[1m[bwrap] measure exit=0 in 16.9s^[[0m
struct-b	Screen time and compression axes	2026-10-07T20:58:38.7388088Z ^[[32m2026-10-07 20:58:38.737^[[0m | ^[[34m^[[1mDEBUG   ^[[0m | ^[[36mbench.driver^[[0m:^[[36m_measure^[[0m:^[[36m333^[[0m - ^[[34m^[[1m[bench] measured mid-shadow in 16.9s exit=0^[[0m
struct-b	Screen time and compression axes	2026-10-07T20:58:38.7471523Z MEASUREMENT {"candidate": "mid-shadow", "round": 1, "time": 1.1211345386929181, "size_pct": 33.95862675598211, "parse_s": 0.5329519379999998, "total_s": 0.7152726400000001, "output_bytes": 4887709, "source_sha256": "f426f7cec777ef2ca74616eb62205d54ae0bf6938799835a1fe6024ed59b5c45"}
struct-b	Screen time and compression axes	2026-10-07T20:58:38.7474381Z MEASURE_BEGIN 1 r7-mid361-block1
struct-b	Screen time and compression axes	2026-10-07T20:58:38.7927365Z ^[[32m2026-10-07 20:58:38.792^[[0m | ^[[34m^[[1mDEBUG   ^[[0m | ^[[36msandbox.bwrap^[[0m:^[[36mrun^[[0m:^[[36m110^[[0m - ^[[34m^[[1m[bwrap] rustc exit=0 in 0.0s^[[0m
struct-b	Screen time and compression axes	2026-10-07T20:58:40.5895903Z ^[[32m2026-10-07 20:58:40.589^[[0m | ^[[34m^[[1mDEBUG   ^[[0m | ^[[36msandbox.bwrap^[[0m:^[[36mrun^[[0m:^[[36m110^[[0m - ^[[34m^[[1m[bwrap] cargo exit=0 in 1.8s^[[0m
struct-b	Screen time and compression axes	2026-10-07T20:58:40.5897593Z ^[[32m2026-10-07 20:58:40.589^[[0m | ^[[34m^[[1mDEBUG   ^[[0m | ^[[36mbench.driver^[[0m:^[[36m_build^[[0m:^[[36m295^[[0m - ^[[34m^[[1m[bench] built incumbent in 1.8s exit=0^[[0m
struct-b	Screen time and compression axes	2026-10-07T20:58:44.4672548Z ^[[32m2026-10-07 20:58:44.466^[[0m | ^[[34m^[[1mDEBUG   ^[[0m | ^[[36msandbox.bwrap^[[0m:^[[36mrun^[[0m:^[[36m110^[[0m - ^[[34m^[[1m[bwrap] cargo exit=0 in 3.9s^[[0m
struct-b	Screen time and compression axes	2026-10-07T20:58:44.4674088Z ^[[32m2026-10-07 20:58:44.467^[[0m | ^[[34m^[[1mDEBUG   ^[[0m | ^[[36mbench.driver^[[0m:^[[36m_build^[[0m:^[[36m295^[[0m - ^[[34m^[[1m[bench] built r7-mid361-block1 in 3.9s exit=0^[[0m
struct-b	Screen time and compression axes	2026-10-07T20:59:03.9136227Z ^[[32m2026-10-07 20:59:03.913^[[0m | ^[[34m^[[1mDEBUG   ^[[0m | ^[[36msandbox.bwrap^[[0m:^[[36mrun^[[0m:^[[36m110^[[0m - ^[[34m^[[1m[bwrap] measure exit=0 in 19.4s^[[0m
struct-b	Screen time and compression axes	2026-10-07T20:59:03.9137744Z ^[[32m2026-10-07 20:59:03.913^[[0m | ^[[34m^[[1mDEBUG   ^[[0m | ^[[36mbench.driver^[[0m:^[[36m_measure^[[0m:^[[36m333^[[0m - ^[[34m^[[1m[bench] measured r7-mid361-block1 in 19.4s exit=0^[[0m
struct-b	Screen time and compression axes	2026-10-07T20:59:03.9229698Z MEASUREMENT {"candidate": "r7-mid361-block1", "round": 1, "time": 1.3783922315788921, "size_pct": 33.934365747942536, "parse_s": 0.7479580440000001, "total_s": 0.9269060480000001, "output_bytes": 4882102, "source_sha256": "950eb21b3918adce71bad2737774f2e37531cfbcd45fb17afdd806ee0adc3ed5"}
struct-b	Screen time and compression axes	2026-10-07T20:59:03.9232828Z MEASURE_BEGIN 1 r9-block-scalar
struct-b	Screen time and compression axes	2026-10-07T20:59:03.9659930Z ^[[32m2026-10-07 20:59:03.965^[[0m | ^[[34m^[[1mDEBUG   ^[[0m | ^[[36msandbox.bwrap^[[0m:^[[36mrun^[[0m:^[[36m110^[[0m - ^[[34m^[[1m[bwrap] rustc exit=0 in 0.0s^[[0m
struct-b	Screen time and compression axes	2026-10-07T20:59:05.7954811Z ^[[32m2026-10-07 20:59:05.793^[[0m | ^[[34m^[[1mDEBUG   ^[[0m | ^[[36msandbox.bwrap^[[0m:^[[36mrun^[[0m:^[[36m110^[[0m - ^[[34m^[[1m[bwrap] cargo exit=0 in 1.8s^[[0m
struct-b	Screen time and compression axes	2026-10-07T20:59:05.7958367Z ^[[32m2026-10-07 20:59:05.793^[[0m | ^[[34m^[[1mDEBUG   ^[[0m | ^[[36mbench.driver^[[0m:^[[36m_build^[[0m:^[[36m295^[[0m - ^[[34m^[[1m[bench] built incumbent in 1.8s exit=0^[[0m
struct-b	Screen time and compression axes	2026-10-07T20:59:09.6983159Z ^[[32m2026-10-07 20:59:09.697^[[0m | ^[[34m^[[1mDEBUG   ^[[0m | ^[[36msandbox.bwrap^[[0m:^[[36mrun^[[0m:^[[36m110^[[0m - ^[[34m^[[1m[bwrap] cargo exit=0 in 3.9s^[[0m
struct-b	Screen time and compression axes	2026-10-07T20:59:09.6987731Z ^[[32m2026-10-07 20:59:09.698^[[0m | ^[[34m^[[1mDEBUG   ^[[0m | ^[[36mbench.driver^[[0m:^[[36m_build^[[0m:^[[36m295^[[0m - ^[[34m^[[1m[bench] built r9-block-scalar in 3.9s exit=0^[[0m
struct-b	Screen time and compression axes	2026-10-07T20:59:29.0991988Z ^[[32m2026-10-07 20:59:29.098^[[0m | ^[[34m^[[1mDEBUG   ^[[0m | ^[[36msandbox.bwrap^[[0m:^[[36mrun^[[0m:^[[36m110^[[0m - ^[[34m^[[1m[bwrap] measure exit=0 in 19.4s^[[0m
struct-b	Screen time and compression axes	2026-10-07T20:59:29.0996781Z ^[[32m2026-10-07 20:59:29.098^[[0m | ^[[34m^[[1mDEBUG   ^[[0m | ^[[36mbench.driver^[[0m:^[[36m_measure^[[0m:^[[36m333^[[0m - ^[[34m^[[1m[bench] measured r9-block-scalar in 19.4s exit=0^[[0m
struct-b	Screen time and compression axes	2026-10-07T20:59:29.1080407Z MEASUREMENT {"candidate": "r9-block-scalar", "round": 1, "time": 1.3737158676143912, "size_pct": 33.934365747942536, "parse_s": 0.7460614649999998, "total_s": 0.9247927980000001, "output_bytes": 4882102, "source_sha256": "faf1d7281678d12c3243002121feecdd0ea139633dea197dbc77d86fb6319257"}
struct-b	Screen time and compression axes	2026-10-07T20:59:29.1083630Z MEASURE_BEGIN 1 r10-forward-delta16
struct-b	Screen time and compression axes	2026-10-07T20:59:29.1534550Z ^[[32m2026-10-07 20:59:29.153^[[0m | ^[[34m^[[1mDEBUG   ^[[0m | ^[[36msandbox.bwrap^[[0m:^[[36mrun^[[0m:^[[36m110^[[0m - ^[[34m^[[1m[bwrap] rustc exit=0 in 0.0s^[[0m
struct-b	Screen time and compression axes	2026-10-07T20:59:30.9827597Z ^[[32m2026-10-07 20:59:30.981^[[0m | ^[[34m^[[1mDEBUG   ^[[0m | ^[[36msandbox.bwrap^[[0m:^[[36mrun^[[0m:^[[36m110^[[0m - ^[[34m^[[1m[bwrap] cargo exit=0 in 1.8s^[[0m
struct-b	Screen time and compression axes	2026-10-07T20:59:30.9830054Z ^[[32m2026-10-07 20:59:30.982^[[0m | ^[[34m^[[1mDEBUG   ^[[0m | ^[[36mbench.driver^[[0m:^[[36m_build^[[0m:^[[36m295^[[0m - ^[[34m^[[1m[bench] built incumbent in 1.8s exit=0^[[0m
struct-b	Screen time and compression axes	2026-10-07T20:59:34.8935266Z ^[[32m2026-10-07 20:59:34.893^[[0m | ^[[34m^[[1mDEBUG   ^[[0m | ^[[36msandbox.bwrap^[[0m:^[[36mrun^[[0m:^[[36m110^[[0m - ^[[34m^[[1m[bwrap] cargo exit=0 in 3.9s^[[0m
struct-b	Screen time and compression axes	2026-10-07T20:59:34.8937422Z ^[[32m2026-10-07 20:59:34.893^[[0m | ^[[34m^[[1mDEBUG   ^[[0m | ^[[36mbench.driver^[[0m:^[[36m_build^[[0m:^[[36m295^[[0m - ^[[34m^[[1m[bench] built r10-forward-delta16 in 3.9s exit=0^[[0m
struct-b	Screen time and compression axes	2026-10-07T20:59:54.3958385Z ^[[32m2026-10-07 20:59:54.393^[[0m | ^[[34m^[[1mDEBUG   ^[[0m | ^[[36msandbox.bwrap^[[0m:^[[36mrun^[[0m:^[[36m110^[[0m - ^[[34m^[[1m[bwrap] measure exit=0 in 19.5s^[[0m
struct-b	Screen time and compression axes	2026-10-07T20:59:54.3963981Z ^[[32m2026-10-07 20:59:54.393^[[0m | ^[[34m^[[1mDEBUG   ^[[0m | ^[[36mbench.driver^[[0m:^[[36m_measure^[[0m:^[[36m333^[[0m - ^[[34m^[[1m[bench] measured r10-forward-delta16 in 19.5s exit=0^[[0m
struct-b	Screen time and compression axes	2026-10-07T20:59:54.4036430Z MEASUREMENT {"candidate": "r10-forward-delta16", "round": 1, "time": 1.3877107899737928, "size_pct": 33.934365747942536, "parse_s": 0.754076259, "total_s": 0.932494063, "output_bytes": 4882102, "source_sha256": "1ddbe9f60a2a5dec38a67dcf80211dc2f43bd1160f4916074bb545128a967ee5"}
struct-b	Screen time and compression axes	2026-10-07T20:59:54.4040704Z MEASURE_BEGIN 1 r10-finder-key5
struct-b	Screen time and compression axes	2026-10-07T20:59:54.4461559Z ^[[32m2026-10-07 20:59:54.445^[[0m | ^[[34m^[[1mDEBUG   ^[[0m | ^[[36msandbox.bwrap^[[0m:^[[36mrun^[[0m:^[[36m110^[[0m - ^[[34m^[[1m[bwrap] rustc exit=0 in 0.0s^[[0m
struct-b	Screen time and compression axes	2026-10-07T20:59:56.3074908Z ^[[32m2026-10-07 20:59:56.307^[[0m | ^[[34m^[[1mDEBUG   ^[[0m | ^[[36msandbox.bwrap^[[0m:^[[36mrun^[[0m:^[[36m110^[[0m - ^[[34m^[[1m[bwrap] cargo exit=0 in 1.9s^[[0m
struct-b	Screen time and compression axes	2026-10-07T20:59:56.3076612Z ^[[32m2026-10-07 20:59:56.307^[[0m | ^[[34m^[[1mDEBUG   ^[[0m | ^[[36mbench.driver^[[0m:^[[36m_build^[[0m:^[[36m295^[[0m - ^[[34m^[[1m[bench] built incumbent in 1.9s exit=0^[[0m
struct-b	Screen time and compression axes	2026-10-07T21:00:00.3116227Z ^[[32m2026-10-07 21:00:00.311^[[0m | ^[[34m^[[1mDEBUG   ^[[0m | ^[[36msandbox.bwrap^[[0m:^[[36mrun^[[0m:^[[36m110^[[0m - ^[[34m^[[1m[bwrap] cargo exit=0 in 4.0s^[[0m
struct-b	Screen time and compression axes	2026-10-07T21:00:00.3117812Z ^[[32m2026-10-07 21:00:00.311^[[0m | ^[[34m^[[1mDEBUG   ^[[0m | ^[[36mbench.driver^[[0m:^[[36m_build^[[0m:^[[36m295^[[0m - ^[[34m^[[1m[bench] built r10-finder-key5 in 4.0s exit=0^[[0m
struct-b	Screen time and compression axes	2026-10-07T21:00:20.5824752Z ^[[32m2026-10-07 21:00:20.581^[[0m | ^[[34m^[[1mDEBUG   ^[[0m | ^[[36msandbox.bwrap^[[0m:^[[36mrun^[[0m:^[[36m110^[[0m - ^[[34m^[[1m[bwrap] measure exit=0 in 20.3s^[[0m
struct-b	Screen time and compression axes	2026-10-07T21:00:20.5837087Z ^[[32m2026-10-07 21:00:20.581^[[0m | ^[[34m^[[1mDEBUG   ^[[0m | ^[[36mbench.driver^[[0m:^[[36m_measure^[[0m:^[[36m333^[[0m - ^[[34m^[[1m[bench] measured r10-finder-key5 in 20.3s exit=0^[[0m
struct-b	Screen time and compression axes	2026-10-07T21:00:20.5921439Z MEASUREMENT {"candidate": "r10-finder-key5", "round": 1, "time": 1.4349596971199652, "size_pct": 33.933824577208505, "parse_s": 0.811831314, "total_s": 0.9915990839999997, "output_bytes": 4881503, "source_sha256": "ab392178a1a1e103fd5e33538afd1acf6e54b8573dcccff2696879c0c56ab6d4"}
struct-b	Screen time and compression axes	2026-10-07T21:00:20.5926369Z MEASURE_BEGIN 1 r10-finder-key6
struct-b	Screen time and compression axes	2026-10-07T21:00:20.6357502Z ^[[32m2026-10-07 21:00:20.635^[[0m | ^[[34m^[[1mDEBUG   ^[[0m | ^[[36msandbox.bwrap^[[0m:^[[36mrun^[[0m:^[[36m110^[[0m - ^[[34m^[[1m[bwrap] rustc exit=0 in 0.0s^[[0m
struct-b	Screen time and compression axes	2026-10-07T21:00:22.5322864Z ^[[32m2026-10-07 21:00:22.531^[[0m | ^[[34m^[[1mDEBUG   ^[[0m | ^[[36msandbox.bwrap^[[0m:^[[36mrun^[[0m:^[[36m110^[[0m - ^[[34m^[[1m[bwrap] cargo exit=0 in 1.9s^[[0m
struct-b	Screen time and compression axes	2026-10-07T21:00:22.5330807Z ^[[32m2026-10-07 21:00:22.532^[[0m | ^[[34m^[[1mDEBUG   ^[[0m | ^[[36mbench.driver^[[0m:^[[36m_build^[[0m:^[[36m295^[[0m - ^[[34m^[[1m[bench] built incumbent in 1.9s exit=0^[[0m
struct-b	Screen time and compression axes	2026-10-07T21:00:26.6039248Z ^[[32m2026-10-07 21:00:26.603^[[0m | ^[[34m^[[1mDEBUG   ^[[0m | ^[[36msandbox.bwrap^[[0m:^[[36mrun^[[0m:^[[36m110^[[0m - ^[[34m^[[1m[bwrap] cargo exit=0 in 4.1s^[[0m
struct-b	Screen time and compression axes	2026-10-07T21:00:26.6047264Z ^[[32m2026-10-07 21:00:26.603^[[0m | ^[[34m^[[1mDEBUG   ^[[0m | ^[[36mbench.driver^[[0m:^[[36m_build^[[0m:^[[36m295^[[0m - ^[[34m^[[1m[bench] built r10-finder-key6 in 4.1s exit=0^[[0m
struct-b	Screen time and compression axes	2026-10-07T21:00:46.4621504Z ^[[32m2026-10-07 21:00:46.461^[[0m | ^[[34m^[[1mDEBUG   ^[[0m | ^[[36msandbox.bwrap^[[0m:^[[36mrun^[[0m:^[[36m110^[[0m - ^[[34m^[[1m[bwrap] measure exit=0 in 19.9s^[[0m
struct-b	Screen time and compression axes	2026-10-07T21:00:46.4626849Z ^[[32m2026-10-07 21:00:46.462^[[0m | ^[[34m^[[1mDEBUG   ^[[0m | ^[[36mbench.driver^[[0m:^[[36m_measure^[[0m:^[[36m333^[[0m - ^[[34m^[[1m[bench] measured r10-finder-key6 in 19.9s exit=0^[[0m
struct-b	Screen time and compression axes	2026-10-07T21:00:46.4712632Z MEASUREMENT {"candidate": "r10-finder-key6", "round": 1, "time": 1.3999302026340614, "size_pct": 33.931253877669945, "parse_s": 0.780372639, "total_s": 0.9594323770000002, "output_bytes": 4881084, "source_sha256": "d33ae66a2973a4756d6c76c05d6f8feab898f6aad1539337805ab25571ae580a"}
struct-b	Screen time and compression axes	2026-10-07T21:00:46.4717727Z MEASURE_BEGIN 1 r10-record-nonempty
struct-b	Screen time and compression axes	2026-10-07T21:00:46.5204262Z ^[[32m2026-10-07 21:00:46.520^[[0m | ^[[34m^[[1mDEBUG   ^[[0m | ^[[36msandbox.bwrap^[[0m:^[[36mrun^[[0m:^[[36m110^[[0m - ^[[34m^[[1m[bwrap] rustc exit=0 in 0.0s^[[0m
struct-b	Screen time and compression axes	2026-10-07T21:00:48.3595856Z ^[[32m2026-10-07 21:00:48.359^[[0m | ^[[34m^[[1mDEBUG   ^[[0m | ^[[36msandbox.bwrap^[[0m:^[[36mrun^[[0m:^[[36m110^[[0m - ^[[34m^[[1m[bwrap] cargo exit=0 in 1.8s^[[0m
struct-b	Screen time and compression axes	2026-10-07T21:00:48.3597515Z ^[[32m2026-10-07 21:00:48.359^[[0m | ^[[34m^[[1mDEBUG   ^[[0m | ^[[36mbench.driver^[[0m:^[[36m_build^[[0m:^[[36m295^[[0m - ^[[34m^[[1m[bench] built incumbent in 1.8s exit=0^[[0m
struct-b	Screen time and compression axes	2026-10-07T21:00:52.3719181Z ^[[32m2026-10-07 21:00:52.371^[[0m | ^[[34m^[[1mDEBUG   ^[[0m | ^[[36msandbox.bwrap^[[0m:^[[36mrun^[[0m:^[[36m110^[[0m - ^[[34m^[[1m[bwrap] cargo exit=0 in 4.0s^[[0m
struct-b	Screen time and compression axes	2026-10-07T21:00:52.3720820Z ^[[32m2026-10-07 21:00:52.371^[[0m | ^[[34m^[[1mDEBUG   ^[[0m | ^[[36mbench.driver^[[0m:^[[36m_build^[[0m:^[[36m295^[[0m - ^[[34m^[[1m[bench] built r10-record-nonempty in 4.0s exit=0^[[0m
struct-b	Screen time and compression axes	2026-10-07T21:01:11.6057464Z ^[[32m2026-10-07 21:01:11.604^[[0m | ^[[34m^[[1mDEBUG   ^[[0m | ^[[36msandbox.bwrap^[[0m:^[[36mrun^[[0m:^[[36m110^[[0m - ^[[34m^[[1m[bwrap] measure exit=0 in 19.2s^[[0m
struct-b	Screen time and compression axes	2026-10-07T21:01:11.6067537Z ^[[32m2026-10-07 21:01:11.604^[[0m | ^[[34m^[[1mDEBUG   ^[[0m | ^[[36mbench.driver^[[0m:^[[36m_measure^[[0m:^[[36m333^[[0m - ^[[34m^[[1m[bench] measured r10-record-nonempty in 19.2s exit=0^[[0m
struct-b	Screen time and compression axes	2026-10-07T21:01:11.6143210Z MEASUREMENT {"candidate": "r10-record-nonempty", "round": 1, "time": 1.3630066474376787, "size_pct": 33.934365747942536, "parse_s": 0.7348303809999998, "total_s": 0.9120400000000001, "output_bytes": 4882102, "source_sha256": "7f1c661fd1ce29d12c69671f034ff5a713e284ed1fcba66ba404ff25479b55b7"}
struct-b	Screen time and compression axes	2026-10-07T21:01:11.6149177Z MEASURE_BEGIN 2 r10-record-nonempty
struct-b	Screen time and compression axes	2026-10-07T21:01:11.6570660Z ^[[32m2026-10-07 21:01:11.656^[[0m | ^[[34m^[[1mDEBUG   ^[[0m | ^[[36msandbox.bwrap^[[0m:^[[36mrun^[[0m:^[[36m110^[[0m - ^[[34m^[[1m[bwrap] rustc exit=0 in 0.0s^[[0m
struct-b	Screen time and compression axes	2026-10-07T21:01:13.4905902Z ^[[32m2026-10-07 21:01:13.490^[[0m | ^[[34m^[[1mDEBUG   ^[[0m | ^[[36msandbox.bwrap^[[0m:^[[36mrun^[[0m:^[[36m110^[[0m - ^[[34m^[[1m[bwrap] cargo exit=0 in 1.8s^[[0m
struct-b	Screen time and compression axes	2026-10-07T21:01:13.4907346Z ^[[32m2026-10-07 21:01:13.490^[[0m | ^[[34m^[[1mDEBUG   ^[[0m | ^[[36mbench.driver^[[0m:^[[36m_build^[[0m:^[[36m295^[[0m - ^[[34m^[[1m[bench] built incumbent in 1.8s exit=0^[[0m
struct-b	Screen time and compression axes	2026-10-07T21:01:17.4484826Z ^[[32m2026-10-07 21:01:17.448^[[0m | ^[[34m^[[1mDEBUG   ^[[0m | ^[[36msandbox.bwrap^[[0m:^[[36mrun^[[0m:^[[36m110^[[0m - ^[[34m^[[1m[bwrap] cargo exit=0 in 4.0s^[[0m
struct-b	Screen time and compression axes	2026-10-07T21:01:17.4486767Z ^[[32m2026-10-07 21:01:17.448^[[0m | ^[[34m^[[1mDEBUG   ^[[0m | ^[[36mbench.driver^[[0m:^[[36m_build^[[0m:^[[36m295^[[0m - ^[[34m^[[1m[bench] built r10-record-nonempty in 4.0s exit=0^[[0m
struct-b	Screen time and compression axes	2026-10-07T21:01:36.7252154Z ^[[32m2026-10-07 21:01:36.724^[[0m | ^[[34m^[[1mDEBUG   ^[[0m | ^[[36msandbox.bwrap^[[0m:^[[36mrun^[[0m:^[[36m110^[[0m - ^[[34m^[[1m[bwrap] measure exit=0 in 19.3s^[[0m
struct-b	Screen time and compression axes	2026-10-07T21:01:36.7267156Z ^[[32m2026-10-07 21:01:36.724^[[0m | ^[[34m^[[1mDEBUG   ^[[0m | ^[[36mbench.driver^[[0m:^[[36m_measure^[[0m:^[[36m333^[[0m - ^[[34m^[[1m[bench] measured r10-record-nonempty in 19.3s exit=0^[[0m
struct-b	Screen time and compression axes	2026-10-07T21:01:36.7352678Z MEASUREMENT {"candidate": "r10-record-nonempty", "round": 2, "time": 1.3522580100146084, "size_pct": 33.934365747942536, "parse_s": 0.734577694, "total_s": 0.9129186330000001, "output_bytes": 4882102, "source_sha256": "7f1c661fd1ce29d12c69671f034ff5a713e284ed1fcba66ba404ff25479b55b7"}
struct-b	Screen time and compression axes	2026-10-07T21:01:36.7357861Z MEASURE_BEGIN 2 r10-finder-key6
struct-b	Screen time and compression axes	2026-10-07T21:01:36.7950074Z ^[[32m2026-10-07 21:01:36.794^[[0m | ^[[34m^[[1mDEBUG   ^[[0m | ^[[36msandbox.bwrap^[[0m:^[[36mrun^[[0m:^[[36m110^[[0m - ^[[34m^[[1m[bwrap] rustc exit=0 in 0.0s^[[0m
struct-b	Screen time and compression axes	2026-10-07T21:01:38.6351631Z ^[[32m2026-10-07 21:01:38.634^[[0m | ^[[34m^[[1mDEBUG   ^[[0m | ^[[36msandbox.bwrap^[[0m:^[[36mrun^[[0m:^[[36m110^[[0m - ^[[34m^[[1m[bwrap] cargo exit=0 in 1.8s^[[0m
struct-b	Screen time and compression axes	2026-10-07T21:01:38.6358506Z ^[[32m2026-10-07 21:01:38.634^[[0m | ^[[34m^[[1mDEBUG   ^[[0m | ^[[36mbench.driver^[[0m:^[[36m_build^[[0m:^[[36m295^[[0m - ^[[34m^[[1m[bench] built incumbent in 1.8s exit=0^[[0m
struct-b	Screen time and compression axes	2026-10-07T21:01:42.5854404Z ^[[32m2026-10-07 21:01:42.585^[[0m | ^[[34m^[[1mDEBUG   ^[[0m | ^[[36msandbox.bwrap^[[0m:^[[36mrun^[[0m:^[[36m110^[[0m - ^[[34m^[[1m[bwrap] cargo exit=0 in 4.0s^[[0m
struct-b	Screen time and compression axes	2026-10-07T21:01:42.5856258Z ^[[32m2026-10-07 21:01:42.585^[[0m | ^[[34m^[[1mDEBUG   ^[[0m | ^[[36mbench.driver^[[0m:^[[36m_build^[[0m:^[[36m295^[[0m - ^[[34m^[[1m[bench] built r10-finder-key6 in 4.0s exit=0^[[0m
struct-b	Screen time and compression axes	2026-10-07T21:02:02.3652765Z ^[[32m2026-10-07 21:02:02.364^[[0m | ^[[34m^[[1mDEBUG   ^[[0m | ^[[36msandbox.bwrap^[[0m:^[[36mrun^[[0m:^[[36m110^[[0m - ^[[34m^[[1m[bwrap] measure exit=0 in 19.8s^[[0m
struct-b	Screen time and compression axes	2026-10-07T21:02:02.3654476Z ^[[32m2026-10-07 21:02:02.364^[[0m | ^[[34m^[[1mDEBUG   ^[[0m | ^[[36mbench.driver^[[0m:^[[36m_measure^[[0m:^[[36m333^[[0m - ^[[34m^[[1m[bench] measured r10-finder-key6 in 19.8s exit=0^[[0m
struct-b	Screen time and compression axes	2026-10-07T21:02:02.3757084Z MEASUREMENT {"candidate": "r10-finder-key6", "round": 2, "time": 1.4110208099022374, "size_pct": 33.931253877669945, "parse_s": 0.7762200769999997, "total_s": 0.9547320719999998, "output_bytes": 4881084, "source_sha256": "d33ae66a2973a4756d6c76c05d6f8feab898f6aad1539337805ab25571ae580a"}
struct-b	Screen time and compression axes	2026-10-07T21:02:02.3765046Z MEASURE_BEGIN 2 r10-finder-key5
struct-b	Screen time and compression axes	2026-10-07T21:02:02.4255856Z ^[[32m2026-10-07 21:02:02.424^[[0m | ^[[34m^[[1mDEBUG   ^[[0m | ^[[36msandbox.bwrap^[[0m:^[[36mrun^[[0m:^[[36m110^[[0m - ^[[34m^[[1m[bwrap] rustc exit=0 in 0.0s^[[0m
struct-b	Screen time and compression axes	2026-10-07T21:02:04.2669635Z ^[[32m2026-10-07 21:02:04.265^[[0m | ^[[34m^[[1mDEBUG   ^[[0m | ^[[36msandbox.bwrap^[[0m:^[[36mrun^[[0m:^[[36m110^[[0m - ^[[34m^[[1m[bwrap] cargo exit=0 in 1.8s^[[0m
struct-b	Screen time and compression axes	2026-10-07T21:02:04.2687156Z ^[[32m2026-10-07 21:02:04.265^[[0m | ^[[34m^[[1mDEBUG   ^[[0m | ^[[36mbench.driver^[[0m:^[[36m_build^[[0m:^[[36m295^[[0m - ^[[34m^[[1m[bench] built incumbent in 1.8s exit=0^[[0m
struct-b	Screen time and compression axes	2026-10-07T21:02:08.2409237Z ^[[32m2026-10-07 21:02:08.239^[[0m | ^[[34m^[[1mDEBUG   ^[[0m | ^[[36msandbox.bwrap^[[0m:^[[36mrun^[[0m:^[[36m110^[[0m - ^[[34m^[[1m[bwrap] cargo exit=0 in 4.0s^[[0m
struct-b	Screen time and compression axes	2026-10-07T21:02:08.2411483Z ^[[32m2026-10-07 21:02:08.239^[[0m | ^[[34m^[[1mDEBUG   ^[[0m | ^[[36mbench.driver^[[0m:^[[36m_build^[[0m:^[[36m295^[[0m - ^[[34m^[[1m[bench] built r10-finder-key5 in 4.0s exit=0^[[0m
struct-b	Screen time and compression axes	2026-10-07T21:02:28.4917343Z ^[[32m2026-10-07 21:02:28.489^[[0m | ^[[34m^[[1mDEBUG   ^[[0m | ^[[36msandbox.bwrap^[[0m:^[[36mrun^[[0m:^[[36m110^[[0m - ^[[34m^[[1m[bwrap] measure exit=0 in 20.2s^[[0m
struct-b	Screen time and compression axes	2026-10-07T21:02:28.4918778Z ^[[32m2026-10-07 21:02:28.489^[[0m | ^[[34m^[[1mDEBUG   ^[[0m | ^[[36mbench.driver^[[0m:^[[36m_measure^[[0m:^[[36m333^[[0m - ^[[34m^[[1m[bench] measured r10-finder-key5 in 20.2s exit=0^[[0m
struct-b	Screen time and compression axes	2026-10-07T21:02:28.5012631Z MEASUREMENT {"candidate": "r10-finder-key5", "round": 2, "time": 1.4457179917975604, "size_pct": 33.933824577208505, "parse_s": 0.816852241, "total_s": 0.9956802539999999, "output_bytes": 4881503, "source_sha256": "ab392178a1a1e103fd5e33538afd1acf6e54b8573dcccff2696879c0c56ab6d4"}
struct-b	Screen time and compression axes	2026-10-07T21:02:28.5020335Z MEASURE_BEGIN 2 r10-forward-delta16
struct-b	Screen time and compression axes	2026-10-07T21:02:28.5507653Z ^[[32m2026-10-07 21:02:28.549^[[0m | ^[[34m^[[1mDEBUG   ^[[0m | ^[[36msandbox.bwrap^[[0m:^[[36mrun^[[0m:^[[36m110^[[0m - ^[[34m^[[1m[bwrap] rustc exit=0 in 0.0s^[[0m
struct-b	Screen time and compression axes	2026-10-07T21:02:30.3684164Z ^[[32m2026-10-07 21:02:30.368^[[0m | ^[[34m^[[1mDEBUG   ^[[0m | ^[[36msandbox.bwrap^[[0m:^[[36mrun^[[0m:^[[36m110^[[0m - ^[[34m^[[1m[bwrap] cargo exit=0 in 1.8s^[[0m
struct-b	Screen time and compression axes	2026-10-07T21:02:30.3685827Z ^[[32m2026-10-07 21:02:30.368^[[0m | ^[[34m^[[1mDEBUG   ^[[0m | ^[[36mbench.driver^[[0m:^[[36m_build^[[0m:^[[36m295^[[0m - ^[[34m^[[1m[bench] built incumbent in 1.8s exit=0^[[0m
struct-b	Screen time and compression axes	2026-10-07T21:02:34.3166478Z ^[[32m2026-10-07 21:02:34.316^[[0m | ^[[34m^[[1mDEBUG   ^[[0m | ^[[36msandbox.bwrap^[[0m:^[[36mrun^[[0m:^[[36m110^[[0m - ^[[34m^[[1m[bwrap] cargo exit=0 in 3.9s^[[0m
struct-b	Screen time and compression axes	2026-10-07T21:02:34.3170554Z ^[[32m2026-10-07 21:02:34.316^[[0m | ^[[34m^[[1mDEBUG   ^[[0m | ^[[36mbench.driver^[[0m:^[[36m_build^[[0m:^[[36m295^[[0m - ^[[34m^[[1m[bench] built r10-forward-delta16 in 3.9s exit=0^[[0m
struct-b	Screen time and compression axes	2026-10-07T21:02:53.8282576Z ^[[32m2026-10-07 21:02:53.827^[[0m | ^[[34m^[[1mDEBUG   ^[[0m | ^[[36msandbox.bwrap^[[0m:^[[36mrun^[[0m:^[[36m110^[[0m - ^[[34m^[[1m[bwrap] measure exit=0 in 19.5s^[[0m
struct-b	Screen time and compression axes	2026-10-07T21:02:53.8286822Z ^[[32m2026-10-07 21:02:53.827^[[0m | ^[[34m^[[1mDEBUG   ^[[0m | ^[[36mbench.driver^[[0m:^[[36m_measure^[[0m:^[[36m333^[[0m - ^[[34m^[[1m[bench] measured r10-forward-delta16 in 19.5s exit=0^[[0m
struct-b	Screen time and compression axes	2026-10-07T21:02:53.8387966Z MEASUREMENT {"candidate": "r10-forward-delta16", "round": 2, "time": 1.395863807854791, "size_pct": 33.934365747942536, "parse_s": 0.756591914, "total_s": 0.935091986, "output_bytes": 4882102, "source_sha256": "1ddbe9f60a2a5dec38a67dcf80211dc2f43bd1160f4916074bb545128a967ee5"}
struct-b	Screen time and compression axes	2026-10-07T21:02:53.8391812Z MEASURE_BEGIN 2 r9-block-scalar
struct-b	Screen time and compression axes	2026-10-07T21:02:53.8926123Z ^[[32m2026-10-07 21:02:53.892^[[0m | ^[[34m^[[1mDEBUG   ^[[0m | ^[[36msandbox.bwrap^[[0m:^[[36mrun^[[0m:^[[36m110^[[0m - ^[[34m^[[1m[bwrap] rustc exit=0 in 0.0s^[[0m
struct-b	Screen time and compression axes	2026-10-07T21:02:55.7763144Z ^[[32m2026-10-07 21:02:55.775^[[0m | ^[[34m^[[1mDEBUG   ^[[0m | ^[[36msandbox.bwrap^[[0m:^[[36mrun^[[0m:^[[36m110^[[0m - ^[[34m^[[1m[bwrap] cargo exit=0 in 1.9s^[[0m
struct-b	Screen time and compression axes	2026-10-07T21:02:55.7764806Z ^[[32m2026-10-07 21:02:55.776^[[0m | ^[[34m^[[1mDEBUG   ^[[0m | ^[[36mbench.driver^[[0m:^[[36m_build^[[0m:^[[36m295^[[0m - ^[[34m^[[1m[bench] built incumbent in 1.9s exit=0^[[0m
struct-b	Screen time and compression axes	2026-10-07T21:02:59.8571803Z ^[[32m2026-10-07 21:02:59.856^[[0m | ^[[34m^[[1mDEBUG   ^[[0m | ^[[36msandbox.bwrap^[[0m:^[[36mrun^[[0m:^[[36m110^[[0m - ^[[34m^[[1m[bwrap] cargo exit=0 in 4.1s^[[0m
struct-b	Screen time and compression axes	2026-10-07T21:02:59.8573142Z ^[[32m2026-10-07 21:02:59.856^[[0m | ^[[34m^[[1mDEBUG   ^[[0m | ^[[36mbench.driver^[[0m:^[[36m_build^[[0m:^[[36m295^[[0m - ^[[34m^[[1m[bench] built r9-block-scalar in 4.1s exit=0^[[0m
struct-b	Screen time and compression axes	2026-10-07T21:03:19.3271447Z ^[[32m2026-10-07 21:03:19.325^[[0m | ^[[34m^[[1mDEBUG   ^[[0m | ^[[36msandbox.bwrap^[[0m:^[[36mrun^[[0m:^[[36m110^[[0m - ^[[34m^[[1m[bwrap] measure exit=0 in 19.5s^[[0m
struct-b	Screen time and compression axes	2026-10-07T21:03:19.3272371Z ^[[32m2026-10-07 21:03:19.325^[[0m | ^[[34m^[[1mDEBUG   ^[[0m | ^[[36mbench.driver^[[0m:^[[36m_measure^[[0m:^[[36m333^[[0m - ^[[34m^[[1m[bench] measured r9-block-scalar in 19.5s exit=0^[[0m
struct-b	Screen time and compression axes	2026-10-07T21:03:19.3384862Z MEASUREMENT {"candidate": "r9-block-scalar", "round": 2, "time": 1.3754877699561587, "size_pct": 33.934365747942536, "parse_s": 0.7505102939999998, "total_s": 0.9293163179999999, "output_bytes": 4882102, "source_sha256": "faf1d7281678d12c3243002121feecdd0ea139633dea197dbc77d86fb6319257"}
struct-b	Screen time and compression axes	2026-10-07T21:03:19.3389233Z MEASURE_BEGIN 2 r7-mid361-block1
struct-b	Screen time and compression axes	2026-10-07T21:03:19.3931332Z ^[[32m2026-10-07 21:03:19.392^[[0m | ^[[34m^[[1mDEBUG   ^[[0m | ^[[36msandbox.bwrap^[[0m:^[[36mrun^[[0m:^[[36m110^[[0m - ^[[34m^[[1m[bwrap] rustc exit=0 in 0.0s^[[0m
struct-b	Screen time and compression axes	2026-10-07T21:03:21.2862854Z ^[[32m2026-10-07 21:03:21.285^[[0m | ^[[34m^[[1mDEBUG   ^[[0m | ^[[36msandbox.bwrap^[[0m:^[[36mrun^[[0m:^[[36m110^[[0m - ^[[34m^[[1m[bwrap] cargo exit=0 in 1.9s^[[0m
struct-b	Screen time and compression axes	2026-10-07T21:03:21.2864240Z ^[[32m2026-10-07 21:03:21.285^[[0m | ^[[34m^[[1mDEBUG   ^[[0m | ^[[36mbench.driver^[[0m:^[[36m_build^[[0m:^[[36m295^[[0m - ^[[34m^[[1m[bench] built incumbent in 1.9s exit=0^[[0m
struct-b	Screen time and compression axes	2026-10-07T21:03:25.2007851Z ^[[32m2026-10-07 21:03:25.199^[[0m | ^[[34m^[[1mDEBUG   ^[[0m | ^[[36msandbox.bwrap^[[0m:^[[36mrun^[[0m:^[[36m110^[[0m - ^[[34m^[[1m[bwrap] cargo exit=0 in 3.9s^[[0m
struct-b	Screen time and compression axes	2026-10-07T21:03:25.2010258Z ^[[32m2026-10-07 21:03:25.199^[[0m | ^[[34m^[[1mDEBUG   ^[[0m | ^[[36mbench.driver^[[0m:^[[36m_build^[[0m:^[[36m295^[[0m - ^[[34m^[[1m[bench] built r7-mid361-block1 in 3.9s exit=0^[[0m
struct-b	Screen time and compression axes	2026-10-07T21:03:44.6836139Z ^[[32m2026-10-07 21:03:44.682^[[0m | ^[[34m^[[1mDEBUG   ^[[0m | ^[[36msandbox.bwrap^[[0m:^[[36mrun^[[0m:^[[36m110^[[0m - ^[[34m^[[1m[bwrap] measure exit=0 in 19.5s^[[0m
struct-b	Screen time and compression axes	2026-10-07T21:03:44.6846751Z ^[[32m2026-10-07 21:03:44.682^[[0m | ^[[34m^[[1mDEBUG   ^[[0m | ^[[36mbench.driver^[[0m:^[[36m_measure^[[0m:^[[36m333^[[0m - ^[[34m^[[1m[bench] measured r7-mid361-block1 in 19.5s exit=0^[[0m
struct-b	Screen time and compression axes	2026-10-07T21:03:44.6938096Z MEASUREMENT {"candidate": "r7-mid361-block1", "round": 2, "time": 1.386983984244011, "size_pct": 33.934365747942536, "parse_s": 0.7519150720000002, "total_s": 0.9302888429999997, "output_bytes": 4882102, "source_sha256": "950eb21b3918adce71bad2737774f2e37531cfbcd45fb17afdd806ee0adc3ed5"}
struct-b	Screen time and compression axes	2026-10-07T21:03:44.6942530Z MEASURE_BEGIN 2 mid-shadow
struct-b	Screen time and compression axes	2026-10-07T21:03:44.7339680Z ^[[32m2026-10-07 21:03:44.733^[[0m | ^[[34m^[[1mDEBUG   ^[[0m | ^[[36msandbox.bwrap^[[0m:^[[36mrun^[[0m:^[[36m110^[[0m - ^[[34m^[[1m[bwrap] rustc exit=0 in 0.0s^[[0m
struct-b	Screen time and compression axes	2026-10-07T21:03:46.5571973Z ^[[32m2026-10-07 21:03:46.556^[[0m | ^[[34m^[[1mDEBUG   ^[[0m | ^[[36msandbox.bwrap^[[0m:^[[36mrun^[[0m:^[[36m110^[[0m - ^[[34m^[[1m[bwrap] cargo exit=0 in 1.8s^[[0m
struct-b	Screen time and compression axes	2026-10-07T21:03:46.5573645Z ^[[32m2026-10-07 21:03:46.556^[[0m | ^[[34m^[[1mDEBUG   ^[[0m | ^[[36mbench.driver^[[0m:^[[36m_build^[[0m:^[[36m295^[[0m - ^[[34m^[[1m[bench] built incumbent in 1.8s exit=0^[[0m
struct-b	Screen time and compression axes	2026-10-07T21:03:50.4605789Z ^[[32m2026-10-07 21:03:50.459^[[0m | ^[[34m^[[1mDEBUG   ^[[0m | ^[[36msandbox.bwrap^[[0m:^[[36mrun^[[0m:^[[36m110^[[0m - ^[[34m^[[1m[bwrap] cargo exit=0 in 3.9s^[[0m
struct-b	Screen time and compression axes	2026-10-07T21:03:50.4607546Z ^[[32m2026-10-07 21:03:50.460^[[0m | ^[[34m^[[1mDEBUG   ^[[0m | ^[[36mbench.driver^[[0m:^[[36m_build^[[0m:^[[36m295^[[0m - ^[[34m^[[1m[bench] built mid-shadow in 3.9s exit=0^[[0m
struct-b	Screen time and compression axes	2026-10-07T21:04:07.3777133Z ^[[32m2026-10-07 21:04:07.376^[[0m | ^[[34m^[[1mDEBUG   ^[[0m | ^[[36msandbox.bwrap^[[0m:^[[36mrun^[[0m:^[[36m110^[[0m - ^[[34m^[[1m[bwrap] measure exit=0 in 16.9s^[[0m
struct-b	Screen time and compression axes	2026-10-07T21:04:07.3778489Z ^[[32m2026-10-07 21:04:07.376^[[0m | ^[[34m^[[1mDEBUG   ^[[0m | ^[[36mbench.driver^[[0m:^[[36m_measure^[[0m:^[[36m333^[[0m - ^[[34m^[[1m[bench] measured mid-shadow in 16.9s exit=0^[[0m
struct-b	Screen time and compression axes	2026-10-07T21:04:07.3876567Z MEASUREMENT {"candidate": "mid-shadow", "round": 2, "time": 1.1163124738024732, "size_pct": 33.95862675598211, "parse_s": 0.532618675, "total_s": 0.715668271, "output_bytes": 4887709, "source_sha256": "f426f7cec777ef2ca74616eb62205d54ae0bf6938799835a1fe6024ed59b5c45"}
struct-b	Screen time and compression axes	2026-10-07T21:04:07.3880632Z MEASURE_BEGIN 2 public361
struct-b	Screen time and compression axes	2026-10-07T21:04:07.4307165Z ^[[32m2026-10-07 21:04:07.430^[[0m | ^[[34m^[[1mDEBUG   ^[[0m | ^[[36msandbox.bwrap^[[0m:^[[36mrun^[[0m:^[[36m110^[[0m - ^[[34m^[[1m[bwrap] rustc exit=0 in 0.0s^[[0m
struct-b	Screen time and compression axes	2026-10-07T21:04:09.2604448Z ^[[32m2026-10-07 21:04:09.260^[[0m | ^[[34m^[[1mDEBUG   ^[[0m | ^[[36msandbox.bwrap^[[0m:^[[36mrun^[[0m:^[[36m110^[[0m - ^[[34m^[[1m[bwrap] cargo exit=0 in 1.8s^[[0m
struct-b	Screen time and compression axes	2026-10-07T21:04:09.2606109Z ^[[32m2026-10-07 21:04:09.260^[[0m | ^[[34m^[[1mDEBUG   ^[[0m | ^[[36mbench.driver^[[0m:^[[36m_build^[[0m:^[[36m295^[[0m - ^[[34m^[[1m[bench] built incumbent in 1.8s exit=0^[[0m
struct-b	Screen time and compression axes	2026-10-07T21:04:13.1994981Z ^[[32m2026-10-07 21:04:13.198^[[0m | ^[[34m^[[1mDEBUG   ^[[0m | ^[[36msandbox.bwrap^[[0m:^[[36mrun^[[0m:^[[36m110^[[0m - ^[[34m^[[1m[bwrap] cargo exit=0 in 3.9s^[[0m
struct-b	Screen time and compression axes	2026-10-07T21:04:13.1996807Z ^[[32m2026-10-07 21:04:13.199^[[0m | ^[[34m^[[1mDEBUG   ^[[0m | ^[[36mbench.driver^[[0m:^[[36m_build^[[0m:^[[36m295^[[0m - ^[[34m^[[1m[bench] built public361 in 3.9s exit=0^[[0m
struct-b	Screen time and compression axes	2026-10-07T21:04:30.1777440Z ^[[32m2026-10-07 21:04:30.175^[[0m | ^[[34m^[[1mDEBUG   ^[[0m | ^[[36msandbox.bwrap^[[0m:^[[36mrun^[[0m:^[[36m110^[[0m - ^[[34m^[[1m[bwrap] measure exit=0 in 17.0s^[[0m
struct-b	Screen time and compression axes	2026-10-07T21:04:30.1798686Z ^[[32m2026-10-07 21:04:30.176^[[0m | ^[[34m^[[1mDEBUG   ^[[0m | ^[[36mbench.driver^[[0m:^[[36m_measure^[[0m:^[[36m333^[[0m - ^[[34m^[[1m[bench] measured public361 in 17.0s exit=0^[[0m
struct-b	Screen time and compression axes	2026-10-07T21:04:30.1869265Z MEASUREMENT {"candidate": "public361", "round": 2, "time": 1.1143574793310072, "size_pct": 33.95862675598211, "parse_s": 0.5331046959999999, "total_s": 0.717550679, "output_bytes": 4887709, "source_sha256": "f426f7cec777ef2ca74616eb62205d54ae0bf6938799835a1fe6024ed59b5c45"}
struct-b	Screen time and compression axes	2026-10-07T21:04:30.1874135Z MEASURE_BEGIN 2 public432
struct-b	Screen time and compression axes	2026-10-07T21:04:30.2349643Z ^[[32m2026-10-07 21:04:30.234^[[0m | ^[[34m^[[1mDEBUG   ^[[0m | ^[[36msandbox.bwrap^[[0m:^[[36mrun^[[0m:^[[36m110^[[0m - ^[[34m^[[1m[bwrap] rustc exit=0 in 0.0s^[[0m
struct-b	Screen time and compression axes	2026-10-07T21:04:32.0998792Z ^[[32m2026-10-07 21:04:32.099^[[0m | ^[[34m^[[1mDEBUG   ^[[0m | ^[[36msandbox.bwrap^[[0m:^[[36mrun^[[0m:^[[36m110^[[0m - ^[[34m^[[1m[bwrap] cargo exit=0 in 1.9s^[[0m
struct-b	Screen time and compression axes	2026-10-07T21:04:32.1006770Z ^[[32m2026-10-07 21:04:32.100^[[0m | ^[[34m^[[1mDEBUG   ^[[0m | ^[[36mbench.driver^[[0m:^[[36m_build^[[0m:^[[36m295^[[0m - ^[[34m^[[1m[bench] built incumbent in 1.9s exit=0^[[0m
struct-b	Screen time and compression axes	2026-10-07T21:04:35.4805134Z ^[[32m2026-10-07 21:04:35.479^[[0m | ^[[34m^[[1mDEBUG   ^[[0m | ^[[36msandbox.bwrap^[[0m:^[[36mrun^[[0m:^[[36m110^[[0m - ^[[34m^[[1m[bwrap] cargo exit=0 in 3.4s^[[0m
struct-b	Screen time and compression axes	2026-10-07T21:04:35.4807694Z ^[[32m2026-10-07 21:04:35.479^[[0m | ^[[34m^[[1mDEBUG   ^[[0m | ^[[36mbench.driver^[[0m:^[[36m_build^[[0m:^[[36m295^[[0m - ^[[34m^[[1m[bench] built public432 in 3.4s exit=0^[[0m
struct-b	Screen time and compression axes	2026-10-07T21:04:46.6317141Z ^[[32m2026-10-07 21:04:46.629^[[0m | ^[[34m^[[1mDEBUG   ^[[0m | ^[[36msandbox.bwrap^[[0m:^[[36mrun^[[0m:^[[36m110^[[0m - ^[[34m^[[1m[bwrap] measure exit=0 in 11.1s^[[0m
struct-b	Screen time and compression axes	2026-10-07T21:04:46.6318296Z ^[[32m2026-10-07 21:04:46.629^[[0m | ^[[34m^[[1mDEBUG   ^[[0m | ^[[36mbench.driver^[[0m:^[[36m_measure^[[0m:^[[36m333^[[0m - ^[[34m^[[1m[bench] measured public432 in 11.1s exit=0^[[0m
struct-b	Screen time and compression axes	2026-10-07T21:04:46.6414344Z MEASUREMENT {"candidate": "public432", "round": 2, "time": 0.4341007570447217, "size_pct": 36.52435870548103, "parse_s": 0.03928343, "total_s": 0.230006934, "output_bytes": 5376051, "source_sha256": "160d1b3f9edb307a0f97bde13cd972b5f6f0a426dd669515f639e4bfa24ef054"}
struct-b	Screen time and compression axes	2026-10-07T21:04:46.6419011Z MEASURE_BEGIN 2 r3-432-fast3
struct-b	Screen time and compression axes	2026-10-07T21:04:46.6921546Z ^[[32m2026-10-07 21:04:46.690^[[0m | ^[[34m^[[1mDEBUG   ^[[0m | ^[[36msandbox.bwrap^[[0m:^[[36mrun^[[0m:^[[36m110^[[0m - ^[[34m^[[1m[bwrap] rustc exit=0 in 0.0s^[[0m
struct-b	Screen time and compression axes	2026-10-07T21:04:48.5884379Z ^[[32m2026-10-07 21:04:48.587^[[0m | ^[[34m^[[1mDEBUG   ^[[0m | ^[[36msandbox.bwrap^[[0m:^[[36mrun^[[0m:^[[36m110^[[0m - ^[[34m^[[1m[bwrap] cargo exit=0 in 1.9s^[[0m
struct-b	Screen time and compression axes	2026-10-07T21:04:48.5887080Z ^[[32m2026-10-07 21:04:48.587^[[0m | ^[[34m^[[1mDEBUG   ^[[0m | ^[[36mbench.driver^[[0m:^[[36m_build^[[0m:^[[36m295^[[0m - ^[[34m^[[1m[bench] built incumbent in 1.9s exit=0^[[0m
struct-b	Screen time and compression axes	2026-10-07T21:04:52.0536641Z ^[[32m2026-10-07 21:04:52.052^[[0m | ^[[34m^[[1mDEBUG   ^[[0m | ^[[36msandbox.bwrap^[[0m:^[[36mrun^[[0m:^[[36m110^[[0m - ^[[34m^[[1m[bwrap] cargo exit=0 in 3.5s^[[0m
struct-b	Screen time and compression axes	2026-10-07T21:04:52.0539282Z ^[[32m2026-10-07 21:04:52.052^[[0m | ^[[34m^[[1mDEBUG   ^[[0m | ^[[36mbench.driver^[[0m:^[[36m_build^[[0m:^[[36m295^[[0m - ^[[34m^[[1m[bench] built r3-432-fast3 in 3.5s exit=0^[[0m
struct-b	Screen time and compression axes	2026-10-07T21:05:03.1586529Z ^[[32m2026-10-07 21:05:03.158^[[0m | ^[[34m^[[1mDEBUG   ^[[0m | ^[[36msandbox.bwrap^[[0m:^[[36mrun^[[0m:^[[36m110^[[0m - ^[[34m^[[1m[bwrap] measure exit=0 in 11.1s^[[0m
struct-b	Screen time and compression axes	2026-10-07T21:05:03.1588142Z ^[[32m2026-10-07 21:05:03.158^[[0m | ^[[34m^[[1mDEBUG   ^[[0m | ^[[36mbench.driver^[[0m:^[[36m_measure^[[0m:^[[36m333^[[0m - ^[[34m^[[1m[bench] measured r3-432-fast3 in 11.1s exit=0^[[0m
struct-b	Screen time and compression axes	2026-10-07T21:05:03.1696957Z MEASUREMENT {"candidate": "r3-432-fast3", "round": 2, "time": 0.4287873825173625, "size_pct": 36.60213910633018, "parse_s": 0.034266292000000004, "total_s": 0.22585423000000002, "output_bytes": 5410408, "source_sha256": "bae8014121e4710f4a34ce63452578b4bf69121b4f695e1b1356780a019108ef"}
struct-b	Screen time and compression axes	2026-10-07T21:05:03.1701116Z MEASURE_BEGIN 2 probe3
struct-b	Screen time and compression axes	2026-10-07T21:05:03.2162543Z ^[[32m2026-10-07 21:05:03.215^[[0m | ^[[34m^[[1mDEBUG   ^[[0m | ^[[36msandbox.bwrap^[[0m:^[[36mrun^[[0m:^[[36m110^[[0m - ^[[34m^[[1m[bwrap] rustc exit=0 in 0.0s^[[0m
struct-b	Screen time and compression axes	2026-10-07T21:05:05.1233425Z ^[[32m2026-10-07 21:05:05.122^[[0m | ^[[34m^[[1mDEBUG   ^[[0m | ^[[36msandbox.bwrap^[[0m:^[[36mrun^[[0m:^[[36m110^[[0m - ^[[34m^[[1m[bwrap] cargo exit=0 in 1.9s^[[0m
struct-b	Screen time and compression axes	2026-10-07T21:05:05.1243769Z ^[[32m2026-10-07 21:05:05.123^[[0m | ^[[34m^[[1mDEBUG   ^[[0m | ^[[36mbench.driver^[[0m:^[[36m_build^[[0m:^[[36m295^[[0m - ^[[34m^[[1m[bench] built incumbent in 1.9s exit=0^[[0m
struct-b	Screen time and compression axes	2026-10-07T21:05:07.9315406Z ^[[32m2026-10-07 21:05:07.931^[[0m | ^[[34m^[[1mDEBUG   ^[[0m | ^[[36msandbox.bwrap^[[0m:^[[36mrun^[[0m:^[[36m110^[[0m - ^[[34m^[[1m[bwrap] cargo exit=0 in 2.8s^[[0m
struct-b	Screen time and compression axes	2026-10-07T21:05:07.9317055Z ^[[32m2026-10-07 21:05:07.931^[[0m | ^[[34m^[[1mDEBUG   ^[[0m | ^[[36mbench.driver^[[0m:^[[36m_build^[[0m:^[[36m295^[[0m - ^[[34m^[[1m[bench] built probe3 in 2.8s exit=0^[[0m
struct-b	Screen time and compression axes	2026-10-07T21:05:19.2134657Z ^[[32m2026-10-07 21:05:19.213^[[0m | ^[[34m^[[1mDEBUG   ^[[0m | ^[[36msandbox.bwrap^[[0m:^[[36mrun^[[0m:^[[36m110^[[0m - ^[[34m^[[1m[bwrap] measure exit=0 in 11.3s^[[0m
struct-b	Screen time and compression axes	2026-10-07T21:05:19.2157405Z ^[[32m2026-10-07 21:05:19.213^[[0m | ^[[34m^[[1mDEBUG   ^[[0m | ^[[36mbench.driver^[[0m:^[[36m_measure^[[0m:^[[36m333^[[0m - ^[[34m^[[1m[bench] measured probe3 in 11.3s exit=0^[[0m
struct-b	Screen time and compression axes	2026-10-07T21:05:19.2253829Z MEASUREMENT {"candidate": "probe3", "round": 2, "time": 0.459583068112423, "size_pct": 35.92083771476539, "parse_s": 0.053511217, "total_s": 0.242242459, "output_bytes": 5287026, "source_sha256": "e20ea5a7d2e77821008592faef393855077b9b8ceee244f390a85ac0257e047d"}
struct-b	Screen time and compression axes	2026-10-07T21:05:19.2378628Z ROUND4_PHASE {"phase": "screen", "summary": [{"candidate": "r3-432-fast3", "control": true, "blocks": [1, 2], "time": 0.4289758856592738, "size_pct": 36.60213910633018, "own_anchor": {"time": 0.43787345819892, "size_pct": 36.999728556810254, "on_frontier": false, "dominating_ids": ["453"], "conditional_geometry_weight": 0, "size_gap_pp": 0}, "fixed_427": {"time": 0.435154378689561, "size_pct": 36.859371565647756, "on_frontier": true, "dominating_ids": [], "conditional_geometry_weight": 0.0008059216543922167, "size_gap_pp": 0}, "stress_1pct": {"time": 0.44225219278090927, "size_pct": 36.999728556810254, "on_frontier": false, "dominating_ids": ["453", "481"], "conditional_geometry_weight": 0, "size_gap_pp": 0.439732922335601}, "time_change_pct_vs_fast3": [0.0, 0.0], "size_change_pp_vs_fast3": 0.0, "equivalence": null}, {"candidate": "public361", "control": true, "blocks": [1, 2], "time": 1.1177508639069225, "size_pct": 33.95862675598211, "own_anchor": {"time": 1.1608686942402877, "size_pct": 34.209957755736326, "on_frontier": false, "dominating_ids": ["375"], "conditional_geometry_weight": 0, "size_gap_pp": 0.002389753302253439}, "fixed_427": {"time": 1.133849708045056, "size_pct": 34.19728114309628, "on_frontier": true, "dominating_ids": [], "conditional_geometry_weight": 0.025539420280128303, "size_gap_pp": 0}, "stress_1pct": {"time": 1.1724773811826905, "size_pct": 34.209957755736326, "on_frontier": false, "dominating_ids": ["375"], "conditional_geometry_weight": 0, "size_gap_pp": 0.002389753302253439}, "time_change_pct_vs_fast3": [161.2388813560715, 159.88579066593326], "size_change_pp_vs_fast3": -2.643512350348068, "equivalence": null}, {"candidate": "mid-shadow", "control": true, "blocks": [1, 2], "time": 1.1187235062476957, "size_pct": 33.95862675598211, "own_anchor": {"time": 1.1618819634842634, "size_pct": 34.209957755736326, "on_frontier": false, "dominating_ids": ["375"], "conditional_geometry_weight": 0, "size_gap_pp": 0.002389753302253439}, "fixed_427": {"time": 1.134836359247689, "size_pct": 34.19728114309628, "on_frontier": true, "dominating_ids": [], "conditional_geometry_weight": 0.02426199006452306, "size_gap_pp": 0}, "stress_1pct": {"time": 1.1745343394215382, "size_pct": 34.209957755736326, "on_frontier": false, "dominating_ids": ["375"], "conditional_geometry_weight": 0, "size_gap_pp": 0.002389753302253439}, "time_change_pct_vs_fast3": [161.23661886874197, 160.3417263000437], "size_change_pp_vs_fast3": -2.643512350348068, "equivalence": null}, {"candidate": "r10-record-nonempty", "control": false, "blocks": [1, 2], "time": 1.3576323287261436, "size_pct": 33.934365747942536, "own_anchor": {"time": 1.4099997636012511, "size_pct": 34.18551718968784, "on_frontier": false, "dominating_ids": ["360", "418", "422"], "conditional_geometry_weight": 0, "size_gap_pp": 0.008274726843147562}, "fixed_427": {"time": 1.3771861595151067, "size_pct": 34.172849633580135, "on_frontier": true, "dominating_ids": [], "conditional_geometry_weight": 0.011927101862942073, "size_gap_pp": 0}, "stress_1pct": {"time": 1.4254137830033136, "size_pct": 34.18551718968784, "on_frontier": false, "dominating_ids": ["360", "418", "422"], "conditional_geometry_weight": 0, "size_gap_pp": 0.008274726843147562}, "time_change_pct_vs_fast3": [217.5954676120869, 215.3679574421369], "size_change_pp_vs_fast3": -2.6677733583876417, "equivalence": {"reference": "r9-block-scalar", "public_token_and_output_equal": true, "changed_files": [], "scope": "finite public corpus only; no all-input equivalence claim"}}, {"candidate": "r9-block-scalar", "control": true, "blocks": [1, 2], "time": 1.3746018187852749, "size_pct": 33.934365747942536, "own_anchor": {"time": 1.4276437620579965, "size_pct": 34.18551718968784, "on_frontier": false, "dominating_ids": ["360", "418", "422"], "conditional_geometry_weight": 0, "size_gap_pp": 0.008274726843147562}, "fixed_427": {"time": 1.3944000592941381, "size_pct": 34.172849633580135, "on_frontier": true, "dominating_ids": [], "conditional_geometry_weight": 0.00799729235852881, "size_gap_pp": 0}, "stress_1pct": {"time": 1.4472270597898267, "size_pct": 34.18551718968784, "on_frontier": false, "dominating_ids": ["360", "418", "422"], "conditional_geometry_weight": 0, "size_gap_pp": 0.008274726843147562}, "time_change_pct_vs_fast3": [220.09083313079344, 220.78550490008], "size_change_pp_vs_fast3": -2.6677733583876417, "equivalence": null}, {"candidate": "r7-mid361-block1", "control": true, "blocks": [1, 2], "time": 1.3826881079114517, "size_pct": 33.934365747942536, "own_anchor": {"time": 1.436052813112885, "size_pct": 34.18551718968784, "on_frontier": false, "dominating_ids": ["360", "418", "422"], "conditional_geometry_weight": 0, "size_gap_pp": 0.008274726843147562}, "fixed_427": {"time": 1.4026028143632203, "size_pct": 34.172849633580135, "on_frontier": true, "dominating_ids": [], "conditional_geometry_weight": 0.0063962680387675665, "size_gap_pp": 0}, "stress_1pct": {"time": 1.4593228651949541, "size_pct": 34.18551718968784, "on_frontier": false, "dominating_ids": ["360", "417", "418", "422"], "conditional_geometry_weight": 0, "size_gap_pp": 0.019033596148446463}, "time_change_pct_vs_fast3": [221.18047711956046, 223.46660391478503], "size_change_pp_vs_fast3": -2.6677733583876417, "equivalence": null}, {"candidate": "r10-forward-delta16", "control": false, "blocks": [1, 2], "time": 1.3917872989142919, "size_pct": 33.934365747942536, "own_anchor": {"time": 1.445502405643135, "size_pct": 34.18551718968784, "on_frontier": false, "dominating_ids": ["360", "418", "422"], "conditional_geometry_weight": 0, "size_gap_pp": 0.008274726843147562}, "fixed_427": {"time": 1.411833060024543, "size_pct": 34.172849633580135, "on_frontier": true, "dominating_ids": [], "conditional_geometry_weight": 0.004803117459542066, "size_gap_pp": 0}, "stress_1pct": {"time": 1.4686658206878196, "size_pct": 34.18551718968784, "on_frontier": false, "dominating_ids": ["360", "417", "418", "422"], "conditional_geometry_weight": 0, "size_gap_pp": 0.019033596148446463}, "time_change_pct_vs_fast3": [223.3518032216471, 225.5375192385167], "size_change_pp_vs_fast3": -2.6677733583876417, "equivalence": {"reference": "r9-block-scalar", "public_token_and_output_equal": true, "changed_files": [], "scope": "finite public corpus only; no all-input equivalence claim"}}, {"candidate": "r10-finder-key6", "control": false, "blocks": [1, 2], "time": 1.4054755062681494, "size_pct": 33.931253877669945, "own_anchor": {"time": 1.45972340503404, "size_pct": 34.18238228816984, "on_frontier": false, "dominating_ids": ["360", "417", "418", "422"], "conditional_geometry_weight": 0, "size_gap_pp": 0.0158986946304438}, "fixed_427": {"time": 1.425718417140334, "size_pct": 34.169715893710226, "on_frontier": true, "dominating_ids": [], "conditional_geometry_weight": 0.004549889062244252, "size_gap_pp": 0}, "stress_1pct": {"time": 1.484613344168202, "size_pct": 34.18238228816984, "on_frontier": false, "dominating_ids": ["360", "417", "418", "422"], "conditional_geometry_weight": 0, "size_gap_pp": 0.0158986946304438}, "time_change_pct_vs_fast3": [226.19906011880065, 229.07237186371785], "size_change_pp_vs_fast3": -2.6708852286602323, "equivalence": null}, {"candidate": "r10-finder-key5", "control": false, "blocks": [1, 2], "time": 1.4403388444587628, "size_pct": 33.933824577208505, "own_anchor": {"time": 1.4959314247470163, "size_pct": 34.184972013698165, "on_frontier": false, "dominating_ids": ["296", "360", "417", "418", "422"], "conditional_geometry_weight": 0, "size_gap_pp": 0.021914762814127187}, "fixed_427": {"time": 1.4610838881995403, "size_pct": 34.172304659607214, "on_frontier": false, "dominating_ids": ["417"], "conditional_geometry_weight": 0, "size_gap_pp": 0.005821066067817071}, "stress_1pct": {"time": 1.521120175878499, "size_pct": 34.184972013698165, "on_frontier": false, "dominating_ids": ["296", "360", "417", "418", "419", "422"], "conditional_geometry_weight": 0, "size_gap_pp": 0.023973393122311393}, "time_change_pct_vs_fast3": [234.3613157485732, 237.16430350863237], "size_change_pp_vs_fast3": -2.668314529121673, "equivalence": null}, {"candidate": "public432", "control": true, "blocks": [1, 2], "time": 0.4340849910133294, "size_pct": 36.52435870548103, "own_anchor": {"time": 0.4413850574969763, "size_pct": 36.91273515631194, "on_frontier": false, "dominating_ids": ["481"], "conditional_geometry_weight": 0, "size_gap_pp": 0.35273952183728596}, "fixed_427": {"time": 0.44033706993241906, "size_pct": 36.781044539812044, "on_frontier": false, "dominating_ids": ["481"], "conditional_geometry_weight": 0, "size_gap_pp": 0.22104890533739052}, "stress_1pct": {"time": 0.4457989080719461, "size_pct": 36.91273515631194, "on_frontier": false, "dominating_ids": ["451", "456", "481"], "conditional_geometry_weight": 0, "size_gap_pp": 0.6682900958168787}, "time_change_pct_vs_fast3": [1.1428805158911315, 1.2391629847326557], "size_change_pp_vs_fast3": -0.07778040084915006, "equivalence": null}, {"candidate": "probe3", "control": true, "blocks": [1, 2], "time": 0.4596693512528737, "size_pct": 35.92083771476539, "own_anchor": {"time": 0.46614327772931885, "size_pct": 36.173282125166494, "on_frontier": false, "dominating_ids": ["434", "437", "442", "464"], "conditional_geometry_weight": 0, "size_gap_pp": 0.4163487968876325}, "fixed_427": {"time": 0.4662899189302101, "size_pct": 36.173282125166494, "on_frontier": false, "dominating_ids": ["434", "437", "442", "464"], "conditional_geometry_weight": 0, "size_gap_pp": 0.4163487968876325}, "stress_1pct": {"time": 0.47080471050661205, "size_pct": 36.173282125166494, "on_frontier": false, "dominating_ids": ["434", "437", "442", "464"], "conditional_geometry_weight": 0, "size_gap_pp": 0.4163487968876325}, "time_change_pct_vs_fast3": [7.128095058770345, 7.1820409952976005], "size_change_pp_vs_fast3": -0.6813013915647872, "equivalence": null}], "gates": {}, "failures": []}
struct-b	Publish early paired measurement receipt	﻿2026-10-07T21:05:19.2586604Z ##[group]Run actions/upload-artifact@ea165f8d65b6e75b540449e92b4886f43607fa02
struct-b	Publish early paired measurement receipt	2026-10-07T21:05:19.2587159Z with:
struct-b	Publish early paired measurement receipt	2026-10-07T21:05:19.2587470Z   name: r10-37684506856-struct-b-screen
struct-b	Publish early paired measurement receipt	2026-10-07T21:05:19.2587849Z   path: /home/runner/work/_temp/round4-receipts/
struct-b	Publish early paired measurement receipt	2026-10-07T21:05:19.2588226Z   retention-days: 1
struct-b	Publish early paired measurement receipt	2026-10-07T21:05:19.2588511Z   compression-level: 9
struct-b	Publish early paired measurement receipt	2026-10-07T21:05:19.2588808Z   if-no-files-found: ignore
struct-b	Publish early paired measurement receipt	2026-10-07T21:05:19.2589100Z   overwrite: false
struct-b	Publish early paired measurement receipt	2026-10-07T21:05:19.2589377Z   include-hidden-files: false
struct-b	Publish early paired measurement receipt	2026-10-07T21:05:19.2589674Z env:
struct-b	Publish early paired measurement receipt	2026-10-07T21:05:19.2589913Z   ROUND4_SPEC: struct-b
struct-b	Publish early paired measurement receipt	2026-10-07T21:05:19.2590206Z   ROUND4_SPEC_DIR: evidence/round10
struct-b	Publish early paired measurement receipt	2026-10-07T21:05:19.2590603Z   DEFLATE_ROOT: /home/runner/work/_temp/deflate-upstream
struct-b	Publish early paired measurement receipt	2026-10-07T21:05:19.2591155Z   ELAN_HOME: /home/runner/work/_temp/deflate-upstream/validator/.work/elan
struct-b	Publish early paired measurement receipt	2026-10-07T21:05:19.2591682Z   XDG_CACHE_HOME: /home/runner/work/_temp/deflate-cache
struct-b	Publish early paired measurement receipt	2026-10-07T21:05:19.2592122Z   UV_CACHE_DIR: /home/runner/work/_temp/deflate-cache/uv
struct-b	Publish early paired measurement receipt	2026-10-07T21:05:19.2592559Z   XDG_RUNTIME_DIR: /run/user/1001
struct-b	Publish early paired measurement receipt	2026-10-07T21:05:19.2592940Z   DBUS_SESSION_BUS_ADDRESS: unix:path=/run/user/1001/bus
struct-b	Publish early paired measurement receipt	2026-10-07T21:05:19.2593340Z   VERIFY_CORPUS: corpus-stage1
struct-b	Publish early paired measurement receipt	2026-10-07T21:05:19.2593663Z   VERIFY_SANDBOX: bwrap
struct-b	Publish early paired measurement receipt	2026-10-07T21:05:19.2593954Z   GIT_TERMINAL_PROMPT: 0
struct-b	Publish early paired measurement receipt	2026-10-07T21:05:19.2594232Z ##[endgroup]
struct-b	Publish early paired measurement receipt	2026-10-07T21:05:19.4292912Z (node:7161) [DEP0040] DeprecationWarning: The `punycode` module is deprecated. Please use a userland alternative instead.
struct-b	Publish early paired measurement receipt	2026-10-07T21:05:19.4294043Z (Use `node --trace-deprecation ...` to show where the warning was created)
struct-b	Publish early paired measurement receipt	2026-10-07T21:05:19.4661399Z With the provided path, there will be 36 files uploaded
struct-b	Publish early paired measurement receipt	2026-10-07T21:05:19.4662428Z Artifact name is valid!
struct-b	Publish early paired measurement receipt	2026-10-07T21:05:19.4663015Z Root directory input is valid!
struct-b	Publish early paired measurement receipt	2026-10-07T21:05:19.6586537Z Beginning upload of artifact content to blob storage
struct-b	Publish early paired measurement receipt	2026-10-07T21:05:19.8647173Z (node:7161) [DEP0169] DeprecationWarning: `url.parse()` behavior is not standardized and prone to errors that have security implications. Use the WHATWG URL API instead. CVEs are not issued for `url.parse()` vulnerabilities.
struct-b	Publish early paired measurement receipt	2026-10-07T21:05:19.9473108Z Uploaded bytes 540881
struct-b	Publish early paired measurement receipt	2026-10-07T21:05:19.9660928Z Finished uploading artifact content to blob storage!
struct-b	Publish early paired measurement receipt	2026-10-07T21:05:19.9662110Z SHA256 digest of uploaded artifact zip is 4009a63c28b8ad7bd9e36f0132db26d12dad74ae3c0e00da4f64ad2f34a54a4c
struct-b	Publish early paired measurement receipt	2026-10-07T21:05:19.9662942Z Finalizing artifact upload
struct-b	Publish early paired measurement receipt	2026-10-07T21:05:20.2046386Z Artifact r10-37684506856-struct-b-screen.zip successfully finalized. Artifact ID 11512036051
struct-b	Publish early paired measurement receipt	2026-10-07T21:05:20.2056747Z Artifact r10-37684506856-struct-b-screen has been successfully uploaded! Final size is 540881 bytes. Artifact ID is 11512036051
struct-b	Publish early paired measurement receipt	2026-10-07T21:05:20.2058107Z Artifact download URL: https://github.com/HuanHuanHuanFFF/Miner/actions/runs/37684506856/artifacts/11512036051
struct-b	Refine shortlisted candidates	﻿2026-10-07T21:05:20.2179141Z ##[group]Run export PATH="$HOME/.local/bin:$HOME/.cargo/bin:$ELAN_HOME/bin:$PATH"
struct-b	Refine shortlisted candidates	2026-10-07T21:05:20.2179598Z ^[[36;1mexport PATH="$HOME/.local/bin:$HOME/.cargo/bin:$ELAN_HOME/bin:$PATH"^[[0m
struct-b	Refine shortlisted candidates	2026-10-07T21:05:20.2179932Z ^[[36;1mexport PYTHONPATH="$DEFLATE_ROOT/validator"^[[0m
struct-b	Refine shortlisted candidates	2026-10-07T21:05:20.2180246Z ^[[36;1m"$DEFLATE_ROOT/.venv/bin/python" scripts/round4.py refine^[[0m
struct-b	Refine shortlisted candidates	2026-10-07T21:05:20.2235115Z shell: /usr/bin/bash -e {0}
struct-b	Refine shortlisted candidates	2026-10-07T21:05:20.2235337Z env:
struct-b	Refine shortlisted candidates	2026-10-07T21:05:20.2235689Z   ROUND4_SPEC: struct-b
struct-b	Refine shortlisted candidates	2026-10-07T21:05:20.2235936Z   ROUND4_SPEC_DIR: evidence/round10
struct-b	Refine shortlisted candidates	2026-10-07T21:05:20.2236202Z   DEFLATE_ROOT: /home/runner/work/_temp/deflate-upstream
struct-b	Refine shortlisted candidates	2026-10-07T21:05:20.2236546Z   ELAN_HOME: /home/runner/work/_temp/deflate-upstream/validator/.work/elan
struct-b	Refine shortlisted candidates	2026-10-07T21:05:20.2236879Z   XDG_CACHE_HOME: /home/runner/work/_temp/deflate-cache
struct-b	Refine shortlisted candidates	2026-10-07T21:05:20.2237183Z   UV_CACHE_DIR: /home/runner/work/_temp/deflate-cache/uv
struct-b	Refine shortlisted candidates	2026-10-07T21:05:20.2237434Z   XDG_RUNTIME_DIR: /run/user/1001
struct-b	Refine shortlisted candidates	2026-10-07T21:05:20.2237715Z   DBUS_SESSION_BUS_ADDRESS: unix:path=/run/user/1001/bus
struct-b	Refine shortlisted candidates	2026-10-07T21:05:20.2237970Z   VERIFY_CORPUS: corpus-stage1
struct-b	Refine shortlisted candidates	2026-10-07T21:05:20.2238181Z   VERIFY_SANDBOX: bwrap
struct-b	Refine shortlisted candidates	2026-10-07T21:05:20.2238367Z   GIT_TERMINAL_PROMPT: 0
struct-b	Refine shortlisted candidates	2026-10-07T21:05:20.2238559Z ##[endgroup]
struct-b	Refine shortlisted candidates	2026-10-07T21:05:20.3659481Z ROUND4_PHASE {"phase": "refine", "summary": [{"candidate": "r3-432-fast3", "control": true, "blocks": [1, 2], "time": 0.4289758856592738, "size_pct": 36.60213910633018, "own_anchor": {"time": 0.43787345819892, "size_pct": 36.999728556810254, "on_frontier": false, "dominating_ids": ["453"], "conditional_geometry_weight": 0, "size_gap_pp": 0}, "fixed_427": {"time": 0.435154378689561, "size_pct": 36.859371565647756, "on_frontier": true, "dominating_ids": [], "conditional_geometry_weight": 0.0008059216543922167, "size_gap_pp": 0}, "stress_1pct": {"time": 0.44225219278090927, "size_pct": 36.999728556810254, "on_frontier": false, "dominating_ids": ["453", "481"], "conditional_geometry_weight": 0, "size_gap_pp": 0.439732922335601}, "time_change_pct_vs_fast3": [0.0, 0.0], "size_change_pp_vs_fast3": 0.0, "equivalence": null}, {"candidate": "public361", "control": true, "blocks": [1, 2], "time": 1.1177508639069225, "size_pct": 33.95862675598211, "own_anchor": {"time": 1.1608686942402877, "size_pct": 34.209957755736326, "on_frontier": false, "dominating_ids": ["375"], "conditional_geometry_weight": 0, "size_gap_pp": 0.002389753302253439}, "fixed_427": {"time": 1.133849708045056, "size_pct": 34.19728114309628, "on_frontier": true, "dominating_ids": [], "conditional_geometry_weight": 0.025539420280128303, "size_gap_pp": 0}, "stress_1pct": {"time": 1.1724773811826905, "size_pct": 34.209957755736326, "on_frontier": false, "dominating_ids": ["375"], "conditional_geometry_weight": 0, "size_gap_pp": 0.002389753302253439}, "time_change_pct_vs_fast3": [161.2388813560715, 159.88579066593326], "size_change_pp_vs_fast3": -2.643512350348068, "equivalence": null}, {"candidate": "mid-shadow", "control": true, "blocks": [1, 2], "time": 1.1187235062476957, "size_pct": 33.95862675598211, "own_anchor": {"time": 1.1618819634842634, "size_pct": 34.209957755736326, "on_frontier": false, "dominating_ids": ["375"], "conditional_geometry_weight": 0, "size_gap_pp": 0.002389753302253439}, "fixed_427": {"time": 1.134836359247689, "size_pct": 34.19728114309628, "on_frontier": true, "dominating_ids": [], "conditional_geometry_weight": 0.02426199006452306, "size_gap_pp": 0}, "stress_1pct": {"time": 1.1745343394215382, "size_pct": 34.209957755736326, "on_frontier": false, "dominating_ids": ["375"], "conditional_geometry_weight": 0, "size_gap_pp": 0.002389753302253439}, "time_change_pct_vs_fast3": [161.23661886874197, 160.3417263000437], "size_change_pp_vs_fast3": -2.643512350348068, "equivalence": null}, {"candidate": "r10-record-nonempty", "control": false, "blocks": [1, 2], "time": 1.3576323287261436, "size_pct": 33.934365747942536, "own_anchor": {"time": 1.4099997636012511, "size_pct": 34.18551718968784, "on_frontier": false, "dominating_ids": ["360", "418", "422"], "conditional_geometry_weight": 0, "size_gap_pp": 0.008274726843147562}, "fixed_427": {"time": 1.3771861595151067, "size_pct": 34.172849633580135, "on_frontier": true, "dominating_ids": [], "conditional_geometry_weight": 0.011927101862942073, "size_gap_pp": 0}, "stress_1pct": {"time": 1.4254137830033136, "size_pct": 34.18551718968784, "on_frontier": false, "dominating_ids": ["360", "418", "422"], "conditional_geometry_weight": 0, "size_gap_pp": 0.008274726843147562}, "time_change_pct_vs_fast3": [217.5954676120869, 215.3679574421369], "size_change_pp_vs_fast3": -2.6677733583876417, "equivalence": {"reference": "r9-block-scalar", "public_token_and_output_equal": true, "changed_files": [], "scope": "finite public corpus only; no all-input equivalence claim"}}, {"candidate": "r9-block-scalar", "control": true, "blocks": [1, 2], "time": 1.3746018187852749, "size_pct": 33.934365747942536, "own_anchor": {"time": 1.4276437620579965, "size_pct": 34.18551718968784, "on_frontier": false, "dominating_ids": ["360", "418", "422"], "conditional_geometry_weight": 0, "size_gap_pp": 0.008274726843147562}, "fixed_427": {"time": 1.3944000592941381, "size_pct": 34.172849633580135, "on_frontier": true, "dominating_ids": [], "conditional_geometry_weight": 0.00799729235852881, "size_gap_pp": 0}, "stress_1pct": {"time": 1.4472270597898267, "size_pct": 34.18551718968784, "on_frontier": false, "dominating_ids": ["360", "418", "422"], "conditional_geometry_weight": 0, "size_gap_pp": 0.008274726843147562}, "time_change_pct_vs_fast3": [220.09083313079344, 220.78550490008], "size_change_pp_vs_fast3": -2.6677733583876417, "equivalence": null}, {"candidate": "r7-mid361-block1", "control": true, "blocks": [1, 2], "time": 1.3826881079114517, "size_pct": 33.934365747942536, "own_anchor": {"time": 1.436052813112885, "size_pct": 34.18551718968784, "on_frontier": false, "dominating_ids": ["360", "418", "422"], "conditional_geometry_weight": 0, "size_gap_pp": 0.008274726843147562}, "fixed_427": {"time": 1.4026028143632203, "size_pct": 34.172849633580135, "on_frontier": true, "dominating_ids": [], "conditional_geometry_weight": 0.0063962680387675665, "size_gap_pp": 0}, "stress_1pct": {"time": 1.4593228651949541, "size_pct": 34.18551718968784, "on_frontier": false, "dominating_ids": ["360", "417", "418", "422"], "conditional_geometry_weight": 0, "size_gap_pp": 0.019033596148446463}, "time_change_pct_vs_fast3": [221.18047711956046, 223.46660391478503], "size_change_pp_vs_fast3": -2.6677733583876417, "equivalence": null}, {"candidate": "r10-forward-delta16", "control": false, "blocks": [1, 2], "time": 1.3917872989142919, "size_pct": 33.934365747942536, "own_anchor": {"time": 1.445502405643135, "size_pct": 34.18551718968784, "on_frontier": false, "dominating_ids": ["360", "418", "422"], "conditional_geometry_weight": 0, "size_gap_pp": 0.008274726843147562}, "fixed_427": {"time": 1.411833060024543, "size_pct": 34.172849633580135, "on_frontier": true, "dominating_ids": [], "conditional_geometry_weight": 0.004803117459542066, "size_gap_pp": 0}, "stress_1pct": {"time": 1.4686658206878196, "size_pct": 34.18551718968784, "on_frontier": false, "dominating_ids": ["360", "417", "418", "422"], "conditional_geometry_weight": 0, "size_gap_pp": 0.019033596148446463}, "time_change_pct_vs_fast3": [223.3518032216471, 225.5375192385167], "size_change_pp_vs_fast3": -2.6677733583876417, "equivalence": {"reference": "r9-block-scalar", "public_token_and_output_equal": true, "changed_files": [], "scope": "finite public corpus only; no all-input equivalence claim"}}, {"candidate": "r10-finder-key6", "control": false, "blocks": [1, 2], "time": 1.4054755062681494, "size_pct": 33.931253877669945, "own_anchor": {"time": 1.45972340503404, "size_pct": 34.18238228816984, "on_frontier": false, "dominating_ids": ["360", "417", "418", "422"], "conditional_geometry_weight": 0, "size_gap_pp": 0.0158986946304438}, "fixed_427": {"time": 1.425718417140334, "size_pct": 34.169715893710226, "on_frontier": true, "dominating_ids": [], "conditional_geometry_weight": 0.004549889062244252, "size_gap_pp": 0}, "stress_1pct": {"time": 1.484613344168202, "size_pct": 34.18238228816984, "on_frontier": false, "dominating_ids": ["360", "417", "418", "422"], "conditional_geometry_weight": 0, "size_gap_pp": 0.0158986946304438}, "time_change_pct_vs_fast3": [226.19906011880065, 229.07237186371785], "size_change_pp_vs_fast3": -2.6708852286602323, "equivalence": null}, {"candidate": "r10-finder-key5", "control": false, "blocks": [1, 2], "time": 1.4403388444587628, "size_pct": 33.933824577208505, "own_anchor": {"time": 1.4959314247470163, "size_pct": 34.184972013698165, "on_frontier": false, "dominating_ids": ["296", "360", "417", "418", "422"], "conditional_geometry_weight": 0, "size_gap_pp": 0.021914762814127187}, "fixed_427": {"time": 1.4610838881995403, "size_pct": 34.172304659607214, "on_frontier": false, "dominating_ids": ["417"], "conditional_geometry_weight": 0, "size_gap_pp": 0.005821066067817071}, "stress_1pct": {"time": 1.521120175878499, "size_pct": 34.184972013698165, "on_frontier": false, "dominating_ids": ["296", "360", "417", "418", "419", "422"], "conditional_geometry_weight": 0, "size_gap_pp": 0.023973393122311393}, "time_change_pct_vs_fast3": [234.3613157485732, 237.16430350863237], "size_change_pp_vs_fast3": -2.668314529121673, "equivalence": null}, {"candidate": "public432", "control": true, "blocks": [1, 2], "time": 0.4340849910133294, "size_pct": 36.52435870548103, "own_anchor": {"time": 0.4413850574969763, "size_pct": 36.91273515631194, "on_frontier": false, "dominating_ids": ["481"], "conditional_geometry_weight": 0, "size_gap_pp": 0.35273952183728596}, "fixed_427": {"time": 0.44033706993241906, "size_pct": 36.781044539812044, "on_frontier": false, "dominating_ids": ["481"], "conditional_geometry_weight": 0, "size_gap_pp": 0.22104890533739052}, "stress_1pct": {"time": 0.4457989080719461, "size_pct": 36.91273515631194, "on_frontier": false, "dominating_ids": ["451", "456", "481"], "conditional_geometry_weight": 0, "size_gap_pp": 0.6682900958168787}, "time_change_pct_vs_fast3": [1.1428805158911315, 1.2391629847326557], "size_change_pp_vs_fast3": -0.07778040084915006, "equivalence": null}, {"candidate": "probe3", "control": true, "blocks": [1, 2], "time": 0.4596693512528737, "size_pct": 35.92083771476539, "own_anchor": {"time": 0.46614327772931885, "size_pct": 36.173282125166494, "on_frontier": false, "dominating_ids": ["434", "437", "442", "464"], "conditional_geometry_weight": 0, "size_gap_pp": 0.4163487968876325}, "fixed_427": {"time": 0.4662899189302101, "size_pct": 36.173282125166494, "on_frontier": false, "dominating_ids": ["434", "437", "442", "464"], "conditional_geometry_weight": 0, "size_gap_pp": 0.4163487968876325}, "stress_1pct": {"time": 0.47080471050661205, "size_pct": 36.173282125166494, "on_frontier": false, "dominating_ids": ["434", "437", "442", "464"], "conditional_geometry_weight": 0, "size_gap_pp": 0.4163487968876325}, "time_change_pct_vs_fast3": [7.128095058770345, 7.1820409952976005], "size_change_pp_vs_fast3": -0.6813013915647872, "equivalence": null}], "gates": {}, "failures": []}
struct-b	Run selected fresh official gate	﻿2026-10-07T21:05:20.3847463Z ##[group]Run export PATH="$HOME/.local/bin:$HOME/.cargo/bin:$ELAN_HOME/bin:$PATH"
struct-b	Run selected fresh official gate	2026-10-07T21:05:20.3847919Z ^[[36;1mexport PATH="$HOME/.local/bin:$HOME/.cargo/bin:$ELAN_HOME/bin:$PATH"^[[0m
struct-b	Run selected fresh official gate	2026-10-07T21:05:20.3848253Z ^[[36;1mexport PYTHONPATH="$DEFLATE_ROOT/validator"^[[0m
struct-b	Run selected fresh official gate	2026-10-07T21:05:20.3848563Z ^[[36;1m"$DEFLATE_ROOT/.venv/bin/python" scripts/round4.py gate^[[0m
struct-b	Run selected fresh official gate	2026-10-07T21:05:20.3903043Z shell: /usr/bin/bash -e {0}
struct-b	Run selected fresh official gate	2026-10-07T21:05:20.3903259Z env:
struct-b	Run selected fresh official gate	2026-10-07T21:05:20.3903431Z   ROUND4_SPEC: struct-b
struct-b	Run selected fresh official gate	2026-10-07T21:05:20.3903631Z   ROUND4_SPEC_DIR: evidence/round10
struct-b	Run selected fresh official gate	2026-10-07T21:05:20.3903896Z   DEFLATE_ROOT: /home/runner/work/_temp/deflate-upstream
struct-b	Run selected fresh official gate	2026-10-07T21:05:20.3904234Z   ELAN_HOME: /home/runner/work/_temp/deflate-upstream/validator/.work/elan
struct-b	Run selected fresh official gate	2026-10-07T21:05:20.3904568Z   XDG_CACHE_HOME: /home/runner/work/_temp/deflate-cache
struct-b	Run selected fresh official gate	2026-10-07T21:05:20.3905022Z   UV_CACHE_DIR: /home/runner/work/_temp/deflate-cache/uv
struct-b	Run selected fresh official gate	2026-10-07T21:05:20.3905278Z   XDG_RUNTIME_DIR: /run/user/1001
struct-b	Run selected fresh official gate	2026-10-07T21:05:20.3905771Z   DBUS_SESSION_BUS_ADDRESS: unix:path=/run/user/1001/bus
struct-b	Run selected fresh official gate	2026-10-07T21:05:20.3906037Z   VERIFY_CORPUS: corpus-stage1
struct-b	Run selected fresh official gate	2026-10-07T21:05:20.3906249Z   VERIFY_SANDBOX: bwrap
struct-b	Run selected fresh official gate	2026-10-07T21:05:20.3906440Z   GIT_TERMINAL_PROMPT: 0
struct-b	Run selected fresh official gate	2026-10-07T21:05:20.3906629Z ##[endgroup]
struct-b	Run selected fresh official gate	2026-10-07T21:05:20.4953763Z GATE_BEGIN r10-record-nonempty
struct-b	Run selected fresh official gate	2026-10-07T21:05:20.8593278Z ^[[32m2026-10-07 21:05:20.858^[[0m | ^[[34m^[[1mDEBUG   ^[[0m | ^[[36m__main__^[[0m:^[[36mmain^[[0m:^[[36m649^[[0m - ^[[34m^[[1m[gate] benchmark sandbox: bwrap, 300s, 2048 MB, cpus=any^[[0m
struct-b	Run selected fresh official gate	2026-10-07T21:05:20.8624260Z ^[[32m2026-10-07 21:05:20.862^[[0m | ^[[34m^[[1mDEBUG   ^[[0m | ^[[36m__main__^[[0m:^[[36mstage_intake^[[0m:^[[36m261^[[0m - ^[[34m^[[1m[gate] parse.rs 7f1c661fd1ce29d1 -> slot/generated/parse.rs^[[0m
struct-b	Run selected fresh official gate	2026-10-07T21:05:20.8638196Z ^[[32m2026-10-07 21:05:20.863^[[0m | ^[[34m^[[1mDEBUG   ^[[0m | ^[[36m__main__^[[0m:^[[36mstage_intake^[[0m:^[[36m261^[[0m - ^[[34m^[[1m[gate] Parse.lean 86cfc36adb009970 -> lean/Proof/Parse.lean^[[0m
struct-b	Run selected fresh official gate	2026-10-07T21:05:20.9833583Z ^[[32m2026-10-07 21:05:20.982^[[0m | ^[[34m^[[1mDEBUG   ^[[0m | ^[[36msandbox.bwrap^[[0m:^[[36mrun^[[0m:^[[36m110^[[0m - ^[[34m^[[1m[bwrap] rustup exit=0 in 0.0s^[[0m
struct-b	Run selected fresh official gate	2026-10-07T21:05:22.4199619Z ^[[32m2026-10-07 21:05:22.419^[[0m | ^[[34m^[[1mDEBUG   ^[[0m | ^[[36msandbox.bwrap^[[0m:^[[36mrun^[[0m:^[[36m110^[[0m - ^[[34m^[[1m[bwrap] extract.sh exit=0 in 1.4s^[[0m
struct-b	Run selected fresh official gate	2026-10-07T21:06:58.5869927Z ^[[32m2026-10-07 21:06:58.586^[[0m | ^[[34m^[[1mDEBUG   ^[[0m | ^[[36msandbox.bwrap^[[0m:^[[36mrun^[[0m:^[[36m110^[[0m - ^[[34m^[[1m[bwrap] extract.sh exit=0 in 95.0s^[[0m
struct-b	Run selected fresh official gate	2026-10-07T21:06:58.5882107Z ^[[32m2026-10-07 21:06:58.587^[[0m | ^[[34m^[[1mDEBUG   ^[[0m | ^[[36m__main__^[[0m:^[[36mstage_extract^[[0m:^[[36m356^[[0m - ^[[34m^[[1m[gate] extracted Types.lean 276d4089d337e0d7, Funs.lean 57e663788321436b, Constants.lean 4a083c4264c013f4^[[0m
struct-b	Run selected fresh official gate	2026-10-07T21:07:01.7786886Z ^[[32m2026-10-07 21:07:01.778^[[0m | ^[[34m^[[1mDEBUG   ^[[0m | ^[[36msandbox.bwrap^[[0m:^[[36mrun^[[0m:^[[36m110^[[0m - ^[[34m^[[1m[bwrap] lake exit=0 in 3.2s^[[0m
struct-b	Run selected fresh official gate	2026-10-07T21:07:57.9001876Z ^[[32m2026-10-07 21:07:57.898^[[0m | ^[[34m^[[1mDEBUG   ^[[0m | ^[[36msandbox.bwrap^[[0m:^[[36mrun^[[0m:^[[36m110^[[0m - ^[[34m^[[1m[bwrap] lake exit=0 in 56.1s^[[0m
struct-b	Run selected fresh official gate	2026-10-07T21:14:05.1198137Z ^[[32m2026-10-07 21:14:05.119^[[0m | ^[[34m^[[1mDEBUG   ^[[0m | ^[[36msandbox.bwrap^[[0m:^[[36mrun^[[0m:^[[36m110^[[0m - ^[[34m^[[1m[bwrap] lake exit=0 in 367.2s^[[0m
struct-b	Run selected fresh official gate	2026-10-07T21:14:14.0524789Z ^[[32m2026-10-07 21:14:14.048^[[0m | ^[[34m^[[1mDEBUG   ^[[0m | ^[[36msandbox.bwrap^[[0m:^[[36mrun^[[0m:^[[36m110^[[0m - ^[[34m^[[1m[bwrap] lake exit=0 in 8.9s^[[0m
struct-b	Run selected fresh official gate	2026-10-07T21:14:16.7355295Z ^[[32m2026-10-07 21:14:16.735^[[0m | ^[[34m^[[1mDEBUG   ^[[0m | ^[[36msandbox.bwrap^[[0m:^[[36mrun^[[0m:^[[36m110^[[0m - ^[[34m^[[1m[bwrap] lake exit=0 in 2.7s^[[0m
struct-b	Run selected fresh official gate	2026-10-07T21:14:16.7367199Z ^[[32m2026-10-07 21:14:16.736^[[0m | ^[[34m^[[1mDEBUG   ^[[0m | ^[[36m__main__^[[0m:^[[36mstage_axioms^[[0m:^[[36m423^[[0m - ^[[34m^[[1m[gate] axiom query stdout: "'accepted' depends on axioms: [propext, Classical.choice, Quot.sound]"^[[0m
struct-b	Run selected fresh official gate	2026-10-07T21:14:16.7670687Z ^[[32m2026-10-07 21:14:16.766^[[0m | ^[[1mINFO    ^[[0m | ^[[36m__main__^[[0m:^[[36mmain^[[0m:^[[36m703^[[0m - ^[[1m[gate] verification accepted in 535.9s (bwrap, 900s, 16384 MB)^[[0m
struct-b	Run selected fresh official gate	2026-10-07T21:14:17.3664179Z ^[[32m2026-10-07 21:14:17.366^[[0m | ^[[34m^[[1mDEBUG   ^[[0m | ^[[36msandbox.bwrap^[[0m:^[[36mrun^[[0m:^[[36m110^[[0m - ^[[34m^[[1m[bwrap] rustc exit=0 in 0.6s^[[0m
struct-b	Run selected fresh official gate	2026-10-07T21:14:19.2521359Z ^[[32m2026-10-07 21:14:19.251^[[0m | ^[[34m^[[1mDEBUG   ^[[0m | ^[[36msandbox.bwrap^[[0m:^[[36mrun^[[0m:^[[36m110^[[0m - ^[[34m^[[1m[bwrap] cargo exit=0 in 1.9s^[[0m
struct-b	Run selected fresh official gate	2026-10-07T21:14:19.2522830Z ^[[32m2026-10-07 21:14:19.251^[[0m | ^[[34m^[[1mDEBUG   ^[[0m | ^[[36mbench.driver^[[0m:^[[36m_build^[[0m:^[[36m295^[[0m - ^[[34m^[[1m[bench] built incumbent in 1.9s exit=0^[[0m
struct-b	Run selected fresh official gate	2026-10-07T21:14:23.1299333Z ^[[32m2026-10-07 21:14:23.127^[[0m | ^[[34m^[[1mDEBUG   ^[[0m | ^[[36msandbox.bwrap^[[0m:^[[36mrun^[[0m:^[[36m110^[[0m - ^[[34m^[[1m[bwrap] cargo exit=0 in 3.9s^[[0m
struct-b	Run selected fresh official gate	2026-10-07T21:14:23.1322147Z ^[[32m2026-10-07 21:14:23.127^[[0m | ^[[34m^[[1mDEBUG   ^[[0m | ^[[36mbench.driver^[[0m:^[[36m_build^[[0m:^[[36m295^[[0m - ^[[34m^[[1m[bench] built submission in 3.9s exit=0^[[0m
struct-b	Run selected fresh official gate	2026-10-07T21:14:42.4567094Z ^[[32m2026-10-07 21:14:42.455^[[0m | ^[[34m^[[1mDEBUG   ^[[0m | ^[[36msandbox.bwrap^[[0m:^[[36mrun^[[0m:^[[36m110^[[0m - ^[[34m^[[1m[bwrap] measure exit=0 in 19.3s^[[0m
struct-b	Run selected fresh official gate	2026-10-07T21:14:42.4567993Z ^[[32m2026-10-07 21:14:42.455^[[0m | ^[[34m^[[1mDEBUG   ^[[0m | ^[[36mbench.driver^[[0m:^[[36m_measure^[[0m:^[[36m333^[[0m - ^[[34m^[[1m[bench] measured submission in 19.3s exit=0^[[0m
struct-b	Run selected fresh official gate	2026-10-07T21:14:42.4762572Z verifying /home/runner/work/_temp/round4-receipts/input-r10-record-nonempty
struct-b	Run selected fresh official gate	2026-10-07T21:14:42.4763580Z workspace: /home/runner/work/_temp/deflate-upstream/data/verification-workspace/verify-9lpql07v
struct-b	Run selected fresh official gate	2026-10-07T21:14:42.4764182Z 
struct-b	Run selected fresh official gate	2026-10-07T21:14:42.4764727Z 0 intake      ok — input-r10-record-nonempty: parse.rs, Parse.lean
struct-b	Run selected fresh official gate	2026-10-07T21:14:42.4765355Z 1 policy      ok — source prefilters passed
struct-b	Run selected fresh official gate	2026-10-07T21:14:42.4771731Z 2 static      ok — resolved operations: alloc::alloc::Global::{impl}::drop_glue, alloc::vec::Vec::{impl}::drop_glue, alloc::vec::{impl}::deref, alloc::vec::{impl}::deref_mut, alloc::vec::{impl}::index, alloc::vec::{impl}::len, alloc::vec::{impl}::new, alloc::vec::{impl}::push, alloc::vec::{impl}::with_capacity, core::num::{impl}::leading_zeros, core::num::{impl}::saturating_add, core::num::{impl}::saturating_sub, core::num::{impl}::wrapping_add, core::num::{impl}::wrapping_mul, core::num::{impl}::wrapping_sub, core::slice::index::{impl}::get, core::slice::index::{impl}::get_mut, core::slice::index::{impl}::get_unchecked, core::slice::index::{impl}::get_unchecked_mut, core::slice::index::{impl}::index, core::slice::index::{impl}::index_mut, core::slice::{impl}::len
struct-b	Run selected fresh official gate	2026-10-07T21:14:42.4774737Z 3 extract     ok — charon+aeneas re-run by the verifier, no new axioms
struct-b	Run selected fresh official gate	2026-10-07T21:14:42.4775366Z 4 statement   ok — `LZ77.Obligation slot.parse` typechecks (bwrap, 900s, 16384 MB)
struct-b	Run selected fresh official gate	2026-10-07T21:14:42.4776171Z 5 axioms      ok — ['Classical.choice', 'Quot.sound', 'propext']; extraction intact
struct-b	Run selected fresh official gate	2026-10-07T21:14:42.4776656Z 6 score       running…
struct-b	Run selected fresh official gate	2026-10-07T21:14:42.4776821Z 
struct-b	Run selected fresh official gate	2026-10-07T21:14:42.4776932Z Corpus: corpus-stage1
struct-b	Run selected fresh official gate	2026-10-07T21:14:42.4777226Z file                       raw  incumbent  submission
struct-b	Run selected fresh official gate	2026-10-07T21:14:42.4777586Z -----------------------------------------------------
struct-b	Run selected fresh official gate	2026-10-07T21:14:42.4777958Z binary.db.bin           500000      76338       71753
struct-b	Run selected fresh official gate	2026-10-07T21:14:42.4778318Z bundle.min.js.txt      1000000     301618      288479
struct-b	Run selected fresh official gate	2026-10-07T21:14:42.4778677Z catalog.xml.txt         500000      62314       58680
struct-b	Run selected fresh official gate	2026-10-07T21:14:42.4779046Z compressed.bin          300000     300194      299566
struct-b	Run selected fresh official gate	2026-10-07T21:14:42.4779407Z config.yaml.txt         400000      85384       81343
struct-b	Run selected fresh official gate	2026-10-07T21:14:42.4779766Z docs.md.txt             800000     226973      216986
struct-b	Run selected fresh official gate	2026-10-07T21:14:42.4780111Z dump.sql.txt            150000      20817       16584
struct-b	Run selected fresh official gate	2026-10-07T21:14:42.4780473Z genome.fasta            900000     292479      256667
struct-b	Run selected fresh official gate	2026-10-07T21:14:42.4780833Z images.bin              250000     223767      223477
struct-b	Run selected fresh official gate	2026-10-07T21:14:42.4781205Z lean.txt               1000000     235059      223519
struct-b	Run selected fresh official gate	2026-10-07T21:14:42.4781827Z machine-code.bin        500000     167357      160512
struct-b	Run selected fresh official gate	2026-10-07T21:14:42.4782185Z metrics.csv.txt        1300000     287282      253113
struct-b	Run selected fresh official gate	2026-10-07T21:14:42.4782539Z multibyte.txt          1100000     273630      255735
struct-b	Run selected fresh official gate	2026-10-07T21:14:42.4782901Z page.html.txt           600000     103618       99440
struct-b	Run selected fresh official gate	2026-10-07T21:14:42.4783247Z prose.txt              1500000     579041      542463
struct-b	Run selected fresh official gate	2026-10-07T21:14:42.4783603Z records.json.txt        400000      72255       69293
struct-b	Run selected fresh official gate	2026-10-07T21:14:42.4783970Z server.log              300000      29404       26758
struct-b	Run selected fresh official gate	2026-10-07T21:14:42.4784336Z source.c.txt           1400000     354325      334645
struct-b	Run selected fresh official gate	2026-10-07T21:14:42.4784707Z source.py.txt           600000     132748      125718
struct-b	Run selected fresh official gate	2026-10-07T21:14:42.4785069Z source.rs.txt           700000     134069      126535
struct-b	Run selected fresh official gate	2026-10-07T21:14:42.4786426Z sourcemap.map.txt       350000      68389       64878
struct-b	Run selected fresh official gate	2026-10-07T21:14:42.4786794Z sparse.bin               40000       1234        1219
struct-b	Run selected fresh official gate	2026-10-07T21:14:42.4787142Z tiny-app.log             28000        965         880
struct-b	Run selected fresh official gate	2026-10-07T21:14:42.4787528Z tiny-config.json.txt     12000       2107        2079
struct-b	Run selected fresh official gate	2026-10-07T21:14:42.4849278Z weights-bf16.bin        450000     362200      354317
struct-b	Run selected fresh official gate	2026-10-07T21:14:42.4849832Z weights-f16.bin         250000     216274      212660
struct-b	Run selected fresh official gate	2026-10-07T21:14:42.4850435Z weights-f32.bin         350000     284747      279231
struct-b	Run selected fresh official gate	2026-10-07T21:14:42.4850954Z weights-q8.bin          250000     236246      235572
struct-b	Run selected fresh official gate	2026-10-07T21:14:42.4851442Z -----------------------------------------------------
struct-b	Run selected fresh official gate	2026-10-07T21:14:42.4851924Z TOTAL                 15930000    5130834     4882102
struct-b	Run selected fresh official gate	2026-10-07T21:14:42.4852273Z 
struct-b	Run selected fresh official gate	2026-10-07T21:14:42.4852573Z method        bytes     ratio    lz77  encode   total  slowdown
struct-b	Run selected fresh official gate	2026-10-07T21:14:42.4853224Z --------------------------------------------------------------------------------------------------------------
struct-b	Run selected fresh official gate	2026-10-07T21:14:42.4853943Z incumbent   5130834  1.00000x  0.474s  0.170s  0.644s     1.00x  the incumbent
struct-b	Run selected fresh official gate	2026-10-07T21:14:42.4854852Z submission  4882102  0.95152x  0.739s  0.177s  0.915s     1.42x  ACCEPTED — 4.848% smaller than the incumbent.
struct-b	Run selected fresh official gate	2026-10-07T21:14:42.4855414Z 
struct-b	Run selected fresh official gate	2026-10-07T21:14:42.4855884Z ACCEPTED — 4.848% smaller than the incumbent.
struct-b	Run selected fresh official gate	2026-10-07T21:14:42.5243778Z GATE_RESULT {"candidate": "r10-record-nonempty", "verdict": {"candidates": ["submission"], "raw_bytes": 15930000, "methods": {"submission": {"output_bytes": 4882102, "parse_s": 0.738563343, "total_s": 0.9154261170000003, "slowdown": 1.4204107653637277}, "incumbent": {"output_bytes": 5130834, "parse_s": 0.4739060350000001, "total_s": 0.64447985}}, "corpora": ["corpus-stage1"], "accepted": true}}
struct-b	Run selected fresh official gate	2026-10-07T21:14:42.5356609Z SYNTHETIC_INPUTS {"source-like.txt": {"bytes": 220484, "sha256": "326efe91d7d1e5a11bee87388ef45c7551b1b541f17a1749d7cd5cd53c25ab66"}, "short-log.txt": {"bytes": 32505, "sha256": "23ef9a1b24b2cfcd1c73f1ff1a71ab017cbcf921409f96f8839c74819d3c0b82"}, "table.csv": {"bytes": 193765, "sha256": "e773c09c5e5d585dc64330f220ca47963de24c1be3297a8161e89fca34b98a85"}, "multilingual.txt": {"bytes": 163270, "sha256": "bdd257c8c2afbd9c418ec8954e0ca3f2cedbfa5a622e9b2d5255f35647f1aecc"}, "random.bin": {"bytes": 131101, "sha256": "22c862f2c2c5fd5a072e9f74b5a056aacb9025228d040addb56dcd9bec4c09d3"}, "window-boundary.bin": {"bytes": 73735, "sha256": "3d5e223fd8ced74430c5b87ebbbe4ff9c9782c6902f9b137538dddc79f087dcc"}, "sparse.bin": {"bytes": 53803, "sha256": "c51b774d8aadb5b636c1463ff5a9df4fe6c326330101df1daf2e4745b07678d3"}, "tiny-structured.txt": {"bytes": 15588, "sha256": "2b4701704019445efcca8272c668d8015913d54616281baf813d477623dfcdd3"}}
struct-b	Run selected fresh official gate	2026-10-07T21:14:42.5837324Z ^[[32m2026-10-07 21:14:42.583^[[0m | ^[[34m^[[1mDEBUG   ^[[0m | ^[[36msandbox.bwrap^[[0m:^[[36mrun^[[0m:^[[36m110^[[0m - ^[[34m^[[1m[bwrap] rustc exit=0 in 0.0s^[[0m
struct-b	Run selected fresh official gate	2026-10-07T21:14:44.3774506Z ^[[32m2026-10-07 21:14:44.376^[[0m | ^[[34m^[[1mDEBUG   ^[[0m | ^[[36msandbox.bwrap^[[0m:^[[36mrun^[[0m:^[[36m110^[[0m - ^[[34m^[[1m[bwrap] cargo exit=0 in 1.8s^[[0m
struct-b	Run selected fresh official gate	2026-10-07T21:14:44.3776953Z ^[[32m2026-10-07 21:14:44.376^[[0m | ^[[34m^[[1mDEBUG   ^[[0m | ^[[36mbench.driver^[[0m:^[[36m_build^[[0m:^[[36m295^[[0m - ^[[34m^[[1m[bench] built incumbent in 1.8s exit=0^[[0m
struct-b	Run selected fresh official gate	2026-10-07T21:14:47.6035282Z ^[[32m2026-10-07 21:14:47.603^[[0m | ^[[34m^[[1mDEBUG   ^[[0m | ^[[36msandbox.bwrap^[[0m:^[[36mrun^[[0m:^[[36m110^[[0m - ^[[34m^[[1m[bwrap] cargo exit=0 in 3.2s^[[0m
struct-b	Run selected fresh official gate	2026-10-07T21:14:47.6039727Z ^[[32m2026-10-07 21:14:47.603^[[0m | ^[[34m^[[1mDEBUG   ^[[0m | ^[[36mbench.driver^[[0m:^[[36m_build^[[0m:^[[36m295^[[0m - ^[[34m^[[1m[bench] built r3-432-fast3 in 3.2s exit=0^[[0m
struct-b	Run selected fresh official gate	2026-10-07T21:14:48.1787610Z ^[[32m2026-10-07 21:14:48.176^[[0m | ^[[34m^[[1mDEBUG   ^[[0m | ^[[36msandbox.bwrap^[[0m:^[[36mrun^[[0m:^[[36m110^[[0m - ^[[34m^[[1m[bwrap] measure exit=0 in 0.6s^[[0m
struct-b	Run selected fresh official gate	2026-10-07T21:14:48.1788470Z ^[[32m2026-10-07 21:14:48.176^[[0m | ^[[34m^[[1mDEBUG   ^[[0m | ^[[36mbench.driver^[[0m:^[[36m_measure^[[0m:^[[36m333^[[0m - ^[[34m^[[1m[bench] measured r3-432-fast3 in 0.6s exit=0^[[0m
struct-b	Run selected fresh official gate	2026-10-07T21:14:48.1824028Z SYNTHETIC_MEASUREMENT {"candidate": "r3-432-fast3", "round": 1, "time": 0.3543132672161073, "size_pct": 36.611473427728505}
struct-b	Run selected fresh official gate	2026-10-07T21:14:48.1842270Z SYNTHETIC_RAW 1 r3-432-fast3 {"kind": "meta", "schema_version": 4, "started_at_unix": 1791407687.6182175, "corpus": "synthetic-transfer", "corpus_dir": "/home/runner/work/_temp/round4-receipts/synthetic-transfer", "os": "linux", "arch": "x86_64", "rustc_version": "rustc 1.100.0-nightly (8fa1c96cf 2026-08-17)", "cpu_model": "AMD EPYC 9V74 80-Core Processor", "cpu_governor": null, "warmup_rounds": 1, "measured_rounds": 11, "speed_floor": null, "methods": {"incumbent": {"external": false, "crate_dir": "/home/runner/work/_temp/deflate-upstream/data/bench-workspace/20261007T211442Z-c8f76e0a-d03ebm9d/incumbent", "source_sha256": "b9e0d844baf5958cf0c1c66bfb9fd1f89663fa30f21a99c3c116b3dd2e771361", "lib_sha256": "141f58ceb5d68fdd9fef84fc9da46540dfd34174de8533d923ef187ae09ec57b"}, "r3-432-fast3": {"external": false, "crate_dir": "/home/runner/work/_temp/deflate-upstream/data/bench-workspace/20261007T211442Z-c8f76e0a-d03ebm9d/r3-432-fast3", "source_sha256": "bae8014121e4710f4a34ce63452578b4bf69121b4f695e1b1356780a019108ef", "lib_sha256": "e3c97b3aef581e8e4a6e0f848cdd79427cdc9aa441d32c3110b73cc0508d3566"}}, "benchmark_provenance": {"version": 1, "engine_sha256": "ab202460691492f48d5c632375f5df2a74fc3769a81337e876607e9326a46fac", "template_sha256": "584b01793667c5257da4e76da919fbb3bb73c72fa434866622fe3905884d33f0", "host_sha256": "3725f12bbec145f978f61f4d54bba0122493f2233180f24ec971ac1be8efbd21", "cpus": "0", "process_affinity": [0, 1], "memory_mb": 2048, "sandbox": true, "build_profile": "release", "external_references": false}}
struct-b	Run selected fresh official gate	2026-10-07T21:14:48.1870154Z SYNTHETIC_RAW 1 r3-432-fast3 {"kind": "file", "corpus": "synthetic-transfer", "file": "multilingual.txt", "raw_bytes": 163270, "sha256": "bdd257c8c2afbd9c418ec8954e0ca3f2cedbfa5a622e9b2d5255f35647f1aecc", "methods": {"incumbent": {"external": false, "output_bytes": 9206, "output_sha256": "dd1312ec4702740b4331fb5195ee7cf1f8f1e4ebb52c5bad2ee9ac46eb142e05", "tokens": 4618, "tokens_sha256": "a6e0f107a4d317d16a1a0fe1f14d8a05d25385b4de7fa5b1409ef0de972f3b25", "deterministic": true, "encode_s": 0.000370616, "errors": [], "reps": [{"phase": "warmup", "order_index": 1, "time_s": 0.002074154, "encode_s": 0.000370616, "total_s": 0.0024447699999999998}, {"phase": "measured", "order_index": 3, "time_s": 0.001925532, "encode_s": 0.000301412, "total_s": 0.002226944}, {"phase": "measured", "order_index": 5, "time_s": 0.001859091, "encode_s": 0.000293351, "total_s": 0.002152442}, {"phase": "measured", "order_index": 7, "time_s": 0.001876528, "encode_s": 0.00029989, "total_s": 0.002176418}, {"phase": "measured", "order_index": 9, "time_s": 0.001878, "encode_s": 0.000293181, "total_s": 0.002171181}, {"phase": "measured", "order_index": 11, "time_s": 0.001884901, "encode_s": 0.000311457, "total_s": 0.002196358}, {"phase": "measured", "order_index": 13, "time_s": 0.001853002, "encode_s": 0.000293611, "total_s": 0.002146613}, {"phase": "measured", "order_index": 15, "time_s": 0.00185097, "encode_s": 0.000300461, "total_s": 0.002151431}, {"phase": "measured", "order_index": 17, "time_s": 0.001855115, "encode_s": 0.000289895, "total_s": 0.00214501}, {"phase": "measured", "order_index": 19, "time_s": 0.001853673, "encode_s": 0.000289605, "total_s": 0.0021432779999999998}, {"phase": "measured", "order_index": 21, "time_s": 0.001850158, "encode_s": 0.000293321, "total_s": 0.002143479}, {"phase": "measured", "order_index": 23, "time_s": 0.00184481, "encode_s": 0.000290336, "total_s": 0.002135146}]}, "r3-432-fast3": {"external": false, "output_bytes": 9684, "output_sha256": "a284573a2c433c69dbc0ce64c42cca6e59fe1f88b9f332af6236cb76a4cc5a89", "tokens": 5264, "tokens_sha256": "b76b372c9f2aeef288bc0b1429aeb3b3fe62fc4697f91a59072a22280df3b1fc", "deterministic": true, "encode_s": 0.000325128, "errors": [], "reps": [{"phase": "warmup", "order_index": 2, "time_s": 7.7997e-05, "encode_s": 0.000325128, "total_s": 0.000403125}, {"phase": "measured", "order_index": 4, "time_s": 7.7116e-05, "encode_s": 0.000302674, "total_s": 0.00037979}, {"phase": "measured", "order_index": 6, "time_s": 7.7376e-05, "encode_s": 0.000287782, "total_s": 0.000365158}, {"phase": "measured", "order_index": 8, "time_s": 8.7031e-05, "encode_s": 0.00029331, "total_s": 0.000380341}, {"phase": "measured", "order_index": 10, "time_s": 7.6695e-05, "encode_s": 0.000289725, "total_s": 0.00036642}, {"phase": "measured", "order_index": 12, "time_s": 7.6675e-05, "encode_s": 0.000287622, "total_s": 0.000364297}, {"phase": "measured", "order_index": 14, "time_s": 7.6826e-05, "encode_s": 0.000295744, "total_s": 0.00037257}, {"phase": "measured", "order_index": 16, "time_s": 7.6585e-05, "encode_s": 0.000287072, "total_s": 0.000363657}, {"phase": "measured", "order_index": 18, "time_s": 7.7326e-05, "encode_s": 0.00029323, "total_s": 0.000370556}, {"phase": "measured", "order_index": 20, "time_s": 7.9319e-05, "encode_s": 0.00028654, "total_s": 0.000365859}, {"phase": "measured", "order_index": 22, "time_s": 8.5519e-05, "encode_s": 0.000287812, "total_s": 0.00037333099999999997}, {"phase": "measured", "order_index": 24, "time_s": 7.6805e-05, "encode_s": 0.000284668, "total_s": 0.000361473}]}}}
struct-b	Run selected fresh official gate	2026-10-07T21:14:48.1910379Z SYNTHETIC_RAW 1 r3-432-fast3 {"kind": "file", "corpus": "synthetic-transfer", "file": "random.bin", "raw_bytes": 131101, "sha256": "22c862f2c2c5fd5a072e9f74b5a056aacb9025228d040addb56dcd9bec4c09d3", "methods": {"incumbent": {"external": false, "output_bytes": 131445, "output_sha256": "deebb4fe887edb814c65fc8f8d20b733d4a395d0e32399c3c25af9b591d8dc2d", "tokens": 130620, "tokens_sha256": "5330a4dbafd88f2b8356a1db487249115b5a636a9e2bab5cf05094461ba5cbc3", "deterministic": true, "encode_s": 0.005305887, "errors": [], "reps": [{"phase": "warmup", "order_index": 25, "time_s": 0.001959863, "encode_s": 0.005305887, "total_s": 0.00726575}, {"phase": "measured", "order_index": 27, "time_s": 0.001908696, "encode_s": 0.005037134, "total_s": 0.00694583}, {"phase": "measured", "order_index": 29, "time_s": 0.001937729, "encode_s": 0.00512116, "total_s": 0.007058889}, {"phase": "measured", "order_index": 31, "time_s": 0.001936447, "encode_s": 0.005292667, "total_s": 0.007229114}, {"phase": "measured", "order_index": 33, "time_s": 0.001888045, "encode_s": 0.005000809, "total_s": 0.006888854}, {"phase": "measured", "order_index": 35, "time_s": 0.001890248, "encode_s": 0.004993687, "total_s": 0.006883935}, {"phase": "measured", "order_index": 37, "time_s": 0.001896467, "encode_s": 0.005055421, "total_s": 0.006951888}, {"phase": "measured", "order_index": 39, "time_s": 0.001928486, "encode_s": 0.005135701, "total_s": 0.007064187}, {"phase": "measured", "order_index": 41, "time_s": 0.001935336, "encode_s": 0.005029391, "total_s": 0.006964727}, {"phase": "measured", "order_index": 43, "time_s": 0.001926583, "encode_s": 0.005064084, "total_s": 0.006990667}, {"phase": "measured", "order_index": 45, "time_s": 0.001988616, "encode_s": 0.005032086, "total_s": 0.007020702}, {"phase": "measured", "order_index": 47, "time_s": 0.001912742, "encode_s": 0.005018535, "total_s": 0.0069312770000000004}]}, "r3-432-fast3": {"external": false, "output_bytes": 131144, "output_sha256": "52b5974219d121f00e342319360c4c8bcac7ff2eda0365aa245dfe321fd4613b", "tokens": 131101, "tokens_sha256": "861ef26a6d151afca1053cb702d3d74a8e4ef1beae1928ecd65b6e1995a7cb99", "deterministic": true, "encode_s": 0.004788129, "errors": [], "reps": [{"phase": "warmup", "order_index": 26, "time_s": 2.3355e-05, "encode_s": 0.004788129, "total_s": 0.004811484}, {"phase": "measured", "order_index": 28, "time_s": 2.2985e-05, "encode_s": 0.004769752, "total_s": 0.004792737}, {"phase": "measured", "order_index": 30, "time_s": 2.2914e-05, "encode_s": 0.004003912, "total_s": 0.004026826}, {"phase": "measured", "order_index": 32, "time_s": 2.3406e-05, "encode_s": 0.004729621, "total_s": 0.004753027}, {"phase": "measured", "order_index": 34, "time_s": 2.3094e-05, "encode_s": 0.00479526, "total_s": 0.004818354}, {"phase": "measured", "order_index": 36, "time_s": 2.3865e-05, "encode_s": 0.004777703, "total_s": 0.004801568}, {"phase": "measured", "order_index": 38, "time_s": 2.3275e-05, "encode_s": 0.004786517, "total_s": 0.004809791999999999}, {"phase": "measured", "order_index": 40, "time_s": 2.3896e-05, "encode_s": 0.004794499, "total_s": 0.004818395}, {"phase": "measured", "order_index": 42, "time_s": 2.3395e-05, "encode_s": 0.004827759, "total_s": 0.004851154}, {"phase": "measured", "order_index": 44, "time_s": 2.2975e-05, "encode_s": 0.004783071, "total_s": 0.004806046}, {"phase": "measured", "order_index": 46, "time_s": 2.3665e-05, "encode_s": 0.00479518, "total_s": 0.0048188449999999996}, {"phase": "measured", "order_index": 48, "time_s": 2.3455e-05, "encode_s": 0.004790413, "total_s": 0.004813868000000001}]}}}
struct-b	Run selected fresh official gate	2026-10-07T21:14:48.1942227Z SYNTHETIC_RAW 1 r3-432-fast3 {"kind": "file", "corpus": "synthetic-transfer", "file": "short-log.txt", "raw_bytes": 32505, "sha256": "23ef9a1b24b2cfcd1c73f1ff1a71ab017cbcf921409f96f8839c74819d3c0b82", "methods": {"incumbent": {"external": false, "output_bytes": 4871, "output_sha256": "b801c58b86a433392a15971de32130be788d25cd6f3a91a1abda0f0a909dac25", "tokens": 3017, "tokens_sha256": "fcd4ea723eb6d0e399dc5c1cf6825e8d767f6fc45a05600bb177054b19e7eaec", "deterministic": true, "encode_s": 0.0002265, "errors": [], "reps": [{"phase": "warmup", "order_index": 49, "time_s": 0.000884548, "encode_s": 0.0002265, "total_s": 0.001111048}, {"phase": "measured", "order_index": 51, "time_s": 0.000900122, "encode_s": 0.000222514, "total_s": 0.001122636}, {"phase": "measured", "order_index": 53, "time_s": 0.000881664, "encode_s": 0.000224807, "total_s": 0.001106471}, {"phase": "measured", "order_index": 55, "time_s": 0.00088609, "encode_s": 0.000211208, "total_s": 0.001097298}, {"phase": "measured", "order_index": 57, "time_s": 0.000916526, "encode_s": 0.000210246, "total_s": 0.001126772}, {"phase": "measured", "order_index": 59, "time_s": 0.000889887, "encode_s": 0.000208302, "total_s": 0.001098189}, {"phase": "measured", "order_index": 61, "time_s": 0.00088549, "encode_s": 0.000203606, "total_s": 0.001089096}, {"phase": "measured", "order_index": 63, "time_s": 0.000891929, "encode_s": 0.000208022, "total_s": 0.001099951}, {"phase": "measured", "order_index": 65, "time_s": 0.000887603, "encode_s": 0.000205308, "total_s": 0.001092911}, {"phase": "measured", "order_index": 67, "time_s": 0.000891358, "encode_s": 0.000208624, "total_s": 0.001099982}, {"phase": "measured", "order_index": 69, "time_s": 0.000883797, "encode_s": 0.000204958, "total_s": 0.001088755}, {"phase": "measured", "order_index": 71, "time_s": 0.000876286, "encode_s": 0.000207702, "total_s": 0.001083988}]}, "r3-432-fast3": {"external": false, "output_bytes": 8277, "output_sha256": "44efccadf8af77a0163a4d6740f486246dd4c10770eb34fe7972bafa6c805687", "tokens": 12200, "tokens_sha256": "891ba096a1bfc6ebae0e33da360e53f6233e820044e96dd5cab5ca945671f382", "deterministic": true, "encode_s": 0.00030635, "errors": [], "reps": [{"phase": "warmup", "order_index": 50, "time_s": 7.0086e-05, "encode_s": 0.00030635, "total_s": 0.000376436}, {"phase": "measured", "order_index": 52, "time_s": 6.7061e-05, "encode_s": 0.000234001, "total_s": 0.000301062}, {"phase": "measured", "order_index": 54, "time_s": 6.7441e-05, "encode_s": 0.000234202, "total_s": 0.000301643}, {"phase": "measured", "order_index": 56, "time_s": 6.5578e-05, "encode_s": 0.000229154, "total_s": 0.000294732}, {"phase": "measured", "order_index": 58, "time_s": 7.2338e-05, "encode_s": 0.000228063, "total_s": 0.000300401}, {"phase": "measured", "order_index": 60, "time_s": 6.4797e-05, "encode_s": 0.00022616, "total_s": 0.000290957}, {"phase": "measured", "order_index": 62, "time_s": 6.5668e-05, "encode_s": 0.000275514, "total_s": 0.000341182}, {"phase": "measured", "order_index": 64, "time_s": 6.5338e-05, "encode_s": 0.000229925, "total_s": 0.000295263}, {"phase": "measured", "order_index": 66, "time_s": 6.4897e-05, "encode_s": 0.000236565, "total_s": 0.000301462}, {"phase": "measured", "order_index": 68, "time_s": 6.4447e-05, "encode_s": 0.000229875, "total_s": 0.00029432199999999996}, {"phase": "measured", "order_index": 70, "time_s": 6.3916e-05, "encode_s": 0.000227852, "total_s": 0.00029176800000000003}, {"phase": "measured", "order_index": 72, "time_s": 6.3585e-05, "encode_s": 0.000228063, "total_s": 0.000291648}]}}}
struct-b	Run selected fresh official gate	2026-10-07T21:14:48.1961129Z SYNTHETIC_RAW 1 r3-432-fast3 {"kind": "file", "corpus": "synthetic-transfer", "file": "source-like.txt", "raw_bytes": 220484, "sha256": "326efe91d7d1e5a11bee87388ef45c7551b1b541f17a1749d7cd5cd53c25ab66", "methods": {"incumbent": {"external": false, "output_bytes": 16650, "output_sha256": "a459035fe1f2d45221381fefc1bad509a69c3effb5a67ee57a00384072a446f5", "tokens": 7890, "tokens_sha256": "cf67564e32e855eac2759e9b433da56b133fd538e426d3f122c000aa5d009805", "deterministic": true, "encode_s": 0.000288634, "errors": [], "reps": [{"phase": "warmup", "order_index": 73, "time_s": 0.003667226, "encode_s": 0.000288634, "total_s": 0.00395586}, {"phase": "measured", "order_index": 75, "time_s": 0.00364292, "encode_s": 0.000286791, "total_s": 0.003929711}, {"phase": "measured", "order_index": 77, "time_s": 0.003637431, "encode_s": 0.000282193, "total_s": 0.003919624}, {"phase": "measured", "order_index": 79, "time_s": 0.003674818, "encode_s": 0.000288473, "total_s": 0.003963291}, {"phase": "measured", "order_index": 81, "time_s": 0.003663291, "encode_s": 0.000280261, "total_s": 0.003943552}, {"phase": "measured", "order_index": 83, "time_s": 0.003643511, "encode_s": 0.000285248, "total_s": 0.0039287589999999996}, {"phase": "measured", "order_index": 85, "time_s": 0.003667136, "encode_s": 0.000278378, "total_s": 0.003945514}, {"phase": "measured", "order_index": 87, "time_s": 0.003672484, "encode_s": 0.000275213, "total_s": 0.003947697}, {"phase": "measured", "order_index": 89, "time_s": 0.003693866, "encode_s": 0.000279049, "total_s": 0.0039729150000000005}, {"phase": "measured", "order_index": 91, "time_s": 0.003674377, "encode_s": 0.00027328, "total_s": 0.003947657}, {"phase": "measured", "order_index": 93, "time_s": 0.003668217, "encode_s": 0.00027281, "total_s": 0.003941027}, {"phase": "measured", "order_index": 95, "time_s": 0.00370281, "encode_s": 0.000275524, "total_s": 0.003978334}]}, "r3-432-fast3": {"external": false, "output_bytes": 18393, "output_sha256": "735b68c4a5747696b4ebf6c0135116a705a15f24a8c0f6be52ce706276dd0986", "tokens": 12013, "tokens_sha256": "29f01c38ee319caf136f8241dc558b245fce41198010ea49e228211ed3642be9", "deterministic": true, "encode_s": 0.000321152, "errors": [], "reps": [{"phase": "warmup", "order_index": 74, "time_s": 0.000212699, "encode_s": 0.000321152, "total_s": 0.000533851}, {"phase": "measured", "order_index": 76, "time_s": 0.000209734, "encode_s": 0.000315333, "total_s": 0.0005250669999999999}, {"phase": "measured", "order_index": 78, "time_s": 0.000209344, "encode_s": 0.000325579, "total_s": 0.000534923}, {"phase": "measured", "order_index": 80, "time_s": 0.000209084, "encode_s": 0.000308863, "total_s": 0.0005179469999999999}, {"phase": "measured", "order_index": 82, "time_s": 0.000210626, "encode_s": 0.000323897, "total_s": 0.0005345230000000001}, {"phase": "measured", "order_index": 84, "time_s": 0.000208413, "encode_s": 0.000309555, "total_s": 0.0005179679999999999}, {"phase": "measured", "order_index": 86, "time_s": 0.000208864, "encode_s": 0.000323476, "total_s": 0.0005323400000000001}, {"phase": "measured", "order_index": 88, "time_s": 0.000208263, "encode_s": 0.000308813, "total_s": 0.000517076}, {"phase": "measured", "order_index": 90, "time_s": 0.000216575, "encode_s": 0.00031276, "total_s": 0.0005293349999999999}, {"phase": "measured", "order_index": 92, "time_s": 0.000210075, "encode_s": 0.000308423, "total_s": 0.000518498}, {"phase": "measured", "order_index": 94, "time_s": 0.000219439, "encode_s": 0.00031317, "total_s": 0.000532609}, {"phase": "measured", "order_index": 96, "time_s": 0.000209224, "encode_s": 0.000315914, "total_s": 0.000525138}]}}}
struct-b	Run selected fresh official gate	2026-10-07T21:14:48.1978250Z SYNTHETIC_RAW 1 r3-432-fast3 {"kind": "file", "corpus": "synthetic-transfer", "file": "sparse.bin", "raw_bytes": 53803, "sha256": "c51b774d8aadb5b636c1463ff5a9df4fe6c326330101df1daf2e4745b07678d3", "methods": {"incumbent": {"external": false, "output_bytes": 1798, "output_sha256": "64a1ff1bc414863ad88544207256d2d9a5ba187a3a5dc2ad6425dd07405c2e2c", "tokens": 1263, "tokens_sha256": "fae120ea72c3aae525d182eab79475dc599c31ea79ce1f32050a110b01939d24", "deterministic": true, "encode_s": 0.000456715, "errors": [], "reps": [{"phase": "warmup", "order_index": 97, "time_s": 0.001003046, "encode_s": 0.000456715, "total_s": 0.001459761}, {"phase": "measured", "order_index": 99, "time_s": 0.000968143, "encode_s": 0.000458979, "total_s": 0.0014271219999999999}, {"phase": "measured", "order_index": 101, "time_s": 0.000995786, "encode_s": 0.0004531, "total_s": 0.001448886}, {"phase": "measured", "order_index": 103, "time_s": 0.000967873, "encode_s": 0.000448123, "total_s": 0.0014159959999999999}, {"phase": "measured", "order_index": 105, "time_s": 0.000993031, "encode_s": 0.000446441, "total_s": 0.0014394719999999998}, {"phase": "measured", "order_index": 107, "time_s": 0.000974113, "encode_s": 0.000443296, "total_s": 0.001417409}, {"phase": "measured", "order_index": 109, "time_s": 0.000966872, "encode_s": 0.000445288, "total_s": 0.00141216}, {"phase": "measured", "order_index": 111, "time_s": 0.000968374, "encode_s": 0.000442114, "total_s": 0.001410488}, {"phase": "measured", "order_index": 113, "time_s": 0.000988384, "encode_s": 0.000443226, "total_s": 0.0014316099999999998}, {"phase": "measured", "order_index": 115, "time_s": 0.00096557, "encode_s": 0.000444858, "total_s": 0.001410428}, {"phase": "measured", "order_index": 117, "time_s": 0.000971229, "encode_s": 0.000443385, "total_s": 0.001414614}, {"phase": "measured", "order_index": 119, "time_s": 0.000966731, "encode_s": 0.000447792, "total_s": 0.001414523}]}, "r3-432-fast3": {"external": false, "output_bytes": 2134, "output_sha256": "8acb9c34ad5e88c0e527f0a3911b99bfac744f4625124fc678d7cdbab669c714", "tokens": 3795, "tokens_sha256": "db99e2e413bed52a91e27df8b345bd15b546f6855c8d934b12febe253691eb65", "deterministic": true, "encode_s": 0.00045915, "errors": [], "reps": [{"phase": "warmup", "order_index": 98, "time_s": 1.6244e-05, "encode_s": 0.00045915, "total_s": 0.000475394}, {"phase": "measured", "order_index": 100, "time_s": 1.5824e-05, "encode_s": 0.000448543, "total_s": 0.000464367}, {"phase": "measured", "order_index": 102, "time_s": 1.5573e-05, "encode_s": 0.000448564, "total_s": 0.000464137}, {"phase": "measured", "order_index": 104, "time_s": 1.5733e-05, "encode_s": 0.000458218, "total_s": 0.00047395099999999996}, {"phase": "measured", "order_index": 106, "time_s": 1.5573e-05, "encode_s": 0.000459651, "total_s": 0.000475224}, {"phase": "measured", "order_index": 108, "time_s": 1.5754e-05, "encode_s": 0.000456856, "total_s": 0.00047261}, {"phase": "measured", "order_index": 110, "time_s": 1.5664e-05, "encode_s": 0.000454662, "total_s": 0.00047032599999999997}, {"phase": "measured", "order_index": 112, "time_s": 1.5734e-05, "encode_s": 0.000456655, "total_s": 0.000472389}, {"phase": "measured", "order_index": 114, "time_s": 1.5704e-05, "encode_s": 0.00055985, "total_s": 0.0005755539999999999}, {"phase": "measured", "order_index": 116, "time_s": 1.5683e-05, "encode_s": 0.000454413, "total_s": 0.000470096}, {"phase": "measured", "order_index": 118, "time_s": 1.5693e-05, "encode_s": 0.000444067, "total_s": 0.00045976}, {"phase": "measured", "order_index": 120, "time_s": 1.5583e-05, "encode_s": 0.000444207, "total_s": 0.00045979}]}}}
struct-b	Run selected fresh official gate	2026-10-07T21:14:48.1999199Z SYNTHETIC_RAW 1 r3-432-fast3 {"kind": "file", "corpus": "synthetic-transfer", "file": "table.csv", "raw_bytes": 193765, "sha256": "e773c09c5e5d585dc64330f220ca47963de24c1be3297a8161e89fca34b98a85", "methods": {"incumbent": {"external": false, "output_bytes": 65436, "output_sha256": "dcb53081688a36dad21b849906f65e985a744ef8864e9324768f44dbb485a3fc", "tokens": 39085, "tokens_sha256": "93d50fc8a84ae35d4a248c3fc06f3632d2da32348cd6896ad6f9f43ea9515f65", "deterministic": true, "encode_s": 0.001683939, "errors": [], "reps": [{"phase": "warmup", "order_index": 121, "time_s": 0.010612965, "encode_s": 0.001683939, "total_s": 0.012296904}, {"phase": "measured", "order_index": 123, "time_s": 0.010611503, "encode_s": 0.001390778, "total_s": 0.012002281}, {"phase": "measured", "order_index": 125, "time_s": 0.010666585, "encode_s": 0.001372802, "total_s": 0.012039386999999999}, {"phase": "measured", "order_index": 127, "time_s": 0.010695809, "encode_s": 0.001369276, "total_s": 0.012065085}, {"phase": "measured", "order_index": 129, "time_s": 0.0106765, "encode_s": 0.001375565, "total_s": 0.012052065}, {"phase": "measured", "order_index": 131, "time_s": 0.01064273, "encode_s": 0.001383447, "total_s": 0.012026176999999999}, {"phase": "measured", "order_index": 133, "time_s": 0.010778734, "encode_s": 0.001417158, "total_s": 0.012195892}, {"phase": "measured", "order_index": 135, "time_s": 0.010698093, "encode_s": 0.001370478, "total_s": 0.012068571}, {"phase": "measured", "order_index": 137, "time_s": 0.0106227, "encode_s": 0.001371309, "total_s": 0.011994009}, {"phase": "measured", "order_index": 139, "time_s": 0.01065586, "encode_s": 0.001369306, "total_s": 0.012025166}, {"phase": "measured", "order_index": 141, "time_s": 0.010654297, "encode_s": 0.001389656, "total_s": 0.012043953}, {"phase": "measured", "order_index": 143, "time_s": 0.010747116, "encode_s": 0.001384559, "total_s": 0.012131675}]}, "r3-432-fast3": {"external": false, "output_bytes": 66603, "output_sha256": "74aa82188e366b316c292a5804da3107ff83ff4f70e4441f20000f4fd72be71c", "tokens": 46913, "tokens_sha256": "4ac0c77b41058b22eb906f5a2b614520508f3faddd2681b64e6aea3cfb703c64", "deterministic": true, "encode_s": 0.001711049, "errors": [], "reps": [{"phase": "warmup", "order_index": 122, "time_s": 0.000773852, "encode_s": 0.001711049, "total_s": 0.0024849010000000003}, {"phase": "measured", "order_index": 124, "time_s": 0.000780622, "encode_s": 0.001634784, "total_s": 0.002415406}, {"phase": "measured", "order_index": 126, "time_s": 0.000763206, "encode_s": 0.001627714, "total_s": 0.00239092}, {"phase": "measured", "order_index": 128, "time_s": 0.000776286, "encode_s": 0.001649276, "total_s": 0.002425562}, {"phase": "measured", "order_index": 130, "time_s": 0.000777437, "encode_s": 0.001635937, "total_s": 0.0024133740000000002}, {"phase": "measured", "order_index": 132, "time_s": 0.00077225, "encode_s": 0.001625761, "total_s": 0.0023980110000000002}, {"phase": "measured", "order_index": 134, "time_s": 0.000776986, "encode_s": 0.001624179, "total_s": 0.002401165}, {"phase": "measured", "order_index": 136, "time_s": 0.000768413, "encode_s": 0.001730968, "total_s": 0.002499381}, {"phase": "measured", "order_index": 138, "time_s": 0.000778569, "encode_s": 0.001650669, "total_s": 0.0024292380000000002}, {"phase": "measured", "order_index": 140, "time_s": 0.000774924, "encode_s": 0.001648906, "total_s": 0.00242383}, {"phase": "measured", "order_index": 142, "time_s": 0.000781374, "encode_s": 0.001649236, "total_s": 0.00243061}, {"phase": "measured", "order_index": 144, "time_s": 0.000763947, "encode_s": 0.001638401, "total_s": 0.002402348}]}}}
struct-b	Run selected fresh official gate	2026-10-07T21:14:48.2020927Z SYNTHETIC_RAW 1 r3-432-fast3 {"kind": "file", "corpus": "synthetic-transfer", "file": "tiny-structured.txt", "raw_bytes": 15588, "sha256": "2b4701704019445efcca8272c668d8015913d54616281baf813d477623dfcdd3", "methods": {"incumbent": {"external": false, "output_bytes": 1492, "output_sha256": "f35f34fe896e5ec7c7a15e89fe5bd6eb74d866642044e5d5df10ea85bcdc674f", "tokens": 1083, "tokens_sha256": "0fa05be94e7e54cd3cede626db4ec06f61e270d22e2f35d810b14ec5a00d6dde", "deterministic": true, "encode_s": 0.000153761, "errors": [], "reps": [{"phase": "warmup", "order_index": 145, "time_s": 0.000218198, "encode_s": 0.000153761, "total_s": 0.000371959}, {"phase": "measured", "order_index": 147, "time_s": 0.000204146, "encode_s": 0.000154582, "total_s": 0.000358728}, {"phase": "measured", "order_index": 149, "time_s": 0.000203306, "encode_s": 0.000140761, "total_s": 0.000344067}, {"phase": "measured", "order_index": 151, "time_s": 0.000222875, "encode_s": 0.000139089, "total_s": 0.000361964}, {"phase": "measured", "order_index": 153, "time_s": 0.000211898, "encode_s": 0.00013281, "total_s": 0.000344708}, {"phase": "measured", "order_index": 155, "time_s": 0.000220261, "encode_s": 0.000131988, "total_s": 0.000352249}, {"phase": "measured", "order_index": 157, "time_s": 0.000210626, "encode_s": 0.000131247, "total_s": 0.000341873}, {"phase": "measured", "order_index": 159, "time_s": 0.000243616, "encode_s": 0.000138267, "total_s": 0.00038188299999999996}, {"phase": "measured", "order_index": 161, "time_s": 0.000211458, "encode_s": 0.000127972, "total_s": 0.00033943}, {"phase": "measured", "order_index": 163, "time_s": 0.000217286, "encode_s": 0.000130336, "total_s": 0.000347622}, {"phase": "measured", "order_index": 165, "time_s": 0.000207592, "encode_s": 0.000130876, "total_s": 0.00033846799999999997}, {"phase": "measured", "order_index": 167, "time_s": 0.000221643, "encode_s": 0.000131888, "total_s": 0.00035353100000000003}]}, "r3-432-fast3": {"external": false, "output_bytes": 2299, "output_sha256": "b0b848b0cc9f13315492e78ac8ad5091e82b05ec5dd2dec88b45f99eeaae24ba", "tokens": 2612, "tokens_sha256": "2b05eebcbbecbfa25fbffd0210603157067c17e26adf721f5c2642ef3f525cd9", "deterministic": true, "encode_s": 0.00012628, "errors": [], "reps": [{"phase": "warmup", "order_index": 146, "time_s": 2.9003e-05, "encode_s": 0.00012628, "total_s": 0.00015528299999999998}, {"phase": "measured", "order_index": 148, "time_s": 2.6931e-05, "encode_s": 0.000122774, "total_s": 0.000149705}, {"phase": "measured", "order_index": 150, "time_s": 2.633e-05, "encode_s": 0.000118648, "total_s": 0.000144978}, {"phase": "measured", "order_index": 152, "time_s": 2.4647e-05, "encode_s": 0.000117476, "total_s": 0.000142123}, {"phase": "measured", "order_index": 154, "time_s": 2.4206e-05, "encode_s": 0.000115493, "total_s": 0.000139699}, {"phase": "measured", "order_index": 156, "time_s": 2.4116e-05, "encode_s": 0.00011352, "total_s": 0.000137636}, {"phase": "measured", "order_index": 158, "time_s": 2.3656e-05, "encode_s": 0.000111818, "total_s": 0.000135474}, {"phase": "measured", "order_index": 160, "time_s": 2.6009e-05, "encode_s": 0.000116625, "total_s": 0.000142634}, {"phase": "measured", "order_index": 162, "time_s": 2.4697e-05, "encode_s": 0.000112789, "total_s": 0.000137486}, {"phase": "measured", "order_index": 164, "time_s": 2.4397e-05, "encode_s": 0.000116585, "total_s": 0.000140982}, {"phase": "measured", "order_index": 166, "time_s": 2.3796e-05, "encode_s": 0.000113661, "total_s": 0.000137457}, {"phase": "measured", "order_index": 168, "time_s": 2.4207e-05, "encode_s": 0.000115844, "total_s": 0.000140051}]}}}
struct-b	Run selected fresh official gate	2026-10-07T21:14:48.2044203Z SYNTHETIC_RAW 1 r3-432-fast3 {"kind": "file", "corpus": "synthetic-transfer", "file": "window-boundary.bin", "raw_bytes": 73735, "sha256": "3d5e223fd8ced74430c5b87ebbbe4ff9c9782c6902f9b137538dddc79f087dcc", "methods": {"incumbent": {"external": false, "output_bytes": 73933, "output_sha256": "5e456557d23dbd5249a36f224b7449a9d53075a00273d27d8ee8f397eeafb978", "tokens": 73559, "tokens_sha256": "35dd083034d7d329eefea50f23c8b2117879da70eb37280242ffd804c83eaf3b", "deterministic": true, "encode_s": 0.003148117, "errors": [], "reps": [{"phase": "warmup", "order_index": 169, "time_s": 0.000898319, "encode_s": 0.003148117, "total_s": 0.0040464360000000005}, {"phase": "measured", "order_index": 171, "time_s": 0.000897277, "encode_s": 0.003002128, "total_s": 0.0038994050000000003}, {"phase": "measured", "order_index": 173, "time_s": 0.00089252, "encode_s": 0.003077872, "total_s": 0.0039703920000000005}, {"phase": "measured", "order_index": 175, "time_s": 0.000894924, "encode_s": 0.003080335, "total_s": 0.003975259}, {"phase": "measured", "order_index": 177, "time_s": 0.000907273, "encode_s": 0.003013414, "total_s": 0.003920687}, {"phase": "measured", "order_index": 179, "time_s": 0.000891128, "encode_s": 0.003088347, "total_s": 0.003979475}, {"phase": "measured", "order_index": 181, "time_s": 0.000896125, "encode_s": 0.003068227, "total_s": 0.003964352}, {"phase": "measured", "order_index": 183, "time_s": 0.000896366, "encode_s": 0.003174006, "total_s": 0.004070372}, {"phase": "measured", "order_index": 185, "time_s": 0.000898128, "encode_s": 0.003113405, "total_s": 0.004011533}, {"phase": "measured", "order_index": 187, "time_s": 0.000922125, "encode_s": 0.003139373, "total_s": 0.004061498}, {"phase": "measured", "order_index": 189, "time_s": 0.000917307, "encode_s": 0.002999113, "total_s": 0.00391642}, {"phase": "measured", "order_index": 191, "time_s": 0.000895264, "encode_s": 0.00309693, "total_s": 0.003992194}]}, "r3-432-fast3": {"external": false, "output_bytes": 73760, "output_sha256": "7fc0f619879f4fb08483c528b61a18725bafcbfbce8f257146ac4741ba95851b", "tokens": 73735, "tokens_sha256": "8a3f0d4d337189d036871ced04356a9ba83426a905ea1c72d81f57b9d8549140", "deterministic": true, "encode_s": 0.002474636, "errors": [], "reps": [{"phase": "warmup", "order_index": 170, "time_s": 1.7326e-05, "encode_s": 0.002474636, "total_s": 0.002491962}, {"phase": "measured", "order_index": 172, "time_s": 1.6765e-05, "encode_s": 0.002465472, "total_s": 0.002482237}, {"phase": "measured", "order_index": 174, "time_s": 1.6525e-05, "encode_s": 0.002511951, "total_s": 0.002528476}, {"phase": "measured", "order_index": 176, "time_s": 1.6485e-05, "encode_s": 0.002460624, "total_s": 0.002477109}, {"phase": "measured", "order_index": 178, "time_s": 1.6706e-05, "encode_s": 0.002545351, "total_s": 0.002562057}, {"phase": "measured", "order_index": 180, "time_s": 1.7206e-05, "encode_s": 0.002461426, "total_s": 0.002478632}, {"phase": "measured", "order_index": 182, "time_s": 1.6966e-05, "encode_s": 0.002515797, "total_s": 0.0025327630000000004}, {"phase": "measured", "order_index": 184, "time_s": 1.7066e-05, "encode_s": 0.002516578, "total_s": 0.002533644}, {"phase": "measured", "order_index": 186, "time_s": 1.7376e-05, "encode_s": 0.002629038, "total_s": 0.002646414}, {"phase": "measured", "order_index": 188, "time_s": 1.6705e-05, "encode_s": 0.002454446, "total_s": 0.002471151}, {"phase": "measured", "order_index": 190, "time_s": 1.6776e-05, "encode_s": 0.002506934, "total_s": 0.00252371}, {"phase": "measured", "order_index": 192, "time_s": 1.6956e-05, "encode_s": 0.002516548, "total_s": 0.002533504}]}}}
struct-b	Run selected fresh official gate	2026-10-07T21:14:48.2361745Z ^[[32m2026-10-07 21:14:48.235^[[0m | ^[[34m^[[1mDEBUG   ^[[0m | ^[[36msandbox.bwrap^[[0m:^[[36mrun^[[0m:^[[36m110^[[0m - ^[[34m^[[1m[bwrap] rustc exit=0 in 0.0s^[[0m
struct-b	Run selected fresh official gate	2026-10-07T21:14:50.0288493Z ^[[32m2026-10-07 21:14:50.027^[[0m | ^[[34m^[[1mDEBUG   ^[[0m | ^[[36msandbox.bwrap^[[0m:^[[36mrun^[[0m:^[[36m110^[[0m - ^[[34m^[[1m[bwrap] cargo exit=0 in 1.8s^[[0m
struct-b	Run selected fresh official gate	2026-10-07T21:14:50.0297032Z ^[[32m2026-10-07 21:14:50.028^[[0m | ^[[34m^[[1mDEBUG   ^[[0m | ^[[36mbench.driver^[[0m:^[[36m_build^[[0m:^[[36m295^[[0m - ^[[34m^[[1m[bench] built incumbent in 1.8s exit=0^[[0m
struct-b	Run selected fresh official gate	2026-10-07T21:14:53.8823957Z ^[[32m2026-10-07 21:14:53.881^[[0m | ^[[34m^[[1mDEBUG   ^[[0m | ^[[36msandbox.bwrap^[[0m:^[[36mrun^[[0m:^[[36m110^[[0m - ^[[34m^[[1m[bwrap] cargo exit=0 in 3.9s^[[0m
struct-b	Run selected fresh official gate	2026-10-07T21:14:53.8832606Z ^[[32m2026-10-07 21:14:53.882^[[0m | ^[[34m^[[1mDEBUG   ^[[0m | ^[[36mbench.driver^[[0m:^[[36m_build^[[0m:^[[36m295^[[0m - ^[[34m^[[1m[bench] built r10-record-nonempty in 3.9s exit=0^[[0m
struct-b	Run selected fresh official gate	2026-10-07T21:14:54.6657040Z ^[[32m2026-10-07 21:14:54.663^[[0m | ^[[34m^[[1mDEBUG   ^[[0m | ^[[36msandbox.bwrap^[[0m:^[[36mrun^[[0m:^[[36m110^[[0m - ^[[34m^[[1m[bwrap] measure exit=0 in 0.8s^[[0m
struct-b	Run selected fresh official gate	2026-10-07T21:14:54.6658141Z ^[[32m2026-10-07 21:14:54.663^[[0m | ^[[34m^[[1mDEBUG   ^[[0m | ^[[36mbench.driver^[[0m:^[[36m_measure^[[0m:^[[36m333^[[0m - ^[[34m^[[1m[bench] measured r10-record-nonempty in 0.8s exit=0^[[0m
struct-b	Run selected fresh official gate	2026-10-07T21:14:54.6686718Z SYNTHETIC_MEASUREMENT {"candidate": "r10-record-nonempty", "round": 1, "time": 0.9985050116900016, "size_pct": 33.56950550785449}
struct-b	Run selected fresh official gate	2026-10-07T21:14:54.6692146Z SYNTHETIC_RAW 1 r10-record-nonempty {"kind": "meta", "schema_version": 4, "started_at_unix": 1791407693.8964877, "corpus": "synthetic-transfer", "corpus_dir": "/home/runner/work/_temp/round4-receipts/synthetic-transfer", "os": "linux", "arch": "x86_64", "rustc_version": "rustc 1.100.0-nightly (8fa1c96cf 2026-08-17)", "cpu_model": "AMD EPYC 9V74 80-Core Processor", "cpu_governor": null, "warmup_rounds": 1, "measured_rounds": 11, "speed_floor": null, "methods": {"incumbent": {"external": false, "crate_dir": "/home/runner/work/_temp/deflate-upstream/data/bench-workspace/20261007T211448Z-6a548241-8ltmm7ll/incumbent", "source_sha256": "b9e0d844baf5958cf0c1c66bfb9fd1f89663fa30f21a99c3c116b3dd2e771361", "lib_sha256": "141f58ceb5d68fdd9fef84fc9da46540dfd34174de8533d923ef187ae09ec57b"}, "r10-record-nonempty": {"external": false, "crate_dir": "/home/runner/work/_temp/deflate-upstream/data/bench-workspace/20261007T211448Z-6a548241-8ltmm7ll/r10-record-nonempty", "source_sha256": "7f1c661fd1ce29d12c69671f034ff5a713e284ed1fcba66ba404ff25479b55b7", "lib_sha256": "d3f49ef38075e252119b02c5999dff95ba3e44be13959c9635d1bea0224aed3f"}}, "benchmark_provenance": {"version": 1, "engine_sha256": "ab202460691492f48d5c632375f5df2a74fc3769a81337e876607e9326a46fac", "template_sha256": "584b01793667c5257da4e76da919fbb3bb73c72fa434866622fe3905884d33f0", "host_sha256": "3725f12bbec145f978f61f4d54bba0122493f2233180f24ec971ac1be8efbd21", "cpus": "0", "process_affinity": [0, 1], "memory_mb": 2048, "sandbox": true, "build_profile": "release", "external_references": false}}
struct-b	Run selected fresh official gate	2026-10-07T21:14:54.6704001Z SYNTHETIC_RAW 1 r10-record-nonempty {"kind": "file", "corpus": "synthetic-transfer", "file": "multilingual.txt", "raw_bytes": 163270, "sha256": "bdd257c8c2afbd9c418ec8954e0ca3f2cedbfa5a622e9b2d5255f35647f1aecc", "methods": {"incumbent": {"external": false, "output_bytes": 9206, "output_sha256": "dd1312ec4702740b4331fb5195ee7cf1f8f1e4ebb52c5bad2ee9ac46eb142e05", "tokens": 4618, "tokens_sha256": "a6e0f107a4d317d16a1a0fe1f14d8a05d25385b4de7fa5b1409ef0de972f3b25", "deterministic": true, "encode_s": 0.000366781, "errors": [], "reps": [{"phase": "warmup", "order_index": 1, "time_s": 0.002135066, "encode_s": 0.000366781, "total_s": 0.002501847}, {"phase": "measured", "order_index": 3, "time_s": 0.001895095, "encode_s": 0.000302204, "total_s": 0.002197299}, {"phase": "measured", "order_index": 5, "time_s": 0.001924008, "encode_s": 0.00030031, "total_s": 0.002224318}, {"phase": "measured", "order_index": 7, "time_s": 0.001859602, "encode_s": 0.000326901, "total_s": 0.002186503}, {"phase": "measured", "order_index": 9, "time_s": 0.001868695, "encode_s": 0.000308162, "total_s": 0.002176857}, {"phase": "measured", "order_index": 11, "time_s": 0.00188426, "encode_s": 0.000296815, "total_s": 0.002181075}, {"phase": "measured", "order_index": 13, "time_s": 0.001880073, "encode_s": 0.000298769, "total_s": 0.002178842}, {"phase": "measured", "order_index": 15, "time_s": 0.001866492, "encode_s": 0.000297987, "total_s": 0.002164479}, {"phase": "measured", "order_index": 17, "time_s": 0.001860774, "encode_s": 0.000307782, "total_s": 0.002168556}, {"phase": "measured", "order_index": 19, "time_s": 0.001859552, "encode_s": 0.000300231, "total_s": 0.002159783}, {"phase": "measured", "order_index": 21, "time_s": 0.001864479, "encode_s": 0.000298929, "total_s": 0.002163408}, {"phase": "measured", "order_index": 23, "time_s": 0.001852722, "encode_s": 0.000303936, "total_s": 0.002156658}]}, "r10-record-nonempty": {"external": false, "output_bytes": 7354, "output_sha256": "8446e352761e31d56d827e0a1dfa84bf4bcd8b0bd6e245feb1956f074f5a9d9a", "tokens": 6693, "tokens_sha256": "cdfc886d550cc2480ead138713085c05e1a3d78a051e37a231e4cd6dc873903b", "deterministic": true, "encode_s": 0.000268112, "errors": [], "reps": [{"phase": "warmup", "order_index": 2, "time_s": 0.00579472, "encode_s": 0.000268112, "total_s": 0.006062832}, {"phase": "measured", "order_index": 4, "time_s": 0.0052285, "encode_s": 0.000270576, "total_s": 0.0054990759999999994}, {"phase": "measured", "order_index": 6, "time_s": 0.005237584, "encode_s": 0.000276685, "total_s": 0.005514269}, {"phase": "measured", "order_index": 8, "time_s": 0.005224815, "encode_s": 0.000268453, "total_s": 0.005493268}, {"phase": "measured", "order_index": 10, "time_s": 0.005253098, "encode_s": 0.000268182, "total_s": 0.00552128}, {"phase": "measured", "order_index": 12, "time_s": 0.00527479, "encode_s": 0.000267541, "total_s": 0.005542330999999999}, {"phase": "measured", "order_index": 14, "time_s": 0.005256202, "encode_s": 0.000280952, "total_s": 0.005537154}, {"phase": "measured", "order_index": 16, "time_s": 0.00526084, "encode_s": 0.000268353, "total_s": 0.005529193}, {"phase": "measured", "order_index": 18, "time_s": 0.005271626, "encode_s": 0.00026664, "total_s": 0.005538266}, {"phase": "measured", "order_index": 20, "time_s": 0.005265025, "encode_s": 0.00026613, "total_s": 0.005531154999999999}, {"phase": "measured", "order_index": 22, "time_s": 0.005205606, "encode_s": 0.000295864, "total_s": 0.00550147}, {"phase": "measured", "order_index": 24, "time_s": 0.005209122, "encode_s": 0.000269214, "total_s": 0.005478336}]}}}
struct-b	Run selected fresh official gate	2026-10-07T21:14:54.6735338Z SYNTHETIC_RAW 1 r10-record-nonempty {"kind": "file", "corpus": "synthetic-transfer", "file": "random.bin", "raw_bytes": 131101, "sha256": "22c862f2c2c5fd5a072e9f74b5a056aacb9025228d040addb56dcd9bec4c09d3", "methods": {"incumbent": {"external": false, "output_bytes": 131445, "output_sha256": "deebb4fe887edb814c65fc8f8d20b733d4a395d0e32399c3c25af9b591d8dc2d", "tokens": 130620, "tokens_sha256": "5330a4dbafd88f2b8356a1db487249115b5a636a9e2bab5cf05094461ba5cbc3", "deterministic": true, "encode_s": 0.00534824, "errors": [], "reps": [{"phase": "warmup", "order_index": 25, "time_s": 0.001899172, "encode_s": 0.00534824, "total_s": 0.007247412}, {"phase": "measured", "order_index": 27, "time_s": 0.002032963, "encode_s": 0.005089993, "total_s": 0.007122956}, {"phase": "measured", "order_index": 29, "time_s": 0.001905781, "encode_s": 0.005007169, "total_s": 0.006912949999999999}, {"phase": "measured", "order_index": 31, "time_s": 0.001907534, "encode_s": 0.004999176, "total_s": 0.00690671}, {"phase": "measured", "order_index": 33, "time_s": 0.001923608, "encode_s": 0.004971714, "total_s": 0.006895322000000001}, {"phase": "measured", "order_index": 35, "time_s": 0.00189151, "encode_s": 0.004969061, "total_s": 0.006860571}, {"phase": "measured", "order_index": 37, "time_s": 0.001931319, "encode_s": 0.004976161, "total_s": 0.00690748}, {"phase": "measured", "order_index": 39, "time_s": 0.0019183, "encode_s": 0.004987569, "total_s": 0.006905869}, {"phase": "measured", "order_index": 41, "time_s": 0.001909828, "encode_s": 0.005007168, "total_s": 0.006916996}, {"phase": "measured", "order_index": 43, "time_s": 0.001922928, "encode_s": 0.004951935, "total_s": 0.006874863}, {"phase": "measured", "order_index": 45, "time_s": 0.00191154, "encode_s": 0.005012877, "total_s": 0.0069244169999999996}, {"phase": "measured", "order_index": 47, "time_s": 0.001925531, "encode_s": 0.004973438, "total_s": 0.0068989690000000005}]}, "r10-record-nonempty": {"external": false, "output_bytes": 131144, "output_sha256": "52b5974219d121f00e342319360c4c8bcac7ff2eda0365aa245dfe321fd4613b", "tokens": 131101, "tokens_sha256": "861ef26a6d151afca1053cb702d3d74a8e4ef1beae1928ecd65b6e1995a7cb99", "deterministic": true, "encode_s": 0.004660338, "errors": [], "reps": [{"phase": "warmup", "order_index": 26, "time_s": 0.000922785, "encode_s": 0.004660338, "total_s": 0.005583123}, {"phase": "measured", "order_index": 28, "time_s": 0.000947863, "encode_s": 0.004634929, "total_s": 0.0055827920000000005}, {"phase": "measured", "order_index": 30, "time_s": 0.001028354, "encode_s": 0.004731694, "total_s": 0.005760048}, {"phase": "measured", "order_index": 32, "time_s": 0.000924809, "encode_s": 0.00464207, "total_s": 0.005566879}, {"phase": "measured", "order_index": 34, "time_s": 0.000930537, "encode_s": 0.004700778, "total_s": 0.0056313150000000005}, {"phase": "measured", "order_index": 36, "time_s": 0.000926521, "encode_s": 0.004690713, "total_s": 0.0056172340000000005}, {"phase": "measured", "order_index": 38, "time_s": 0.000922656, "encode_s": 0.0046493, "total_s": 0.005571956}, {"phase": "measured", "order_index": 40, "time_s": 0.000935564, "encode_s": 0.004679416, "total_s": 0.0056149799999999995}, {"phase": "measured", "order_index": 42, "time_s": 0.000913431, "encode_s": 0.004649862, "total_s": 0.005563293}, {"phase": "measured", "order_index": 44, "time_s": 0.000928464, "encode_s": 0.004699145, "total_s": 0.005627609}, {"phase": "measured", "order_index": 46, "time_s": 0.000925931, "encode_s": 0.004643141, "total_s": 0.0055690719999999996}, {"phase": "measured", "order_index": 48, "time_s": 0.000923457, "encode_s": 0.004649631, "total_s": 0.005573088}]}}}
struct-b	Run selected fresh official gate	2026-10-07T21:14:54.6762150Z SYNTHETIC_RAW 1 r10-record-nonempty {"kind": "file", "corpus": "synthetic-transfer", "file": "short-log.txt", "raw_bytes": 32505, "sha256": "23ef9a1b24b2cfcd1c73f1ff1a71ab017cbcf921409f96f8839c74819d3c0b82", "methods": {"incumbent": {"external": false, "output_bytes": 4871, "output_sha256": "b801c58b86a433392a15971de32130be788d25cd6f3a91a1abda0f0a909dac25", "tokens": 3017, "tokens_sha256": "fcd4ea723eb6d0e399dc5c1cf6825e8d767f6fc45a05600bb177054b19e7eaec", "deterministic": true, "encode_s": 0.000259149, "errors": [], "reps": [{"phase": "warmup", "order_index": 49, "time_s": 0.000900742, "encode_s": 0.000259149, "total_s": 0.001159891}, {"phase": "measured", "order_index": 51, "time_s": 0.000873341, "encode_s": 0.000254172, "total_s": 0.0011275130000000001}, {"phase": "measured", "order_index": 53, "time_s": 0.00091914, "encode_s": 0.000213982, "total_s": 0.001133122}, {"phase": "measured", "order_index": 55, "time_s": 0.000893501, "encode_s": 0.000213561, "total_s": 0.001107062}, {"phase": "measured", "order_index": 57, "time_s": 0.00091286, "encode_s": 0.000213992, "total_s": 0.001126852}, {"phase": "measured", "order_index": 59, "time_s": 0.000893232, "encode_s": 0.00021358, "total_s": 0.001106812}, {"phase": "measured", "order_index": 61, "time_s": 0.000892229, "encode_s": 0.000211137, "total_s": 0.001103366}, {"phase": "measured", "order_index": 63, "time_s": 0.000894343, "encode_s": 0.000213561, "total_s": 0.001107904}, {"phase": "measured", "order_index": 65, "time_s": 0.000893111, "encode_s": 0.000219099, "total_s": 0.00111221}, {"phase": "measured", "order_index": 67, "time_s": 0.000892229, "encode_s": 0.000210727, "total_s": 0.001102956}, {"phase": "measured", "order_index": 69, "time_s": 0.000895535, "encode_s": 0.000213591, "total_s": 0.001109126}, {"phase": "measured", "order_index": 71, "time_s": 0.000883467, "encode_s": 0.000220431, "total_s": 0.0011038979999999999}]}, "r10-record-nonempty": {"external": false, "output_bytes": 4831, "output_sha256": "48750da245a1f2618b8b50b9094f8fcebd04139c65980d9570606a52faa1df7b", "tokens": 3334, "tokens_sha256": "3c42c3585718f93e7e25668ccfb50bb95cb3087d06bb570c836283c1fa2fc1f5", "deterministic": true, "encode_s": 0.000221001, "errors": [], "reps": [{"phase": "warmup", "order_index": 50, "time_s": 0.000359569, "encode_s": 0.000221001, "total_s": 0.00058057}, {"phase": "measured", "order_index": 52, "time_s": 0.000350617, "encode_s": 0.000218889, "total_s": 0.000569506}, {"phase": "measured", "order_index": 54, "time_s": 0.000360622, "encode_s": 0.000215864, "total_s": 0.000576486}, {"phase": "measured", "order_index": 56, "time_s": 0.000351578, "encode_s": 0.000219379, "total_s": 0.000570957}, {"phase": "measured", "order_index": 58, "time_s": 0.000348744, "encode_s": 0.000210706, "total_s": 0.00055945}, {"phase": "measured", "order_index": 60, "time_s": 0.000354232, "encode_s": 0.00021334, "total_s": 0.000567572}, {"phase": "measured", "order_index": 62, "time_s": 0.000375203, "encode_s": 0.00021311, "total_s": 0.000588313}, {"phase": "measured", "order_index": 64, "time_s": 0.000344968, "encode_s": 0.000212819, "total_s": 0.000557787}, {"phase": "measured", "order_index": 66, "time_s": 0.000348253, "encode_s": 0.000210686, "total_s": 0.0005589389999999999}, {"phase": "measured", "order_index": 68, "time_s": 0.000361943, "encode_s": 0.000212569, "total_s": 0.000574512}, {"phase": "measured", "order_index": 70, "time_s": 0.000344187, "encode_s": 0.0002203, "total_s": 0.000564487}, {"phase": "measured", "order_index": 72, "time_s": 0.000346811, "encode_s": 0.000211307, "total_s": 0.000558118}]}}}
struct-b	Run selected fresh official gate	2026-10-07T21:14:54.6791251Z SYNTHETIC_RAW 1 r10-record-nonempty {"kind": "file", "corpus": "synthetic-transfer", "file": "source-like.txt", "raw_bytes": 220484, "sha256": "326efe91d7d1e5a11bee87388ef45c7551b1b541f17a1749d7cd5cd53c25ab66", "methods": {"incumbent": {"external": false, "output_bytes": 16650, "output_sha256": "a459035fe1f2d45221381fefc1bad509a69c3effb5a67ee57a00384072a446f5", "tokens": 7890, "tokens_sha256": "cf67564e32e855eac2759e9b433da56b133fd538e426d3f122c000aa5d009805", "deterministic": true, "encode_s": 0.000316015, "errors": [], "reps": [{"phase": "warmup", "order_index": 73, "time_s": 0.003636871, "encode_s": 0.000316015, "total_s": 0.003952886}, {"phase": "measured", "order_index": 75, "time_s": 0.003655528, "encode_s": 0.000280261, "total_s": 0.003935789}, {"phase": "measured", "order_index": 77, "time_s": 0.003723641, "encode_s": 0.000278398, "total_s": 0.004002039000000001}, {"phase": "measured", "order_index": 79, "time_s": 0.003842269, "encode_s": 0.000286009, "total_s": 0.004128278}, {"phase": "measured", "order_index": 81, "time_s": 0.003650872, "encode_s": 0.000279139, "total_s": 0.003930011}, {"phase": "measured", "order_index": 83, "time_s": 0.003680115, "encode_s": 0.000278568, "total_s": 0.003958683}, {"phase": "measured", "order_index": 85, "time_s": 0.003632765, "encode_s": 0.000275604, "total_s": 0.003908369}, {"phase": "measured", "order_index": 87, "time_s": 0.003623922, "encode_s": 0.000275193, "total_s": 0.003899115}, {"phase": "measured", "order_index": 89, "time_s": 0.003618764, "encode_s": 0.000283335, "total_s": 0.003902099}, {"phase": "measured", "order_index": 91, "time_s": 0.003631923, "encode_s": 0.000283796, "total_s": 0.003915719}, {"phase": "measured", "order_index": 93, "time_s": 0.003625694, "encode_s": 0.000275814, "total_s": 0.003901508}, {"phase": "measured", "order_index": 95, "time_s": 0.003628238, "encode_s": 0.000271377, "total_s": 0.0038996150000000004}]}, "r10-record-nonempty": {"external": false, "output_bytes": 18093, "output_sha256": "38b003ff6fbe88e86ad3d284406ce2022182fcb3a12022e55a3e9a7ff1c99ebd", "tokens": 9194, "tokens_sha256": "226809ab803247b8643baff94f7871853d99771786d05bf020661682180c3144", "deterministic": true, "encode_s": 0.0002994, "errors": [], "reps": [{"phase": "warmup", "order_index": 74, "time_s": 0.001620022, "encode_s": 0.0002994, "total_s": 0.001919422}, {"phase": "measured", "order_index": 76, "time_s": 0.001585761, "encode_s": 0.000290616, "total_s": 0.001876377}, {"phase": "measured", "order_index": 78, "time_s": 0.0017183, "encode_s": 0.000297387, "total_s": 0.002015687}, {"phase": "measured", "order_index": 80, "time_s": 0.001595907, "encode_s": 0.000295744, "total_s": 0.0018916509999999998}, {"phase": "measured", "order_index": 82, "time_s": 0.00159858, "encode_s": 0.000290316, "total_s": 0.0018888960000000002}, {"phase": "measured", "order_index": 84, "time_s": 0.001585871, "encode_s": 0.000294422, "total_s": 0.001880293}, {"phase": "measured", "order_index": 86, "time_s": 0.001596387, "encode_s": 0.0002866, "total_s": 0.0018829869999999998}, {"phase": "measured", "order_index": 88, "time_s": 0.00159113, "encode_s": 0.000318017, "total_s": 0.001909147}, {"phase": "measured", "order_index": 90, "time_s": 0.001577879, "encode_s": 0.000296184, "total_s": 0.001874063}, {"phase": "measured", "order_index": 92, "time_s": 0.001572281, "encode_s": 0.000292259, "total_s": 0.00186454}, {"phase": "measured", "order_index": 94, "time_s": 0.00157885, "encode_s": 0.000291969, "total_s": 0.001870819}, {"phase": "measured", "order_index": 96, "time_s": 0.001588044, "encode_s": 0.000285719, "total_s": 0.001873763}]}}}
struct-b	Run selected fresh official gate	2026-10-07T21:14:54.6818054Z SYNTHETIC_RAW 1 r10-record-nonempty {"kind": "file", "corpus": "synthetic-transfer", "file": "sparse.bin", "raw_bytes": 53803, "sha256": "c51b774d8aadb5b636c1463ff5a9df4fe6c326330101df1daf2e4745b07678d3", "methods": {"incumbent": {"external": false, "output_bytes": 1798, "output_sha256": "64a1ff1bc414863ad88544207256d2d9a5ba187a3a5dc2ad6425dd07405c2e2c", "tokens": 1263, "tokens_sha256": "fae120ea72c3aae525d182eab79475dc599c31ea79ce1f32050a110b01939d24", "deterministic": true, "encode_s": 0.000453421, "errors": [], "reps": [{"phase": "warmup", "order_index": 97, "time_s": 0.000975074, "encode_s": 0.000453421, "total_s": 0.0014284950000000001}, {"phase": "measured", "order_index": 99, "time_s": 0.000969245, "encode_s": 0.000444919, "total_s": 0.0014141639999999999}, {"phase": "measured", "order_index": 101, "time_s": 0.000968304, "encode_s": 0.00044595, "total_s": 0.001414254}, {"phase": "measured", "order_index": 103, "time_s": 0.000968224, "encode_s": 0.000441212, "total_s": 0.001409436}, {"phase": "measured", "order_index": 105, "time_s": 0.000970838, "encode_s": 0.000448303, "total_s": 0.001419141}, {"phase": "measured", "order_index": 107, "time_s": 0.000968534, "encode_s": 0.00044631, "total_s": 0.001414844}, {"phase": "measured", "order_index": 109, "time_s": 0.000970237, "encode_s": 0.000449074, "total_s": 0.001419311}, {"phase": "measured", "order_index": 111, "time_s": 0.000971329, "encode_s": 0.000446039, "total_s": 0.001417368}, {"phase": "measured", "order_index": 113, "time_s": 0.000968805, "encode_s": 0.000437757, "total_s": 0.001406562}, {"phase": "measured", "order_index": 115, "time_s": 0.000966211, "encode_s": 0.000443055, "total_s": 0.001409266}, {"phase": "measured", "order_index": 117, "time_s": 0.000968294, "encode_s": 0.000438559, "total_s": 0.001406853}, {"phase": "measured", "order_index": 119, "time_s": 0.000969455, "encode_s": 0.000437848, "total_s": 0.001407303}]}, "r10-record-nonempty": {"external": false, "output_bytes": 1402, "output_sha256": "5f6877d70a973d7df0155d800ecf1afae66e208fbb206d2b36f4de0e16d0ff27", "tokens": 1337, "tokens_sha256": "55997107e53f53722b29f5e7c0ded399b994cccea673fd0f1f22abdcb1ff8048", "deterministic": true, "encode_s": 0.00044001, "errors": [], "reps": [{"phase": "warmup", "order_index": 98, "time_s": 0.000236595, "encode_s": 0.00044001, "total_s": 0.000676605}, {"phase": "measured", "order_index": 100, "time_s": 0.000237346, "encode_s": 0.000460542, "total_s": 0.000697888}, {"phase": "measured", "order_index": 102, "time_s": 0.000244557, "encode_s": 0.000427933, "total_s": 0.00067249}, {"phase": "measured", "order_index": 104, "time_s": 0.000260872, "encode_s": 0.000427542, "total_s": 0.000688414}, {"phase": "measured", "order_index": 106, "time_s": 0.000233691, "encode_s": 0.000420671, "total_s": 0.000654362}, {"phase": "measured", "order_index": 108, "time_s": 0.000233601, "encode_s": 0.000422494, "total_s": 0.000656095}, {"phase": "measured", "order_index": 110, "time_s": 0.000233561, "encode_s": 0.000421142, "total_s": 0.000654703}, {"phase": "measured", "order_index": 112, "time_s": 0.000235334, "encode_s": 0.000431728, "total_s": 0.000667062}, {"phase": "measured", "order_index": 114, "time_s": 0.000233791, "encode_s": 0.000429315, "total_s": 0.000663106}, {"phase": "measured", "order_index": 116, "time_s": 0.000233661, "encode_s": 0.000427632, "total_s": 0.000661293}, {"phase": "measured", "order_index": 118, "time_s": 0.00023282, "encode_s": 0.000427272, "total_s": 0.000660092}, {"phase": "measured", "order_index": 120, "time_s": 0.000234983, "encode_s": 0.00042611, "total_s": 0.000661093}]}}}
struct-b	Run selected fresh official gate	2026-10-07T21:14:54.6838292Z SYNTHETIC_RAW 1 r10-record-nonempty {"kind": "file", "corpus": "synthetic-transfer", "file": "table.csv", "raw_bytes": 193765, "sha256": "e773c09c5e5d585dc64330f220ca47963de24c1be3297a8161e89fca34b98a85", "methods": {"incumbent": {"external": false, "output_bytes": 65436, "output_sha256": "dcb53081688a36dad21b849906f65e985a744ef8864e9324768f44dbb485a3fc", "tokens": 39085, "tokens_sha256": "93d50fc8a84ae35d4a248c3fc06f3632d2da32348cd6896ad6f9f43ea9515f65", "deterministic": true, "encode_s": 0.001651049, "errors": [], "reps": [{"phase": "warmup", "order_index": 121, "time_s": 0.010688688, "encode_s": 0.001651049, "total_s": 0.012339737}, {"phase": "measured", "order_index": 123, "time_s": 0.010674198, "encode_s": 0.001386382, "total_s": 0.01206058}, {"phase": "measured", "order_index": 125, "time_s": 0.010663521, "encode_s": 0.001370989, "total_s": 0.01203451}, {"phase": "measured", "order_index": 127, "time_s": 0.010770512, "encode_s": 0.001380312, "total_s": 0.012150824}, {"phase": "measured", "order_index": 129, "time_s": 0.010627387, "encode_s": 0.001368505, "total_s": 0.011995892000000001}, {"phase": "measured", "order_index": 131, "time_s": 0.01064941, "encode_s": 0.001367173, "total_s": 0.012016582999999999}, {"phase": "measured", "order_index": 133, "time_s": 0.010677282, "encode_s": 0.001364409, "total_s": 0.012041691}, {"phase": "measured", "order_index": 135, "time_s": 0.010668819, "encode_s": 0.001369296, "total_s": 0.012038115}, {"phase": "measured", "order_index": 137, "time_s": 0.010631283, "encode_s": 0.001383848, "total_s": 0.012015131}, {"phase": "measured", "order_index": 139, "time_s": 0.01060942, "encode_s": 0.001380513, "total_s": 0.011989933}, {"phase": "measured", "order_index": 141, "time_s": 0.010679535, "encode_s": 0.001374775, "total_s": 0.01205431}, {"phase": "measured", "order_index": 143, "time_s": 0.01065609, "encode_s": 0.001382486, "total_s": 0.012038576}]}, "r10-record-nonempty": {"external": false, "output_bytes": 57850, "output_sha256": "5970fdf032fa2826ec474d5dd7700c4a9e6ec344c1c5e4db897dc241b6f4d951", "tokens": 65949, "tokens_sha256": "f6ddafd22bb506fa18b7468bdadb3ea9b57c9536dc8965c161c0e5f3df2c6ff8", "deterministic": true, "encode_s": 0.001499912, "errors": [], "reps": [{"phase": "warmup", "order_index": 122, "time_s": 0.011655831, "encode_s": 0.001499912, "total_s": 0.013155743000000001}, {"phase": "measured", "order_index": 124, "time_s": 0.010857121, "encode_s": 0.001379471, "total_s": 0.012236592000000001}, {"phase": "measured", "order_index": 126, "time_s": 0.010451983, "encode_s": 0.001376226, "total_s": 0.011828209}, {"phase": "measured", "order_index": 128, "time_s": 0.010401477, "encode_s": 0.001391188, "total_s": 0.011792664999999999}, {"phase": "measured", "order_index": 130, "time_s": 0.010439475, "encode_s": 0.00137197, "total_s": 0.011811445}, {"phase": "measured", "order_index": 132, "time_s": 0.010411593, "encode_s": 0.001368505, "total_s": 0.011780098}, {"phase": "measured", "order_index": 134, "time_s": 0.010396821, "encode_s": 0.001374163, "total_s": 0.011770984}, {"phase": "measured", "order_index": 136, "time_s": 0.010415489, "encode_s": 0.001375425, "total_s": 0.011790914}, {"phase": "measured", "order_index": 138, "time_s": 0.010418363, "encode_s": 0.001399731, "total_s": 0.011818094}, {"phase": "measured", "order_index": 140, "time_s": 0.010366435, "encode_s": 0.001397869, "total_s": 0.011764304}, {"phase": "measured", "order_index": 142, "time_s": 0.01041636, "encode_s": 0.001382756, "total_s": 0.011799116}, {"phase": "measured", "order_index": 144, "time_s": 0.010415819, "encode_s": 0.001381113, "total_s": 0.011796932}]}}}
struct-b	Run selected fresh official gate	2026-10-07T21:14:54.6853931Z SYNTHETIC_RAW 1 r10-record-nonempty {"kind": "file", "corpus": "synthetic-transfer", "file": "tiny-structured.txt", "raw_bytes": 15588, "sha256": "2b4701704019445efcca8272c668d8015913d54616281baf813d477623dfcdd3", "methods": {"incumbent": {"external": false, "output_bytes": 1492, "output_sha256": "f35f34fe896e5ec7c7a15e89fe5bd6eb74d866642044e5d5df10ea85bcdc674f", "tokens": 1083, "tokens_sha256": "0fa05be94e7e54cd3cede626db4ec06f61e270d22e2f35d810b14ec5a00d6dde", "deterministic": true, "encode_s": 0.000150045, "errors": [], "reps": [{"phase": "warmup", "order_index": 145, "time_s": 0.000298829, "encode_s": 0.000150045, "total_s": 0.00044887400000000004}, {"phase": "measured", "order_index": 147, "time_s": 0.00022675, "encode_s": 0.000144016, "total_s": 0.000370766}, {"phase": "measured", "order_index": 149, "time_s": 0.000224066, "encode_s": 0.000138768, "total_s": 0.00036283400000000003}, {"phase": "measured", "order_index": 151, "time_s": 0.000204267, "encode_s": 0.000147361, "total_s": 0.000351628}, {"phase": "measured", "order_index": 153, "time_s": 0.000205498, "encode_s": 0.000136575, "total_s": 0.00034207300000000003}, {"phase": "measured", "order_index": 155, "time_s": 0.000203385, "encode_s": 0.000139149, "total_s": 0.000342534}, {"phase": "measured", "order_index": 157, "time_s": 0.000203615, "encode_s": 0.000134152, "total_s": 0.000337767}, {"phase": "measured", "order_index": 159, "time_s": 0.000219079, "encode_s": 0.000140942, "total_s": 0.000360021}, {"phase": "measured", "order_index": 161, "time_s": 0.000216014, "encode_s": 0.000140851, "total_s": 0.000356865}, {"phase": "measured", "order_index": 163, "time_s": 0.000203916, "encode_s": 0.000149775, "total_s": 0.000353691}, {"phase": "measured", "order_index": 165, "time_s": 0.000211968, "encode_s": 0.000138718, "total_s": 0.000350686}, {"phase": "measured", "order_index": 167, "time_s": 0.000210336, "encode_s": 0.000136395, "total_s": 0.00034673099999999997}]}, "r10-record-nonempty": {"external": false, "output_bytes": 1318, "output_sha256": "f23d7bb1ee17a9f8aac0aeae5cbde95ded30cb302220c9f17fc3320ce87e296e", "tokens": 1226, "tokens_sha256": "7bdca15b6f33c653076cfd1ae40f2221169e10ec6cd0c1c85c9ef49978f2fb43", "deterministic": true, "encode_s": 0.000132579, "errors": [], "reps": [{"phase": "warmup", "order_index": 146, "time_s": 0.000361042, "encode_s": 0.000132579, "total_s": 0.000493621}, {"phase": "measured", "order_index": 148, "time_s": 0.000355985, "encode_s": 0.000130165, "total_s": 0.00048615}, {"phase": "measured", "order_index": 150, "time_s": 0.000348844, "encode_s": 0.00012672, "total_s": 0.00047556400000000004}, {"phase": "measured", "order_index": 152, "time_s": 0.000347902, "encode_s": 0.000127923, "total_s": 0.000475825}, {"phase": "measured", "order_index": 154, "time_s": 0.000362364, "encode_s": 0.000128112, "total_s": 0.000490476}, {"phase": "measured", "order_index": 156, "time_s": 0.000359199, "encode_s": 0.000127671, "total_s": 0.00048687}, {"phase": "measured", "order_index": 158, "time_s": 0.000348063, "encode_s": 0.000150105, "total_s": 0.000498168}, {"phase": "measured", "order_index": 160, "time_s": 0.000350456, "encode_s": 0.000129505, "total_s": 0.000479961}, {"phase": "measured", "order_index": 162, "time_s": 0.000347822, "encode_s": 0.000127342, "total_s": 0.00047516400000000003}, {"phase": "measured", "order_index": 164, "time_s": 0.000349866, "encode_s": 0.000127131, "total_s": 0.000476997}, {"phase": "measured", "order_index": 166, "time_s": 0.000360351, "encode_s": 0.000130005, "total_s": 0.0004903560000000001}, {"phase": "measured", "order_index": 168, "time_s": 0.000355975, "encode_s": 0.000124366, "total_s": 0.000480341}]}}}
struct-b	Run selected fresh official gate	2026-10-07T21:14:54.6881302Z SYNTHETIC_RAW 1 r10-record-nonempty {"kind": "file", "corpus": "synthetic-transfer", "file": "window-boundary.bin", "raw_bytes": 73735, "sha256": "3d5e223fd8ced74430c5b87ebbbe4ff9c9782c6902f9b137538dddc79f087dcc", "methods": {"incumbent": {"external": false, "output_bytes": 73933, "output_sha256": "5e456557d23dbd5249a36f224b7449a9d53075a00273d27d8ee8f397eeafb978", "tokens": 73559, "tokens_sha256": "35dd083034d7d329eefea50f23c8b2117879da70eb37280242ffd804c83eaf3b", "deterministic": true, "encode_s": 0.002551451, "errors": [], "reps": [{"phase": "warmup", "order_index": 169, "time_s": 0.00090582, "encode_s": 0.002551451, "total_s": 0.003457271}, {"phase": "measured", "order_index": 171, "time_s": 0.000901934, "encode_s": 0.002544581, "total_s": 0.0034465150000000003}, {"phase": "measured", "order_index": 173, "time_s": 0.00089959, "encode_s": 0.002537, "total_s": 0.0034365900000000002}, {"phase": "measured", "order_index": 175, "time_s": 0.00090611, "encode_s": 0.002549208, "total_s": 0.0034553179999999998}, {"phase": "measured", "order_index": 177, "time_s": 0.000900332, "encode_s": 0.002556248, "total_s": 0.00345658}, {"phase": "measured", "order_index": 179, "time_s": 0.000900371, "encode_s": 0.002565593, "total_s": 0.003465964}, {"phase": "measured", "order_index": 181, "time_s": 0.000896807, "encode_s": 0.002645742, "total_s": 0.003542549}, {"phase": "measured", "order_index": 183, "time_s": 0.000891368, "encode_s": 0.002553104, "total_s": 0.003444472}, {"phase": "measured", "order_index": 185, "time_s": 0.000895304, "encode_s": 0.002548907, "total_s": 0.003444211}, {"phase": "measured", "order_index": 187, "time_s": 0.000895364, "encode_s": 0.002556879, "total_s": 0.0034522430000000002}, {"phase": "measured", "order_index": 189, "time_s": 0.000897678, "encode_s": 0.002552302, "total_s": 0.00344998}, {"phase": "measured", "order_index": 191, "time_s": 0.000897708, "encode_s": 0.002552622, "total_s": 0.00345033}]}, "r10-record-nonempty": {"external": false, "output_bytes": 73760, "output_sha256": "7fc0f619879f4fb08483c528b61a18725bafcbfbce8f257146ac4741ba95851b", "tokens": 73735, "tokens_sha256": "8a3f0d4d337189d036871ced04356a9ba83426a905ea1c72d81f57b9d8549140", "deterministic": true, "encode_s": 0.00244393, "errors": [], "reps": [{"phase": "warmup", "order_index": 170, "time_s": 0.000462705, "encode_s": 0.00244393, "total_s": 0.002906635}, {"phase": "measured", "order_index": 172, "time_s": 0.000468283, "encode_s": 0.002481396, "total_s": 0.0029496789999999998}, {"phase": "measured", "order_index": 174, "time_s": 0.000462704, "encode_s": 0.002416018, "total_s": 0.002878722}, {"phase": "measured", "order_index": 176, "time_s": 0.000462885, "encode_s": 0.002398482, "total_s": 0.002861367}, {"phase": "measured", "order_index": 178, "time_s": 0.000468574, "encode_s": 0.00241723, "total_s": 0.0028858039999999996}, {"phase": "measured", "order_index": 180, "time_s": 0.000466891, "encode_s": 0.002434075, "total_s": 0.002900966}, {"phase": "measured", "order_index": 182, "time_s": 0.000469545, "encode_s": 0.002420474, "total_s": 0.002890019}, {"phase": "measured", "order_index": 184, "time_s": 0.000465459, "encode_s": 0.002425551, "total_s": 0.0028910100000000003}, {"phase": "measured", "order_index": 186, "time_s": 0.000462224, "encode_s": 0.002405382, "total_s": 0.002867606}, {"phase": "measured", "order_index": 188, "time_s": 0.000473, "encode_s": 0.002415797, "total_s": 0.002888797}, {"phase": "measured", "order_index": 190, "time_s": 0.000495444, "encode_s": 0.002408577, "total_s": 0.0029040209999999997}, {"phase": "measured", "order_index": 192, "time_s": 0.0004598, "encode_s": 0.00242418, "total_s": 0.0028839800000000004}]}}}
struct-b	Run selected fresh official gate	2026-10-07T21:14:54.7190712Z ^[[32m2026-10-07 21:14:54.717^[[0m | ^[[34m^[[1mDEBUG   ^[[0m | ^[[36msandbox.bwrap^[[0m:^[[36mrun^[[0m:^[[36m110^[[0m - ^[[34m^[[1m[bwrap] rustc exit=0 in 0.0s^[[0m
struct-b	Run selected fresh official gate	2026-10-07T21:14:56.5148291Z ^[[32m2026-10-07 21:14:56.513^[[0m | ^[[34m^[[1mDEBUG   ^[[0m | ^[[36msandbox.bwrap^[[0m:^[[36mrun^[[0m:^[[36m110^[[0m - ^[[34m^[[1m[bwrap] cargo exit=0 in 1.8s^[[0m
struct-b	Run selected fresh official gate	2026-10-07T21:14:56.5151509Z ^[[32m2026-10-07 21:14:56.513^[[0m | ^[[34m^[[1mDEBUG   ^[[0m | ^[[36mbench.driver^[[0m:^[[36m_build^[[0m:^[[36m295^[[0m - ^[[34m^[[1m[bench] built incumbent in 1.8s exit=0^[[0m
struct-b	Run selected fresh official gate	2026-10-07T21:15:00.3787602Z ^[[32m2026-10-07 21:15:00.378^[[0m | ^[[34m^[[1mDEBUG   ^[[0m | ^[[36msandbox.bwrap^[[0m:^[[36mrun^[[0m:^[[36m110^[[0m - ^[[34m^[[1m[bwrap] cargo exit=0 in 3.9s^[[0m
struct-b	Run selected fresh official gate	2026-10-07T21:15:00.3789596Z ^[[32m2026-10-07 21:15:00.378^[[0m | ^[[34m^[[1mDEBUG   ^[[0m | ^[[36mbench.driver^[[0m:^[[36m_build^[[0m:^[[36m295^[[0m - ^[[34m^[[1m[bench] built r10-record-nonempty in 3.9s exit=0^[[0m
struct-b	Run selected fresh official gate	2026-10-07T21:15:01.1667424Z ^[[32m2026-10-07 21:15:01.164^[[0m | ^[[34m^[[1mDEBUG   ^[[0m | ^[[36msandbox.bwrap^[[0m:^[[36mrun^[[0m:^[[36m110^[[0m - ^[[34m^[[1m[bwrap] measure exit=0 in 0.8s^[[0m
struct-b	Run selected fresh official gate	2026-10-07T21:15:01.1668825Z ^[[32m2026-10-07 21:15:01.164^[[0m | ^[[34m^[[1mDEBUG   ^[[0m | ^[[36mbench.driver^[[0m:^[[36m_measure^[[0m:^[[36m333^[[0m - ^[[34m^[[1m[bench] measured r10-record-nonempty in 0.8s exit=0^[[0m
struct-b	Run selected fresh official gate	2026-10-07T21:15:01.1692443Z SYNTHETIC_MEASUREMENT {"candidate": "r10-record-nonempty", "round": 2, "time": 0.9994870388961086, "size_pct": 33.56950550785449}
struct-b	Run selected fresh official gate	2026-10-07T21:15:01.1703676Z SYNTHETIC_RAW 2 r10-record-nonempty {"kind": "meta", "schema_version": 4, "started_at_unix": 1791407700.392396, "corpus": "synthetic-transfer", "corpus_dir": "/home/runner/work/_temp/round4-receipts/synthetic-transfer", "os": "linux", "arch": "x86_64", "rustc_version": "rustc 1.100.0-nightly (8fa1c96cf 2026-08-17)", "cpu_model": "AMD EPYC 9V74 80-Core Processor", "cpu_governor": null, "warmup_rounds": 1, "measured_rounds": 11, "speed_floor": null, "methods": {"incumbent": {"external": false, "crate_dir": "/home/runner/work/_temp/deflate-upstream/data/bench-workspace/20261007T211454Z-6a548241-rb72s3qj/incumbent", "source_sha256": "b9e0d844baf5958cf0c1c66bfb9fd1f89663fa30f21a99c3c116b3dd2e771361", "lib_sha256": "141f58ceb5d68fdd9fef84fc9da46540dfd34174de8533d923ef187ae09ec57b"}, "r10-record-nonempty": {"external": false, "crate_dir": "/home/runner/work/_temp/deflate-upstream/data/bench-workspace/20261007T211454Z-6a548241-rb72s3qj/r10-record-nonempty", "source_sha256": "7f1c661fd1ce29d12c69671f034ff5a713e284ed1fcba66ba404ff25479b55b7", "lib_sha256": "d3f49ef38075e252119b02c5999dff95ba3e44be13959c9635d1bea0224aed3f"}}, "benchmark_provenance": {"version": 1, "engine_sha256": "ab202460691492f48d5c632375f5df2a74fc3769a81337e876607e9326a46fac", "template_sha256": "584b01793667c5257da4e76da919fbb3bb73c72fa434866622fe3905884d33f0", "host_sha256": "3725f12bbec145f978f61f4d54bba0122493f2233180f24ec971ac1be8efbd21", "cpus": "0", "process_affinity": [0, 1], "memory_mb": 2048, "sandbox": true, "build_profile": "release", "external_references": false}}
struct-b	Run selected fresh official gate	2026-10-07T21:15:01.1724023Z SYNTHETIC_RAW 2 r10-record-nonempty {"kind": "file", "corpus": "synthetic-transfer", "file": "multilingual.txt", "raw_bytes": 163270, "sha256": "bdd257c8c2afbd9c418ec8954e0ca3f2cedbfa5a622e9b2d5255f35647f1aecc", "methods": {"incumbent": {"external": false, "output_bytes": 9206, "output_sha256": "dd1312ec4702740b4331fb5195ee7cf1f8f1e4ebb52c5bad2ee9ac46eb142e05", "tokens": 4618, "tokens_sha256": "a6e0f107a4d317d16a1a0fe1f14d8a05d25385b4de7fa5b1409ef0de972f3b25", "deterministic": true, "encode_s": 0.000367441, "errors": [], "reps": [{"phase": "warmup", "order_index": 1, "time_s": 0.00199828, "encode_s": 0.000367441, "total_s": 0.002365721}, {"phase": "measured", "order_index": 3, "time_s": 0.001876117, "encode_s": 0.00030629, "total_s": 0.002182407}, {"phase": "measured", "order_index": 5, "time_s": 0.001894755, "encode_s": 0.000300631, "total_s": 0.0021953859999999997}, {"phase": "measured", "order_index": 7, "time_s": 0.001861434, "encode_s": 0.000303626, "total_s": 0.00216506}, {"phase": "measured", "order_index": 9, "time_s": 0.001876176, "encode_s": 0.000308393, "total_s": 0.002184569}, {"phase": "measured", "order_index": 11, "time_s": 0.001870989, "encode_s": 0.00029991, "total_s": 0.002170899}, {"phase": "measured", "order_index": 13, "time_s": 0.001850568, "encode_s": 0.000300121, "total_s": 0.002150689}, {"phase": "measured", "order_index": 15, "time_s": 0.001857879, "encode_s": 0.00029966, "total_s": 0.002157539}, {"phase": "measured", "order_index": 17, "time_s": 0.001868245, "encode_s": 0.000307632, "total_s": 0.002175877}, {"phase": "measured", "order_index": 19, "time_s": 0.001860463, "encode_s": 0.00029953, "total_s": 0.002159993}, {"phase": "measured", "order_index": 21, "time_s": 0.001870739, "encode_s": 0.000298688, "total_s": 0.002169427}, {"phase": "measured", "order_index": 23, "time_s": 0.001893062, "encode_s": 0.000299089, "total_s": 0.002192151}]}, "r10-record-nonempty": {"external": false, "output_bytes": 7354, "output_sha256": "8446e352761e31d56d827e0a1dfa84bf4bcd8b0bd6e245feb1956f074f5a9d9a", "tokens": 6693, "tokens_sha256": "cdfc886d550cc2480ead138713085c05e1a3d78a051e37a231e4cd6dc873903b", "deterministic": true, "encode_s": 0.000296105, "errors": [], "reps": [{"phase": "warmup", "order_index": 2, "time_s": 0.005894389, "encode_s": 0.000296105, "total_s": 0.0061904939999999995}, {"phase": "measured", "order_index": 4, "time_s": 0.005312876, "encode_s": 0.000280201, "total_s": 0.005593077}, {"phase": "measured", "order_index": 6, "time_s": 0.005364544, "encode_s": 0.000290366, "total_s": 0.00565491}, {"phase": "measured", "order_index": 8, "time_s": 0.005295871, "encode_s": 0.00026673, "total_s": 0.0055626009999999995}, {"phase": "measured", "order_index": 10, "time_s": 0.00525547, "encode_s": 0.000265479, "total_s": 0.005520949}, {"phase": "measured", "order_index": 12, "time_s": 0.005290032, "encode_s": 0.000269394, "total_s": 0.005559426}, {"phase": "measured", "order_index": 14, "time_s": 0.005308019, "encode_s": 0.000287692, "total_s": 0.005595711}, {"phase": "measured", "order_index": 16, "time_s": 0.005251363, "encode_s": 0.000267492, "total_s": 0.0055188550000000005}, {"phase": "measured", "order_index": 18, "time_s": 0.005254749, "encode_s": 0.000264928, "total_s": 0.005519677000000001}, {"phase": "measured", "order_index": 20, "time_s": 0.005296942, "encode_s": 0.000267261, "total_s": 0.005564203}, {"phase": "measured", "order_index": 22, "time_s": 0.005305045, "encode_s": 0.000269364, "total_s": 0.005574409000000001}, {"phase": "measured", "order_index": 24, "time_s": 0.005272886, "encode_s": 0.000278418, "total_s": 0.005551304}]}}}
struct-b	Run selected fresh official gate	2026-10-07T21:15:01.1750754Z SYNTHETIC_RAW 2 r10-record-nonempty {"kind": "file", "corpus": "synthetic-transfer", "file": "random.bin", "raw_bytes": 131101, "sha256": "22c862f2c2c5fd5a072e9f74b5a056aacb9025228d040addb56dcd9bec4c09d3", "methods": {"incumbent": {"external": false, "output_bytes": 131445, "output_sha256": "deebb4fe887edb814c65fc8f8d20b733d4a395d0e32399c3c25af9b591d8dc2d", "tokens": 130620, "tokens_sha256": "5330a4dbafd88f2b8356a1db487249115b5a636a9e2bab5cf05094461ba5cbc3", "deterministic": true, "encode_s": 0.005305826, "errors": [], "reps": [{"phase": "warmup", "order_index": 25, "time_s": 0.001921244, "encode_s": 0.005305826, "total_s": 0.0072270699999999995}, {"phase": "measured", "order_index": 27, "time_s": 0.001894955, "encode_s": 0.005017823, "total_s": 0.0069127780000000005}, {"phase": "measured", "order_index": 29, "time_s": 0.001888125, "encode_s": 0.004988339, "total_s": 0.006876464}, {"phase": "measured", "order_index": 31, "time_s": 0.001900633, "encode_s": 0.00500234, "total_s": 0.006902973}, {"phase": "measured", "order_index": 33, "time_s": 0.001894724, "encode_s": 0.004986276, "total_s": 0.006881}, {"phase": "measured", "order_index": 35, "time_s": 0.001897719, "encode_s": 0.005023993, "total_s": 0.006921712}, {"phase": "measured", "order_index": 37, "time_s": 0.001896196, "encode_s": 0.005016361, "total_s": 0.006912557000000001}, {"phase": "measured", "order_index": 39, "time_s": 0.001899972, "encode_s": 0.005061028, "total_s": 0.006961}, {"phase": "measured", "order_index": 41, "time_s": 0.001896136, "encode_s": 0.005013177, "total_s": 0.006909313}, {"phase": "measured", "order_index": 43, "time_s": 0.0019183, "encode_s": 0.005015469, "total_s": 0.006933768999999999}, {"phase": "measured", "order_index": 45, "time_s": 0.001902276, "encode_s": 0.004965514, "total_s": 0.00686779}, {"phase": "measured", "order_index": 47, "time_s": 0.001893113, "encode_s": 0.004984212, "total_s": 0.006877325}]}, "r10-record-nonempty": {"external": false, "output_bytes": 131144, "output_sha256": "52b5974219d121f00e342319360c4c8bcac7ff2eda0365aa245dfe321fd4613b", "tokens": 131101, "tokens_sha256": "861ef26a6d151afca1053cb702d3d74a8e4ef1beae1928ecd65b6e1995a7cb99", "deterministic": true, "encode_s": 0.00464311, "errors": [], "reps": [{"phase": "warmup", "order_index": 26, "time_s": 0.000942736, "encode_s": 0.00464311, "total_s": 0.005585846}, {"phase": "measured", "order_index": 28, "time_s": 0.000929145, "encode_s": 0.004690582, "total_s": 0.005619727000000001}, {"phase": "measured", "order_index": 30, "time_s": 0.000946882, "encode_s": 0.00466916, "total_s": 0.005616042}, {"phase": "measured", "order_index": 32, "time_s": 0.000921303, "encode_s": 0.004669801, "total_s": 0.005591104}, {"phase": "measured", "order_index": 34, "time_s": 0.000947633, "encode_s": 0.004690622, "total_s": 0.005638255}, {"phase": "measured", "order_index": 36, "time_s": 0.000957828, "encode_s": 0.004693647, "total_s": 0.0056514749999999996}, {"phase": "measured", "order_index": 38, "time_s": 0.00096602, "encode_s": 0.004720677, "total_s": 0.005686697}, {"phase": "measured", "order_index": 40, "time_s": 0.000955033, "encode_s": 0.004736871, "total_s": 0.005691904}, {"phase": "measured", "order_index": 42, "time_s": 0.000942655, "encode_s": 0.004716711, "total_s": 0.005659366}, {"phase": "measured", "order_index": 44, "time_s": 0.000944468, "encode_s": 0.004636321, "total_s": 0.005580788999999999}, {"phase": "measured", "order_index": 46, "time_s": 0.000956255, "encode_s": 0.004647938, "total_s": 0.005604193}, {"phase": "measured", "order_index": 48, "time_s": 0.000940272, "encode_s": 0.004621178, "total_s": 0.00556145}]}}}
struct-b	Run selected fresh official gate	2026-10-07T21:15:01.1779504Z SYNTHETIC_RAW 2 r10-record-nonempty {"kind": "file", "corpus": "synthetic-transfer", "file": "short-log.txt", "raw_bytes": 32505, "sha256": "23ef9a1b24b2cfcd1c73f1ff1a71ab017cbcf921409f96f8839c74819d3c0b82", "methods": {"incumbent": {"external": false, "output_bytes": 4871, "output_sha256": "b801c58b86a433392a15971de32130be788d25cd6f3a91a1abda0f0a909dac25", "tokens": 3017, "tokens_sha256": "fcd4ea723eb6d0e399dc5c1cf6825e8d767f6fc45a05600bb177054b19e7eaec", "deterministic": true, "encode_s": 0.000227522, "errors": [], "reps": [{"phase": "warmup", "order_index": 49, "time_s": 0.000893391, "encode_s": 0.000227522, "total_s": 0.001120913}, {"phase": "measured", "order_index": 51, "time_s": 0.000897868, "encode_s": 0.000220972, "total_s": 0.00111884}, {"phase": "measured", "order_index": 53, "time_s": 0.00088576, "encode_s": 0.000243346, "total_s": 0.001129106}, {"phase": "measured", "order_index": 55, "time_s": 0.000894242, "encode_s": 0.00021947, "total_s": 0.001113712}, {"phase": "measured", "order_index": 57, "time_s": 0.000883386, "encode_s": 0.000218037, "total_s": 0.001101423}, {"phase": "measured", "order_index": 59, "time_s": 0.000882575, "encode_s": 0.000216425, "total_s": 0.001099}, {"phase": "measured", "order_index": 61, "time_s": 0.000875324, "encode_s": 0.000223465, "total_s": 0.001098789}, {"phase": "measured", "order_index": 63, "time_s": 0.000897948, "encode_s": 0.000216505, "total_s": 0.001114453}, {"phase": "measured", "order_index": 65, "time_s": 0.000878558, "encode_s": 0.000215794, "total_s": 0.001094352}, {"phase": "measured", "order_index": 67, "time_s": 0.0008726, "encode_s": 0.000244457, "total_s": 0.0011170569999999999}, {"phase": "measured", "order_index": 69, "time_s": 0.000885059, "encode_s": 0.00021972, "total_s": 0.001104779}, {"phase": "measured", "order_index": 71, "time_s": 0.000877998, "encode_s": 0.000223917, "total_s": 0.001101915}]}, "r10-record-nonempty": {"external": false, "output_bytes": 4831, "output_sha256": "48750da245a1f2618b8b50b9094f8fcebd04139c65980d9570606a52faa1df7b", "tokens": 3334, "tokens_sha256": "3c42c3585718f93e7e25668ccfb50bb95cb3087d06bb570c836283c1fa2fc1f5", "deterministic": true, "encode_s": 0.000224086, "errors": [], "reps": [{"phase": "warmup", "order_index": 50, "time_s": 0.000369675, "encode_s": 0.000224086, "total_s": 0.0005937609999999999}, {"phase": "measured", "order_index": 52, "time_s": 0.000349334, "encode_s": 0.000229324, "total_s": 0.000578658}, {"phase": "measured", "order_index": 54, "time_s": 0.000350136, "encode_s": 0.000218488, "total_s": 0.000568624}, {"phase": "measured", "order_index": 56, "time_s": 0.000371357, "encode_s": 0.000236115, "total_s": 0.000607472}, {"phase": "measured", "order_index": 58, "time_s": 0.000375955, "encode_s": 0.000218087, "total_s": 0.0005940419999999999}, {"phase": "measured", "order_index": 60, "time_s": 0.000347192, "encode_s": 0.000214081, "total_s": 0.000561273}, {"phase": "measured", "order_index": 62, "time_s": 0.000347481, "encode_s": 0.000212049, "total_s": 0.00055953}, {"phase": "measured", "order_index": 64, "time_s": 0.000356675, "encode_s": 0.00021942, "total_s": 0.000576095}, {"phase": "measured", "order_index": 66, "time_s": 0.000351377, "encode_s": 0.000222223, "total_s": 0.0005736}, {"phase": "measured", "order_index": 68, "time_s": 0.0003592, "encode_s": 0.000218608, "total_s": 0.000577808}, {"phase": "measured", "order_index": 70, "time_s": 0.000357046, "encode_s": 0.000213871, "total_s": 0.000570917}, {"phase": "measured", "order_index": 72, "time_s": 0.000347852, "encode_s": 0.000221543, "total_s": 0.000569395}]}}}
struct-b	Run selected fresh official gate	2026-10-07T21:15:01.1808773Z SYNTHETIC_RAW 2 r10-record-nonempty {"kind": "file", "corpus": "synthetic-transfer", "file": "source-like.txt", "raw_bytes": 220484, "sha256": "326efe91d7d1e5a11bee87388ef45c7551b1b541f17a1749d7cd5cd53c25ab66", "methods": {"incumbent": {"external": false, "output_bytes": 16650, "output_sha256": "a459035fe1f2d45221381fefc1bad509a69c3effb5a67ee57a00384072a446f5", "tokens": 7890, "tokens_sha256": "cf67564e32e855eac2759e9b433da56b133fd538e426d3f122c000aa5d009805", "deterministic": true, "encode_s": 0.000290556, "errors": [], "reps": [{"phase": "warmup", "order_index": 73, "time_s": 0.003678071, "encode_s": 0.000290556, "total_s": 0.003968627000000001}, {"phase": "measured", "order_index": 75, "time_s": 0.003691752, "encode_s": 0.00029267, "total_s": 0.003984422}, {"phase": "measured", "order_index": 77, "time_s": 0.003735438, "encode_s": 0.000287882, "total_s": 0.00402332}, {"phase": "measured", "order_index": 79, "time_s": 0.004025964, "encode_s": 0.000283946, "total_s": 0.00430991}, {"phase": "measured", "order_index": 81, "time_s": 0.004019555, "encode_s": 0.000289104, "total_s": 0.004308659}, {"phase": "measured", "order_index": 83, "time_s": 0.003740365, "encode_s": 0.000278328, "total_s": 0.004018693}, {"phase": "measured", "order_index": 85, "time_s": 0.003662258, "encode_s": 0.000280361, "total_s": 0.003942619}, {"phase": "measured", "order_index": 87, "time_s": 0.00362325, "encode_s": 0.000280841, "total_s": 0.003904091}, {"phase": "measured", "order_index": 89, "time_s": 0.003706986, "encode_s": 0.00028019, "total_s": 0.003987175999999999}, {"phase": "measured", "order_index": 91, "time_s": 0.003714797, "encode_s": 0.000280281, "total_s": 0.003995078}, {"phase": "measured", "order_index": 93, "time_s": 0.00374359, "encode_s": 0.000279449, "total_s": 0.004023039}, {"phase": "measured", "order_index": 95, "time_s": 0.003718412, "encode_s": 0.000277277, "total_s": 0.003995689}]}, "r10-record-nonempty": {"external": false, "output_bytes": 18093, "output_sha256": "38b003ff6fbe88e86ad3d284406ce2022182fcb3a12022e55a3e9a7ff1c99ebd", "tokens": 9194, "tokens_sha256": "226809ab803247b8643baff94f7871853d99771786d05bf020661682180c3144", "deterministic": true, "encode_s": 0.00029984, "errors": [], "reps": [{"phase": "warmup", "order_index": 74, "time_s": 0.001615345, "encode_s": 0.00029984, "total_s": 0.001915185}, {"phase": "measured", "order_index": 76, "time_s": 0.001596297, "encode_s": 0.00030691, "total_s": 0.001903207}, {"phase": "measured", "order_index": 78, "time_s": 0.001721935, "encode_s": 0.000312529, "total_s": 0.0020344639999999997}, {"phase": "measured", "order_index": 80, "time_s": 0.001627854, "encode_s": 0.000298549, "total_s": 0.001926403}, {"phase": "measured", "order_index": 82, "time_s": 0.001594253, "encode_s": 0.000297497, "total_s": 0.0018917499999999998}, {"phase": "measured", "order_index": 84, "time_s": 0.001650708, "encode_s": 0.000298769, "total_s": 0.001949477}, {"phase": "measured", "order_index": 86, "time_s": 0.001596867, "encode_s": 0.000292479, "total_s": 0.001889346}, {"phase": "measured", "order_index": 88, "time_s": 0.001593092, "encode_s": 0.000292429, "total_s": 0.0018855209999999998}, {"phase": "measured", "order_index": 90, "time_s": 0.001606562, "encode_s": 0.000294131, "total_s": 0.001900693}, {"phase": "measured", "order_index": 92, "time_s": 0.001592711, "encode_s": 0.000292309, "total_s": 0.0018850199999999998}, {"phase": "measured", "order_index": 94, "time_s": 0.001599832, "encode_s": 0.000292059, "total_s": 0.0018918910000000001}, {"phase": "measured", "order_index": 96, "time_s": 0.001601064, "encode_s": 0.00029299, "total_s": 0.001894054}]}}}
struct-b	Run selected fresh official gate	2026-10-07T21:15:01.1830070Z SYNTHETIC_RAW 2 r10-record-nonempty {"kind": "file", "corpus": "synthetic-transfer", "file": "sparse.bin", "raw_bytes": 53803, "sha256": "c51b774d8aadb5b636c1463ff5a9df4fe6c326330101df1daf2e4745b07678d3", "methods": {"incumbent": {"external": false, "output_bytes": 1798, "output_sha256": "64a1ff1bc414863ad88544207256d2d9a5ba187a3a5dc2ad6425dd07405c2e2c", "tokens": 1263, "tokens_sha256": "fae120ea72c3aae525d182eab79475dc599c31ea79ce1f32050a110b01939d24", "deterministic": true, "encode_s": 0.0004664, "errors": [], "reps": [{"phase": "warmup", "order_index": 97, "time_s": 0.000997778, "encode_s": 0.0004664, "total_s": 0.001464178}, {"phase": "measured", "order_index": 99, "time_s": 0.000965319, "encode_s": 0.000447292, "total_s": 0.001412611}, {"phase": "measured", "order_index": 101, "time_s": 0.000964418, "encode_s": 0.000446771, "total_s": 0.001411189}, {"phase": "measured", "order_index": 103, "time_s": 0.000968083, "encode_s": 0.000441233, "total_s": 0.001409316}, {"phase": "measured", "order_index": 105, "time_s": 0.000970317, "encode_s": 0.000449225, "total_s": 0.001419542}, {"phase": "measured", "order_index": 107, "time_s": 0.000966602, "encode_s": 0.000443015, "total_s": 0.001409617}, {"phase": "measured", "order_index": 109, "time_s": 0.000963637, "encode_s": 0.000451347, "total_s": 0.001414984}, {"phase": "measured", "order_index": 111, "time_s": 0.000963997, "encode_s": 0.000448804, "total_s": 0.001412801}, {"phase": "measured", "order_index": 113, "time_s": 0.00096595, "encode_s": 0.000454723, "total_s": 0.001420673}, {"phase": "measured", "order_index": 115, "time_s": 0.000966831, "encode_s": 0.000454463, "total_s": 0.001421294}, {"phase": "measured", "order_index": 117, "time_s": 0.000964548, "encode_s": 0.000453671, "total_s": 0.001418219}, {"phase": "measured", "order_index": 119, "time_s": 0.000964778, "encode_s": 0.000441403, "total_s": 0.001406181}]}, "r10-record-nonempty": {"external": false, "output_bytes": 1402, "output_sha256": "5f6877d70a973d7df0155d800ecf1afae66e208fbb206d2b36f4de0e16d0ff27", "tokens": 1337, "tokens_sha256": "55997107e53f53722b29f5e7c0ded399b994cccea673fd0f1f22abdcb1ff8048", "deterministic": true, "encode_s": 0.00043348, "errors": [], "reps": [{"phase": "warmup", "order_index": 98, "time_s": 0.000235564, "encode_s": 0.00043348, "total_s": 0.0006690439999999999}, {"phase": "measured", "order_index": 100, "time_s": 0.000234412, "encode_s": 0.000451999, "total_s": 0.000686411}, {"phase": "measured", "order_index": 102, "time_s": 0.000233701, "encode_s": 0.000437947, "total_s": 0.000671648}, {"phase": "measured", "order_index": 104, "time_s": 0.000233861, "encode_s": 0.000453861, "total_s": 0.000687722}, {"phase": "measured", "order_index": 106, "time_s": 0.000242424, "encode_s": 0.000425739, "total_s": 0.000668163}, {"phase": "measured", "order_index": 108, "time_s": 0.000249675, "encode_s": 0.000424437, "total_s": 0.0006741119999999999}, {"phase": "measured", "order_index": 110, "time_s": 0.00023371, "encode_s": 0.000422284, "total_s": 0.000655994}, {"phase": "measured", "order_index": 112, "time_s": 0.000235784, "encode_s": 0.000424928, "total_s": 0.0006607119999999999}, {"phase": "measured", "order_index": 114, "time_s": 0.00023349, "encode_s": 0.000427481, "total_s": 0.000660971}, {"phase": "measured", "order_index": 116, "time_s": 0.000234642, "encode_s": 0.000423826, "total_s": 0.0006584679999999999}, {"phase": "measured", "order_index": 118, "time_s": 0.000233581, "encode_s": 0.000431708, "total_s": 0.000665289}, {"phase": "measured", "order_index": 120, "time_s": 0.000234212, "encode_s": 0.000431497, "total_s": 0.000665709}]}}}
struct-b	Run selected fresh official gate	2026-10-07T21:15:01.1846045Z SYNTHETIC_RAW 2 r10-record-nonempty {"kind": "file", "corpus": "synthetic-transfer", "file": "table.csv", "raw_bytes": 193765, "sha256": "e773c09c5e5d585dc64330f220ca47963de24c1be3297a8161e89fca34b98a85", "methods": {"incumbent": {"external": false, "output_bytes": 65436, "output_sha256": "dcb53081688a36dad21b849906f65e985a744ef8864e9324768f44dbb485a3fc", "tokens": 39085, "tokens_sha256": "93d50fc8a84ae35d4a248c3fc06f3632d2da32348cd6896ad6f9f43ea9515f65", "deterministic": true, "encode_s": 0.00167905, "errors": [], "reps": [{"phase": "warmup", "order_index": 121, "time_s": 0.010475507, "encode_s": 0.00167905, "total_s": 0.012154557}, {"phase": "measured", "order_index": 123, "time_s": 0.010503729, "encode_s": 0.001370357, "total_s": 0.011874085999999999}, {"phase": "measured", "order_index": 125, "time_s": 0.010587255, "encode_s": 0.001390647, "total_s": 0.011977902}, {"phase": "measured", "order_index": 127, "time_s": 0.01061723, "encode_s": 0.00137837, "total_s": 0.0119956}, {"phase": "measured", "order_index": 129, "time_s": 0.01067065, "encode_s": 0.001375285, "total_s": 0.012045935}, {"phase": "measured", "order_index": 131, "time_s": 0.010714796, "encode_s": 0.001366772, "total_s": 0.012081568}, {"phase": "measured", "order_index": 133, "time_s": 0.010649989, "encode_s": 0.001395856, "total_s": 0.012045845}, {"phase": "measured", "order_index": 135, "time_s": 0.010661736, "encode_s": 0.001391449, "total_s": 0.012053185}, {"phase": "measured", "order_index": 137, "time_s": 0.010687204, "encode_s": 0.001370788, "total_s": 0.012057992}, {"phase": "measured", "order_index": 139, "time_s": 0.010645481, "encode_s": 0.001370757, "total_s": 0.012016238}, {"phase": "measured", "order_index": 141, "time_s": 0.010649368, "encode_s": 0.001530427, "total_s": 0.012179795}, {"phase": "measured", "order_index": 143, "time_s": 0.010648056, "encode_s": 0.001387923, "total_s": 0.012035978999999999}]}, "r10-record-nonempty": {"external": false, "output_bytes": 57850, "output_sha256": "5970fdf032fa2826ec474d5dd7700c4a9e6ec344c1c5e4db897dc241b6f4d951", "tokens": 65949, "tokens_sha256": "f6ddafd22bb506fa18b7468bdadb3ea9b57c9536dc8965c161c0e5f3df2c6ff8", "deterministic": true, "encode_s": 0.001451229, "errors": [], "reps": [{"phase": "warmup", "order_index": 122, "time_s": 0.011573786, "encode_s": 0.001451229, "total_s": 0.013025015000000001}, {"phase": "measured", "order_index": 124, "time_s": 0.010952913, "encode_s": 0.001395975, "total_s": 0.012348888}, {"phase": "measured", "order_index": 126, "time_s": 0.010425101, "encode_s": 0.001390267, "total_s": 0.011815368000000001}, {"phase": "measured", "order_index": 128, "time_s": 0.010407695, "encode_s": 0.00137906, "total_s": 0.011786755}, {"phase": "measured", "order_index": 130, "time_s": 0.010435677, "encode_s": 0.001371228, "total_s": 0.011806905000000001}, {"phase": "measured", "order_index": 132, "time_s": 0.010448035, "encode_s": 0.00137876, "total_s": 0.011826795}, {"phase": "measured", "order_index": 134, "time_s": 0.010394565, "encode_s": 0.001382575, "total_s": 0.01177714}, {"phase": "measured", "order_index": 136, "time_s": 0.01035102, "encode_s": 0.001386011, "total_s": 0.011737031}, {"phase": "measured", "order_index": 138, "time_s": 0.01039127, "encode_s": 0.001442585, "total_s": 0.011833854999999999}, {"phase": "measured", "order_index": 140, "time_s": 0.01077741, "encode_s": 0.001407944, "total_s": 0.012185353999999999}, {"phase": "measured", "order_index": 142, "time_s": 0.010435366, "encode_s": 0.001390678, "total_s": 0.011826043999999999}, {"phase": "measured", "order_index": 144, "time_s": 0.010435737, "encode_s": 0.001391289, "total_s": 0.011827026000000001}]}}}
struct-b	Run selected fresh official gate	2026-10-07T21:15:01.1867484Z SYNTHETIC_RAW 2 r10-record-nonempty {"kind": "file", "corpus": "synthetic-transfer", "file": "tiny-structured.txt", "raw_bytes": 15588, "sha256": "2b4701704019445efcca8272c668d8015913d54616281baf813d477623dfcdd3", "methods": {"incumbent": {"external": false, "output_bytes": 1492, "output_sha256": "f35f34fe896e5ec7c7a15e89fe5bd6eb74d866642044e5d5df10ea85bcdc674f", "tokens": 1083, "tokens_sha256": "0fa05be94e7e54cd3cede626db4ec06f61e270d22e2f35d810b14ec5a00d6dde", "deterministic": true, "encode_s": 0.00015311, "errors": [], "reps": [{"phase": "warmup", "order_index": 145, "time_s": 0.000242224, "encode_s": 0.00015311, "total_s": 0.000395334}, {"phase": "measured", "order_index": 147, "time_s": 0.000227651, "encode_s": 0.000143947, "total_s": 0.000371598}, {"phase": "measured", "order_index": 149, "time_s": 0.000241403, "encode_s": 0.000141452, "total_s": 0.000382855}, {"phase": "measured", "order_index": 151, "time_s": 0.000210536, "encode_s": 0.000150706, "total_s": 0.000361242}, {"phase": "measured", "order_index": 153, "time_s": 0.00021374, "encode_s": 0.000137296, "total_s": 0.000351036}, {"phase": "measured", "order_index": 155, "time_s": 0.000251087, "encode_s": 0.000136985, "total_s": 0.000388072}, {"phase": "measured", "order_index": 157, "time_s": 0.000218188, "encode_s": 0.000134331, "total_s": 0.00035251900000000003}, {"phase": "measured", "order_index": 159, "time_s": 0.000209725, "encode_s": 0.000135744, "total_s": 0.000345469}, {"phase": "measured", "order_index": 161, "time_s": 0.000219309, "encode_s": 0.000138578, "total_s": 0.000357887}, {"phase": "measured", "order_index": 163, "time_s": 0.000209935, "encode_s": 0.000149014, "total_s": 0.000358949}, {"phase": "measured", "order_index": 165, "time_s": 0.000210096, "encode_s": 0.000138628, "total_s": 0.000348724}, {"phase": "measured", "order_index": 167, "time_s": 0.000210085, "encode_s": 0.000134813, "total_s": 0.000344898}]}, "r10-record-nonempty": {"external": false, "output_bytes": 1318, "output_sha256": "f23d7bb1ee17a9f8aac0aeae5cbde95ded30cb302220c9f17fc3320ce87e296e", "tokens": 1226, "tokens_sha256": "7bdca15b6f33c653076cfd1ae40f2221169e10ec6cd0c1c85c9ef49978f2fb43", "deterministic": true, "encode_s": 0.000136395, "errors": [], "reps": [{"phase": "warmup", "order_index": 146, "time_s": 0.00035991, "encode_s": 0.000136395, "total_s": 0.000496305}, {"phase": "measured", "order_index": 148, "time_s": 0.000353791, "encode_s": 0.000129885, "total_s": 0.000483676}, {"phase": "measured", "order_index": 150, "time_s": 0.000348483, "encode_s": 0.000128513, "total_s": 0.00047699600000000004}, {"phase": "measured", "order_index": 152, "time_s": 0.000343506, "encode_s": 0.000128002, "total_s": 0.000471508}, {"phase": "measured", "order_index": 154, "time_s": 0.000356436, "encode_s": 0.000131737, "total_s": 0.000488173}, {"phase": "measured", "order_index": 156, "time_s": 0.000352299, "encode_s": 0.000126951, "total_s": 0.00047924999999999997}, {"phase": "measured", "order_index": 158, "time_s": 0.000340742, "encode_s": 0.000137016, "total_s": 0.000477758}, {"phase": "measured", "order_index": 160, "time_s": 0.000341552, "encode_s": 0.000126811, "total_s": 0.000468363}, {"phase": "measured", "order_index": 162, "time_s": 0.000340841, "encode_s": 0.000125979, "total_s": 0.00046681999999999995}, {"phase": "measured", "order_index": 164, "time_s": 0.000340401, "encode_s": 0.0001263, "total_s": 0.00046670100000000003}, {"phase": "measured", "order_index": 166, "time_s": 0.000353791, "encode_s": 0.00012663, "total_s": 0.000480421}, {"phase": "measured", "order_index": 168, "time_s": 0.00035271, "encode_s": 0.000125418, "total_s": 0.000478128}]}}}
struct-b	Run selected fresh official gate	2026-10-07T21:15:01.1888787Z SYNTHETIC_RAW 2 r10-record-nonempty {"kind": "file", "corpus": "synthetic-transfer", "file": "window-boundary.bin", "raw_bytes": 73735, "sha256": "3d5e223fd8ced74430c5b87ebbbe4ff9c9782c6902f9b137538dddc79f087dcc", "methods": {"incumbent": {"external": false, "output_bytes": 73933, "output_sha256": "5e456557d23dbd5249a36f224b7449a9d53075a00273d27d8ee8f397eeafb978", "tokens": 73559, "tokens_sha256": "35dd083034d7d329eefea50f23c8b2117879da70eb37280242ffd804c83eaf3b", "deterministic": true, "encode_s": 0.002574555, "errors": [], "reps": [{"phase": "warmup", "order_index": 169, "time_s": 0.000896306, "encode_s": 0.002574555, "total_s": 0.003470861}, {"phase": "measured", "order_index": 171, "time_s": 0.000897818, "encode_s": 0.002568356, "total_s": 0.003466174}, {"phase": "measured", "order_index": 173, "time_s": 0.000901293, "encode_s": 0.002567946, "total_s": 0.0034692390000000003}, {"phase": "measured", "order_index": 175, "time_s": 0.000890858, "encode_s": 0.002559833, "total_s": 0.003450691}, {"phase": "measured", "order_index": 177, "time_s": 0.000890678, "encode_s": 0.002553483, "total_s": 0.0034441610000000003}, {"phase": "measured", "order_index": 179, "time_s": 0.001080903, "encode_s": 0.003011, "total_s": 0.004091903}, {"phase": "measured", "order_index": 181, "time_s": 0.000927763, "encode_s": 0.002602237, "total_s": 0.0035299999999999997}, {"phase": "measured", "order_index": 183, "time_s": 0.000902575, "encode_s": 0.002595997, "total_s": 0.003498572}, {"phase": "measured", "order_index": 185, "time_s": 0.000904177, "encode_s": 0.002547475, "total_s": 0.003451652}, {"phase": "measured", "order_index": 187, "time_s": 0.000881453, "encode_s": 0.002569628, "total_s": 0.003451081}, {"phase": "measured", "order_index": 189, "time_s": 0.000904758, "encode_s": 0.002684851, "total_s": 0.0035896089999999997}, {"phase": "measured", "order_index": 191, "time_s": 0.000891618, "encode_s": 0.002566343, "total_s": 0.003457961}]}, "r10-record-nonempty": {"external": false, "output_bytes": 73760, "output_sha256": "7fc0f619879f4fb08483c528b61a18725bafcbfbce8f257146ac4741ba95851b", "tokens": 73735, "tokens_sha256": "8a3f0d4d337189d036871ced04356a9ba83426a905ea1c72d81f57b9d8549140", "deterministic": true, "encode_s": 0.002431651, "errors": [], "reps": [{"phase": "warmup", "order_index": 170, "time_s": 0.000461052, "encode_s": 0.002431651, "total_s": 0.002892703}, {"phase": "measured", "order_index": 172, "time_s": 0.000467131, "encode_s": 0.002430259, "total_s": 0.00289739}, {"phase": "measured", "order_index": 174, "time_s": 0.000460402, "encode_s": 0.002446633, "total_s": 0.002907035}, {"phase": "measured", "order_index": 176, "time_s": 0.000477627, "encode_s": 0.002412291, "total_s": 0.002889918}, {"phase": "measured", "order_index": 178, "time_s": 0.000469715, "encode_s": 0.002941296, "total_s": 0.003411011}, {"phase": "measured", "order_index": 180, "time_s": 0.000665219, "encode_s": 0.003622298, "total_s": 0.004287517}, {"phase": "measured", "order_index": 182, "time_s": 0.000461202, "encode_s": 0.002509398, "total_s": 0.0029706}, {"phase": "measured", "order_index": 184, "time_s": 0.000465449, "encode_s": 0.002451551, "total_s": 0.0029170000000000003}, {"phase": "measured", "order_index": 186, "time_s": 0.000469445, "encode_s": 0.002406453, "total_s": 0.002875898}, {"phase": "measured", "order_index": 188, "time_s": 0.00047345, "encode_s": 0.002427585, "total_s": 0.0029010349999999997}, {"phase": "measured", "order_index": 190, "time_s": 0.000472499, "encode_s": 0.002435887, "total_s": 0.002908386}, {"phase": "measured", "order_index": 192, "time_s": 0.000462684, "encode_s": 0.0024579, "total_s": 0.002920584}]}}}
struct-b	Run selected fresh official gate	2026-10-07T21:15:01.2208571Z ^[[32m2026-10-07 21:15:01.219^[[0m | ^[[34m^[[1mDEBUG   ^[[0m | ^[[36msandbox.bwrap^[[0m:^[[36mrun^[[0m:^[[36m110^[[0m - ^[[34m^[[1m[bwrap] rustc exit=0 in 0.0s^[[0m
struct-b	Run selected fresh official gate	2026-10-07T21:15:03.0111990Z ^[[32m2026-10-07 21:15:03.009^[[0m | ^[[34m^[[1mDEBUG   ^[[0m | ^[[36msandbox.bwrap^[[0m:^[[36mrun^[[0m:^[[36m110^[[0m - ^[[34m^[[1m[bwrap] cargo exit=0 in 1.8s^[[0m
struct-b	Run selected fresh official gate	2026-10-07T21:15:03.0113653Z ^[[32m2026-10-07 21:15:03.010^[[0m | ^[[34m^[[1mDEBUG   ^[[0m | ^[[36mbench.driver^[[0m:^[[36m_build^[[0m:^[[36m295^[[0m - ^[[34m^[[1m[bench] built incumbent in 1.8s exit=0^[[0m
struct-b	Run selected fresh official gate	2026-10-07T21:15:06.2371324Z ^[[32m2026-10-07 21:15:06.236^[[0m | ^[[34m^[[1mDEBUG   ^[[0m | ^[[36msandbox.bwrap^[[0m:^[[36mrun^[[0m:^[[36m110^[[0m - ^[[34m^[[1m[bwrap] cargo exit=0 in 3.2s^[[0m
struct-b	Run selected fresh official gate	2026-10-07T21:15:06.2372836Z ^[[32m2026-10-07 21:15:06.236^[[0m | ^[[34m^[[1mDEBUG   ^[[0m | ^[[36mbench.driver^[[0m:^[[36m_build^[[0m:^[[36m295^[[0m - ^[[34m^[[1m[bench] built r3-432-fast3 in 3.2s exit=0^[[0m
struct-b	Run selected fresh official gate	2026-10-07T21:15:06.8079663Z ^[[32m2026-10-07 21:15:06.807^[[0m | ^[[34m^[[1mDEBUG   ^[[0m | ^[[36msandbox.bwrap^[[0m:^[[36mrun^[[0m:^[[36m110^[[0m - ^[[34m^[[1m[bwrap] measure exit=0 in 0.6s^[[0m
struct-b	Run selected fresh official gate	2026-10-07T21:15:06.8083028Z ^[[32m2026-10-07 21:15:06.807^[[0m | ^[[34m^[[1mDEBUG   ^[[0m | ^[[36mbench.driver^[[0m:^[[36m_measure^[[0m:^[[36m333^[[0m - ^[[34m^[[1m[bench] measured r3-432-fast3 in 0.6s exit=0^[[0m
struct-b	Run selected fresh official gate	2026-10-07T21:15:06.8123411Z SYNTHETIC_MEASUREMENT {"candidate": "r3-432-fast3", "round": 2, "time": 0.35507473699520264, "size_pct": 36.611473427728505}
struct-b	Run selected fresh official gate	2026-10-07T21:15:06.8131673Z SYNTHETIC_RAW 2 r3-432-fast3 {"kind": "meta", "schema_version": 4, "started_at_unix": 1791407706.2511623, "corpus": "synthetic-transfer", "corpus_dir": "/home/runner/work/_temp/round4-receipts/synthetic-transfer", "os": "linux", "arch": "x86_64", "rustc_version": "rustc 1.100.0-nightly (8fa1c96cf 2026-08-17)", "cpu_model": "AMD EPYC 9V74 80-Core Processor", "cpu_governor": null, "warmup_rounds": 1, "measured_rounds": 11, "speed_floor": null, "methods": {"incumbent": {"external": false, "crate_dir": "/home/runner/work/_temp/deflate-upstream/data/bench-workspace/20261007T211501Z-c8f76e0a-guuscpg3/incumbent", "source_sha256": "b9e0d844baf5958cf0c1c66bfb9fd1f89663fa30f21a99c3c116b3dd2e771361", "lib_sha256": "141f58ceb5d68fdd9fef84fc9da46540dfd34174de8533d923ef187ae09ec57b"}, "r3-432-fast3": {"external": false, "crate_dir": "/home/runner/work/_temp/deflate-upstream/data/bench-workspace/20261007T211501Z-c8f76e0a-guuscpg3/r3-432-fast3", "source_sha256": "bae8014121e4710f4a34ce63452578b4bf69121b4f695e1b1356780a019108ef", "lib_sha256": "e3c97b3aef581e8e4a6e0f848cdd79427cdc9aa441d32c3110b73cc0508d3566"}}, "benchmark_provenance": {"version": 1, "engine_sha256": "ab202460691492f48d5c632375f5df2a74fc3769a81337e876607e9326a46fac", "template_sha256": "584b01793667c5257da4e76da919fbb3bb73c72fa434866622fe3905884d33f0", "host_sha256": "3725f12bbec145f978f61f4d54bba0122493f2233180f24ec971ac1be8efbd21", "cpus": "0", "process_affinity": [0, 1], "memory_mb": 2048, "sandbox": true, "build_profile": "release", "external_references": false}}
struct-b	Run selected fresh official gate	2026-10-07T21:15:06.8154456Z SYNTHETIC_RAW 2 r3-432-fast3 {"kind": "file", "corpus": "synthetic-transfer", "file": "multilingual.txt", "raw_bytes": 163270, "sha256": "bdd257c8c2afbd9c418ec8954e0ca3f2cedbfa5a622e9b2d5255f35647f1aecc", "methods": {"incumbent": {"external": false, "output_bytes": 9206, "output_sha256": "dd1312ec4702740b4331fb5195ee7cf1f8f1e4ebb52c5bad2ee9ac46eb142e05", "tokens": 4618, "tokens_sha256": "a6e0f107a4d317d16a1a0fe1f14d8a05d25385b4de7fa5b1409ef0de972f3b25", "deterministic": true, "encode_s": 0.000369205, "errors": [], "reps": [{"phase": "warmup", "order_index": 1, "time_s": 0.0020113, "encode_s": 0.000369205, "total_s": 0.002380505}, {"phase": "measured", "order_index": 3, "time_s": 0.001863628, "encode_s": 0.000303515, "total_s": 0.002167143}, {"phase": "measured", "order_index": 5, "time_s": 0.001838161, "encode_s": 0.000303375, "total_s": 0.002141536}, {"phase": "measured", "order_index": 7, "time_s": 0.001860534, "encode_s": 0.000296795, "total_s": 0.002157329}, {"phase": "measured", "order_index": 9, "time_s": 0.001858, "encode_s": 0.000290837, "total_s": 0.0021488370000000002}, {"phase": "measured", "order_index": 11, "time_s": 0.001856427, "encode_s": 0.000295614, "total_s": 0.002152041}, {"phase": "measured", "order_index": 13, "time_s": 0.001856287, "encode_s": 0.00029288, "total_s": 0.002149167}, {"phase": "measured", "order_index": 15, "time_s": 0.001856127, "encode_s": 0.000301713, "total_s": 0.00215784}, {"phase": "measured", "order_index": 17, "time_s": 0.001849728, "encode_s": 0.00029285, "total_s": 0.002142578}, {"phase": "measured", "order_index": 19, "time_s": 0.001857109, "encode_s": 0.000301282, "total_s": 0.002158391}, {"phase": "measured", "order_index": 21, "time_s": 0.001868045, "encode_s": 0.000293611, "total_s": 0.002161656}, {"phase": "measured", "order_index": 23, "time_s": 0.00184402, "encode_s": 0.000299159, "total_s": 0.0021431790000000003}]}, "r3-432-fast3": {"external": false, "output_bytes": 9684, "output_sha256": "a284573a2c433c69dbc0ce64c42cca6e59fe1f88b9f332af6236cb76a4cc5a89", "tokens": 5264, "tokens_sha256": "b76b372c9f2aeef288bc0b1429aeb3b3fe62fc4697f91a59072a22280df3b1fc", "deterministic": true, "encode_s": 0.00030619, "errors": [], "reps": [{"phase": "warmup", "order_index": 2, "time_s": 7.8087e-05, "encode_s": 0.00030619, "total_s": 0.00038427700000000003}, {"phase": "measured", "order_index": 4, "time_s": 7.7657e-05, "encode_s": 0.000290406, "total_s": 0.000368063}, {"phase": "measured", "order_index": 6, "time_s": 7.7486e-05, "encode_s": 0.000290717, "total_s": 0.000368203}, {"phase": "measured", "order_index": 8, "time_s": 7.7236e-05, "encode_s": 0.000298098, "total_s": 0.000375334}, {"phase": "measured", "order_index": 10, "time_s": 7.6926e-05, "encode_s": 0.000288974, "total_s": 0.0003659}, {"phase": "measured", "order_index": 12, "time_s": 7.6515e-05, "encode_s": 0.000297587, "total_s": 0.00037410199999999996}, {"phase": "measured", "order_index": 14, "time_s": 7.6565e-05, "encode_s": 0.000290176, "total_s": 0.000366741}, {"phase": "measured", "order_index": 16, "time_s": 7.6645e-05, "encode_s": 0.000289685, "total_s": 0.00036633}, {"phase": "measured", "order_index": 18, "time_s": 7.6495e-05, "encode_s": 0.00028641, "total_s": 0.000362905}, {"phase": "measured", "order_index": 20, "time_s": 7.6715e-05, "encode_s": 0.00028659, "total_s": 0.00036330499999999996}, {"phase": "measured", "order_index": 22, "time_s": 7.993e-05, "encode_s": 0.000300591, "total_s": 0.000380521}, {"phase": "measured", "order_index": 24, "time_s": 7.6836e-05, "encode_s": 0.000283776, "total_s": 0.000360612}]}}}
struct-b	Run selected fresh official gate	2026-10-07T21:15:06.8179819Z SYNTHETIC_RAW 2 r3-432-fast3 {"kind": "file", "corpus": "synthetic-transfer", "file": "random.bin", "raw_bytes": 131101, "sha256": "22c862f2c2c5fd5a072e9f74b5a056aacb9025228d040addb56dcd9bec4c09d3", "methods": {"incumbent": {"external": false, "output_bytes": 131445, "output_sha256": "deebb4fe887edb814c65fc8f8d20b733d4a395d0e32399c3c25af9b591d8dc2d", "tokens": 130620, "tokens_sha256": "5330a4dbafd88f2b8356a1db487249115b5a636a9e2bab5cf05094461ba5cbc3", "deterministic": true, "encode_s": 0.00528738, "errors": [], "reps": [{"phase": "warmup", "order_index": 25, "time_s": 0.001917319, "encode_s": 0.00528738, "total_s": 0.007204699}, {"phase": "measured", "order_index": 27, "time_s": 0.001923118, "encode_s": 0.005076724, "total_s": 0.006999842}, {"phase": "measured", "order_index": 29, "time_s": 0.001911681, "encode_s": 0.005103364, "total_s": 0.007015045}, {"phase": "measured", "order_index": 31, "time_s": 0.001960544, "encode_s": 0.005035231, "total_s": 0.006995775}, {"phase": "measured", "order_index": 33, "time_s": 0.00191169, "encode_s": 0.005031997, "total_s": 0.006943687}, {"phase": "measured", "order_index": 35, "time_s": 0.00190428, "encode_s": 0.004971626, "total_s": 0.006875905999999999}, {"phase": "measured", "order_index": 37, "time_s": 0.001896057, "encode_s": 0.00499426, "total_s": 0.006890317}, {"phase": "measured", "order_index": 39, "time_s": 0.001919463, "encode_s": 0.004990174, "total_s": 0.006909637}, {"phase": "measured", "order_index": 41, "time_s": 0.001901866, "encode_s": 0.00503381, "total_s": 0.006935676}, {"phase": "measured", "order_index": 43, "time_s": 0.001895176, "encode_s": 0.004999818, "total_s": 0.006894994}, {"phase": "measured", "order_index": 45, "time_s": 0.001888756, "encode_s": 0.005031756, "total_s": 0.006920512}, {"phase": "measured", "order_index": 47, "time_s": 0.001903388, "encode_s": 0.00503398, "total_s": 0.006937368}]}, "r3-432-fast3": {"external": false, "output_bytes": 131144, "output_sha256": "52b5974219d121f00e342319360c4c8bcac7ff2eda0365aa245dfe321fd4613b", "tokens": 131101, "tokens_sha256": "861ef26a6d151afca1053cb702d3d74a8e4ef1beae1928ecd65b6e1995a7cb99", "deterministic": true, "encode_s": 0.004761941, "errors": [], "reps": [{"phase": "warmup", "order_index": 26, "time_s": 2.3345e-05, "encode_s": 0.004761941, "total_s": 0.004785286}, {"phase": "measured", "order_index": 28, "time_s": 2.3475e-05, "encode_s": 0.00477471, "total_s": 0.004798185}, {"phase": "measured", "order_index": 30, "time_s": 2.3244e-05, "encode_s": 0.00400939, "total_s": 0.004032634}, {"phase": "measured", "order_index": 32, "time_s": 2.5879e-05, "encode_s": 0.004767129, "total_s": 0.0047930080000000005}, {"phase": "measured", "order_index": 34, "time_s": 2.3315e-05, "encode_s": 0.004866388, "total_s": 0.0048897030000000005}, {"phase": "measured", "order_index": 36, "time_s": 2.3776e-05, "encode_s": 0.004792727, "total_s": 0.004816503}, {"phase": "measured", "order_index": 38, "time_s": 2.3235e-05, "encode_s": 0.004745135, "total_s": 0.00476837}, {"phase": "measured", "order_index": 40, "time_s": 2.3305e-05, "encode_s": 0.004776122, "total_s": 0.004799427}, {"phase": "measured", "order_index": 42, "time_s": 2.2674e-05, "encode_s": 0.004788901, "total_s": 0.004811575}, {"phase": "measured", "order_index": 44, "time_s": 2.3526e-05, "encode_s": 0.004816352, "total_s": 0.004839878000000001}, {"phase": "measured", "order_index": 46, "time_s": 2.3926e-05, "encode_s": 0.004894551, "total_s": 0.004918476999999999}, {"phase": "measured", "order_index": 48, "time_s": 2.3415e-05, "encode_s": 0.004767339, "total_s": 0.0047907539999999995}]}}}
struct-b	Run selected fresh official gate	2026-10-07T21:15:06.8206117Z SYNTHETIC_RAW 2 r3-432-fast3 {"kind": "file", "corpus": "synthetic-transfer", "file": "short-log.txt", "raw_bytes": 32505, "sha256": "23ef9a1b24b2cfcd1c73f1ff1a71ab017cbcf921409f96f8839c74819d3c0b82", "methods": {"incumbent": {"external": false, "output_bytes": 4871, "output_sha256": "b801c58b86a433392a15971de32130be788d25cd6f3a91a1abda0f0a909dac25", "tokens": 3017, "tokens_sha256": "fcd4ea723eb6d0e399dc5c1cf6825e8d767f6fc45a05600bb177054b19e7eaec", "deterministic": true, "encode_s": 0.000247011, "errors": [], "reps": [{"phase": "warmup", "order_index": 49, "time_s": 0.00094527, "encode_s": 0.000247011, "total_s": 0.001192281}, {"phase": "measured", "order_index": 51, "time_s": 0.000895755, "encode_s": 0.0002196, "total_s": 0.001115355}, {"phase": "measured", "order_index": 53, "time_s": 0.000868013, "encode_s": 0.000224097, "total_s": 0.00109211}, {"phase": "measured", "order_index": 55, "time_s": 0.000888885, "encode_s": 0.00021337, "total_s": 0.001102255}, {"phase": "measured", "order_index": 57, "time_s": 0.000874673, "encode_s": 0.000221122, "total_s": 0.0010957949999999999}, {"phase": "measured", "order_index": 59, "time_s": 0.000896096, "encode_s": 0.000209445, "total_s": 0.001105541}, {"phase": "measured", "order_index": 61, "time_s": 0.000867502, "encode_s": 0.000224046, "total_s": 0.001091548}, {"phase": "measured", "order_index": 63, "time_s": 0.000893592, "encode_s": 0.000211047, "total_s": 0.001104639}, {"phase": "measured", "order_index": 65, "time_s": 0.000877999, "encode_s": 0.000210055, "total_s": 0.001088054}, {"phase": "measured", "order_index": 67, "time_s": 0.000887243, "encode_s": 0.000207421, "total_s": 0.001094664}, {"phase": "measured", "order_index": 69, "time_s": 0.000882235, "encode_s": 0.000205549, "total_s": 0.001087784}, {"phase": "measured", "order_index": 71, "time_s": 0.000891279, "encode_s": 0.000208773, "total_s": 0.001100052}]}, "r3-432-fast3": {"external": false, "output_bytes": 8277, "output_sha256": "44efccadf8af77a0163a4d6740f486246dd4c10770eb34fe7972bafa6c805687", "tokens": 12200, "tokens_sha256": "891ba096a1bfc6ebae0e33da360e53f6233e820044e96dd5cab5ca945671f382", "deterministic": true, "encode_s": 0.000237737, "errors": [], "reps": [{"phase": "warmup", "order_index": 50, "time_s": 6.9655e-05, "encode_s": 0.000237737, "total_s": 0.000307392}, {"phase": "measured", "order_index": 52, "time_s": 6.7571e-05, "encode_s": 0.000241493, "total_s": 0.00030906399999999995}, {"phase": "measured", "order_index": 54, "time_s": 6.5809e-05, "encode_s": 0.000235453, "total_s": 0.000301262}, {"phase": "measured", "order_index": 56, "time_s": 6.4877e-05, "encode_s": 0.000227612, "total_s": 0.000292489}, {"phase": "measured", "order_index": 58, "time_s": 6.4867e-05, "encode_s": 0.000229124, "total_s": 0.000293991}, {"phase": "measured", "order_index": 60, "time_s": 6.4687e-05, "encode_s": 0.000229805, "total_s": 0.000294492}, {"phase": "measured", "order_index": 62, "time_s": 6.4687e-05, "encode_s": 0.00023314, "total_s": 0.000297827}, {"phase": "measured", "order_index": 64, "time_s": 6.4116e-05, "encode_s": 0.00022643, "total_s": 0.00029054600000000003}, {"phase": "measured", "order_index": 66, "time_s": 6.4857e-05, "encode_s": 0.000237527, "total_s": 0.000302384}, {"phase": "measured", "order_index": 68, "time_s": 6.4467e-05, "encode_s": 0.000230867, "total_s": 0.000295334}, {"phase": "measured", "order_index": 70, "time_s": 6.4737e-05, "encode_s": 0.000253401, "total_s": 0.000318138}, {"phase": "measured", "order_index": 72, "time_s": 6.4747e-05, "encode_s": 0.000227731, "total_s": 0.000292478}]}}}
struct-b	Run selected fresh official gate	2026-10-07T21:15:06.8233154Z SYNTHETIC_RAW 2 r3-432-fast3 {"kind": "file", "corpus": "synthetic-transfer", "file": "source-like.txt", "raw_bytes": 220484, "sha256": "326efe91d7d1e5a11bee87388ef45c7551b1b541f17a1749d7cd5cd53c25ab66", "methods": {"incumbent": {"external": false, "output_bytes": 16650, "output_sha256": "a459035fe1f2d45221381fefc1bad509a69c3effb5a67ee57a00384072a446f5", "tokens": 7890, "tokens_sha256": "cf67564e32e855eac2759e9b433da56b133fd538e426d3f122c000aa5d009805", "deterministic": true, "encode_s": 0.000310717, "errors": [], "reps": [{"phase": "warmup", "order_index": 73, "time_s": 0.003734658, "encode_s": 0.000310717, "total_s": 0.004045375}, {"phase": "measured", "order_index": 75, "time_s": 0.003747627, "encode_s": 0.00028687, "total_s": 0.004034497}, {"phase": "measured", "order_index": 77, "time_s": 0.003739756, "encode_s": 0.00028022, "total_s": 0.004019976}, {"phase": "measured", "order_index": 79, "time_s": 0.003731914, "encode_s": 0.000276505, "total_s": 0.004008419}, {"phase": "measured", "order_index": 81, "time_s": 0.003692265, "encode_s": 0.000288914, "total_s": 0.0039811790000000005}, {"phase": "measured", "order_index": 83, "time_s": 0.00370267, "encode_s": 0.000277147, "total_s": 0.003979817}, {"phase": "measured", "order_index": 85, "time_s": 0.003732906, "encode_s": 0.000280602, "total_s": 0.004013508}, {"phase": "measured", "order_index": 87, "time_s": 0.003645444, "encode_s": 0.000281562, "total_s": 0.003927006}, {"phase": "measured", "order_index": 89, "time_s": 0.003669621, "encode_s": 0.000285569, "total_s": 0.00395519}, {"phase": "measured", "order_index": 91, "time_s": 0.003652655, "encode_s": 0.000287953, "total_s": 0.003940608}, {"phase": "measured", "order_index": 93, "time_s": 0.00364921, "encode_s": 0.000279579, "total_s": 0.003928789}, {"phase": "measured", "order_index": 95, "time_s": 0.00370265, "encode_s": 0.000284858, "total_s": 0.003987508}]}, "r3-432-fast3": {"external": false, "output_bytes": 18393, "output_sha256": "735b68c4a5747696b4ebf6c0135116a705a15f24a8c0f6be52ce706276dd0986", "tokens": 12013, "tokens_sha256": "29f01c38ee319caf136f8241dc558b245fce41198010ea49e228211ed3642be9", "deterministic": true, "encode_s": 0.000320401, "errors": [], "reps": [{"phase": "warmup", "order_index": 74, "time_s": 0.000212329, "encode_s": 0.000320401, "total_s": 0.00053273}, {"phase": "measured", "order_index": 76, "time_s": 0.000210236, "encode_s": 0.000315974, "total_s": 0.00052621}, {"phase": "measured", "order_index": 78, "time_s": 0.000217136, "encode_s": 0.000314092, "total_s": 0.0005312279999999999}, {"phase": "measured", "order_index": 80, "time_s": 0.000208684, "encode_s": 0.000324898, "total_s": 0.000533582}, {"phase": "measured", "order_index": 82, "time_s": 0.000209755, "encode_s": 0.000309234, "total_s": 0.000518989}, {"phase": "measured", "order_index": 84, "time_s": 0.000208133, "encode_s": 0.000324647, "total_s": 0.0005327800000000001}, {"phase": "measured", "order_index": 86, "time_s": 0.000208002, "encode_s": 0.000312239, "total_s": 0.0005202410000000001}, {"phase": "measured", "order_index": 88, "time_s": 0.000217807, "encode_s": 0.000311528, "total_s": 0.000529335}, {"phase": "measured", "order_index": 90, "time_s": 0.000209435, "encode_s": 0.000322174, "total_s": 0.0005316089999999999}, {"phase": "measured", "order_index": 92, "time_s": 0.000209354, "encode_s": 0.000310787, "total_s": 0.000520141}, {"phase": "measured", "order_index": 94, "time_s": 0.000208853, "encode_s": 0.000318869, "total_s": 0.000527722}, {"phase": "measured", "order_index": 96, "time_s": 0.000213921, "encode_s": 0.000307532, "total_s": 0.0005214530000000001}]}}}
struct-b	Run selected fresh official gate	2026-10-07T21:15:06.8260313Z SYNTHETIC_RAW 2 r3-432-fast3 {"kind": "file", "corpus": "synthetic-transfer", "file": "sparse.bin", "raw_bytes": 53803, "sha256": "c51b774d8aadb5b636c1463ff5a9df4fe6c326330101df1daf2e4745b07678d3", "methods": {"incumbent": {"external": false, "output_bytes": 1798, "output_sha256": "64a1ff1bc414863ad88544207256d2d9a5ba187a3a5dc2ad6425dd07405c2e2c", "tokens": 1263, "tokens_sha256": "fae120ea72c3aae525d182eab79475dc599c31ea79ce1f32050a110b01939d24", "deterministic": true, "encode_s": 0.000459561, "errors": [], "reps": [{"phase": "warmup", "order_index": 97, "time_s": 0.000973632, "encode_s": 0.000459561, "total_s": 0.001433193}, {"phase": "measured", "order_index": 99, "time_s": 0.000970397, "encode_s": 0.000449215, "total_s": 0.001419612}, {"phase": "measured", "order_index": 101, "time_s": 0.000967443, "encode_s": 0.000448754, "total_s": 0.0014161970000000001}, {"phase": "measured", "order_index": 103, "time_s": 0.000969657, "encode_s": 0.0004463, "total_s": 0.001415957}, {"phase": "measured", "order_index": 105, "time_s": 0.00097223, "encode_s": 0.000446591, "total_s": 0.001418821}, {"phase": "measured", "order_index": 107, "time_s": 0.00097215, "encode_s": 0.000454673, "total_s": 0.001426823}, {"phase": "measured", "order_index": 109, "time_s": 0.000966972, "encode_s": 0.000453791, "total_s": 0.001420763}, {"phase": "measured", "order_index": 111, "time_s": 0.000967133, "encode_s": 0.000456766, "total_s": 0.001423899}, {"phase": "measured", "order_index": 113, "time_s": 0.000967032, "encode_s": 0.000453541, "total_s": 0.001420573}, {"phase": "measured", "order_index": 115, "time_s": 0.000966781, "encode_s": 0.000456005, "total_s": 0.001422786}, {"phase": "measured", "order_index": 117, "time_s": 0.000966432, "encode_s": 0.00044634, "total_s": 0.001412772}, {"phase": "measured", "order_index": 119, "time_s": 0.000967263, "encode_s": 0.000445229, "total_s": 0.001412492}]}, "r3-432-fast3": {"external": false, "output_bytes": 2134, "output_sha256": "8acb9c34ad5e88c0e527f0a3911b99bfac744f4625124fc678d7cdbab669c714", "tokens": 3795, "tokens_sha256": "db99e2e413bed52a91e27df8b345bd15b546f6855c8d934b12febe253691eb65", "deterministic": true, "encode_s": 0.000463887, "errors": [], "reps": [{"phase": "warmup", "order_index": 98, "time_s": 1.6324e-05, "encode_s": 0.000463887, "total_s": 0.00048021100000000003}, {"phase": "measured", "order_index": 100, "time_s": 1.5783e-05, "encode_s": 0.000488894, "total_s": 0.000504677}, {"phase": "measured", "order_index": 102, "time_s": 1.5663e-05, "encode_s": 0.000463847, "total_s": 0.00047951}, {"phase": "measured", "order_index": 104, "time_s": 1.5464e-05, "encode_s": 0.00046605, "total_s": 0.00048151400000000005}, {"phase": "measured", "order_index": 106, "time_s": 1.5403e-05, "encode_s": 0.000451408, "total_s": 0.000466811}, {"phase": "measured", "order_index": 108, "time_s": 1.5423e-05, "encode_s": 0.000448053, "total_s": 0.000463476}, {"phase": "measured", "order_index": 110, "time_s": 1.5454e-05, "encode_s": 0.000447381, "total_s": 0.000462835}, {"phase": "measured", "order_index": 112, "time_s": 1.6665e-05, "encode_s": 0.000450717, "total_s": 0.000467382}, {"phase": "measured", "order_index": 114, "time_s": 1.5493e-05, "encode_s": 0.00045296, "total_s": 0.00046845299999999997}, {"phase": "measured", "order_index": 116, "time_s": 1.5243e-05, "encode_s": 0.000450086, "total_s": 0.000465329}, {"phase": "measured", "order_index": 118, "time_s": 1.5604e-05, "encode_s": 0.000459179, "total_s": 0.000474783}, {"phase": "measured", "order_index": 120, "time_s": 1.5593e-05, "encode_s": 0.000456456, "total_s": 0.000472049}]}}}
struct-b	Run selected fresh official gate	2026-10-07T21:15:06.8287341Z SYNTHETIC_RAW 2 r3-432-fast3 {"kind": "file", "corpus": "synthetic-transfer", "file": "table.csv", "raw_bytes": 193765, "sha256": "e773c09c5e5d585dc64330f220ca47963de24c1be3297a8161e89fca34b98a85", "methods": {"incumbent": {"external": false, "output_bytes": 65436, "output_sha256": "dcb53081688a36dad21b849906f65e985a744ef8864e9324768f44dbb485a3fc", "tokens": 39085, "tokens_sha256": "93d50fc8a84ae35d4a248c3fc06f3632d2da32348cd6896ad6f9f43ea9515f65", "deterministic": true, "encode_s": 0.001663658, "errors": [], "reps": [{"phase": "warmup", "order_index": 121, "time_s": 0.010597394, "encode_s": 0.001663658, "total_s": 0.012261052}, {"phase": "measured", "order_index": 123, "time_s": 0.010636392, "encode_s": 0.001379071, "total_s": 0.012015463}, {"phase": "measured", "order_index": 125, "time_s": 0.010590313, "encode_s": 0.001390217, "total_s": 0.01198053}, {"phase": "measured", "order_index": 127, "time_s": 0.010572466, "encode_s": 0.001386362, "total_s": 0.011958828000000001}, {"phase": "measured", "order_index": 129, "time_s": 0.010575531, "encode_s": 0.001376917, "total_s": 0.011952448000000001}, {"phase": "measured", "order_index": 131, "time_s": 0.010596432, "encode_s": 0.001384299, "total_s": 0.011980731}, {"phase": "measured", "order_index": 133, "time_s": 0.010567569, "encode_s": 0.001388295, "total_s": 0.011955864}, {"phase": "measured", "order_index": 135, "time_s": 0.010560578, "encode_s": 0.001390298, "total_s": 0.011950876}, {"phase": "measured", "order_index": 137, "time_s": 0.010560008, "encode_s": 0.001383908, "total_s": 0.011943915999999999}, {"phase": "measured", "order_index": 139, "time_s": 0.010551726, "encode_s": 0.001391009, "total_s": 0.011942735000000001}, {"phase": "measured", "order_index": 141, "time_s": 0.01084135, "encode_s": 0.001379952, "total_s": 0.012221302}, {"phase": "measured", "order_index": 143, "time_s": 0.010892487, "encode_s": 0.001397939, "total_s": 0.012290426}]}, "r3-432-fast3": {"external": false, "output_bytes": 66603, "output_sha256": "74aa82188e366b316c292a5804da3107ff83ff4f70e4441f20000f4fd72be71c", "tokens": 46913, "tokens_sha256": "4ac0c77b41058b22eb906f5a2b614520508f3faddd2681b64e6aea3cfb703c64", "deterministic": true, "encode_s": 0.001755346, "errors": [], "reps": [{"phase": "warmup", "order_index": 122, "time_s": 0.000788705, "encode_s": 0.001755346, "total_s": 0.0025440510000000003}, {"phase": "measured", "order_index": 124, "time_s": 0.00077221, "encode_s": 0.001646833, "total_s": 0.002419043}, {"phase": "measured", "order_index": 126, "time_s": 0.000774453, "encode_s": 0.001635255, "total_s": 0.002409708}, {"phase": "measured", "order_index": 128, "time_s": 0.000767502, "encode_s": 0.001642657, "total_s": 0.0024101590000000003}, {"phase": "measured", "order_index": 130, "time_s": 0.000775645, "encode_s": 0.001632422, "total_s": 0.002408067}, {"phase": "measured", "order_index": 132, "time_s": 0.000781904, "encode_s": 0.001643048, "total_s": 0.002424952}, {"phase": "measured", "order_index": 134, "time_s": 0.000770026, "encode_s": 0.001684259, "total_s": 0.002454285}, {"phase": "measured", "order_index": 136, "time_s": 0.000781544, "encode_s": 0.001650098, "total_s": 0.002431642}, {"phase": "measured", "order_index": 138, "time_s": 0.000773291, "encode_s": 0.001636017, "total_s": 0.0024093079999999998}, {"phase": "measured", "order_index": 140, "time_s": 0.000764318, "encode_s": 0.001641625, "total_s": 0.0024059430000000002}, {"phase": "measured", "order_index": 142, "time_s": 0.00087887, "encode_s": 0.001645591, "total_s": 0.002524461}, {"phase": "measured", "order_index": 144, "time_s": 0.000766201, "encode_s": 0.001630388, "total_s": 0.002396589}]}}}
struct-b	Run selected fresh official gate	2026-10-07T21:15:06.8309369Z SYNTHETIC_RAW 2 r3-432-fast3 {"kind": "file", "corpus": "synthetic-transfer", "file": "tiny-structured.txt", "raw_bytes": 15588, "sha256": "2b4701704019445efcca8272c668d8015913d54616281baf813d477623dfcdd3", "methods": {"incumbent": {"external": false, "output_bytes": 1492, "output_sha256": "f35f34fe896e5ec7c7a15e89fe5bd6eb74d866642044e5d5df10ea85bcdc674f", "tokens": 1083, "tokens_sha256": "0fa05be94e7e54cd3cede626db4ec06f61e270d22e2f35d810b14ec5a00d6dde", "deterministic": true, "encode_s": 0.000155023, "errors": [], "reps": [{"phase": "warmup", "order_index": 145, "time_s": 0.000217697, "encode_s": 0.000155023, "total_s": 0.00037272}, {"phase": "measured", "order_index": 147, "time_s": 0.00021984, "encode_s": 0.000145648, "total_s": 0.000365488}, {"phase": "measured", "order_index": 149, "time_s": 0.000204597, "encode_s": 0.000139129, "total_s": 0.000343726}, {"phase": "measured", "order_index": 151, "time_s": 0.000221643, "encode_s": 0.000137356, "total_s": 0.000358999}, {"phase": "measured", "order_index": 153, "time_s": 0.000211438, "encode_s": 0.000134442, "total_s": 0.00034588}, {"phase": "measured", "order_index": 155, "time_s": 0.000219559, "encode_s": 0.000133251, "total_s": 0.00035281}, {"phase": "measured", "order_index": 157, "time_s": 0.000210706, "encode_s": 0.000129514, "total_s": 0.00034022}, {"phase": "measured", "order_index": 159, "time_s": 0.000235493, "encode_s": 0.00013271, "total_s": 0.000368203}, {"phase": "measured", "order_index": 161, "time_s": 0.000209966, "encode_s": 0.000132829, "total_s": 0.000342795}, {"phase": "measured", "order_index": 163, "time_s": 0.000214011, "encode_s": 0.000134161, "total_s": 0.000348172}, {"phase": "measured", "order_index": 165, "time_s": 0.000214832, "encode_s": 0.000128774, "total_s": 0.000343606}, {"phase": "measured", "order_index": 167, "time_s": 0.00021989, "encode_s": 0.000136195, "total_s": 0.000356085}]}, "r3-432-fast3": {"external": false, "output_bytes": 2299, "output_sha256": "b0b848b0cc9f13315492e78ac8ad5091e82b05ec5dd2dec88b45f99eeaae24ba", "tokens": 2612, "tokens_sha256": "2b05eebcbbecbfa25fbffd0210603157067c17e26adf721f5c2642ef3f525cd9", "deterministic": true, "encode_s": 0.000127452, "errors": [], "reps": [{"phase": "warmup", "order_index": 146, "time_s": 2.8903e-05, "encode_s": 0.000127452, "total_s": 0.000156355}, {"phase": "measured", "order_index": 148, "time_s": 2.7271e-05, "encode_s": 0.000122925, "total_s": 0.00015019599999999998}, {"phase": "measured", "order_index": 150, "time_s": 2.5979e-05, "encode_s": 0.00011966, "total_s": 0.000145639}, {"phase": "measured", "order_index": 152, "time_s": 2.4877e-05, "encode_s": 0.000118939, "total_s": 0.000143816}, {"phase": "measured", "order_index": 154, "time_s": 2.4507e-05, "encode_s": 0.000117436, "total_s": 0.000141943}, {"phase": "measured", "order_index": 156, "time_s": 2.5939e-05, "encode_s": 0.000116024, "total_s": 0.000141963}, {"phase": "measured", "order_index": 158, "time_s": 2.5088e-05, "encode_s": 0.000115803, "total_s": 0.000140891}, {"phase": "measured", "order_index": 160, "time_s": 2.4046e-05, "encode_s": 0.000117707, "total_s": 0.000141753}, {"phase": "measured", "order_index": 162, "time_s": 2.3996e-05, "encode_s": 0.000116786, "total_s": 0.000140782}, {"phase": "measured", "order_index": 164, "time_s": 2.3986e-05, "encode_s": 0.000114302, "total_s": 0.000138288}, {"phase": "measured", "order_index": 166, "time_s": 2.3635e-05, "encode_s": 0.000113891, "total_s": 0.000137526}, {"phase": "measured", "order_index": 168, "time_s": 2.6701e-05, "encode_s": 0.000118698, "total_s": 0.000145399}]}}}
struct-b	Run selected fresh official gate	2026-10-07T21:15:06.8329190Z SYNTHETIC_RAW 2 r3-432-fast3 {"kind": "file", "corpus": "synthetic-transfer", "file": "window-boundary.bin", "raw_bytes": 73735, "sha256": "3d5e223fd8ced74430c5b87ebbbe4ff9c9782c6902f9b137538dddc79f087dcc", "methods": {"incumbent": {"external": false, "output_bytes": 73933, "output_sha256": "5e456557d23dbd5249a36f224b7449a9d53075a00273d27d8ee8f397eeafb978", "tokens": 73559, "tokens_sha256": "35dd083034d7d329eefea50f23c8b2117879da70eb37280242ffd804c83eaf3b", "deterministic": true, "encode_s": 0.003100776, "errors": [], "reps": [{"phase": "warmup", "order_index": 169, "time_s": 0.000899851, "encode_s": 0.003100776, "total_s": 0.004000627}, {"phase": "measured", "order_index": 171, "time_s": 0.000906271, "encode_s": 0.002998032, "total_s": 0.003904303}, {"phase": "measured", "order_index": 173, "time_s": 0.000887904, "encode_s": 0.003050561, "total_s": 0.0039384649999999995}, {"phase": "measured", "order_index": 175, "time_s": 0.000906651, "encode_s": 0.002995599, "total_s": 0.00390225}, {"phase": "measured", "order_index": 177, "time_s": 0.000902986, "encode_s": 0.003074216, "total_s": 0.003977202}, {"phase": "measured", "order_index": 179, "time_s": 0.000887312, "encode_s": 0.00302282, "total_s": 0.003910132}, {"phase": "measured", "order_index": 181, "time_s": 0.000894163, "encode_s": 0.003003751, "total_s": 0.0038979139999999997}, {"phase": "measured", "order_index": 183, "time_s": 0.000907784, "encode_s": 0.003017581, "total_s": 0.003925365}, {"phase": "measured", "order_index": 185, "time_s": 0.00091943, "encode_s": 0.003005894, "total_s": 0.003925324}, {"phase": "measured", "order_index": 187, "time_s": 0.000899911, "encode_s": 0.003008228, "total_s": 0.003908139}, {"phase": "measured", "order_index": 189, "time_s": 0.000902585, "encode_s": 0.003066314, "total_s": 0.003968899}, {"phase": "measured", "order_index": 191, "time_s": 0.000917989, "encode_s": 0.002999635, "total_s": 0.003917624}]}, "r3-432-fast3": {"external": false, "output_bytes": 73760, "output_sha256": "7fc0f619879f4fb08483c528b61a18725bafcbfbce8f257146ac4741ba95851b", "tokens": 73735, "tokens_sha256": "8a3f0d4d337189d036871ced04356a9ba83426a905ea1c72d81f57b9d8549140", "deterministic": true, "encode_s": 0.002480495, "errors": [], "reps": [{"phase": "warmup", "order_index": 170, "time_s": 1.7116e-05, "encode_s": 0.002480495, "total_s": 0.0024976110000000003}, {"phase": "measured", "order_index": 172, "time_s": 1.7387e-05, "encode_s": 0.002481957, "total_s": 0.0024993439999999997}, {"phase": "measured", "order_index": 174, "time_s": 1.7005e-05, "encode_s": 0.002469989, "total_s": 0.002486994}, {"phase": "measured", "order_index": 176, "time_s": 1.6795e-05, "encode_s": 0.002478402, "total_s": 0.002495197}, {"phase": "measured", "order_index": 178, "time_s": 1.6956e-05, "encode_s": 0.002464451, "total_s": 0.0024814069999999997}, {"phase": "measured", "order_index": 180, "time_s": 1.7376e-05, "encode_s": 0.002466584, "total_s": 0.00248396}, {"phase": "measured", "order_index": 182, "time_s": 1.6766e-05, "encode_s": 0.002499663, "total_s": 0.002516429}, {"phase": "measured", "order_index": 184, "time_s": 1.7396e-05, "encode_s": 0.002456429, "total_s": 0.002473825}, {"phase": "measured", "order_index": 186, "time_s": 1.7226e-05, "encode_s": 0.002481537, "total_s": 0.0024987629999999998}, {"phase": "measured", "order_index": 188, "time_s": 1.6716e-05, "encode_s": 0.002479002, "total_s": 0.002495718}, {"phase": "measured", "order_index": 190, "time_s": 1.7116e-05, "encode_s": 0.002466304, "total_s": 0.00248342}, {"phase": "measured", "order_index": 192, "time_s": 1.7447e-05, "encode_s": 0.002503489, "total_s": 0.0025209359999999997}]}}}
struct-b	Run selected fresh official gate	2026-10-07T21:15:06.8374063Z ROUND4_PHASE {"phase": "gate", "summary": [{"candidate": "r3-432-fast3", "control": true, "blocks": [1, 2], "time": 0.4289758856592738, "size_pct": 36.60213910633018, "own_anchor": {"time": 0.43787345819892, "size_pct": 36.999728556810254, "on_frontier": false, "dominating_ids": ["453"], "conditional_geometry_weight": 0, "size_gap_pp": 0}, "fixed_427": {"time": 0.435154378689561, "size_pct": 36.859371565647756, "on_frontier": true, "dominating_ids": [], "conditional_geometry_weight": 0.0008059216543922167, "size_gap_pp": 0}, "stress_1pct": {"time": 0.44225219278090927, "size_pct": 36.999728556810254, "on_frontier": false, "dominating_ids": ["453", "481"], "conditional_geometry_weight": 0, "size_gap_pp": 0.439732922335601}, "time_change_pct_vs_fast3": [0.0, 0.0], "size_change_pp_vs_fast3": 0.0, "equivalence": null}, {"candidate": "public361", "control": true, "blocks": [1, 2], "time": 1.1177508639069225, "size_pct": 33.95862675598211, "own_anchor": {"time": 1.1608686942402877, "size_pct": 34.209957755736326, "on_frontier": false, "dominating_ids": ["375"], "conditional_geometry_weight": 0, "size_gap_pp": 0.002389753302253439}, "fixed_427": {"time": 1.133849708045056, "size_pct": 34.19728114309628, "on_frontier": true, "dominating_ids": [], "conditional_geometry_weight": 0.025539420280128303, "size_gap_pp": 0}, "stress_1pct": {"time": 1.1724773811826905, "size_pct": 34.209957755736326, "on_frontier": false, "dominating_ids": ["375"], "conditional_geometry_weight": 0, "size_gap_pp": 0.002389753302253439}, "time_change_pct_vs_fast3": [161.2388813560715, 159.88579066593326], "size_change_pp_vs_fast3": -2.643512350348068, "equivalence": null}, {"candidate": "mid-shadow", "control": true, "blocks": [1, 2], "time": 1.1187235062476957, "size_pct": 33.95862675598211, "own_anchor": {"time": 1.1618819634842634, "size_pct": 34.209957755736326, "on_frontier": false, "dominating_ids": ["375"], "conditional_geometry_weight": 0, "size_gap_pp": 0.002389753302253439}, "fixed_427": {"time": 1.134836359247689, "size_pct": 34.19728114309628, "on_frontier": true, "dominating_ids": [], "conditional_geometry_weight": 0.02426199006452306, "size_gap_pp": 0}, "stress_1pct": {"time": 1.1745343394215382, "size_pct": 34.209957755736326, "on_frontier": false, "dominating_ids": ["375"], "conditional_geometry_weight": 0, "size_gap_pp": 0.002389753302253439}, "time_change_pct_vs_fast3": [161.23661886874197, 160.3417263000437], "size_change_pp_vs_fast3": -2.643512350348068, "equivalence": null}, {"candidate": "r10-record-nonempty", "control": false, "blocks": [1, 2], "time": 1.3576323287261436, "size_pct": 33.934365747942536, "own_anchor": {"time": 1.4099997636012511, "size_pct": 34.18551718968784, "on_frontier": false, "dominating_ids": ["360", "418", "422"], "conditional_geometry_weight": 0, "size_gap_pp": 0.008274726843147562}, "fixed_427": {"time": 1.3771861595151067, "size_pct": 34.172849633580135, "on_frontier": true, "dominating_ids": [], "conditional_geometry_weight": 0.011927101862942073, "size_gap_pp": 0}, "stress_1pct": {"time": 1.4254137830033136, "size_pct": 34.18551718968784, "on_frontier": false, "dominating_ids": ["360", "418", "422"], "conditional_geometry_weight": 0, "size_gap_pp": 0.008274726843147562}, "time_change_pct_vs_fast3": [217.5954676120869, 215.3679574421369], "size_change_pp_vs_fast3": -2.6677733583876417, "equivalence": {"reference": "r9-block-scalar", "public_token_and_output_equal": true, "changed_files": [], "scope": "finite public corpus only; no all-input equivalence claim"}}, {"candidate": "r9-block-scalar", "control": true, "blocks": [1, 2], "time": 1.3746018187852749, "size_pct": 33.934365747942536, "own_anchor": {"time": 1.4276437620579965, "size_pct": 34.18551718968784, "on_frontier": false, "dominating_ids": ["360", "418", "422"], "conditional_geometry_weight": 0, "size_gap_pp": 0.008274726843147562}, "fixed_427": {"time": 1.3944000592941381, "size_pct": 34.172849633580135, "on_frontier": true, "dominating_ids": [], "conditional_geometry_weight": 0.00799729235852881, "size_gap_pp": 0}, "stress_1pct": {"time": 1.4472270597898267, "size_pct": 34.18551718968784, "on_frontier": false, "dominating_ids": ["360", "418", "422"], "conditional_geometry_weight": 0, "size_gap_pp": 0.008274726843147562}, "time_change_pct_vs_fast3": [220.09083313079344, 220.78550490008], "size_change_pp_vs_fast3": -2.6677733583876417, "equivalence": null}, {"candidate": "r7-mid361-block1", "control": true, "blocks": [1, 2], "time": 1.3826881079114517, "size_pct": 33.934365747942536, "own_anchor": {"time": 1.436052813112885, "size_pct": 34.18551718968784, "on_frontier": false, "dominating_ids": ["360", "418", "422"], "conditional_geometry_weight": 0, "size_gap_pp": 0.008274726843147562}, "fixed_427": {"time": 1.4026028143632203, "size_pct": 34.172849633580135, "on_frontier": true, "dominating_ids": [], "conditional_geometry_weight": 0.0063962680387675665, "size_gap_pp": 0}, "stress_1pct": {"time": 1.4593228651949541, "size_pct": 34.18551718968784, "on_frontier": false, "dominating_ids": ["360", "417", "418", "422"], "conditional_geometry_weight": 0, "size_gap_pp": 0.019033596148446463}, "time_change_pct_vs_fast3": [221.18047711956046, 223.46660391478503], "size_change_pp_vs_fast3": -2.6677733583876417, "equivalence": null}, {"candidate": "r10-forward-delta16", "control": false, "blocks": [1, 2], "time": 1.3917872989142919, "size_pct": 33.934365747942536, "own_anchor": {"time": 1.445502405643135, "size_pct": 34.18551718968784, "on_frontier": false, "dominating_ids": ["360", "418", "422"], "conditional_geometry_weight": 0, "size_gap_pp": 0.008274726843147562}, "fixed_427": {"time": 1.411833060024543, "size_pct": 34.172849633580135, "on_frontier": true, "dominating_ids": [], "conditional_geometry_weight": 0.004803117459542066, "size_gap_pp": 0}, "stress_1pct": {"time": 1.4686658206878196, "size_pct": 34.18551718968784, "on_frontier": false, "dominating_ids": ["360", "417", "418", "422"], "conditional_geometry_weight": 0, "size_gap_pp": 0.019033596148446463}, "time_change_pct_vs_fast3": [223.3518032216471, 225.5375192385167], "size_change_pp_vs_fast3": -2.6677733583876417, "equivalence": {"reference": "r9-block-scalar", "public_token_and_output_equal": true, "changed_files": [], "scope": "finite public corpus only; no all-input equivalence claim"}}, {"candidate": "r10-finder-key6", "control": false, "blocks": [1, 2], "time": 1.4054755062681494, "size_pct": 33.931253877669945, "own_anchor": {"time": 1.45972340503404, "size_pct": 34.18238228816984, "on_frontier": false, "dominating_ids": ["360", "417", "418", "422"], "conditional_geometry_weight": 0, "size_gap_pp": 0.0158986946304438}, "fixed_427": {"time": 1.425718417140334, "size_pct": 34.169715893710226, "on_frontier": true, "dominating_ids": [], "conditional_geometry_weight": 0.004549889062244252, "size_gap_pp": 0}, "stress_1pct": {"time": 1.484613344168202, "size_pct": 34.18238228816984, "on_frontier": false, "dominating_ids": ["360", "417", "418", "422"], "conditional_geometry_weight": 0, "size_gap_pp": 0.0158986946304438}, "time_change_pct_vs_fast3": [226.19906011880065, 229.07237186371785], "size_change_pp_vs_fast3": -2.6708852286602323, "equivalence": null}, {"candidate": "r10-finder-key5", "control": false, "blocks": [1, 2], "time": 1.4403388444587628, "size_pct": 33.933824577208505, "own_anchor": {"time": 1.4959314247470163, "size_pct": 34.184972013698165, "on_frontier": false, "dominating_ids": ["296", "360", "417", "418", "422"], "conditional_geometry_weight": 0, "size_gap_pp": 0.021914762814127187}, "fixed_427": {"time": 1.4610838881995403, "size_pct": 34.172304659607214, "on_frontier": false, "dominating_ids": ["417"], "conditional_geometry_weight": 0, "size_gap_pp": 0.005821066067817071}, "stress_1pct": {"time": 1.521120175878499, "size_pct": 34.184972013698165, "on_frontier": false, "dominating_ids": ["296", "360", "417", "418", "419", "422"], "conditional_geometry_weight": 0, "size_gap_pp": 0.023973393122311393}, "time_change_pct_vs_fast3": [234.3613157485732, 237.16430350863237], "size_change_pp_vs_fast3": -2.668314529121673, "equivalence": null}, {"candidate": "public432", "control": true, "blocks": [1, 2], "time": 0.4340849910133294, "size_pct": 36.52435870548103, "own_anchor": {"time": 0.4413850574969763, "size_pct": 36.91273515631194, "on_frontier": false, "dominating_ids": ["481"], "conditional_geometry_weight": 0, "size_gap_pp": 0.35273952183728596}, "fixed_427": {"time": 0.44033706993241906, "size_pct": 36.781044539812044, "on_frontier": false, "dominating_ids": ["481"], "conditional_geometry_weight": 0, "size_gap_pp": 0.22104890533739052}, "stress_1pct": {"time": 0.4457989080719461, "size_pct": 36.91273515631194, "on_frontier": false, "dominating_ids": ["451", "456", "481"], "conditional_geometry_weight": 0, "size_gap_pp": 0.6682900958168787}, "time_change_pct_vs_fast3": [1.1428805158911315, 1.2391629847326557], "size_change_pp_vs_fast3": -0.07778040084915006, "equivalence": null}, {"candidate": "probe3", "control": true, "blocks": [1, 2], "time": 0.4596693512528737, "size_pct": 35.92083771476539, "own_anchor": {"time": 0.46614327772931885, "size_pct": 36.173282125166494, "on_frontier": false, "dominating_ids": ["434", "437", "442", "464"], "conditional_geometry_weight": 0, "size_gap_pp": 0.4163487968876325}, "fixed_427": {"time": 0.4662899189302101, "size_pct": 36.173282125166494, "on_frontier": false, "dominating_ids": ["434", "437", "442", "464"], "conditional_geometry_weight": 0, "size_gap_pp": 0.4163487968876325}, "stress_1pct": {"time": 0.47080471050661205, "size_pct": 36.173282125166494, "on_frontier": false, "dominating_ids": ["434", "437", "442", "464"], "conditional_geometry_weight": 0, "size_gap_pp": 0.4163487968876325}, "time_change_pct_vs_fast3": [7.128095058770345, 7.1820409952976005], "size_change_pp_vs_fast3": -0.6813013915647872, "equivalence": null}], "gates": {"r10-record-nonempty": {"candidates": ["submission"], "raw_bytes": 15930000, "methods": {"submission": {"output_bytes": 4882102, "parse_s": 0.738563343, "total_s": 0.9154261170000003, "slowdown": 1.4204107653637277}, "incumbent": {"output_bytes": 5130834, "parse_s": 0.4739060350000001, "total_s": 0.64447985}}, "corpora": ["corpus-stage1"], "accepted": true}}, "failures": []}
struct-b	Publish final evidence without toolchains or binaries	﻿2026-10-07T21:15:06.8540776Z ##[group]Run actions/upload-artifact@ea165f8d65b6e75b540449e92b4886f43607fa02
struct-b	Publish final evidence without toolchains or binaries	2026-10-07T21:15:06.8541314Z with:
struct-b	Publish final evidence without toolchains or binaries	2026-10-07T21:15:06.8541579Z   name: r10-37684506856-struct-b-gate
struct-b	Publish final evidence without toolchains or binaries	2026-10-07T21:15:06.8541997Z   path: /home/runner/work/_temp/round4-receipts/
struct-b	Publish final evidence without toolchains or binaries	2026-10-07T21:15:06.8542377Z   retention-days: 1
struct-b	Publish final evidence without toolchains or binaries	2026-10-07T21:15:06.8542667Z   compression-level: 9
struct-b	Publish final evidence without toolchains or binaries	2026-10-07T21:15:06.8542975Z   if-no-files-found: ignore
struct-b	Publish final evidence without toolchains or binaries	2026-10-07T21:15:06.8543276Z   overwrite: false
struct-b	Publish final evidence without toolchains or binaries	2026-10-07T21:15:06.8543555Z   include-hidden-files: false
struct-b	Publish final evidence without toolchains or binaries	2026-10-07T21:15:06.8543862Z env:
struct-b	Publish final evidence without toolchains or binaries	2026-10-07T21:15:06.8544099Z   ROUND4_SPEC: struct-b
struct-b	Publish final evidence without toolchains or binaries	2026-10-07T21:15:06.8544393Z   ROUND4_SPEC_DIR: evidence/round10
struct-b	Publish final evidence without toolchains or binaries	2026-10-07T21:15:06.8544848Z   DEFLATE_ROOT: /home/runner/work/_temp/deflate-upstream
struct-b	Publish final evidence without toolchains or binaries	2026-10-07T21:15:06.8545184Z   ELAN_HOME: /home/runner/work/_temp/deflate-upstream/validator/.work/elan
struct-b	Publish final evidence without toolchains or binaries	2026-10-07T21:15:06.8545749Z   XDG_CACHE_HOME: /home/runner/work/_temp/deflate-cache
struct-b	Publish final evidence without toolchains or binaries	2026-10-07T21:15:06.8546049Z   UV_CACHE_DIR: /home/runner/work/_temp/deflate-cache/uv
struct-b	Publish final evidence without toolchains or binaries	2026-10-07T21:15:06.8546333Z   XDG_RUNTIME_DIR: /run/user/1001
struct-b	Publish final evidence without toolchains or binaries	2026-10-07T21:15:06.8546639Z   DBUS_SESSION_BUS_ADDRESS: unix:path=/run/user/1001/bus
struct-b	Publish final evidence without toolchains or binaries	2026-10-07T21:15:06.8547030Z   VERIFY_CORPUS: corpus-stage1
struct-b	Publish final evidence without toolchains or binaries	2026-10-07T21:15:06.8547348Z   VERIFY_SANDBOX: bwrap
struct-b	Publish final evidence without toolchains or binaries	2026-10-07T21:15:06.8547637Z   GIT_TERMINAL_PROMPT: 0
struct-b	Publish final evidence without toolchains or binaries	2026-10-07T21:15:06.8547923Z ##[endgroup]
struct-b	Publish final evidence without toolchains or binaries	2026-10-07T21:15:07.0426637Z (node:8181) [DEP0040] DeprecationWarning: The `punycode` module is deprecated. Please use a userland alternative instead.
struct-b	Publish final evidence without toolchains or binaries	2026-10-07T21:15:07.0437553Z (Use `node --trace-deprecation ...` to show where the warning was created)
struct-b	Publish final evidence without toolchains or binaries	2026-10-07T21:15:07.0792990Z With the provided path, there will be 54 files uploaded
struct-b	Publish final evidence without toolchains or binaries	2026-10-07T21:15:07.0793480Z Artifact name is valid!
struct-b	Publish final evidence without toolchains or binaries	2026-10-07T21:15:07.0793673Z Root directory input is valid!
struct-b	Publish final evidence without toolchains or binaries	2026-10-07T21:15:07.2533752Z Beginning upload of artifact content to blob storage
struct-b	Publish final evidence without toolchains or binaries	2026-10-07T21:15:07.5916629Z (node:8181) [DEP0169] DeprecationWarning: `url.parse()` behavior is not standardized and prone to errors that have security implications. Use the WHATWG URL API instead. CVEs are not issued for `url.parse()` vulnerabilities.
struct-b	Publish final evidence without toolchains or binaries	2026-10-07T21:15:07.7428123Z Uploaded bytes 1042512
struct-b	Publish final evidence without toolchains or binaries	2026-10-07T21:15:07.7631115Z Finished uploading artifact content to blob storage!
struct-b	Publish final evidence without toolchains or binaries	2026-10-07T21:15:07.7632148Z SHA256 digest of uploaded artifact zip is 2de2a357bb021844a49a6f93e06bbbefeeb3013364627b3f3477e63dd2221b15
struct-b	Publish final evidence without toolchains or binaries	2026-10-07T21:15:07.7632988Z Finalizing artifact upload
struct-b	Publish final evidence without toolchains or binaries	2026-10-07T21:15:07.9866710Z Artifact r10-37684506856-struct-b-gate.zip successfully finalized. Artifact ID 11512282112
struct-b	Publish final evidence without toolchains or binaries	2026-10-07T21:15:07.9868053Z Artifact r10-37684506856-struct-b-gate has been successfully uploaded! Final size is 1042512 bytes. Artifact ID is 11512282112
struct-b	Publish final evidence without toolchains or binaries	2026-10-07T21:15:07.9870216Z Artifact download URL: https://github.com/HuanHuanHuanFFF/Miner/actions/runs/37684506856/artifacts/11512282112
struct-b	Post Run actions/checkout@11d5960a326750d5838078e36cf38b85af677262	﻿2026-10-07T21:15:08.0081645Z Post job cleanup.
struct-b	Post Run actions/checkout@11d5960a326750d5838078e36cf38b85af677262	2026-10-07T21:15:08.0903977Z [command]/usr/bin/git version
struct-b	Post Run actions/checkout@11d5960a326750d5838078e36cf38b85af677262	2026-10-07T21:15:08.0977131Z git version 2.55.0
struct-b	Post Run actions/checkout@11d5960a326750d5838078e36cf38b85af677262	2026-10-07T21:15:08.1012032Z Temporarily overriding HOME='/home/runner/work/_temp/bd7a176e-ec4e-47fc-b7fc-43cbd1fbb429' before making global git config changes
struct-b	Post Run actions/checkout@11d5960a326750d5838078e36cf38b85af677262	2026-10-07T21:15:08.1013175Z Adding repository directory to the temporary git global config as a safe directory
struct-b	Post Run actions/checkout@11d5960a326750d5838078e36cf38b85af677262	2026-10-07T21:15:08.1024533Z [command]/usr/bin/git config --global --add safe.directory /home/runner/work/Miner/Miner
struct-b	Post Run actions/checkout@11d5960a326750d5838078e36cf38b85af677262	2026-10-07T21:15:08.1075863Z [command]/usr/bin/git config --local --name-only --get-regexp core\.sshCommand
struct-b	Post Run actions/checkout@11d5960a326750d5838078e36cf38b85af677262	2026-10-07T21:15:08.1128037Z [command]/usr/bin/git submodule foreach --recursive sh -c "git config --local --name-only --get-regexp 'core\.sshCommand' && git config --local --unset-all 'core.sshCommand' || :"
struct-b	Post Run actions/checkout@11d5960a326750d5838078e36cf38b85af677262	2026-10-07T21:15:08.1496298Z [command]/usr/bin/git config --local --name-only --get-regexp http\.https\:\/\/github\.com\/\.extraheader
struct-b	Post Run actions/checkout@11d5960a326750d5838078e36cf38b85af677262	2026-10-07T21:15:08.1563325Z [command]/usr/bin/git submodule foreach --recursive sh -c "git config --local --name-only --get-regexp 'http\.https\:\/\/github\.com\/\.extraheader' && git config --local --unset-all 'http.https://github.com/.extraheader' || :"
struct-b	Post Run actions/checkout@11d5960a326750d5838078e36cf38b85af677262	2026-10-07T21:15:08.1873199Z [command]/usr/bin/git config --local --name-only --get-regexp ^includeIf\.gitdir:
struct-b	Post Run actions/checkout@11d5960a326750d5838078e36cf38b85af677262	2026-10-07T21:15:08.1965157Z [command]/usr/bin/git submodule foreach --recursive git config --local --show-origin --name-only --get-regexp remote.origin.url
struct-b	Complete job	﻿2026-10-07T21:15:08.2426962Z Cleaning up orphan processes
struct-b	Complete job	2026-10-07T21:15:08.2861743Z ##[warning]Node.js 20 is deprecated. The following actions target Node.js 20 but are being forced to run on Node.js 24: actions/checkout@11d5960a326750d5838078e36cf38b85af677262, actions/upload-artifact@ea165f8d65b6e75b540449e92b4886f43607fa02. For more information see: https://github.blog/changelog/2025-09-19-deprecation-of-node-20-on-github-actions-runners/
