warning: `cargo miri setup` failed for target `x86_64-unknown-linux-gnu`; falling back to rustc's default sysroot: error: 'cargo-miri' is not installed for the toolchain 'nightly-2026-08-18-x86_64-unknown-linux-gnu'.
help: run `rustup component add --toolchain nightly-2026-08-18-x86_64-unknown-linux-gnu miri` to install it
warning: type `Y_B_Params` should have an upper camel case name
    --> /home/runner/work/_temp/deflate-upstream/data/verification-workspace/verify-t2srlpi6/slot/generated/parse.rs:1937:12
     |
1937 | pub struct Y_B_Params {
     |            ^^^^^^^^^^ help: convert the identifier to upper camel case: `YBParams`
     |
     = note: `#[warn(non_camel_case_types)]` (part of `#[warn(nonstandard_style)]`) on by default

warning: type `U118_Y_B_Params` should have an upper camel case name
    --> /home/runner/work/_temp/deflate-upstream/data/verification-workspace/verify-t2srlpi6/slot/generated/parse.rs:4998:12
     |
4998 | pub struct U118_Y_B_Params {
     |            ^^^^^^^^^^^^^^^ help: convert the identifier to upper camel case: `U118YBParams`

warning: unused variable: `olen`
    --> /home/runner/work/_temp/deflate-upstream/data/verification-workspace/verify-t2srlpi6/slot/generated/parse.rs:1592:13
     |
1592 |         let olen = out.len();
     |             ^^^^ help: if this is intentional, prefix it with an underscore: `_olen`
     |
     = note: `#[warn(unused_variables)]` (part of `#[warn(unused)]`) on by default

warning: unused variable: `olen`
    --> /home/runner/work/_temp/deflate-upstream/data/verification-workspace/verify-t2srlpi6/slot/generated/parse.rs:1593:13
     |
1593 |         let olen = out.len();
     |             ^^^^ help: if this is intentional, prefix it with an underscore: `_olen`

warning: unused variable: `olen`
    --> /home/runner/work/_temp/deflate-upstream/data/verification-workspace/verify-t2srlpi6/slot/generated/parse.rs:1594:13
     |
1594 |         let olen = out.len();
     |             ^^^^ help: if this is intentional, prefix it with an underscore: `_olen`

warning: unused variable: `olen`
    --> /home/runner/work/_temp/deflate-upstream/data/verification-workspace/verify-t2srlpi6/slot/generated/parse.rs:1700:13
     |
1700 |         let olen = out.len();
     |             ^^^^ help: if this is intentional, prefix it with an underscore: `_olen`

warning: unused variable: `olen`
    --> /home/runner/work/_temp/deflate-upstream/data/verification-workspace/verify-t2srlpi6/slot/generated/parse.rs:1701:13
     |
1701 |         let olen = out.len();
     |             ^^^^ help: if this is intentional, prefix it with an underscore: `_olen`

warning: unused variable: `olen`
    --> /home/runner/work/_temp/deflate-upstream/data/verification-workspace/verify-t2srlpi6/slot/generated/parse.rs:1702:13
     |
1702 |         let olen = out.len();
     |             ^^^^ help: if this is intentional, prefix it with an underscore: `_olen`

warning: constant `u118_HB` should have an upper case name
    --> /home/runner/work/_temp/deflate-upstream/data/verification-workspace/verify-t2srlpi6/slot/generated/parse.rs:3555:11
     |
3555 | pub const u118_HB: u32 = 16;
     |           ^^^^^^^ help: convert the identifier to upper case (notice the capitalization): `U118_HB`
     |
     = note: `#[warn(non_upper_case_globals)]` (part of `#[warn(nonstandard_style)]`) on by default

warning: constant `u118_HN` should have an upper case name
    --> /home/runner/work/_temp/deflate-upstream/data/verification-workspace/verify-t2srlpi6/slot/generated/parse.rs:3556:11
     |
3556 | pub const u118_HN: usize = 65536;
     |           ^^^^^^^ help: convert the identifier to upper case (notice the capitalization): `U118_HN`

warning: constant `u118_WN` should have an upper case name
    --> /home/runner/work/_temp/deflate-upstream/data/verification-workspace/verify-t2srlpi6/slot/generated/parse.rs:3557:11
     |
3557 | pub const u118_WN: usize = 32768;
     |           ^^^^^^^ help: convert the identifier to upper case (notice the capitalization): `U118_WN`

warning: constant `u118_SMALL` should have an upper case name
    --> /home/runner/work/_temp/deflate-upstream/data/verification-workspace/verify-t2srlpi6/slot/generated/parse.rs:3559:11
     |
3559 | pub const u118_SMALL: usize = 65536;
     |           ^^^^^^^^^^ help: convert the identifier to upper case (notice the capitalization): `U118_SMALL`

warning: constant `u118_HS` should have an upper case name
    --> /home/runner/work/_temp/deflate-upstream/data/verification-workspace/verify-t2srlpi6/slot/generated/parse.rs:3560:11
     |
3560 | pub const u118_HS: usize = 8192;
     |           ^^^^^^^ help: convert the identifier to upper case (notice the capitalization): `U118_HS`

warning: constant `u118_WS` should have an upper case name
    --> /home/runner/work/_temp/deflate-upstream/data/verification-workspace/verify-t2srlpi6/slot/generated/parse.rs:3561:11
     |
3561 | pub const u118_WS: usize = 16384;
     |           ^^^^^^^ help: convert the identifier to upper case (notice the capitalization): `U118_WS`

warning: constant `u118_NICE` should have an upper case name
    --> /home/runner/work/_temp/deflate-upstream/data/verification-workspace/verify-t2srlpi6/slot/generated/parse.rs:3562:11
     |
3562 | pub const u118_NICE: usize = 128;
     |           ^^^^^^^^^ help: convert the identifier to upper case (notice the capitalization): `U118_NICE`

warning: constant `u118_INS_MAX` should have an upper case name
    --> /home/runner/work/_temp/deflate-upstream/data/verification-workspace/verify-t2srlpi6/slot/generated/parse.rs:3563:11
     |
3563 | pub const u118_INS_MAX: usize = 16;
     |           ^^^^^^^^^^^^ help: convert the identifier to upper case (notice the capitalization): `U118_INS_MAX`

warning: constant `u118_TAIL` should have an upper case name
    --> /home/runner/work/_temp/deflate-upstream/data/verification-workspace/verify-t2srlpi6/slot/generated/parse.rs:3564:11
     |
3564 | pub const u118_TAIL: usize = 4;
     |           ^^^^^^^^^ help: convert the identifier to upper case (notice the capitalization): `U118_TAIL`

warning: constant `u118_STRIDE` should have an upper case name
    --> /home/runner/work/_temp/deflate-upstream/data/verification-workspace/verify-t2srlpi6/slot/generated/parse.rs:3567:11
     |
3567 | pub const u118_STRIDE: usize = 4;
     |           ^^^^^^^^^^^ help: convert the identifier to upper case (notice the capitalization): `U118_STRIDE`

warning: constant `u118_BACKTOK` should have an upper case name
    --> /home/runner/work/_temp/deflate-upstream/data/verification-workspace/verify-t2srlpi6/slot/generated/parse.rs:3568:11
     |
3568 | pub const u118_BACKTOK: usize = 16;
     |           ^^^^^^^^^^^^ help: convert the identifier to upper case (notice the capitalization): `U118_BACKTOK`

warning: constant `u118_LDEPTH` should have an upper case name
    --> /home/runner/work/_temp/deflate-upstream/data/verification-workspace/verify-t2srlpi6/slot/generated/parse.rs:3569:11
     |
3569 | pub const u118_LDEPTH: usize = 1;
     |           ^^^^^^^^^^^ help: convert the identifier to upper case (notice the capitalization): `U118_LDEPTH`

warning: constant `u118_SAMPLE` should have an upper case name
    --> /home/runner/work/_temp/deflate-upstream/data/verification-workspace/verify-t2srlpi6/slot/generated/parse.rs:3570:11
     |
3570 | pub const u118_SAMPLE: usize = 2048;
     |           ^^^^^^^^^^^ help: convert the identifier to upper case (notice the capitalization): `U118_SAMPLE`

warning: constant `u118_VERIFY` should have an upper case name
    --> /home/runner/work/_temp/deflate-upstream/data/verification-workspace/verify-t2srlpi6/slot/generated/parse.rs:3571:11
     |
3571 | pub const u118_VERIFY: usize = 0;
     |           ^^^^^^^^^^^ help: convert the identifier to upper case (notice the capitalization): `U118_VERIFY`

warning: constant `u118_LSLACK` should have an upper case name
    --> /home/runner/work/_temp/deflate-upstream/data/verification-workspace/verify-t2srlpi6/slot/generated/parse.rs:3575:11
     |
3575 | pub const u118_LSLACK: usize = 1;
     |           ^^^^^^^^^^^ help: convert the identifier to upper case (notice the capitalization): `U118_LSLACK`

warning: constant `u118_HLIT` should have an upper case name
    --> /home/runner/work/_temp/deflate-upstream/data/verification-workspace/verify-t2srlpi6/slot/generated/parse.rs:3576:11
     |
3576 | pub const u118_HLIT: u32 = 64;
     |           ^^^^^^^^^ help: convert the identifier to upper case (notice the capitalization): `U118_HLIT`

warning: constant `u118_B_HLIT` should have an upper case name
    --> /home/runner/work/_temp/deflate-upstream/data/verification-workspace/verify-t2srlpi6/slot/generated/parse.rs:3578:11
     |
3578 | pub const u118_B_HLIT: u32 = 64;
     |           ^^^^^^^^^^^ help: convert the identifier to upper case (notice the capitalization): `U118_B_HLIT`

warning: constant `u118_GBASE` should have an upper case name
    --> /home/runner/work/_temp/deflate-upstream/data/verification-workspace/verify-t2srlpi6/slot/generated/parse.rs:3579:11
     |
3579 | pub const u118_GBASE: i32 = 168;
     |           ^^^^^^^^^^ help: convert the identifier to upper case (notice the capitalization): `U118_GBASE`

warning: constant `u118_T_DEPTH` should have an upper case name
    --> /home/runner/work/_temp/deflate-upstream/data/verification-workspace/verify-t2srlpi6/slot/generated/parse.rs:3583:11
     |
3583 | pub const u118_T_DEPTH: usize = 4;
     |           ^^^^^^^^^^^^ help: convert the identifier to upper case (notice the capitalization): `U118_T_DEPTH`

warning: constant `u118_T_LAZY` should have an upper case name
    --> /home/runner/work/_temp/deflate-upstream/data/verification-workspace/verify-t2srlpi6/slot/generated/parse.rs:3584:11
     |
3584 | pub const u118_T_LAZY: usize = 128;
     |           ^^^^^^^^^^^ help: convert the identifier to upper case (notice the capitalization): `U118_T_LAZY`

warning: constant `u118_T_SKIP` should have an upper case name
    --> /home/runner/work/_temp/deflate-upstream/data/verification-workspace/verify-t2srlpi6/slot/generated/parse.rs:3585:11
     |
3585 | pub const u118_T_SKIP: usize = 5;
     |           ^^^^^^^^^^^ help: convert the identifier to upper case (notice the capitalization): `U118_T_SKIP`

warning: constant `u118_P_DEPTH` should have an upper case name
    --> /home/runner/work/_temp/deflate-upstream/data/verification-workspace/verify-t2srlpi6/slot/generated/parse.rs:3586:11
     |
3586 | pub const u118_P_DEPTH: usize = 8;
     |           ^^^^^^^^^^^^ help: convert the identifier to upper case (notice the capitalization): `U118_P_DEPTH`

warning: constant `u118_P_LAZY` should have an upper case name
    --> /home/runner/work/_temp/deflate-upstream/data/verification-workspace/verify-t2srlpi6/slot/generated/parse.rs:3587:11
     |
3587 | pub const u118_P_LAZY: usize = 258;
     |           ^^^^^^^^^^^ help: convert the identifier to upper case (notice the capitalization): `U118_P_LAZY`

warning: constant `u118_P_SKIP` should have an upper case name
    --> /home/runner/work/_temp/deflate-upstream/data/verification-workspace/verify-t2srlpi6/slot/generated/parse.rs:3588:11
     |
3588 | pub const u118_P_SKIP: usize = 5;
     |           ^^^^^^^^^^^ help: convert the identifier to upper case (notice the capitalization): `U118_P_SKIP`

warning: constant `u118_H_DEPTH` should have an upper case name
    --> /home/runner/work/_temp/deflate-upstream/data/verification-workspace/verify-t2srlpi6/slot/generated/parse.rs:3589:11
     |
3589 | pub const u118_H_DEPTH: usize = 1;
     |           ^^^^^^^^^^^^ help: convert the identifier to upper case (notice the capitalization): `U118_H_DEPTH`

warning: constant `u118_H_LAZY` should have an upper case name
    --> /home/runner/work/_temp/deflate-upstream/data/verification-workspace/verify-t2srlpi6/slot/generated/parse.rs:3590:11
     |
3590 | pub const u118_H_LAZY: usize = 0;
     |           ^^^^^^^^^^^ help: convert the identifier to upper case (notice the capitalization): `U118_H_LAZY`

warning: constant `u118_H_SKIP` should have an upper case name
    --> /home/runner/work/_temp/deflate-upstream/data/verification-workspace/verify-t2srlpi6/slot/generated/parse.rs:3591:11
     |
3591 | pub const u118_H_SKIP: usize = 2;
     |           ^^^^^^^^^^^ help: convert the identifier to upper case (notice the capitalization): `U118_H_SKIP`

warning: constant `u118_Z_DEPTH` should have an upper case name
    --> /home/runner/work/_temp/deflate-upstream/data/verification-workspace/verify-t2srlpi6/slot/generated/parse.rs:3592:11
     |
3592 | pub const u118_Z_DEPTH: usize = 3;
     |           ^^^^^^^^^^^^ help: convert the identifier to upper case (notice the capitalization): `U118_Z_DEPTH`

warning: constant `u118_Z_SKIP` should have an upper case name
    --> /home/runner/work/_temp/deflate-upstream/data/verification-workspace/verify-t2srlpi6/slot/generated/parse.rs:3593:11
     |
3593 | pub const u118_Z_SKIP: usize = 6;
     |           ^^^^^^^^^^^ help: convert the identifier to upper case (notice the capitalization): `U118_Z_SKIP`

warning: constant `u118_Z_CAP` should have an upper case name
    --> /home/runner/work/_temp/deflate-upstream/data/verification-workspace/verify-t2srlpi6/slot/generated/parse.rs:3594:11
     |
3594 | pub const u118_Z_CAP: usize = 8;
     |           ^^^^^^^^^^ help: convert the identifier to upper case (notice the capitalization): `U118_Z_CAP`

warning: constant `u118_B_DEPTH` should have an upper case name
    --> /home/runner/work/_temp/deflate-upstream/data/verification-workspace/verify-t2srlpi6/slot/generated/parse.rs:3595:11
     |
3595 | pub const u118_B_DEPTH: usize = 4;
     |           ^^^^^^^^^^^^ help: convert the identifier to upper case (notice the capitalization): `U118_B_DEPTH`

warning: constant `u118_B_LAZY` should have an upper case name
    --> /home/runner/work/_temp/deflate-upstream/data/verification-workspace/verify-t2srlpi6/slot/generated/parse.rs:3596:11
     |
3596 | pub const u118_B_LAZY: usize = 258;
     |           ^^^^^^^^^^^ help: convert the identifier to upper case (notice the capitalization): `U118_B_LAZY`

warning: constant `u118_B_SKIP` should have an upper case name
    --> /home/runner/work/_temp/deflate-upstream/data/verification-workspace/verify-t2srlpi6/slot/generated/parse.rs:3597:11
     |
3597 | pub const u118_B_SKIP: usize = 8;
     |           ^^^^^^^^^^^ help: convert the identifier to upper case (notice the capitalization): `U118_B_SKIP`

warning: constant `u118_SDIG` should have an upper case name
    --> /home/runner/work/_temp/deflate-upstream/data/verification-workspace/verify-t2srlpi6/slot/generated/parse.rs:3600:11
     |
3600 | pub const u118_SDIG: u32 = 6;
     |           ^^^^^^^^^ help: convert the identifier to upper case (notice the capitalization): `U118_SDIG`

warning: constant `u118_S_DEPTH` should have an upper case name
    --> /home/runner/work/_temp/deflate-upstream/data/verification-workspace/verify-t2srlpi6/slot/generated/parse.rs:3601:11
     |
3601 | pub const u118_S_DEPTH: usize = 1;
     |           ^^^^^^^^^^^^ help: convert the identifier to upper case (notice the capitalization): `U118_S_DEPTH`

warning: constant `u118_S_LDEPTH` should have an upper case name
    --> /home/runner/work/_temp/deflate-upstream/data/verification-workspace/verify-t2srlpi6/slot/generated/parse.rs:3602:11
     |
3602 | pub const u118_S_LDEPTH: usize = 3;
     |           ^^^^^^^^^^^^^ help: convert the identifier to upper case (notice the capitalization): `U118_S_LDEPTH`

warning: constant `u118_S_LAZY` should have an upper case name
    --> /home/runner/work/_temp/deflate-upstream/data/verification-workspace/verify-t2srlpi6/slot/generated/parse.rs:3603:11
     |
3603 | pub const u118_S_LAZY: usize = 258;
     |           ^^^^^^^^^^^ help: convert the identifier to upper case (notice the capitalization): `U118_S_LAZY`

warning: constant `u118_SKCAP` should have an upper case name
    --> /home/runner/work/_temp/deflate-upstream/data/verification-workspace/verify-t2srlpi6/slot/generated/parse.rs:3605:11
     |
3605 | pub const u118_SKCAP: usize = 1000000;
     |           ^^^^^^^^^^ help: convert the identifier to upper case (notice the capitalization): `U118_SKCAP`

warning: constant `u118_P_NICE` should have an upper case name
    --> /home/runner/work/_temp/deflate-upstream/data/verification-workspace/verify-t2srlpi6/slot/generated/parse.rs:3608:11
     |
3608 | pub const u118_P_NICE: usize = 258;
     |           ^^^^^^^^^^^ help: convert the identifier to upper case (notice the capitalization): `U118_P_NICE`

warning: constant `u118_S_NICE` should have an upper case name
    --> /home/runner/work/_temp/deflate-upstream/data/verification-workspace/verify-t2srlpi6/slot/generated/parse.rs:3609:11
     |
3609 | pub const u118_S_NICE: usize = 258;
     |           ^^^^^^^^^^^ help: convert the identifier to upper case (notice the capitalization): `U118_S_NICE`

warning: constant `u118_H_NICE` should have an upper case name
    --> /home/runner/work/_temp/deflate-upstream/data/verification-workspace/verify-t2srlpi6/slot/generated/parse.rs:3610:11
     |
3610 | pub const u118_H_NICE: usize = 32;
     |           ^^^^^^^^^^^ help: convert the identifier to upper case (notice the capitalization): `U118_H_NICE`

warning: constant `u118_Z_NICE` should have an upper case name
    --> /home/runner/work/_temp/deflate-upstream/data/verification-workspace/verify-t2srlpi6/slot/generated/parse.rs:3611:11
     |
3611 | pub const u118_Z_NICE: usize = 32;
     |           ^^^^^^^^^^^ help: convert the identifier to upper case (notice the capitalization): `U118_Z_NICE`

warning: constant `u118_B_NICE` should have an upper case name
    --> /home/runner/work/_temp/deflate-upstream/data/verification-workspace/verify-t2srlpi6/slot/generated/parse.rs:3612:11
     |
3612 | pub const u118_B_NICE: usize = 258;
     |           ^^^^^^^^^^^ help: convert the identifier to upper case (notice the capitalization): `U118_B_NICE`

warning: constant `u118_P_LDEPTH` should have an upper case name
    --> /home/runner/work/_temp/deflate-upstream/data/verification-workspace/verify-t2srlpi6/slot/generated/parse.rs:3613:11
     |
3613 | pub const u118_P_LDEPTH: usize = 1;
     |           ^^^^^^^^^^^^^ help: convert the identifier to upper case (notice the capitalization): `U118_P_LDEPTH`

warning: constant `u118_H_LDEPTH` should have an upper case name
    --> /home/runner/work/_temp/deflate-upstream/data/verification-workspace/verify-t2srlpi6/slot/generated/parse.rs:3614:11
     |
3614 | pub const u118_H_LDEPTH: usize = 1;
     |           ^^^^^^^^^^^^^ help: convert the identifier to upper case (notice the capitalization): `U118_H_LDEPTH`

warning: constant `u118_B_LDEPTH` should have an upper case name
    --> /home/runner/work/_temp/deflate-upstream/data/verification-workspace/verify-t2srlpi6/slot/generated/parse.rs:3615:11
     |
3615 | pub const u118_B_LDEPTH: usize = 2;
     |           ^^^^^^^^^^^^^ help: convert the identifier to upper case (notice the capitalization): `U118_B_LDEPTH`

warning: constant `u118_P_INS` should have an upper case name
    --> /home/runner/work/_temp/deflate-upstream/data/verification-workspace/verify-t2srlpi6/slot/generated/parse.rs:3616:11
     |
3616 | pub const u118_P_INS: usize = 258;
     |           ^^^^^^^^^^ help: convert the identifier to upper case (notice the capitalization): `U118_P_INS`

warning: constant `u118_S_INS` should have an upper case name
    --> /home/runner/work/_temp/deflate-upstream/data/verification-workspace/verify-t2srlpi6/slot/generated/parse.rs:3617:11
     |
3617 | pub const u118_S_INS: usize = 8;
     |           ^^^^^^^^^^ help: convert the identifier to upper case (notice the capitalization): `U118_S_INS`

warning: constant `u118_B_INS` should have an upper case name
    --> /home/runner/work/_temp/deflate-upstream/data/verification-workspace/verify-t2srlpi6/slot/generated/parse.rs:3618:11
     |
3618 | pub const u118_B_INS: usize = 12;
     |           ^^^^^^^^^^ help: convert the identifier to upper case (notice the capitalization): `U118_B_INS`

warning: constant `u118_H_INS` should have an upper case name
    --> /home/runner/work/_temp/deflate-upstream/data/verification-workspace/verify-t2srlpi6/slot/generated/parse.rs:3619:11
     |
3619 | pub const u118_H_INS: usize = 12;
     |           ^^^^^^^^^^ help: convert the identifier to upper case (notice the capitalization): `U118_H_INS`

warning: constant `u118_P_STRIDE` should have an upper case name
    --> /home/runner/work/_temp/deflate-upstream/data/verification-workspace/verify-t2srlpi6/slot/generated/parse.rs:3620:11
     |
3620 | pub const u118_P_STRIDE: usize = 1;
     |           ^^^^^^^^^^^^^ help: convert the identifier to upper case (notice the capitalization): `U118_P_STRIDE`

warning: constant `u118_S_STRIDE` should have an upper case name
    --> /home/runner/work/_temp/deflate-upstream/data/verification-workspace/verify-t2srlpi6/slot/generated/parse.rs:3621:11
     |
3621 | pub const u118_S_STRIDE: usize = 8;
     |           ^^^^^^^^^^^^^ help: convert the identifier to upper case (notice the capitalization): `U118_S_STRIDE`

warning: constant `u118_B_STRIDE` should have an upper case name
    --> /home/runner/work/_temp/deflate-upstream/data/verification-workspace/verify-t2srlpi6/slot/generated/parse.rs:3622:11
     |
3622 | pub const u118_B_STRIDE: usize = 32;
     |           ^^^^^^^^^^^^^ help: convert the identifier to upper case (notice the capitalization): `U118_B_STRIDE`

warning: constant `u118_LAZY2` should have an upper case name
    --> /home/runner/work/_temp/deflate-upstream/data/verification-workspace/verify-t2srlpi6/slot/generated/parse.rs:3625:11
     |
3625 | pub const u118_LAZY2: usize = 0;
     |           ^^^^^^^^^^ help: convert the identifier to upper case (notice the capitalization): `U118_LAZY2`

warning: constant `u118_L2B` should have an upper case name
    --> /home/runner/work/_temp/deflate-upstream/data/verification-workspace/verify-t2srlpi6/slot/generated/parse.rs:3626:11
     |
3626 | pub const u118_L2B: i32 = 40;
     |           ^^^^^^^^ help: convert the identifier to upper case: `U118_L2_B`

warning: constant `u118_L2DEPTH` should have an upper case name
    --> /home/runner/work/_temp/deflate-upstream/data/verification-workspace/verify-t2srlpi6/slot/generated/parse.rs:3627:11
     |
3627 | pub const u118_L2DEPTH: usize = 1;
     |           ^^^^^^^^^^^^ help: convert the identifier to upper case: `U118_L2_DEPTH`

warning: constant `u118_MAIN_GM` should have an upper case name
    --> /home/runner/work/_temp/deflate-upstream/data/verification-workspace/verify-t2srlpi6/slot/generated/parse.rs:3629:11
     |
3629 | pub const u118_MAIN_GM: usize = 0;
     |           ^^^^^^^^^^^^ help: convert the identifier to upper case (notice the capitalization): `U118_MAIN_GM`

warning: constant `u118_PARTIAL` should have an upper case name
    --> /home/runner/work/_temp/deflate-upstream/data/verification-workspace/verify-t2srlpi6/slot/generated/parse.rs:3633:11
     |
3633 | pub const u118_PARTIAL: usize = 0;
     |           ^^^^^^^^^^^^ help: convert the identifier to upper case (notice the capitalization): `U118_PARTIAL`

warning: constant `u118_PDEPTH` should have an upper case name
    --> /home/runner/work/_temp/deflate-upstream/data/verification-workspace/verify-t2srlpi6/slot/generated/parse.rs:3634:11
     |
3634 | pub const u118_PDEPTH: usize = 8;
     |           ^^^^^^^^^^^ help: convert the identifier to upper case (notice the capitalization): `U118_PDEPTH`

warning: constant `u118_FLAT_ON` should have an upper case name
    --> /home/runner/work/_temp/deflate-upstream/data/verification-workspace/verify-t2srlpi6/slot/generated/parse.rs:3638:11
     |
3638 | pub const u118_FLAT_ON: usize = 1;
     |           ^^^^^^^^^^^^ help: convert the identifier to upper case (notice the capitalization): `U118_FLAT_ON`

warning: constant `u118_FLAT_DIV` should have an upper case name
    --> /home/runner/work/_temp/deflate-upstream/data/verification-workspace/verify-t2srlpi6/slot/generated/parse.rs:3639:11
     |
3639 | pub const u118_FLAT_DIV: u32 = 16;
     |           ^^^^^^^^^^^^^ help: convert the identifier to upper case (notice the capitalization): `U118_FLAT_DIV`

warning: constant `u118_FLAT_SQ` should have an upper case name
    --> /home/runner/work/_temp/deflate-upstream/data/verification-workspace/verify-t2srlpi6/slot/generated/parse.rs:3642:11
     |
3642 | pub const u118_FLAT_SQ: u64 = 256;
     |           ^^^^^^^^^^^^ help: convert the identifier to upper case (notice the capitalization): `U118_FLAT_SQ`

warning: constant `u118_F_DEPTH` should have an upper case name
    --> /home/runner/work/_temp/deflate-upstream/data/verification-workspace/verify-t2srlpi6/slot/generated/parse.rs:3643:11
     |
3643 | pub const u118_F_DEPTH: usize = 8;
     |           ^^^^^^^^^^^^ help: convert the identifier to upper case (notice the capitalization): `U118_F_DEPTH`

warning: constant `u118_F_LAZY` should have an upper case name
    --> /home/runner/work/_temp/deflate-upstream/data/verification-workspace/verify-t2srlpi6/slot/generated/parse.rs:3644:11
     |
3644 | pub const u118_F_LAZY: usize = 0;
     |           ^^^^^^^^^^^ help: convert the identifier to upper case (notice the capitalization): `U118_F_LAZY`

warning: constant `u118_F_LDEPTH` should have an upper case name
    --> /home/runner/work/_temp/deflate-upstream/data/verification-workspace/verify-t2srlpi6/slot/generated/parse.rs:3645:11
     |
3645 | pub const u118_F_LDEPTH: usize = 2;
     |           ^^^^^^^^^^^^^ help: convert the identifier to upper case (notice the capitalization): `U118_F_LDEPTH`

warning: constant `u118_F_SKIP` should have an upper case name
    --> /home/runner/work/_temp/deflate-upstream/data/verification-workspace/verify-t2srlpi6/slot/generated/parse.rs:3646:11
     |
3646 | pub const u118_F_SKIP: usize = 6;
     |           ^^^^^^^^^^^ help: convert the identifier to upper case (notice the capitalization): `U118_F_SKIP`

warning: constant `u118_H_STRIDE` should have an upper case name
    --> /home/runner/work/_temp/deflate-upstream/data/verification-workspace/verify-t2srlpi6/slot/generated/parse.rs:3647:11
     |
3647 | pub const u118_H_STRIDE: usize = 32;
     |           ^^^^^^^^^^^^^ help: convert the identifier to upper case (notice the capitalization): `U118_H_STRIDE`

warning: constant `u118_D_ON` should have an upper case name
    --> /home/runner/work/_temp/deflate-upstream/data/verification-workspace/verify-t2srlpi6/slot/generated/parse.rs:3717:11
     |
3717 | pub const u118_D_ON: usize = 1;
     |           ^^^^^^^^^ help: convert the identifier to upper case (notice the capitalization): `U118_D_ON`

warning: constant `u118_D_KEY` should have an upper case name
    --> /home/runner/work/_temp/deflate-upstream/data/verification-workspace/verify-t2srlpi6/slot/generated/parse.rs:3718:11
     |
3718 | pub const u118_D_KEY: u32 = 8;
     |           ^^^^^^^^^^ help: convert the identifier to upper case (notice the capitalization): `U118_D_KEY`

warning: constant `u118_D_MINL` should have an upper case name
    --> /home/runner/work/_temp/deflate-upstream/data/verification-workspace/verify-t2srlpi6/slot/generated/parse.rs:3719:11
     |
3719 | pub const u118_D_MINL: usize = 9;
     |           ^^^^^^^^^^^ help: convert the identifier to upper case (notice the capitalization): `U118_D_MINL`

warning: constant `u118_D_DEPTH` should have an upper case name
    --> /home/runner/work/_temp/deflate-upstream/data/verification-workspace/verify-t2srlpi6/slot/generated/parse.rs:3720:11
     |
3720 | pub const u118_D_DEPTH: usize = 1;
     |           ^^^^^^^^^^^^ help: convert the identifier to upper case (notice the capitalization): `U118_D_DEPTH`

warning: constant `u118_D_LAZY` should have an upper case name
    --> /home/runner/work/_temp/deflate-upstream/data/verification-workspace/verify-t2srlpi6/slot/generated/parse.rs:3721:11
     |
3721 | pub const u118_D_LAZY: usize = 0;
     |           ^^^^^^^^^^^ help: convert the identifier to upper case (notice the capitalization): `U118_D_LAZY`

warning: constant `u118_D_LDEPTH` should have an upper case name
    --> /home/runner/work/_temp/deflate-upstream/data/verification-workspace/verify-t2srlpi6/slot/generated/parse.rs:3722:11
     |
3722 | pub const u118_D_LDEPTH: usize = 1;
     |           ^^^^^^^^^^^^^ help: convert the identifier to upper case (notice the capitalization): `U118_D_LDEPTH`

warning: constant `u118_D_SKIP` should have an upper case name
    --> /home/runner/work/_temp/deflate-upstream/data/verification-workspace/verify-t2srlpi6/slot/generated/parse.rs:3723:11
     |
3723 | pub const u118_D_SKIP: usize = 8;
     |           ^^^^^^^^^^^ help: convert the identifier to upper case (notice the capitalization): `U118_D_SKIP`

warning: constant `u118_D_GM` should have an upper case name
    --> /home/runner/work/_temp/deflate-upstream/data/verification-workspace/verify-t2srlpi6/slot/generated/parse.rs:3724:11
     |
3724 | pub const u118_D_GM: usize = 0;
     |           ^^^^^^^^^ help: convert the identifier to upper case (notice the capitalization): `U118_D_GM`

warning: constant `u118_O_R_SAMPLE` should have an upper case name
    --> /home/runner/work/_temp/deflate-upstream/data/verification-workspace/verify-t2srlpi6/slot/generated/parse.rs:3764:11
     |
3764 | pub const u118_O_R_SAMPLE: usize = 512;
     |           ^^^^^^^^^^^^^^^ help: convert the identifier to upper case (notice the capitalization): `U118_O_R_SAMPLE`

warning: constant `u118_O_R_TINY` should have an upper case name
    --> /home/runner/work/_temp/deflate-upstream/data/verification-workspace/verify-t2srlpi6/slot/generated/parse.rs:3766:11
     |
3766 | pub const u118_O_R_TINY: usize = 0;
     |           ^^^^^^^^^^^^^ help: convert the identifier to upper case (notice the capitalization): `U118_O_R_TINY`

warning: constant `u118_O_A_HSR` should have an upper case name
    --> /home/runner/work/_temp/deflate-upstream/data/verification-workspace/verify-t2srlpi6/slot/generated/parse.rs:3831:11
     |
3831 | pub const u118_O_A_HSR: u64 = 48;
     |           ^^^^^^^^^^^^ help: convert the identifier to upper case (notice the capitalization): `U118_O_A_HSR`

warning: constant `u118_O_A_HM4` should have an upper case name
    --> /home/runner/work/_temp/deflate-upstream/data/verification-workspace/verify-t2srlpi6/slot/generated/parse.rs:3832:11
     |
3832 | pub const u118_O_A_HM4: u64 = 0x7F4A7C1500000000;
     |           ^^^^^^^^^^^^ help: convert the identifier to upper case (notice the capitalization): `U118_O_A_HM4`

warning: constant `u118_O_A_MM4` should have an upper case name
    --> /home/runner/work/_temp/deflate-upstream/data/verification-workspace/verify-t2srlpi6/slot/generated/parse.rs:3833:11
     |
3833 | pub const u118_O_A_MM4: u64 = 4294967295;
     |           ^^^^^^^^^^^^ help: convert the identifier to upper case (notice the capitalization): `U118_O_A_MM4`

warning: constant `u118_O_A_IH` should have an upper case name
    --> /home/runner/work/_temp/deflate-upstream/data/verification-workspace/verify-t2srlpi6/slot/generated/parse.rs:3834:11
     |
3834 | pub const u118_O_A_IH: [usize; 8] = [2, 3, 8, 10, 8, 8, 12, 10];
     |           ^^^^^^^^^^^ help: convert the identifier to upper case (notice the capitalization): `U118_O_A_IH`

warning: constant `u118_O_A_IT` should have an upper case name
    --> /home/runner/work/_temp/deflate-upstream/data/verification-workspace/verify-t2srlpi6/slot/generated/parse.rs:3835:11
     |
3835 | pub const u118_O_A_IT: [usize; 8] = [12, 12, 32, 256, 32, 32, 64, 256];
     |           ^^^^^^^^^^^ help: convert the identifier to upper case (notice the capitalization): `U118_O_A_IT`

warning: constant `u118_O_A_TS` should have an upper case name
    --> /home/runner/work/_temp/deflate-upstream/data/verification-workspace/verify-t2srlpi6/slot/generated/parse.rs:3836:11
     |
3836 | pub const u118_O_A_TS: [usize; 8] = [12, 12, 8, 8, 8, 8, 8, 8];
     |           ^^^^^^^^^^^ help: convert the identifier to upper case (notice the capitalization): `U118_O_A_TS`

warning: constant `u118_O_A_TL` should have an upper case name
    --> /home/runner/work/_temp/deflate-upstream/data/verification-workspace/verify-t2srlpi6/slot/generated/parse.rs:3837:11
     |
3837 | pub const u118_O_A_TL: usize = 0;
     |           ^^^^^^^^^^^ help: convert the identifier to upper case (notice the capitalization): `U118_O_A_TL`

warning: constant `u118_O_A_ACC` should have an upper case name
    --> /home/runner/work/_temp/deflate-upstream/data/verification-workspace/verify-t2srlpi6/slot/generated/parse.rs:3838:11
     |
3838 | pub const u118_O_A_ACC: [u64; 8] = [4, 4, 4, 5, 4, 4, 5, 5];
     |           ^^^^^^^^^^^^ help: convert the identifier to upper case (notice the capitalization): `U118_O_A_ACC`

warning: constant `u118_O_A_AMAX` should have an upper case name
    --> /home/runner/work/_temp/deflate-upstream/data/verification-workspace/verify-t2srlpi6/slot/generated/parse.rs:3839:11
     |
3839 | pub const u118_O_A_AMAX: usize = 64;
     |           ^^^^^^^^^^^^^ help: convert the identifier to upper case (notice the capitalization): `U118_O_A_AMAX`

warning: constant `u118_O_A_MINL` should have an upper case name
    --> /home/runner/work/_temp/deflate-upstream/data/verification-workspace/verify-t2srlpi6/slot/generated/parse.rs:3840:11
     |
3840 | pub const u118_O_A_MINL: usize = 4;
     |           ^^^^^^^^^^^^^ help: convert the identifier to upper case (notice the capitalization): `U118_O_A_MINL`

warning: constant `u118_O_A_BEXT` should have an upper case name
    --> /home/runner/work/_temp/deflate-upstream/data/verification-workspace/verify-t2srlpi6/slot/generated/parse.rs:3841:11
     |
3841 | pub const u118_O_A_BEXT: usize = 0;
     |           ^^^^^^^^^^^^^ help: convert the identifier to upper case (notice the capitalization): `U118_O_A_BEXT`

warning: constant `u118_O_A_BK` should have an upper case name
    --> /home/runner/work/_temp/deflate-upstream/data/verification-workspace/verify-t2srlpi6/slot/generated/parse.rs:3842:11
     |
3842 | pub const u118_O_A_BK: usize = 64;
     |           ^^^^^^^^^^^ help: convert the identifier to upper case (notice the capitalization): `U118_O_A_BK`

warning: constant `u118_O_A_LZT` should have an upper case name
    --> /home/runner/work/_temp/deflate-upstream/data/verification-workspace/verify-t2srlpi6/slot/generated/parse.rs:3843:11
     |
3843 | pub const u118_O_A_LZT: [usize; 8] = [0, 0, 0, 16, 8, 16, 16, 32];
     |           ^^^^^^^^^^^^ help: convert the identifier to upper case (notice the capitalization): `U118_O_A_LZT`

warning: constant `u118_O_A_LZM` should have an upper case name
    --> /home/runner/work/_temp/deflate-upstream/data/verification-workspace/verify-t2srlpi6/slot/generated/parse.rs:3844:11
     |
3844 | pub const u118_O_A_LZM: usize = 2;
     |           ^^^^^^^^^^^^ help: convert the identifier to upper case (notice the capitalization): `U118_O_A_LZM`

warning: constant `u118_O_A_LZN` should have an upper case name
    --> /home/runner/work/_temp/deflate-upstream/data/verification-workspace/verify-t2srlpi6/slot/generated/parse.rs:3845:11
     |
3845 | pub const u118_O_A_LZN: usize = 1;
     |           ^^^^^^^^^^^^ help: convert the identifier to upper case (notice the capitalization): `U118_O_A_LZN`

warning: constant `u118_O_A_SCL` should have an upper case name
    --> /home/runner/work/_temp/deflate-upstream/data/verification-workspace/verify-t2srlpi6/slot/generated/parse.rs:3846:11
     |
3846 | pub const u118_O_A_SCL: usize = 0;
     |           ^^^^^^^^^^^^ help: convert the identifier to upper case (notice the capitalization): `U118_O_A_SCL`

warning: constant `u118_O_A_SLQ` should have an upper case name
    --> /home/runner/work/_temp/deflate-upstream/data/verification-workspace/verify-t2srlpi6/slot/generated/parse.rs:3847:11
     |
3847 | pub const u118_O_A_SLQ: usize = 28;
     |           ^^^^^^^^^^^^ help: convert the identifier to upper case (notice the capitalization): `U118_O_A_SLQ`

warning: constant `u118_O_A_SC0` should have an upper case name
    --> /home/runner/work/_temp/deflate-upstream/data/verification-workspace/verify-t2srlpi6/slot/generated/parse.rs:3848:11
     |
3848 | pub const u118_O_A_SC0: usize = 44;
     |           ^^^^^^^^^^^^ help: convert the identifier to upper case (notice the capitalization): `U118_O_A_SC0`

warning: constant `u118_O_A_SMODE` should have an upper case name
    --> /home/runner/work/_temp/deflate-upstream/data/verification-workspace/verify-t2srlpi6/slot/generated/parse.rs:3849:11
     |
3849 | pub const u118_O_A_SMODE: usize = 1;
     |           ^^^^^^^^^^^^^^ help: convert the identifier to upper case (notice the capitalization): `U118_O_A_SMODE`

warning: constant `u118_O_A_GEN` should have an upper case name
    --> /home/runner/work/_temp/deflate-upstream/data/verification-workspace/verify-t2srlpi6/slot/generated/parse.rs:3850:11
     |
3850 | pub const u118_O_A_GEN: usize = 0;
     |           ^^^^^^^^^^^^ help: convert the identifier to upper case (notice the capitalization): `U118_O_A_GEN`

warning: constant `u118_O_A_GTHR` should have an upper case name
    --> /home/runner/work/_temp/deflate-upstream/data/verification-workspace/verify-t2srlpi6/slot/generated/parse.rs:3851:11
     |
3851 | pub const u118_O_A_GTHR: usize = 900;
     |           ^^^^^^^^^^^^^ help: convert the identifier to upper case (notice the capitalization): `U118_O_A_GTHR`

warning: constant `u118_O_A_HLZT` should have an upper case name
    --> /home/runner/work/_temp/deflate-upstream/data/verification-workspace/verify-t2srlpi6/slot/generated/parse.rs:3852:11
     |
3852 | pub const u118_O_A_HLZT: usize = 0;
     |           ^^^^^^^^^^^^^ help: convert the identifier to upper case (notice the capitalization): `U118_O_A_HLZT`

warning: constant `u118_O_A_H3M` should have an upper case name
    --> /home/runner/work/_temp/deflate-upstream/data/verification-workspace/verify-t2srlpi6/slot/generated/parse.rs:3853:11
     |
3853 | pub const u118_O_A_H3M: usize = 1;
     |           ^^^^^^^^^^^^ help: convert the identifier to upper case: `U118_O_A_H3_M`

warning: constant `u118_O_A_MAX3` should have an upper case name
    --> /home/runner/work/_temp/deflate-upstream/data/verification-workspace/verify-t2srlpi6/slot/generated/parse.rs:3854:11
     |
3854 | pub const u118_O_A_MAX3: usize = 16384;
     |           ^^^^^^^^^^^^^ help: convert the identifier to upper case (notice the capitalization): `U118_O_A_MAX3`

warning: constant `u118_O_A_GMINL2` should have an upper case name
    --> /home/runner/work/_temp/deflate-upstream/data/verification-workspace/verify-t2srlpi6/slot/generated/parse.rs:3855:11
     |
3855 | pub const u118_O_A_GMINL2: usize = 1000;
     |           ^^^^^^^^^^^^^^^ help: convert the identifier to upper case (notice the capitalization): `U118_O_A_GMINL2`

warning: constant `u118_O_A_CTLLO` should have an upper case name
    --> /home/runner/work/_temp/deflate-upstream/data/verification-workspace/verify-t2srlpi6/slot/generated/parse.rs:3856:11
     |
3856 | pub const u118_O_A_CTLLO: usize = 100;
     |           ^^^^^^^^^^^^^^ help: convert the identifier to upper case (notice the capitalization): `U118_O_A_CTLLO`

warning: constant `u118_O_A_CTLHI` should have an upper case name
    --> /home/runner/work/_temp/deflate-upstream/data/verification-workspace/verify-t2srlpi6/slot/generated/parse.rs:3857:11
     |
3857 | pub const u118_O_A_CTLHI: usize = 900;
     |           ^^^^^^^^^^^^^^ help: convert the identifier to upper case (notice the capitalization): `U118_O_A_CTLHI`

warning: constant `u118_O_A_HIMAX` should have an upper case name
    --> /home/runner/work/_temp/deflate-upstream/data/verification-workspace/verify-t2srlpi6/slot/generated/parse.rs:3858:11
     |
3858 | pub const u118_O_A_HIMAX: usize = 300;
     |           ^^^^^^^^^^^^^^ help: convert the identifier to upper case (notice the capitalization): `U118_O_A_HIMAX`

warning: constant `u118_O_A_LZK` should have an upper case name
    --> /home/runner/work/_temp/deflate-upstream/data/verification-workspace/verify-t2srlpi6/slot/generated/parse.rs:3859:11
     |
3859 | pub const u118_O_A_LZK: usize = 0;
     |           ^^^^^^^^^^^^ help: convert the identifier to upper case (notice the capitalization): `U118_O_A_LZK`

warning: constant `u118_O_A_SW2` should have an upper case name
    --> /home/runner/work/_temp/deflate-upstream/data/verification-workspace/verify-t2srlpi6/slot/generated/parse.rs:3860:11
     |
3860 | pub const u118_O_A_SW2: usize = 0;
     |           ^^^^^^^^^^^^ help: convert the identifier to upper case (notice the capitalization): `U118_O_A_SW2`

warning: constant `u118_O_A_FL_DNA_THR` should have an upper case name
    --> /home/runner/work/_temp/deflate-upstream/data/verification-workspace/verify-t2srlpi6/slot/generated/parse.rs:4027:11
     |
4027 | pub const u118_O_A_FL_DNA_THR: u32 = 64;
     |           ^^^^^^^^^^^^^^^^^^^ help: convert the identifier to upper case (notice the capitalization): `U118_O_A_FL_DNA_THR`

warning: constant `u118_O_A_FL_DNA_DEPTH` should have an upper case name
    --> /home/runner/work/_temp/deflate-upstream/data/verification-workspace/verify-t2srlpi6/slot/generated/parse.rs:4028:11
     |
4028 | pub const u118_O_A_FL_DNA_DEPTH: usize = 64;
     |           ^^^^^^^^^^^^^^^^^^^^^ help: convert the identifier to upper case (notice the capitalization): `U118_O_A_FL_DNA_DEPTH`

warning: constant `u118_O_A_FL_DNA_M0` should have an upper case name
    --> /home/runner/work/_temp/deflate-upstream/data/verification-workspace/verify-t2srlpi6/slot/generated/parse.rs:4029:11
     |
4029 | pub const u118_O_A_FL_DNA_M0: usize = 12;
     |           ^^^^^^^^^^^^^^^^^^ help: convert the identifier to upper case (notice the capitalization): `U118_O_A_FL_DNA_M0`

warning: constant `u118_O_A_FL_CMAX` should have an upper case name
    --> /home/runner/work/_temp/deflate-upstream/data/verification-workspace/verify-t2srlpi6/slot/generated/parse.rs:4030:11
     |
4030 | pub const u118_O_A_FL_CMAX: u32 = 192;
     |           ^^^^^^^^^^^^^^^^ help: convert the identifier to upper case (notice the capitalization): `U118_O_A_FL_CMAX`

warning: constant `u118_O_A_FL_LOGF` should have an upper case name
    --> /home/runner/work/_temp/deflate-upstream/data/verification-workspace/verify-t2srlpi6/slot/generated/parse.rs:4032:11
     |
4032 | pub const u118_O_A_FL_LOGF: [u32; 16] = [0, 1, 3, 4, 5, 6, 7, 8, 9, 10, 11, 12, 13, 14, 15, 15];
     |           ^^^^^^^^^^^^^^^^ help: convert the identifier to upper case (notice the capitalization): `U118_O_A_FL_LOGF`

warning: constant `u118_O_A_SMALLN` should have an upper case name
    --> /home/runner/work/_temp/deflate-upstream/data/verification-workspace/verify-t2srlpi6/slot/generated/parse.rs:4134:11
     |
4134 | pub const u118_O_A_SMALLN: usize = 65536;
     |           ^^^^^^^^^^^^^^^ help: convert the identifier to upper case (notice the capitalization): `U118_O_A_SMALLN`

warning: constant `u118_O_A_FT_DEPTH` should have an upper case name
    --> /home/runner/work/_temp/deflate-upstream/data/verification-workspace/verify-t2srlpi6/slot/generated/parse.rs:4135:11
     |
4135 | pub const u118_O_A_FT_DEPTH: usize = 4;
     |           ^^^^^^^^^^^^^^^^^ help: convert the identifier to upper case (notice the capitalization): `U118_O_A_FT_DEPTH`

warning: constant `u118_O_A_FT_DEPTH2` should have an upper case name
    --> /home/runner/work/_temp/deflate-upstream/data/verification-workspace/verify-t2srlpi6/slot/generated/parse.rs:4136:11
     |
4136 | pub const u118_O_A_FT_DEPTH2: usize = 1;
     |           ^^^^^^^^^^^^^^^^^^ help: convert the identifier to upper case (notice the capitalization): `U118_O_A_FT_DEPTH2`

warning: constant `u118_O_A_FT_LAZY` should have an upper case name
    --> /home/runner/work/_temp/deflate-upstream/data/verification-workspace/verify-t2srlpi6/slot/generated/parse.rs:4137:11
     |
4137 | pub const u118_O_A_FT_LAZY: usize = 259;
     |           ^^^^^^^^^^^^^^^^ help: convert the identifier to upper case (notice the capitalization): `U118_O_A_FT_LAZY`

warning: constant `u118_O_A_FT_NICE` should have an upper case name
    --> /home/runner/work/_temp/deflate-upstream/data/verification-workspace/verify-t2srlpi6/slot/generated/parse.rs:4138:11
     |
4138 | pub const u118_O_A_FT_NICE: usize = 258;
     |           ^^^^^^^^^^^^^^^^ help: convert the identifier to upper case (notice the capitalization): `U118_O_A_FT_NICE`

warning: constant `u118_O_A_FT_IH` should have an upper case name
    --> /home/runner/work/_temp/deflate-upstream/data/verification-workspace/verify-t2srlpi6/slot/generated/parse.rs:4139:11
     |
4139 | pub const u118_O_A_FT_IH: usize = 8;
     |           ^^^^^^^^^^^^^^ help: convert the identifier to upper case (notice the capitalization): `U118_O_A_FT_IH`

warning: constant `u118_O_A_FT_IT` should have an upper case name
    --> /home/runner/work/_temp/deflate-upstream/data/verification-workspace/verify-t2srlpi6/slot/generated/parse.rs:4140:11
     |
4140 | pub const u118_O_A_FT_IT: usize = 8;
     |           ^^^^^^^^^^^^^^ help: convert the identifier to upper case (notice the capitalization): `U118_O_A_FT_IT`

warning: constant `u118_O_A_FT_ACC` should have an upper case name
    --> /home/runner/work/_temp/deflate-upstream/data/verification-workspace/verify-t2srlpi6/slot/generated/parse.rs:4141:11
     |
4141 | pub const u118_O_A_FT_ACC: usize = 63;
     |           ^^^^^^^^^^^^^^^ help: convert the identifier to upper case (notice the capitalization): `U118_O_A_FT_ACC`

warning: constant `u118_O_A_FL_GOOD` should have an upper case name
    --> /home/runner/work/_temp/deflate-upstream/data/verification-workspace/verify-t2srlpi6/slot/generated/parse.rs:4142:11
     |
4142 | pub const u118_O_A_FL_GOOD: usize = 8;
     |           ^^^^^^^^^^^^^^^^ help: convert the identifier to upper case (notice the capitalization): `U118_O_A_FL_GOOD`

warning: constant `u118_O_A_FL_LITQ` should have an upper case name
    --> /home/runner/work/_temp/deflate-upstream/data/verification-workspace/verify-t2srlpi6/slot/generated/parse.rs:4143:11
     |
4143 | pub const u118_O_A_FL_LITQ: usize = 32;
     |           ^^^^^^^^^^^^^^^^ help: convert the identifier to upper case (notice the capitalization): `U118_O_A_FL_LITQ`

warning: constant `u118_O_A_FL_LADJ` should have an upper case name
    --> /home/runner/work/_temp/deflate-upstream/data/verification-workspace/verify-t2srlpi6/slot/generated/parse.rs:4144:11
     |
4144 | pub const u118_O_A_FL_LADJ: usize = 4;
     |           ^^^^^^^^^^^^^^^^ help: convert the identifier to upper case (notice the capitalization): `U118_O_A_FL_LADJ`

warning: constant `u118_O_A_FL_HLOW` should have an upper case name
    --> /home/runner/work/_temp/deflate-upstream/data/verification-workspace/verify-t2srlpi6/slot/generated/parse.rs:4145:11
     |
4145 | pub const u118_O_A_FL_HLOW: usize = 900;
     |           ^^^^^^^^^^^^^^^^ help: convert the identifier to upper case (notice the capitalization): `U118_O_A_FL_HLOW`

warning: constant `u118_O_A_FL_C0Q` should have an upper case name
    --> /home/runner/work/_temp/deflate-upstream/data/verification-workspace/verify-t2srlpi6/slot/generated/parse.rs:4146:11
     |
4146 | pub const u118_O_A_FL_C0Q: usize = 44;
     |           ^^^^^^^^^^^^^^^ help: convert the identifier to upper case: `U118_O_A_FL_C0_Q`

warning: constant `u118_O_A_SH_L` should have an upper case name
    --> /home/runner/work/_temp/deflate-upstream/data/verification-workspace/verify-t2srlpi6/slot/generated/parse.rs:4213:11
     |
4213 | pub const u118_O_A_SH_L: [u32; 8] = [128; 8];
     |           ^^^^^^^^^^^^^ help: convert the identifier to upper case (notice the capitalization): `U118_O_A_SH_L`

warning: constant `u118_O_A_SH_D` should have an upper case name
    --> /home/runner/work/_temp/deflate-upstream/data/verification-workspace/verify-t2srlpi6/slot/generated/parse.rs:4214:11
     |
4214 | pub const u118_O_A_SH_D: [u32; 8] = [16; 8];
     |           ^^^^^^^^^^^^^ help: convert the identifier to upper case (notice the capitalization): `U118_O_A_SH_D`

warning: constant `u118_O_A_SH_BUDGET` should have an upper case name
    --> /home/runner/work/_temp/deflate-upstream/data/verification-workspace/verify-t2srlpi6/slot/generated/parse.rs:4215:11
     |
4215 | pub const u118_O_A_SH_BUDGET: [usize; 8] = [96; 8];
     |           ^^^^^^^^^^^^^^^^^^ help: convert the identifier to upper case (notice the capitalization): `U118_O_A_SH_BUDGET`

warning: constant `u118_O_A_SH_DM` should have an upper case name
    --> /home/runner/work/_temp/deflate-upstream/data/verification-workspace/verify-t2srlpi6/slot/generated/parse.rs:4216:11
     |
4216 | pub const u118_O_A_SH_DM: [u32; 8] = [16; 8];
     |           ^^^^^^^^^^^^^^ help: convert the identifier to upper case (notice the capitalization): `U118_O_A_SH_DM`

warning: constant `u118_O_A_HM3` should have an upper case name
    --> /home/runner/work/_temp/deflate-upstream/data/verification-workspace/verify-t2srlpi6/slot/generated/parse.rs:4259:11
     |
4259 | pub const u118_O_A_HM3: u64 = 0x4A7C150000000000;
     |           ^^^^^^^^^^^^ help: convert the identifier to upper case (notice the capitalization): `U118_O_A_HM3`

warning: constant `u118_O_A_MINL3` should have an upper case name
    --> /home/runner/work/_temp/deflate-upstream/data/verification-workspace/verify-t2srlpi6/slot/generated/parse.rs:4260:11
     |
4260 | pub const u118_O_A_MINL3: usize = 3;
     |           ^^^^^^^^^^^^^^ help: convert the identifier to upper case (notice the capitalization): `U118_O_A_MINL3`

warning: constant `u118_O_A_MM3` should have an upper case name
    --> /home/runner/work/_temp/deflate-upstream/data/verification-workspace/verify-t2srlpi6/slot/generated/parse.rs:4261:11
     |
4261 | pub const u118_O_A_MM3: u64 = 16777215;
     |           ^^^^^^^^^^^^ help: convert the identifier to upper case (notice the capitalization): `U118_O_A_MM3`

warning: constant `u118_Y_R_SAMPLE` should have an upper case name
    --> /home/runner/work/_temp/deflate-upstream/data/verification-workspace/verify-t2srlpi6/slot/generated/parse.rs:4409:11
     |
4409 | pub const u118_Y_R_SAMPLE: usize = 65536;
     |           ^^^^^^^^^^^^^^^ help: convert the identifier to upper case (notice the capitalization): `U118_Y_R_SAMPLE`

warning: constant `u118_Y_R_TINY` should have an upper case name
    --> /home/runner/work/_temp/deflate-upstream/data/verification-workspace/verify-t2srlpi6/slot/generated/parse.rs:4411:11
     |
4411 | pub const u118_Y_R_TINY: usize = 0;
     |           ^^^^^^^^^^^^^ help: convert the identifier to upper case (notice the capitalization): `U118_Y_R_TINY`

warning: constant `u118_Y_A_IH` should have an upper case name
    --> /home/runner/work/_temp/deflate-upstream/data/verification-workspace/verify-t2srlpi6/slot/generated/parse.rs:4469:11
     |
4469 | pub const u118_Y_A_IH: [usize; 8] = [8, 10, 10, 10, 10, 10, 10, 10];
     |           ^^^^^^^^^^^ help: convert the identifier to upper case (notice the capitalization): `U118_Y_A_IH`

warning: constant `u118_Y_A_IT` should have an upper case name
    --> /home/runner/work/_temp/deflate-upstream/data/verification-workspace/verify-t2srlpi6/slot/generated/parse.rs:4470:11
     |
4470 | pub const u118_Y_A_IT: [usize; 8] = [32, 256, 256, 256, 256, 256, 256, 256];
     |           ^^^^^^^^^^^ help: convert the identifier to upper case (notice the capitalization): `U118_Y_A_IT`

warning: constant `u118_Y_A_TS` should have an upper case name
    --> /home/runner/work/_temp/deflate-upstream/data/verification-workspace/verify-t2srlpi6/slot/generated/parse.rs:4471:11
     |
4471 | pub const u118_Y_A_TS: [usize; 8] = [8, 8, 8, 8, 8, 8, 8, 8];
     |           ^^^^^^^^^^^ help: convert the identifier to upper case (notice the capitalization): `U118_Y_A_TS`

warning: constant `u118_Y_A_ACC` should have an upper case name
    --> /home/runner/work/_temp/deflate-upstream/data/verification-workspace/verify-t2srlpi6/slot/generated/parse.rs:4472:11
     |
4472 | pub const u118_Y_A_ACC: [u64; 8] = [4, 5, 5, 5, 5, 5, 5, 5];
     |           ^^^^^^^^^^^^ help: convert the identifier to upper case (notice the capitalization): `U118_Y_A_ACC`

warning: constant `u118_Y_A_LZT` should have an upper case name
    --> /home/runner/work/_temp/deflate-upstream/data/verification-workspace/verify-t2srlpi6/slot/generated/parse.rs:4473:11
     |
4473 | pub const u118_Y_A_LZT: [usize; 8] = [0, 16, 32, 32, 32, 32, 32, 32];
     |           ^^^^^^^^^^^^ help: convert the identifier to upper case (notice the capitalization): `U118_Y_A_LZT`

warning: constant `u118_Y_B_LEX_BITS` should have an upper case name
    --> /home/runner/work/_temp/deflate-upstream/data/verification-workspace/verify-t2srlpi6/slot/generated/parse.rs:4953:11
     |
4953 | pub const u118_Y_B_LEX_BITS: [u8; 512] = [0, 0, 0, 0, 0, 0, 0, 0, 0, 0, 0, 1, 1, 1, 1, 1, 1, 1, 1, 2, 2, 2, 2, 2, 2, 2, 2, 2, 2, 2...
     |           ^^^^^^^^^^^^^^^^^ help: convert the identifier to upper case (notice the capitalization): `U118_Y_B_LEX_BITS`

warning: constant `u118_Y_B_DEPTH` should have an upper case name
    --> /home/runner/work/_temp/deflate-upstream/data/verification-workspace/verify-t2srlpi6/slot/generated/parse.rs:4955:11
     |
4955 | pub const u118_Y_B_DEPTH: [usize; 8] = [8, 2, 4, 4, 4, 4, 4, 4];
     |           ^^^^^^^^^^^^^^ help: convert the identifier to upper case (notice the capitalization): `U118_Y_B_DEPTH`

warning: constant `u118_Y_B_DEPTH2` should have an upper case name
    --> /home/runner/work/_temp/deflate-upstream/data/verification-workspace/verify-t2srlpi6/slot/generated/parse.rs:4956:11
     |
4956 | pub const u118_Y_B_DEPTH2: [usize; 8] = [2, 1, 1, 1, 1, 1, 1, 1];
     |           ^^^^^^^^^^^^^^^ help: convert the identifier to upper case (notice the capitalization): `U118_Y_B_DEPTH2`

warning: constant `u118_Y_B_GOOD` should have an upper case name
    --> /home/runner/work/_temp/deflate-upstream/data/verification-workspace/verify-t2srlpi6/slot/generated/parse.rs:4957:11
     |
4957 | pub const u118_Y_B_GOOD: usize = 3;
     |           ^^^^^^^^^^^^^ help: convert the identifier to upper case (notice the capitalization): `U118_Y_B_GOOD`

warning: constant `u118_Y_B_LAZY` should have an upper case name
    --> /home/runner/work/_temp/deflate-upstream/data/verification-workspace/verify-t2srlpi6/slot/generated/parse.rs:4958:11
     |
4958 | pub const u118_Y_B_LAZY: [usize; 8] = [544, 544, 1056, 544, 544, 544, 544, 544];
     |           ^^^^^^^^^^^^^ help: convert the identifier to upper case (notice the capitalization): `U118_Y_B_LAZY`

warning: constant `u118_Y_B_NICE` should have an upper case name
    --> /home/runner/work/_temp/deflate-upstream/data/verification-workspace/verify-t2srlpi6/slot/generated/parse.rs:4959:11
     |
4959 | pub const u118_Y_B_NICE: usize = 258;
     |           ^^^^^^^^^^^^^ help: convert the identifier to upper case (notice the capitalization): `U118_Y_B_NICE`

warning: constant `u118_Y_B_IH` should have an upper case name
    --> /home/runner/work/_temp/deflate-upstream/data/verification-workspace/verify-t2srlpi6/slot/generated/parse.rs:4960:11
     |
4960 | pub const u118_Y_B_IH: usize = 258;
     |           ^^^^^^^^^^^ help: convert the identifier to upper case (notice the capitalization): `U118_Y_B_IH`

warning: constant `u118_Y_B_IT` should have an upper case name
    --> /home/runner/work/_temp/deflate-upstream/data/verification-workspace/verify-t2srlpi6/slot/generated/parse.rs:4961:11
     |
4961 | pub const u118_Y_B_IT: usize = 64;
     |           ^^^^^^^^^^^ help: convert the identifier to upper case (notice the capitalization): `U118_Y_B_IT`

warning: constant `u118_Y_B_ACC` should have an upper case name
    --> /home/runner/work/_temp/deflate-upstream/data/verification-workspace/verify-t2srlpi6/slot/generated/parse.rs:4962:11
     |
4962 | pub const u118_Y_B_ACC: [u64; 8] = [5, 5, 5, 5, 5, 5, 5, 5];
     |           ^^^^^^^^^^^^ help: convert the identifier to upper case (notice the capitalization): `U118_Y_B_ACC`

warning: constant `u118_Y_B_STEPMAX` should have an upper case name
    --> /home/runner/work/_temp/deflate-upstream/data/verification-workspace/verify-t2srlpi6/slot/generated/parse.rs:4963:11
     |
4963 | pub const u118_Y_B_STEPMAX: [usize; 8] = [32, 32, 32, 32, 32, 32, 32, 32];
     |           ^^^^^^^^^^^^^^^^ help: convert the identifier to upper case (notice the capitalization): `U118_Y_B_STEPMAX`

warning: constant `u118_Y_B_LITQ` should have an upper case name
    --> /home/runner/work/_temp/deflate-upstream/data/verification-workspace/verify-t2srlpi6/slot/generated/parse.rs:4964:11
     |
4964 | pub const u118_Y_B_LITQ: [usize; 8] = [28, 28, 28, 28, 28, 28, 28, 28];
     |           ^^^^^^^^^^^^^ help: convert the identifier to upper case (notice the capitalization): `U118_Y_B_LITQ`

warning: constant `u118_Y_B_LADJ` should have an upper case name
    --> /home/runner/work/_temp/deflate-upstream/data/verification-workspace/verify-t2srlpi6/slot/generated/parse.rs:4965:11
     |
4965 | pub const u118_Y_B_LADJ: [usize; 8] = [2, 2, 2, 2, 2, 2, 2, 2];
     |           ^^^^^^^^^^^^^ help: convert the identifier to upper case (notice the capitalization): `U118_Y_B_LADJ`

warning: constant `u118_Y_B_HLOW` should have an upper case name
    --> /home/runner/work/_temp/deflate-upstream/data/verification-workspace/verify-t2srlpi6/slot/generated/parse.rs:4966:11
     |
4966 | pub const u118_Y_B_HLOW: [usize; 8] = [900, 900, 900, 900, 900, 900, 900, 900];
     |           ^^^^^^^^^^^^^ help: convert the identifier to upper case (notice the capitalization): `U118_Y_B_HLOW`

warning: constant `u118_Y_B_HSL` should have an upper case name
    --> /home/runner/work/_temp/deflate-upstream/data/verification-workspace/verify-t2srlpi6/slot/generated/parse.rs:4967:11
     |
4967 | pub const u118_Y_B_HSL: [u32; 8] = [0, 0, 0, 0, 0, 0, 0, 0];
     |           ^^^^^^^^^^^^ help: convert the identifier to upper case (notice the capitalization): `U118_Y_B_HSL`

warning: constant `u118_Y_B_ELO` should have an upper case name
    --> /home/runner/work/_temp/deflate-upstream/data/verification-workspace/verify-t2srlpi6/slot/generated/parse.rs:4968:11
     |
4968 | pub const u118_Y_B_ELO: [usize; 8] = [400, 400, 400, 400, 400, 400, 400, 400];
     |           ^^^^^^^^^^^^ help: convert the identifier to upper case (notice the capitalization): `U118_Y_B_ELO`

warning: constant `u118_Y_B_H3HI` should have an upper case name
    --> /home/runner/work/_temp/deflate-upstream/data/verification-workspace/verify-t2srlpi6/slot/generated/parse.rs:4969:11
     |
4969 | pub const u118_Y_B_H3HI: [usize; 8] = [100, 100, 100, 100, 100, 100, 100, 100];
     |           ^^^^^^^^^^^^^ help: convert the identifier to upper case: `U118_Y_B_H3_HI`

warning: constant `u118_Y_B_H3CTL` should have an upper case name
    --> /home/runner/work/_temp/deflate-upstream/data/verification-workspace/verify-t2srlpi6/slot/generated/parse.rs:4970:11
     |
4970 | pub const u118_Y_B_H3CTL: [usize; 8] = [100, 100, 100, 100, 100, 100, 100, 100];
     |           ^^^^^^^^^^^^^^ help: convert the identifier to upper case: `U118_Y_B_H3_CTL`

warning: constant `u118_Y_B_H3E` should have an upper case name
    --> /home/runner/work/_temp/deflate-upstream/data/verification-workspace/verify-t2srlpi6/slot/generated/parse.rs:4971:11
     |
4971 | pub const u118_Y_B_H3E: [usize; 8] = [1700, 1700, 1700, 1700, 1700, 1700, 1700, 1700];
     |           ^^^^^^^^^^^^ help: convert the identifier to upper case: `U118_Y_B_H3_E`

warning: constant `u118_Y_B_ACCL` should have an upper case name
    --> /home/runner/work/_temp/deflate-upstream/data/verification-workspace/verify-t2srlpi6/slot/generated/parse.rs:4972:11
     |
4972 | pub const u118_Y_B_ACCL: [u64; 8] = [63, 63, 63, 63, 63, 63, 63, 63];
     |           ^^^^^^^^^^^^^ help: convert the identifier to upper case (notice the capitalization): `U118_Y_B_ACCL`

warning: constant `u118_Y_B_H3` should have an upper case name
    --> /home/runner/work/_temp/deflate-upstream/data/verification-workspace/verify-t2srlpi6/slot/generated/parse.rs:4973:11
     |
4973 | pub const u118_Y_B_H3: [usize; 8] = [0; 8];
     |           ^^^^^^^^^^^ help: convert the identifier to upper case (notice the capitalization): `U118_Y_B_H3`

warning: constant `u118_Y_B_MAX3` should have an upper case name
    --> /home/runner/work/_temp/deflate-upstream/data/verification-workspace/verify-t2srlpi6/slot/generated/parse.rs:4974:11
     |
4974 | pub const u118_Y_B_MAX3: usize = 4096;
     |           ^^^^^^^^^^^^^ help: convert the identifier to upper case (notice the capitalization): `U118_Y_B_MAX3`

warning: constant `u118_Y_B_H3INS` should have an upper case name
    --> /home/runner/work/_temp/deflate-upstream/data/verification-workspace/verify-t2srlpi6/slot/generated/parse.rs:4975:11
     |
4975 | pub const u118_Y_B_H3INS: usize = 1;
     |           ^^^^^^^^^^^^^^ help: convert the identifier to upper case: `U118_Y_B_H3_INS`

warning: constant `u118_Y_B_C0Q` should have an upper case name
    --> /home/runner/work/_temp/deflate-upstream/data/verification-workspace/verify-t2srlpi6/slot/generated/parse.rs:4976:11
     |
4976 | pub const u118_Y_B_C0Q: [usize; 8] = [44, 44, 44, 44, 44, 44, 44, 44];
     |           ^^^^^^^^^^^^ help: convert the identifier to upper case: `U118_Y_B_C0_Q`

warning: constant `u118_Y_B_C0L` should have an upper case name
    --> /home/runner/work/_temp/deflate-upstream/data/verification-workspace/verify-t2srlpi6/slot/generated/parse.rs:4977:11
     |
4977 | pub const u118_Y_B_C0L: [usize; 8] = [44, 44, 44, 44, 44, 44, 44, 44];
     |           ^^^^^^^^^^^^ help: convert the identifier to upper case: `U118_Y_B_C0_L`

warning: constant `u118_Y_B_DEPTHL` should have an upper case name
    --> /home/runner/work/_temp/deflate-upstream/data/verification-workspace/verify-t2srlpi6/slot/generated/parse.rs:4978:11
     |
4978 | pub const u118_Y_B_DEPTHL: [usize; 8] = [12, 12, 12, 12, 12, 12, 12, 12];
     |           ^^^^^^^^^^^^^^^ help: convert the identifier to upper case (notice the capitalization): `U118_Y_B_DEPTHL`

warning: constant `u118_Y_B_M3` should have an upper case name
    --> /home/runner/work/_temp/deflate-upstream/data/verification-workspace/verify-t2srlpi6/slot/generated/parse.rs:4979:11
     |
4979 | pub const u118_Y_B_M3: [usize; 8] = [0, 0, 0, 0, 0, 0, 0, 0];
     |           ^^^^^^^^^^^ help: convert the identifier to upper case (notice the capitalization): `U118_Y_B_M3`

warning: constant `u118_Y_B_DEPTH3M` should have an upper case name
    --> /home/runner/work/_temp/deflate-upstream/data/verification-workspace/verify-t2srlpi6/slot/generated/parse.rs:4980:11
     |
4980 | pub const u118_Y_B_DEPTH3M: [usize; 8] = [12, 12, 12, 12, 12, 12, 12, 12];
     |           ^^^^^^^^^^^^^^^^ help: convert the identifier to upper case: `U118_Y_B_DEPTH3_M`

warning: constant `u118_Y_B_M3E` should have an upper case name
    --> /home/runner/work/_temp/deflate-upstream/data/verification-workspace/verify-t2srlpi6/slot/generated/parse.rs:4981:11
     |
4981 | pub const u118_Y_B_M3E: [usize; 8] = [1900, 1900, 1900, 1900, 1900, 1900, 1900, 1900];
     |           ^^^^^^^^^^^^ help: convert the identifier to upper case: `U118_Y_B_M3_E`

warning: constant `u118_Y_B_M3Z` should have an upper case name
    --> /home/runner/work/_temp/deflate-upstream/data/verification-workspace/verify-t2srlpi6/slot/generated/parse.rs:4982:11
     |
4982 | pub const u118_Y_B_M3Z: [usize; 8] = [15, 15, 15, 15, 15, 15, 15, 15];
     |           ^^^^^^^^^^^^ help: convert the identifier to upper case: `U118_Y_B_M3_Z`

warning: constant `u118_Y_B_LZB` should have an upper case name
    --> /home/runner/work/_temp/deflate-upstream/data/verification-workspace/verify-t2srlpi6/slot/generated/parse.rs:4983:11
     |
4983 | pub const u118_Y_B_LZB: usize = 0;
     |           ^^^^^^^^^^^^ help: convert the identifier to upper case (notice the capitalization): `U118_Y_B_LZB`

warning: constant `u118_Y_B_BONUS` should have an upper case name
    --> /home/runner/work/_temp/deflate-upstream/data/verification-workspace/verify-t2srlpi6/slot/generated/parse.rs:4984:11
     |
4984 | pub const u118_Y_B_BONUS: usize = 0;
     |           ^^^^^^^^^^^^^^ help: convert the identifier to upper case (notice the capitalization): `U118_Y_B_BONUS`

warning: constant `u118_Y_B_EXT` should have an upper case name
    --> /home/runner/work/_temp/deflate-upstream/data/verification-workspace/verify-t2srlpi6/slot/generated/parse.rs:4985:11
     |
4985 | pub const u118_Y_B_EXT: usize = 1;
     |           ^^^^^^^^^^^^ help: convert the identifier to upper case (notice the capitalization): `U118_Y_B_EXT`

warning: constant `u118_Y_B_DIGN` should have an upper case name
    --> /home/runner/work/_temp/deflate-upstream/data/verification-workspace/verify-t2srlpi6/slot/generated/parse.rs:4986:11
     |
4986 | pub const u118_Y_B_DIGN: [usize; 8] = [200, 200, 200, 200, 200, 200, 200, 200];
     |           ^^^^^^^^^^^^^ help: convert the identifier to upper case (notice the capitalization): `U118_Y_B_DIGN`

warning: constant `u118_Y_B_DN` should have an upper case name
    --> /home/runner/work/_temp/deflate-upstream/data/verification-workspace/verify-t2srlpi6/slot/generated/parse.rs:4987:11
     |
4987 | pub const u118_Y_B_DN: [usize; 8] = [4, 2, 4, 4, 4, 4, 4, 4];
     |           ^^^^^^^^^^^ help: convert the identifier to upper case (notice the capitalization): `U118_Y_B_DN`

warning: constant `u118_Y_B_P2N` should have an upper case name
    --> /home/runner/work/_temp/deflate-upstream/data/verification-workspace/verify-t2srlpi6/slot/generated/parse.rs:4988:11
     |
4988 | pub const u118_Y_B_P2N: [usize; 8] = [2, 2, 2, 2, 2, 2, 2, 2];
     |           ^^^^^^^^^^^^ help: convert the identifier to upper case: `U118_Y_B_P2_N`

warning: constant `u118_Y_B_LQN` should have an upper case name
    --> /home/runner/work/_temp/deflate-upstream/data/verification-workspace/verify-t2srlpi6/slot/generated/parse.rs:4989:11
     |
4989 | pub const u118_Y_B_LQN: [usize; 8] = [20, 20, 20, 20, 20, 20, 20, 20];
     |           ^^^^^^^^^^^^ help: convert the identifier to upper case (notice the capitalization): `U118_Y_B_LQN`

warning: constant `u118_Y_B_NBIG` should have an upper case name
    --> /home/runner/work/_temp/deflate-upstream/data/verification-workspace/verify-t2srlpi6/slot/generated/parse.rs:4990:11
     |
4990 | pub const u118_Y_B_NBIG: [usize; 8] = [65536, 65536, 65536, 65536, 65536, 65536, 65536, 65536];
     |           ^^^^^^^^^^^^^ help: convert the identifier to upper case (notice the capitalization): `U118_Y_B_NBIG`

warning: constant `u118_Y_B_GOODL` should have an upper case name
    --> /home/runner/work/_temp/deflate-upstream/data/verification-workspace/verify-t2srlpi6/slot/generated/parse.rs:4991:11
     |
4991 | pub const u118_Y_B_GOODL: usize = 258;
     |           ^^^^^^^^^^^^^^ help: convert the identifier to upper case (notice the capitalization): `U118_Y_B_GOODL`

warning: constant `u118_Y_B_P2G` should have an upper case name
    --> /home/runner/work/_temp/deflate-upstream/data/verification-workspace/verify-t2srlpi6/slot/generated/parse.rs:4992:11
     |
4992 | pub const u118_Y_B_P2G: usize = 2;
     |           ^^^^^^^^^^^^ help: convert the identifier to upper case: `U118_Y_B_P2_G`

warning: constant `u118_Y_B_NSMALL` should have an upper case name
    --> /home/runner/work/_temp/deflate-upstream/data/verification-workspace/verify-t2srlpi6/slot/generated/parse.rs:4993:11
     |
4993 | pub const u118_Y_B_NSMALL: [usize; 8] = [65536, 65536, 65536, 65536, 65536, 65536, 65536, 65536];
     |           ^^^^^^^^^^^^^^^ help: convert the identifier to upper case (notice the capitalization): `U118_Y_B_NSMALL`

warning: constant `u118_Y_B_BIAS` should have an upper case name
    --> /home/runner/work/_temp/deflate-upstream/data/verification-workspace/verify-t2srlpi6/slot/generated/parse.rs:4994:11
     |
4994 | pub const u118_Y_B_BIAS: usize = 4096;
     |           ^^^^^^^^^^^^^ help: convert the identifier to upper case (notice the capitalization): `U118_Y_B_BIAS`

warning: constant `u118_Y_B_SUFFIX_DEPTH` should have an upper case name
    --> /home/runner/work/_temp/deflate-upstream/data/verification-workspace/verify-t2srlpi6/slot/generated/parse.rs:5164:11
     |
5164 | pub const u118_Y_B_SUFFIX_DEPTH: usize = 6;
     |           ^^^^^^^^^^^^^^^^^^^^^ help: convert the identifier to upper case (notice the capitalization): `U118_Y_B_SUFFIX_DEPTH`

warning: constant `u118_Y_B_BACK_LIMIT` should have an upper case name
    --> /home/runner/work/_temp/deflate-upstream/data/verification-workspace/verify-t2srlpi6/slot/generated/parse.rs:5224:11
     |
5224 | pub const u118_Y_B_BACK_LIMIT: usize = 2;
     |           ^^^^^^^^^^^^^^^^^^^ help: convert the identifier to upper case (notice the capitalization): `U118_Y_B_BACK_LIMIT`

warning: constant `u118_Y_B_BACK_MATCH` should have an upper case name
    --> /home/runner/work/_temp/deflate-upstream/data/verification-workspace/verify-t2srlpi6/slot/generated/parse.rs:5225:11
     |
5225 | pub const u118_Y_B_BACK_MATCH: usize = 1;
     |           ^^^^^^^^^^^^^^^^^^^ help: convert the identifier to upper case (notice the capitalization): `U118_Y_B_BACK_MATCH`

warning: constant `u118_Y_B_FL_PMIN` should have an upper case name
    --> /home/runner/work/_temp/deflate-upstream/data/verification-workspace/verify-t2srlpi6/slot/generated/parse.rs:5259:11
     |
5259 | pub const u118_Y_B_FL_PMIN: [usize; 8] = [65536, 65536, 65536, 65536, 65536, 65536, 65536, 65536];
     |           ^^^^^^^^^^^^^^^^ help: convert the identifier to upper case (notice the capitalization): `U118_Y_B_FL_PMIN`

warning: constant `u118_Y_B_FL_PNC` should have an upper case name
    --> /home/runner/work/_temp/deflate-upstream/data/verification-workspace/verify-t2srlpi6/slot/generated/parse.rs:5260:11
     |
5260 | pub const u118_Y_B_FL_PNC: [usize; 8] = [16, 16, 16, 16, 16, 16, 16, 16];
     |           ^^^^^^^^^^^^^^^ help: convert the identifier to upper case (notice the capitalization): `U118_Y_B_FL_PNC`

warning: constant `u118_Y_B_FL_PCH` should have an upper case name
    --> /home/runner/work/_temp/deflate-upstream/data/verification-workspace/verify-t2srlpi6/slot/generated/parse.rs:5261:11
     |
5261 | pub const u118_Y_B_FL_PCH: usize = 256;
     |           ^^^^^^^^^^^^^^^ help: convert the identifier to upper case (notice the capitalization): `U118_Y_B_FL_PCH`

warning: constant `u118_Y_B_FL_RLE_TOP` should have an upper case name
    --> /home/runner/work/_temp/deflate-upstream/data/verification-workspace/verify-t2srlpi6/slot/generated/parse.rs:5262:11
     |
5262 | pub const u118_Y_B_FL_RLE_TOP: [usize; 8] = [192, 192, 192, 192, 192, 192, 192, 192];
     |           ^^^^^^^^^^^^^^^^^^^ help: convert the identifier to upper case (notice the capitalization): `U118_Y_B_FL_RLE_TOP`

warning: constant `u118_Y_B_FL_DNA_THR` should have an upper case name
    --> /home/runner/work/_temp/deflate-upstream/data/verification-workspace/verify-t2srlpi6/slot/generated/parse.rs:5263:11
     |
5263 | pub const u118_Y_B_FL_DNA_THR: u32 = 64;
     |           ^^^^^^^^^^^^^^^^^^^ help: convert the identifier to upper case (notice the capitalization): `U118_Y_B_FL_DNA_THR`

warning: constant `u118_Y_B_FL_DNA_DEPTH` should have an upper case name
    --> /home/runner/work/_temp/deflate-upstream/data/verification-workspace/verify-t2srlpi6/slot/generated/parse.rs:5264:11
     |
5264 | pub const u118_Y_B_FL_DNA_DEPTH: usize = 64;
     |           ^^^^^^^^^^^^^^^^^^^^^ help: convert the identifier to upper case (notice the capitalization): `U118_Y_B_FL_DNA_DEPTH`

warning: constant `u118_Y_B_FL_DNA_M0` should have an upper case name
    --> /home/runner/work/_temp/deflate-upstream/data/verification-workspace/verify-t2srlpi6/slot/generated/parse.rs:5265:11
     |
5265 | pub const u118_Y_B_FL_DNA_M0: usize = 12;
     |           ^^^^^^^^^^^^^^^^^^ help: convert the identifier to upper case (notice the capitalization): `U118_Y_B_FL_DNA_M0`

warning: constant `u118_Y_B_FL_CMAX` should have an upper case name
    --> /home/runner/work/_temp/deflate-upstream/data/verification-workspace/verify-t2srlpi6/slot/generated/parse.rs:5266:11
     |
5266 | pub const u118_Y_B_FL_CMAX: u32 = 192;
     |           ^^^^^^^^^^^^^^^^ help: convert the identifier to upper case (notice the capitalization): `U118_Y_B_FL_CMAX`

warning: constant `u118_Y_B_FL_HIGH` should have an upper case name
    --> /home/runner/work/_temp/deflate-upstream/data/verification-workspace/verify-t2srlpi6/slot/generated/parse.rs:5267:11
     |
5267 | pub const u118_Y_B_FL_HIGH: [usize; 8] = [104, 104, 104, 104, 104, 104, 104, 104];
     |           ^^^^^^^^^^^^^^^^ help: convert the identifier to upper case (notice the capitalization): `U118_Y_B_FL_HIGH`

warning: constant `u118_Y_B_FL_DBZ` should have an upper case name
    --> /home/runner/work/_temp/deflate-upstream/data/verification-workspace/verify-t2srlpi6/slot/generated/parse.rs:5268:11
     |
5268 | pub const u118_Y_B_FL_DBZ: [usize; 8] = [8, 8, 8, 8, 8, 8, 8, 8];
     |           ^^^^^^^^^^^^^^^ help: convert the identifier to upper case (notice the capitalization): `U118_Y_B_FL_DBZ`

warning: constant `u118_Y_B_FL_DBNP` should have an upper case name
    --> /home/runner/work/_temp/deflate-upstream/data/verification-workspace/verify-t2srlpi6/slot/generated/parse.rs:5269:11
     |
5269 | pub const u118_Y_B_FL_DBNP: [usize; 8] = [110, 110, 110, 110, 110, 110, 110, 110];
     |           ^^^^^^^^^^^^^^^^ help: convert the identifier to upper case (notice the capitalization): `U118_Y_B_FL_DBNP`

warning: constant `u118_Y_B_FL_USE_T` should have an upper case name
    --> /home/runner/work/_temp/deflate-upstream/data/verification-workspace/verify-t2srlpi6/slot/generated/parse.rs:5270:11
     |
5270 | pub const u118_Y_B_FL_USE_T: [usize; 8] = [1, 1, 1, 1, 1, 1, 1, 1];
     |           ^^^^^^^^^^^^^^^^^ help: convert the identifier to upper case (notice the capitalization): `U118_Y_B_FL_USE_T`

warning: constant `u118_Y_B_FL_USE_D` should have an upper case name
    --> /home/runner/work/_temp/deflate-upstream/data/verification-workspace/verify-t2srlpi6/slot/generated/parse.rs:5271:11
     |
5271 | pub const u118_Y_B_FL_USE_D: [usize; 8] = [0, 0, 0, 0, 0, 0, 0, 0];
     |           ^^^^^^^^^^^^^^^^^ help: convert the identifier to upper case (notice the capitalization): `U118_Y_B_FL_USE_D`

warning: constant `u118_Y_B_FL_USE_H` should have an upper case name
    --> /home/runner/work/_temp/deflate-upstream/data/verification-workspace/verify-t2srlpi6/slot/generated/parse.rs:5272:11
     |
5272 | pub const u118_Y_B_FL_USE_H: [usize; 8] = [0, 0, 0, 0, 0, 0, 0, 0];
     |           ^^^^^^^^^^^^^^^^^ help: convert the identifier to upper case (notice the capitalization): `U118_Y_B_FL_USE_H`

warning: constant `u118_Y_B_FL_USE_LIT` should have an upper case name
    --> /home/runner/work/_temp/deflate-upstream/data/verification-workspace/verify-t2srlpi6/slot/generated/parse.rs:5273:11
     |
5273 | pub const u118_Y_B_FL_USE_LIT: [usize; 8] = [1, 1, 1, 1, 1, 1, 1, 1];
     |           ^^^^^^^^^^^^^^^^^^^ help: convert the identifier to upper case (notice the capitalization): `U118_Y_B_FL_USE_LIT`

warning: constant `u118_Y_B_FT_DEPTH` should have an upper case name
    --> /home/runner/work/_temp/deflate-upstream/data/verification-workspace/verify-t2srlpi6/slot/generated/parse.rs:5275:11
     |
5275 | pub const u118_Y_B_FT_DEPTH: [usize; 8] = [16, 16, 16, 16, 16, 16, 16, 16];
     |           ^^^^^^^^^^^^^^^^^ help: convert the identifier to upper case (notice the capitalization): `U118_Y_B_FT_DEPTH`

warning: constant `u118_Y_B_FT_DEPTH2` should have an upper case name
    --> /home/runner/work/_temp/deflate-upstream/data/verification-workspace/verify-t2srlpi6/slot/generated/parse.rs:5276:11
     |
5276 | pub const u118_Y_B_FT_DEPTH2: [usize; 8] = [2, 2, 2, 2, 2, 2, 2, 2];
     |           ^^^^^^^^^^^^^^^^^^ help: convert the identifier to upper case (notice the capitalization): `U118_Y_B_FT_DEPTH2`

warning: constant `u118_Y_B_FT_LAZY` should have an upper case name
    --> /home/runner/work/_temp/deflate-upstream/data/verification-workspace/verify-t2srlpi6/slot/generated/parse.rs:5277:11
     |
5277 | pub const u118_Y_B_FT_LAZY: [usize; 8] = [259, 259, 259, 259, 259, 259, 259, 259];
     |           ^^^^^^^^^^^^^^^^ help: convert the identifier to upper case (notice the capitalization): `U118_Y_B_FT_LAZY`

warning: constant `u118_Y_B_FT_NICE` should have an upper case name
    --> /home/runner/work/_temp/deflate-upstream/data/verification-workspace/verify-t2srlpi6/slot/generated/parse.rs:5278:11
     |
5278 | pub const u118_Y_B_FT_NICE: [usize; 8] = [258, 258, 258, 258, 258, 258, 258, 258];
     |           ^^^^^^^^^^^^^^^^ help: convert the identifier to upper case (notice the capitalization): `U118_Y_B_FT_NICE`

warning: constant `u118_Y_B_FT_IH` should have an upper case name
    --> /home/runner/work/_temp/deflate-upstream/data/verification-workspace/verify-t2srlpi6/slot/generated/parse.rs:5279:11
     |
5279 | pub const u118_Y_B_FT_IH: [usize; 8] = [64, 64, 64, 64, 64, 64, 64, 64];
     |           ^^^^^^^^^^^^^^ help: convert the identifier to upper case (notice the capitalization): `U118_Y_B_FT_IH`

warning: constant `u118_Y_B_FT_IT` should have an upper case name
    --> /home/runner/work/_temp/deflate-upstream/data/verification-workspace/verify-t2srlpi6/slot/generated/parse.rs:5280:11
     |
5280 | pub const u118_Y_B_FT_IT: [usize; 8] = [16, 16, 16, 16, 16, 16, 16, 16];
     |           ^^^^^^^^^^^^^^ help: convert the identifier to upper case (notice the capitalization): `U118_Y_B_FT_IT`

warning: constant `u118_Y_B_FT_ACC` should have an upper case name
    --> /home/runner/work/_temp/deflate-upstream/data/verification-workspace/verify-t2srlpi6/slot/generated/parse.rs:5281:11
     |
5281 | pub const u118_Y_B_FT_ACC: [usize; 8] = [63, 63, 63, 63, 63, 63, 63, 63];
     |           ^^^^^^^^^^^^^^^ help: convert the identifier to upper case (notice the capitalization): `U118_Y_B_FT_ACC`

warning: constant `u118_Y_B_FD_DEPTH` should have an upper case name
    --> /home/runner/work/_temp/deflate-upstream/data/verification-workspace/verify-t2srlpi6/slot/generated/parse.rs:5282:11
     |
5282 | pub const u118_Y_B_FD_DEPTH: [usize; 8] = [12, 12, 12, 12, 12, 12, 12, 12];
     |           ^^^^^^^^^^^^^^^^^ help: convert the identifier to upper case (notice the capitalization): `U118_Y_B_FD_DEPTH`

warning: constant `u118_Y_B_FD_DEPTH2` should have an upper case name
    --> /home/runner/work/_temp/deflate-upstream/data/verification-workspace/verify-t2srlpi6/slot/generated/parse.rs:5283:11
     |
5283 | pub const u118_Y_B_FD_DEPTH2: [usize; 8] = [2, 2, 2, 2, 2, 2, 2, 2];
     |           ^^^^^^^^^^^^^^^^^^ help: convert the identifier to upper case (notice the capitalization): `U118_Y_B_FD_DEPTH2`

warning: constant `u118_Y_B_FD_LAZY` should have an upper case name
    --> /home/runner/work/_temp/deflate-upstream/data/verification-workspace/verify-t2srlpi6/slot/generated/parse.rs:5284:11
     |
5284 | pub const u118_Y_B_FD_LAZY: [usize; 8] = [259, 259, 259, 259, 259, 259, 259, 259];
     |           ^^^^^^^^^^^^^^^^ help: convert the identifier to upper case (notice the capitalization): `U118_Y_B_FD_LAZY`

warning: constant `u118_Y_B_FD_NICE` should have an upper case name
    --> /home/runner/work/_temp/deflate-upstream/data/verification-workspace/verify-t2srlpi6/slot/generated/parse.rs:5285:11
     |
5285 | pub const u118_Y_B_FD_NICE: [usize; 8] = [258, 258, 258, 258, 258, 258, 258, 258];
     |           ^^^^^^^^^^^^^^^^ help: convert the identifier to upper case (notice the capitalization): `U118_Y_B_FD_NICE`

warning: constant `u118_Y_B_FD_IH` should have an upper case name
    --> /home/runner/work/_temp/deflate-upstream/data/verification-workspace/verify-t2srlpi6/slot/generated/parse.rs:5286:11
     |
5286 | pub const u118_Y_B_FD_IH: [usize; 8] = [64, 64, 64, 64, 64, 64, 64, 64];
     |           ^^^^^^^^^^^^^^ help: convert the identifier to upper case (notice the capitalization): `U118_Y_B_FD_IH`

warning: constant `u118_Y_B_FD_IT` should have an upper case name
    --> /home/runner/work/_temp/deflate-upstream/data/verification-workspace/verify-t2srlpi6/slot/generated/parse.rs:5287:11
     |
5287 | pub const u118_Y_B_FD_IT: [usize; 8] = [16, 16, 16, 16, 16, 16, 16, 16];
     |           ^^^^^^^^^^^^^^ help: convert the identifier to upper case (notice the capitalization): `U118_Y_B_FD_IT`

warning: constant `u118_Y_B_FD_ACC` should have an upper case name
    --> /home/runner/work/_temp/deflate-upstream/data/verification-workspace/verify-t2srlpi6/slot/generated/parse.rs:5288:11
     |
5288 | pub const u118_Y_B_FD_ACC: [usize; 8] = [63, 63, 63, 63, 63, 63, 63, 63];
     |           ^^^^^^^^^^^^^^^ help: convert the identifier to upper case (notice the capitalization): `U118_Y_B_FD_ACC`

warning: constant `u118_Y_B_FH_DEPTH` should have an upper case name
    --> /home/runner/work/_temp/deflate-upstream/data/verification-workspace/verify-t2srlpi6/slot/generated/parse.rs:5289:11
     |
5289 | pub const u118_Y_B_FH_DEPTH: [usize; 8] = [6, 6, 6, 6, 6, 6, 6, 6];
     |           ^^^^^^^^^^^^^^^^^ help: convert the identifier to upper case (notice the capitalization): `U118_Y_B_FH_DEPTH`

warning: constant `u118_Y_B_FH_DEPTH2` should have an upper case name
    --> /home/runner/work/_temp/deflate-upstream/data/verification-workspace/verify-t2srlpi6/slot/generated/parse.rs:5290:11
     |
5290 | pub const u118_Y_B_FH_DEPTH2: [usize; 8] = [2, 2, 2, 2, 2, 2, 2, 2];
     |           ^^^^^^^^^^^^^^^^^^ help: convert the identifier to upper case (notice the capitalization): `U118_Y_B_FH_DEPTH2`

warning: constant `u118_Y_B_FH_LAZY` should have an upper case name
    --> /home/runner/work/_temp/deflate-upstream/data/verification-workspace/verify-t2srlpi6/slot/generated/parse.rs:5291:11
     |
5291 | pub const u118_Y_B_FH_LAZY: [usize; 8] = [32, 32, 32, 32, 32, 32, 32, 32];
     |           ^^^^^^^^^^^^^^^^ help: convert the identifier to upper case (notice the capitalization): `U118_Y_B_FH_LAZY`

warning: constant `u118_Y_B_FH_NICE` should have an upper case name
    --> /home/runner/work/_temp/deflate-upstream/data/verification-workspace/verify-t2srlpi6/slot/generated/parse.rs:5292:11
     |
5292 | pub const u118_Y_B_FH_NICE: [usize; 8] = [64, 64, 64, 64, 64, 64, 64, 64];
     |           ^^^^^^^^^^^^^^^^ help: convert the identifier to upper case (notice the capitalization): `U118_Y_B_FH_NICE`

warning: constant `u118_Y_B_FH_IH` should have an upper case name
    --> /home/runner/work/_temp/deflate-upstream/data/verification-workspace/verify-t2srlpi6/slot/generated/parse.rs:5293:11
     |
5293 | pub const u118_Y_B_FH_IH: [usize; 8] = [64, 64, 64, 64, 64, 64, 64, 64];
     |           ^^^^^^^^^^^^^^ help: convert the identifier to upper case (notice the capitalization): `U118_Y_B_FH_IH`

warning: constant `u118_Y_B_FH_IT` should have an upper case name
    --> /home/runner/work/_temp/deflate-upstream/data/verification-workspace/verify-t2srlpi6/slot/generated/parse.rs:5294:11
     |
5294 | pub const u118_Y_B_FH_IT: [usize; 8] = [16, 16, 16, 16, 16, 16, 16, 16];
     |           ^^^^^^^^^^^^^^ help: convert the identifier to upper case (notice the capitalization): `U118_Y_B_FH_IT`

warning: constant `u118_Y_B_FH_ACC` should have an upper case name
    --> /home/runner/work/_temp/deflate-upstream/data/verification-workspace/verify-t2srlpi6/slot/generated/parse.rs:5295:11
     |
5295 | pub const u118_Y_B_FH_ACC: [usize; 8] = [7, 7, 7, 7, 7, 7, 7, 7];
     |           ^^^^^^^^^^^^^^^ help: convert the identifier to upper case (notice the capitalization): `U118_Y_B_FH_ACC`

warning: constant `u118_Y_B_FL_GOOD` should have an upper case name
    --> /home/runner/work/_temp/deflate-upstream/data/verification-workspace/verify-t2srlpi6/slot/generated/parse.rs:5296:11
     |
5296 | pub const u118_Y_B_FL_GOOD: usize = 8;
     |           ^^^^^^^^^^^^^^^^ help: convert the identifier to upper case (notice the capitalization): `U118_Y_B_FL_GOOD`

warning: constant `u118_Y_B_FL_LITQ` should have an upper case name
    --> /home/runner/work/_temp/deflate-upstream/data/verification-workspace/verify-t2srlpi6/slot/generated/parse.rs:5297:11
     |
5297 | pub const u118_Y_B_FL_LITQ: [usize; 8] = [32, 32, 32, 32, 32, 32, 32, 32];
     |           ^^^^^^^^^^^^^^^^ help: convert the identifier to upper case (notice the capitalization): `U118_Y_B_FL_LITQ`

warning: constant `u118_Y_B_FL_LADJ` should have an upper case name
    --> /home/runner/work/_temp/deflate-upstream/data/verification-workspace/verify-t2srlpi6/slot/generated/parse.rs:5298:11
     |
5298 | pub const u118_Y_B_FL_LADJ: [usize; 8] = [4, 4, 4, 4, 4, 4, 4, 4];
     |           ^^^^^^^^^^^^^^^^ help: convert the identifier to upper case (notice the capitalization): `U118_Y_B_FL_LADJ`

warning: constant `u118_Y_B_FL_HLOW` should have an upper case name
    --> /home/runner/work/_temp/deflate-upstream/data/verification-workspace/verify-t2srlpi6/slot/generated/parse.rs:5299:11
     |
5299 | pub const u118_Y_B_FL_HLOW: [usize; 8] = [900, 900, 900, 900, 900, 900, 900, 900];
     |           ^^^^^^^^^^^^^^^^ help: convert the identifier to upper case (notice the capitalization): `U118_Y_B_FL_HLOW`

warning: constant `u118_Y_B_FL_C0Q` should have an upper case name
    --> /home/runner/work/_temp/deflate-upstream/data/verification-workspace/verify-t2srlpi6/slot/generated/parse.rs:5300:11
     |
5300 | pub const u118_Y_B_FL_C0Q: usize = 44;
     |           ^^^^^^^^^^^^^^^ help: convert the identifier to upper case: `U118_Y_B_FL_C0_Q`

warning: constant `u118_Y_B_FL_LOGF` should have an upper case name
    --> /home/runner/work/_temp/deflate-upstream/data/verification-workspace/verify-t2srlpi6/slot/generated/parse.rs:5354:11
     |
5354 | pub const u118_Y_B_FL_LOGF: [u32; 16] = [0, 1, 3, 4, 5, 6, 7, 8, 9, 10, 11, 12, 13, 14, 15, 15];
     |           ^^^^^^^^^^^^^^^^ help: convert the identifier to upper case (notice the capitalization): `U118_Y_B_FL_LOGF`

warning: constant `u118_FX0_HB` should have an upper case name
    --> /home/runner/work/_temp/deflate-upstream/data/verification-workspace/verify-t2srlpi6/slot/generated/parse.rs:5645:11
     |
5645 | pub const u118_FX0_HB: u32 = 15;
     |           ^^^^^^^^^^^ help: convert the identifier to upper case (notice the capitalization): `U118_FX0_HB`

warning: constant `u118_FX0_HN` should have an upper case name
    --> /home/runner/work/_temp/deflate-upstream/data/verification-workspace/verify-t2srlpi6/slot/generated/parse.rs:5646:11
     |
5646 | pub const u118_FX0_HN: usize = 32768;
     |           ^^^^^^^^^^^ help: convert the identifier to upper case (notice the capitalization): `U118_FX0_HN`

warning: constant `u118_FX0_WN` should have an upper case name
    --> /home/runner/work/_temp/deflate-upstream/data/verification-workspace/verify-t2srlpi6/slot/generated/parse.rs:5647:11
     |
5647 | pub const u118_FX0_WN: usize = 32768;
     |           ^^^^^^^^^^^ help: convert the identifier to upper case (notice the capitalization): `U118_FX0_WN`

warning: constant `u118_FX0_SMALL` should have an upper case name
    --> /home/runner/work/_temp/deflate-upstream/data/verification-workspace/verify-t2srlpi6/slot/generated/parse.rs:5649:11
     |
5649 | pub const u118_FX0_SMALL: usize = 65536;
     |           ^^^^^^^^^^^^^^ help: convert the identifier to upper case (notice the capitalization): `U118_FX0_SMALL`

warning: constant `u118_FX0_HS` should have an upper case name
    --> /home/runner/work/_temp/deflate-upstream/data/verification-workspace/verify-t2srlpi6/slot/generated/parse.rs:5650:11
     |
5650 | pub const u118_FX0_HS: usize = 4096;
     |           ^^^^^^^^^^^ help: convert the identifier to upper case (notice the capitalization): `U118_FX0_HS`

warning: constant `u118_FX0_WS` should have an upper case name
    --> /home/runner/work/_temp/deflate-upstream/data/verification-workspace/verify-t2srlpi6/slot/generated/parse.rs:5651:11
     |
5651 | pub const u118_FX0_WS: usize = 16384;
     |           ^^^^^^^^^^^ help: convert the identifier to upper case (notice the capitalization): `U118_FX0_WS`

warning: constant `u118_FX0_NICE` should have an upper case name
    --> /home/runner/work/_temp/deflate-upstream/data/verification-workspace/verify-t2srlpi6/slot/generated/parse.rs:5652:11
     |
5652 | pub const u118_FX0_NICE: usize = 32;
     |           ^^^^^^^^^^^^^ help: convert the identifier to upper case (notice the capitalization): `U118_FX0_NICE`

warning: constant `u118_FX0_INS_MAX` should have an upper case name
    --> /home/runner/work/_temp/deflate-upstream/data/verification-workspace/verify-t2srlpi6/slot/generated/parse.rs:5653:11
     |
5653 | pub const u118_FX0_INS_MAX: usize = 2;
     |           ^^^^^^^^^^^^^^^^ help: convert the identifier to upper case (notice the capitalization): `U118_FX0_INS_MAX`

warning: constant `u118_FX0_TAIL` should have an upper case name
    --> /home/runner/work/_temp/deflate-upstream/data/verification-workspace/verify-t2srlpi6/slot/generated/parse.rs:5654:11
     |
5654 | pub const u118_FX0_TAIL: usize = 1;
     |           ^^^^^^^^^^^^^ help: convert the identifier to upper case (notice the capitalization): `U118_FX0_TAIL`

warning: constant `u118_FX0_STRIDE` should have an upper case name
    --> /home/runner/work/_temp/deflate-upstream/data/verification-workspace/verify-t2srlpi6/slot/generated/parse.rs:5657:11
     |
5657 | pub const u118_FX0_STRIDE: usize = 0;
     |           ^^^^^^^^^^^^^^^ help: convert the identifier to upper case (notice the capitalization): `U118_FX0_STRIDE`

warning: constant `u118_FX0_BACKTOK` should have an upper case name
    --> /home/runner/work/_temp/deflate-upstream/data/verification-workspace/verify-t2srlpi6/slot/generated/parse.rs:5658:11
     |
5658 | pub const u118_FX0_BACKTOK: usize = 16;
     |           ^^^^^^^^^^^^^^^^ help: convert the identifier to upper case (notice the capitalization): `U118_FX0_BACKTOK`

warning: constant `u118_FX0_LDEPTH` should have an upper case name
    --> /home/runner/work/_temp/deflate-upstream/data/verification-workspace/verify-t2srlpi6/slot/generated/parse.rs:5659:11
     |
5659 | pub const u118_FX0_LDEPTH: usize = 1;
     |           ^^^^^^^^^^^^^^^ help: convert the identifier to upper case (notice the capitalization): `U118_FX0_LDEPTH`

warning: constant `u118_FX0_SAMPLE` should have an upper case name
    --> /home/runner/work/_temp/deflate-upstream/data/verification-workspace/verify-t2srlpi6/slot/generated/parse.rs:5660:11
     |
5660 | pub const u118_FX0_SAMPLE: usize = 2048;
     |           ^^^^^^^^^^^^^^^ help: convert the identifier to upper case (notice the capitalization): `U118_FX0_SAMPLE`

warning: constant `u118_FX0_VERIFY` should have an upper case name
    --> /home/runner/work/_temp/deflate-upstream/data/verification-workspace/verify-t2srlpi6/slot/generated/parse.rs:5661:11
     |
5661 | pub const u118_FX0_VERIFY: usize = 0;
     |           ^^^^^^^^^^^^^^^ help: convert the identifier to upper case (notice the capitalization): `U118_FX0_VERIFY`

warning: constant `u118_FX0_LSLACK` should have an upper case name
    --> /home/runner/work/_temp/deflate-upstream/data/verification-workspace/verify-t2srlpi6/slot/generated/parse.rs:5665:11
     |
5665 | pub const u118_FX0_LSLACK: usize = 1;
     |           ^^^^^^^^^^^^^^^ help: convert the identifier to upper case (notice the capitalization): `U118_FX0_LSLACK`

warning: constant `u118_FX0_HLIT` should have an upper case name
    --> /home/runner/work/_temp/deflate-upstream/data/verification-workspace/verify-t2srlpi6/slot/generated/parse.rs:5666:11
     |
5666 | pub const u118_FX0_HLIT: u32 = 80;
     |           ^^^^^^^^^^^^^ help: convert the identifier to upper case (notice the capitalization): `U118_FX0_HLIT`

warning: constant `u118_FX0_GBASE` should have an upper case name
    --> /home/runner/work/_temp/deflate-upstream/data/verification-workspace/verify-t2srlpi6/slot/generated/parse.rs:5667:11
     |
5667 | pub const u118_FX0_GBASE: i32 = 168;
     |           ^^^^^^^^^^^^^^ help: convert the identifier to upper case (notice the capitalization): `U118_FX0_GBASE`

warning: constant `u118_FX0_T_DEPTH` should have an upper case name
    --> /home/runner/work/_temp/deflate-upstream/data/verification-workspace/verify-t2srlpi6/slot/generated/parse.rs:5671:11
     |
5671 | pub const u118_FX0_T_DEPTH: usize = 2;
     |           ^^^^^^^^^^^^^^^^ help: convert the identifier to upper case (notice the capitalization): `U118_FX0_T_DEPTH`

warning: constant `u118_FX0_T_LAZY` should have an upper case name
    --> /home/runner/work/_temp/deflate-upstream/data/verification-workspace/verify-t2srlpi6/slot/generated/parse.rs:5672:11
     |
5672 | pub const u118_FX0_T_LAZY: usize = 0;
     |           ^^^^^^^^^^^^^^^ help: convert the identifier to upper case (notice the capitalization): `U118_FX0_T_LAZY`

warning: constant `u118_FX0_T_SKIP` should have an upper case name
    --> /home/runner/work/_temp/deflate-upstream/data/verification-workspace/verify-t2srlpi6/slot/generated/parse.rs:5673:11
     |
5673 | pub const u118_FX0_T_SKIP: usize = 3;
     |           ^^^^^^^^^^^^^^^ help: convert the identifier to upper case (notice the capitalization): `U118_FX0_T_SKIP`

warning: constant `u118_FX0_P_DEPTH` should have an upper case name
    --> /home/runner/work/_temp/deflate-upstream/data/verification-workspace/verify-t2srlpi6/slot/generated/parse.rs:5674:11
     |
5674 | pub const u118_FX0_P_DEPTH: usize = 3;
     |           ^^^^^^^^^^^^^^^^ help: convert the identifier to upper case (notice the capitalization): `U118_FX0_P_DEPTH`

warning: constant `u118_FX0_P_LAZY` should have an upper case name
    --> /home/runner/work/_temp/deflate-upstream/data/verification-workspace/verify-t2srlpi6/slot/generated/parse.rs:5675:11
     |
5675 | pub const u118_FX0_P_LAZY: usize = 0;
     |           ^^^^^^^^^^^^^^^ help: convert the identifier to upper case (notice the capitalization): `U118_FX0_P_LAZY`

warning: constant `u118_FX0_P_SKIP` should have an upper case name
    --> /home/runner/work/_temp/deflate-upstream/data/verification-workspace/verify-t2srlpi6/slot/generated/parse.rs:5676:11
     |
5676 | pub const u118_FX0_P_SKIP: usize = 5;
     |           ^^^^^^^^^^^^^^^ help: convert the identifier to upper case (notice the capitalization): `U118_FX0_P_SKIP`

warning: constant `u118_FX0_H_DEPTH` should have an upper case name
    --> /home/runner/work/_temp/deflate-upstream/data/verification-workspace/verify-t2srlpi6/slot/generated/parse.rs:5677:11
     |
5677 | pub const u118_FX0_H_DEPTH: usize = 3;
     |           ^^^^^^^^^^^^^^^^ help: convert the identifier to upper case (notice the capitalization): `U118_FX0_H_DEPTH`

warning: constant `u118_FX0_H_LAZY` should have an upper case name
    --> /home/runner/work/_temp/deflate-upstream/data/verification-workspace/verify-t2srlpi6/slot/generated/parse.rs:5678:11
     |
5678 | pub const u118_FX0_H_LAZY: usize = 0;
     |           ^^^^^^^^^^^^^^^ help: convert the identifier to upper case (notice the capitalization): `U118_FX0_H_LAZY`

warning: constant `u118_FX0_H_SKIP` should have an upper case name
    --> /home/runner/work/_temp/deflate-upstream/data/verification-workspace/verify-t2srlpi6/slot/generated/parse.rs:5679:11
     |
5679 | pub const u118_FX0_H_SKIP: usize = 3;
     |           ^^^^^^^^^^^^^^^ help: convert the identifier to upper case (notice the capitalization): `U118_FX0_H_SKIP`

warning: constant `u118_FX0_Z_DEPTH` should have an upper case name
    --> /home/runner/work/_temp/deflate-upstream/data/verification-workspace/verify-t2srlpi6/slot/generated/parse.rs:5680:11
     |
5680 | pub const u118_FX0_Z_DEPTH: usize = 3;
     |           ^^^^^^^^^^^^^^^^ help: convert the identifier to upper case (notice the capitalization): `U118_FX0_Z_DEPTH`

warning: constant `u118_FX0_Z_SKIP` should have an upper case name
    --> /home/runner/work/_temp/deflate-upstream/data/verification-workspace/verify-t2srlpi6/slot/generated/parse.rs:5681:11
     |
5681 | pub const u118_FX0_Z_SKIP: usize = 6;
     |           ^^^^^^^^^^^^^^^ help: convert the identifier to upper case (notice the capitalization): `U118_FX0_Z_SKIP`

warning: constant `u118_FX0_Z_CAP` should have an upper case name
    --> /home/runner/work/_temp/deflate-upstream/data/verification-workspace/verify-t2srlpi6/slot/generated/parse.rs:5682:11
     |
5682 | pub const u118_FX0_Z_CAP: usize = 8;
     |           ^^^^^^^^^^^^^^ help: convert the identifier to upper case (notice the capitalization): `U118_FX0_Z_CAP`

warning: constant `u118_FX0_B_DEPTH` should have an upper case name
    --> /home/runner/work/_temp/deflate-upstream/data/verification-workspace/verify-t2srlpi6/slot/generated/parse.rs:5683:11
     |
5683 | pub const u118_FX0_B_DEPTH: usize = 4;
     |           ^^^^^^^^^^^^^^^^ help: convert the identifier to upper case (notice the capitalization): `U118_FX0_B_DEPTH`

warning: constant `u118_FX0_B_LAZY` should have an upper case name
    --> /home/runner/work/_temp/deflate-upstream/data/verification-workspace/verify-t2srlpi6/slot/generated/parse.rs:5684:11
     |
5684 | pub const u118_FX0_B_LAZY: usize = 3;
     |           ^^^^^^^^^^^^^^^ help: convert the identifier to upper case (notice the capitalization): `U118_FX0_B_LAZY`

warning: constant `u118_FX0_B_SKIP` should have an upper case name
    --> /home/runner/work/_temp/deflate-upstream/data/verification-workspace/verify-t2srlpi6/slot/generated/parse.rs:5685:11
     |
5685 | pub const u118_FX0_B_SKIP: usize = 4;
     |           ^^^^^^^^^^^^^^^ help: convert the identifier to upper case (notice the capitalization): `U118_FX0_B_SKIP`

warning: constant `u118_FX0_SDIG` should have an upper case name
    --> /home/runner/work/_temp/deflate-upstream/data/verification-workspace/verify-t2srlpi6/slot/generated/parse.rs:5688:11
     |
5688 | pub const u118_FX0_SDIG: u32 = 6;
     |           ^^^^^^^^^^^^^ help: convert the identifier to upper case (notice the capitalization): `U118_FX0_SDIG`

warning: constant `u118_FX0_S_DEPTH` should have an upper case name
    --> /home/runner/work/_temp/deflate-upstream/data/verification-workspace/verify-t2srlpi6/slot/generated/parse.rs:5689:11
     |
5689 | pub const u118_FX0_S_DEPTH: usize = 1;
     |           ^^^^^^^^^^^^^^^^ help: convert the identifier to upper case (notice the capitalization): `U118_FX0_S_DEPTH`

warning: constant `u118_FX0_S_LDEPTH` should have an upper case name
    --> /home/runner/work/_temp/deflate-upstream/data/verification-workspace/verify-t2srlpi6/slot/generated/parse.rs:5690:11
     |
5690 | pub const u118_FX0_S_LDEPTH: usize = 1;
     |           ^^^^^^^^^^^^^^^^^ help: convert the identifier to upper case (notice the capitalization): `U118_FX0_S_LDEPTH`

warning: constant `u118_FX0_S_LAZY` should have an upper case name
    --> /home/runner/work/_temp/deflate-upstream/data/verification-workspace/verify-t2srlpi6/slot/generated/parse.rs:5691:11
     |
5691 | pub const u118_FX0_S_LAZY: usize = 258;
     |           ^^^^^^^^^^^^^^^ help: convert the identifier to upper case (notice the capitalization): `U118_FX0_S_LAZY`

warning: constant `u118_FX0_SKCAP` should have an upper case name
    --> /home/runner/work/_temp/deflate-upstream/data/verification-workspace/verify-t2srlpi6/slot/generated/parse.rs:5693:11
     |
5693 | pub const u118_FX0_SKCAP: usize = 1000000;
     |           ^^^^^^^^^^^^^^ help: convert the identifier to upper case (notice the capitalization): `U118_FX0_SKCAP`

warning: constant `u118_FX3_HB` should have an upper case name
    --> /home/runner/work/_temp/deflate-upstream/data/verification-workspace/verify-t2srlpi6/slot/generated/parse.rs:5756:11
     |
5756 | pub const u118_FX3_HB: u32 = 15;
     |           ^^^^^^^^^^^ help: convert the identifier to upper case (notice the capitalization): `U118_FX3_HB`

warning: constant `u118_FX3_HN` should have an upper case name
    --> /home/runner/work/_temp/deflate-upstream/data/verification-workspace/verify-t2srlpi6/slot/generated/parse.rs:5757:11
     |
5757 | pub const u118_FX3_HN: usize = 32768;
     |           ^^^^^^^^^^^ help: convert the identifier to upper case (notice the capitalization): `U118_FX3_HN`

warning: constant `u118_FX3_WN` should have an upper case name
    --> /home/runner/work/_temp/deflate-upstream/data/verification-workspace/verify-t2srlpi6/slot/generated/parse.rs:5758:11
     |
5758 | pub const u118_FX3_WN: usize = 32768;
     |           ^^^^^^^^^^^ help: convert the identifier to upper case (notice the capitalization): `U118_FX3_WN`

warning: constant `u118_FX3_SMALL` should have an upper case name
    --> /home/runner/work/_temp/deflate-upstream/data/verification-workspace/verify-t2srlpi6/slot/generated/parse.rs:5759:11
     |
5759 | pub const u118_FX3_SMALL: usize = 65536;
     |           ^^^^^^^^^^^^^^ help: convert the identifier to upper case (notice the capitalization): `U118_FX3_SMALL`

warning: constant `u118_FX3_HS` should have an upper case name
    --> /home/runner/work/_temp/deflate-upstream/data/verification-workspace/verify-t2srlpi6/slot/generated/parse.rs:5760:11
     |
5760 | pub const u118_FX3_HS: usize = 4096;
     |           ^^^^^^^^^^^ help: convert the identifier to upper case (notice the capitalization): `U118_FX3_HS`

warning: constant `u118_FX3_WS` should have an upper case name
    --> /home/runner/work/_temp/deflate-upstream/data/verification-workspace/verify-t2srlpi6/slot/generated/parse.rs:5761:11
     |
5761 | pub const u118_FX3_WS: usize = 16384;
     |           ^^^^^^^^^^^ help: convert the identifier to upper case (notice the capitalization): `U118_FX3_WS`

warning: constant `u118_FX3_NICE` should have an upper case name
    --> /home/runner/work/_temp/deflate-upstream/data/verification-workspace/verify-t2srlpi6/slot/generated/parse.rs:5762:11
     |
5762 | pub const u118_FX3_NICE: usize = 32;
     |           ^^^^^^^^^^^^^ help: convert the identifier to upper case (notice the capitalization): `U118_FX3_NICE`

warning: constant `u118_FX3_INS_MAX` should have an upper case name
    --> /home/runner/work/_temp/deflate-upstream/data/verification-workspace/verify-t2srlpi6/slot/generated/parse.rs:5763:11
     |
5763 | pub const u118_FX3_INS_MAX: usize = 2;
     |           ^^^^^^^^^^^^^^^^ help: convert the identifier to upper case (notice the capitalization): `U118_FX3_INS_MAX`

warning: constant `u118_FX3_TAIL` should have an upper case name
    --> /home/runner/work/_temp/deflate-upstream/data/verification-workspace/verify-t2srlpi6/slot/generated/parse.rs:5764:11
     |
5764 | pub const u118_FX3_TAIL: usize = 1;
     |           ^^^^^^^^^^^^^ help: convert the identifier to upper case (notice the capitalization): `U118_FX3_TAIL`

warning: constant `u118_FX3_STRIDE` should have an upper case name
    --> /home/runner/work/_temp/deflate-upstream/data/verification-workspace/verify-t2srlpi6/slot/generated/parse.rs:5765:11
     |
5765 | pub const u118_FX3_STRIDE: usize = 0;
     |           ^^^^^^^^^^^^^^^ help: convert the identifier to upper case (notice the capitalization): `U118_FX3_STRIDE`

warning: constant `u118_FX3_BACKTOK` should have an upper case name
    --> /home/runner/work/_temp/deflate-upstream/data/verification-workspace/verify-t2srlpi6/slot/generated/parse.rs:5766:11
     |
5766 | pub const u118_FX3_BACKTOK: usize = 16;
     |           ^^^^^^^^^^^^^^^^ help: convert the identifier to upper case (notice the capitalization): `U118_FX3_BACKTOK`

warning: constant `u118_FX3_LDEPTH` should have an upper case name
    --> /home/runner/work/_temp/deflate-upstream/data/verification-workspace/verify-t2srlpi6/slot/generated/parse.rs:5767:11
     |
5767 | pub const u118_FX3_LDEPTH: usize = 1;
     |           ^^^^^^^^^^^^^^^ help: convert the identifier to upper case (notice the capitalization): `U118_FX3_LDEPTH`

warning: constant `u118_FX3_SAMPLE` should have an upper case name
    --> /home/runner/work/_temp/deflate-upstream/data/verification-workspace/verify-t2srlpi6/slot/generated/parse.rs:5768:11
     |
5768 | pub const u118_FX3_SAMPLE: usize = 2048;
     |           ^^^^^^^^^^^^^^^ help: convert the identifier to upper case (notice the capitalization): `U118_FX3_SAMPLE`

warning: constant `u118_FX3_VERIFY` should have an upper case name
    --> /home/runner/work/_temp/deflate-upstream/data/verification-workspace/verify-t2srlpi6/slot/generated/parse.rs:5769:11
     |
5769 | pub const u118_FX3_VERIFY: usize = 0;
     |           ^^^^^^^^^^^^^^^ help: convert the identifier to upper case (notice the capitalization): `U118_FX3_VERIFY`

warning: constant `u118_FX3_LSLACK` should have an upper case name
    --> /home/runner/work/_temp/deflate-upstream/data/verification-workspace/verify-t2srlpi6/slot/generated/parse.rs:5770:11
     |
5770 | pub const u118_FX3_LSLACK: usize = 1;
     |           ^^^^^^^^^^^^^^^ help: convert the identifier to upper case (notice the capitalization): `U118_FX3_LSLACK`

warning: constant `u118_FX3_HLIT` should have an upper case name
    --> /home/runner/work/_temp/deflate-upstream/data/verification-workspace/verify-t2srlpi6/slot/generated/parse.rs:5771:11
     |
5771 | pub const u118_FX3_HLIT: u32 = 80;
     |           ^^^^^^^^^^^^^ help: convert the identifier to upper case (notice the capitalization): `U118_FX3_HLIT`

warning: constant `u118_FX3_GBASE` should have an upper case name
    --> /home/runner/work/_temp/deflate-upstream/data/verification-workspace/verify-t2srlpi6/slot/generated/parse.rs:5772:11
     |
5772 | pub const u118_FX3_GBASE: i32 = 168;
     |           ^^^^^^^^^^^^^^ help: convert the identifier to upper case (notice the capitalization): `U118_FX3_GBASE`

warning: constant `u118_FX3_T_DEPTH` should have an upper case name
    --> /home/runner/work/_temp/deflate-upstream/data/verification-workspace/verify-t2srlpi6/slot/generated/parse.rs:5773:11
     |
5773 | pub const u118_FX3_T_DEPTH: usize = 2;
     |           ^^^^^^^^^^^^^^^^ help: convert the identifier to upper case (notice the capitalization): `U118_FX3_T_DEPTH`

warning: constant `u118_FX3_T_LAZY` should have an upper case name
    --> /home/runner/work/_temp/deflate-upstream/data/verification-workspace/verify-t2srlpi6/slot/generated/parse.rs:5774:11
     |
5774 | pub const u118_FX3_T_LAZY: usize = 0;
     |           ^^^^^^^^^^^^^^^ help: convert the identifier to upper case (notice the capitalization): `U118_FX3_T_LAZY`

warning: constant `u118_FX3_T_SKIP` should have an upper case name
    --> /home/runner/work/_temp/deflate-upstream/data/verification-workspace/verify-t2srlpi6/slot/generated/parse.rs:5775:11
     |
5775 | pub const u118_FX3_T_SKIP: usize = 3;
     |           ^^^^^^^^^^^^^^^ help: convert the identifier to upper case (notice the capitalization): `U118_FX3_T_SKIP`

warning: constant `u118_FX3_P_DEPTH` should have an upper case name
    --> /home/runner/work/_temp/deflate-upstream/data/verification-workspace/verify-t2srlpi6/slot/generated/parse.rs:5776:11
     |
5776 | pub const u118_FX3_P_DEPTH: usize = 3;
     |           ^^^^^^^^^^^^^^^^ help: convert the identifier to upper case (notice the capitalization): `U118_FX3_P_DEPTH`

warning: constant `u118_FX3_P_LAZY` should have an upper case name
    --> /home/runner/work/_temp/deflate-upstream/data/verification-workspace/verify-t2srlpi6/slot/generated/parse.rs:5777:11
     |
5777 | pub const u118_FX3_P_LAZY: usize = 0;
     |           ^^^^^^^^^^^^^^^ help: convert the identifier to upper case (notice the capitalization): `U118_FX3_P_LAZY`

warning: constant `u118_FX3_P_SKIP` should have an upper case name
    --> /home/runner/work/_temp/deflate-upstream/data/verification-workspace/verify-t2srlpi6/slot/generated/parse.rs:5778:11
     |
5778 | pub const u118_FX3_P_SKIP: usize = 5;
     |           ^^^^^^^^^^^^^^^ help: convert the identifier to upper case (notice the capitalization): `U118_FX3_P_SKIP`

warning: constant `u118_FX3_H_DEPTH` should have an upper case name
    --> /home/runner/work/_temp/deflate-upstream/data/verification-workspace/verify-t2srlpi6/slot/generated/parse.rs:5779:11
     |
5779 | pub const u118_FX3_H_DEPTH: usize = 3;
     |           ^^^^^^^^^^^^^^^^ help: convert the identifier to upper case (notice the capitalization): `U118_FX3_H_DEPTH`

warning: constant `u118_FX3_H_LAZY` should have an upper case name
    --> /home/runner/work/_temp/deflate-upstream/data/verification-workspace/verify-t2srlpi6/slot/generated/parse.rs:5780:11
     |
5780 | pub const u118_FX3_H_LAZY: usize = 0;
     |           ^^^^^^^^^^^^^^^ help: convert the identifier to upper case (notice the capitalization): `U118_FX3_H_LAZY`

warning: constant `u118_FX3_H_SKIP` should have an upper case name
    --> /home/runner/work/_temp/deflate-upstream/data/verification-workspace/verify-t2srlpi6/slot/generated/parse.rs:5781:11
     |
5781 | pub const u118_FX3_H_SKIP: usize = 3;
     |           ^^^^^^^^^^^^^^^ help: convert the identifier to upper case (notice the capitalization): `U118_FX3_H_SKIP`

warning: constant `u118_FX3_Z_DEPTH` should have an upper case name
    --> /home/runner/work/_temp/deflate-upstream/data/verification-workspace/verify-t2srlpi6/slot/generated/parse.rs:5782:11
     |
5782 | pub const u118_FX3_Z_DEPTH: usize = 3;
     |           ^^^^^^^^^^^^^^^^ help: convert the identifier to upper case (notice the capitalization): `U118_FX3_Z_DEPTH`

warning: constant `u118_FX3_Z_SKIP` should have an upper case name
    --> /home/runner/work/_temp/deflate-upstream/data/verification-workspace/verify-t2srlpi6/slot/generated/parse.rs:5783:11
     |
5783 | pub const u118_FX3_Z_SKIP: usize = 6;
     |           ^^^^^^^^^^^^^^^ help: convert the identifier to upper case (notice the capitalization): `U118_FX3_Z_SKIP`

warning: constant `u118_FX3_Z_CAP` should have an upper case name
    --> /home/runner/work/_temp/deflate-upstream/data/verification-workspace/verify-t2srlpi6/slot/generated/parse.rs:5784:11
     |
5784 | pub const u118_FX3_Z_CAP: usize = 8;
     |           ^^^^^^^^^^^^^^ help: convert the identifier to upper case (notice the capitalization): `U118_FX3_Z_CAP`

warning: constant `u118_FX3_B_DEPTH` should have an upper case name
    --> /home/runner/work/_temp/deflate-upstream/data/verification-workspace/verify-t2srlpi6/slot/generated/parse.rs:5785:11
     |
5785 | pub const u118_FX3_B_DEPTH: usize = 4;
     |           ^^^^^^^^^^^^^^^^ help: convert the identifier to upper case (notice the capitalization): `U118_FX3_B_DEPTH`

warning: constant `u118_FX3_B_LAZY` should have an upper case name
    --> /home/runner/work/_temp/deflate-upstream/data/verification-workspace/verify-t2srlpi6/slot/generated/parse.rs:5786:11
     |
5786 | pub const u118_FX3_B_LAZY: usize = 0;
     |           ^^^^^^^^^^^^^^^ help: convert the identifier to upper case (notice the capitalization): `U118_FX3_B_LAZY`

warning: constant `u118_FX3_B_SKIP` should have an upper case name
    --> /home/runner/work/_temp/deflate-upstream/data/verification-workspace/verify-t2srlpi6/slot/generated/parse.rs:5787:11
     |
5787 | pub const u118_FX3_B_SKIP: usize = 4;
     |           ^^^^^^^^^^^^^^^ help: convert the identifier to upper case (notice the capitalization): `U118_FX3_B_SKIP`

warning: constant `u118_FX3_SDIG` should have an upper case name
    --> /home/runner/work/_temp/deflate-upstream/data/verification-workspace/verify-t2srlpi6/slot/generated/parse.rs:5788:11
     |
5788 | pub const u118_FX3_SDIG: u32 = 6;
     |           ^^^^^^^^^^^^^ help: convert the identifier to upper case (notice the capitalization): `U118_FX3_SDIG`

warning: constant `u118_FX3_S_DEPTH` should have an upper case name
    --> /home/runner/work/_temp/deflate-upstream/data/verification-workspace/verify-t2srlpi6/slot/generated/parse.rs:5789:11
     |
5789 | pub const u118_FX3_S_DEPTH: usize = 1;
     |           ^^^^^^^^^^^^^^^^ help: convert the identifier to upper case (notice the capitalization): `U118_FX3_S_DEPTH`

warning: constant `u118_FX3_S_LDEPTH` should have an upper case name
    --> /home/runner/work/_temp/deflate-upstream/data/verification-workspace/verify-t2srlpi6/slot/generated/parse.rs:5790:11
     |
5790 | pub const u118_FX3_S_LDEPTH: usize = 1;
     |           ^^^^^^^^^^^^^^^^^ help: convert the identifier to upper case (notice the capitalization): `U118_FX3_S_LDEPTH`

warning: constant `u118_FX3_S_LAZY` should have an upper case name
    --> /home/runner/work/_temp/deflate-upstream/data/verification-workspace/verify-t2srlpi6/slot/generated/parse.rs:5791:11
     |
5791 | pub const u118_FX3_S_LAZY: usize = 0;
     |           ^^^^^^^^^^^^^^^ help: convert the identifier to upper case (notice the capitalization): `U118_FX3_S_LAZY`

warning: constant `u118_FX3_SKCAP` should have an upper case name
    --> /home/runner/work/_temp/deflate-upstream/data/verification-workspace/verify-t2srlpi6/slot/generated/parse.rs:5792:11
     |
5792 | pub const u118_FX3_SKCAP: usize = 1000000;
     |           ^^^^^^^^^^^^^^ help: convert the identifier to upper case (notice the capitalization): `U118_FX3_SKCAP`

warning: constant `x_HB` should have an upper case name
    --> /home/runner/work/_temp/deflate-upstream/data/verification-workspace/verify-t2srlpi6/slot/generated/parse.rs:6003:11
     |
6003 | pub const x_HB: u32 = 15;
     |           ^^^^ help: convert the identifier to upper case (notice the capitalization): `X_HB`

warning: constant `x_HN` should have an upper case name
    --> /home/runner/work/_temp/deflate-upstream/data/verification-workspace/verify-t2srlpi6/slot/generated/parse.rs:6004:11
     |
6004 | pub const x_HN: usize = 32768;
     |           ^^^^ help: convert the identifier to upper case (notice the capitalization): `X_HN`

warning: constant `x_WN` should have an upper case name
    --> /home/runner/work/_temp/deflate-upstream/data/verification-workspace/verify-t2srlpi6/slot/generated/parse.rs:6005:11
     |
6005 | pub const x_WN: usize = 32768;
     |           ^^^^ help: convert the identifier to upper case (notice the capitalization): `X_WN`

warning: constant `x_SMALL` should have an upper case name
    --> /home/runner/work/_temp/deflate-upstream/data/verification-workspace/verify-t2srlpi6/slot/generated/parse.rs:6007:11
     |
6007 | pub const x_SMALL: usize = 65536;
     |           ^^^^^^^ help: convert the identifier to upper case (notice the capitalization): `X_SMALL`

warning: constant `x_HS` should have an upper case name
    --> /home/runner/work/_temp/deflate-upstream/data/verification-workspace/verify-t2srlpi6/slot/generated/parse.rs:6008:11
     |
6008 | pub const x_HS: usize = 4096;
     |           ^^^^ help: convert the identifier to upper case (notice the capitalization): `X_HS`

warning: constant `x_WS` should have an upper case name
    --> /home/runner/work/_temp/deflate-upstream/data/verification-workspace/verify-t2srlpi6/slot/generated/parse.rs:6009:11
     |
6009 | pub const x_WS: usize = 16384;
     |           ^^^^ help: convert the identifier to upper case (notice the capitalization): `X_WS`

warning: constant `x_NICE` should have an upper case name
    --> /home/runner/work/_temp/deflate-upstream/data/verification-workspace/verify-t2srlpi6/slot/generated/parse.rs:6010:11
     |
6010 | pub const x_NICE: usize = 32;
     |           ^^^^^^ help: convert the identifier to upper case (notice the capitalization): `X_NICE`

warning: constant `x_INS_MAX` should have an upper case name
    --> /home/runner/work/_temp/deflate-upstream/data/verification-workspace/verify-t2srlpi6/slot/generated/parse.rs:6011:11
     |
6011 | pub const x_INS_MAX: usize = 2;
     |           ^^^^^^^^^ help: convert the identifier to upper case (notice the capitalization): `X_INS_MAX`

warning: constant `x_TAIL` should have an upper case name
    --> /home/runner/work/_temp/deflate-upstream/data/verification-workspace/verify-t2srlpi6/slot/generated/parse.rs:6012:11
     |
6012 | pub const x_TAIL: usize = 1;
     |           ^^^^^^ help: convert the identifier to upper case (notice the capitalization): `X_TAIL`

warning: constant `x_STRIDE` should have an upper case name
    --> /home/runner/work/_temp/deflate-upstream/data/verification-workspace/verify-t2srlpi6/slot/generated/parse.rs:6015:11
     |
6015 | pub const x_STRIDE: usize = 0;
     |           ^^^^^^^^ help: convert the identifier to upper case (notice the capitalization): `X_STRIDE`

warning: constant `x_BACKTOK` should have an upper case name
    --> /home/runner/work/_temp/deflate-upstream/data/verification-workspace/verify-t2srlpi6/slot/generated/parse.rs:6016:11
     |
6016 | pub const x_BACKTOK: usize = 16;
     |           ^^^^^^^^^ help: convert the identifier to upper case (notice the capitalization): `X_BACKTOK`

warning: constant `x_LDEPTH` should have an upper case name
    --> /home/runner/work/_temp/deflate-upstream/data/verification-workspace/verify-t2srlpi6/slot/generated/parse.rs:6017:11
     |
6017 | pub const x_LDEPTH: usize = 1;
     |           ^^^^^^^^ help: convert the identifier to upper case (notice the capitalization): `X_LDEPTH`

warning: constant `x_SAMPLE` should have an upper case name
    --> /home/runner/work/_temp/deflate-upstream/data/verification-workspace/verify-t2srlpi6/slot/generated/parse.rs:6018:11
     |
6018 | pub const x_SAMPLE: usize = 2048;
     |           ^^^^^^^^ help: convert the identifier to upper case (notice the capitalization): `X_SAMPLE`

warning: constant `x_VERIFY` should have an upper case name
    --> /home/runner/work/_temp/deflate-upstream/data/verification-workspace/verify-t2srlpi6/slot/generated/parse.rs:6019:11
     |
6019 | pub const x_VERIFY: usize = 0;
     |           ^^^^^^^^ help: convert the identifier to upper case (notice the capitalization): `X_VERIFY`

warning: constant `x_LSLACK` should have an upper case name
    --> /home/runner/work/_temp/deflate-upstream/data/verification-workspace/verify-t2srlpi6/slot/generated/parse.rs:6023:11
     |
6023 | pub const x_LSLACK: usize = 1;
     |           ^^^^^^^^ help: convert the identifier to upper case (notice the capitalization): `X_LSLACK`

warning: constant `x_HLIT` should have an upper case name
    --> /home/runner/work/_temp/deflate-upstream/data/verification-workspace/verify-t2srlpi6/slot/generated/parse.rs:6024:11
     |
6024 | pub const x_HLIT: u32 = 80;
     |           ^^^^^^ help: convert the identifier to upper case (notice the capitalization): `X_HLIT`

warning: constant `x_GBASE` should have an upper case name
    --> /home/runner/work/_temp/deflate-upstream/data/verification-workspace/verify-t2srlpi6/slot/generated/parse.rs:6025:11
     |
6025 | pub const x_GBASE: i32 = 168;
     |           ^^^^^^^ help: convert the identifier to upper case (notice the capitalization): `X_GBASE`

warning: constant `x_T_DEPTH` should have an upper case name
    --> /home/runner/work/_temp/deflate-upstream/data/verification-workspace/verify-t2srlpi6/slot/generated/parse.rs:6029:11
     |
6029 | pub const x_T_DEPTH: usize = 1;
     |           ^^^^^^^^^ help: convert the identifier to upper case (notice the capitalization): `X_T_DEPTH`

warning: constant `x_T_LAZY` should have an upper case name
    --> /home/runner/work/_temp/deflate-upstream/data/verification-workspace/verify-t2srlpi6/slot/generated/parse.rs:6030:11
     |
6030 | pub const x_T_LAZY: usize = 0;
     |           ^^^^^^^^ help: convert the identifier to upper case (notice the capitalization): `X_T_LAZY`

warning: constant `x_T_SKIP` should have an upper case name
    --> /home/runner/work/_temp/deflate-upstream/data/verification-workspace/verify-t2srlpi6/slot/generated/parse.rs:6031:11
     |
6031 | pub const x_T_SKIP: usize = 4;
     |           ^^^^^^^^ help: convert the identifier to upper case (notice the capitalization): `X_T_SKIP`

warning: constant `x_P_DEPTH` should have an upper case name
    --> /home/runner/work/_temp/deflate-upstream/data/verification-workspace/verify-t2srlpi6/slot/generated/parse.rs:6032:11
     |
6032 | pub const x_P_DEPTH: usize = 4;
     |           ^^^^^^^^^ help: convert the identifier to upper case (notice the capitalization): `X_P_DEPTH`

warning: constant `x_P_LAZY` should have an upper case name
    --> /home/runner/work/_temp/deflate-upstream/data/verification-workspace/verify-t2srlpi6/slot/generated/parse.rs:6033:11
     |
6033 | pub const x_P_LAZY: usize = 0;
     |           ^^^^^^^^ help: convert the identifier to upper case (notice the capitalization): `X_P_LAZY`

warning: constant `x_P_SKIP` should have an upper case name
    --> /home/runner/work/_temp/deflate-upstream/data/verification-workspace/verify-t2srlpi6/slot/generated/parse.rs:6034:11
     |
6034 | pub const x_P_SKIP: usize = 5;
     |           ^^^^^^^^ help: convert the identifier to upper case (notice the capitalization): `X_P_SKIP`

warning: constant `x_H_DEPTH` should have an upper case name
    --> /home/runner/work/_temp/deflate-upstream/data/verification-workspace/verify-t2srlpi6/slot/generated/parse.rs:6035:11
     |
6035 | pub const x_H_DEPTH: usize = 3;
     |           ^^^^^^^^^ help: convert the identifier to upper case (notice the capitalization): `X_H_DEPTH`

warning: constant `x_H_LAZY` should have an upper case name
    --> /home/runner/work/_temp/deflate-upstream/data/verification-workspace/verify-t2srlpi6/slot/generated/parse.rs:6036:11
     |
6036 | pub const x_H_LAZY: usize = 0;
     |           ^^^^^^^^ help: convert the identifier to upper case (notice the capitalization): `X_H_LAZY`

warning: constant `x_H_SKIP` should have an upper case name
    --> /home/runner/work/_temp/deflate-upstream/data/verification-workspace/verify-t2srlpi6/slot/generated/parse.rs:6037:11
     |
6037 | pub const x_H_SKIP: usize = 3;
     |           ^^^^^^^^ help: convert the identifier to upper case (notice the capitalization): `X_H_SKIP`

warning: constant `x_Z_DEPTH` should have an upper case name
    --> /home/runner/work/_temp/deflate-upstream/data/verification-workspace/verify-t2srlpi6/slot/generated/parse.rs:6038:11
     |
6038 | pub const x_Z_DEPTH: usize = 1;
     |           ^^^^^^^^^ help: convert the identifier to upper case (notice the capitalization): `X_Z_DEPTH`

warning: constant `x_Z_SKIP` should have an upper case name
    --> /home/runner/work/_temp/deflate-upstream/data/verification-workspace/verify-t2srlpi6/slot/generated/parse.rs:6039:11
     |
6039 | pub const x_Z_SKIP: usize = 4;
     |           ^^^^^^^^ help: convert the identifier to upper case (notice the capitalization): `X_Z_SKIP`

warning: constant `x_Z_CAP` should have an upper case name
    --> /home/runner/work/_temp/deflate-upstream/data/verification-workspace/verify-t2srlpi6/slot/generated/parse.rs:6040:11
     |
6040 | pub const x_Z_CAP: usize = 8;
     |           ^^^^^^^ help: convert the identifier to upper case (notice the capitalization): `X_Z_CAP`

warning: constant `x_B_DEPTH` should have an upper case name
    --> /home/runner/work/_temp/deflate-upstream/data/verification-workspace/verify-t2srlpi6/slot/generated/parse.rs:6041:11
     |
6041 | pub const x_B_DEPTH: usize = 4;
     |           ^^^^^^^^^ help: convert the identifier to upper case (notice the capitalization): `X_B_DEPTH`

warning: constant `x_B_LAZY` should have an upper case name
    --> /home/runner/work/_temp/deflate-upstream/data/verification-workspace/verify-t2srlpi6/slot/generated/parse.rs:6042:11
     |
6042 | pub const x_B_LAZY: usize = 3;
     |           ^^^^^^^^ help: convert the identifier to upper case (notice the capitalization): `X_B_LAZY`

warning: constant `x_B_SKIP` should have an upper case name
    --> /home/runner/work/_temp/deflate-upstream/data/verification-workspace/verify-t2srlpi6/slot/generated/parse.rs:6043:11
     |
6043 | pub const x_B_SKIP: usize = 4;
     |           ^^^^^^^^ help: convert the identifier to upper case (notice the capitalization): `X_B_SKIP`

warning: constant `x_SDIG` should have an upper case name
    --> /home/runner/work/_temp/deflate-upstream/data/verification-workspace/verify-t2srlpi6/slot/generated/parse.rs:6046:11
     |
6046 | pub const x_SDIG: u32 = 6;
     |           ^^^^^^ help: convert the identifier to upper case (notice the capitalization): `X_SDIG`

warning: constant `x_S_DEPTH` should have an upper case name
    --> /home/runner/work/_temp/deflate-upstream/data/verification-workspace/verify-t2srlpi6/slot/generated/parse.rs:6047:11
     |
6047 | pub const x_S_DEPTH: usize = 1;
     |           ^^^^^^^^^ help: convert the identifier to upper case (notice the capitalization): `X_S_DEPTH`

warning: constant `x_S_LDEPTH` should have an upper case name
    --> /home/runner/work/_temp/deflate-upstream/data/verification-workspace/verify-t2srlpi6/slot/generated/parse.rs:6048:11
     |
6048 | pub const x_S_LDEPTH: usize = 1;
     |           ^^^^^^^^^^ help: convert the identifier to upper case (notice the capitalization): `X_S_LDEPTH`

warning: constant `x_S_LAZY` should have an upper case name
    --> /home/runner/work/_temp/deflate-upstream/data/verification-workspace/verify-t2srlpi6/slot/generated/parse.rs:6049:11
     |
6049 | pub const x_S_LAZY: usize = 258;
     |           ^^^^^^^^ help: convert the identifier to upper case (notice the capitalization): `X_S_LAZY`

warning: constant `x_SKCAP` should have an upper case name
    --> /home/runner/work/_temp/deflate-upstream/data/verification-workspace/verify-t2srlpi6/slot/generated/parse.rs:6051:11
     |
6051 | pub const x_SKCAP: usize = 1000000;
     |           ^^^^^^^ help: convert the identifier to upper case (notice the capitalization): `X_SKCAP`

warning: constant `x_R1_ON` should have an upper case name
    --> /home/runner/work/_temp/deflate-upstream/data/verification-workspace/verify-t2srlpi6/slot/generated/parse.rs:6054:11
     |
6054 | pub const x_R1_ON: usize = 1;
     |           ^^^^^^^ help: convert the identifier to upper case (notice the capitalization): `X_R1_ON`

warning: constant `x_ST_ON` should have an upper case name
    --> /home/runner/work/_temp/deflate-upstream/data/verification-workspace/verify-t2srlpi6/slot/generated/parse.rs:6060:11
     |
6060 | pub const x_ST_ON: usize = 1;
     |           ^^^^^^^ help: convert the identifier to upper case (notice the capitalization): `X_ST_ON`

warning: constant `x_ST_MIN` should have an upper case name
    --> /home/runner/work/_temp/deflate-upstream/data/verification-workspace/verify-t2srlpi6/slot/generated/parse.rs:6061:11
     |
6061 | pub const x_ST_MIN: usize = 65536;
     |           ^^^^^^^^ help: convert the identifier to upper case (notice the capitalization): `X_ST_MIN`

warning: constant `x_ST_SAMPLE` should have an upper case name
    --> /home/runner/work/_temp/deflate-upstream/data/verification-workspace/verify-t2srlpi6/slot/generated/parse.rs:6062:11
     |
6062 | pub const x_ST_SAMPLE: usize = 4096;
     |           ^^^^^^^^^^^ help: convert the identifier to upper case (notice the capitalization): `X_ST_SAMPLE`

warning: constant `x_ST_FEW` should have an upper case name
    --> /home/runner/work/_temp/deflate-upstream/data/verification-workspace/verify-t2srlpi6/slot/generated/parse.rs:6063:11
     |
6063 | pub const x_ST_FEW: usize = 32;
     |           ^^^^^^^^ help: convert the identifier to upper case (notice the capitalization): `X_ST_FEW`

warning: constant `x_ST_MANY` should have an upper case name
    --> /home/runner/work/_temp/deflate-upstream/data/verification-workspace/verify-t2srlpi6/slot/generated/parse.rs:6064:11
     |
6064 | pub const x_ST_MANY: usize = 160;
     |           ^^^^^^^^^ help: convert the identifier to upper case (notice the capitalization): `X_ST_MANY`

warning: constant `x_ST_HB` should have an upper case name
    --> /home/runner/work/_temp/deflate-upstream/data/verification-workspace/verify-t2srlpi6/slot/generated/parse.rs:6065:11
     |
6065 | pub const x_ST_HB: u32 = 17;
     |           ^^^^^^^ help: convert the identifier to upper case (notice the capitalization): `X_ST_HB`

warning: constant `x_ST_HN` should have an upper case name
    --> /home/runner/work/_temp/deflate-upstream/data/verification-workspace/verify-t2srlpi6/slot/generated/parse.rs:6066:11
     |
6066 | pub const x_ST_HN: usize = 131072;
     |           ^^^^^^^ help: convert the identifier to upper case (notice the capitalization): `X_ST_HN`

warning: constant `x_ST_DMAX` should have an upper case name
    --> /home/runner/work/_temp/deflate-upstream/data/verification-workspace/verify-t2srlpi6/slot/generated/parse.rs:6067:11
     |
6067 | pub const x_ST_DMAX: usize = 32768;
     |           ^^^^^^^^^ help: convert the identifier to upper case (notice the capitalization): `X_ST_DMAX`

warning: constant `x_TF_N` should have an upper case name
    --> /home/runner/work/_temp/deflate-upstream/data/verification-workspace/verify-t2srlpi6/slot/generated/parse.rs:6072:11
     |
6072 | pub const x_TF_N: usize = 65536;
     |           ^^^^^^ help: convert the identifier to upper case (notice the capitalization): `X_TF_N`

warning: constant `x_TF_TEXT` should have an upper case name
    --> /home/runner/work/_temp/deflate-upstream/data/verification-workspace/verify-t2srlpi6/slot/generated/parse.rs:6073:11
     |
6073 | pub const x_TF_TEXT: usize = 1;
     |           ^^^^^^^^^ help: convert the identifier to upper case (notice the capitalization): `X_TF_TEXT`

warning: constant `x_TF_TKIND` should have an upper case name
    --> /home/runner/work/_temp/deflate-upstream/data/verification-workspace/verify-t2srlpi6/slot/generated/parse.rs:6074:11
     |
6074 | pub const x_TF_TKIND: usize = 1;
     |           ^^^^^^^^^^ help: convert the identifier to upper case (notice the capitalization): `X_TF_TKIND`

warning: constant `x_TF_SAMPLE` should have an upper case name
    --> /home/runner/work/_temp/deflate-upstream/data/verification-workspace/verify-t2srlpi6/slot/generated/parse.rs:6077:11
     |
6077 | pub const x_TF_SAMPLE: usize = 256;
     |           ^^^^^^^^^^^ help: convert the identifier to upper case (notice the capitalization): `X_TF_SAMPLE`

warning: constant `x_TF_SDIG` should have an upper case name
    --> /home/runner/work/_temp/deflate-upstream/data/verification-workspace/verify-t2srlpi6/slot/generated/parse.rs:6078:11
     |
6078 | pub const x_TF_SDIG: u32 = 6;
     |           ^^^^^^^^^ help: convert the identifier to upper case (notice the capitalization): `X_TF_SDIG`

warning: constant `x_TF_HB` should have an upper case name
    --> /home/runner/work/_temp/deflate-upstream/data/verification-workspace/verify-t2srlpi6/slot/generated/parse.rs:6084:11
     |
6084 | pub const x_TF_HB: u32 = 12;
     |           ^^^^^^^ help: convert the identifier to upper case (notice the capitalization): `X_TF_HB`

warning: constant `x_TF_HN` should have an upper case name
    --> /home/runner/work/_temp/deflate-upstream/data/verification-workspace/verify-t2srlpi6/slot/generated/parse.rs:6085:11
     |
6085 | pub const x_TF_HN: usize = 4096;
     |           ^^^^^^^ help: convert the identifier to upper case (notice the capitalization): `X_TF_HN`

warning: constant `x_TF_WN` should have an upper case name
    --> /home/runner/work/_temp/deflate-upstream/data/verification-workspace/verify-t2srlpi6/slot/generated/parse.rs:6086:11
     |
6086 | pub const x_TF_WN: usize = 16384;
     |           ^^^^^^^ help: convert the identifier to upper case (notice the capitalization): `X_TF_WN`

warning: constant `x_TF_TDEPTH` should have an upper case name
    --> /home/runner/work/_temp/deflate-upstream/data/verification-workspace/verify-t2srlpi6/slot/generated/parse.rs:6090:11
     |
6090 | pub const x_TF_TDEPTH: usize = 1;
     |           ^^^^^^^^^^^ help: convert the identifier to upper case (notice the capitalization): `X_TF_TDEPTH`

warning: constant `x_TF_TLAZY` should have an upper case name
    --> /home/runner/work/_temp/deflate-upstream/data/verification-workspace/verify-t2srlpi6/slot/generated/parse.rs:6091:11
     |
6091 | pub const x_TF_TLAZY: usize = 0;
     |           ^^^^^^^^^^ help: convert the identifier to upper case (notice the capitalization): `X_TF_TLAZY`

warning: constant `x_TF_TSKIP` should have an upper case name
    --> /home/runner/work/_temp/deflate-upstream/data/verification-workspace/verify-t2srlpi6/slot/generated/parse.rs:6092:11
     |
6092 | pub const x_TF_TSKIP: usize = 3;
     |           ^^^^^^^^^^ help: convert the identifier to upper case (notice the capitalization): `X_TF_TSKIP`

warning: constant `x_TF_SDEPTH` should have an upper case name
    --> /home/runner/work/_temp/deflate-upstream/data/verification-workspace/verify-t2srlpi6/slot/generated/parse.rs:6093:11
     |
6093 | pub const x_TF_SDEPTH: usize = 1;
     |           ^^^^^^^^^^^ help: convert the identifier to upper case (notice the capitalization): `X_TF_SDEPTH`

warning: constant `x_TF_SLAZY` should have an upper case name
    --> /home/runner/work/_temp/deflate-upstream/data/verification-workspace/verify-t2srlpi6/slot/generated/parse.rs:6094:11
     |
6094 | pub const x_TF_SLAZY: usize = 258;
     |           ^^^^^^^^^^ help: convert the identifier to upper case (notice the capitalization): `X_TF_SLAZY`

warning: constant `x_TF_SSKIP` should have an upper case name
    --> /home/runner/work/_temp/deflate-upstream/data/verification-workspace/verify-t2srlpi6/slot/generated/parse.rs:6095:11
     |
6095 | pub const x_TF_SSKIP: usize = 3;
     |           ^^^^^^^^^^ help: convert the identifier to upper case (notice the capitalization): `X_TF_SSKIP`

warning: constant `x_TF_BDEPTH` should have an upper case name
    --> /home/runner/work/_temp/deflate-upstream/data/verification-workspace/verify-t2srlpi6/slot/generated/parse.rs:6096:11
     |
6096 | pub const x_TF_BDEPTH: usize = 0;
     |           ^^^^^^^^^^^ help: convert the identifier to upper case (notice the capitalization): `X_TF_BDEPTH`

warning: constant `x_TF_BLAZY` should have an upper case name
    --> /home/runner/work/_temp/deflate-upstream/data/verification-workspace/verify-t2srlpi6/slot/generated/parse.rs:6097:11
     |
6097 | pub const x_TF_BLAZY: usize = 0;
     |           ^^^^^^^^^^ help: convert the identifier to upper case (notice the capitalization): `X_TF_BLAZY`

warning: constant `x_TF_BSKIP` should have an upper case name
    --> /home/runner/work/_temp/deflate-upstream/data/verification-workspace/verify-t2srlpi6/slot/generated/parse.rs:6098:11
     |
6098 | pub const x_TF_BSKIP: usize = 4;
     |           ^^^^^^^^^^ help: convert the identifier to upper case (notice the capitalization): `X_TF_BSKIP`

warning: constant `x_TF_NICE` should have an upper case name
    --> /home/runner/work/_temp/deflate-upstream/data/verification-workspace/verify-t2srlpi6/slot/generated/parse.rs:6100:11
     |
6100 | pub const x_TF_NICE: usize = 64;
     |           ^^^^^^^^^ help: convert the identifier to upper case (notice the capitalization): `X_TF_NICE`

warning: constant `x_TF_SKCAP` should have an upper case name
    --> /home/runner/work/_temp/deflate-upstream/data/verification-workspace/verify-t2srlpi6/slot/generated/parse.rs:6101:11
     |
6101 | pub const x_TF_SKCAP: usize = 1000000;
     |           ^^^^^^^^^^ help: convert the identifier to upper case (notice the capitalization): `X_TF_SKCAP`

warning: constant `x_TF_TRLE` should have an upper case name
    --> /home/runner/work/_temp/deflate-upstream/data/verification-workspace/verify-t2srlpi6/slot/generated/parse.rs:6103:11
     |
6103 | pub const x_TF_TRLE: usize = 1;
     |           ^^^^^^^^^ help: convert the identifier to upper case (notice the capitalization): `X_TF_TRLE`

warning: constant `x_TF_BACK` should have an upper case name
    --> /home/runner/work/_temp/deflate-upstream/data/verification-workspace/verify-t2srlpi6/slot/generated/parse.rs:6106:11
     |
6106 | pub const x_TF_BACK: usize = 1;
     |           ^^^^^^^^^ help: convert the identifier to upper case (notice the capitalization): `X_TF_BACK`

warning: constant `x_TF_FOLD` should have an upper case name
    --> /home/runner/work/_temp/deflate-upstream/data/verification-workspace/verify-t2srlpi6/slot/generated/parse.rs:6107:11
     |
6107 | pub const x_TF_FOLD: usize = 1;
     |           ^^^^^^^^^ help: convert the identifier to upper case (notice the capitalization): `X_TF_FOLD`

warning: constant `x_TF_REP` should have an upper case name
    --> /home/runner/work/_temp/deflate-upstream/data/verification-workspace/verify-t2srlpi6/slot/generated/parse.rs:6109:11
     |
6109 | pub const x_TF_REP: usize = 0;
     |           ^^^^^^^^ help: convert the identifier to upper case (notice the capitalization): `X_TF_REP`

warning: constant `x_TF_RUNSKIP` should have an upper case name
    --> /home/runner/work/_temp/deflate-upstream/data/verification-workspace/verify-t2srlpi6/slot/generated/parse.rs:6111:11
     |
6111 | pub const x_TF_RUNSKIP: usize = 1;
     |           ^^^^^^^^^^^^ help: convert the identifier to upper case (notice the capitalization): `X_TF_RUNSKIP`

warning: constant `x_TF_INS` should have an upper case name
    --> /home/runner/work/_temp/deflate-upstream/data/verification-workspace/verify-t2srlpi6/slot/generated/parse.rs:6113:11
     |
6113 | pub const x_TF_INS: usize = 2;
     |           ^^^^^^^^ help: convert the identifier to upper case (notice the capitalization): `X_TF_INS`

warning: constant `x_TF_TAIL` should have an upper case name
    --> /home/runner/work/_temp/deflate-upstream/data/verification-workspace/verify-t2srlpi6/slot/generated/parse.rs:6114:11
     |
6114 | pub const x_TF_TAIL: usize = 1;
     |           ^^^^^^^^^ help: convert the identifier to upper case (notice the capitalization): `X_TF_TAIL`

warning: constant `x_TF_KL` should have an upper case name
    --> /home/runner/work/_temp/deflate-upstream/data/verification-workspace/verify-t2srlpi6/slot/generated/parse.rs:6117:11
     |
6117 | pub const x_TF_KL: u32 = 5;
     |           ^^^^^^^ help: convert the identifier to upper case (notice the capitalization): `X_TF_KL`

warning: constant `x_TF_KD` should have an upper case name
    --> /home/runner/work/_temp/deflate-upstream/data/verification-workspace/verify-t2srlpi6/slot/generated/parse.rs:6118:11
     |
6118 | pub const x_TF_KD: u32 = 5;
     |           ^^^^^^^ help: convert the identifier to upper case (notice the capitalization): `X_TF_KD`

warning: constant `x_TF_BKL` should have an upper case name
    --> /home/runner/work/_temp/deflate-upstream/data/verification-workspace/verify-t2srlpi6/slot/generated/parse.rs:6119:11
     |
6119 | pub const x_TF_BKL: u32 = 3;
     |           ^^^^^^^^ help: convert the identifier to upper case (notice the capitalization): `X_TF_BKL`

warning: constant `x_TF_BKD` should have an upper case name
    --> /home/runner/work/_temp/deflate-upstream/data/verification-workspace/verify-t2srlpi6/slot/generated/parse.rs:6120:11
     |
6120 | pub const x_TF_BKD: u32 = 3;
     |           ^^^^^^^^ help: convert the identifier to upper case (notice the capitalization): `X_TF_BKD`

warning: constant `x_TF_RDEPTH` should have an upper case name
    --> /home/runner/work/_temp/deflate-upstream/data/verification-workspace/verify-t2srlpi6/slot/generated/parse.rs:6124:11
     |
6124 | pub const x_TF_RDEPTH: usize = 8;
     |           ^^^^^^^^^^^ help: convert the identifier to upper case (notice the capitalization): `X_TF_RDEPTH`

warning: constant `x_TF_SHIFT` should have an upper case name
    --> /home/runner/work/_temp/deflate-upstream/data/verification-workspace/verify-t2srlpi6/slot/generated/parse.rs:6125:11
     |
6125 | pub const x_TF_SHIFT: usize = 1;
     |           ^^^^^^^^^^ help: convert the identifier to upper case (notice the capitalization): `X_TF_SHIFT`

warning: constant `x_TF_DLIT` should have an upper case name
    --> /home/runner/work/_temp/deflate-upstream/data/verification-workspace/verify-t2srlpi6/slot/generated/parse.rs:6126:11
     |
6126 | pub const x_TF_DLIT: usize = 8;
     |           ^^^^^^^^^ help: convert the identifier to upper case (notice the capitalization): `X_TF_DLIT`

warning: constant `x_TF_LSYM` should have an upper case name
    --> /home/runner/work/_temp/deflate-upstream/data/verification-workspace/verify-t2srlpi6/slot/generated/parse.rs:6619:11
     |
6619 | pub const x_TF_LSYM: [u8; 512] = [
     |           ^^^^^^^^^ help: convert the identifier to upper case (notice the capitalization): `X_TF_LSYM`

warning: constant `x_TF_DSYM` should have an upper case name
    --> /home/runner/work/_temp/deflate-upstream/data/verification-workspace/verify-t2srlpi6/slot/generated/parse.rs:6638:11
     |
6638 | pub const x_TF_DSYM: [u8; 512] = [
     |           ^^^^^^^^^ help: convert the identifier to upper case (notice the capitalization): `X_TF_DSYM`

warning: constant `x_TF_LBASE` should have an upper case name
    --> /home/runner/work/_temp/deflate-upstream/data/verification-workspace/verify-t2srlpi6/slot/generated/parse.rs:6657:11
     |
6657 | pub const x_TF_LBASE: [u16; 32] = [3, 4, 5, 6, 7, 8, 9, 10, 11, 13, 15, 17, 19, 23, 27, 31, 35, 43, 51, 59, 67, 83, 99, 115, 131, ...
     |           ^^^^^^^^^^ help: convert the identifier to upper case (notice the capitalization): `X_TF_LBASE`

warning: constant `x_TF_LTOP` should have an upper case name
    --> /home/runner/work/_temp/deflate-upstream/data/verification-workspace/verify-t2srlpi6/slot/generated/parse.rs:6658:11
     |
6658 | pub const x_TF_LTOP: [u16; 32] = [3, 4, 5, 6, 7, 8, 9, 10, 12, 14, 16, 18, 22, 26, 30, 34, 42, 50, 58, 66, 82, 98, 114, 130, 162, ...
     |           ^^^^^^^^^ help: convert the identifier to upper case (notice the capitalization): `X_TF_LTOP`

warning: constant `m_HB` should have an upper case name
    --> /home/runner/work/_temp/deflate-upstream/data/verification-workspace/verify-t2srlpi6/slot/generated/parse.rs:6684:11
     |
6684 | pub const m_HB: u32 = 15;
     |           ^^^^ help: convert the identifier to upper case: `M_HB`

warning: constant `m_HN` should have an upper case name
    --> /home/runner/work/_temp/deflate-upstream/data/verification-workspace/verify-t2srlpi6/slot/generated/parse.rs:6685:11
     |
6685 | pub const m_HN: usize = 65536;
     |           ^^^^ help: convert the identifier to upper case: `M_HN`

warning: constant `m_WN` should have an upper case name
    --> /home/runner/work/_temp/deflate-upstream/data/verification-workspace/verify-t2srlpi6/slot/generated/parse.rs:6686:11
     |
6686 | pub const m_WN: usize = 32768;
     |           ^^^^ help: convert the identifier to upper case: `M_WN`

warning: constant `m_SMALL` should have an upper case name
    --> /home/runner/work/_temp/deflate-upstream/data/verification-workspace/verify-t2srlpi6/slot/generated/parse.rs:6688:11
     |
6688 | pub const m_SMALL: usize = 65536;
     |           ^^^^^^^ help: convert the identifier to upper case: `M_SMALL`

warning: constant `m_HS` should have an upper case name
    --> /home/runner/work/_temp/deflate-upstream/data/verification-workspace/verify-t2srlpi6/slot/generated/parse.rs:6689:11
     |
6689 | pub const m_HS: usize = 8192;
     |           ^^^^ help: convert the identifier to upper case: `M_HS`

warning: constant `m_WS` should have an upper case name
    --> /home/runner/work/_temp/deflate-upstream/data/verification-workspace/verify-t2srlpi6/slot/generated/parse.rs:6690:11
     |
6690 | pub const m_WS: usize = 16384;
     |           ^^^^ help: convert the identifier to upper case: `M_WS`

warning: constant `m_NICE` should have an upper case name
    --> /home/runner/work/_temp/deflate-upstream/data/verification-workspace/verify-t2srlpi6/slot/generated/parse.rs:6691:11
     |
6691 | pub const m_NICE: usize = 128;
     |           ^^^^^^ help: convert the identifier to upper case: `M_NICE`

warning: constant `m_INS_MAX` should have an upper case name
    --> /home/runner/work/_temp/deflate-upstream/data/verification-workspace/verify-t2srlpi6/slot/generated/parse.rs:6692:11
     |
6692 | pub const m_INS_MAX: usize = 16;
     |           ^^^^^^^^^ help: convert the identifier to upper case: `M_INS_MAX`

warning: constant `m_TAIL` should have an upper case name
    --> /home/runner/work/_temp/deflate-upstream/data/verification-workspace/verify-t2srlpi6/slot/generated/parse.rs:6693:11
     |
6693 | pub const m_TAIL: usize = 1;
     |           ^^^^^^ help: convert the identifier to upper case: `M_TAIL`

warning: constant `m_STRIDE` should have an upper case name
    --> /home/runner/work/_temp/deflate-upstream/data/verification-workspace/verify-t2srlpi6/slot/generated/parse.rs:6696:11
     |
6696 | pub const m_STRIDE: usize = 4;
     |           ^^^^^^^^ help: convert the identifier to upper case: `M_STRIDE`

warning: constant `m_BACKTOK` should have an upper case name
    --> /home/runner/work/_temp/deflate-upstream/data/verification-workspace/verify-t2srlpi6/slot/generated/parse.rs:6697:11
     |
6697 | pub const m_BACKTOK: usize = 16;
     |           ^^^^^^^^^ help: convert the identifier to upper case: `M_BACKTOK`

warning: constant `m_LDEPTH` should have an upper case name
    --> /home/runner/work/_temp/deflate-upstream/data/verification-workspace/verify-t2srlpi6/slot/generated/parse.rs:6698:11
     |
6698 | pub const m_LDEPTH: usize = 1;
     |           ^^^^^^^^ help: convert the identifier to upper case: `M_LDEPTH`

warning: constant `m_SAMPLE` should have an upper case name
    --> /home/runner/work/_temp/deflate-upstream/data/verification-workspace/verify-t2srlpi6/slot/generated/parse.rs:6699:11
     |
6699 | pub const m_SAMPLE: usize = 2048;
     |           ^^^^^^^^ help: convert the identifier to upper case: `M_SAMPLE`

warning: constant `m_VERIFY` should have an upper case name
    --> /home/runner/work/_temp/deflate-upstream/data/verification-workspace/verify-t2srlpi6/slot/generated/parse.rs:6700:11
     |
6700 | pub const m_VERIFY: usize = 0;
     |           ^^^^^^^^ help: convert the identifier to upper case: `M_VERIFY`

warning: constant `m_LSLACK` should have an upper case name
    --> /home/runner/work/_temp/deflate-upstream/data/verification-workspace/verify-t2srlpi6/slot/generated/parse.rs:6704:11
     |
6704 | pub const m_LSLACK: usize = 1;
     |           ^^^^^^^^ help: convert the identifier to upper case: `M_LSLACK`

warning: constant `m_HLIT` should have an upper case name
    --> /home/runner/work/_temp/deflate-upstream/data/verification-workspace/verify-t2srlpi6/slot/generated/parse.rs:6705:11
     |
6705 | pub const m_HLIT: u32 = 64;
     |           ^^^^^^ help: convert the identifier to upper case: `M_HLIT`

warning: constant `m_B_HLIT` should have an upper case name
    --> /home/runner/work/_temp/deflate-upstream/data/verification-workspace/verify-t2srlpi6/slot/generated/parse.rs:6707:11
     |
6707 | pub const m_B_HLIT: u32 = 64;
     |           ^^^^^^^^ help: convert the identifier to upper case: `M_B_HLIT`

warning: constant `m_GBASE` should have an upper case name
    --> /home/runner/work/_temp/deflate-upstream/data/verification-workspace/verify-t2srlpi6/slot/generated/parse.rs:6708:11
     |
6708 | pub const m_GBASE: i32 = 168;
     |           ^^^^^^^ help: convert the identifier to upper case: `M_GBASE`

warning: constant `m_T_DEPTH` should have an upper case name
    --> /home/runner/work/_temp/deflate-upstream/data/verification-workspace/verify-t2srlpi6/slot/generated/parse.rs:6712:11
     |
6712 | pub const m_T_DEPTH: usize = 4;
     |           ^^^^^^^^^ help: convert the identifier to upper case: `M_T_DEPTH`

warning: constant `m_T_LAZY` should have an upper case name
    --> /home/runner/work/_temp/deflate-upstream/data/verification-workspace/verify-t2srlpi6/slot/generated/parse.rs:6713:11
     |
6713 | pub const m_T_LAZY: usize = 128;
     |           ^^^^^^^^ help: convert the identifier to upper case: `M_T_LAZY`

warning: constant `m_T_SKIP` should have an upper case name
    --> /home/runner/work/_temp/deflate-upstream/data/verification-workspace/verify-t2srlpi6/slot/generated/parse.rs:6714:11
     |
6714 | pub const m_T_SKIP: usize = 5;
     |           ^^^^^^^^ help: convert the identifier to upper case: `M_T_SKIP`

warning: constant `m_P_DEPTH` should have an upper case name
    --> /home/runner/work/_temp/deflate-upstream/data/verification-workspace/verify-t2srlpi6/slot/generated/parse.rs:6715:11
     |
6715 | pub const m_P_DEPTH: usize = 8;
     |           ^^^^^^^^^ help: convert the identifier to upper case: `M_P_DEPTH`

warning: constant `m_P_LAZY` should have an upper case name
    --> /home/runner/work/_temp/deflate-upstream/data/verification-workspace/verify-t2srlpi6/slot/generated/parse.rs:6716:11
     |
6716 | pub const m_P_LAZY: usize = 258;
     |           ^^^^^^^^ help: convert the identifier to upper case: `M_P_LAZY`

warning: constant `m_P_SKIP` should have an upper case name
    --> /home/runner/work/_temp/deflate-upstream/data/verification-workspace/verify-t2srlpi6/slot/generated/parse.rs:6717:11
     |
6717 | pub const m_P_SKIP: usize = 5;
     |           ^^^^^^^^ help: convert the identifier to upper case: `M_P_SKIP`

warning: constant `m_H_DEPTH` should have an upper case name
    --> /home/runner/work/_temp/deflate-upstream/data/verification-workspace/verify-t2srlpi6/slot/generated/parse.rs:6718:11
     |
6718 | pub const m_H_DEPTH: usize = 1;
     |           ^^^^^^^^^ help: convert the identifier to upper case: `M_H_DEPTH`

warning: constant `m_H_LAZY` should have an upper case name
    --> /home/runner/work/_temp/deflate-upstream/data/verification-workspace/verify-t2srlpi6/slot/generated/parse.rs:6719:11
     |
6719 | pub const m_H_LAZY: usize = 0;
     |           ^^^^^^^^ help: convert the identifier to upper case: `M_H_LAZY`

warning: constant `m_H_SKIP` should have an upper case name
    --> /home/runner/work/_temp/deflate-upstream/data/verification-workspace/verify-t2srlpi6/slot/generated/parse.rs:6720:11
     |
6720 | pub const m_H_SKIP: usize = 2;
     |           ^^^^^^^^ help: convert the identifier to upper case: `M_H_SKIP`

warning: constant `m_Z_DEPTH` should have an upper case name
    --> /home/runner/work/_temp/deflate-upstream/data/verification-workspace/verify-t2srlpi6/slot/generated/parse.rs:6721:11
     |
6721 | pub const m_Z_DEPTH: usize = 3;
     |           ^^^^^^^^^ help: convert the identifier to upper case: `M_Z_DEPTH`

warning: constant `m_Z_SKIP` should have an upper case name
    --> /home/runner/work/_temp/deflate-upstream/data/verification-workspace/verify-t2srlpi6/slot/generated/parse.rs:6722:11
     |
6722 | pub const m_Z_SKIP: usize = 6;
     |           ^^^^^^^^ help: convert the identifier to upper case: `M_Z_SKIP`

warning: constant `m_Z_CAP` should have an upper case name
    --> /home/runner/work/_temp/deflate-upstream/data/verification-workspace/verify-t2srlpi6/slot/generated/parse.rs:6723:11
     |
6723 | pub const m_Z_CAP: usize = 8;
     |           ^^^^^^^ help: convert the identifier to upper case: `M_Z_CAP`

warning: constant `m_B_DEPTH` should have an upper case name
    --> /home/runner/work/_temp/deflate-upstream/data/verification-workspace/verify-t2srlpi6/slot/generated/parse.rs:6724:11
     |
6724 | pub const m_B_DEPTH: usize = 4;
     |           ^^^^^^^^^ help: convert the identifier to upper case: `M_B_DEPTH`

warning: constant `m_B_LAZY` should have an upper case name
    --> /home/runner/work/_temp/deflate-upstream/data/verification-workspace/verify-t2srlpi6/slot/generated/parse.rs:6725:11
     |
6725 | pub const m_B_LAZY: usize = 258;
     |           ^^^^^^^^ help: convert the identifier to upper case: `M_B_LAZY`

warning: constant `m_B_SKIP` should have an upper case name
    --> /home/runner/work/_temp/deflate-upstream/data/verification-workspace/verify-t2srlpi6/slot/generated/parse.rs:6726:11
     |
6726 | pub const m_B_SKIP: usize = 8;
     |           ^^^^^^^^ help: convert the identifier to upper case: `M_B_SKIP`

warning: constant `m_SDIG` should have an upper case name
    --> /home/runner/work/_temp/deflate-upstream/data/verification-workspace/verify-t2srlpi6/slot/generated/parse.rs:6729:11
     |
6729 | pub const m_SDIG: u32 = 6;
     |           ^^^^^^ help: convert the identifier to upper case: `M_SDIG`

warning: constant `m_S_DEPTH` should have an upper case name
    --> /home/runner/work/_temp/deflate-upstream/data/verification-workspace/verify-t2srlpi6/slot/generated/parse.rs:6730:11
     |
6730 | pub const m_S_DEPTH: usize = 1;
     |           ^^^^^^^^^ help: convert the identifier to upper case: `M_S_DEPTH`

warning: constant `m_S_LDEPTH` should have an upper case name
    --> /home/runner/work/_temp/deflate-upstream/data/verification-workspace/verify-t2srlpi6/slot/generated/parse.rs:6731:11
     |
6731 | pub const m_S_LDEPTH: usize = 3;
     |           ^^^^^^^^^^ help: convert the identifier to upper case: `M_S_LDEPTH`

warning: constant `m_S_LAZY` should have an upper case name
    --> /home/runner/work/_temp/deflate-upstream/data/verification-workspace/verify-t2srlpi6/slot/generated/parse.rs:6732:11
     |
6732 | pub const m_S_LAZY: usize = 258;
     |           ^^^^^^^^ help: convert the identifier to upper case: `M_S_LAZY`

warning: constant `m_SKCAP` should have an upper case name
    --> /home/runner/work/_temp/deflate-upstream/data/verification-workspace/verify-t2srlpi6/slot/generated/parse.rs:6734:11
     |
6734 | pub const m_SKCAP: usize = 1000000;
     |           ^^^^^^^ help: convert the identifier to upper case: `M_SKCAP`

warning: constant `m_P_NICE` should have an upper case name
    --> /home/runner/work/_temp/deflate-upstream/data/verification-workspace/verify-t2srlpi6/slot/generated/parse.rs:6737:11
     |
6737 | pub const m_P_NICE: usize = 258;
     |           ^^^^^^^^ help: convert the identifier to upper case: `M_P_NICE`

warning: constant `m_S_NICE` should have an upper case name
    --> /home/runner/work/_temp/deflate-upstream/data/verification-workspace/verify-t2srlpi6/slot/generated/parse.rs:6738:11
     |
6738 | pub const m_S_NICE: usize = 258;
     |           ^^^^^^^^ help: convert the identifier to upper case: `M_S_NICE`

warning: constant `m_H_NICE` should have an upper case name
    --> /home/runner/work/_temp/deflate-upstream/data/verification-workspace/verify-t2srlpi6/slot/generated/parse.rs:6739:11
     |
6739 | pub const m_H_NICE: usize = 32;
     |           ^^^^^^^^ help: convert the identifier to upper case: `M_H_NICE`

warning: constant `m_Z_NICE` should have an upper case name
    --> /home/runner/work/_temp/deflate-upstream/data/verification-workspace/verify-t2srlpi6/slot/generated/parse.rs:6740:11
     |
6740 | pub const m_Z_NICE: usize = 32;
     |           ^^^^^^^^ help: convert the identifier to upper case: `M_Z_NICE`

warning: constant `m_B_NICE` should have an upper case name
    --> /home/runner/work/_temp/deflate-upstream/data/verification-workspace/verify-t2srlpi6/slot/generated/parse.rs:6741:11
     |
6741 | pub const m_B_NICE: usize = 258;
     |           ^^^^^^^^ help: convert the identifier to upper case: `M_B_NICE`

warning: constant `m_P_LDEPTH` should have an upper case name
    --> /home/runner/work/_temp/deflate-upstream/data/verification-workspace/verify-t2srlpi6/slot/generated/parse.rs:6742:11
     |
6742 | pub const m_P_LDEPTH: usize = 1;
     |           ^^^^^^^^^^ help: convert the identifier to upper case: `M_P_LDEPTH`

warning: constant `m_H_LDEPTH` should have an upper case name
    --> /home/runner/work/_temp/deflate-upstream/data/verification-workspace/verify-t2srlpi6/slot/generated/parse.rs:6743:11
     |
6743 | pub const m_H_LDEPTH: usize = 1;
     |           ^^^^^^^^^^ help: convert the identifier to upper case: `M_H_LDEPTH`

warning: constant `m_B_LDEPTH` should have an upper case name
    --> /home/runner/work/_temp/deflate-upstream/data/verification-workspace/verify-t2srlpi6/slot/generated/parse.rs:6744:11
     |
6744 | pub const m_B_LDEPTH: usize = 2;
     |           ^^^^^^^^^^ help: convert the identifier to upper case: `M_B_LDEPTH`

warning: constant `m_P_INS` should have an upper case name
    --> /home/runner/work/_temp/deflate-upstream/data/verification-workspace/verify-t2srlpi6/slot/generated/parse.rs:6745:11
     |
6745 | pub const m_P_INS: usize = 258;
     |           ^^^^^^^ help: convert the identifier to upper case: `M_P_INS`

warning: constant `m_S_INS` should have an upper case name
    --> /home/runner/work/_temp/deflate-upstream/data/verification-workspace/verify-t2srlpi6/slot/generated/parse.rs:6746:11
     |
6746 | pub const m_S_INS: usize = 8;
     |           ^^^^^^^ help: convert the identifier to upper case: `M_S_INS`

warning: constant `m_B_INS` should have an upper case name
    --> /home/runner/work/_temp/deflate-upstream/data/verification-workspace/verify-t2srlpi6/slot/generated/parse.rs:6747:11
     |
6747 | pub const m_B_INS: usize = 12;
     |           ^^^^^^^ help: convert the identifier to upper case: `M_B_INS`

warning: constant `m_H_INS` should have an upper case name
    --> /home/runner/work/_temp/deflate-upstream/data/verification-workspace/verify-t2srlpi6/slot/generated/parse.rs:6748:11
     |
6748 | pub const m_H_INS: usize = 12;
     |           ^^^^^^^ help: convert the identifier to upper case: `M_H_INS`

warning: constant `m_P_STRIDE` should have an upper case name
    --> /home/runner/work/_temp/deflate-upstream/data/verification-workspace/verify-t2srlpi6/slot/generated/parse.rs:6749:11
     |
6749 | pub const m_P_STRIDE: usize = 1;
     |           ^^^^^^^^^^ help: convert the identifier to upper case: `M_P_STRIDE`

warning: constant `m_S_STRIDE` should have an upper case name
    --> /home/runner/work/_temp/deflate-upstream/data/verification-workspace/verify-t2srlpi6/slot/generated/parse.rs:6750:11
     |
6750 | pub const m_S_STRIDE: usize = 8;
     |           ^^^^^^^^^^ help: convert the identifier to upper case: `M_S_STRIDE`

warning: constant `m_B_STRIDE` should have an upper case name
    --> /home/runner/work/_temp/deflate-upstream/data/verification-workspace/verify-t2srlpi6/slot/generated/parse.rs:6751:11
     |
6751 | pub const m_B_STRIDE: usize = 32;
     |           ^^^^^^^^^^ help: convert the identifier to upper case: `M_B_STRIDE`

warning: constant `m_LAZY2` should have an upper case name
    --> /home/runner/work/_temp/deflate-upstream/data/verification-workspace/verify-t2srlpi6/slot/generated/parse.rs:6754:11
     |
6754 | pub const m_LAZY2: usize = 0;
     |           ^^^^^^^ help: convert the identifier to upper case: `M_LAZY2`

warning: constant `m_L2B` should have an upper case name
    --> /home/runner/work/_temp/deflate-upstream/data/verification-workspace/verify-t2srlpi6/slot/generated/parse.rs:6755:11
     |
6755 | pub const m_L2B: i32 = 40;
     |           ^^^^^ help: convert the identifier to upper case: `M_L2_B`

warning: constant `m_L2DEPTH` should have an upper case name
    --> /home/runner/work/_temp/deflate-upstream/data/verification-workspace/verify-t2srlpi6/slot/generated/parse.rs:6756:11
     |
6756 | pub const m_L2DEPTH: usize = 1;
     |           ^^^^^^^^^ help: convert the identifier to upper case: `M_L2_DEPTH`

warning: constant `m_MAIN_GM` should have an upper case name
    --> /home/runner/work/_temp/deflate-upstream/data/verification-workspace/verify-t2srlpi6/slot/generated/parse.rs:6758:11
     |
6758 | pub const m_MAIN_GM: usize = 0;
     |           ^^^^^^^^^ help: convert the identifier to upper case: `M_MAIN_GM`

warning: constant `m_PARTIAL` should have an upper case name
    --> /home/runner/work/_temp/deflate-upstream/data/verification-workspace/verify-t2srlpi6/slot/generated/parse.rs:6762:11
     |
6762 | pub const m_PARTIAL: usize = 0;
     |           ^^^^^^^^^ help: convert the identifier to upper case: `M_PARTIAL`

warning: constant `m_PDEPTH` should have an upper case name
    --> /home/runner/work/_temp/deflate-upstream/data/verification-workspace/verify-t2srlpi6/slot/generated/parse.rs:6763:11
     |
6763 | pub const m_PDEPTH: usize = 8;
     |           ^^^^^^^^ help: convert the identifier to upper case: `M_PDEPTH`

warning: constant `m_FLAT_ON` should have an upper case name
    --> /home/runner/work/_temp/deflate-upstream/data/verification-workspace/verify-t2srlpi6/slot/generated/parse.rs:6767:11
     |
6767 | pub const m_FLAT_ON: usize = 1;
     |           ^^^^^^^^^ help: convert the identifier to upper case: `M_FLAT_ON`

warning: constant `m_FLAT_DIV` should have an upper case name
    --> /home/runner/work/_temp/deflate-upstream/data/verification-workspace/verify-t2srlpi6/slot/generated/parse.rs:6768:11
     |
6768 | pub const m_FLAT_DIV: u32 = 16;
     |           ^^^^^^^^^^ help: convert the identifier to upper case: `M_FLAT_DIV`

warning: constant `m_FLAT_SQ` should have an upper case name
    --> /home/runner/work/_temp/deflate-upstream/data/verification-workspace/verify-t2srlpi6/slot/generated/parse.rs:6771:11
     |
6771 | pub const m_FLAT_SQ: u64 = 256;
     |           ^^^^^^^^^ help: convert the identifier to upper case: `M_FLAT_SQ`

warning: constant `m_F_DEPTH` should have an upper case name
    --> /home/runner/work/_temp/deflate-upstream/data/verification-workspace/verify-t2srlpi6/slot/generated/parse.rs:6772:11
     |
6772 | pub const m_F_DEPTH: usize = 8;
     |           ^^^^^^^^^ help: convert the identifier to upper case: `M_F_DEPTH`

warning: constant `m_F_LAZY` should have an upper case name
    --> /home/runner/work/_temp/deflate-upstream/data/verification-workspace/verify-t2srlpi6/slot/generated/parse.rs:6773:11
     |
6773 | pub const m_F_LAZY: usize = 0;
     |           ^^^^^^^^ help: convert the identifier to upper case: `M_F_LAZY`

warning: constant `m_F_LDEPTH` should have an upper case name
    --> /home/runner/work/_temp/deflate-upstream/data/verification-workspace/verify-t2srlpi6/slot/generated/parse.rs:6774:11
     |
6774 | pub const m_F_LDEPTH: usize = 2;
     |           ^^^^^^^^^^ help: convert the identifier to upper case: `M_F_LDEPTH`

warning: constant `m_F_SKIP` should have an upper case name
    --> /home/runner/work/_temp/deflate-upstream/data/verification-workspace/verify-t2srlpi6/slot/generated/parse.rs:6775:11
     |
6775 | pub const m_F_SKIP: usize = 6;
     |           ^^^^^^^^ help: convert the identifier to upper case: `M_F_SKIP`

warning: constant `m_H_STRIDE` should have an upper case name
    --> /home/runner/work/_temp/deflate-upstream/data/verification-workspace/verify-t2srlpi6/slot/generated/parse.rs:6776:11
     |
6776 | pub const m_H_STRIDE: usize = 32;
     |           ^^^^^^^^^^ help: convert the identifier to upper case: `M_H_STRIDE`

warning: constant `m_D_ON` should have an upper case name
    --> /home/runner/work/_temp/deflate-upstream/data/verification-workspace/verify-t2srlpi6/slot/generated/parse.rs:6832:11
     |
6832 | pub const m_D_ON: usize = 1;
     |           ^^^^^^ help: convert the identifier to upper case: `M_D_ON`

warning: constant `m_D_KEY` should have an upper case name
    --> /home/runner/work/_temp/deflate-upstream/data/verification-workspace/verify-t2srlpi6/slot/generated/parse.rs:6833:11
     |
6833 | pub const m_D_KEY: u32 = 8;
     |           ^^^^^^^ help: convert the identifier to upper case: `M_D_KEY`

warning: constant `m_D_MINL` should have an upper case name
    --> /home/runner/work/_temp/deflate-upstream/data/verification-workspace/verify-t2srlpi6/slot/generated/parse.rs:6834:11
     |
6834 | pub const m_D_MINL: usize = 9;
     |           ^^^^^^^^ help: convert the identifier to upper case: `M_D_MINL`

warning: constant `m_D_DEPTH` should have an upper case name
    --> /home/runner/work/_temp/deflate-upstream/data/verification-workspace/verify-t2srlpi6/slot/generated/parse.rs:6835:11
     |
6835 | pub const m_D_DEPTH: usize = 1;
     |           ^^^^^^^^^ help: convert the identifier to upper case: `M_D_DEPTH`

warning: constant `m_D_LAZY` should have an upper case name
    --> /home/runner/work/_temp/deflate-upstream/data/verification-workspace/verify-t2srlpi6/slot/generated/parse.rs:6836:11
     |
6836 | pub const m_D_LAZY: usize = 0;
     |           ^^^^^^^^ help: convert the identifier to upper case: `M_D_LAZY`

warning: constant `m_D_LDEPTH` should have an upper case name
    --> /home/runner/work/_temp/deflate-upstream/data/verification-workspace/verify-t2srlpi6/slot/generated/parse.rs:6837:11
     |
6837 | pub const m_D_LDEPTH: usize = 1;
     |           ^^^^^^^^^^ help: convert the identifier to upper case: `M_D_LDEPTH`

warning: constant `m_D_SKIP` should have an upper case name
    --> /home/runner/work/_temp/deflate-upstream/data/verification-workspace/verify-t2srlpi6/slot/generated/parse.rs:6838:11
     |
6838 | pub const m_D_SKIP: usize = 8;
     |           ^^^^^^^^ help: convert the identifier to upper case: `M_D_SKIP`

warning: constant `m_D_GM` should have an upper case name
    --> /home/runner/work/_temp/deflate-upstream/data/verification-workspace/verify-t2srlpi6/slot/generated/parse.rs:6839:11
     |
6839 | pub const m_D_GM: usize = 0;
     |           ^^^^^^ help: convert the identifier to upper case: `M_D_GM`

warning: constant `pc_HB` should have an upper case name
    --> /home/runner/work/_temp/deflate-upstream/data/verification-workspace/verify-t2srlpi6/slot/generated/parse.rs:6881:11
     |
6881 | pub const pc_HB: u32 = 15;
     |           ^^^^^ help: convert the identifier to upper case: `PC_HB`

warning: constant `pc_HN` should have an upper case name
    --> /home/runner/work/_temp/deflate-upstream/data/verification-workspace/verify-t2srlpi6/slot/generated/parse.rs:6882:11
     |
6882 | pub const pc_HN: usize = 32768;
     |           ^^^^^ help: convert the identifier to upper case: `PC_HN`

warning: constant `pc_WN` should have an upper case name
    --> /home/runner/work/_temp/deflate-upstream/data/verification-workspace/verify-t2srlpi6/slot/generated/parse.rs:6883:11
     |
6883 | pub const pc_WN: usize = 32768;
     |           ^^^^^ help: convert the identifier to upper case: `PC_WN`

warning: constant `pc_SMALL` should have an upper case name
    --> /home/runner/work/_temp/deflate-upstream/data/verification-workspace/verify-t2srlpi6/slot/generated/parse.rs:6885:11
     |
6885 | pub const pc_SMALL: usize = 65536;
     |           ^^^^^^^^ help: convert the identifier to upper case: `PC_SMALL`

warning: constant `pc_HS` should have an upper case name
    --> /home/runner/work/_temp/deflate-upstream/data/verification-workspace/verify-t2srlpi6/slot/generated/parse.rs:6886:11
     |
6886 | pub const pc_HS: usize = 4096;
     |           ^^^^^ help: convert the identifier to upper case: `PC_HS`

warning: constant `pc_WS` should have an upper case name
    --> /home/runner/work/_temp/deflate-upstream/data/verification-workspace/verify-t2srlpi6/slot/generated/parse.rs:6887:11
     |
6887 | pub const pc_WS: usize = 16384;
     |           ^^^^^ help: convert the identifier to upper case: `PC_WS`

warning: constant `pc_NICE` should have an upper case name
    --> /home/runner/work/_temp/deflate-upstream/data/verification-workspace/verify-t2srlpi6/slot/generated/parse.rs:6888:11
     |
6888 | pub const pc_NICE: usize = 32;
     |           ^^^^^^^ help: convert the identifier to upper case: `PC_NICE`

warning: constant `pc_INS_MAX` should have an upper case name
    --> /home/runner/work/_temp/deflate-upstream/data/verification-workspace/verify-t2srlpi6/slot/generated/parse.rs:6889:11
     |
6889 | pub const pc_INS_MAX: usize = 2;
     |           ^^^^^^^^^^ help: convert the identifier to upper case: `PC_INS_MAX`

warning: constant `pc_TAIL` should have an upper case name
    --> /home/runner/work/_temp/deflate-upstream/data/verification-workspace/verify-t2srlpi6/slot/generated/parse.rs:6890:11
     |
6890 | pub const pc_TAIL: usize = 1;
     |           ^^^^^^^ help: convert the identifier to upper case: `PC_TAIL`

warning: constant `pc_STRIDE` should have an upper case name
    --> /home/runner/work/_temp/deflate-upstream/data/verification-workspace/verify-t2srlpi6/slot/generated/parse.rs:6893:11
     |
6893 | pub const pc_STRIDE: usize = 0;
     |           ^^^^^^^^^ help: convert the identifier to upper case: `PC_STRIDE`

warning: constant `pc_BACKTOK` should have an upper case name
    --> /home/runner/work/_temp/deflate-upstream/data/verification-workspace/verify-t2srlpi6/slot/generated/parse.rs:6894:11
     |
6894 | pub const pc_BACKTOK: usize = 16;
     |           ^^^^^^^^^^ help: convert the identifier to upper case: `PC_BACKTOK`

warning: constant `pc_LDEPTH` should have an upper case name
    --> /home/runner/work/_temp/deflate-upstream/data/verification-workspace/verify-t2srlpi6/slot/generated/parse.rs:6895:11
     |
6895 | pub const pc_LDEPTH: usize = 1;
     |           ^^^^^^^^^ help: convert the identifier to upper case: `PC_LDEPTH`

warning: constant `pc_SAMPLE` should have an upper case name
    --> /home/runner/work/_temp/deflate-upstream/data/verification-workspace/verify-t2srlpi6/slot/generated/parse.rs:6896:11
     |
6896 | pub const pc_SAMPLE: usize = 2048;
     |           ^^^^^^^^^ help: convert the identifier to upper case: `PC_SAMPLE`

warning: constant `pc_VERIFY` should have an upper case name
    --> /home/runner/work/_temp/deflate-upstream/data/verification-workspace/verify-t2srlpi6/slot/generated/parse.rs:6897:11
     |
6897 | pub const pc_VERIFY: usize = 0;
     |           ^^^^^^^^^ help: convert the identifier to upper case: `PC_VERIFY`

warning: constant `pc_LSLACK` should have an upper case name
    --> /home/runner/work/_temp/deflate-upstream/data/verification-workspace/verify-t2srlpi6/slot/generated/parse.rs:6901:11
     |
6901 | pub const pc_LSLACK: usize = 1;
     |           ^^^^^^^^^ help: convert the identifier to upper case: `PC_LSLACK`

warning: constant `pc_HLIT` should have an upper case name
    --> /home/runner/work/_temp/deflate-upstream/data/verification-workspace/verify-t2srlpi6/slot/generated/parse.rs:6902:11
     |
6902 | pub const pc_HLIT: u32 = 80;
     |           ^^^^^^^ help: convert the identifier to upper case: `PC_HLIT`

warning: constant `pc_GBASE` should have an upper case name
    --> /home/runner/work/_temp/deflate-upstream/data/verification-workspace/verify-t2srlpi6/slot/generated/parse.rs:6903:11
     |
6903 | pub const pc_GBASE: i32 = 168;
     |           ^^^^^^^^ help: convert the identifier to upper case: `PC_GBASE`

warning: constant `pc_T_DEPTH` should have an upper case name
    --> /home/runner/work/_temp/deflate-upstream/data/verification-workspace/verify-t2srlpi6/slot/generated/parse.rs:6907:11
     |
6907 | pub const pc_T_DEPTH: usize = 1;
     |           ^^^^^^^^^^ help: convert the identifier to upper case: `PC_T_DEPTH`

warning: constant `pc_T_LAZY` should have an upper case name
    --> /home/runner/work/_temp/deflate-upstream/data/verification-workspace/verify-t2srlpi6/slot/generated/parse.rs:6908:11
     |
6908 | pub const pc_T_LAZY: usize = 0;
     |           ^^^^^^^^^ help: convert the identifier to upper case: `PC_T_LAZY`

warning: constant `pc_T_SKIP` should have an upper case name
    --> /home/runner/work/_temp/deflate-upstream/data/verification-workspace/verify-t2srlpi6/slot/generated/parse.rs:6909:11
     |
6909 | pub const pc_T_SKIP: usize = 4;
     |           ^^^^^^^^^ help: convert the identifier to upper case: `PC_T_SKIP`

warning: constant `pc_P_DEPTH` should have an upper case name
    --> /home/runner/work/_temp/deflate-upstream/data/verification-workspace/verify-t2srlpi6/slot/generated/parse.rs:6910:11
     |
6910 | pub const pc_P_DEPTH: usize = 1;
     |           ^^^^^^^^^^ help: convert the identifier to upper case: `PC_P_DEPTH`

warning: constant `pc_P_LAZY` should have an upper case name
    --> /home/runner/work/_temp/deflate-upstream/data/verification-workspace/verify-t2srlpi6/slot/generated/parse.rs:6911:11
     |
6911 | pub const pc_P_LAZY: usize = 0;
     |           ^^^^^^^^^ help: convert the identifier to upper case: `PC_P_LAZY`

warning: constant `pc_P_SKIP` should have an upper case name
    --> /home/runner/work/_temp/deflate-upstream/data/verification-workspace/verify-t2srlpi6/slot/generated/parse.rs:6912:11
     |
6912 | pub const pc_P_SKIP: usize = 5;
     |           ^^^^^^^^^ help: convert the identifier to upper case: `PC_P_SKIP`

warning: constant `pc_P_KM` should have an upper case name
    --> /home/runner/work/_temp/deflate-upstream/data/verification-workspace/verify-t2srlpi6/slot/generated/parse.rs:6914:11
     |
6914 | pub const pc_P_KM: u32 = 4294967295;
     |           ^^^^^^^ help: convert the identifier to upper case: `PC_P_KM`

warning: constant `pc_H_DEPTH` should have an upper case name
    --> /home/runner/work/_temp/deflate-upstream/data/verification-workspace/verify-t2srlpi6/slot/generated/parse.rs:6915:11
     |
6915 | pub const pc_H_DEPTH: usize = 3;
     |           ^^^^^^^^^^ help: convert the identifier to upper case: `PC_H_DEPTH`

warning: constant `pc_H_LAZY` should have an upper case name
    --> /home/runner/work/_temp/deflate-upstream/data/verification-workspace/verify-t2srlpi6/slot/generated/parse.rs:6916:11
     |
6916 | pub const pc_H_LAZY: usize = 0;
     |           ^^^^^^^^^ help: convert the identifier to upper case: `PC_H_LAZY`

warning: constant `pc_H_SKIP` should have an upper case name
    --> /home/runner/work/_temp/deflate-upstream/data/verification-workspace/verify-t2srlpi6/slot/generated/parse.rs:6917:11
     |
6917 | pub const pc_H_SKIP: usize = 3;
     |           ^^^^^^^^^ help: convert the identifier to upper case: `PC_H_SKIP`

warning: constant `pc_Z_DEPTH` should have an upper case name
    --> /home/runner/work/_temp/deflate-upstream/data/verification-workspace/verify-t2srlpi6/slot/generated/parse.rs:6918:11
     |
6918 | pub const pc_Z_DEPTH: usize = 1;
     |           ^^^^^^^^^^ help: convert the identifier to upper case: `PC_Z_DEPTH`

warning: constant `pc_Z_SKIP` should have an upper case name
    --> /home/runner/work/_temp/deflate-upstream/data/verification-workspace/verify-t2srlpi6/slot/generated/parse.rs:6919:11
     |
6919 | pub const pc_Z_SKIP: usize = 4;
     |           ^^^^^^^^^ help: convert the identifier to upper case: `PC_Z_SKIP`

warning: constant `pc_Z_CAP` should have an upper case name
    --> /home/runner/work/_temp/deflate-upstream/data/verification-workspace/verify-t2srlpi6/slot/generated/parse.rs:6920:11
     |
6920 | pub const pc_Z_CAP: usize = 8;
     |           ^^^^^^^^ help: convert the identifier to upper case: `PC_Z_CAP`

warning: constant `pc_B_DEPTH` should have an upper case name
    --> /home/runner/work/_temp/deflate-upstream/data/verification-workspace/verify-t2srlpi6/slot/generated/parse.rs:6921:11
     |
6921 | pub const pc_B_DEPTH: usize = 4;
     |           ^^^^^^^^^^ help: convert the identifier to upper case: `PC_B_DEPTH`

warning: constant `pc_B_LAZY` should have an upper case name
    --> /home/runner/work/_temp/deflate-upstream/data/verification-workspace/verify-t2srlpi6/slot/generated/parse.rs:6922:11
     |
6922 | pub const pc_B_LAZY: usize = 3;
     |           ^^^^^^^^^ help: convert the identifier to upper case: `PC_B_LAZY`

warning: constant `pc_B_SKIP` should have an upper case name
    --> /home/runner/work/_temp/deflate-upstream/data/verification-workspace/verify-t2srlpi6/slot/generated/parse.rs:6923:11
     |
6923 | pub const pc_B_SKIP: usize = 4;
     |           ^^^^^^^^^ help: convert the identifier to upper case: `PC_B_SKIP`

warning: constant `pc_SDIG` should have an upper case name
    --> /home/runner/work/_temp/deflate-upstream/data/verification-workspace/verify-t2srlpi6/slot/generated/parse.rs:6926:11
     |
6926 | pub const pc_SDIG: u32 = 6;
     |           ^^^^^^^ help: convert the identifier to upper case: `PC_SDIG`

warning: constant `pc_S_DEPTH` should have an upper case name
    --> /home/runner/work/_temp/deflate-upstream/data/verification-workspace/verify-t2srlpi6/slot/generated/parse.rs:6927:11
     |
6927 | pub const pc_S_DEPTH: usize = 1;
     |           ^^^^^^^^^^ help: convert the identifier to upper case: `PC_S_DEPTH`

warning: constant `pc_S_LDEPTH` should have an upper case name
    --> /home/runner/work/_temp/deflate-upstream/data/verification-workspace/verify-t2srlpi6/slot/generated/parse.rs:6928:11
     |
6928 | pub const pc_S_LDEPTH: usize = 1;
     |           ^^^^^^^^^^^ help: convert the identifier to upper case: `PC_S_LDEPTH`

warning: constant `pc_S_LAZY` should have an upper case name
    --> /home/runner/work/_temp/deflate-upstream/data/verification-workspace/verify-t2srlpi6/slot/generated/parse.rs:6929:11
     |
6929 | pub const pc_S_LAZY: usize = 258;
     |           ^^^^^^^^^ help: convert the identifier to upper case: `PC_S_LAZY`

warning: constant `pc_SKCAP` should have an upper case name
    --> /home/runner/work/_temp/deflate-upstream/data/verification-workspace/verify-t2srlpi6/slot/generated/parse.rs:6931:11
     |
6931 | pub const pc_SKCAP: usize = 1000000;
     |           ^^^^^^^^ help: convert the identifier to upper case: `PC_SKCAP`

warning: constant `pc_R1_ON` should have an upper case name
    --> /home/runner/work/_temp/deflate-upstream/data/verification-workspace/verify-t2srlpi6/slot/generated/parse.rs:6934:11
     |
6934 | pub const pc_R1_ON: usize = 1;
     |           ^^^^^^^^ help: convert the identifier to upper case: `PC_R1_ON`

warning: constant `pc_ST_ON` should have an upper case name
    --> /home/runner/work/_temp/deflate-upstream/data/verification-workspace/verify-t2srlpi6/slot/generated/parse.rs:6940:11
     |
6940 | pub const pc_ST_ON: usize = 1;
     |           ^^^^^^^^ help: convert the identifier to upper case: `PC_ST_ON`

warning: constant `pc_ST_MIN` should have an upper case name
    --> /home/runner/work/_temp/deflate-upstream/data/verification-workspace/verify-t2srlpi6/slot/generated/parse.rs:6941:11
     |
6941 | pub const pc_ST_MIN: usize = 65536;
     |           ^^^^^^^^^ help: convert the identifier to upper case: `PC_ST_MIN`

warning: constant `pc_ST_SAMPLE` should have an upper case name
    --> /home/runner/work/_temp/deflate-upstream/data/verification-workspace/verify-t2srlpi6/slot/generated/parse.rs:6942:11
     |
6942 | pub const pc_ST_SAMPLE: usize = 4096;
     |           ^^^^^^^^^^^^ help: convert the identifier to upper case: `PC_ST_SAMPLE`

warning: constant `pc_ST_FEW` should have an upper case name
    --> /home/runner/work/_temp/deflate-upstream/data/verification-workspace/verify-t2srlpi6/slot/generated/parse.rs:6943:11
     |
6943 | pub const pc_ST_FEW: usize = 32;
     |           ^^^^^^^^^ help: convert the identifier to upper case: `PC_ST_FEW`

warning: constant `pc_ST_MANY` should have an upper case name
    --> /home/runner/work/_temp/deflate-upstream/data/verification-workspace/verify-t2srlpi6/slot/generated/parse.rs:6944:11
     |
6944 | pub const pc_ST_MANY: usize = 160;
     |           ^^^^^^^^^^ help: convert the identifier to upper case: `PC_ST_MANY`

warning: constant `pc_ST_HB` should have an upper case name
    --> /home/runner/work/_temp/deflate-upstream/data/verification-workspace/verify-t2srlpi6/slot/generated/parse.rs:6945:11
     |
6945 | pub const pc_ST_HB: u32 = 17;
     |           ^^^^^^^^ help: convert the identifier to upper case: `PC_ST_HB`

warning: constant `pc_ST_HN` should have an upper case name
    --> /home/runner/work/_temp/deflate-upstream/data/verification-workspace/verify-t2srlpi6/slot/generated/parse.rs:6946:11
     |
6946 | pub const pc_ST_HN: usize = 131072;
     |           ^^^^^^^^ help: convert the identifier to upper case: `PC_ST_HN`

warning: constant `pc_ST_DMAX` should have an upper case name
    --> /home/runner/work/_temp/deflate-upstream/data/verification-workspace/verify-t2srlpi6/slot/generated/parse.rs:6947:11
     |
6947 | pub const pc_ST_DMAX: usize = 32768;
     |           ^^^^^^^^^^ help: convert the identifier to upper case: `PC_ST_DMAX`

warning: constant `pc_ST_INS` should have an upper case name
    --> /home/runner/work/_temp/deflate-upstream/data/verification-workspace/verify-t2srlpi6/slot/generated/parse.rs:6951:11
     |
6951 | pub const pc_ST_INS: usize = 258;
     |           ^^^^^^^^^ help: convert the identifier to upper case: `PC_ST_INS`

warning: constant `pc_ST_DMIN` should have an upper case name
    --> /home/runner/work/_temp/deflate-upstream/data/verification-workspace/verify-t2srlpi6/slot/generated/parse.rs:6952:11
     |
6952 | pub const pc_ST_DMIN: usize = 129;
     |           ^^^^^^^^^^ help: convert the identifier to upper case: `PC_ST_DMIN`

warning: constant `pc_TF_N` should have an upper case name
    --> /home/runner/work/_temp/deflate-upstream/data/verification-workspace/verify-t2srlpi6/slot/generated/parse.rs:6957:11
     |
6957 | pub const pc_TF_N: usize = 65536;
     |           ^^^^^^^ help: convert the identifier to upper case: `PC_TF_N`

warning: constant `pc_TF_TEXT` should have an upper case name
    --> /home/runner/work/_temp/deflate-upstream/data/verification-workspace/verify-t2srlpi6/slot/generated/parse.rs:6958:11
     |
6958 | pub const pc_TF_TEXT: usize = 1;
     |           ^^^^^^^^^^ help: convert the identifier to upper case: `PC_TF_TEXT`

warning: constant `pc_TF_TKIND` should have an upper case name
    --> /home/runner/work/_temp/deflate-upstream/data/verification-workspace/verify-t2srlpi6/slot/generated/parse.rs:6959:11
     |
6959 | pub const pc_TF_TKIND: usize = 1;
     |           ^^^^^^^^^^^ help: convert the identifier to upper case: `PC_TF_TKIND`

warning: constant `pc_TF_SAMPLE` should have an upper case name
    --> /home/runner/work/_temp/deflate-upstream/data/verification-workspace/verify-t2srlpi6/slot/generated/parse.rs:6962:11
     |
6962 | pub const pc_TF_SAMPLE: usize = 256;
     |           ^^^^^^^^^^^^ help: convert the identifier to upper case: `PC_TF_SAMPLE`

warning: constant `pc_TF_SDIG` should have an upper case name
    --> /home/runner/work/_temp/deflate-upstream/data/verification-workspace/verify-t2srlpi6/slot/generated/parse.rs:6963:11
     |
6963 | pub const pc_TF_SDIG: u32 = 6;
     |           ^^^^^^^^^^ help: convert the identifier to upper case: `PC_TF_SDIG`

warning: constant `pc_TF_HB` should have an upper case name
    --> /home/runner/work/_temp/deflate-upstream/data/verification-workspace/verify-t2srlpi6/slot/generated/parse.rs:6969:11
     |
6969 | pub const pc_TF_HB: u32 = 12;
     |           ^^^^^^^^ help: convert the identifier to upper case: `PC_TF_HB`

warning: constant `pc_TF_HN` should have an upper case name
    --> /home/runner/work/_temp/deflate-upstream/data/verification-workspace/verify-t2srlpi6/slot/generated/parse.rs:6970:11
     |
6970 | pub const pc_TF_HN: usize = 4096;
     |           ^^^^^^^^ help: convert the identifier to upper case: `PC_TF_HN`

warning: constant `pc_TF_WN` should have an upper case name
    --> /home/runner/work/_temp/deflate-upstream/data/verification-workspace/verify-t2srlpi6/slot/generated/parse.rs:6971:11
     |
6971 | pub const pc_TF_WN: usize = 16384;
     |           ^^^^^^^^ help: convert the identifier to upper case: `PC_TF_WN`

warning: constant `pc_TF_TDEPTH` should have an upper case name
    --> /home/runner/work/_temp/deflate-upstream/data/verification-workspace/verify-t2srlpi6/slot/generated/parse.rs:6975:11
     |
6975 | pub const pc_TF_TDEPTH: usize = 1;
     |           ^^^^^^^^^^^^ help: convert the identifier to upper case: `PC_TF_TDEPTH`

warning: constant `pc_TF_TLAZY` should have an upper case name
    --> /home/runner/work/_temp/deflate-upstream/data/verification-workspace/verify-t2srlpi6/slot/generated/parse.rs:6976:11
     |
6976 | pub const pc_TF_TLAZY: usize = 0;
     |           ^^^^^^^^^^^ help: convert the identifier to upper case: `PC_TF_TLAZY`

warning: constant `pc_TF_TSKIP` should have an upper case name
    --> /home/runner/work/_temp/deflate-upstream/data/verification-workspace/verify-t2srlpi6/slot/generated/parse.rs:6977:11
     |
6977 | pub const pc_TF_TSKIP: usize = 3;
     |           ^^^^^^^^^^^ help: convert the identifier to upper case: `PC_TF_TSKIP`

warning: constant `pc_TF_SDEPTH` should have an upper case name
    --> /home/runner/work/_temp/deflate-upstream/data/verification-workspace/verify-t2srlpi6/slot/generated/parse.rs:6978:11
     |
6978 | pub const pc_TF_SDEPTH: usize = 1;
     |           ^^^^^^^^^^^^ help: convert the identifier to upper case: `PC_TF_SDEPTH`

warning: constant `pc_TF_SLAZY` should have an upper case name
    --> /home/runner/work/_temp/deflate-upstream/data/verification-workspace/verify-t2srlpi6/slot/generated/parse.rs:6979:11
     |
6979 | pub const pc_TF_SLAZY: usize = 258;
     |           ^^^^^^^^^^^ help: convert the identifier to upper case: `PC_TF_SLAZY`

warning: constant `pc_TF_SSKIP` should have an upper case name
    --> /home/runner/work/_temp/deflate-upstream/data/verification-workspace/verify-t2srlpi6/slot/generated/parse.rs:6980:11
     |
6980 | pub const pc_TF_SSKIP: usize = 3;
     |           ^^^^^^^^^^^ help: convert the identifier to upper case: `PC_TF_SSKIP`

warning: constant `pc_TF_BDEPTH` should have an upper case name
    --> /home/runner/work/_temp/deflate-upstream/data/verification-workspace/verify-t2srlpi6/slot/generated/parse.rs:6981:11
     |
6981 | pub const pc_TF_BDEPTH: usize = 0;
     |           ^^^^^^^^^^^^ help: convert the identifier to upper case: `PC_TF_BDEPTH`

warning: constant `pc_TF_BLAZY` should have an upper case name
    --> /home/runner/work/_temp/deflate-upstream/data/verification-workspace/verify-t2srlpi6/slot/generated/parse.rs:6982:11
     |
6982 | pub const pc_TF_BLAZY: usize = 0;
     |           ^^^^^^^^^^^ help: convert the identifier to upper case: `PC_TF_BLAZY`

warning: constant `pc_TF_BSKIP` should have an upper case name
    --> /home/runner/work/_temp/deflate-upstream/data/verification-workspace/verify-t2srlpi6/slot/generated/parse.rs:6983:11
     |
6983 | pub const pc_TF_BSKIP: usize = 4;
     |           ^^^^^^^^^^^ help: convert the identifier to upper case: `PC_TF_BSKIP`

warning: constant `pc_TF_NICE` should have an upper case name
    --> /home/runner/work/_temp/deflate-upstream/data/verification-workspace/verify-t2srlpi6/slot/generated/parse.rs:6985:11
     |
6985 | pub const pc_TF_NICE: usize = 64;
     |           ^^^^^^^^^^ help: convert the identifier to upper case: `PC_TF_NICE`

warning: constant `pc_TF_SKCAP` should have an upper case name
    --> /home/runner/work/_temp/deflate-upstream/data/verification-workspace/verify-t2srlpi6/slot/generated/parse.rs:6986:11
     |
6986 | pub const pc_TF_SKCAP: usize = 1000000;
     |           ^^^^^^^^^^^ help: convert the identifier to upper case: `PC_TF_SKCAP`

warning: constant `pc_TF_TRLE` should have an upper case name
    --> /home/runner/work/_temp/deflate-upstream/data/verification-workspace/verify-t2srlpi6/slot/generated/parse.rs:6988:11
     |
6988 | pub const pc_TF_TRLE: usize = 1;
     |           ^^^^^^^^^^ help: convert the identifier to upper case: `PC_TF_TRLE`

warning: constant `pc_TF_BACK` should have an upper case name
    --> /home/runner/work/_temp/deflate-upstream/data/verification-workspace/verify-t2srlpi6/slot/generated/parse.rs:6991:11
     |
6991 | pub const pc_TF_BACK: usize = 1;
     |           ^^^^^^^^^^ help: convert the identifier to upper case: `PC_TF_BACK`

warning: constant `pc_TF_FOLD` should have an upper case name
    --> /home/runner/work/_temp/deflate-upstream/data/verification-workspace/verify-t2srlpi6/slot/generated/parse.rs:6992:11
     |
6992 | pub const pc_TF_FOLD: usize = 1;
     |           ^^^^^^^^^^ help: convert the identifier to upper case: `PC_TF_FOLD`

warning: constant `pc_TF_REP` should have an upper case name
    --> /home/runner/work/_temp/deflate-upstream/data/verification-workspace/verify-t2srlpi6/slot/generated/parse.rs:6994:11
     |
6994 | pub const pc_TF_REP: usize = 0;
     |           ^^^^^^^^^ help: convert the identifier to upper case: `PC_TF_REP`

warning: constant `pc_TF_RUNSKIP` should have an upper case name
    --> /home/runner/work/_temp/deflate-upstream/data/verification-workspace/verify-t2srlpi6/slot/generated/parse.rs:6996:11
     |
6996 | pub const pc_TF_RUNSKIP: usize = 1;
     |           ^^^^^^^^^^^^^ help: convert the identifier to upper case: `PC_TF_RUNSKIP`

warning: constant `pc_TF_INS` should have an upper case name
    --> /home/runner/work/_temp/deflate-upstream/data/verification-workspace/verify-t2srlpi6/slot/generated/parse.rs:6998:11
     |
6998 | pub const pc_TF_INS: usize = 2;
     |           ^^^^^^^^^ help: convert the identifier to upper case: `PC_TF_INS`

warning: constant `pc_TF_TAIL` should have an upper case name
    --> /home/runner/work/_temp/deflate-upstream/data/verification-workspace/verify-t2srlpi6/slot/generated/parse.rs:6999:11
     |
6999 | pub const pc_TF_TAIL: usize = 1;
     |           ^^^^^^^^^^ help: convert the identifier to upper case: `PC_TF_TAIL`

warning: constant `pc_TF_KL` should have an upper case name
    --> /home/runner/work/_temp/deflate-upstream/data/verification-workspace/verify-t2srlpi6/slot/generated/parse.rs:7002:11
     |
7002 | pub const pc_TF_KL: u32 = 5;
     |           ^^^^^^^^ help: convert the identifier to upper case: `PC_TF_KL`

warning: constant `pc_TF_KD` should have an upper case name
    --> /home/runner/work/_temp/deflate-upstream/data/verification-workspace/verify-t2srlpi6/slot/generated/parse.rs:7003:11
     |
7003 | pub const pc_TF_KD: u32 = 5;
     |           ^^^^^^^^ help: convert the identifier to upper case: `PC_TF_KD`

warning: constant `pc_TF_BKL` should have an upper case name
    --> /home/runner/work/_temp/deflate-upstream/data/verification-workspace/verify-t2srlpi6/slot/generated/parse.rs:7004:11
     |
7004 | pub const pc_TF_BKL: u32 = 3;
     |           ^^^^^^^^^ help: convert the identifier to upper case: `PC_TF_BKL`

warning: constant `pc_TF_BKD` should have an upper case name
    --> /home/runner/work/_temp/deflate-upstream/data/verification-workspace/verify-t2srlpi6/slot/generated/parse.rs:7005:11
     |
7005 | pub const pc_TF_BKD: u32 = 3;
     |           ^^^^^^^^^ help: convert the identifier to upper case: `PC_TF_BKD`

warning: constant `pc_TF_RDEPTH` should have an upper case name
    --> /home/runner/work/_temp/deflate-upstream/data/verification-workspace/verify-t2srlpi6/slot/generated/parse.rs:7009:11
     |
7009 | pub const pc_TF_RDEPTH: usize = 8;
     |           ^^^^^^^^^^^^ help: convert the identifier to upper case: `PC_TF_RDEPTH`

warning: constant `pc_TF_SHIFT` should have an upper case name
    --> /home/runner/work/_temp/deflate-upstream/data/verification-workspace/verify-t2srlpi6/slot/generated/parse.rs:7010:11
     |
7010 | pub const pc_TF_SHIFT: usize = 1;
     |           ^^^^^^^^^^^ help: convert the identifier to upper case: `PC_TF_SHIFT`

warning: constant `pc_TF_DLIT` should have an upper case name
    --> /home/runner/work/_temp/deflate-upstream/data/verification-workspace/verify-t2srlpi6/slot/generated/parse.rs:7011:11
     |
7011 | pub const pc_TF_DLIT: usize = 8;
     |           ^^^^^^^^^^ help: convert the identifier to upper case: `PC_TF_DLIT`

warning: constant `pc_KF_ON` should have an upper case name
    --> /home/runner/work/_temp/deflate-upstream/data/verification-workspace/verify-t2srlpi6/slot/generated/parse.rs:7624:11
     |
7624 | pub const pc_KF_ON: usize = 9;
     |           ^^^^^^^^ help: convert the identifier to upper case: `PC_KF_ON`

warning: constant `pc_KF_DP` should have an upper case name
    --> /home/runner/work/_temp/deflate-upstream/data/verification-workspace/verify-t2srlpi6/slot/generated/parse.rs:7625:11
     |
7625 | pub const pc_KF_DP: usize = 1;
     |           ^^^^^^^^ help: convert the identifier to upper case: `PC_KF_DP`

warning: constant `pc_KF_BDP` should have an upper case name
    --> /home/runner/work/_temp/deflate-upstream/data/verification-workspace/verify-t2srlpi6/slot/generated/parse.rs:7626:11
     |
7626 | pub const pc_KF_BDP: usize = 2;
     |           ^^^^^^^^^ help: convert the identifier to upper case: `PC_KF_BDP`

warning: constant `pc_KF_BSKIP` should have an upper case name
    --> /home/runner/work/_temp/deflate-upstream/data/verification-workspace/verify-t2srlpi6/slot/generated/parse.rs:7627:11
     |
7627 | pub const pc_KF_BSKIP: usize = 6;
     |           ^^^^^^^^^^^ help: convert the identifier to upper case: `PC_KF_BSKIP`

warning: constant `pc_TF_LSYM` should have an upper case name
    --> /home/runner/work/_temp/deflate-upstream/data/verification-workspace/verify-t2srlpi6/slot/generated/parse.rs:8176:11
     |
8176 | pub const pc_TF_LSYM: [u8; 512] = [
     |           ^^^^^^^^^^ help: convert the identifier to upper case: `PC_TF_LSYM`

warning: constant `pc_TF_DSYM` should have an upper case name
    --> /home/runner/work/_temp/deflate-upstream/data/verification-workspace/verify-t2srlpi6/slot/generated/parse.rs:8195:11
     |
8195 | pub const pc_TF_DSYM: [u8; 512] = [
     |           ^^^^^^^^^^ help: convert the identifier to upper case: `PC_TF_DSYM`

warning: constant `pc_TF_LBASE` should have an upper case name
    --> /home/runner/work/_temp/deflate-upstream/data/verification-workspace/verify-t2srlpi6/slot/generated/parse.rs:8214:11
     |
8214 | pub const pc_TF_LBASE: [u16; 32] = [3, 4, 5, 6, 7, 8, 9, 10, 11, 13, 15, 17, 19, 23, 27, 31, 35, 43, 51, 59, 67, 83, 99, 115, 131,...
     |           ^^^^^^^^^^^ help: convert the identifier to upper case: `PC_TF_LBASE`

warning: constant `pc_TF_LTOP` should have an upper case name
    --> /home/runner/work/_temp/deflate-upstream/data/verification-workspace/verify-t2srlpi6/slot/generated/parse.rs:8215:11
     |
8215 | pub const pc_TF_LTOP: [u16; 32] = [3, 4, 5, 6, 7, 8, 9, 10, 12, 14, 16, 18, 22, 26, 30, 34, 42, 50, 58, 66, 82, 98, 114, 130, 162,...
     |           ^^^^^^^^^^ help: convert the identifier to upper case: `PC_TF_LTOP`

warning: constant `q4_HB` should have an upper case name
    --> /home/runner/work/_temp/deflate-upstream/data/verification-workspace/verify-t2srlpi6/slot/generated/parse.rs:8250:11
     |
8250 | pub const q4_HB: u32 = 15;
     |           ^^^^^ help: convert the identifier to upper case: `Q4_HB`

warning: constant `q4_HN` should have an upper case name
    --> /home/runner/work/_temp/deflate-upstream/data/verification-workspace/verify-t2srlpi6/slot/generated/parse.rs:8251:11
     |
8251 | pub const q4_HN: usize = 32768;
     |           ^^^^^ help: convert the identifier to upper case: `Q4_HN`

warning: constant `q4_WN` should have an upper case name
    --> /home/runner/work/_temp/deflate-upstream/data/verification-workspace/verify-t2srlpi6/slot/generated/parse.rs:8252:11
     |
8252 | pub const q4_WN: usize = 32768;
     |           ^^^^^ help: convert the identifier to upper case: `Q4_WN`

warning: constant `q4_SMALL` should have an upper case name
    --> /home/runner/work/_temp/deflate-upstream/data/verification-workspace/verify-t2srlpi6/slot/generated/parse.rs:8254:11
     |
8254 | pub const q4_SMALL: usize = 65536;
     |           ^^^^^^^^ help: convert the identifier to upper case: `Q4_SMALL`

warning: constant `q4_HS` should have an upper case name
    --> /home/runner/work/_temp/deflate-upstream/data/verification-workspace/verify-t2srlpi6/slot/generated/parse.rs:8255:11
     |
8255 | pub const q4_HS: usize = 4096;
     |           ^^^^^ help: convert the identifier to upper case: `Q4_HS`

warning: constant `q4_WS` should have an upper case name
    --> /home/runner/work/_temp/deflate-upstream/data/verification-workspace/verify-t2srlpi6/slot/generated/parse.rs:8256:11
     |
8256 | pub const q4_WS: usize = 16384;
     |           ^^^^^ help: convert the identifier to upper case: `Q4_WS`

warning: constant `q4_NICE` should have an upper case name
    --> /home/runner/work/_temp/deflate-upstream/data/verification-workspace/verify-t2srlpi6/slot/generated/parse.rs:8257:11
     |
8257 | pub const q4_NICE: usize = 32;
     |           ^^^^^^^ help: convert the identifier to upper case: `Q4_NICE`

warning: constant `q4_INS_MAX` should have an upper case name
    --> /home/runner/work/_temp/deflate-upstream/data/verification-workspace/verify-t2srlpi6/slot/generated/parse.rs:8258:11
     |
8258 | pub const q4_INS_MAX: usize = 0;
     |           ^^^^^^^^^^ help: convert the identifier to upper case: `Q4_INS_MAX`

warning: constant `q4_TAIL` should have an upper case name
    --> /home/runner/work/_temp/deflate-upstream/data/verification-workspace/verify-t2srlpi6/slot/generated/parse.rs:8259:11
     |
8259 | pub const q4_TAIL: usize = 0;
     |           ^^^^^^^ help: convert the identifier to upper case: `Q4_TAIL`

warning: constant `q4_STRIDE` should have an upper case name
    --> /home/runner/work/_temp/deflate-upstream/data/verification-workspace/verify-t2srlpi6/slot/generated/parse.rs:8262:11
     |
8262 | pub const q4_STRIDE: usize = 0;
     |           ^^^^^^^^^ help: convert the identifier to upper case: `Q4_STRIDE`

warning: constant `q4_BACKTOK` should have an upper case name
    --> /home/runner/work/_temp/deflate-upstream/data/verification-workspace/verify-t2srlpi6/slot/generated/parse.rs:8263:11
     |
8263 | pub const q4_BACKTOK: usize = 16;
     |           ^^^^^^^^^^ help: convert the identifier to upper case: `Q4_BACKTOK`

warning: constant `q4_LDEPTH` should have an upper case name
    --> /home/runner/work/_temp/deflate-upstream/data/verification-workspace/verify-t2srlpi6/slot/generated/parse.rs:8264:11
     |
8264 | pub const q4_LDEPTH: usize = 1;
     |           ^^^^^^^^^ help: convert the identifier to upper case: `Q4_LDEPTH`

warning: constant `q4_SAMPLE` should have an upper case name
    --> /home/runner/work/_temp/deflate-upstream/data/verification-workspace/verify-t2srlpi6/slot/generated/parse.rs:8265:11
     |
8265 | pub const q4_SAMPLE: usize = 2048;
     |           ^^^^^^^^^ help: convert the identifier to upper case: `Q4_SAMPLE`

warning: constant `q4_VERIFY` should have an upper case name
    --> /home/runner/work/_temp/deflate-upstream/data/verification-workspace/verify-t2srlpi6/slot/generated/parse.rs:8266:11
     |
8266 | pub const q4_VERIFY: usize = 0;
     |           ^^^^^^^^^ help: convert the identifier to upper case: `Q4_VERIFY`

warning: constant `q4_LSLACK` should have an upper case name
    --> /home/runner/work/_temp/deflate-upstream/data/verification-workspace/verify-t2srlpi6/slot/generated/parse.rs:8270:11
     |
8270 | pub const q4_LSLACK: usize = 1;
     |           ^^^^^^^^^ help: convert the identifier to upper case: `Q4_LSLACK`

warning: constant `q4_HLIT` should have an upper case name
    --> /home/runner/work/_temp/deflate-upstream/data/verification-workspace/verify-t2srlpi6/slot/generated/parse.rs:8271:11
     |
8271 | pub const q4_HLIT: u32 = 80;
     |           ^^^^^^^ help: convert the identifier to upper case: `Q4_HLIT`

warning: constant `q4_GBASE` should have an upper case name
    --> /home/runner/work/_temp/deflate-upstream/data/verification-workspace/verify-t2srlpi6/slot/generated/parse.rs:8272:11
     |
8272 | pub const q4_GBASE: i32 = 168;
     |           ^^^^^^^^ help: convert the identifier to upper case: `Q4_GBASE`

warning: constant `q4_T_DEPTH` should have an upper case name
    --> /home/runner/work/_temp/deflate-upstream/data/verification-workspace/verify-t2srlpi6/slot/generated/parse.rs:8276:11
     |
8276 | pub const q4_T_DEPTH: usize = 1;
     |           ^^^^^^^^^^ help: convert the identifier to upper case: `Q4_T_DEPTH`

warning: constant `q4_T_LAZY` should have an upper case name
    --> /home/runner/work/_temp/deflate-upstream/data/verification-workspace/verify-t2srlpi6/slot/generated/parse.rs:8277:11
     |
8277 | pub const q4_T_LAZY: usize = 0;
     |           ^^^^^^^^^ help: convert the identifier to upper case: `Q4_T_LAZY`

warning: constant `q4_T_SKIP` should have an upper case name
    --> /home/runner/work/_temp/deflate-upstream/data/verification-workspace/verify-t2srlpi6/slot/generated/parse.rs:8278:11
     |
8278 | pub const q4_T_SKIP: usize = 4;
     |           ^^^^^^^^^ help: convert the identifier to upper case: `Q4_T_SKIP`

warning: constant `q4_P_DEPTH` should have an upper case name
    --> /home/runner/work/_temp/deflate-upstream/data/verification-workspace/verify-t2srlpi6/slot/generated/parse.rs:8279:11
     |
8279 | pub const q4_P_DEPTH: usize = 4;
     |           ^^^^^^^^^^ help: convert the identifier to upper case: `Q4_P_DEPTH`

warning: constant `q4_P_LAZY` should have an upper case name
    --> /home/runner/work/_temp/deflate-upstream/data/verification-workspace/verify-t2srlpi6/slot/generated/parse.rs:8280:11
     |
8280 | pub const q4_P_LAZY: usize = 0;
     |           ^^^^^^^^^ help: convert the identifier to upper case: `Q4_P_LAZY`

warning: constant `q4_P_SKIP` should have an upper case name
    --> /home/runner/work/_temp/deflate-upstream/data/verification-workspace/verify-t2srlpi6/slot/generated/parse.rs:8281:11
     |
8281 | pub const q4_P_SKIP: usize = 5;
     |           ^^^^^^^^^ help: convert the identifier to upper case: `Q4_P_SKIP`

warning: constant `q4_P_KM` should have an upper case name
    --> /home/runner/work/_temp/deflate-upstream/data/verification-workspace/verify-t2srlpi6/slot/generated/parse.rs:8283:11
     |
8283 | pub const q4_P_KM: u32 = 4294967295;
     |           ^^^^^^^ help: convert the identifier to upper case: `Q4_P_KM`

warning: constant `q4_H_DEPTH` should have an upper case name
    --> /home/runner/work/_temp/deflate-upstream/data/verification-workspace/verify-t2srlpi6/slot/generated/parse.rs:8284:11
     |
8284 | pub const q4_H_DEPTH: usize = 1;
     |           ^^^^^^^^^^ help: convert the identifier to upper case: `Q4_H_DEPTH`

warning: constant `q4_H_LAZY` should have an upper case name
    --> /home/runner/work/_temp/deflate-upstream/data/verification-workspace/verify-t2srlpi6/slot/generated/parse.rs:8285:11
     |
8285 | pub const q4_H_LAZY: usize = 0;
     |           ^^^^^^^^^ help: convert the identifier to upper case: `Q4_H_LAZY`

warning: constant `q4_H_SKIP` should have an upper case name
    --> /home/runner/work/_temp/deflate-upstream/data/verification-workspace/verify-t2srlpi6/slot/generated/parse.rs:8286:11
     |
8286 | pub const q4_H_SKIP: usize = 3;
     |           ^^^^^^^^^ help: convert the identifier to upper case: `Q4_H_SKIP`

warning: constant `q4_Z_DEPTH` should have an upper case name
    --> /home/runner/work/_temp/deflate-upstream/data/verification-workspace/verify-t2srlpi6/slot/generated/parse.rs:8287:11
     |
8287 | pub const q4_Z_DEPTH: usize = 1;
     |           ^^^^^^^^^^ help: convert the identifier to upper case: `Q4_Z_DEPTH`

warning: constant `q4_Z_SKIP` should have an upper case name
    --> /home/runner/work/_temp/deflate-upstream/data/verification-workspace/verify-t2srlpi6/slot/generated/parse.rs:8288:11
     |
8288 | pub const q4_Z_SKIP: usize = 4;
     |           ^^^^^^^^^ help: convert the identifier to upper case: `Q4_Z_SKIP`

warning: constant `q4_Z_CAP` should have an upper case name
    --> /home/runner/work/_temp/deflate-upstream/data/verification-workspace/verify-t2srlpi6/slot/generated/parse.rs:8289:11
     |
8289 | pub const q4_Z_CAP: usize = 8;
     |           ^^^^^^^^ help: convert the identifier to upper case: `Q4_Z_CAP`

warning: constant `q4_B_DEPTH` should have an upper case name
    --> /home/runner/work/_temp/deflate-upstream/data/verification-workspace/verify-t2srlpi6/slot/generated/parse.rs:8290:11
     |
8290 | pub const q4_B_DEPTH: usize = 1;
     |           ^^^^^^^^^^ help: convert the identifier to upper case: `Q4_B_DEPTH`

warning: constant `q4_B_LAZY` should have an upper case name
    --> /home/runner/work/_temp/deflate-upstream/data/verification-workspace/verify-t2srlpi6/slot/generated/parse.rs:8291:11
     |
8291 | pub const q4_B_LAZY: usize = 0;
     |           ^^^^^^^^^ help: convert the identifier to upper case: `Q4_B_LAZY`

warning: constant `q4_B_SKIP` should have an upper case name
    --> /home/runner/work/_temp/deflate-upstream/data/verification-workspace/verify-t2srlpi6/slot/generated/parse.rs:8292:11
     |
8292 | pub const q4_B_SKIP: usize = 4;
     |           ^^^^^^^^^ help: convert the identifier to upper case: `Q4_B_SKIP`

warning: constant `q4_SDIG` should have an upper case name
    --> /home/runner/work/_temp/deflate-upstream/data/verification-workspace/verify-t2srlpi6/slot/generated/parse.rs:8295:11
     |
8295 | pub const q4_SDIG: u32 = 6;
     |           ^^^^^^^ help: convert the identifier to upper case: `Q4_SDIG`

warning: constant `q4_S_DEPTH` should have an upper case name
    --> /home/runner/work/_temp/deflate-upstream/data/verification-workspace/verify-t2srlpi6/slot/generated/parse.rs:8296:11
     |
8296 | pub const q4_S_DEPTH: usize = 1;
     |           ^^^^^^^^^^ help: convert the identifier to upper case: `Q4_S_DEPTH`

warning: constant `q4_S_LDEPTH` should have an upper case name
    --> /home/runner/work/_temp/deflate-upstream/data/verification-workspace/verify-t2srlpi6/slot/generated/parse.rs:8297:11
     |
8297 | pub const q4_S_LDEPTH: usize = 1;
     |           ^^^^^^^^^^^ help: convert the identifier to upper case: `Q4_S_LDEPTH`

warning: constant `q4_S_LAZY` should have an upper case name
    --> /home/runner/work/_temp/deflate-upstream/data/verification-workspace/verify-t2srlpi6/slot/generated/parse.rs:8298:11
     |
8298 | pub const q4_S_LAZY: usize = 258;
     |           ^^^^^^^^^ help: convert the identifier to upper case: `Q4_S_LAZY`

warning: constant `q4_SKCAP` should have an upper case name
    --> /home/runner/work/_temp/deflate-upstream/data/verification-workspace/verify-t2srlpi6/slot/generated/parse.rs:8300:11
     |
8300 | pub const q4_SKCAP: usize = 1000000;
     |           ^^^^^^^^ help: convert the identifier to upper case: `Q4_SKCAP`

warning: constant `q4_R1_ON` should have an upper case name
    --> /home/runner/work/_temp/deflate-upstream/data/verification-workspace/verify-t2srlpi6/slot/generated/parse.rs:8303:11
     |
8303 | pub const q4_R1_ON: usize = 1;
     |           ^^^^^^^^ help: convert the identifier to upper case: `Q4_R1_ON`

warning: constant `q4_ST_ON` should have an upper case name
    --> /home/runner/work/_temp/deflate-upstream/data/verification-workspace/verify-t2srlpi6/slot/generated/parse.rs:8309:11
     |
8309 | pub const q4_ST_ON: usize = 1;
     |           ^^^^^^^^ help: convert the identifier to upper case: `Q4_ST_ON`

warning: constant `q4_ST_MIN` should have an upper case name
    --> /home/runner/work/_temp/deflate-upstream/data/verification-workspace/verify-t2srlpi6/slot/generated/parse.rs:8310:11
     |
8310 | pub const q4_ST_MIN: usize = 65536;
     |           ^^^^^^^^^ help: convert the identifier to upper case: `Q4_ST_MIN`

warning: constant `q4_ST_SAMPLE` should have an upper case name
    --> /home/runner/work/_temp/deflate-upstream/data/verification-workspace/verify-t2srlpi6/slot/generated/parse.rs:8311:11
     |
8311 | pub const q4_ST_SAMPLE: usize = 4096;
     |           ^^^^^^^^^^^^ help: convert the identifier to upper case: `Q4_ST_SAMPLE`

warning: constant `q4_ST_FEW` should have an upper case name
    --> /home/runner/work/_temp/deflate-upstream/data/verification-workspace/verify-t2srlpi6/slot/generated/parse.rs:8312:11
     |
8312 | pub const q4_ST_FEW: usize = 32;
     |           ^^^^^^^^^ help: convert the identifier to upper case: `Q4_ST_FEW`

warning: constant `q4_ST_MANY` should have an upper case name
    --> /home/runner/work/_temp/deflate-upstream/data/verification-workspace/verify-t2srlpi6/slot/generated/parse.rs:8313:11
     |
8313 | pub const q4_ST_MANY: usize = 160;
     |           ^^^^^^^^^^ help: convert the identifier to upper case: `Q4_ST_MANY`

warning: constant `q4_ST_HB` should have an upper case name
    --> /home/runner/work/_temp/deflate-upstream/data/verification-workspace/verify-t2srlpi6/slot/generated/parse.rs:8314:11
     |
8314 | pub const q4_ST_HB: u32 = 17;
     |           ^^^^^^^^ help: convert the identifier to upper case: `Q4_ST_HB`

warning: constant `q4_ST_HN` should have an upper case name
    --> /home/runner/work/_temp/deflate-upstream/data/verification-workspace/verify-t2srlpi6/slot/generated/parse.rs:8315:11
     |
8315 | pub const q4_ST_HN: usize = 131072;
     |           ^^^^^^^^ help: convert the identifier to upper case: `Q4_ST_HN`

warning: constant `q4_ST_DMAX` should have an upper case name
    --> /home/runner/work/_temp/deflate-upstream/data/verification-workspace/verify-t2srlpi6/slot/generated/parse.rs:8316:11
     |
8316 | pub const q4_ST_DMAX: usize = 32768;
     |           ^^^^^^^^^^ help: convert the identifier to upper case: `Q4_ST_DMAX`

warning: constant `q4_ST_INS` should have an upper case name
    --> /home/runner/work/_temp/deflate-upstream/data/verification-workspace/verify-t2srlpi6/slot/generated/parse.rs:8320:11
     |
8320 | pub const q4_ST_INS: usize = 258;
     |           ^^^^^^^^^ help: convert the identifier to upper case: `Q4_ST_INS`

warning: constant `q4_ST_DMIN` should have an upper case name
    --> /home/runner/work/_temp/deflate-upstream/data/verification-workspace/verify-t2srlpi6/slot/generated/parse.rs:8321:11
     |
8321 | pub const q4_ST_DMIN: usize = 129;
     |           ^^^^^^^^^^ help: convert the identifier to upper case: `Q4_ST_DMIN`

warning: constant `q4_DN_ON` should have an upper case name
    --> /home/runner/work/_temp/deflate-upstream/data/verification-workspace/verify-t2srlpi6/slot/generated/parse.rs:8326:11
     |
8326 | pub const q4_DN_ON: usize = 0;
     |           ^^^^^^^^ help: convert the identifier to upper case: `Q4_DN_ON`

warning: constant `q4_DN_HB` should have an upper case name
    --> /home/runner/work/_temp/deflate-upstream/data/verification-workspace/verify-t2srlpi6/slot/generated/parse.rs:8327:11
     |
8327 | pub const q4_DN_HB: u32 = 16;
     |           ^^^^^^^^ help: convert the identifier to upper case: `Q4_DN_HB`

warning: constant `q4_DN_HN` should have an upper case name
    --> /home/runner/work/_temp/deflate-upstream/data/verification-workspace/verify-t2srlpi6/slot/generated/parse.rs:8328:11
     |
8328 | pub const q4_DN_HN: usize = 65536;
     |           ^^^^^^^^ help: convert the identifier to upper case: `Q4_DN_HN`

warning: constant `q4_DN_FAR` should have an upper case name
    --> /home/runner/work/_temp/deflate-upstream/data/verification-workspace/verify-t2srlpi6/slot/generated/parse.rs:8329:11
     |
8329 | pub const q4_DN_FAR: usize = 32768;
     |           ^^^^^^^^^ help: convert the identifier to upper case: `Q4_DN_FAR`

warning: constant `q4_DN_CAP` should have an upper case name
    --> /home/runner/work/_temp/deflate-upstream/data/verification-workspace/verify-t2srlpi6/slot/generated/parse.rs:8330:11
     |
8330 | pub const q4_DN_CAP: usize = 3;
     |           ^^^^^^^^^ help: convert the identifier to upper case: `Q4_DN_CAP`

warning: constant `q4_TF_N` should have an upper case name
    --> /home/runner/work/_temp/deflate-upstream/data/verification-workspace/verify-t2srlpi6/slot/generated/parse.rs:8335:11
     |
8335 | pub const q4_TF_N: usize = 65536;
     |           ^^^^^^^ help: convert the identifier to upper case: `Q4_TF_N`

warning: constant `q4_TF_TEXT` should have an upper case name
    --> /home/runner/work/_temp/deflate-upstream/data/verification-workspace/verify-t2srlpi6/slot/generated/parse.rs:8336:11
     |
8336 | pub const q4_TF_TEXT: usize = 0;
     |           ^^^^^^^^^^ help: convert the identifier to upper case: `Q4_TF_TEXT`

warning: constant `q4_TF_TKIND` should have an upper case name
    --> /home/runner/work/_temp/deflate-upstream/data/verification-workspace/verify-t2srlpi6/slot/generated/parse.rs:8337:11
     |
8337 | pub const q4_TF_TKIND: usize = 1;
     |           ^^^^^^^^^^^ help: convert the identifier to upper case: `Q4_TF_TKIND`

warning: constant `q4_TF_SAMPLE` should have an upper case name
    --> /home/runner/work/_temp/deflate-upstream/data/verification-workspace/verify-t2srlpi6/slot/generated/parse.rs:8340:11
     |
8340 | pub const q4_TF_SAMPLE: usize = 256;
     |           ^^^^^^^^^^^^ help: convert the identifier to upper case: `Q4_TF_SAMPLE`

warning: constant `q4_TF_SDIG` should have an upper case name
    --> /home/runner/work/_temp/deflate-upstream/data/verification-workspace/verify-t2srlpi6/slot/generated/parse.rs:8341:11
     |
8341 | pub const q4_TF_SDIG: u32 = 6;
     |           ^^^^^^^^^^ help: convert the identifier to upper case: `Q4_TF_SDIG`

warning: constant `q4_TF_HB` should have an upper case name
    --> /home/runner/work/_temp/deflate-upstream/data/verification-workspace/verify-t2srlpi6/slot/generated/parse.rs:8347:11
     |
8347 | pub const q4_TF_HB: u32 = 12;
     |           ^^^^^^^^ help: convert the identifier to upper case: `Q4_TF_HB`

warning: constant `q4_TF_HN` should have an upper case name
    --> /home/runner/work/_temp/deflate-upstream/data/verification-workspace/verify-t2srlpi6/slot/generated/parse.rs:8348:11
     |
8348 | pub const q4_TF_HN: usize = 4096;
     |           ^^^^^^^^ help: convert the identifier to upper case: `Q4_TF_HN`

warning: constant `q4_TF_WN` should have an upper case name
    --> /home/runner/work/_temp/deflate-upstream/data/verification-workspace/verify-t2srlpi6/slot/generated/parse.rs:8349:11
     |
8349 | pub const q4_TF_WN: usize = 16384;
     |           ^^^^^^^^ help: convert the identifier to upper case: `Q4_TF_WN`

warning: constant `q4_TF_TDEPTH` should have an upper case name
    --> /home/runner/work/_temp/deflate-upstream/data/verification-workspace/verify-t2srlpi6/slot/generated/parse.rs:8353:11
     |
8353 | pub const q4_TF_TDEPTH: usize = 1;
     |           ^^^^^^^^^^^^ help: convert the identifier to upper case: `Q4_TF_TDEPTH`

warning: constant `q4_TF_TLAZY` should have an upper case name
    --> /home/runner/work/_temp/deflate-upstream/data/verification-workspace/verify-t2srlpi6/slot/generated/parse.rs:8354:11
     |
8354 | pub const q4_TF_TLAZY: usize = 0;
     |           ^^^^^^^^^^^ help: convert the identifier to upper case: `Q4_TF_TLAZY`

warning: constant `q4_TF_TSKIP` should have an upper case name
    --> /home/runner/work/_temp/deflate-upstream/data/verification-workspace/verify-t2srlpi6/slot/generated/parse.rs:8355:11
     |
8355 | pub const q4_TF_TSKIP: usize = 3;
     |           ^^^^^^^^^^^ help: convert the identifier to upper case: `Q4_TF_TSKIP`

warning: constant `q4_TF_SDEPTH` should have an upper case name
    --> /home/runner/work/_temp/deflate-upstream/data/verification-workspace/verify-t2srlpi6/slot/generated/parse.rs:8356:11
     |
8356 | pub const q4_TF_SDEPTH: usize = 1;
     |           ^^^^^^^^^^^^ help: convert the identifier to upper case: `Q4_TF_SDEPTH`

warning: constant `q4_TF_SLAZY` should have an upper case name
    --> /home/runner/work/_temp/deflate-upstream/data/verification-workspace/verify-t2srlpi6/slot/generated/parse.rs:8357:11
     |
8357 | pub const q4_TF_SLAZY: usize = 258;
     |           ^^^^^^^^^^^ help: convert the identifier to upper case: `Q4_TF_SLAZY`

warning: constant `q4_TF_SSKIP` should have an upper case name
    --> /home/runner/work/_temp/deflate-upstream/data/verification-workspace/verify-t2srlpi6/slot/generated/parse.rs:8358:11
     |
8358 | pub const q4_TF_SSKIP: usize = 3;
     |           ^^^^^^^^^^^ help: convert the identifier to upper case: `Q4_TF_SSKIP`

warning: constant `q4_TF_BDEPTH` should have an upper case name
    --> /home/runner/work/_temp/deflate-upstream/data/verification-workspace/verify-t2srlpi6/slot/generated/parse.rs:8359:11
     |
8359 | pub const q4_TF_BDEPTH: usize = 0;
     |           ^^^^^^^^^^^^ help: convert the identifier to upper case: `Q4_TF_BDEPTH`

warning: constant `q4_TF_BLAZY` should have an upper case name
    --> /home/runner/work/_temp/deflate-upstream/data/verification-workspace/verify-t2srlpi6/slot/generated/parse.rs:8360:11
     |
8360 | pub const q4_TF_BLAZY: usize = 0;
     |           ^^^^^^^^^^^ help: convert the identifier to upper case: `Q4_TF_BLAZY`

warning: constant `q4_TF_BSKIP` should have an upper case name
    --> /home/runner/work/_temp/deflate-upstream/data/verification-workspace/verify-t2srlpi6/slot/generated/parse.rs:8361:11
     |
8361 | pub const q4_TF_BSKIP: usize = 4;
     |           ^^^^^^^^^^^ help: convert the identifier to upper case: `Q4_TF_BSKIP`

warning: constant `q4_TF_NICE` should have an upper case name
    --> /home/runner/work/_temp/deflate-upstream/data/verification-workspace/verify-t2srlpi6/slot/generated/parse.rs:8363:11
     |
8363 | pub const q4_TF_NICE: usize = 64;
     |           ^^^^^^^^^^ help: convert the identifier to upper case: `Q4_TF_NICE`

warning: constant `q4_TF_SKCAP` should have an upper case name
    --> /home/runner/work/_temp/deflate-upstream/data/verification-workspace/verify-t2srlpi6/slot/generated/parse.rs:8364:11
     |
8364 | pub const q4_TF_SKCAP: usize = 1000000;
     |           ^^^^^^^^^^^ help: convert the identifier to upper case: `Q4_TF_SKCAP`

warning: constant `q4_TF_TRLE` should have an upper case name
    --> /home/runner/work/_temp/deflate-upstream/data/verification-workspace/verify-t2srlpi6/slot/generated/parse.rs:8366:11
     |
8366 | pub const q4_TF_TRLE: usize = 1;
     |           ^^^^^^^^^^ help: convert the identifier to upper case: `Q4_TF_TRLE`

warning: constant `q4_TF_BACK` should have an upper case name
    --> /home/runner/work/_temp/deflate-upstream/data/verification-workspace/verify-t2srlpi6/slot/generated/parse.rs:8369:11
     |
8369 | pub const q4_TF_BACK: usize = 1;
     |           ^^^^^^^^^^ help: convert the identifier to upper case: `Q4_TF_BACK`

warning: constant `q4_TF_FOLD` should have an upper case name
    --> /home/runner/work/_temp/deflate-upstream/data/verification-workspace/verify-t2srlpi6/slot/generated/parse.rs:8370:11
     |
8370 | pub const q4_TF_FOLD: usize = 1;
     |           ^^^^^^^^^^ help: convert the identifier to upper case: `Q4_TF_FOLD`

warning: constant `q4_TF_REP` should have an upper case name
    --> /home/runner/work/_temp/deflate-upstream/data/verification-workspace/verify-t2srlpi6/slot/generated/parse.rs:8372:11
     |
8372 | pub const q4_TF_REP: usize = 0;
     |           ^^^^^^^^^ help: convert the identifier to upper case: `Q4_TF_REP`

warning: constant `q4_TF_RUNSKIP` should have an upper case name
    --> /home/runner/work/_temp/deflate-upstream/data/verification-workspace/verify-t2srlpi6/slot/generated/parse.rs:8374:11
     |
8374 | pub const q4_TF_RUNSKIP: usize = 1;
     |           ^^^^^^^^^^^^^ help: convert the identifier to upper case: `Q4_TF_RUNSKIP`

warning: constant `q4_TF_INS` should have an upper case name
    --> /home/runner/work/_temp/deflate-upstream/data/verification-workspace/verify-t2srlpi6/slot/generated/parse.rs:8376:11
     |
8376 | pub const q4_TF_INS: usize = 2;
     |           ^^^^^^^^^ help: convert the identifier to upper case: `Q4_TF_INS`

warning: constant `q4_TF_TAIL` should have an upper case name
    --> /home/runner/work/_temp/deflate-upstream/data/verification-workspace/verify-t2srlpi6/slot/generated/parse.rs:8377:11
     |
8377 | pub const q4_TF_TAIL: usize = 1;
     |           ^^^^^^^^^^ help: convert the identifier to upper case: `Q4_TF_TAIL`

warning: constant `q4_TF_KL` should have an upper case name
    --> /home/runner/work/_temp/deflate-upstream/data/verification-workspace/verify-t2srlpi6/slot/generated/parse.rs:8380:11
     |
8380 | pub const q4_TF_KL: u32 = 5;
     |           ^^^^^^^^ help: convert the identifier to upper case: `Q4_TF_KL`

warning: constant `q4_TF_KD` should have an upper case name
    --> /home/runner/work/_temp/deflate-upstream/data/verification-workspace/verify-t2srlpi6/slot/generated/parse.rs:8381:11
     |
8381 | pub const q4_TF_KD: u32 = 5;
     |           ^^^^^^^^ help: convert the identifier to upper case: `Q4_TF_KD`

warning: constant `q4_TF_BKL` should have an upper case name
    --> /home/runner/work/_temp/deflate-upstream/data/verification-workspace/verify-t2srlpi6/slot/generated/parse.rs:8382:11
     |
8382 | pub const q4_TF_BKL: u32 = 3;
     |           ^^^^^^^^^ help: convert the identifier to upper case: `Q4_TF_BKL`

warning: constant `q4_TF_BKD` should have an upper case name
    --> /home/runner/work/_temp/deflate-upstream/data/verification-workspace/verify-t2srlpi6/slot/generated/parse.rs:8383:11
     |
8383 | pub const q4_TF_BKD: u32 = 3;
     |           ^^^^^^^^^ help: convert the identifier to upper case: `Q4_TF_BKD`

warning: constant `q4_TF_RDEPTH` should have an upper case name
    --> /home/runner/work/_temp/deflate-upstream/data/verification-workspace/verify-t2srlpi6/slot/generated/parse.rs:8387:11
     |
8387 | pub const q4_TF_RDEPTH: usize = 8;
     |           ^^^^^^^^^^^^ help: convert the identifier to upper case: `Q4_TF_RDEPTH`

warning: constant `q4_TF_SHIFT` should have an upper case name
    --> /home/runner/work/_temp/deflate-upstream/data/verification-workspace/verify-t2srlpi6/slot/generated/parse.rs:8388:11
     |
8388 | pub const q4_TF_SHIFT: usize = 1;
     |           ^^^^^^^^^^^ help: convert the identifier to upper case: `Q4_TF_SHIFT`

warning: constant `q4_TF_DLIT` should have an upper case name
    --> /home/runner/work/_temp/deflate-upstream/data/verification-workspace/verify-t2srlpi6/slot/generated/parse.rs:8389:11
     |
8389 | pub const q4_TF_DLIT: usize = 8;
     |           ^^^^^^^^^^ help: convert the identifier to upper case: `Q4_TF_DLIT`

warning: constant `q4_TM_ON` should have an upper case name
    --> /home/runner/work/_temp/deflate-upstream/data/verification-workspace/verify-t2srlpi6/slot/generated/parse.rs:8618:11
     |
8618 | pub const q4_TM_ON: usize = 1;
     |           ^^^^^^^^ help: convert the identifier to upper case: `Q4_TM_ON`

warning: constant `q4_TM_MAX` should have an upper case name
    --> /home/runner/work/_temp/deflate-upstream/data/verification-workspace/verify-t2srlpi6/slot/generated/parse.rs:8619:11
     |
8619 | pub const q4_TM_MAX: usize = 65536;
     |           ^^^^^^^^^ help: convert the identifier to upper case: `Q4_TM_MAX`

warning: constant `q4_TM_LM` should have an upper case name
    --> /home/runner/work/_temp/deflate-upstream/data/verification-workspace/verify-t2srlpi6/slot/generated/parse.rs:8621:11
     |
8621 | pub const q4_TM_LM: u32 = 302_256_128;
     |           ^^^^^^^^ help: convert the identifier to upper case: `Q4_TM_LM`

warning: constant `q4_TM_LAZY` should have an upper case name
    --> /home/runner/work/_temp/deflate-upstream/data/verification-workspace/verify-t2srlpi6/slot/generated/parse.rs:8623:11
     |
8623 | pub const q4_TM_LAZY: usize = 258;
     |           ^^^^^^^^^^ help: convert the identifier to upper case: `Q4_TM_LAZY`

warning: constant `q4_TM_BACK` should have an upper case name
    --> /home/runner/work/_temp/deflate-upstream/data/verification-workspace/verify-t2srlpi6/slot/generated/parse.rs:8624:11
     |
8624 | pub const q4_TM_BACK: usize = 16;
     |           ^^^^^^^^^^ help: convert the identifier to upper case: `Q4_TM_BACK`

warning: constant `q4_TZ_ON` should have an upper case name
    --> /home/runner/work/_temp/deflate-upstream/data/verification-workspace/verify-t2srlpi6/slot/generated/parse.rs:8626:11
     |
8626 | pub const q4_TZ_ON: usize = 1;
     |           ^^^^^^^^ help: convert the identifier to upper case: `Q4_TZ_ON`

warning: constant `q4_TZ_LM` should have an upper case name
    --> /home/runner/work/_temp/deflate-upstream/data/verification-workspace/verify-t2srlpi6/slot/generated/parse.rs:8627:11
     |
8627 | pub const q4_TZ_LM: u32 = 302_256_128;
     |           ^^^^^^^^ help: convert the identifier to upper case: `Q4_TZ_LM`

warning: constant `q4_TF_LSYM` should have an upper case name
    --> /home/runner/work/_temp/deflate-upstream/data/verification-workspace/verify-t2srlpi6/slot/generated/parse.rs:9667:11
     |
9667 | pub const q4_TF_LSYM: [u8; 512] = [
     |           ^^^^^^^^^^ help: convert the identifier to upper case: `Q4_TF_LSYM`

warning: constant `q4_TF_DSYM` should have an upper case name
    --> /home/runner/work/_temp/deflate-upstream/data/verification-workspace/verify-t2srlpi6/slot/generated/parse.rs:9686:11
     |
9686 | pub const q4_TF_DSYM: [u8; 512] = [
     |           ^^^^^^^^^^ help: convert the identifier to upper case: `Q4_TF_DSYM`

warning: constant `q4_TF_LBASE` should have an upper case name
    --> /home/runner/work/_temp/deflate-upstream/data/verification-workspace/verify-t2srlpi6/slot/generated/parse.rs:9705:11
     |
9705 | pub const q4_TF_LBASE: [u16; 32] = [3, 4, 5, 6, 7, 8, 9, 10, 11, 13, 15, 17, 19, 23, 27, 31, 35, 43, 51, 59, 67, 83, 99, 115, 131,...
     |           ^^^^^^^^^^^ help: convert the identifier to upper case: `Q4_TF_LBASE`

warning: constant `q4_TF_LTOP` should have an upper case name
    --> /home/runner/work/_temp/deflate-upstream/data/verification-workspace/verify-t2srlpi6/slot/generated/parse.rs:9706:11
     |
9706 | pub const q4_TF_LTOP: [u16; 32] = [3, 4, 5, 6, 7, 8, 9, 10, 12, 14, 16, 18, 22, 26, 30, 34, 42, 50, 58, 66, 82, 98, 114, 130, 162,...
     |           ^^^^^^^^^^ help: convert the identifier to upper case: `Q4_TF_LTOP`

warning: 653 warnings emitted

