tradeoff-c	Set up job	﻿2026-10-09T09:00:12.4993420Z Current runner version: '2.337.0'
tradeoff-c	Set up job	2026-10-09T09:00:12.5014439Z ##[group]Runner Image Provisioner
tradeoff-c	Set up job	2026-10-09T09:00:12.5015214Z Hosted Compute Agent
tradeoff-c	Set up job	2026-10-09T09:00:12.5016060Z Version: 20261002.596
tradeoff-c	Set up job	2026-10-09T09:00:12.5016614Z Commit: c3d12f3313a95f25162a1503be624f3b0617f8c0
tradeoff-c	Set up job	2026-10-09T09:00:12.5017223Z Build Date: 2026-10-02T22:28:27Z
tradeoff-c	Set up job	2026-10-09T09:00:12.5017885Z Worker ID: {86091367-0a33-46cf-92d4-e2f39a302042}
tradeoff-c	Set up job	2026-10-09T09:00:12.5018473Z Region: westus3
tradeoff-c	Set up job	2026-10-09T09:00:12.5018954Z Cloud: Azure
tradeoff-c	Set up job	2026-10-09T09:00:12.5019419Z ##[endgroup]
tradeoff-c	Set up job	2026-10-09T09:00:12.5020555Z ##[group]Operating System
tradeoff-c	Set up job	2026-10-09T09:00:12.5021173Z Ubuntu
tradeoff-c	Set up job	2026-10-09T09:00:12.5021615Z 24.04.5
tradeoff-c	Set up job	2026-10-09T09:00:12.5022036Z LTS
tradeoff-c	Set up job	2026-10-09T09:00:12.5022535Z ##[endgroup]
tradeoff-c	Set up job	2026-10-09T09:00:12.5023001Z ##[group]Runner Image
tradeoff-c	Set up job	2026-10-09T09:00:12.5023663Z Image: ubuntu-24.04
tradeoff-c	Set up job	2026-10-09T09:00:12.5024267Z Version: 20261004.327.1
tradeoff-c	Set up job	2026-10-09T09:00:12.5025136Z Included Software: https://github.com/actions/runner-images/blob/ubuntu24/20261004.327/images/ubuntu/Ubuntu2404-Readme.md
tradeoff-c	Set up job	2026-10-09T09:00:12.5026619Z Image Release: https://github.com/actions/runner-images/releases/tag/ubuntu24%2F20261004.327
tradeoff-c	Set up job	2026-10-09T09:00:12.5027535Z ##[endgroup]
tradeoff-c	Set up job	2026-10-09T09:00:12.5028439Z ##[group]GITHUB_TOKEN Permissions
tradeoff-c	Set up job	2026-10-09T09:00:12.5030074Z Contents: read
tradeoff-c	Set up job	2026-10-09T09:00:12.5030587Z Metadata: read
tradeoff-c	Set up job	2026-10-09T09:00:12.5031081Z ##[endgroup]
tradeoff-c	Set up job	2026-10-09T09:00:12.5032819Z Secret source: Actions
tradeoff-c	Set up job	2026-10-09T09:00:12.5033611Z Cache mode: write
tradeoff-c	Set up job	2026-10-09T09:00:12.5034395Z Prepare workflow directory
tradeoff-c	Set up job	2026-10-09T09:00:12.5462594Z Prepare all required actions
tradeoff-c	Set up job	2026-10-09T09:00:12.5502741Z Getting action download info
tradeoff-c	Set up job	2026-10-09T09:00:12.8517511Z Download action repository 'actions/checkout@11d5960a326750d5838078e36cf38b85af677262' (SHA:11d5960a326750d5838078e36cf38b85af677262)
tradeoff-c	Set up job	2026-10-09T09:00:13.1026716Z Download action repository 'actions/upload-artifact@ea165f8d65b6e75b540449e92b4886f43607fa02' (SHA:ea165f8d65b6e75b540449e92b4886f43607fa02)
tradeoff-c	Set up job	2026-10-09T09:00:13.3669527Z Complete job name: tradeoff-c
tradeoff-c	Run actions/checkout@11d5960a326750d5838078e36cf38b85af677262	﻿2026-10-09T09:00:13.4260398Z ##[group]Run actions/checkout@11d5960a326750d5838078e36cf38b85af677262
tradeoff-c	Run actions/checkout@11d5960a326750d5838078e36cf38b85af677262	2026-10-09T09:00:13.4261231Z with:
tradeoff-c	Run actions/checkout@11d5960a326750d5838078e36cf38b85af677262	2026-10-09T09:00:13.4261600Z   persist-credentials: false
tradeoff-c	Run actions/checkout@11d5960a326750d5838078e36cf38b85af677262	2026-10-09T09:00:13.4262041Z   repository: HuanHuanHuanFFF/Miner
tradeoff-c	Run actions/checkout@11d5960a326750d5838078e36cf38b85af677262	2026-10-09T09:00:13.4265499Z   token: ***
tradeoff-c	Run actions/checkout@11d5960a326750d5838078e36cf38b85af677262	2026-10-09T09:00:13.4265865Z   ssh-strict: true
tradeoff-c	Run actions/checkout@11d5960a326750d5838078e36cf38b85af677262	2026-10-09T09:00:13.4266229Z   ssh-user: git
tradeoff-c	Run actions/checkout@11d5960a326750d5838078e36cf38b85af677262	2026-10-09T09:00:13.4266575Z   clean: true
tradeoff-c	Run actions/checkout@11d5960a326750d5838078e36cf38b85af677262	2026-10-09T09:00:13.4266942Z   sparse-checkout-cone-mode: true
tradeoff-c	Run actions/checkout@11d5960a326750d5838078e36cf38b85af677262	2026-10-09T09:00:13.4267367Z   fetch-depth: 1
tradeoff-c	Run actions/checkout@11d5960a326750d5838078e36cf38b85af677262	2026-10-09T09:00:13.4267733Z   fetch-tags: false
tradeoff-c	Run actions/checkout@11d5960a326750d5838078e36cf38b85af677262	2026-10-09T09:00:13.4268102Z   show-progress: true
tradeoff-c	Run actions/checkout@11d5960a326750d5838078e36cf38b85af677262	2026-10-09T09:00:13.4268484Z   lfs: false
tradeoff-c	Run actions/checkout@11d5960a326750d5838078e36cf38b85af677262	2026-10-09T09:00:13.4268825Z   submodules: false
tradeoff-c	Run actions/checkout@11d5960a326750d5838078e36cf38b85af677262	2026-10-09T09:00:13.4269192Z   set-safe-directory: true
tradeoff-c	Run actions/checkout@11d5960a326750d5838078e36cf38b85af677262	2026-10-09T09:00:13.4269605Z   allow-unsafe-pr-checkout: false
tradeoff-c	Run actions/checkout@11d5960a326750d5838078e36cf38b85af677262	2026-10-09T09:00:13.4270180Z env:
tradeoff-c	Run actions/checkout@11d5960a326750d5838078e36cf38b85af677262	2026-10-09T09:00:13.4270521Z   ROUND4_SPEC: tradeoff-c
tradeoff-c	Run actions/checkout@11d5960a326750d5838078e36cf38b85af677262	2026-10-09T09:00:13.4270926Z   ROUND4_SPEC_DIR: evidence/round15
tradeoff-c	Run actions/checkout@11d5960a326750d5838078e36cf38b85af677262	2026-10-09T09:00:13.4271373Z ##[endgroup]
tradeoff-c	Run actions/checkout@11d5960a326750d5838078e36cf38b85af677262	2026-10-09T09:00:13.5116408Z Syncing repository: HuanHuanHuanFFF/Miner
tradeoff-c	Run actions/checkout@11d5960a326750d5838078e36cf38b85af677262	2026-10-09T09:00:13.5117968Z ##[group]Getting Git version info
tradeoff-c	Run actions/checkout@11d5960a326750d5838078e36cf38b85af677262	2026-10-09T09:00:13.5118517Z Working directory is '/home/runner/work/Miner/Miner'
tradeoff-c	Run actions/checkout@11d5960a326750d5838078e36cf38b85af677262	2026-10-09T09:00:13.5119319Z [command]/usr/bin/git version
tradeoff-c	Run actions/checkout@11d5960a326750d5838078e36cf38b85af677262	2026-10-09T09:00:13.5595959Z git version 2.55.0
tradeoff-c	Run actions/checkout@11d5960a326750d5838078e36cf38b85af677262	2026-10-09T09:00:13.5615119Z ##[endgroup]
tradeoff-c	Run actions/checkout@11d5960a326750d5838078e36cf38b85af677262	2026-10-09T09:00:13.5648945Z Temporarily overriding HOME='/home/runner/work/_temp/3e78589a-b592-4ea3-8e5e-86f182586221' before making global git config changes
tradeoff-c	Run actions/checkout@11d5960a326750d5838078e36cf38b85af677262	2026-10-09T09:00:13.5651864Z Adding repository directory to the temporary git global config as a safe directory
tradeoff-c	Run actions/checkout@11d5960a326750d5838078e36cf38b85af677262	2026-10-09T09:00:13.5653523Z [command]/usr/bin/git config --global --add safe.directory /home/runner/work/Miner/Miner
tradeoff-c	Run actions/checkout@11d5960a326750d5838078e36cf38b85af677262	2026-10-09T09:00:13.5727346Z Deleting the contents of '/home/runner/work/Miner/Miner'
tradeoff-c	Run actions/checkout@11d5960a326750d5838078e36cf38b85af677262	2026-10-09T09:00:13.5729128Z ##[group]Initializing the repository
tradeoff-c	Run actions/checkout@11d5960a326750d5838078e36cf38b85af677262	2026-10-09T09:00:13.5730213Z [command]/usr/bin/git init /home/runner/work/Miner/Miner
tradeoff-c	Run actions/checkout@11d5960a326750d5838078e36cf38b85af677262	2026-10-09T09:00:13.6085769Z hint: Using 'master' as the name for the initial branch. This default branch name
tradeoff-c	Run actions/checkout@11d5960a326750d5838078e36cf38b85af677262	2026-10-09T09:00:13.6087144Z hint: will change to "main" in Git 3.0. To configure the initial branch name
tradeoff-c	Run actions/checkout@11d5960a326750d5838078e36cf38b85af677262	2026-10-09T09:00:13.6088245Z hint: to use in all of your new repositories, which will suppress this warning,
tradeoff-c	Run actions/checkout@11d5960a326750d5838078e36cf38b85af677262	2026-10-09T09:00:13.6089106Z hint: call:
tradeoff-c	Run actions/checkout@11d5960a326750d5838078e36cf38b85af677262	2026-10-09T09:00:13.6089452Z hint:
tradeoff-c	Run actions/checkout@11d5960a326750d5838078e36cf38b85af677262	2026-10-09T09:00:13.6089926Z hint: 	git config --global init.defaultBranch <name>
tradeoff-c	Run actions/checkout@11d5960a326750d5838078e36cf38b85af677262	2026-10-09T09:00:13.6090440Z hint:
tradeoff-c	Run actions/checkout@11d5960a326750d5838078e36cf38b85af677262	2026-10-09T09:00:13.6090922Z hint: Names commonly chosen instead of 'master' are 'main', 'trunk' and
tradeoff-c	Run actions/checkout@11d5960a326750d5838078e36cf38b85af677262	2026-10-09T09:00:13.6091862Z hint: 'development'. The just-created branch can be renamed via this command:
tradeoff-c	Run actions/checkout@11d5960a326750d5838078e36cf38b85af677262	2026-10-09T09:00:13.6092491Z hint:
tradeoff-c	Run actions/checkout@11d5960a326750d5838078e36cf38b85af677262	2026-10-09T09:00:13.6092845Z hint: 	git branch -m <name>
tradeoff-c	Run actions/checkout@11d5960a326750d5838078e36cf38b85af677262	2026-10-09T09:00:13.6093237Z hint:
tradeoff-c	Run actions/checkout@11d5960a326750d5838078e36cf38b85af677262	2026-10-09T09:00:13.6093742Z hint: Disable this message with "git config set advice.defaultBranchName false"
tradeoff-c	Run actions/checkout@11d5960a326750d5838078e36cf38b85af677262	2026-10-09T09:00:13.6094670Z Initialized empty Git repository in /home/runner/work/Miner/Miner/.git/
tradeoff-c	Run actions/checkout@11d5960a326750d5838078e36cf38b85af677262	2026-10-09T09:00:13.6096908Z [command]/usr/bin/git remote add origin https://github.com/HuanHuanHuanFFF/Miner
tradeoff-c	Run actions/checkout@11d5960a326750d5838078e36cf38b85af677262	2026-10-09T09:00:13.6156354Z ##[endgroup]
tradeoff-c	Run actions/checkout@11d5960a326750d5838078e36cf38b85af677262	2026-10-09T09:00:13.6157179Z ##[group]Disabling automatic garbage collection
tradeoff-c	Run actions/checkout@11d5960a326750d5838078e36cf38b85af677262	2026-10-09T09:00:13.6157776Z [command]/usr/bin/git config --local gc.auto 0
tradeoff-c	Run actions/checkout@11d5960a326750d5838078e36cf38b85af677262	2026-10-09T09:00:13.6186407Z ##[endgroup]
tradeoff-c	Run actions/checkout@11d5960a326750d5838078e36cf38b85af677262	2026-10-09T09:00:13.6187303Z ##[group]Setting up auth
tradeoff-c	Run actions/checkout@11d5960a326750d5838078e36cf38b85af677262	2026-10-09T09:00:13.6191080Z [command]/usr/bin/git config --local --name-only --get-regexp core\.sshCommand
tradeoff-c	Run actions/checkout@11d5960a326750d5838078e36cf38b85af677262	2026-10-09T09:00:13.6220258Z [command]/usr/bin/git submodule foreach --recursive sh -c "git config --local --name-only --get-regexp 'core\.sshCommand' && git config --local --unset-all 'core.sshCommand' || :"
tradeoff-c	Run actions/checkout@11d5960a326750d5838078e36cf38b85af677262	2026-10-09T09:00:13.6520565Z [command]/usr/bin/git config --local --name-only --get-regexp http\.https\:\/\/github\.com\/\.extraheader
tradeoff-c	Run actions/checkout@11d5960a326750d5838078e36cf38b85af677262	2026-10-09T09:00:13.6553245Z [command]/usr/bin/git submodule foreach --recursive sh -c "git config --local --name-only --get-regexp 'http\.https\:\/\/github\.com\/\.extraheader' && git config --local --unset-all 'http.https://github.com/.extraheader' || :"
tradeoff-c	Run actions/checkout@11d5960a326750d5838078e36cf38b85af677262	2026-10-09T09:00:13.6743376Z [command]/usr/bin/git config --local --name-only --get-regexp ^includeIf\.gitdir:
tradeoff-c	Run actions/checkout@11d5960a326750d5838078e36cf38b85af677262	2026-10-09T09:00:13.6773512Z [command]/usr/bin/git submodule foreach --recursive git config --local --show-origin --name-only --get-regexp remote.origin.url
tradeoff-c	Run actions/checkout@11d5960a326750d5838078e36cf38b85af677262	2026-10-09T09:00:13.6969542Z [command]/usr/bin/git config --local http.https://github.com/.extraheader AUTHORIZATION: basic ***
tradeoff-c	Run actions/checkout@11d5960a326750d5838078e36cf38b85af677262	2026-10-09T09:00:13.8047081Z ##[endgroup]
tradeoff-c	Run actions/checkout@11d5960a326750d5838078e36cf38b85af677262	2026-10-09T09:00:13.8047820Z ##[group]Fetching the repository
tradeoff-c	Run actions/checkout@11d5960a326750d5838078e36cf38b85af677262	2026-10-09T09:00:13.8055470Z [command]/usr/bin/git -c protocol.version=2 fetch --no-tags --prune --no-recurse-submodules --depth=1 origin +1801132b926112fe099d3144eced4170d4ecdda8:refs/remotes/origin/codex/round15-share
tradeoff-c	Run actions/checkout@11d5960a326750d5838078e36cf38b85af677262	2026-10-09T09:00:24.5260779Z From https://github.com/HuanHuanHuanFFF/Miner
tradeoff-c	Run actions/checkout@11d5960a326750d5838078e36cf38b85af677262	2026-10-09T09:00:24.5261542Z  * [new ref]         1801132b926112fe099d3144eced4170d4ecdda8 -> origin/codex/round15-share
tradeoff-c	Run actions/checkout@11d5960a326750d5838078e36cf38b85af677262	2026-10-09T09:00:24.5268386Z ##[endgroup]
tradeoff-c	Run actions/checkout@11d5960a326750d5838078e36cf38b85af677262	2026-10-09T09:00:24.5269104Z ##[group]Determining the checkout info
tradeoff-c	Run actions/checkout@11d5960a326750d5838078e36cf38b85af677262	2026-10-09T09:00:24.5269760Z ##[endgroup]
tradeoff-c	Run actions/checkout@11d5960a326750d5838078e36cf38b85af677262	2026-10-09T09:00:24.5273554Z [command]/usr/bin/git sparse-checkout disable
tradeoff-c	Run actions/checkout@11d5960a326750d5838078e36cf38b85af677262	2026-10-09T09:00:24.5409564Z [command]/usr/bin/git config --local --unset-all extensions.worktreeConfig
tradeoff-c	Run actions/checkout@11d5960a326750d5838078e36cf38b85af677262	2026-10-09T09:00:24.5509703Z ##[group]Checking out the ref
tradeoff-c	Run actions/checkout@11d5960a326750d5838078e36cf38b85af677262	2026-10-09T09:00:24.5510416Z [command]/usr/bin/git checkout --progress --force -B codex/round15-share refs/remotes/origin/codex/round15-share
tradeoff-c	Run actions/checkout@11d5960a326750d5838078e36cf38b85af677262	2026-10-09T09:00:25.5716693Z Updating files:  60% (5352/8791)
tradeoff-c	Run actions/checkout@11d5960a326750d5838078e36cf38b85af677262	2026-10-09T09:00:25.6033850Z Updating files:  61% (5363/8791)
tradeoff-c	Run actions/checkout@11d5960a326750d5838078e36cf38b85af677262	2026-10-09T09:00:25.6256311Z Updating files:  62% (5451/8791)
tradeoff-c	Run actions/checkout@11d5960a326750d5838078e36cf38b85af677262	2026-10-09T09:00:25.7078604Z Updating files:  63% (5539/8791)
tradeoff-c	Run actions/checkout@11d5960a326750d5838078e36cf38b85af677262	2026-10-09T09:00:25.7468123Z Updating files:  64% (5627/8791)
tradeoff-c	Run actions/checkout@11d5960a326750d5838078e36cf38b85af677262	2026-10-09T09:00:25.7661015Z Updating files:  65% (5715/8791)
tradeoff-c	Run actions/checkout@11d5960a326750d5838078e36cf38b85af677262	2026-10-09T09:00:25.7935858Z Updating files:  66% (5803/8791)
tradeoff-c	Run actions/checkout@11d5960a326750d5838078e36cf38b85af677262	2026-10-09T09:00:25.8147754Z Updating files:  67% (5890/8791)
tradeoff-c	Run actions/checkout@11d5960a326750d5838078e36cf38b85af677262	2026-10-09T09:00:25.8406536Z Updating files:  68% (5978/8791)
tradeoff-c	Run actions/checkout@11d5960a326750d5838078e36cf38b85af677262	2026-10-09T09:00:25.8654959Z Updating files:  69% (6066/8791)
tradeoff-c	Run actions/checkout@11d5960a326750d5838078e36cf38b85af677262	2026-10-09T09:00:25.8868670Z Updating files:  70% (6154/8791)
tradeoff-c	Run actions/checkout@11d5960a326750d5838078e36cf38b85af677262	2026-10-09T09:00:25.9046912Z Updating files:  71% (6242/8791)
tradeoff-c	Run actions/checkout@11d5960a326750d5838078e36cf38b85af677262	2026-10-09T09:00:25.9213000Z Updating files:  72% (6330/8791)
tradeoff-c	Run actions/checkout@11d5960a326750d5838078e36cf38b85af677262	2026-10-09T09:00:25.9377365Z Updating files:  73% (6418/8791)
tradeoff-c	Run actions/checkout@11d5960a326750d5838078e36cf38b85af677262	2026-10-09T09:00:25.9508405Z Updating files:  74% (6506/8791)
tradeoff-c	Run actions/checkout@11d5960a326750d5838078e36cf38b85af677262	2026-10-09T09:00:25.9698359Z Updating files:  75% (6594/8791)
tradeoff-c	Run actions/checkout@11d5960a326750d5838078e36cf38b85af677262	2026-10-09T09:00:25.9812756Z Updating files:  76% (6682/8791)
tradeoff-c	Run actions/checkout@11d5960a326750d5838078e36cf38b85af677262	2026-10-09T09:00:25.9978947Z Updating files:  77% (6770/8791)
tradeoff-c	Run actions/checkout@11d5960a326750d5838078e36cf38b85af677262	2026-10-09T09:00:26.0099205Z Updating files:  78% (6857/8791)
tradeoff-c	Run actions/checkout@11d5960a326750d5838078e36cf38b85af677262	2026-10-09T09:00:26.0287261Z Updating files:  79% (6945/8791)
tradeoff-c	Run actions/checkout@11d5960a326750d5838078e36cf38b85af677262	2026-10-09T09:00:26.0442988Z Updating files:  80% (7033/8791)
tradeoff-c	Run actions/checkout@11d5960a326750d5838078e36cf38b85af677262	2026-10-09T09:00:26.0538025Z Updating files:  81% (7121/8791)
tradeoff-c	Run actions/checkout@11d5960a326750d5838078e36cf38b85af677262	2026-10-09T09:00:26.0917158Z Updating files:  82% (7209/8791)
tradeoff-c	Run actions/checkout@11d5960a326750d5838078e36cf38b85af677262	2026-10-09T09:00:26.1183741Z Updating files:  83% (7297/8791)
tradeoff-c	Run actions/checkout@11d5960a326750d5838078e36cf38b85af677262	2026-10-09T09:00:26.1467741Z Updating files:  84% (7385/8791)
tradeoff-c	Run actions/checkout@11d5960a326750d5838078e36cf38b85af677262	2026-10-09T09:00:26.1653373Z Updating files:  85% (7473/8791)
tradeoff-c	Run actions/checkout@11d5960a326750d5838078e36cf38b85af677262	2026-10-09T09:00:26.1826443Z Updating files:  86% (7561/8791)
tradeoff-c	Run actions/checkout@11d5960a326750d5838078e36cf38b85af677262	2026-10-09T09:00:26.1986508Z Updating files:  87% (7649/8791)
tradeoff-c	Run actions/checkout@11d5960a326750d5838078e36cf38b85af677262	2026-10-09T09:00:26.2216978Z Updating files:  88% (7737/8791)
tradeoff-c	Run actions/checkout@11d5960a326750d5838078e36cf38b85af677262	2026-10-09T09:00:26.2411662Z Updating files:  89% (7824/8791)
tradeoff-c	Run actions/checkout@11d5960a326750d5838078e36cf38b85af677262	2026-10-09T09:00:26.2818114Z Updating files:  90% (7912/8791)
tradeoff-c	Run actions/checkout@11d5960a326750d5838078e36cf38b85af677262	2026-10-09T09:00:26.2971138Z Updating files:  91% (8000/8791)
tradeoff-c	Run actions/checkout@11d5960a326750d5838078e36cf38b85af677262	2026-10-09T09:00:26.3144710Z Updating files:  92% (8088/8791)
tradeoff-c	Run actions/checkout@11d5960a326750d5838078e36cf38b85af677262	2026-10-09T09:00:26.3286969Z Updating files:  93% (8176/8791)
tradeoff-c	Run actions/checkout@11d5960a326750d5838078e36cf38b85af677262	2026-10-09T09:00:26.3401024Z Updating files:  94% (8264/8791)
tradeoff-c	Run actions/checkout@11d5960a326750d5838078e36cf38b85af677262	2026-10-09T09:00:26.3502130Z Updating files:  95% (8352/8791)
tradeoff-c	Run actions/checkout@11d5960a326750d5838078e36cf38b85af677262	2026-10-09T09:00:26.3710787Z Updating files:  96% (8440/8791)
tradeoff-c	Run actions/checkout@11d5960a326750d5838078e36cf38b85af677262	2026-10-09T09:00:26.3897462Z Updating files:  97% (8528/8791)
tradeoff-c	Run actions/checkout@11d5960a326750d5838078e36cf38b85af677262	2026-10-09T09:00:26.3939439Z Updating files:  98% (8616/8791)
tradeoff-c	Run actions/checkout@11d5960a326750d5838078e36cf38b85af677262	2026-10-09T09:00:26.3991369Z Updating files:  99% (8704/8791)
tradeoff-c	Run actions/checkout@11d5960a326750d5838078e36cf38b85af677262	2026-10-09T09:00:26.3991991Z Updating files: 100% (8791/8791)
tradeoff-c	Run actions/checkout@11d5960a326750d5838078e36cf38b85af677262	2026-10-09T09:00:26.3992868Z Updating files: 100% (8791/8791), done.
tradeoff-c	Run actions/checkout@11d5960a326750d5838078e36cf38b85af677262	2026-10-09T09:00:26.5275611Z Switched to a new branch 'codex/round15-share'
tradeoff-c	Run actions/checkout@11d5960a326750d5838078e36cf38b85af677262	2026-10-09T09:00:26.5276937Z branch 'codex/round15-share' set up to track 'origin/codex/round15-share'.
tradeoff-c	Run actions/checkout@11d5960a326750d5838078e36cf38b85af677262	2026-10-09T09:00:26.5352687Z ##[endgroup]
tradeoff-c	Run actions/checkout@11d5960a326750d5838078e36cf38b85af677262	2026-10-09T09:00:26.5405563Z [command]/usr/bin/git log -1 --format=%H
tradeoff-c	Run actions/checkout@11d5960a326750d5838078e36cf38b85af677262	2026-10-09T09:00:26.5457486Z 1801132b926112fe099d3144eced4170d4ecdda8
tradeoff-c	Run actions/checkout@11d5960a326750d5838078e36cf38b85af677262	2026-10-09T09:00:26.5467903Z ##[group]Removing auth
tradeoff-c	Run actions/checkout@11d5960a326750d5838078e36cf38b85af677262	2026-10-09T09:00:26.5471681Z [command]/usr/bin/git config --local --name-only --get-regexp core\.sshCommand
tradeoff-c	Run actions/checkout@11d5960a326750d5838078e36cf38b85af677262	2026-10-09T09:00:26.5530645Z [command]/usr/bin/git submodule foreach --recursive sh -c "git config --local --name-only --get-regexp 'core\.sshCommand' && git config --local --unset-all 'core.sshCommand' || :"
tradeoff-c	Run actions/checkout@11d5960a326750d5838078e36cf38b85af677262	2026-10-09T09:00:26.5805226Z [command]/usr/bin/git config --local --name-only --get-regexp http\.https\:\/\/github\.com\/\.extraheader
tradeoff-c	Run actions/checkout@11d5960a326750d5838078e36cf38b85af677262	2026-10-09T09:00:26.5820316Z http.https://github.com/.extraheader
tradeoff-c	Run actions/checkout@11d5960a326750d5838078e36cf38b85af677262	2026-10-09T09:00:26.5839043Z [command]/usr/bin/git config --local --unset-all http.https://github.com/.extraheader
tradeoff-c	Run actions/checkout@11d5960a326750d5838078e36cf38b85af677262	2026-10-09T09:00:26.7156135Z [command]/usr/bin/git submodule foreach --recursive sh -c "git config --local --name-only --get-regexp 'http\.https\:\/\/github\.com\/\.extraheader' && git config --local --unset-all 'http.https://github.com/.extraheader' || :"
tradeoff-c	Run actions/checkout@11d5960a326750d5838078e36cf38b85af677262	2026-10-09T09:00:26.7363355Z [command]/usr/bin/git config --local --name-only --get-regexp ^includeIf\.gitdir:
tradeoff-c	Run actions/checkout@11d5960a326750d5838078e36cf38b85af677262	2026-10-09T09:00:26.7390612Z [command]/usr/bin/git submodule foreach --recursive git config --local --show-origin --name-only --get-regexp remote.origin.url
tradeoff-c	Run actions/checkout@11d5960a326750d5838078e36cf38b85af677262	2026-10-09T09:00:26.7590133Z ##[endgroup]
tradeoff-c	Validate batch and exact candidate bytes	﻿2026-10-09T09:00:26.7918218Z ##[group]Run python3 scripts/round4.py preflight
tradeoff-c	Validate batch and exact candidate bytes	2026-10-09T09:00:26.7918623Z ^[[36;1mpython3 scripts/round4.py preflight^[[0m
tradeoff-c	Validate batch and exact candidate bytes	2026-10-09T09:00:27.0046121Z shell: /usr/bin/bash -e {0}
tradeoff-c	Validate batch and exact candidate bytes	2026-10-09T09:00:27.0046383Z env:
tradeoff-c	Validate batch and exact candidate bytes	2026-10-09T09:00:27.0046570Z   ROUND4_SPEC: tradeoff-c
tradeoff-c	Validate batch and exact candidate bytes	2026-10-09T09:00:27.0046988Z   ROUND4_SPEC_DIR: evidence/round15
tradeoff-c	Validate batch and exact candidate bytes	2026-10-09T09:00:27.0047205Z ##[endgroup]
tradeoff-c	Validate batch and exact candidate bytes	2026-10-09T09:00:27.0749077Z PREFLIGHT tradeoff-c 9 hash-bound source/proof pairs
tradeoff-c	Prepare isolated runner and pinned source	﻿2026-10-09T09:00:27.0900937Z ##[group]Run bash scripts/ci-prepare.sh
tradeoff-c	Prepare isolated runner and pinned source	2026-10-09T09:00:27.0901238Z ^[[36;1mbash scripts/ci-prepare.sh^[[0m
tradeoff-c	Prepare isolated runner and pinned source	2026-10-09T09:00:27.0958821Z shell: /usr/bin/bash -e {0}
tradeoff-c	Prepare isolated runner and pinned source	2026-10-09T09:00:27.0959039Z env:
tradeoff-c	Prepare isolated runner and pinned source	2026-10-09T09:00:27.0959222Z   ROUND4_SPEC: tradeoff-c
tradeoff-c	Prepare isolated runner and pinned source	2026-10-09T09:00:27.0959436Z   ROUND4_SPEC_DIR: evidence/round15
tradeoff-c	Prepare isolated runner and pinned source	2026-10-09T09:00:27.0959654Z ##[endgroup]
tradeoff-c	Prepare isolated runner and pinned source	2026-10-09T09:00:27.2303671Z Filesystem      Size  Used Avail Use% Mounted on
tradeoff-c	Prepare isolated runner and pinned source	2026-10-09T09:00:27.2304084Z /dev/root       145G   60G   85G  42% /
tradeoff-c	Prepare isolated runner and pinned source	2026-10-09T09:03:08.3134770Z Reading package lists...
tradeoff-c	Prepare isolated runner and pinned source	2026-10-09T09:03:08.5072149Z Building dependency tree...
tradeoff-c	Prepare isolated runner and pinned source	2026-10-09T09:03:08.5078743Z Reading state information...
tradeoff-c	Prepare isolated runner and pinned source	2026-10-09T09:03:08.6846142Z curl is already the newest version (8.5.0-2ubuntu10.15).
tradeoff-c	Prepare isolated runner and pinned source	2026-10-09T09:03:08.6846781Z python3 is already the newest version (3.12.3-0ubuntu2.1).
tradeoff-c	Prepare isolated runner and pinned source	2026-10-09T09:03:08.6847410Z python3-venv is already the newest version (3.12.3-0ubuntu2.1).
tradeoff-c	Prepare isolated runner and pinned source	2026-10-09T09:03:08.6848003Z git is already the newest version (1:2.55.0-0ppa1~ubuntu24.04.2).
tradeoff-c	Prepare isolated runner and pinned source	2026-10-09T09:03:08.6848572Z git set to manually installed.
tradeoff-c	Prepare isolated runner and pinned source	2026-10-09T09:03:08.6849018Z pkg-config is already the newest version (1.8.1-2build1).
tradeoff-c	Prepare isolated runner and pinned source	2026-10-09T09:03:08.6849584Z libssl-dev is already the newest version (3.0.13-0ubuntu3.16).
tradeoff-c	Prepare isolated runner and pinned source	2026-10-09T09:03:08.6850191Z zlib1g-dev is already the newest version (1:1.3.dfsg-3.1ubuntu2.2).
tradeoff-c	Prepare isolated runner and pinned source	2026-10-09T09:03:08.6850832Z dbus-user-session is already the newest version (1.14.10-4ubuntu4.1).
tradeoff-c	Prepare isolated runner and pinned source	2026-10-09T09:03:08.6851376Z dbus-user-session set to manually installed.
tradeoff-c	Prepare isolated runner and pinned source	2026-10-09T09:03:08.6851802Z The following NEW packages will be installed:
tradeoff-c	Prepare isolated runner and pinned source	2026-10-09T09:03:08.6855316Z   bubblewrap build-essential
tradeoff-c	Prepare isolated runner and pinned source	2026-10-09T09:03:08.7030634Z 0 upgraded, 2 newly installed, 0 to remove and 23 not upgraded.
tradeoff-c	Prepare isolated runner and pinned source	2026-10-09T09:03:08.7031161Z Need to get 55.4 kB of archives.
tradeoff-c	Prepare isolated runner and pinned source	2026-10-09T09:03:08.7031604Z After this operation, 151 kB of additional disk space will be used.
tradeoff-c	Prepare isolated runner and pinned source	2026-10-09T09:03:08.7032090Z Get:1 file:/etc/apt/apt-mirrors.txt Mirrorlist [144 B]
tradeoff-c	Prepare isolated runner and pinned source	2026-10-09T09:03:08.7834673Z Get:2 http://azure.archive.ubuntu.com/ubuntu noble-updates/main amd64 bubblewrap amd64 0.9.0-1ubuntu0.3 [50.4 kB]
tradeoff-c	Prepare isolated runner and pinned source	2026-10-09T09:03:08.8484287Z Get:3 http://azure.archive.ubuntu.com/ubuntu noble/main amd64 build-essential amd64 12.10ubuntu1 [4928 B]
tradeoff-c	Prepare isolated runner and pinned source	2026-10-09T09:03:09.0734975Z Fetched 55.4 kB in 0s (358 kB/s)
tradeoff-c	Prepare isolated runner and pinned source	2026-10-09T09:03:09.1185307Z Selecting previously unselected package bubblewrap.
tradeoff-c	Prepare isolated runner and pinned source	2026-10-09T09:03:09.1419346Z (Reading database ... 
tradeoff-c	Prepare isolated runner and pinned source	2026-10-09T09:03:09.1419698Z (Reading database ... 5%
tradeoff-c	Prepare isolated runner and pinned source	2026-10-09T09:03:09.1419916Z (Reading database ... 10%
tradeoff-c	Prepare isolated runner and pinned source	2026-10-09T09:03:09.1420112Z (Reading database ... 15%
tradeoff-c	Prepare isolated runner and pinned source	2026-10-09T09:03:09.1420671Z (Reading database ... 20%
tradeoff-c	Prepare isolated runner and pinned source	2026-10-09T09:03:09.1420953Z (Reading database ... 25%
tradeoff-c	Prepare isolated runner and pinned source	2026-10-09T09:03:09.1421236Z (Reading database ... 30%
tradeoff-c	Prepare isolated runner and pinned source	2026-10-09T09:03:09.1421501Z (Reading database ... 35%
tradeoff-c	Prepare isolated runner and pinned source	2026-10-09T09:03:09.1421796Z (Reading database ... 40%
tradeoff-c	Prepare isolated runner and pinned source	2026-10-09T09:03:09.1421975Z (Reading database ... 45%
tradeoff-c	Prepare isolated runner and pinned source	2026-10-09T09:03:09.1422228Z (Reading database ... 50%
tradeoff-c	Prepare isolated runner and pinned source	2026-10-09T09:03:09.1549422Z (Reading database ... 55%
tradeoff-c	Prepare isolated runner and pinned source	2026-10-09T09:03:09.5203677Z (Reading database ... 60%
tradeoff-c	Prepare isolated runner and pinned source	2026-10-09T09:03:09.7067393Z (Reading database ... 65%
tradeoff-c	Prepare isolated runner and pinned source	2026-10-09T09:03:10.4610640Z (Reading database ... 70%
tradeoff-c	Prepare isolated runner and pinned source	2026-10-09T09:03:10.6127579Z (Reading database ... 75%
tradeoff-c	Prepare isolated runner and pinned source	2026-10-09T09:03:10.9051015Z (Reading database ... 80%
tradeoff-c	Prepare isolated runner and pinned source	2026-10-09T09:03:11.3983692Z (Reading database ... 85%
tradeoff-c	Prepare isolated runner and pinned source	2026-10-09T09:03:11.5077708Z (Reading database ... 90%
tradeoff-c	Prepare isolated runner and pinned source	2026-10-09T09:03:11.9101166Z (Reading database ... 95%
tradeoff-c	Prepare isolated runner and pinned source	2026-10-09T09:03:11.9101485Z (Reading database ... 100%
tradeoff-c	Prepare isolated runner and pinned source	2026-10-09T09:03:11.9101772Z (Reading database ... 203191 files and directories currently installed.)
tradeoff-c	Prepare isolated runner and pinned source	2026-10-09T09:03:11.9144432Z Preparing to unpack .../bubblewrap_0.9.0-1ubuntu0.3_amd64.deb ...
tradeoff-c	Prepare isolated runner and pinned source	2026-10-09T09:03:11.9159817Z Unpacking bubblewrap (0.9.0-1ubuntu0.3) ...
tradeoff-c	Prepare isolated runner and pinned source	2026-10-09T09:03:11.9790655Z Selecting previously unselected package build-essential.
tradeoff-c	Prepare isolated runner and pinned source	2026-10-09T09:03:11.9901413Z Preparing to unpack .../build-essential_12.10ubuntu1_amd64.deb ...
tradeoff-c	Prepare isolated runner and pinned source	2026-10-09T09:03:11.9907119Z Unpacking build-essential (12.10ubuntu1) ...
tradeoff-c	Prepare isolated runner and pinned source	2026-10-09T09:03:12.0397763Z Setting up bubblewrap (0.9.0-1ubuntu0.3) ...
tradeoff-c	Prepare isolated runner and pinned source	2026-10-09T09:03:12.1123760Z Setting up build-essential (12.10ubuntu1) ...
tradeoff-c	Prepare isolated runner and pinned source	2026-10-09T09:03:12.1503287Z Processing triggers for man-db (2.12.0-4build2) ...
tradeoff-c	Prepare isolated runner and pinned source	2026-10-09T09:03:12.1521131Z Not building database; man-db/auto-update is not 'true'.
tradeoff-c	Prepare isolated runner and pinned source	2026-10-09T09:03:13.3688186Z 
tradeoff-c	Prepare isolated runner and pinned source	2026-10-09T09:03:13.3688719Z Running kernel seems to be up-to-date.
tradeoff-c	Prepare isolated runner and pinned source	2026-10-09T09:03:13.3688957Z 
tradeoff-c	Prepare isolated runner and pinned source	2026-10-09T09:03:13.3689051Z No services need to be restarted.
tradeoff-c	Prepare isolated runner and pinned source	2026-10-09T09:03:13.3689205Z 
tradeoff-c	Prepare isolated runner and pinned source	2026-10-09T09:03:13.3689290Z No containers need to be restarted.
tradeoff-c	Prepare isolated runner and pinned source	2026-10-09T09:03:13.3689434Z 
tradeoff-c	Prepare isolated runner and pinned source	2026-10-09T09:03:13.3689533Z No user sessions are running outdated binaries.
tradeoff-c	Prepare isolated runner and pinned source	2026-10-09T09:03:13.3689701Z 
tradeoff-c	Prepare isolated runner and pinned source	2026-10-09T09:03:13.3689854Z No VM guests are running outdated hypervisor (qemu) binaries on this host.
tradeoff-c	Prepare isolated runner and pinned source	2026-10-09T09:03:14.2982600Z kernel.apparmor_restrict_unprivileged_userns = 0
tradeoff-c	Prepare isolated runner and pinned source	2026-10-09T09:03:14.3229377Z hint: Using 'master' as the name for the initial branch. This default branch name
tradeoff-c	Prepare isolated runner and pinned source	2026-10-09T09:03:14.3230223Z hint: will change to "main" in Git 3.0. To configure the initial branch name
tradeoff-c	Prepare isolated runner and pinned source	2026-10-09T09:03:14.3230822Z hint: to use in all of your new repositories, which will suppress this warning,
tradeoff-c	Prepare isolated runner and pinned source	2026-10-09T09:03:14.3231287Z hint: call:
tradeoff-c	Prepare isolated runner and pinned source	2026-10-09T09:03:14.3231514Z hint:
tradeoff-c	Prepare isolated runner and pinned source	2026-10-09T09:03:14.3231838Z hint: 	git config --global init.defaultBranch <name>
tradeoff-c	Prepare isolated runner and pinned source	2026-10-09T09:03:14.3232204Z hint:
tradeoff-c	Prepare isolated runner and pinned source	2026-10-09T09:03:14.3232512Z hint: Names commonly chosen instead of 'master' are 'main', 'trunk' and
tradeoff-c	Prepare isolated runner and pinned source	2026-10-09T09:03:14.3232892Z hint: 'development'. The just-created branch can be renamed via this command:
tradeoff-c	Prepare isolated runner and pinned source	2026-10-09T09:03:14.3233192Z hint:
tradeoff-c	Prepare isolated runner and pinned source	2026-10-09T09:03:14.3233364Z hint: 	git branch -m <name>
tradeoff-c	Prepare isolated runner and pinned source	2026-10-09T09:03:14.3233623Z hint:
tradeoff-c	Prepare isolated runner and pinned source	2026-10-09T09:03:14.3234012Z hint: Disable this message with "git config set advice.defaultBranchName false"
tradeoff-c	Prepare isolated runner and pinned source	2026-10-09T09:03:14.3235024Z Initialized empty Git repository in /home/runner/work/_temp/deflate-upstream/.git/
tradeoff-c	Prepare isolated runner and pinned source	2026-10-09T09:03:15.5239282Z From https://github.com/conjectures-io/conjectures-optimisation-deflate
tradeoff-c	Prepare isolated runner and pinned source	2026-10-09T09:03:15.5239809Z  * branch            a356bbff18b60c4527fbcc85d5a28ef9c20214e0 -> FETCH_HEAD
tradeoff-c	Prepare isolated runner and pinned source	2026-10-09T09:03:15.5716197Z HEAD is now at a356bbf make the pins telemetry instead of blocking (#30)
tradeoff-c	Prepare isolated runner and pinned source	2026-10-09T09:03:15.5942951Z Official pinned source files: 70/70 match
tradeoff-c	Prepare isolated runner and pinned source	2026-10-09T09:03:15.6235403Z Running as unit: run-u0.service; invocation ID: b679ff6453054d4c836d222f1c6c5f2f
tradeoff-c	Prepare isolated runner and pinned source	2026-10-09T09:03:15.6285507Z Finished with result: success
tradeoff-c	Prepare isolated runner and pinned source	2026-10-09T09:03:15.6285959Z Main processes terminated with: code=exited/status=0
tradeoff-c	Prepare isolated runner and pinned source	2026-10-09T09:03:15.6286368Z Service runtime: 4ms
tradeoff-c	Prepare isolated runner and pinned source	2026-10-09T09:03:15.6286722Z CPU time consumed: 4ms
tradeoff-c	Prepare isolated runner and pinned source	2026-10-09T09:03:15.6287059Z Memory peak: 256.0K
tradeoff-c	Prepare isolated runner and pinned source	2026-10-09T09:03:15.6287376Z Memory swap peak: 0B
tradeoff-c	Install official verification toolchain	﻿2026-10-09T09:03:15.6357070Z ##[group]Run bash scripts/ci-setup.sh
tradeoff-c	Install official verification toolchain	2026-10-09T09:03:15.6357349Z ^[[36;1mbash scripts/ci-setup.sh^[[0m
tradeoff-c	Install official verification toolchain	2026-10-09T09:03:15.6410610Z shell: /usr/bin/bash -e {0}
tradeoff-c	Install official verification toolchain	2026-10-09T09:03:15.6410820Z env:
tradeoff-c	Install official verification toolchain	2026-10-09T09:03:15.6410990Z   ROUND4_SPEC: tradeoff-c
tradeoff-c	Install official verification toolchain	2026-10-09T09:03:15.6411196Z   ROUND4_SPEC_DIR: evidence/round15
tradeoff-c	Install official verification toolchain	2026-10-09T09:03:15.6411455Z   DEFLATE_ROOT: /home/runner/work/_temp/deflate-upstream
tradeoff-c	Install official verification toolchain	2026-10-09T09:03:15.6411787Z   ELAN_HOME: /home/runner/work/_temp/deflate-upstream/validator/.work/elan
tradeoff-c	Install official verification toolchain	2026-10-09T09:03:15.6412115Z   XDG_CACHE_HOME: /home/runner/work/_temp/deflate-cache
tradeoff-c	Install official verification toolchain	2026-10-09T09:03:15.6412390Z   UV_CACHE_DIR: /home/runner/work/_temp/deflate-cache/uv
tradeoff-c	Install official verification toolchain	2026-10-09T09:03:15.6412642Z   XDG_RUNTIME_DIR: /run/user/1001
tradeoff-c	Install official verification toolchain	2026-10-09T09:03:15.6412884Z   DBUS_SESSION_BUS_ADDRESS: unix:path=/run/user/1001/bus
tradeoff-c	Install official verification toolchain	2026-10-09T09:03:15.6413129Z   VERIFY_CORPUS: corpus-stage1
tradeoff-c	Install official verification toolchain	2026-10-09T09:03:15.6413328Z   VERIFY_SANDBOX: bwrap
tradeoff-c	Install official verification toolchain	2026-10-09T09:03:15.6413514Z   GIT_TERMINAL_PROMPT: 0
tradeoff-c	Install official verification toolchain	2026-10-09T09:03:15.6413708Z ##[endgroup]
tradeoff-c	Install official verification toolchain	2026-10-09T09:03:15.7091971Z info: syncing channel updates for nightly-2026-08-18-x86_64-unknown-linux-gnu
tradeoff-c	Install official verification toolchain	2026-10-09T09:03:16.0038868Z info: latest update on 2026-08-18 for version 1.100.0-nightly (8fa1c96cf 2026-08-17)
tradeoff-c	Install official verification toolchain	2026-10-09T09:03:16.0039310Z info: downloading 6 components
tradeoff-c	Install official verification toolchain	2026-10-09T09:03:32.6715969Z 
tradeoff-c	Install official verification toolchain	2026-10-09T09:03:32.6777693Z   nightly-2026-08-18-x86_64-unknown-linux-gnu installed - rustc 1.100.0-nightly (8fa1c96cf 2026-08-17)
tradeoff-c	Install official verification toolchain	2026-10-09T09:03:32.6778089Z 
tradeoff-c	Install official verification toolchain	2026-10-09T09:03:32.6778731Z info: checking for self-update (current version: 1.29.1)
tradeoff-c	Install official verification toolchain	2026-10-09T09:03:32.6989977Z 
tradeoff-c	Install official verification toolchain	2026-10-09T09:03:32.6990693Z ^[[1m1/9  System packages^[[0m
tradeoff-c	Install official verification toolchain	2026-10-09T09:03:32.6993788Z   ^[[32m✓^[[0m cc, curl, python3, git, bubblewrap present
tradeoff-c	Install official verification toolchain	2026-10-09T09:03:32.6994043Z 
tradeoff-c	Install official verification toolchain	2026-10-09T09:03:32.6994252Z ^[[1m2/9  just (1.58.0)^[[0m
tradeoff-c	Install official verification toolchain	2026-10-09T09:03:32.6995064Z   ^[[33m·^[[0m installing into ~/.local/bin
tradeoff-c	Install official verification toolchain	2026-10-09T09:03:33.0979268Z   ^[[32m✓^[[0m installed ~/.local/bin/just
tradeoff-c	Install official verification toolchain	2026-10-09T09:03:33.0983674Z 
tradeoff-c	Install official verification toolchain	2026-10-09T09:03:33.0983892Z ^[[1m3/9  uv (0.12.15)^[[0m
tradeoff-c	Install official verification toolchain	2026-10-09T09:03:33.0985601Z   ^[[33m·^[[0m installing into ~/.local/bin
tradeoff-c	Install official verification toolchain	2026-10-09T09:03:33.7526119Z   ^[[32m✓^[[0m installed ~/.local/bin/uv
tradeoff-c	Install official verification toolchain	2026-10-09T09:03:33.7531048Z 
tradeoff-c	Install official verification toolchain	2026-10-09T09:03:33.7531369Z ^[[1m4/9  Python environment (.venv, from pyproject.toml)^[[0m
tradeoff-c	Install official verification toolchain	2026-10-09T09:03:33.7531896Z   ^[[33m·^[[0m syncing .venv from pyproject.toml
tradeoff-c	Install official verification toolchain	2026-10-09T09:03:35.7380469Z   ^[[32m✓^[[0m .venv ready
tradeoff-c	Install official verification toolchain	2026-10-09T09:03:35.7528028Z   ^[[33m·^[[0m bittensor SDK absent - miners do not need it; validators run ./setup.sh --chain
tradeoff-c	Install official verification toolchain	2026-10-09T09:03:35.7528537Z 
tradeoff-c	Install official verification toolchain	2026-10-09T09:03:35.7528709Z ^[[1m5/9  Trusted-input audit^[[0m
tradeoff-c	Install official verification toolchain	2026-10-09T09:03:35.7529219Z   ^[[32m✓^[[0m gate worker records observed code and benchmark identities
tradeoff-c	Install official verification toolchain	2026-10-09T09:03:35.7529563Z 
tradeoff-c	Install official verification toolchain	2026-10-09T09:03:35.7529731Z ^[[1m6/9  Configuration (.env)^[[0m
tradeoff-c	Install official verification toolchain	2026-10-09T09:03:35.7547545Z   ^[[32m✓^[[0m created .env from .env.example - edit it for a validator
tradeoff-c	Install official verification toolchain	2026-10-09T09:03:35.7547909Z 
tradeoff-c	Install official verification toolchain	2026-10-09T09:03:35.7548195Z ^[[1m7/9  Scoring corpus (corpus-stage1, the benchmark default)^[[0m
tradeoff-c	Install official verification toolchain	2026-10-09T09:03:35.7548883Z   ^[[33m·^[[0m fetching corpus-stage1 (and corpus-stage2, if reachable)
tradeoff-c	Install official verification toolchain	2026-10-09T09:03:35.7586294Z bash /home/runner/work/_temp/deflate-upstream/scripts/pull-corpus.sh 
tradeoff-c	Install official verification toolchain	2026-10-09T09:03:37.7898266Z stage 1  28 files, 15930000 bytes, at 0260078
tradeoff-c	Install official verification toolchain	2026-10-09T09:03:38.1202900Z stage 2  unavailable (https://github.com/conjectures-io/conjectures-compression-corpus-2) -- skipping the held-out corpus.
tradeoff-c	Install official verification toolchain	2026-10-09T09:03:38.1212192Z   ^[[32m✓^[[0m data/benchmark/corpus-stage1 ready
tradeoff-c	Install official verification toolchain	2026-10-09T09:03:38.5882830Z     Updating crates.io index
tradeoff-c	Install official verification toolchain	2026-10-09T09:03:38.9817923Z  Downloading crates ...
tradeoff-c	Install official verification toolchain	2026-10-09T09:03:39.0618398Z   Downloaded quote v1.0.47
tradeoff-c	Install official verification toolchain	2026-10-09T09:03:39.0735173Z   Downloaded proc-macro2 v1.0.107
tradeoff-c	Install official verification toolchain	2026-10-09T09:03:39.0758510Z   Downloaded itoa v1.0.18
tradeoff-c	Install official verification toolchain	2026-10-09T09:03:39.0769692Z   Downloaded zmij v1.0.23
tradeoff-c	Install official verification toolchain	2026-10-09T09:03:39.0783348Z   Downloaded memchr v2.8.3
tradeoff-c	Install official verification toolchain	2026-10-09T09:03:39.0828439Z   Downloaded serde_core v1.0.229
tradeoff-c	Install official verification toolchain	2026-10-09T09:03:39.0850147Z   Downloaded unicode-ident v1.0.26
tradeoff-c	Install official verification toolchain	2026-10-09T09:03:39.0871693Z   Downloaded serde_json v1.0.151
tradeoff-c	Install official verification toolchain	2026-10-09T09:03:39.0930013Z   Downloaded syn v2.0.119
tradeoff-c	Install official verification toolchain	2026-10-09T09:03:39.2543852Z    Compiling proc-macro2 v1.0.107
tradeoff-c	Install official verification toolchain	2026-10-09T09:03:39.2544364Z    Compiling serde_core v1.0.229
tradeoff-c	Install official verification toolchain	2026-10-09T09:03:39.2544597Z    Compiling unicode-ident v1.0.26
tradeoff-c	Install official verification toolchain	2026-10-09T09:03:39.2551688Z    Compiling zmij v1.0.23
tradeoff-c	Install official verification toolchain	2026-10-09T09:03:40.1089412Z    Compiling quote v1.0.47
tradeoff-c	Install official verification toolchain	2026-10-09T09:03:40.3326761Z    Compiling serde_json v1.0.151
tradeoff-c	Install official verification toolchain	2026-10-09T09:03:40.4045345Z    Compiling itoa v1.0.18
tradeoff-c	Install official verification toolchain	2026-10-09T09:03:40.7997464Z    Compiling memchr v2.8.3
tradeoff-c	Install official verification toolchain	2026-10-09T09:03:41.3425234Z    Compiling syn v2.0.119
tradeoff-c	Install official verification toolchain	2026-10-09T09:03:48.3942713Z    Compiling submission-precheck v0.1.0 (/home/runner/work/_temp/deflate-upstream/validator/precheck)
tradeoff-c	Install official verification toolchain	2026-10-09T09:03:49.4799021Z     Finished `release` profile [optimized] target(s) in 11.22s
tradeoff-c	Install official verification toolchain	2026-10-09T09:03:49.4932522Z 
tradeoff-c	Install official verification toolchain	2026-10-09T09:03:49.4933391Z ^[[1m8/9  Slot (validator/slot/src/parse.rs is a symlink to generated/, gitignored)^[[0m
tradeoff-c	Install official verification toolchain	2026-10-09T09:03:49.4959974Z   ^[[32m✓^[[0m seeded validator/slot/generated/parse.rs from miner/template
tradeoff-c	Install official verification toolchain	2026-10-09T09:03:49.4960249Z 
tradeoff-c	Install official verification toolchain	2026-10-09T09:03:49.4960418Z ^[[1m9/9  Toolchain: Lean, Aeneas, Charon, Mathlib^[[0m
tradeoff-c	Install official verification toolchain	2026-10-09T09:03:49.5013539Z 
tradeoff-c	Install official verification toolchain	2026-10-09T09:03:49.5013898Z ^[[1m1/6  Lean toolchain (leanprover/lean4:v4.31.0)^[[0m
tradeoff-c	Install official verification toolchain	2026-10-09T09:03:49.5014991Z   ^[[33m·^[[0m elan not found — installing into /home/runner/work/_temp/deflate-upstream/validator/.work/elan
tradeoff-c	Install official verification toolchain	2026-10-09T09:03:49.8873883Z info: default toolchain set to 'leanprover/lean4:v4.31.0'
tradeoff-c	Install official verification toolchain	2026-10-09T09:03:49.8926872Z   ^[[32m✓^[[0m installed elan at /home/runner/work/_temp/deflate-upstream/validator/.work/elan
tradeoff-c	Install official verification toolchain	2026-10-09T09:04:05.1067137Z   ^[[32m✓^[[0m Lean (version 4.31.0, x86_64-unknown-linux-gnu, commit 68218e876d2a38b1985b8590fff244a83c321783, Release)
tradeoff-c	Install official verification toolchain	2026-10-09T09:04:05.1067727Z 
tradeoff-c	Install official verification toolchain	2026-10-09T09:04:05.1068003Z ^[[1m2/6  Aeneas + Charon (nightly-2026.08.27-5b9dcf3 release)^[[0m
tradeoff-c	Install official verification toolchain	2026-10-09T09:04:05.1068644Z   ^[[33m·^[[0m not found — fetching the nightly-2026.08.27-5b9dcf3 release (~120 MB)
tradeoff-c	Install official verification toolchain	2026-10-09T09:04:08.6728591Z   ^[[32m✓^[[0m installed aeneas and charon at /home/runner/work/_temp/deflate-upstream/validator/.work/aeneas
tradeoff-c	Install official verification toolchain	2026-10-09T09:04:08.6729309Z 
tradeoff-c	Install official verification toolchain	2026-10-09T09:04:08.6729743Z ^[[1m3/6  Rust nightly for charon-driver (nightly-2026-08-18 + rustc-dev)^[[0m
tradeoff-c	Install official verification toolchain	2026-10-09T09:04:08.6800652Z   ^[[32m✓^[[0m nightly-2026-08-18 installed
tradeoff-c	Install official verification toolchain	2026-10-09T09:04:08.6800956Z 
tradeoff-c	Install official verification toolchain	2026-10-09T09:04:08.6801216Z ^[[1m4/6  Lean dependencies (Aeneas backend + Mathlib)^[[0m
tradeoff-c	Install official verification toolchain	2026-10-09T09:04:08.6801790Z   ^[[33m·^[[0m no shared checkout — fetching our own (~7 GB, ~10 min)
tradeoff-c	Install official verification toolchain	2026-10-09T09:04:08.7173866Z info: aeneas: cloning https://github.com/AeneasVerif/aeneas
tradeoff-c	Install official verification toolchain	2026-10-09T09:04:12.0191400Z info: aeneas: checking out revision '5b9dcf33dccdb1560ea7203ac57ea202476b6ed3'
tradeoff-c	Install official verification toolchain	2026-10-09T09:04:12.1662962Z info: toolchain not updated; already up-to-date
tradeoff-c	Install official verification toolchain	2026-10-09T09:04:12.5849173Z info: mathlib: cloning https://github.com/leanprover-community/mathlib4.git
tradeoff-c	Install official verification toolchain	2026-10-09T09:04:42.1762817Z info: mathlib: checking out revision 'fabf563a7c95a166b8d7b6efca11c8b4dc9d911f'
tradeoff-c	Install official verification toolchain	2026-10-09T09:04:43.5616144Z info: plausible: cloning https://github.com/leanprover-community/plausible
tradeoff-c	Install official verification toolchain	2026-10-09T09:04:44.8704576Z info: plausible: checking out revision '63045536fe95024e6c18fc7b48e03f506701c5bc'
tradeoff-c	Install official verification toolchain	2026-10-09T09:04:44.8823086Z info: LeanSearchClient: cloning https://github.com/leanprover-community/LeanSearchClient
tradeoff-c	Install official verification toolchain	2026-10-09T09:04:45.6332706Z info: LeanSearchClient: checking out revision 'c5d5b8fe6e5158def25cd28eb94e4141ad97c843'
tradeoff-c	Install official verification toolchain	2026-10-09T09:04:45.6432565Z info: importGraph: cloning https://github.com/leanprover-community/import-graph
tradeoff-c	Install official verification toolchain	2026-10-09T09:04:46.4352797Z info: importGraph: checking out revision '5c7542ed018c78194f1e2b903eaf6a792b74c03d'
tradeoff-c	Install official verification toolchain	2026-10-09T09:04:46.4502968Z info: proofwidgets: cloning https://github.com/leanprover-community/ProofWidgets4
tradeoff-c	Install official verification toolchain	2026-10-09T09:04:48.0878542Z info: proofwidgets: checking out revision '24b0d9dc081c5423f8eec7e866c441e5184f29d9'
tradeoff-c	Install official verification toolchain	2026-10-09T09:04:48.6317313Z info: aesop: cloning https://github.com/leanprover-community/aesop
tradeoff-c	Install official verification toolchain	2026-10-09T09:04:50.1879237Z info: aesop: checking out revision 'e3cb2f741431ce31bf73549fb52316a57368b06f'
tradeoff-c	Install official verification toolchain	2026-10-09T09:04:50.2051597Z info: Qq: cloning https://github.com/leanprover-community/quote4
tradeoff-c	Install official verification toolchain	2026-10-09T09:04:51.0501859Z info: Qq: checking out revision 'f46324995fca5f0483b742e4eb4daec7f4ee50d2'
tradeoff-c	Install official verification toolchain	2026-10-09T09:04:51.1072767Z info: batteries: cloning https://github.com/leanprover-community/batteries
tradeoff-c	Install official verification toolchain	2026-10-09T09:04:55.2279833Z info: batteries: checking out revision 'fa08db58b30eb033edcdab331bba000827f9f785'
tradeoff-c	Install official verification toolchain	2026-10-09T09:04:55.2600047Z info: Cli: cloning https://github.com/leanprover/lean4-cli
tradeoff-c	Install official verification toolchain	2026-10-09T09:04:55.9130235Z info: Cli: checking out revision '92564e5770e4d09f2d86dfbf8ada1e9c715b384c'
tradeoff-c	Install official verification toolchain	2026-10-09T09:04:55.9244716Z info: mathlib: running post-update hooks
tradeoff-c	Install official verification toolchain	2026-10-09T09:04:57.0305904Z ✔ [4/24] Built Batteries.Data.String.Basic (498ms)
tradeoff-c	Install official verification toolchain	2026-10-09T09:04:57.1285798Z ✔ [5/24] Built Cache.Lean (588ms)
tradeoff-c	Install official verification toolchain	2026-10-09T09:04:57.2280310Z ✔ [6/24] Built Batteries.Data.String.Basic:c.o (147ms)
tradeoff-c	Install official verification toolchain	2026-10-09T09:04:57.4283065Z ✔ [7/24] Built Cache.Lean:c.o (214ms)
tradeoff-c	Install official verification toolchain	2026-10-09T09:04:57.6286847Z ✔ [8/24] Built Batteries.Data.Array.Match (1.0s)
tradeoff-c	Install official verification toolchain	2026-10-09T09:04:57.6305012Z ✔ [9/24] Built Cache.Init (469ms)
tradeoff-c	Install official verification toolchain	2026-10-09T09:04:57.7277856Z ✔ [10/24] Built Cache.Init:c.o (133ms)
tradeoff-c	Install official verification toolchain	2026-10-09T09:04:57.8287248Z ✔ [11/24] Built Batteries.Tactic.OpenPrivate (1.3s)
tradeoff-c	Install official verification toolchain	2026-10-09T09:04:57.8325252Z ✔ [12/24] Built Batteries.Data.Array.Match:c.o (233ms)
tradeoff-c	Install official verification toolchain	2026-10-09T09:04:58.0279613Z ✔ [13/24] Built Batteries.Data.String.Matcher (387ms)
tradeoff-c	Install official verification toolchain	2026-10-09T09:04:58.1284469Z ✔ [14/24] Built Batteries.Data.String.Matcher:c.o (143ms)
tradeoff-c	Install official verification toolchain	2026-10-09T09:04:58.9291599Z ✔ [15/24] Built Batteries.Tactic.OpenPrivate:c.o (1.1s)
tradeoff-c	Install official verification toolchain	2026-10-09T09:04:59.2294834Z ✔ [16/24] Built Cache.IO (1.3s)
tradeoff-c	Install official verification toolchain	2026-10-09T09:04:59.9317024Z ✔ [17/24] Built Cache.Hashing (689ms)
tradeoff-c	Install official verification toolchain	2026-10-09T09:05:00.4327370Z ✔ [18/24] Built Cache.Hashing:c.o (491ms)
tradeoff-c	Install official verification toolchain	2026-10-09T09:05:00.6331818Z ✔ [19/24] Built Cache.IO:c.o (1.4s)
tradeoff-c	Install official verification toolchain	2026-10-09T09:05:01.5340690Z ✔ [20/24] Built Cache.Requests (1.7s)
tradeoff-c	Install official verification toolchain	2026-10-09T09:05:02.3349718Z ✔ [21/24] Built Cache.Main (788ms)
tradeoff-c	Install official verification toolchain	2026-10-09T09:05:02.8356029Z ✔ [22/24] Built Cache.Main:c.o (467ms)
tradeoff-c	Install official verification toolchain	2026-10-09T09:05:03.3361492Z ✔ [23/24] Built Cache.Requests:c.o (1.8s)
tradeoff-c	Install official verification toolchain	2026-10-09T09:05:03.9367021Z ✔ [24/24] Built cache:exe (629ms)
tradeoff-c	Install official verification toolchain	2026-10-09T09:05:06.5435064Z Current branch: HEAD
tradeoff-c	Install official verification toolchain	2026-10-09T09:05:06.5435559Z Using cache (Azure) from origin: (some leanprover-community/mathlib4)
tradeoff-c	Install official verification toolchain	2026-10-09T09:05:06.5436123Z Attempting to download 8542 file(s) from leanprover-community/mathlib4 cache
tradeoff-c	Install official verification toolchain	2026-10-09T09:05:07.5519965Z 
tradeoff-c	Install official verification toolchain	2026-10-09T09:05:07.6523126Z Downloaded: 1 file(s) [attempted 1/8542 = 0%, 18 KB/s], Decompressed: 0
tradeoff-c	Install official verification toolchain	2026-10-09T09:05:07.7538012Z Downloaded: 59 file(s) [attempted 59/8542 = 0%, 99 KB/s], Decompressed: 14
tradeoff-c	Install official verification toolchain	2026-10-09T09:05:07.8535379Z Downloaded: 132 file(s) [attempted 132/8542 = 1%, 1475 KB/s], Decompressed: 38
tradeoff-c	Install official verification toolchain	2026-10-09T09:05:07.9539023Z Downloaded: 217 file(s) [attempted 217/8542 = 2%, 291 KB/s], Decompressed: 85
tradeoff-c	Install official verification toolchain	2026-10-09T09:05:08.0550110Z Downloaded: 310 file(s) [attempted 310/8542 = 3%, 1969 KB/s], Decompressed: 85
tradeoff-c	Install official verification toolchain	2026-10-09T09:05:08.1536626Z Downloaded: 409 file(s) [attempted 409/8542 = 4%, 232 KB/s], Decompressed: 85
tradeoff-c	Install official verification toolchain	2026-10-09T09:05:08.2565000Z Downloaded: 502 file(s) [attempted 502/8542 = 5%, 504 KB/s], Decompressed: 85
tradeoff-c	Install official verification toolchain	2026-10-09T09:05:08.3605393Z Downloaded: 592 file(s) [attempted 592/8542 = 6%, 1322 KB/s], Decompressed: 207
tradeoff-c	Install official verification toolchain	2026-10-09T09:05:08.4728465Z Downloaded: 697 file(s) [attempted 697/8542 = 8%, 1968 KB/s], Decompressed: 207
tradeoff-c	Install official verification toolchain	2026-10-09T09:05:08.5759088Z Downloaded: 798 file(s) [attempted 798/8542 = 9%, 880 KB/s], Decompressed: 207
tradeoff-c	Install official verification toolchain	2026-10-09T09:05:08.6750479Z Downloaded: 911 file(s) [attempted 911/8542 = 10%, 328 KB/s], Decompressed: 207
tradeoff-c	Install official verification toolchain	2026-10-09T09:05:08.7751701Z Downloaded: 997 file(s) [attempted 997/8542 = 11%, 302 KB/s], Decompressed: 207
tradeoff-c	Install official verification toolchain	2026-10-09T09:05:08.8775743Z Downloaded: 1098 file(s) [attempted 1098/8542 = 12%, 1326 KB/s], Decompressed: 207
tradeoff-c	Install official verification toolchain	2026-10-09T09:05:08.9829545Z Downloaded: 1201 file(s) [attempted 1201/8542 = 14%, 2802 KB/s], Decompressed: 207
tradeoff-c	Install official verification toolchain	2026-10-09T09:05:09.0879785Z Downloaded: 1302 file(s) [attempted 1302/8542 = 15%, 649 KB/s], Decompressed: 207
tradeoff-c	Install official verification toolchain	2026-10-09T09:05:09.1896859Z Downloaded: 1405 file(s) [attempted 1405/8542 = 16%, 358 KB/s], Decompressed: 207
tradeoff-c	Install official verification toolchain	2026-10-09T09:05:09.2944695Z Downloaded: 1501 file(s) [attempted 1501/8542 = 17%, 699 KB/s], Decompressed: 207
tradeoff-c	Install official verification toolchain	2026-10-09T09:05:09.3917314Z Downloaded: 1576 file(s) [attempted 1576/8542 = 18%, 1475 KB/s], Decompressed: 207
tradeoff-c	Install official verification toolchain	2026-10-09T09:05:09.4967251Z Downloaded: 1677 file(s) [attempted 1677/8542 = 19%, 1323 KB/s], Decompressed: 207
tradeoff-c	Install official verification toolchain	2026-10-09T09:05:09.5967327Z Downloaded: 1784 file(s) [attempted 1784/8542 = 20%, 397 KB/s], Decompressed: 575
tradeoff-c	Install official verification toolchain	2026-10-09T09:05:09.6982343Z Downloaded: 1892 file(s) [attempted 1892/8542 = 22%, 2357 KB/s], Decompressed: 575
tradeoff-c	Install official verification toolchain	2026-10-09T09:05:09.8015445Z Downloaded: 1997 file(s) [attempted 1997/8542 = 23%, 3604 KB/s], Decompressed: 575
tradeoff-c	Install official verification toolchain	2026-10-09T09:05:09.9035330Z Downloaded: 2079 file(s) [attempted 2079/8542 = 24%, 294 KB/s], Decompressed: 575
tradeoff-c	Install official verification toolchain	2026-10-09T09:05:10.0028293Z Downloaded: 2182 file(s) [attempted 2182/8542 = 25%, 1642 KB/s], Decompressed: 575
tradeoff-c	Install official verification toolchain	2026-10-09T09:05:10.1156470Z Downloaded: 2285 file(s) [attempted 2285/8542 = 26%, 937 KB/s], Decompressed: 575
tradeoff-c	Install official verification toolchain	2026-10-09T09:05:10.2170181Z Downloaded: 2311 file(s) [attempted 2311/8542 = 27%, 57 KB/s], Decompressed: 575
tradeoff-c	Install official verification toolchain	2026-10-09T09:05:10.3195368Z Downloaded: 2407 file(s) [attempted 2407/8542 = 28%, 1266 KB/s], Decompressed: 575
tradeoff-c	Install official verification toolchain	2026-10-09T09:05:10.4238697Z Downloaded: 2508 file(s) [attempted 2508/8542 = 29%, 146 KB/s], Decompressed: 575
tradeoff-c	Install official verification toolchain	2026-10-09T09:05:10.5225811Z Downloaded: 2613 file(s) [attempted 2613/8542 = 30%, 1021 KB/s], Decompressed: 575
tradeoff-c	Install official verification toolchain	2026-10-09T09:05:10.6230955Z Downloaded: 2719 file(s) [attempted 2719/8542 = 31%, 98 KB/s], Decompressed: 575
tradeoff-c	Install official verification toolchain	2026-10-09T09:05:10.7305585Z Downloaded: 2819 file(s) [attempted 2819/8542 = 33%, 230 KB/s], Decompressed: 575
tradeoff-c	Install official verification toolchain	2026-10-09T09:05:10.8357355Z Downloaded: 2922 file(s) [attempted 2922/8542 = 34%, 1619 KB/s], Decompressed: 575
tradeoff-c	Install official verification toolchain	2026-10-09T09:05:10.9350064Z Downloaded: 3035 file(s) [attempted 3035/8542 = 35%, 2314 KB/s], Decompressed: 575
tradeoff-c	Install official verification toolchain	2026-10-09T09:05:11.0353622Z Downloaded: 3140 file(s) [attempted 3140/8542 = 36%, 566 KB/s], Decompressed: 575
tradeoff-c	Install official verification toolchain	2026-10-09T09:05:11.1355975Z Downloaded: 3243 file(s) [attempted 3243/8542 = 37%, 150 KB/s], Decompressed: 575
tradeoff-c	Install official verification toolchain	2026-10-09T09:05:11.2365331Z Downloaded: 3340 file(s) [attempted 3340/8542 = 39%, 608 KB/s], Decompressed: 575
tradeoff-c	Install official verification toolchain	2026-10-09T09:05:11.3385928Z Downloaded: 3426 file(s) [attempted 3426/8542 = 40%, 318 KB/s], Decompressed: 575
tradeoff-c	Install official verification toolchain	2026-10-09T09:05:11.4385463Z Downloaded: 3534 file(s) [attempted 3534/8542 = 41%, 1535 KB/s], Decompressed: 575
tradeoff-c	Install official verification toolchain	2026-10-09T09:05:11.5405320Z Downloaded: 3637 file(s) [attempted 3637/8542 = 42%, 1774 KB/s], Decompressed: 575
tradeoff-c	Install official verification toolchain	2026-10-09T09:05:11.6467070Z Downloaded: 3737 file(s) [attempted 3737/8542 = 43%, 726 KB/s], Decompressed: 575
tradeoff-c	Install official verification toolchain	2026-10-09T09:05:11.7442376Z Downloaded: 3815 file(s) [attempted 3815/8542 = 44%, 253 KB/s], Decompressed: 575
tradeoff-c	Install official verification toolchain	2026-10-09T09:05:11.8638699Z Downloaded: 3918 file(s) [attempted 3918/8542 = 45%, 673 KB/s], Decompressed: 575
tradeoff-c	Install official verification toolchain	2026-10-09T09:05:11.9678289Z Downloaded: 4000 file(s) [attempted 4000/8542 = 46%, 300 KB/s], Decompressed: 575
tradeoff-c	Install official verification toolchain	2026-10-09T09:05:12.0692416Z Downloaded: 4100 file(s) [attempted 4100/8542 = 47%, 1772 KB/s], Decompressed: 575
tradeoff-c	Install official verification toolchain	2026-10-09T09:05:12.1793346Z Downloaded: 4177 file(s) [attempted 4177/8542 = 48%, 1614 KB/s], Decompressed: 575
tradeoff-c	Install official verification toolchain	2026-10-09T09:05:12.2869092Z Downloaded: 4250 file(s) [attempted 4250/8542 = 49%, 1169 KB/s], Decompressed: 575
tradeoff-c	Install official verification toolchain	2026-10-09T09:05:12.4008906Z Downloaded: 4353 file(s) [attempted 4353/8542 = 50%, 601 KB/s], Decompressed: 575
tradeoff-c	Install official verification toolchain	2026-10-09T09:05:12.5205836Z Downloaded: 4456 file(s) [attempted 4456/8542 = 52%, 204 KB/s], Decompressed: 575
tradeoff-c	Install official verification toolchain	2026-10-09T09:05:12.6303161Z Downloaded: 4562 file(s) [attempted 4562/8542 = 53%, 500 KB/s], Decompressed: 575
tradeoff-c	Install official verification toolchain	2026-10-09T09:05:12.7825478Z Downloaded: 4672 file(s) [attempted 4672/8542 = 54%, 228 KB/s], Decompressed: 575
tradeoff-c	Install official verification toolchain	2026-10-09T09:05:12.8786683Z Downloaded: 4772 file(s) [attempted 4772/8542 = 55%, 3368 KB/s], Decompressed: 575
tradeoff-c	Install official verification toolchain	2026-10-09T09:05:12.9833568Z Downloaded: 4884 file(s) [attempted 4884/8542 = 57%, 5194 KB/s], Decompressed: 575
tradeoff-c	Install official verification toolchain	2026-10-09T09:05:13.0930851Z Downloaded: 4969 file(s) [attempted 4969/8542 = 58%, 621 KB/s], Decompressed: 1712
tradeoff-c	Install official verification toolchain	2026-10-09T09:05:13.2004443Z Downloaded: 5032 file(s) [attempted 5032/8542 = 58%, 433 KB/s], Decompressed: 1712
tradeoff-c	Install official verification toolchain	2026-10-09T09:05:13.3125521Z Downloaded: 5084 file(s) [attempted 5084/8542 = 59%, 1098 KB/s], Decompressed: 1712
tradeoff-c	Install official verification toolchain	2026-10-09T09:05:13.4165644Z Downloaded: 5117 file(s) [attempted 5117/8542 = 59%, 2352 KB/s], Decompressed: 1712
tradeoff-c	Install official verification toolchain	2026-10-09T09:05:13.5527451Z Downloaded: 5145 file(s) [attempted 5145/8542 = 60%, 188 KB/s], Decompressed: 1712
tradeoff-c	Install official verification toolchain	2026-10-09T09:05:13.6895138Z Downloaded: 5156 file(s) [attempted 5156/8542 = 60%, 2509 KB/s], Decompressed: 1712
tradeoff-c	Install official verification toolchain	2026-10-09T09:05:13.8286301Z Downloaded: 5175 file(s) [attempted 5175/8542 = 60%, 4081 KB/s], Decompressed: 1712
tradeoff-c	Install official verification toolchain	2026-10-09T09:05:13.9731356Z Downloaded: 5192 file(s) [attempted 5192/8542 = 60%, 187 KB/s], Decompressed: 1712
tradeoff-c	Install official verification toolchain	2026-10-09T09:05:14.1412454Z Downloaded: 5203 file(s) [attempted 5203/8542 = 60%, 101 KB/s], Decompressed: 1712
tradeoff-c	Install official verification toolchain	2026-10-09T09:05:14.3833617Z Downloaded: 5210 file(s) [attempted 5210/8542 = 60%, 252 KB/s], Decompressed: 1712
tradeoff-c	Install official verification toolchain	2026-10-09T09:05:14.5225362Z Downloaded: 5217 file(s) [attempted 5217/8542 = 61%, 802 KB/s], Decompressed: 1712
tradeoff-c	Install official verification toolchain	2026-10-09T09:05:14.6573519Z Downloaded: 5224 file(s) [attempted 5224/8542 = 61%, 172 KB/s], Decompressed: 1712
tradeoff-c	Install official verification toolchain	2026-10-09T09:05:14.7894390Z Downloaded: 5229 file(s) [attempted 5229/8542 = 61%, 160 KB/s], Decompressed: 1712
tradeoff-c	Install official verification toolchain	2026-10-09T09:05:15.1485032Z Downloaded: 5231 file(s) [attempted 5231/8542 = 61%, 336 KB/s], Decompressed: 1712
tradeoff-c	Install official verification toolchain	2026-10-09T09:05:15.2595806Z Downloaded: 5234 file(s) [attempted 5234/8542 = 61%, 141 KB/s], Decompressed: 1712
tradeoff-c	Install official verification toolchain	2026-10-09T09:05:15.3815256Z Downloaded: 5269 file(s) [attempted 5269/8542 = 61%, 1 KB/s], Decompressed: 1712
tradeoff-c	Install official verification toolchain	2026-10-09T09:05:15.4870131Z Downloaded: 5327 file(s) [attempted 5327/8542 = 62%, 6 KB/s], Decompressed: 1712
tradeoff-c	Install official verification toolchain	2026-10-09T09:05:15.5899963Z Downloaded: 5363 file(s) [attempted 5363/8542 = 62%, 5 KB/s], Decompressed: 1712
tradeoff-c	Install official verification toolchain	2026-10-09T09:05:15.6919944Z Downloaded: 5459 file(s) [attempted 5459/8542 = 63%, 168 KB/s], Decompressed: 1712
tradeoff-c	Install official verification toolchain	2026-10-09T09:05:15.7945278Z Downloaded: 5564 file(s) [attempted 5564/8542 = 65%, 690 KB/s], Decompressed: 1712
tradeoff-c	Install official verification toolchain	2026-10-09T09:05:15.9105330Z Downloaded: 5665 file(s) [attempted 5665/8542 = 66%, 713 KB/s], Decompressed: 1712
tradeoff-c	Install official verification toolchain	2026-10-09T09:05:16.0296518Z Downloaded: 5744 file(s) [attempted 5744/8542 = 67%, 548 KB/s], Decompressed: 1712
tradeoff-c	Install official verification toolchain	2026-10-09T09:05:16.1476043Z Downloaded: 5793 file(s) [attempted 5793/8542 = 67%, 418 KB/s], Decompressed: 1712
tradeoff-c	Install official verification toolchain	2026-10-09T09:05:16.2495218Z Downloaded: 5901 file(s) [attempted 5901/8542 = 69%, 1105 KB/s], Decompressed: 1712
tradeoff-c	Install official verification toolchain	2026-10-09T09:05:16.3482504Z Downloaded: 6002 file(s) [attempted 6002/8542 = 70%, 258 KB/s], Decompressed: 1712
tradeoff-c	Install official verification toolchain	2026-10-09T09:05:16.4501540Z Downloaded: 6107 file(s) [attempted 6107/8542 = 71%, 1245 KB/s], Decompressed: 1712
tradeoff-c	Install official verification toolchain	2026-10-09T09:05:16.5512416Z Downloaded: 6210 file(s) [attempted 6210/8542 = 72%, 3788 KB/s], Decompressed: 1712
tradeoff-c	Install official verification toolchain	2026-10-09T09:05:16.6706078Z Downloaded: 6313 file(s) [attempted 6313/8542 = 73%, 628 KB/s], Decompressed: 1712
tradeoff-c	Install official verification toolchain	2026-10-09T09:05:16.8395282Z Downloaded: 6412 file(s) [attempted 6412/8542 = 75%, 309 KB/s], Decompressed: 1712
tradeoff-c	Install official verification toolchain	2026-10-09T09:05:16.9455198Z Downloaded: 6512 file(s) [attempted 6512/8542 = 76%, 917 KB/s], Decompressed: 1712
tradeoff-c	Install official verification toolchain	2026-10-09T09:05:17.0446059Z Downloaded: 6618 file(s) [attempted 6618/8542 = 77%, 2489 KB/s], Decompressed: 1712
tradeoff-c	Install official verification toolchain	2026-10-09T09:05:17.1499080Z Downloaded: 6719 file(s) [attempted 6719/8542 = 78%, 688 KB/s], Decompressed: 1712
tradeoff-c	Install official verification toolchain	2026-10-09T09:05:17.2760972Z Downloaded: 6822 file(s) [attempted 6822/8542 = 79%, 244 KB/s], Decompressed: 1712
tradeoff-c	Install official verification toolchain	2026-10-09T09:05:17.3811738Z Downloaded: 6885 file(s) [attempted 6885/8542 = 80%, 126 KB/s], Decompressed: 1712
tradeoff-c	Install official verification toolchain	2026-10-09T09:05:17.4812088Z Downloaded: 6983 file(s) [attempted 6983/8542 = 81%, 344 KB/s], Decompressed: 1712
tradeoff-c	Install official verification toolchain	2026-10-09T09:05:17.5822605Z Downloaded: 7093 file(s) [attempted 7093/8542 = 83%, 740 KB/s], Decompressed: 1712
tradeoff-c	Install official verification toolchain	2026-10-09T09:05:17.6845453Z Downloaded: 7149 file(s) [attempted 7149/8542 = 83%, 573 KB/s], Decompressed: 1712
tradeoff-c	Install official verification toolchain	2026-10-09T09:05:17.7849120Z Downloaded: 7250 file(s) [attempted 7250/8542 = 84%, 4365 KB/s], Decompressed: 1712
tradeoff-c	Install official verification toolchain	2026-10-09T09:05:18.0031909Z Downloaded: 7323 file(s) [attempted 7323/8542 = 85%, 371 KB/s], Decompressed: 1712
tradeoff-c	Install official verification toolchain	2026-10-09T09:05:18.1023656Z Downloaded: 7370 file(s) [attempted 7370/8542 = 86%, 89 KB/s], Decompressed: 1712
tradeoff-c	Install official verification toolchain	2026-10-09T09:05:18.2024293Z Downloaded: 7470 file(s) [attempted 7470/8542 = 87%, 2302 KB/s], Decompressed: 1712
tradeoff-c	Install official verification toolchain	2026-10-09T09:05:18.3046085Z Downloaded: 7583 file(s) [attempted 7583/8542 = 88%, 1278 KB/s], Decompressed: 1712
tradeoff-c	Install official verification toolchain	2026-10-09T09:05:18.4017980Z Downloaded: 7683 file(s) [attempted 7683/8542 = 89%, 934 KB/s], Decompressed: 1712
tradeoff-c	Install official verification toolchain	2026-10-09T09:05:18.5019876Z Downloaded: 7784 file(s) [attempted 7784/8542 = 91%, 401 KB/s], Decompressed: 1712
tradeoff-c	Install official verification toolchain	2026-10-09T09:05:18.6045403Z Downloaded: 7887 file(s) [attempted 7887/8542 = 92%, 778 KB/s], Decompressed: 1712
tradeoff-c	Install official verification toolchain	2026-10-09T09:05:18.7039250Z Downloaded: 7976 file(s) [attempted 7976/8542 = 93%, 1295 KB/s], Decompressed: 1712
tradeoff-c	Install official verification toolchain	2026-10-09T09:05:21.0436626Z Downloaded: 8070 file(s) [attempted 8070/8542 = 94%, 1689 KB/s], Decompressed: 1712
tradeoff-c	Install official verification toolchain	2026-10-09T09:05:21.1515326Z Downloaded: 8126 file(s) [attempted 8126/8542 = 95%, 502 KB/s], Decompressed: 1712
tradeoff-c	Install official verification toolchain	2026-10-09T09:05:21.2538864Z Downloaded: 8229 file(s) [attempted 8229/8542 = 96%, 187 KB/s], Decompressed: 1712
tradeoff-c	Install official verification toolchain	2026-10-09T09:05:21.3530581Z Downloaded: 8334 file(s) [attempted 8334/8542 = 97%, 143 KB/s], Decompressed: 1712
tradeoff-c	Install official verification toolchain	2026-10-09T09:05:21.5660349Z Downloaded: 8437 file(s) [attempted 8437/8542 = 98%, 3094 KB/s], Decompressed: 1712
tradeoff-c	Install official verification toolchain	2026-10-09T09:05:21.5733770Z Downloaded: 8540 file(s) [attempted 8540/8542 = 99%, 303 KB/s], Decompressed: 1712
tradeoff-c	Install official verification toolchain	2026-10-09T09:05:21.5738867Z Downloaded: 8542 file(s) [attempted 8542/8542 = 100%, 303 KB/s], Decompressed: 1712
tradeoff-c	Install official verification toolchain	2026-10-09T09:05:45.7253076Z Decompressed 8542 file(s)
tradeoff-c	Install official verification toolchain	2026-10-09T09:05:45.7253532Z Already decompressed 8542 file(s)
tradeoff-c	Install official verification toolchain	2026-10-09T09:05:46.6076624Z info: plausible: cloning https://github.com/leanprover-community/plausible
tradeoff-c	Install official verification toolchain	2026-10-09T09:05:47.7891419Z info: plausible: checking out revision '63045536fe95024e6c18fc7b48e03f506701c5bc'
tradeoff-c	Install official verification toolchain	2026-10-09T09:05:47.8382431Z info: LeanSearchClient: cloning https://github.com/leanprover-community/LeanSearchClient
tradeoff-c	Install official verification toolchain	2026-10-09T09:05:48.6800645Z info: LeanSearchClient: checking out revision 'c5d5b8fe6e5158def25cd28eb94e4141ad97c843'
tradeoff-c	Install official verification toolchain	2026-10-09T09:05:48.6919242Z info: importGraph: cloning https://github.com/leanprover-community/import-graph
tradeoff-c	Install official verification toolchain	2026-10-09T09:05:49.7843701Z info: importGraph: checking out revision '5c7542ed018c78194f1e2b903eaf6a792b74c03d'
tradeoff-c	Install official verification toolchain	2026-10-09T09:05:49.8000465Z info: proofwidgets: cloning https://github.com/leanprover-community/ProofWidgets4
tradeoff-c	Install official verification toolchain	2026-10-09T09:05:51.3094668Z info: proofwidgets: checking out revision '24b0d9dc081c5423f8eec7e866c441e5184f29d9'
tradeoff-c	Install official verification toolchain	2026-10-09T09:05:51.9286148Z info: aesop: cloning https://github.com/leanprover-community/aesop
tradeoff-c	Install official verification toolchain	2026-10-09T09:05:53.4352239Z info: aesop: checking out revision 'e3cb2f741431ce31bf73549fb52316a57368b06f'
tradeoff-c	Install official verification toolchain	2026-10-09T09:05:53.4865261Z info: Qq: cloning https://github.com/leanprover-community/quote4
tradeoff-c	Install official verification toolchain	2026-10-09T09:05:54.2247013Z info: Qq: checking out revision 'f46324995fca5f0483b742e4eb4daec7f4ee50d2'
tradeoff-c	Install official verification toolchain	2026-10-09T09:05:54.2356664Z info: batteries: cloning https://github.com/leanprover-community/batteries
tradeoff-c	Install official verification toolchain	2026-10-09T09:05:57.2428075Z info: batteries: checking out revision 'fa08db58b30eb033edcdab331bba000827f9f785'
tradeoff-c	Install official verification toolchain	2026-10-09T09:05:57.2747530Z info: Cli: cloning https://github.com/leanprover/lean4-cli
tradeoff-c	Install official verification toolchain	2026-10-09T09:05:57.8122496Z info: Cli: checking out revision '92564e5770e4d09f2d86dfbf8ada1e9c715b384c'
tradeoff-c	Install official verification toolchain	2026-10-09T09:05:58.4272073Z ✔ [8/24] Built Batteries.Data.String.Basic (361ms)
tradeoff-c	Install official verification toolchain	2026-10-09T09:05:58.6272196Z ✔ [9/24] Built Batteries.Data.String.Basic:c.o (131ms)
tradeoff-c	Install official verification toolchain	2026-10-09T09:05:58.8276088Z ✔ [10/24] Built Batteries.Data.Array.Match (669ms)
tradeoff-c	Install official verification toolchain	2026-10-09T09:05:59.0279021Z ✔ [11/24] Built Batteries.Data.Array.Match:c.o (218ms)
tradeoff-c	Install official verification toolchain	2026-10-09T09:05:59.1282797Z ✔ [12/24] Built Batteries.Data.String.Matcher (356ms)
tradeoff-c	Install official verification toolchain	2026-10-09T09:05:59.1283745Z ✔ [13/24] Built Batteries.Tactic.OpenPrivate (1.0s)
tradeoff-c	Install official verification toolchain	2026-10-09T09:05:59.3286051Z ✔ [22/24] Built Batteries.Data.String.Matcher:c.o (144ms)
tradeoff-c	Install official verification toolchain	2026-10-09T09:06:00.0292513Z ✔ [23/24] Built Batteries.Tactic.OpenPrivate:c.o (885ms)
tradeoff-c	Install official verification toolchain	2026-10-09T09:06:04.3472385Z Decompressing 368 already-cached file(s) (8174 already decompressed)
tradeoff-c	Install official verification toolchain	2026-10-09T09:06:04.3472867Z Current branch: HEAD
tradeoff-c	Install official verification toolchain	2026-10-09T09:06:04.3475436Z Using cache (Azure) from origin: (some leanprover-community/mathlib4)
tradeoff-c	Install official verification toolchain	2026-10-09T09:06:04.3475801Z No files to download
tradeoff-c	Install official verification toolchain	2026-10-09T09:06:04.3476039Z Decompressed 368 already-cached file(s)
tradeoff-c	Install official verification toolchain	2026-10-09T09:06:04.4125403Z Completed successfully in 1788 ms!
tradeoff-c	Install official verification toolchain	2026-10-09T09:06:04.4129139Z   ^[[32m✓^[[0m fetched dependencies into lean/.lake/packages
tradeoff-c	Install official verification toolchain	2026-10-09T09:06:04.4129483Z 
tradeoff-c	Install official verification toolchain	2026-10-09T09:06:04.4129653Z ^[[1m5/6  Build^[[0m
tradeoff-c	Install official verification toolchain	2026-10-09T09:06:16.4428902Z   ^[[32m✓^[[0m contract (lean/Lz77)
tradeoff-c	Install official verification toolchain	2026-10-09T09:06:46.9813319Z   ^[[32m✓^[[0m slot and measure crates
tradeoff-c	Install official verification toolchain	2026-10-09T09:06:46.9813905Z   ^[[32m✓^[[0m C compiler for the engine (cc)
tradeoff-c	Install official verification toolchain	2026-10-09T09:06:48.5490967Z   ^[[32m✓^[[0m python deps in /home/runner/work/_temp/deflate-upstream/.venv/bin/python
tradeoff-c	Install official verification toolchain	2026-10-09T09:06:48.5491459Z   ^[[32m✓^[[0m bubblewrap for the proof sandbox
tradeoff-c	Install official verification toolchain	2026-10-09T09:06:48.5492105Z   ^[[32m✓^[[0m systemd-run for the memory cap
tradeoff-c	Install official verification toolchain	2026-10-09T09:06:48.5492279Z 
tradeoff-c	Install official verification toolchain	2026-10-09T09:06:48.5492378Z ^[[1m6/6  Self-test^[[0m
tradeoff-c	Install official verification toolchain	2026-10-09T09:06:49.7563787Z 2026-10-09 09:06:49.756 | DEBUG    | __main__:stage_intake:261 - [gate] parse.rs c756784f2c5bdaf7 -> slot/generated/parse.rs
tradeoff-c	Install official verification toolchain	2026-10-09T09:06:49.7567118Z 2026-10-09 09:06:49.756 | DEBUG    | __main__:stage_intake:261 - [gate] Parse.lean 1cbccb0f91b22437 -> lean/Proof/Parse.lean
tradeoff-c	Install official verification toolchain	2026-10-09T09:06:49.8086275Z 2026-10-09 09:06:49.808 | DEBUG    | sandbox.bwrap:run:110 - [bwrap] rustup exit=0 in 0.0s
tradeoff-c	Install official verification toolchain	2026-10-09T09:06:50.0364079Z 2026-10-09 09:06:50.036 | DEBUG    | sandbox.bwrap:run:110 - [bwrap] extract.sh exit=0 in 0.2s
tradeoff-c	Install official verification toolchain	2026-10-09T09:06:51.1269427Z 2026-10-09 09:06:51.126 | DEBUG    | sandbox.bwrap:run:110 - [bwrap] extract.sh exit=0 in 1.1s
tradeoff-c	Install official verification toolchain	2026-10-09T09:06:51.1275516Z 2026-10-09 09:06:51.127 | DEBUG    | __main__:stage_extract:356 - [gate] extracted Types.lean 276d4089d337e0d7, Funs.lean 648db87caf8c2127, Constants.lean 7f3588b4c89a448d
tradeoff-c	Install official verification toolchain	2026-10-09T09:06:52.9088885Z 2026-10-09 09:06:52.908 | DEBUG    | sandbox.bwrap:run:110 - [bwrap] lake exit=0 in 1.8s
tradeoff-c	Install official verification toolchain	2026-10-09T09:07:03.9640364Z 2026-10-09 09:07:03.963 | DEBUG    | sandbox.bwrap:run:110 - [bwrap] lake exit=0 in 11.0s
tradeoff-c	Install official verification toolchain	2026-10-09T09:07:20.8452973Z 2026-10-09 09:07:20.845 | DEBUG    | sandbox.bwrap:run:110 - [bwrap] lake exit=0 in 16.9s
tradeoff-c	Install official verification toolchain	2026-10-09T09:07:23.2265489Z 2026-10-09 09:07:23.226 | DEBUG    | sandbox.bwrap:run:110 - [bwrap] lake exit=0 in 2.4s
tradeoff-c	Install official verification toolchain	2026-10-09T09:07:25.4863972Z 2026-10-09 09:07:25.485 | DEBUG    | sandbox.bwrap:run:110 - [bwrap] lake exit=0 in 2.2s
tradeoff-c	Install official verification toolchain	2026-10-09T09:07:25.4867037Z 2026-10-09 09:07:25.486 | DEBUG    | __main__:stage_axioms:423 - [gate] axiom query stdout: "'accepted' depends on axioms: [propext, Classical.choice, Quot.sound]"
tradeoff-c	Install official verification toolchain	2026-10-09T09:07:25.4870048Z 2026-10-09 09:07:25.486 | INFO     | __main__:main:703 - [gate] verification accepted in 35.8s (bwrap, 900s, 16384 MB)
tradeoff-c	Install official verification toolchain	2026-10-09T09:07:25.4998877Z verifying /home/runner/work/_temp/deflate-upstream/miner/template
tradeoff-c	Install official verification toolchain	2026-10-09T09:07:25.4999565Z workspace: /home/runner/work/_temp/deflate-upstream/data/verification-workspace/verify-2bw2cp9a
tradeoff-c	Install official verification toolchain	2026-10-09T09:07:25.5000135Z 
tradeoff-c	Install official verification toolchain	2026-10-09T09:07:25.5000891Z 0 intake      ok — template: parse.rs, Parse.lean
tradeoff-c	Install official verification toolchain	2026-10-09T09:07:25.5001399Z 1 policy      ok — source prefilters passed
tradeoff-c	Install official verification toolchain	2026-10-09T09:07:25.5007816Z 2 static      ok — resolved operations: core::num::{impl}::wrapping_add, core::num::{impl}::wrapping_mul, core::slice::{impl}::len
tradeoff-c	Install official verification toolchain	2026-10-09T09:07:25.5008414Z 3 extract     ok — charon+aeneas re-run by the verifier, no new axioms
tradeoff-c	Install official verification toolchain	2026-10-09T09:07:25.5008872Z 4 statement   ok — `LZ77.Obligation slot.parse` typechecks (bwrap, 900s, 16384 MB)
tradeoff-c	Install official verification toolchain	2026-10-09T09:07:25.5009600Z 5 axioms      ok — ['Classical.choice', 'Quot.sound', 'propext']; extraction intact
tradeoff-c	Install official verification toolchain	2026-10-09T09:07:25.5009839Z 
tradeoff-c	Install official verification toolchain	2026-10-09T09:07:25.5009933Z proof accepted (scoring skipped)
tradeoff-c	Install official verification toolchain	2026-10-09T09:07:25.5452943Z 
tradeoff-c	Install official verification toolchain	2026-10-09T09:07:25.5453637Z ^[[1minit ok.^[[0m Toolchain in use:
tradeoff-c	Install official verification toolchain	2026-10-09T09:07:25.5454323Z   AENEAS_WORK    /home/runner/work/_temp/deflate-upstream/validator/.work/aeneas
tradeoff-c	Install official verification toolchain	2026-10-09T09:07:25.5454837Z   CHARON_DIR     /home/runner/work/_temp/deflate-upstream/validator/.work/aeneas
tradeoff-c	Install official verification toolchain	2026-10-09T09:07:25.5455245Z   ELAN_HOME      /home/runner/work/_temp/deflate-upstream/validator/.work/elan
tradeoff-c	Install official verification toolchain	2026-10-09T09:07:25.5455570Z   LEAN_PACKAGES  (own checkout under lean/.lake)
tradeoff-c	Install official verification toolchain	2026-10-09T09:07:25.5455726Z 
tradeoff-c	Install official verification toolchain	2026-10-09T09:07:25.5455801Z Next:  just smoke
tradeoff-c	Install official verification toolchain	2026-10-09T09:07:25.5456491Z 
tradeoff-c	Install official verification toolchain	2026-10-09T09:07:25.5456818Z ^[[1msetup done.^[[0m  Next:  just check miner/template     just --list
tradeoff-c	Install official verification toolchain	2026-10-09T09:07:25.5982415Z /home/runner/work/_temp/deflate-upstream/setup.sh --check
tradeoff-c	Install official verification toolchain	2026-10-09T09:07:25.6029256Z 
tradeoff-c	Install official verification toolchain	2026-10-09T09:07:25.6029721Z ^[[1m1/9  System packages^[[0m
tradeoff-c	Install official verification toolchain	2026-10-09T09:07:25.6032740Z   ^[[32m✓^[[0m cc, curl, python3, git, bubblewrap present
tradeoff-c	Install official verification toolchain	2026-10-09T09:07:25.6033031Z 
tradeoff-c	Install official verification toolchain	2026-10-09T09:07:25.6033142Z ^[[1m2/9  just (1.58.0)^[[0m
tradeoff-c	Install official verification toolchain	2026-10-09T09:07:25.7219056Z   ^[[32m✓^[[0m just 1.58.0 at /home/runner/.local/bin/just
tradeoff-c	Install official verification toolchain	2026-10-09T09:07:25.7219331Z 
tradeoff-c	Install official verification toolchain	2026-10-09T09:07:25.7219445Z ^[[1m3/9  uv (0.12.15)^[[0m
tradeoff-c	Install official verification toolchain	2026-10-09T09:07:25.7591702Z   ^[[32m✓^[[0m uv 0.12.15 at /home/runner/.local/bin/uv
tradeoff-c	Install official verification toolchain	2026-10-09T09:07:25.7592011Z 
tradeoff-c	Install official verification toolchain	2026-10-09T09:07:25.7592245Z ^[[1m4/9  Python environment (.venv, from pyproject.toml)^[[0m
tradeoff-c	Install official verification toolchain	2026-10-09T09:07:26.8783807Z   ^[[32m✓^[[0m .venv complete
tradeoff-c	Install official verification toolchain	2026-10-09T09:07:26.8909535Z   ^[[33m·^[[0m bittensor SDK absent - miners do not need it; validators run ./setup.sh --chain
tradeoff-c	Install official verification toolchain	2026-10-09T09:07:26.8909989Z 
tradeoff-c	Install official verification toolchain	2026-10-09T09:07:26.8910120Z ^[[1m5/9  Trusted-input audit^[[0m
tradeoff-c	Install official verification toolchain	2026-10-09T09:07:26.8911984Z   ^[[32m✓^[[0m gate worker records observed code and benchmark identities
tradeoff-c	Install official verification toolchain	2026-10-09T09:07:26.8912371Z 
tradeoff-c	Install official verification toolchain	2026-10-09T09:07:26.8912534Z ^[[1m6/9  Configuration (.env)^[[0m
tradeoff-c	Install official verification toolchain	2026-10-09T09:07:26.8912820Z   ^[[32m✓^[[0m .env present
tradeoff-c	Install official verification toolchain	2026-10-09T09:07:26.8912944Z 
tradeoff-c	Install official verification toolchain	2026-10-09T09:07:26.8913131Z ^[[1m7/9  Scoring corpus (corpus-stage1, the benchmark default)^[[0m
tradeoff-c	Install official verification toolchain	2026-10-09T09:07:26.8927895Z   ^[[32m✓^[[0m data/benchmark/corpus-stage1 present
tradeoff-c	Install official verification toolchain	2026-10-09T09:07:26.8928638Z 
tradeoff-c	Install official verification toolchain	2026-10-09T09:07:26.8929114Z ^[[1m8/9  Slot (validator/slot/src/parse.rs is a symlink to generated/, gitignored)^[[0m
tradeoff-c	Install official verification toolchain	2026-10-09T09:07:26.8929767Z   ^[[32m✓^[[0m validator/slot/generated/parse.rs present
tradeoff-c	Install official verification toolchain	2026-10-09T09:07:26.8930017Z 
tradeoff-c	Install official verification toolchain	2026-10-09T09:07:26.8930220Z ^[[1m9/9  Toolchain: Lean, Aeneas, Charon, Mathlib^[[0m
tradeoff-c	Install official verification toolchain	2026-10-09T09:07:26.8984350Z 
tradeoff-c	Install official verification toolchain	2026-10-09T09:07:26.8984715Z ^[[1m1/6  Lean toolchain (leanprover/lean4:v4.31.0)^[[0m
tradeoff-c	Install official verification toolchain	2026-10-09T09:07:26.8985360Z   ^[[32m✓^[[0m elan at /home/runner/work/_temp/deflate-upstream/validator/.work/elan
tradeoff-c	Install official verification toolchain	2026-10-09T09:07:26.9393171Z   ^[[32m✓^[[0m Lean (version 4.31.0, x86_64-unknown-linux-gnu, commit 68218e876d2a38b1985b8590fff244a83c321783, Release)
tradeoff-c	Install official verification toolchain	2026-10-09T09:07:26.9393871Z 
tradeoff-c	Install official verification toolchain	2026-10-09T09:07:26.9394279Z ^[[1m2/6  Aeneas + Charon (nightly-2026.08.27-5b9dcf3 release)^[[0m
tradeoff-c	Install official verification toolchain	2026-10-09T09:07:26.9394953Z   ^[[32m✓^[[0m aeneas at /home/runner/work/_temp/deflate-upstream/validator/.work/aeneas/aeneas
tradeoff-c	Install official verification toolchain	2026-10-09T09:07:26.9395744Z   ^[[32m✓^[[0m charon at /home/runner/work/_temp/deflate-upstream/validator/.work/aeneas/charon
tradeoff-c	Install official verification toolchain	2026-10-09T09:07:26.9396126Z 
tradeoff-c	Install official verification toolchain	2026-10-09T09:07:26.9396361Z ^[[1m3/6  Rust nightly for charon-driver (nightly-2026-08-18 + rustc-dev)^[[0m
tradeoff-c	Install official verification toolchain	2026-10-09T09:07:26.9467988Z   ^[[32m✓^[[0m nightly-2026-08-18 installed
tradeoff-c	Install official verification toolchain	2026-10-09T09:07:26.9468230Z 
tradeoff-c	Install official verification toolchain	2026-10-09T09:07:26.9468460Z ^[[1m4/6  Lean dependencies (Aeneas backend + Mathlib)^[[0m
tradeoff-c	Install official verification toolchain	2026-10-09T09:07:26.9468857Z   ^[[32m✓^[[0m lean/.lake/packages present
tradeoff-c	Install official verification toolchain	2026-10-09T09:07:26.9469012Z 
tradeoff-c	Install official verification toolchain	2026-10-09T09:07:26.9469104Z ^[[1m5/6  Build^[[0m
tradeoff-c	Install official verification toolchain	2026-10-09T09:07:26.9469496Z   ^[[32m✓^[[0m contract built
tradeoff-c	Install official verification toolchain	2026-10-09T09:07:26.9469829Z   ^[[32m✓^[[0m syntax checker built
tradeoff-c	Install official verification toolchain	2026-10-09T09:07:26.9470614Z   ^[[32m✓^[[0m engine built
tradeoff-c	Install official verification toolchain	2026-10-09T09:07:26.9473288Z   ^[[32m✓^[[0m C compiler for the engine (cc)
tradeoff-c	Install official verification toolchain	2026-10-09T09:07:27.2410595Z   ^[[32m✓^[[0m python deps in /home/runner/work/_temp/deflate-upstream/.venv/bin/python
tradeoff-c	Install official verification toolchain	2026-10-09T09:07:27.2411296Z   ^[[32m✓^[[0m bubblewrap for the proof sandbox
tradeoff-c	Install official verification toolchain	2026-10-09T09:07:27.2411699Z   ^[[32m✓^[[0m systemd-run for the memory cap
tradeoff-c	Install official verification toolchain	2026-10-09T09:07:27.2411916Z 
tradeoff-c	Install official verification toolchain	2026-10-09T09:07:27.2412058Z ^[[1m6/6  Self-test^[[0m
tradeoff-c	Install official verification toolchain	2026-10-09T09:07:27.2412489Z   ^[[32m✓^[[0m everything present — run without --check to self-test
tradeoff-c	Install official verification toolchain	2026-10-09T09:07:27.2415216Z 
tradeoff-c	Install official verification toolchain	2026-10-09T09:07:27.2415465Z ^[[1mready.^[[0m
tradeoff-c	Install official verification toolchain	2026-10-09T09:07:27.2463494Z /home/runner/work/_temp/deflate-upstream/.venv/bin/python /home/runner/work/_temp/deflate-upstream/validator/verifier/pins.py --check
tradeoff-c	Install official verification toolchain	2026-10-09T09:07:27.2783602Z pins ok — 70 contract, engine and gate files unchanged
tradeoff-c	Install official verification toolchain	2026-10-09T09:07:27.2853407Z a356bbff18b60c4527fbcc85d5a28ef9c20214e0
tradeoff-c	Install official verification toolchain	2026-10-09T09:07:27.3156986Z Lean (version 4.31.0, x86_64-unknown-linux-gnu, commit 68218e876d2a38b1985b8590fff244a83c321783, Release)
tradeoff-c	Install official verification toolchain	2026-10-09T09:07:27.3283274Z rustc 1.100.0-nightly (8fa1c96cf 2026-08-17)
tradeoff-c	Install official verification toolchain	2026-10-09T09:07:27.3302220Z just 1.58.0
tradeoff-c	Install official verification toolchain	2026-10-09T09:07:27.3338616Z uv 0.12.15 (x86_64-unknown-linux-gnu)
tradeoff-c	Install official verification toolchain	2026-10-09T09:07:27.3351296Z Linux runnervmmprz5 6.17.0-1022-azure #22-Ubuntu SMP Mon Jul 27 17:24:03 UTC 2026 x86_64 x86_64 x86_64 GNU/Linux
tradeoff-c	Install official verification toolchain	2026-10-09T09:07:27.3391021Z CPU(s):                                  4
tradeoff-c	Install official verification toolchain	2026-10-09T09:07:27.3391485Z Model name:                              AMD EPYC 9V74 80-Core Processor
tradeoff-c	Install official verification toolchain	2026-10-09T09:07:27.3408162Z c756784f2c5bdaf7b44ad8e0e646d9777557a09974afa1999f69a215fe2b7376  miner/template/parse.rs
tradeoff-c	Install official verification toolchain	2026-10-09T09:07:27.3409007Z 1cbccb0f91b22437209e785233c0a45d0a0713887c52fbfb8e5fec555c40b7a2  miner/template/Parse.lean
tradeoff-c	Install official verification toolchain	2026-10-09T09:07:27.3420398Z 37e7b307e925cc855ee2135385e81f9653301024cfdcb7364e48f271a5781fb6  validator/lean/lake-manifest.json
tradeoff-c	Install official verification toolchain	2026-10-09T09:07:27.3421299Z c6f818ab47f52b8d3161b0ee591e1ddb2ab8491a53d5609f9118730287b61f3b  validator/verifier/PINS.json
tradeoff-c	Install official verification toolchain	2026-10-09T09:07:27.3649638Z 6d48a129b156a4e032a6378b96d4258f89c9ccd759decdc66fdbf32c312277f4  data/benchmark/corpus-stage1/binary.db.bin
tradeoff-c	Install official verification toolchain	2026-10-09T09:07:27.3667407Z ada4433d366405395b1a415fbec247ce7e38525c05f4f09e40c111230394353c  data/benchmark/corpus-stage1/bundle.min.js.txt
tradeoff-c	Install official verification toolchain	2026-10-09T09:07:27.3677157Z 94a0152009cf44a20483a564f8b32d7ef32e4fbbea53843da9848e7b5f43743a  data/benchmark/corpus-stage1/catalog.xml.txt
tradeoff-c	Install official verification toolchain	2026-10-09T09:07:27.3684481Z dd2679f1b4553beb286ec43eda622e6c40e664b841de3af4887ee89faee223ec  data/benchmark/corpus-stage1/compressed.bin
tradeoff-c	Install official verification toolchain	2026-10-09T09:07:27.3692813Z 9353520d1b7b493a7f6f90d019e876c1580636732fc0d3197e51ed0766e2d4e2  data/benchmark/corpus-stage1/config.yaml.txt
tradeoff-c	Install official verification toolchain	2026-10-09T09:07:27.3706019Z 793cb2bc299557521c052defd985cddb934feac72d13b995cf475a0ff16347a5  data/benchmark/corpus-stage1/docs.md.txt
tradeoff-c	Install official verification toolchain	2026-10-09T09:07:27.3711945Z eb8d600ef976556175ab9410909871582d6845712bba0ad30607a0e79e9e60ba  data/benchmark/corpus-stage1/dump.sql.txt
tradeoff-c	Install official verification toolchain	2026-10-09T09:07:27.3728988Z 4b01b6b751d82ab6e1b5e5275c3308db25dd58e20afcd5c79b72caab7f8a2baf  data/benchmark/corpus-stage1/genome.fasta
tradeoff-c	Install official verification toolchain	2026-10-09T09:07:27.3751214Z 4cbc5cc76fe6bf05b5d2d49c5b7c7fe23780e0c8895a503d68f913479ba17254  data/benchmark/corpus-stage1/images.bin
tradeoff-c	Install official verification toolchain	2026-10-09T09:07:27.3768603Z 30ff2371b060320afcf60fa4e30c6a73855b5b704569e006bccc99262d37548e  data/benchmark/corpus-stage1/lean.txt
tradeoff-c	Install official verification toolchain	2026-10-09T09:07:27.3778494Z f58b5b1ba7cb2061f5a747ac87f84f2508b287219101f4a9d78c9513cb237204  data/benchmark/corpus-stage1/machine-code.bin
tradeoff-c	Install official verification toolchain	2026-10-09T09:07:27.3799680Z 4af8e993743404696f1a54e4d67e88f6a509414aed516b602c230b12e533e75c  data/benchmark/corpus-stage1/metrics.csv.txt
tradeoff-c	Install official verification toolchain	2026-10-09T09:07:27.3827615Z 174352fedf18646ab739edcb5ecea17832e4f8b700aa3f5d4f824e0c6221722e  data/benchmark/corpus-stage1/multibyte.txt
tradeoff-c	Install official verification toolchain	2026-10-09T09:07:27.3844605Z e2d69618c902e4c1847794b6f18ec67bb965da50ff68cda05305485b566e6ff2  data/benchmark/corpus-stage1/page.html.txt
tradeoff-c	Install official verification toolchain	2026-10-09T09:07:27.3864711Z 77bcc8ef22132bc4ef34324dc7897870e76e9b97452d1a3610e7f803a4486f17  data/benchmark/corpus-stage1/prose.txt
tradeoff-c	Install official verification toolchain	2026-10-09T09:07:27.3873125Z 63decf627edee015caecc4a8ab97c8a6d19606fcf115e2a98a9ac837c7ca1646  data/benchmark/corpus-stage1/records.json.txt
tradeoff-c	Install official verification toolchain	2026-10-09T09:07:27.3881578Z d7f2ee8a39592832c2c46089d07fc33c0bf1f985084577849a6db368d90cb700  data/benchmark/corpus-stage1/server.log
tradeoff-c	Install official verification toolchain	2026-10-09T09:07:27.3901843Z b04133d396ba4c81be9b5b9cf096402ed61526a85e2918c8553e3c9c15717cc3  data/benchmark/corpus-stage1/source.c.txt
tradeoff-c	Install official verification toolchain	2026-10-09T09:07:27.3914058Z dd4793f64b001c006b92f74e4488e91d4022893259bd88a2acbdf16cdad7a44b  data/benchmark/corpus-stage1/source.py.txt
tradeoff-c	Install official verification toolchain	2026-10-09T09:07:27.3926444Z 12edca346da882992b772a5686a191324858e46842626967cd89130d4c70bbd3  data/benchmark/corpus-stage1/source.rs.txt
tradeoff-c	Install official verification toolchain	2026-10-09T09:07:27.3934385Z 0f7395da91e686b53af9c818b6b96fa0a2eb7ac0b243a42247319341b8e7d522  data/benchmark/corpus-stage1/sourcemap.map.txt
tradeoff-c	Install official verification toolchain	2026-10-09T09:07:27.3937110Z e5d1db67caf732b985c2226791836f311774b6fe464a5d71e6f3fff3e6725f36  data/benchmark/corpus-stage1/sparse.bin
tradeoff-c	Install official verification toolchain	2026-10-09T09:07:27.3939168Z 0f806a930a41f56b5c9d85f91e81af6e90edf17ee6c66dabd88dcf63e18acf14  data/benchmark/corpus-stage1/tiny-app.log
tradeoff-c	Install official verification toolchain	2026-10-09T09:07:27.3940872Z 4ecee10b0b6b41ba5d1693b70ac95cb03de1a05712739e4bc6641b3af6cb0a73  data/benchmark/corpus-stage1/tiny-config.json.txt
tradeoff-c	Install official verification toolchain	2026-10-09T09:07:27.3950315Z e64e112bd3b2c63509c2dc3e687bb91e7e06dbc4bd13ecbdaac41241d0f03b1f  data/benchmark/corpus-stage1/weights-bf16.bin
tradeoff-c	Install official verification toolchain	2026-10-09T09:07:27.3957445Z 134a2ec77375f13fab74a200a80bc768dd6c3d4403bfccb473b38941fb2ff955  data/benchmark/corpus-stage1/weights-f16.bin
tradeoff-c	Install official verification toolchain	2026-10-09T09:07:27.3964764Z cbb1608ac057ef06f7dd2e6bb0ba32fa6a6ce6f91699c0e9c05f5644acc2c74d  data/benchmark/corpus-stage1/weights-f32.bin
tradeoff-c	Install official verification toolchain	2026-10-09T09:07:27.3971837Z c81adeb809c26ef1dd391c0a640c95b3ad76ebab127d690b5a7fdbe2e412779a  data/benchmark/corpus-stage1/weights-q8.bin
tradeoff-c	Install official verification toolchain	2026-10-09T09:07:27.5163822Z Filesystem      Size  Used Avail Use% Mounted on
tradeoff-c	Install official verification toolchain	2026-10-09T09:07:27.5164448Z /dev/root       145G   49G   97G  34% /
tradeoff-c	Check requested finite equivalence	﻿2026-10-09T09:07:27.5397217Z ##[group]Run export PATH="$HOME/.local/bin:$HOME/.cargo/bin:$ELAN_HOME/bin:$PATH"
tradeoff-c	Check requested finite equivalence	2026-10-09T09:07:27.5397699Z ^[[36;1mexport PATH="$HOME/.local/bin:$HOME/.cargo/bin:$ELAN_HOME/bin:$PATH"^[[0m
tradeoff-c	Check requested finite equivalence	2026-10-09T09:07:27.5398066Z ^[[36;1m"$DEFLATE_ROOT/.venv/bin/python" scripts/research-round4.py^[[0m
tradeoff-c	Check requested finite equivalence	2026-10-09T09:07:27.5651470Z shell: /usr/bin/bash -e {0}
tradeoff-c	Check requested finite equivalence	2026-10-09T09:07:27.5651721Z env:
tradeoff-c	Check requested finite equivalence	2026-10-09T09:07:27.5651902Z   ROUND4_SPEC: tradeoff-c
tradeoff-c	Check requested finite equivalence	2026-10-09T09:07:27.5652120Z   ROUND4_SPEC_DIR: evidence/round15
tradeoff-c	Check requested finite equivalence	2026-10-09T09:07:27.5652390Z   DEFLATE_ROOT: /home/runner/work/_temp/deflate-upstream
tradeoff-c	Check requested finite equivalence	2026-10-09T09:07:27.5652728Z   ELAN_HOME: /home/runner/work/_temp/deflate-upstream/validator/.work/elan
tradeoff-c	Check requested finite equivalence	2026-10-09T09:07:27.5653062Z   XDG_CACHE_HOME: /home/runner/work/_temp/deflate-cache
tradeoff-c	Check requested finite equivalence	2026-10-09T09:07:27.5653340Z   UV_CACHE_DIR: /home/runner/work/_temp/deflate-cache/uv
tradeoff-c	Check requested finite equivalence	2026-10-09T09:07:27.5653591Z   XDG_RUNTIME_DIR: /run/user/1001
tradeoff-c	Check requested finite equivalence	2026-10-09T09:07:27.5653838Z   DBUS_SESSION_BUS_ADDRESS: unix:path=/run/user/1001/bus
tradeoff-c	Check requested finite equivalence	2026-10-09T09:07:27.5654293Z   VERIFY_CORPUS: corpus-stage1
tradeoff-c	Check requested finite equivalence	2026-10-09T09:07:27.5654503Z   VERIFY_SANDBOX: bwrap
tradeoff-c	Check requested finite equivalence	2026-10-09T09:07:27.5654693Z   GIT_TERMINAL_PROMPT: 0
tradeoff-c	Check requested finite equivalence	2026-10-09T09:07:27.5654879Z ##[endgroup]
tradeoff-c	Extract requested research candidates	﻿2026-10-09T09:07:27.6380616Z ##[group]Run export PATH="$HOME/.local/bin:$HOME/.cargo/bin:$ELAN_HOME/bin:$PATH"
tradeoff-c	Extract requested research candidates	2026-10-09T09:07:27.6381078Z ^[[36;1mexport PATH="$HOME/.local/bin:$HOME/.cargo/bin:$ELAN_HOME/bin:$PATH"^[[0m
tradeoff-c	Extract requested research candidates	2026-10-09T09:07:27.6381451Z ^[[36;1m"$DEFLATE_ROOT/.venv/bin/python" scripts/research-round5.py^[[0m
tradeoff-c	Extract requested research candidates	2026-10-09T09:07:27.6436167Z shell: /usr/bin/bash -e {0}
tradeoff-c	Extract requested research candidates	2026-10-09T09:07:27.6436385Z env:
tradeoff-c	Extract requested research candidates	2026-10-09T09:07:27.6436559Z   ROUND4_SPEC: tradeoff-c
tradeoff-c	Extract requested research candidates	2026-10-09T09:07:27.6436775Z   ROUND4_SPEC_DIR: evidence/round15
tradeoff-c	Extract requested research candidates	2026-10-09T09:07:27.6437044Z   DEFLATE_ROOT: /home/runner/work/_temp/deflate-upstream
tradeoff-c	Extract requested research candidates	2026-10-09T09:07:27.6437379Z   ELAN_HOME: /home/runner/work/_temp/deflate-upstream/validator/.work/elan
tradeoff-c	Extract requested research candidates	2026-10-09T09:07:27.6437716Z   XDG_CACHE_HOME: /home/runner/work/_temp/deflate-cache
tradeoff-c	Extract requested research candidates	2026-10-09T09:07:27.6438000Z   UV_CACHE_DIR: /home/runner/work/_temp/deflate-cache/uv
tradeoff-c	Extract requested research candidates	2026-10-09T09:07:27.6438267Z   XDG_RUNTIME_DIR: /run/user/1001
tradeoff-c	Extract requested research candidates	2026-10-09T09:07:27.6438520Z   DBUS_SESSION_BUS_ADDRESS: unix:path=/run/user/1001/bus
tradeoff-c	Extract requested research candidates	2026-10-09T09:07:27.6438847Z   VERIFY_CORPUS: corpus-stage1
tradeoff-c	Extract requested research candidates	2026-10-09T09:07:27.6439055Z   VERIFY_SANDBOX: bwrap
tradeoff-c	Extract requested research candidates	2026-10-09T09:07:27.6439248Z   GIT_TERMINAL_PROMPT: 0
tradeoff-c	Extract requested research candidates	2026-10-09T09:07:27.6439439Z ##[endgroup]
tradeoff-c	Extract requested research candidates	2026-10-09T09:07:43.5084033Z RESEARCH_EXTRACTION r15-hash32-chain-gain 0 PROOF_NOT_RUN
tradeoff-c	Extract requested research candidates	2026-10-09T09:07:58.2288956Z RESEARCH_EXTRACTION r15-hash32-chain-depth2 0 PROOF_NOT_RUN
tradeoff-c	Check Round 14 whole-parser and direct changed-path inputs	﻿2026-10-09T09:07:58.2467060Z ##[group]Run export PATH="$HOME/.local/bin:$HOME/.cargo/bin:$ELAN_HOME/bin:$PATH"
tradeoff-c	Check Round 14 whole-parser and direct changed-path inputs	2026-10-09T09:07:58.2467509Z ^[[36;1mexport PATH="$HOME/.local/bin:$HOME/.cargo/bin:$ELAN_HOME/bin:$PATH"^[[0m
tradeoff-c	Check Round 14 whole-parser and direct changed-path inputs	2026-10-09T09:07:58.2467882Z ^[[36;1m"$DEFLATE_ROOT/.venv/bin/python" scripts/research-round14.py^[[0m
tradeoff-c	Check Round 14 whole-parser and direct changed-path inputs	2026-10-09T09:07:58.2520904Z shell: /usr/bin/bash -e {0}
tradeoff-c	Check Round 14 whole-parser and direct changed-path inputs	2026-10-09T09:07:58.2521132Z env:
tradeoff-c	Check Round 14 whole-parser and direct changed-path inputs	2026-10-09T09:07:58.2521492Z   ROUND4_SPEC: tradeoff-c
tradeoff-c	Check Round 14 whole-parser and direct changed-path inputs	2026-10-09T09:07:58.2521714Z   ROUND4_SPEC_DIR: evidence/round15
tradeoff-c	Check Round 14 whole-parser and direct changed-path inputs	2026-10-09T09:07:58.2521987Z   DEFLATE_ROOT: /home/runner/work/_temp/deflate-upstream
tradeoff-c	Check Round 14 whole-parser and direct changed-path inputs	2026-10-09T09:07:58.2522321Z   ELAN_HOME: /home/runner/work/_temp/deflate-upstream/validator/.work/elan
tradeoff-c	Check Round 14 whole-parser and direct changed-path inputs	2026-10-09T09:07:58.2522649Z   XDG_CACHE_HOME: /home/runner/work/_temp/deflate-cache
tradeoff-c	Check Round 14 whole-parser and direct changed-path inputs	2026-10-09T09:07:58.2522928Z   UV_CACHE_DIR: /home/runner/work/_temp/deflate-cache/uv
tradeoff-c	Check Round 14 whole-parser and direct changed-path inputs	2026-10-09T09:07:58.2523183Z   XDG_RUNTIME_DIR: /run/user/1001
tradeoff-c	Check Round 14 whole-parser and direct changed-path inputs	2026-10-09T09:07:58.2523426Z   DBUS_SESSION_BUS_ADDRESS: unix:path=/run/user/1001/bus
tradeoff-c	Check Round 14 whole-parser and direct changed-path inputs	2026-10-09T09:07:58.2523726Z   VERIFY_CORPUS: corpus-stage1
tradeoff-c	Check Round 14 whole-parser and direct changed-path inputs	2026-10-09T09:07:58.2523931Z   VERIFY_SANDBOX: bwrap
tradeoff-c	Check Round 14 whole-parser and direct changed-path inputs	2026-10-09T09:07:58.2524283Z   GIT_TERMINAL_PROMPT: 0
tradeoff-c	Check Round 14 whole-parser and direct changed-path inputs	2026-10-09T09:07:58.2524468Z ##[endgroup]
tradeoff-c	Check Round 14 whole-parser and direct changed-path inputs	2026-10-09T09:08:03.3059144Z {"status": "VERIFIED_FINITE_NATIVE_DECODE_ONLY", "cases": [{"candidate": "r15-hash32-chain-gain", "reference": "r14-514-hash32", "cases": 540, "decode_or_panic_failures": 0, "token_changes": 14}, {"candidate": "r15-hash32-chain-depth2", "reference": "r14-514-hash32", "cases": 540, "decode_or_panic_failures": 0, "token_changes": 11}]}
tradeoff-c	Check Round 14 whole-parser and direct changed-path inputs	2026-10-09T09:08:03.3060750Z R13_NATIVE_DECODE expected540 finite cases; not original gate
tradeoff-c	Diagnose block phases and candidate discovery	﻿2026-10-09T09:08:03.3298305Z ##[group]Run export PATH="$HOME/.local/bin:$HOME/.cargo/bin:$ELAN_HOME/bin:$PATH"
tradeoff-c	Diagnose block phases and candidate discovery	2026-10-09T09:08:03.3298782Z ^[[36;1mexport PATH="$HOME/.local/bin:$HOME/.cargo/bin:$ELAN_HOME/bin:$PATH"^[[0m
tradeoff-c	Diagnose block phases and candidate discovery	2026-10-09T09:08:03.3299293Z ^[[36;1mif [[ "$ROUND4_SPEC_DIR" == evidence/round9 ]]; then "$DEFLATE_ROOT/.venv/bin/python" scripts/research-round9-phases.py; fi^[[0m
tradeoff-c	Diagnose block phases and candidate discovery	2026-10-09T09:08:03.3299899Z ^[[36;1mif [[ "$ROUND4_SPEC_DIR" == evidence/round9 ]]; then "$DEFLATE_ROOT/.venv/bin/python" scripts/research-round9-finder.py; fi^[[0m
tradeoff-c	Diagnose block phases and candidate discovery	2026-10-09T09:08:03.3300612Z ^[[36;1mif [[ "$ROUND4_SPEC_DIR" == evidence/round10 && -f scripts/research-round10-forward.py ]]; then "$DEFLATE_ROOT/.venv/bin/python" scripts/research-round10-forward.py; fi^[[0m
tradeoff-c	Diagnose block phases and candidate discovery	2026-10-09T09:08:03.3301429Z ^[[36;1mif [[ "$ROUND4_SPEC_DIR" == evidence/round10 && -f scripts/research-round10-finder.py ]]; then "$DEFLATE_ROOT/.venv/bin/python" scripts/research-round10-finder.py; fi^[[0m
tradeoff-c	Diagnose block phases and candidate discovery	2026-10-09T09:08:03.3302226Z ^[[36;1mif [[ "$ROUND4_SPEC_DIR" == evidence/round10 && -f scripts/research-round10-endprobe.py ]]; then "$DEFLATE_ROOT/.venv/bin/python" scripts/research-round10-endprobe.py; fi^[[0m
tradeoff-c	Diagnose block phases and candidate discovery	2026-10-09T09:08:03.3303083Z ^[[36;1mif [[ "$ROUND4_SPEC_DIR" == evidence/round10 && -f scripts/research-round10-costcache.py ]]; then "$DEFLATE_ROOT/.venv/bin/python" scripts/research-round10-costcache.py; fi^[[0m
tradeoff-c	Diagnose block phases and candidate discovery	2026-10-09T09:08:03.3303880Z ^[[36;1mif [[ "$ROUND4_SPEC_DIR" == evidence/round10 && -f scripts/research-round10-packed.py ]]; then "$DEFLATE_ROOT/.venv/bin/python" scripts/research-round10-packed.py; fi^[[0m
tradeoff-c	Diagnose block phases and candidate discovery	2026-10-09T09:08:03.3304970Z ^[[36;1mif [[ "$ROUND4_SPEC_DIR" == evidence/round10 && -f scripts/research-round10-prefixmask.py ]]; then "$DEFLATE_ROOT/.venv/bin/python" scripts/research-round10-prefixmask.py; fi^[[0m
tradeoff-c	Diagnose block phases and candidate discovery	2026-10-09T09:08:03.3305785Z ^[[36;1mif [[ "$ROUND4_SPEC_DIR" == evidence/round11 && -f scripts/research-round11-gap.py ]]; then "$DEFLATE_ROOT/.venv/bin/python" scripts/research-round11-gap.py; fi^[[0m
tradeoff-c	Diagnose block phases and candidate discovery	2026-10-09T09:08:03.3306539Z ^[[36;1mif [[ "$ROUND4_SPEC_DIR" == evidence/round11 && -f scripts/research-round11-fast.py ]]; then "$DEFLATE_ROOT/.venv/bin/python" scripts/research-round11-fast.py; fi^[[0m
tradeoff-c	Diagnose block phases and candidate discovery	2026-10-09T09:08:03.3359959Z shell: /usr/bin/bash -e {0}
tradeoff-c	Diagnose block phases and candidate discovery	2026-10-09T09:08:03.3360175Z env:
tradeoff-c	Diagnose block phases and candidate discovery	2026-10-09T09:08:03.3360347Z   ROUND4_SPEC: tradeoff-c
tradeoff-c	Diagnose block phases and candidate discovery	2026-10-09T09:08:03.3360554Z   ROUND4_SPEC_DIR: evidence/round15
tradeoff-c	Diagnose block phases and candidate discovery	2026-10-09T09:08:03.3360812Z   DEFLATE_ROOT: /home/runner/work/_temp/deflate-upstream
tradeoff-c	Diagnose block phases and candidate discovery	2026-10-09T09:08:03.3361146Z   ELAN_HOME: /home/runner/work/_temp/deflate-upstream/validator/.work/elan
tradeoff-c	Diagnose block phases and candidate discovery	2026-10-09T09:08:03.3361479Z   XDG_CACHE_HOME: /home/runner/work/_temp/deflate-cache
tradeoff-c	Diagnose block phases and candidate discovery	2026-10-09T09:08:03.3361755Z   UV_CACHE_DIR: /home/runner/work/_temp/deflate-cache/uv
tradeoff-c	Diagnose block phases and candidate discovery	2026-10-09T09:08:03.3362003Z   XDG_RUNTIME_DIR: /run/user/1001
tradeoff-c	Diagnose block phases and candidate discovery	2026-10-09T09:08:03.3362438Z   DBUS_SESSION_BUS_ADDRESS: unix:path=/run/user/1001/bus
tradeoff-c	Diagnose block phases and candidate discovery	2026-10-09T09:08:03.3362687Z   VERIFY_CORPUS: corpus-stage1
tradeoff-c	Diagnose block phases and candidate discovery	2026-10-09T09:08:03.3362887Z   VERIFY_SANDBOX: bwrap
tradeoff-c	Diagnose block phases and candidate discovery	2026-10-09T09:08:03.3363071Z   GIT_TERMINAL_PROMPT: 0
tradeoff-c	Diagnose block phases and candidate discovery	2026-10-09T09:08:03.3363259Z ##[endgroup]
tradeoff-c	Publish early extraction diagnostics	﻿2026-10-09T09:08:03.3488558Z ##[group]Run actions/upload-artifact@ea165f8d65b6e75b540449e92b4886f43607fa02
tradeoff-c	Publish early extraction diagnostics	2026-10-09T09:08:03.3488891Z with:
tradeoff-c	Publish early extraction diagnostics	2026-10-09T09:08:03.3489095Z   name: r15-37908457858-tradeoff-c-extraction
tradeoff-c	Publish early extraction diagnostics	2026-10-09T09:08:03.3489380Z   path: /home/runner/work/_temp/round4-receipts/research5/
tradeoff-c	Publish early extraction diagnostics	2026-10-09T09:08:03.3489644Z   retention-days: 1
tradeoff-c	Publish early extraction diagnostics	2026-10-09T09:08:03.3489830Z   compression-level: 9
tradeoff-c	Publish early extraction diagnostics	2026-10-09T09:08:03.3490021Z   if-no-files-found: ignore
tradeoff-c	Publish early extraction diagnostics	2026-10-09T09:08:03.3490216Z   overwrite: false
tradeoff-c	Publish early extraction diagnostics	2026-10-09T09:08:03.3490397Z   include-hidden-files: false
tradeoff-c	Publish early extraction diagnostics	2026-10-09T09:08:03.3490594Z env:
tradeoff-c	Publish early extraction diagnostics	2026-10-09T09:08:03.3490760Z   ROUND4_SPEC: tradeoff-c
tradeoff-c	Publish early extraction diagnostics	2026-10-09T09:08:03.3490961Z   ROUND4_SPEC_DIR: evidence/round15
tradeoff-c	Publish early extraction diagnostics	2026-10-09T09:08:03.3491231Z   DEFLATE_ROOT: /home/runner/work/_temp/deflate-upstream
tradeoff-c	Publish early extraction diagnostics	2026-10-09T09:08:03.3491561Z   ELAN_HOME: /home/runner/work/_temp/deflate-upstream/validator/.work/elan
tradeoff-c	Publish early extraction diagnostics	2026-10-09T09:08:03.3491895Z   XDG_CACHE_HOME: /home/runner/work/_temp/deflate-cache
tradeoff-c	Publish early extraction diagnostics	2026-10-09T09:08:03.3492177Z   UV_CACHE_DIR: /home/runner/work/_temp/deflate-cache/uv
tradeoff-c	Publish early extraction diagnostics	2026-10-09T09:08:03.3492465Z   XDG_RUNTIME_DIR: /run/user/1001
tradeoff-c	Publish early extraction diagnostics	2026-10-09T09:08:03.3492714Z   DBUS_SESSION_BUS_ADDRESS: unix:path=/run/user/1001/bus
tradeoff-c	Publish early extraction diagnostics	2026-10-09T09:08:03.3492971Z   VERIFY_CORPUS: corpus-stage1
tradeoff-c	Publish early extraction diagnostics	2026-10-09T09:08:03.3493177Z   VERIFY_SANDBOX: bwrap
tradeoff-c	Publish early extraction diagnostics	2026-10-09T09:08:03.3493370Z   GIT_TERMINAL_PROMPT: 0
tradeoff-c	Publish early extraction diagnostics	2026-10-09T09:08:03.3493559Z ##[endgroup]
tradeoff-c	Publish early extraction diagnostics	2026-10-09T09:08:03.6158156Z (node:6510) [DEP0040] DeprecationWarning: The `punycode` module is deprecated. Please use a userland alternative instead.
tradeoff-c	Publish early extraction diagnostics	2026-10-09T09:08:03.6159014Z (Use `node --trace-deprecation ...` to show where the warning was created)
tradeoff-c	Publish early extraction diagnostics	2026-10-09T09:08:03.6232554Z With the provided path, there will be 15 files uploaded
tradeoff-c	Publish early extraction diagnostics	2026-10-09T09:08:03.6238014Z Artifact name is valid!
tradeoff-c	Publish early extraction diagnostics	2026-10-09T09:08:03.6238352Z Root directory input is valid!
tradeoff-c	Publish early extraction diagnostics	2026-10-09T09:08:04.0005623Z Beginning upload of artifact content to blob storage
tradeoff-c	Publish early extraction diagnostics	2026-10-09T09:08:04.0898299Z (node:6510) [DEP0169] DeprecationWarning: `url.parse()` behavior is not standardized and prone to errors that have security implications. Use the WHATWG URL API instead. CVEs are not issued for `url.parse()` vulnerabilities.
tradeoff-c	Publish early extraction diagnostics	2026-10-09T09:08:04.4597621Z Uploaded bytes 183660
tradeoff-c	Publish early extraction diagnostics	2026-10-09T09:08:04.5219407Z Finished uploading artifact content to blob storage!
tradeoff-c	Publish early extraction diagnostics	2026-10-09T09:08:04.5220470Z SHA256 digest of uploaded artifact zip is 8ef0151a0a73566e552cab9420d65b21afc44abe5f1b9370e8b5c5c17c07b577
tradeoff-c	Publish early extraction diagnostics	2026-10-09T09:08:04.5221532Z Finalizing artifact upload
tradeoff-c	Publish early extraction diagnostics	2026-10-09T09:08:04.7847288Z Artifact r15-37908457858-tradeoff-c-extraction.zip successfully finalized. Artifact ID 11605508280
tradeoff-c	Publish early extraction diagnostics	2026-10-09T09:08:04.7848465Z Artifact r15-37908457858-tradeoff-c-extraction has been successfully uploaded! Final size is 183660 bytes. Artifact ID is 11605508280
tradeoff-c	Publish early extraction diagnostics	2026-10-09T09:08:04.7854424Z Artifact download URL: https://github.com/HuanHuanHuanFFF/Miner/actions/runs/37908457858/artifacts/11605508280
tradeoff-c	Screen time and compression axes	﻿2026-10-09T09:08:04.7981490Z ##[group]Run export PATH="$HOME/.local/bin:$HOME/.cargo/bin:$ELAN_HOME/bin:$PATH"
tradeoff-c	Screen time and compression axes	2026-10-09T09:08:04.7981940Z ^[[36;1mexport PATH="$HOME/.local/bin:$HOME/.cargo/bin:$ELAN_HOME/bin:$PATH"^[[0m
tradeoff-c	Screen time and compression axes	2026-10-09T09:08:04.7982282Z ^[[36;1mexport PYTHONPATH="$DEFLATE_ROOT/validator"^[[0m
tradeoff-c	Screen time and compression axes	2026-10-09T09:08:04.7982599Z ^[[36;1m"$DEFLATE_ROOT/.venv/bin/python" scripts/round4.py screen^[[0m
tradeoff-c	Screen time and compression axes	2026-10-09T09:08:04.8035803Z shell: /usr/bin/bash -e {0}
tradeoff-c	Screen time and compression axes	2026-10-09T09:08:04.8036018Z env:
tradeoff-c	Screen time and compression axes	2026-10-09T09:08:04.8036196Z   ROUND4_SPEC: tradeoff-c
tradeoff-c	Screen time and compression axes	2026-10-09T09:08:04.8036414Z   ROUND4_SPEC_DIR: evidence/round15
tradeoff-c	Screen time and compression axes	2026-10-09T09:08:04.8036681Z   DEFLATE_ROOT: /home/runner/work/_temp/deflate-upstream
tradeoff-c	Screen time and compression axes	2026-10-09T09:08:04.8037023Z   ELAN_HOME: /home/runner/work/_temp/deflate-upstream/validator/.work/elan
tradeoff-c	Screen time and compression axes	2026-10-09T09:08:04.8037540Z   XDG_CACHE_HOME: /home/runner/work/_temp/deflate-cache
tradeoff-c	Screen time and compression axes	2026-10-09T09:08:04.8037833Z   UV_CACHE_DIR: /home/runner/work/_temp/deflate-cache/uv
tradeoff-c	Screen time and compression axes	2026-10-09T09:08:04.8038115Z   XDG_RUNTIME_DIR: /run/user/1001
tradeoff-c	Screen time and compression axes	2026-10-09T09:08:04.8038401Z   DBUS_SESSION_BUS_ADDRESS: unix:path=/run/user/1001/bus
tradeoff-c	Screen time and compression axes	2026-10-09T09:08:04.8038658Z   VERIFY_CORPUS: corpus-stage1
tradeoff-c	Screen time and compression axes	2026-10-09T09:08:04.8038865Z   VERIFY_SANDBOX: bwrap
tradeoff-c	Screen time and compression axes	2026-10-09T09:08:04.8039061Z   GIT_TERMINAL_PROMPT: 0
tradeoff-c	Screen time and compression axes	2026-10-09T09:08:04.8039246Z ##[endgroup]
tradeoff-c	Screen time and compression axes	2026-10-09T09:08:05.4229119Z MEASURE_BEGIN 1 probe3
tradeoff-c	Screen time and compression axes	2026-10-09T09:08:05.4661981Z ^[[32m2026-10-09 09:08:05.465^[[0m | ^[[34m^[[1mDEBUG   ^[[0m | ^[[36msandbox.bwrap^[[0m:^[[36mrun^[[0m:^[[36m110^[[0m - ^[[34m^[[1m[bwrap] rustc exit=0 in 0.0s^[[0m
tradeoff-c	Screen time and compression axes	2026-10-09T09:08:07.3229164Z ^[[32m2026-10-09 09:08:07.322^[[0m | ^[[34m^[[1mDEBUG   ^[[0m | ^[[36msandbox.bwrap^[[0m:^[[36mrun^[[0m:^[[36m110^[[0m - ^[[34m^[[1m[bwrap] cargo exit=0 in 1.9s^[[0m
tradeoff-c	Screen time and compression axes	2026-10-09T09:08:07.3233626Z ^[[32m2026-10-09 09:08:07.322^[[0m | ^[[34m^[[1mDEBUG   ^[[0m | ^[[36mbench.driver^[[0m:^[[36m_build^[[0m:^[[36m295^[[0m - ^[[34m^[[1m[bench] built incumbent in 1.9s exit=0^[[0m
tradeoff-c	Screen time and compression axes	2026-10-09T09:08:10.1657237Z ^[[32m2026-10-09 09:08:10.165^[[0m | ^[[34m^[[1mDEBUG   ^[[0m | ^[[36msandbox.bwrap^[[0m:^[[36mrun^[[0m:^[[36m110^[[0m - ^[[34m^[[1m[bwrap] cargo exit=0 in 2.8s^[[0m
tradeoff-c	Screen time and compression axes	2026-10-09T09:08:10.1658537Z ^[[32m2026-10-09 09:08:10.165^[[0m | ^[[34m^[[1mDEBUG   ^[[0m | ^[[36mbench.driver^[[0m:^[[36m_build^[[0m:^[[36m295^[[0m - ^[[34m^[[1m[bench] built probe3 in 2.8s exit=0^[[0m
tradeoff-c	Screen time and compression axes	2026-10-09T09:08:21.4096024Z ^[[32m2026-10-09 09:08:21.409^[[0m | ^[[34m^[[1mDEBUG   ^[[0m | ^[[36msandbox.bwrap^[[0m:^[[36mrun^[[0m:^[[36m110^[[0m - ^[[34m^[[1m[bwrap] measure exit=0 in 11.2s^[[0m
tradeoff-c	Screen time and compression axes	2026-10-09T09:08:21.4105187Z ^[[32m2026-10-09 09:08:21.409^[[0m | ^[[34m^[[1mDEBUG   ^[[0m | ^[[36mbench.driver^[[0m:^[[36m_measure^[[0m:^[[36m333^[[0m - ^[[34m^[[1m[bench] measured probe3 in 11.2s exit=0^[[0m
tradeoff-c	Screen time and compression axes	2026-10-09T09:08:21.4200824Z MEASUREMENT {"candidate": "probe3", "round": 1, "time": 0.4606783031203445, "size_pct": 35.92083771476539, "parse_s": 0.05341054600000002, "total_s": 0.24171814800000005, "output_bytes": 5287026, "source_sha256": "e20ea5a7d2e77821008592faef393855077b9b8ceee244f390a85ac0257e047d"}
tradeoff-c	Screen time and compression axes	2026-10-09T09:08:21.4202300Z MEASURE_BEGIN 1 r3-432-fast3
tradeoff-c	Screen time and compression axes	2026-10-09T09:08:21.4664932Z ^[[32m2026-10-09 09:08:21.465^[[0m | ^[[34m^[[1mDEBUG   ^[[0m | ^[[36msandbox.bwrap^[[0m:^[[36mrun^[[0m:^[[36m110^[[0m - ^[[34m^[[1m[bwrap] rustc exit=0 in 0.0s^[[0m
tradeoff-c	Screen time and compression axes	2026-10-09T09:08:23.3995465Z ^[[32m2026-10-09 09:08:23.399^[[0m | ^[[34m^[[1mDEBUG   ^[[0m | ^[[36msandbox.bwrap^[[0m:^[[36mrun^[[0m:^[[36m110^[[0m - ^[[34m^[[1m[bwrap] cargo exit=0 in 1.9s^[[0m
tradeoff-c	Screen time and compression axes	2026-10-09T09:08:23.3996743Z ^[[32m2026-10-09 09:08:23.399^[[0m | ^[[34m^[[1mDEBUG   ^[[0m | ^[[36mbench.driver^[[0m:^[[36m_build^[[0m:^[[36m295^[[0m - ^[[34m^[[1m[bench] built incumbent in 1.9s exit=0^[[0m
tradeoff-c	Screen time and compression axes	2026-10-09T09:08:26.8700720Z ^[[32m2026-10-09 09:08:26.869^[[0m | ^[[34m^[[1mDEBUG   ^[[0m | ^[[36msandbox.bwrap^[[0m:^[[36mrun^[[0m:^[[36m110^[[0m - ^[[34m^[[1m[bwrap] cargo exit=0 in 3.5s^[[0m
tradeoff-c	Screen time and compression axes	2026-10-09T09:08:26.8701993Z ^[[32m2026-10-09 09:08:26.869^[[0m | ^[[34m^[[1mDEBUG   ^[[0m | ^[[36mbench.driver^[[0m:^[[36m_build^[[0m:^[[36m295^[[0m - ^[[34m^[[1m[bench] built r3-432-fast3 in 3.5s exit=0^[[0m
tradeoff-c	Screen time and compression axes	2026-10-09T09:08:37.9130533Z ^[[32m2026-10-09 09:08:37.912^[[0m | ^[[34m^[[1mDEBUG   ^[[0m | ^[[36msandbox.bwrap^[[0m:^[[36mrun^[[0m:^[[36m110^[[0m - ^[[34m^[[1m[bwrap] measure exit=0 in 11.0s^[[0m
tradeoff-c	Screen time and compression axes	2026-10-09T09:08:37.9132519Z ^[[32m2026-10-09 09:08:37.912^[[0m | ^[[34m^[[1mDEBUG   ^[[0m | ^[[36mbench.driver^[[0m:^[[36m_measure^[[0m:^[[36m333^[[0m - ^[[34m^[[1m[bench] measured r3-432-fast3 in 11.0s exit=0^[[0m
tradeoff-c	Screen time and compression axes	2026-10-09T09:08:37.9220592Z MEASUREMENT {"candidate": "r3-432-fast3", "round": 1, "time": 0.43243049770125613, "size_pct": 36.60213910633018, "parse_s": 0.034111544, "total_s": 0.22462727899999996, "output_bytes": 5410408, "source_sha256": "bae8014121e4710f4a34ce63452578b4bf69121b4f695e1b1356780a019108ef"}
tradeoff-c	Screen time and compression axes	2026-10-09T09:08:37.9221877Z MEASURE_BEGIN 1 public432
tradeoff-c	Screen time and compression axes	2026-10-09T09:08:37.9682220Z ^[[32m2026-10-09 09:08:37.967^[[0m | ^[[34m^[[1mDEBUG   ^[[0m | ^[[36msandbox.bwrap^[[0m:^[[36mrun^[[0m:^[[36m110^[[0m - ^[[34m^[[1m[bwrap] rustc exit=0 in 0.0s^[[0m
tradeoff-c	Screen time and compression axes	2026-10-09T09:08:39.7979965Z ^[[32m2026-10-09 09:08:39.797^[[0m | ^[[34m^[[1mDEBUG   ^[[0m | ^[[36msandbox.bwrap^[[0m:^[[36mrun^[[0m:^[[36m110^[[0m - ^[[34m^[[1m[bwrap] cargo exit=0 in 1.8s^[[0m
tradeoff-c	Screen time and compression axes	2026-10-09T09:08:39.7981617Z ^[[32m2026-10-09 09:08:39.797^[[0m | ^[[34m^[[1mDEBUG   ^[[0m | ^[[36mbench.driver^[[0m:^[[36m_build^[[0m:^[[36m295^[[0m - ^[[34m^[[1m[bench] built incumbent in 1.8s exit=0^[[0m
tradeoff-c	Screen time and compression axes	2026-10-09T09:08:43.1340692Z ^[[32m2026-10-09 09:08:43.133^[[0m | ^[[34m^[[1mDEBUG   ^[[0m | ^[[36msandbox.bwrap^[[0m:^[[36mrun^[[0m:^[[36m110^[[0m - ^[[34m^[[1m[bwrap] cargo exit=0 in 3.3s^[[0m
tradeoff-c	Screen time and compression axes	2026-10-09T09:08:43.1341577Z ^[[32m2026-10-09 09:08:43.133^[[0m | ^[[34m^[[1mDEBUG   ^[[0m | ^[[36mbench.driver^[[0m:^[[36m_build^[[0m:^[[36m295^[[0m - ^[[34m^[[1m[bench] built public432 in 3.3s exit=0^[[0m
tradeoff-c	Screen time and compression axes	2026-10-09T09:08:54.1967310Z ^[[32m2026-10-09 09:08:54.196^[[0m | ^[[34m^[[1mDEBUG   ^[[0m | ^[[36msandbox.bwrap^[[0m:^[[36mrun^[[0m:^[[36m110^[[0m - ^[[34m^[[1m[bwrap] measure exit=0 in 11.1s^[[0m
tradeoff-c	Screen time and compression axes	2026-10-09T09:08:54.1968750Z ^[[32m2026-10-09 09:08:54.196^[[0m | ^[[34m^[[1mDEBUG   ^[[0m | ^[[36mbench.driver^[[0m:^[[36m_measure^[[0m:^[[36m333^[[0m - ^[[34m^[[1m[bench] measured public432 in 11.1s exit=0^[[0m
tradeoff-c	Screen time and compression axes	2026-10-09T09:08:54.2053677Z MEASUREMENT {"candidate": "public432", "round": 1, "time": 0.43224250485907556, "size_pct": 36.52435870548103, "parse_s": 0.039146919999999995, "total_s": 0.22758691899999994, "output_bytes": 5376051, "source_sha256": "160d1b3f9edb307a0f97bde13cd972b5f6f0a426dd669515f639e4bfa24ef054"}
tradeoff-c	Screen time and compression axes	2026-10-09T09:08:54.2057368Z MEASURE_BEGIN 1 fast-shadow
tradeoff-c	Screen time and compression axes	2026-10-09T09:08:54.2485328Z ^[[32m2026-10-09 09:08:54.248^[[0m | ^[[34m^[[1mDEBUG   ^[[0m | ^[[36msandbox.bwrap^[[0m:^[[36mrun^[[0m:^[[36m110^[[0m - ^[[34m^[[1m[bwrap] rustc exit=0 in 0.0s^[[0m
tradeoff-c	Screen time and compression axes	2026-10-09T09:08:56.1843913Z ^[[32m2026-10-09 09:08:56.184^[[0m | ^[[34m^[[1mDEBUG   ^[[0m | ^[[36msandbox.bwrap^[[0m:^[[36mrun^[[0m:^[[36m110^[[0m - ^[[34m^[[1m[bwrap] cargo exit=0 in 1.9s^[[0m
tradeoff-c	Screen time and compression axes	2026-10-09T09:08:56.1845367Z ^[[32m2026-10-09 09:08:56.184^[[0m | ^[[34m^[[1mDEBUG   ^[[0m | ^[[36mbench.driver^[[0m:^[[36m_build^[[0m:^[[36m295^[[0m - ^[[34m^[[1m[bench] built incumbent in 1.9s exit=0^[[0m
tradeoff-c	Screen time and compression axes	2026-10-09T09:08:59.6275758Z ^[[32m2026-10-09 09:08:59.627^[[0m | ^[[34m^[[1mDEBUG   ^[[0m | ^[[36msandbox.bwrap^[[0m:^[[36mrun^[[0m:^[[36m110^[[0m - ^[[34m^[[1m[bwrap] cargo exit=0 in 3.4s^[[0m
tradeoff-c	Screen time and compression axes	2026-10-09T09:08:59.6277039Z ^[[32m2026-10-09 09:08:59.627^[[0m | ^[[34m^[[1mDEBUG   ^[[0m | ^[[36mbench.driver^[[0m:^[[36m_build^[[0m:^[[36m295^[[0m - ^[[34m^[[1m[bench] built fast-shadow in 3.4s exit=0^[[0m
tradeoff-c	Screen time and compression axes	2026-10-09T09:09:10.7410417Z ^[[32m2026-10-09 09:09:10.740^[[0m | ^[[34m^[[1mDEBUG   ^[[0m | ^[[36msandbox.bwrap^[[0m:^[[36mrun^[[0m:^[[36m110^[[0m - ^[[34m^[[1m[bwrap] measure exit=0 in 11.1s^[[0m
tradeoff-c	Screen time and compression axes	2026-10-09T09:09:10.7411757Z ^[[32m2026-10-09 09:09:10.740^[[0m | ^[[34m^[[1mDEBUG   ^[[0m | ^[[36mbench.driver^[[0m:^[[36m_measure^[[0m:^[[36m333^[[0m - ^[[34m^[[1m[bench] measured fast-shadow in 11.1s exit=0^[[0m
tradeoff-c	Screen time and compression axes	2026-10-09T09:09:10.7495189Z MEASUREMENT {"candidate": "fast-shadow", "round": 1, "time": 0.42975375224591095, "size_pct": 36.60213910633018, "parse_s": 0.03422553699999999, "total_s": 0.225459503, "output_bytes": 5410408, "source_sha256": "bae8014121e4710f4a34ce63452578b4bf69121b4f695e1b1356780a019108ef"}
tradeoff-c	Screen time and compression axes	2026-10-09T09:09:10.7498222Z MEASURE_BEGIN 1 public514
tradeoff-c	Screen time and compression axes	2026-10-09T09:09:10.8113855Z ^[[32m2026-10-09 09:09:10.811^[[0m | ^[[34m^[[1mDEBUG   ^[[0m | ^[[36msandbox.bwrap^[[0m:^[[36mrun^[[0m:^[[36m110^[[0m - ^[[34m^[[1m[bwrap] rustc exit=0 in 0.0s^[[0m
tradeoff-c	Screen time and compression axes	2026-10-09T09:09:12.6773994Z ^[[32m2026-10-09 09:09:12.677^[[0m | ^[[34m^[[1mDEBUG   ^[[0m | ^[[36msandbox.bwrap^[[0m:^[[36mrun^[[0m:^[[36m110^[[0m - ^[[34m^[[1m[bwrap] cargo exit=0 in 1.9s^[[0m
tradeoff-c	Screen time and compression axes	2026-10-09T09:09:12.6775415Z ^[[32m2026-10-09 09:09:12.677^[[0m | ^[[34m^[[1mDEBUG   ^[[0m | ^[[36mbench.driver^[[0m:^[[36m_build^[[0m:^[[36m295^[[0m - ^[[34m^[[1m[bench] built incumbent in 1.9s exit=0^[[0m
tradeoff-c	Screen time and compression axes	2026-10-09T09:09:16.0008278Z ^[[32m2026-10-09 09:09:16.000^[[0m | ^[[34m^[[1mDEBUG   ^[[0m | ^[[36msandbox.bwrap^[[0m:^[[36mrun^[[0m:^[[36m110^[[0m - ^[[34m^[[1m[bwrap] cargo exit=0 in 3.3s^[[0m
tradeoff-c	Screen time and compression axes	2026-10-09T09:09:16.0009598Z ^[[32m2026-10-09 09:09:16.000^[[0m | ^[[34m^[[1mDEBUG   ^[[0m | ^[[36mbench.driver^[[0m:^[[36m_build^[[0m:^[[36m295^[[0m - ^[[34m^[[1m[bench] built public514 in 3.3s exit=0^[[0m
tradeoff-c	Screen time and compression axes	2026-10-09T09:09:26.8976763Z ^[[32m2026-10-09 09:09:26.897^[[0m | ^[[34m^[[1mDEBUG   ^[[0m | ^[[36msandbox.bwrap^[[0m:^[[36mrun^[[0m:^[[36m110^[[0m - ^[[34m^[[1m[bwrap] measure exit=0 in 10.9s^[[0m
tradeoff-c	Screen time and compression axes	2026-10-09T09:09:26.8978264Z ^[[32m2026-10-09 09:09:26.897^[[0m | ^[[34m^[[1mDEBUG   ^[[0m | ^[[36mbench.driver^[[0m:^[[36m_measure^[[0m:^[[36m333^[[0m - ^[[34m^[[1m[bench] measured public514 in 10.9s exit=0^[[0m
tradeoff-c	Screen time and compression axes	2026-10-09T09:09:26.9072166Z MEASUREMENT {"candidate": "public514", "round": 1, "time": 0.4273590779517621, "size_pct": 36.20314548923299, "parse_s": 0.04092023699999999, "total_s": 0.220725983, "output_bytes": 5340006, "source_sha256": "e337b70b9bd81a1f189a05a37fcd26ca13b1a741a3b6bd8c89705e30896b004a"}
tradeoff-c	Screen time and compression axes	2026-10-09T09:09:26.9075516Z MEASURE_BEGIN 1 public514-shadow
tradeoff-c	Screen time and compression axes	2026-10-09T09:09:26.9502059Z ^[[32m2026-10-09 09:09:26.949^[[0m | ^[[34m^[[1mDEBUG   ^[[0m | ^[[36msandbox.bwrap^[[0m:^[[36mrun^[[0m:^[[36m110^[[0m - ^[[34m^[[1m[bwrap] rustc exit=0 in 0.0s^[[0m
tradeoff-c	Screen time and compression axes	2026-10-09T09:09:28.7856976Z ^[[32m2026-10-09 09:09:28.785^[[0m | ^[[34m^[[1mDEBUG   ^[[0m | ^[[36msandbox.bwrap^[[0m:^[[36mrun^[[0m:^[[36m110^[[0m - ^[[34m^[[1m[bwrap] cargo exit=0 in 1.8s^[[0m
tradeoff-c	Screen time and compression axes	2026-10-09T09:09:28.7858311Z ^[[32m2026-10-09 09:09:28.785^[[0m | ^[[34m^[[1mDEBUG   ^[[0m | ^[[36mbench.driver^[[0m:^[[36m_build^[[0m:^[[36m295^[[0m - ^[[34m^[[1m[bench] built incumbent in 1.8s exit=0^[[0m
tradeoff-c	Screen time and compression axes	2026-10-09T09:09:32.1766698Z ^[[32m2026-10-09 09:09:32.176^[[0m | ^[[34m^[[1mDEBUG   ^[[0m | ^[[36msandbox.bwrap^[[0m:^[[36mrun^[[0m:^[[36m110^[[0m - ^[[34m^[[1m[bwrap] cargo exit=0 in 3.4s^[[0m
tradeoff-c	Screen time and compression axes	2026-10-09T09:09:32.1768572Z ^[[32m2026-10-09 09:09:32.176^[[0m | ^[[34m^[[1mDEBUG   ^[[0m | ^[[36mbench.driver^[[0m:^[[36m_build^[[0m:^[[36m295^[[0m - ^[[34m^[[1m[bench] built public514-shadow in 3.4s exit=0^[[0m
tradeoff-c	Screen time and compression axes	2026-10-09T09:09:43.0957305Z ^[[32m2026-10-09 09:09:43.095^[[0m | ^[[34m^[[1mDEBUG   ^[[0m | ^[[36msandbox.bwrap^[[0m:^[[36mrun^[[0m:^[[36m110^[[0m - ^[[34m^[[1m[bwrap] measure exit=0 in 10.9s^[[0m
tradeoff-c	Screen time and compression axes	2026-10-09T09:09:43.0958722Z ^[[32m2026-10-09 09:09:43.095^[[0m | ^[[34m^[[1mDEBUG   ^[[0m | ^[[36mbench.driver^[[0m:^[[36m_measure^[[0m:^[[36m333^[[0m - ^[[34m^[[1m[bench] measured public514-shadow in 10.9s exit=0^[[0m
tradeoff-c	Screen time and compression axes	2026-10-09T09:09:43.1050328Z MEASUREMENT {"candidate": "public514-shadow", "round": 1, "time": 0.4266864049145307, "size_pct": 36.20314548923299, "parse_s": 0.04090113199999999, "total_s": 0.21977590299999997, "output_bytes": 5340006, "source_sha256": "e337b70b9bd81a1f189a05a37fcd26ca13b1a741a3b6bd8c89705e30896b004a"}
tradeoff-c	Screen time and compression axes	2026-10-09T09:09:43.1053055Z MEASURE_BEGIN 1 r14-514-hash32
tradeoff-c	Screen time and compression axes	2026-10-09T09:09:43.1543855Z ^[[32m2026-10-09 09:09:43.153^[[0m | ^[[34m^[[1mDEBUG   ^[[0m | ^[[36msandbox.bwrap^[[0m:^[[36mrun^[[0m:^[[36m110^[[0m - ^[[34m^[[1m[bwrap] rustc exit=0 in 0.0s^[[0m
tradeoff-c	Screen time and compression axes	2026-10-09T09:09:44.9860697Z ^[[32m2026-10-09 09:09:44.985^[[0m | ^[[34m^[[1mDEBUG   ^[[0m | ^[[36msandbox.bwrap^[[0m:^[[36mrun^[[0m:^[[36m110^[[0m - ^[[34m^[[1m[bwrap] cargo exit=0 in 1.8s^[[0m
tradeoff-c	Screen time and compression axes	2026-10-09T09:09:44.9862450Z ^[[32m2026-10-09 09:09:44.985^[[0m | ^[[34m^[[1mDEBUG   ^[[0m | ^[[36mbench.driver^[[0m:^[[36m_build^[[0m:^[[36m295^[[0m - ^[[34m^[[1m[bench] built incumbent in 1.8s exit=0^[[0m
tradeoff-c	Screen time and compression axes	2026-10-09T09:09:48.3838374Z ^[[32m2026-10-09 09:09:48.383^[[0m | ^[[34m^[[1mDEBUG   ^[[0m | ^[[36msandbox.bwrap^[[0m:^[[36mrun^[[0m:^[[36m110^[[0m - ^[[34m^[[1m[bwrap] cargo exit=0 in 3.4s^[[0m
tradeoff-c	Screen time and compression axes	2026-10-09T09:09:48.3843494Z ^[[32m2026-10-09 09:09:48.383^[[0m | ^[[34m^[[1mDEBUG   ^[[0m | ^[[36mbench.driver^[[0m:^[[36m_build^[[0m:^[[36m295^[[0m - ^[[34m^[[1m[bench] built r14-514-hash32 in 3.4s exit=0^[[0m
tradeoff-c	Screen time and compression axes	2026-10-09T09:09:59.3115102Z ^[[32m2026-10-09 09:09:59.311^[[0m | ^[[34m^[[1mDEBUG   ^[[0m | ^[[36msandbox.bwrap^[[0m:^[[36mrun^[[0m:^[[36m110^[[0m - ^[[34m^[[1m[bwrap] measure exit=0 in 10.9s^[[0m
tradeoff-c	Screen time and compression axes	2026-10-09T09:09:59.3116384Z ^[[32m2026-10-09 09:09:59.311^[[0m | ^[[34m^[[1mDEBUG   ^[[0m | ^[[36mbench.driver^[[0m:^[[36m_measure^[[0m:^[[36m333^[[0m - ^[[34m^[[1m[bench] measured r14-514-hash32 in 10.9s exit=0^[[0m
tradeoff-c	Screen time and compression axes	2026-10-09T09:09:59.3213898Z MEASUREMENT {"candidate": "r14-514-hash32", "round": 1, "time": 0.4264732099329952, "size_pct": 36.21069208341262, "parse_s": 0.04067907899999999, "total_s": 0.22012435900000002, "output_bytes": 5340676, "source_sha256": "0db4e862fc012a11d76140ebf9599aab2acf0ac9c5859d0a7cdee843ec2a6b82"}
tradeoff-c	Screen time and compression axes	2026-10-09T09:09:59.3216889Z MEASURE_BEGIN 1 r15-hash32-chain-gain
tradeoff-c	Screen time and compression axes	2026-10-09T09:09:59.3659845Z ^[[32m2026-10-09 09:09:59.365^[[0m | ^[[34m^[[1mDEBUG   ^[[0m | ^[[36msandbox.bwrap^[[0m:^[[36mrun^[[0m:^[[36m110^[[0m - ^[[34m^[[1m[bwrap] rustc exit=0 in 0.0s^[[0m
tradeoff-c	Screen time and compression axes	2026-10-09T09:10:01.2666480Z ^[[32m2026-10-09 09:10:01.266^[[0m | ^[[34m^[[1mDEBUG   ^[[0m | ^[[36msandbox.bwrap^[[0m:^[[36mrun^[[0m:^[[36m110^[[0m - ^[[34m^[[1m[bwrap] cargo exit=0 in 1.9s^[[0m
tradeoff-c	Screen time and compression axes	2026-10-09T09:10:01.2667920Z ^[[32m2026-10-09 09:10:01.266^[[0m | ^[[34m^[[1mDEBUG   ^[[0m | ^[[36mbench.driver^[[0m:^[[36m_build^[[0m:^[[36m295^[[0m - ^[[34m^[[1m[bench] built incumbent in 1.9s exit=0^[[0m
tradeoff-c	Screen time and compression axes	2026-10-09T09:10:04.7379208Z ^[[32m2026-10-09 09:10:04.737^[[0m | ^[[34m^[[1mDEBUG   ^[[0m | ^[[36msandbox.bwrap^[[0m:^[[36mrun^[[0m:^[[36m110^[[0m - ^[[34m^[[1m[bwrap] cargo exit=0 in 3.5s^[[0m
tradeoff-c	Screen time and compression axes	2026-10-09T09:10:04.7381014Z ^[[32m2026-10-09 09:10:04.737^[[0m | ^[[34m^[[1mDEBUG   ^[[0m | ^[[36mbench.driver^[[0m:^[[36m_build^[[0m:^[[36m295^[[0m - ^[[34m^[[1m[bench] built r15-hash32-chain-gain in 3.5s exit=0^[[0m
tradeoff-c	Screen time and compression axes	2026-10-09T09:10:15.7387890Z ^[[32m2026-10-09 09:10:15.738^[[0m | ^[[34m^[[1mDEBUG   ^[[0m | ^[[36msandbox.bwrap^[[0m:^[[36mrun^[[0m:^[[36m110^[[0m - ^[[34m^[[1m[bwrap] measure exit=0 in 11.0s^[[0m
tradeoff-c	Screen time and compression axes	2026-10-09T09:10:15.7394368Z ^[[32m2026-10-09 09:10:15.738^[[0m | ^[[34m^[[1mDEBUG   ^[[0m | ^[[36mbench.driver^[[0m:^[[36m_measure^[[0m:^[[36m333^[[0m - ^[[34m^[[1m[bench] measured r15-hash32-chain-gain in 11.0s exit=0^[[0m
tradeoff-c	Screen time and compression axes	2026-10-09T09:10:15.7483870Z MEASUREMENT {"candidate": "r15-hash32-chain-gain", "round": 1, "time": 0.4263916272241079, "size_pct": 36.2046642502339, "parse_s": 0.04165469799999999, "total_s": 0.22172947700000004, "output_bytes": 5339414, "source_sha256": "913075d06d105669f296479e696e4d442294969d318eeec58a864daa88d434e1"}
tradeoff-c	Screen time and compression axes	2026-10-09T09:10:15.7497524Z MEASURE_BEGIN 1 r15-hash32-chain-depth2
tradeoff-c	Screen time and compression axes	2026-10-09T09:10:15.7920937Z ^[[32m2026-10-09 09:10:15.791^[[0m | ^[[34m^[[1mDEBUG   ^[[0m | ^[[36msandbox.bwrap^[[0m:^[[36mrun^[[0m:^[[36m110^[[0m - ^[[34m^[[1m[bwrap] rustc exit=0 in 0.0s^[[0m
tradeoff-c	Screen time and compression axes	2026-10-09T09:10:17.6910927Z ^[[32m2026-10-09 09:10:17.690^[[0m | ^[[34m^[[1mDEBUG   ^[[0m | ^[[36msandbox.bwrap^[[0m:^[[36mrun^[[0m:^[[36m110^[[0m - ^[[34m^[[1m[bwrap] cargo exit=0 in 1.9s^[[0m
tradeoff-c	Screen time and compression axes	2026-10-09T09:10:17.6912211Z ^[[32m2026-10-09 09:10:17.690^[[0m | ^[[34m^[[1mDEBUG   ^[[0m | ^[[36mbench.driver^[[0m:^[[36m_build^[[0m:^[[36m295^[[0m - ^[[34m^[[1m[bench] built incumbent in 1.9s exit=0^[[0m
tradeoff-c	Screen time and compression axes	2026-10-09T09:10:21.0643244Z ^[[32m2026-10-09 09:10:21.064^[[0m | ^[[34m^[[1mDEBUG   ^[[0m | ^[[36msandbox.bwrap^[[0m:^[[36mrun^[[0m:^[[36m110^[[0m - ^[[34m^[[1m[bwrap] cargo exit=0 in 3.4s^[[0m
tradeoff-c	Screen time and compression axes	2026-10-09T09:10:21.0645179Z ^[[32m2026-10-09 09:10:21.064^[[0m | ^[[34m^[[1mDEBUG   ^[[0m | ^[[36mbench.driver^[[0m:^[[36m_build^[[0m:^[[36m295^[[0m - ^[[34m^[[1m[bench] built r15-hash32-chain-depth2 in 3.4s exit=0^[[0m
tradeoff-c	Screen time and compression axes	2026-10-09T09:10:31.9958091Z ^[[32m2026-10-09 09:10:31.995^[[0m | ^[[34m^[[1mDEBUG   ^[[0m | ^[[36msandbox.bwrap^[[0m:^[[36mrun^[[0m:^[[36m110^[[0m - ^[[34m^[[1m[bwrap] measure exit=0 in 10.9s^[[0m
tradeoff-c	Screen time and compression axes	2026-10-09T09:10:31.9959175Z ^[[32m2026-10-09 09:10:31.995^[[0m | ^[[34m^[[1mDEBUG   ^[[0m | ^[[36mbench.driver^[[0m:^[[36m_measure^[[0m:^[[36m333^[[0m - ^[[34m^[[1m[bench] measured r15-hash32-chain-depth2 in 10.9s exit=0^[[0m
tradeoff-c	Screen time and compression axes	2026-10-09T09:10:32.0052013Z MEASUREMENT {"candidate": "r15-hash32-chain-depth2", "round": 1, "time": 0.42971950961102134, "size_pct": 36.11687097178615, "parse_s": 0.04358243700000001, "total_s": 0.22251496699999998, "output_bytes": 5318677, "source_sha256": "79170abebc9b372ef563fa9286952fce1cfbe349d3a61d637f2811159d4ccb7b"}
tradeoff-c	Screen time and compression axes	2026-10-09T09:10:32.0057217Z MEASURE_BEGIN 2 r15-hash32-chain-depth2
tradeoff-c	Screen time and compression axes	2026-10-09T09:10:32.0475735Z ^[[32m2026-10-09 09:10:32.047^[[0m | ^[[34m^[[1mDEBUG   ^[[0m | ^[[36msandbox.bwrap^[[0m:^[[36mrun^[[0m:^[[36m110^[[0m - ^[[34m^[[1m[bwrap] rustc exit=0 in 0.0s^[[0m
tradeoff-c	Screen time and compression axes	2026-10-09T09:10:33.8859195Z ^[[32m2026-10-09 09:10:33.885^[[0m | ^[[34m^[[1mDEBUG   ^[[0m | ^[[36msandbox.bwrap^[[0m:^[[36mrun^[[0m:^[[36m110^[[0m - ^[[34m^[[1m[bwrap] cargo exit=0 in 1.8s^[[0m
tradeoff-c	Screen time and compression axes	2026-10-09T09:10:33.8861771Z ^[[32m2026-10-09 09:10:33.885^[[0m | ^[[34m^[[1mDEBUG   ^[[0m | ^[[36mbench.driver^[[0m:^[[36m_build^[[0m:^[[36m295^[[0m - ^[[34m^[[1m[bench] built incumbent in 1.8s exit=0^[[0m
tradeoff-c	Screen time and compression axes	2026-10-09T09:10:37.2189368Z ^[[32m2026-10-09 09:10:37.218^[[0m | ^[[34m^[[1mDEBUG   ^[[0m | ^[[36msandbox.bwrap^[[0m:^[[36mrun^[[0m:^[[36m110^[[0m - ^[[34m^[[1m[bwrap] cargo exit=0 in 3.3s^[[0m
tradeoff-c	Screen time and compression axes	2026-10-09T09:10:37.2190761Z ^[[32m2026-10-09 09:10:37.218^[[0m | ^[[34m^[[1mDEBUG   ^[[0m | ^[[36mbench.driver^[[0m:^[[36m_build^[[0m:^[[36m295^[[0m - ^[[34m^[[1m[bench] built r15-hash32-chain-depth2 in 3.3s exit=0^[[0m
tradeoff-c	Screen time and compression axes	2026-10-09T09:10:48.1336204Z ^[[32m2026-10-09 09:10:48.132^[[0m | ^[[34m^[[1mDEBUG   ^[[0m | ^[[36msandbox.bwrap^[[0m:^[[36mrun^[[0m:^[[36m110^[[0m - ^[[34m^[[1m[bwrap] measure exit=0 in 10.9s^[[0m
tradeoff-c	Screen time and compression axes	2026-10-09T09:10:48.1337311Z ^[[32m2026-10-09 09:10:48.133^[[0m | ^[[34m^[[1mDEBUG   ^[[0m | ^[[36mbench.driver^[[0m:^[[36m_measure^[[0m:^[[36m333^[[0m - ^[[34m^[[1m[bench] measured r15-hash32-chain-depth2 in 10.9s exit=0^[[0m
tradeoff-c	Screen time and compression axes	2026-10-09T09:10:48.1436718Z MEASUREMENT {"candidate": "r15-hash32-chain-depth2", "round": 2, "time": 0.42883661525280925, "size_pct": 36.11687097178615, "parse_s": 0.04345105899999999, "total_s": 0.22207539399999998, "output_bytes": 5318677, "source_sha256": "79170abebc9b372ef563fa9286952fce1cfbe349d3a61d637f2811159d4ccb7b"}
tradeoff-c	Screen time and compression axes	2026-10-09T09:10:48.1440478Z MEASURE_BEGIN 2 r15-hash32-chain-gain
tradeoff-c	Screen time and compression axes	2026-10-09T09:10:48.1857417Z ^[[32m2026-10-09 09:10:48.185^[[0m | ^[[34m^[[1mDEBUG   ^[[0m | ^[[36msandbox.bwrap^[[0m:^[[36mrun^[[0m:^[[36m110^[[0m - ^[[34m^[[1m[bwrap] rustc exit=0 in 0.0s^[[0m
tradeoff-c	Screen time and compression axes	2026-10-09T09:10:50.0033223Z ^[[32m2026-10-09 09:10:50.002^[[0m | ^[[34m^[[1mDEBUG   ^[[0m | ^[[36msandbox.bwrap^[[0m:^[[36mrun^[[0m:^[[36m110^[[0m - ^[[34m^[[1m[bwrap] cargo exit=0 in 1.8s^[[0m
tradeoff-c	Screen time and compression axes	2026-10-09T09:10:50.0035112Z ^[[32m2026-10-09 09:10:50.003^[[0m | ^[[34m^[[1mDEBUG   ^[[0m | ^[[36mbench.driver^[[0m:^[[36m_build^[[0m:^[[36m295^[[0m - ^[[34m^[[1m[bench] built incumbent in 1.8s exit=0^[[0m
tradeoff-c	Screen time and compression axes	2026-10-09T09:10:53.2593635Z ^[[32m2026-10-09 09:10:53.259^[[0m | ^[[34m^[[1mDEBUG   ^[[0m | ^[[36msandbox.bwrap^[[0m:^[[36mrun^[[0m:^[[36m110^[[0m - ^[[34m^[[1m[bwrap] cargo exit=0 in 3.3s^[[0m
tradeoff-c	Screen time and compression axes	2026-10-09T09:10:53.2595041Z ^[[32m2026-10-09 09:10:53.259^[[0m | ^[[34m^[[1mDEBUG   ^[[0m | ^[[36mbench.driver^[[0m:^[[36m_build^[[0m:^[[36m295^[[0m - ^[[34m^[[1m[bench] built r15-hash32-chain-gain in 3.3s exit=0^[[0m
tradeoff-c	Screen time and compression axes	2026-10-09T09:11:04.1251691Z ^[[32m2026-10-09 09:11:04.124^[[0m | ^[[34m^[[1mDEBUG   ^[[0m | ^[[36msandbox.bwrap^[[0m:^[[36mrun^[[0m:^[[36m110^[[0m - ^[[34m^[[1m[bwrap] measure exit=0 in 10.9s^[[0m
tradeoff-c	Screen time and compression axes	2026-10-09T09:11:04.1253636Z ^[[32m2026-10-09 09:11:04.124^[[0m | ^[[34m^[[1mDEBUG   ^[[0m | ^[[36mbench.driver^[[0m:^[[36m_measure^[[0m:^[[36m333^[[0m - ^[[34m^[[1m[bench] measured r15-hash32-chain-gain in 10.9s exit=0^[[0m
tradeoff-c	Screen time and compression axes	2026-10-09T09:11:04.1359527Z MEASUREMENT {"candidate": "r15-hash32-chain-gain", "round": 2, "time": 0.4266073345841729, "size_pct": 36.2046642502339, "parse_s": 0.04120257700000001, "total_s": 0.219812152, "output_bytes": 5339414, "source_sha256": "913075d06d105669f296479e696e4d442294969d318eeec58a864daa88d434e1"}
tradeoff-c	Screen time and compression axes	2026-10-09T09:11:04.1363266Z MEASURE_BEGIN 2 r14-514-hash32
tradeoff-c	Screen time and compression axes	2026-10-09T09:11:04.1771805Z ^[[32m2026-10-09 09:11:04.176^[[0m | ^[[34m^[[1mDEBUG   ^[[0m | ^[[36msandbox.bwrap^[[0m:^[[36mrun^[[0m:^[[36m110^[[0m - ^[[34m^[[1m[bwrap] rustc exit=0 in 0.0s^[[0m
tradeoff-c	Screen time and compression axes	2026-10-09T09:11:05.9722354Z ^[[32m2026-10-09 09:11:05.971^[[0m | ^[[34m^[[1mDEBUG   ^[[0m | ^[[36msandbox.bwrap^[[0m:^[[36mrun^[[0m:^[[36m110^[[0m - ^[[34m^[[1m[bwrap] cargo exit=0 in 1.8s^[[0m
tradeoff-c	Screen time and compression axes	2026-10-09T09:11:05.9723414Z ^[[32m2026-10-09 09:11:05.972^[[0m | ^[[34m^[[1mDEBUG   ^[[0m | ^[[36mbench.driver^[[0m:^[[36m_build^[[0m:^[[36m295^[[0m - ^[[34m^[[1m[bench] built incumbent in 1.8s exit=0^[[0m
tradeoff-c	Screen time and compression axes	2026-10-09T09:11:09.1991898Z ^[[32m2026-10-09 09:11:09.198^[[0m | ^[[34m^[[1mDEBUG   ^[[0m | ^[[36msandbox.bwrap^[[0m:^[[36mrun^[[0m:^[[36m110^[[0m - ^[[34m^[[1m[bwrap] cargo exit=0 in 3.2s^[[0m
tradeoff-c	Screen time and compression axes	2026-10-09T09:11:09.1992945Z ^[[32m2026-10-09 09:11:09.199^[[0m | ^[[34m^[[1mDEBUG   ^[[0m | ^[[36mbench.driver^[[0m:^[[36m_build^[[0m:^[[36m295^[[0m - ^[[34m^[[1m[bench] built r14-514-hash32 in 3.2s exit=0^[[0m
tradeoff-c	Screen time and compression axes	2026-10-09T09:11:20.1031255Z ^[[32m2026-10-09 09:11:20.102^[[0m | ^[[34m^[[1mDEBUG   ^[[0m | ^[[36msandbox.bwrap^[[0m:^[[36mrun^[[0m:^[[36m110^[[0m - ^[[34m^[[1m[bwrap] measure exit=0 in 10.9s^[[0m
tradeoff-c	Screen time and compression axes	2026-10-09T09:11:20.1032517Z ^[[32m2026-10-09 09:11:20.102^[[0m | ^[[34m^[[1mDEBUG   ^[[0m | ^[[36mbench.driver^[[0m:^[[36m_measure^[[0m:^[[36m333^[[0m - ^[[34m^[[1m[bench] measured r14-514-hash32 in 10.9s exit=0^[[0m
tradeoff-c	Screen time and compression axes	2026-10-09T09:11:20.1135370Z MEASUREMENT {"candidate": "r14-514-hash32", "round": 2, "time": 0.42706257774760814, "size_pct": 36.21069208341262, "parse_s": 0.040554041000000006, "total_s": 0.220665186, "output_bytes": 5340676, "source_sha256": "0db4e862fc012a11d76140ebf9599aab2acf0ac9c5859d0a7cdee843ec2a6b82"}
tradeoff-c	Screen time and compression axes	2026-10-09T09:11:20.1139121Z MEASURE_BEGIN 2 public514-shadow
tradeoff-c	Screen time and compression axes	2026-10-09T09:11:20.1555933Z ^[[32m2026-10-09 09:11:20.155^[[0m | ^[[34m^[[1mDEBUG   ^[[0m | ^[[36msandbox.bwrap^[[0m:^[[36mrun^[[0m:^[[36m110^[[0m - ^[[34m^[[1m[bwrap] rustc exit=0 in 0.0s^[[0m
tradeoff-c	Screen time and compression axes	2026-10-09T09:11:21.9470245Z ^[[32m2026-10-09 09:11:21.946^[[0m | ^[[34m^[[1mDEBUG   ^[[0m | ^[[36msandbox.bwrap^[[0m:^[[36mrun^[[0m:^[[36m110^[[0m - ^[[34m^[[1m[bwrap] cargo exit=0 in 1.8s^[[0m
tradeoff-c	Screen time and compression axes	2026-10-09T09:11:21.9471555Z ^[[32m2026-10-09 09:11:21.946^[[0m | ^[[34m^[[1mDEBUG   ^[[0m | ^[[36mbench.driver^[[0m:^[[36m_build^[[0m:^[[36m295^[[0m - ^[[34m^[[1m[bench] built incumbent in 1.8s exit=0^[[0m
tradeoff-c	Screen time and compression axes	2026-10-09T09:11:25.1638858Z ^[[32m2026-10-09 09:11:25.163^[[0m | ^[[34m^[[1mDEBUG   ^[[0m | ^[[36msandbox.bwrap^[[0m:^[[36mrun^[[0m:^[[36m110^[[0m - ^[[34m^[[1m[bwrap] cargo exit=0 in 3.2s^[[0m
tradeoff-c	Screen time and compression axes	2026-10-09T09:11:25.1640546Z ^[[32m2026-10-09 09:11:25.163^[[0m | ^[[34m^[[1mDEBUG   ^[[0m | ^[[36mbench.driver^[[0m:^[[36m_build^[[0m:^[[36m295^[[0m - ^[[34m^[[1m[bench] built public514-shadow in 3.2s exit=0^[[0m
tradeoff-c	Screen time and compression axes	2026-10-09T09:11:36.0383933Z ^[[32m2026-10-09 09:11:36.038^[[0m | ^[[34m^[[1mDEBUG   ^[[0m | ^[[36msandbox.bwrap^[[0m:^[[36mrun^[[0m:^[[36m110^[[0m - ^[[34m^[[1m[bwrap] measure exit=0 in 10.9s^[[0m
tradeoff-c	Screen time and compression axes	2026-10-09T09:11:36.0385412Z ^[[32m2026-10-09 09:11:36.038^[[0m | ^[[34m^[[1mDEBUG   ^[[0m | ^[[36mbench.driver^[[0m:^[[36m_measure^[[0m:^[[36m333^[[0m - ^[[34m^[[1m[bench] measured public514-shadow in 10.9s exit=0^[[0m
tradeoff-c	Screen time and compression axes	2026-10-09T09:11:36.0490242Z MEASUREMENT {"candidate": "public514-shadow", "round": 2, "time": 0.4272482382095777, "size_pct": 36.20314548923299, "parse_s": 0.04080510600000001, "total_s": 0.219804605, "output_bytes": 5340006, "source_sha256": "e337b70b9bd81a1f189a05a37fcd26ca13b1a741a3b6bd8c89705e30896b004a"}
tradeoff-c	Screen time and compression axes	2026-10-09T09:11:36.0494284Z MEASURE_BEGIN 2 public514
tradeoff-c	Screen time and compression axes	2026-10-09T09:11:36.0909878Z ^[[32m2026-10-09 09:11:36.090^[[0m | ^[[34m^[[1mDEBUG   ^[[0m | ^[[36msandbox.bwrap^[[0m:^[[36mrun^[[0m:^[[36m110^[[0m - ^[[34m^[[1m[bwrap] rustc exit=0 in 0.0s^[[0m
tradeoff-c	Screen time and compression axes	2026-10-09T09:11:37.8922855Z ^[[32m2026-10-09 09:11:37.891^[[0m | ^[[34m^[[1mDEBUG   ^[[0m | ^[[36msandbox.bwrap^[[0m:^[[36mrun^[[0m:^[[36m110^[[0m - ^[[34m^[[1m[bwrap] cargo exit=0 in 1.8s^[[0m
tradeoff-c	Screen time and compression axes	2026-10-09T09:11:37.8923988Z ^[[32m2026-10-09 09:11:37.892^[[0m | ^[[34m^[[1mDEBUG   ^[[0m | ^[[36mbench.driver^[[0m:^[[36m_build^[[0m:^[[36m295^[[0m - ^[[34m^[[1m[bench] built incumbent in 1.8s exit=0^[[0m
tradeoff-c	Screen time and compression axes	2026-10-09T09:11:41.1366681Z ^[[32m2026-10-09 09:11:41.136^[[0m | ^[[34m^[[1mDEBUG   ^[[0m | ^[[36msandbox.bwrap^[[0m:^[[36mrun^[[0m:^[[36m110^[[0m - ^[[34m^[[1m[bwrap] cargo exit=0 in 3.2s^[[0m
tradeoff-c	Screen time and compression axes	2026-10-09T09:11:41.1368125Z ^[[32m2026-10-09 09:11:41.136^[[0m | ^[[34m^[[1mDEBUG   ^[[0m | ^[[36mbench.driver^[[0m:^[[36m_build^[[0m:^[[36m295^[[0m - ^[[34m^[[1m[bench] built public514 in 3.2s exit=0^[[0m
tradeoff-c	Screen time and compression axes	2026-10-09T09:11:52.0429097Z ^[[32m2026-10-09 09:11:52.042^[[0m | ^[[34m^[[1mDEBUG   ^[[0m | ^[[36msandbox.bwrap^[[0m:^[[36mrun^[[0m:^[[36m110^[[0m - ^[[34m^[[1m[bwrap] measure exit=0 in 10.9s^[[0m
tradeoff-c	Screen time and compression axes	2026-10-09T09:11:52.0431102Z ^[[32m2026-10-09 09:11:52.042^[[0m | ^[[34m^[[1mDEBUG   ^[[0m | ^[[36mbench.driver^[[0m:^[[36m_measure^[[0m:^[[36m333^[[0m - ^[[34m^[[1m[bench] measured public514 in 10.9s exit=0^[[0m
tradeoff-c	Screen time and compression axes	2026-10-09T09:11:52.0536791Z MEASUREMENT {"candidate": "public514", "round": 2, "time": 0.42575571899446274, "size_pct": 36.20314548923299, "parse_s": 0.040723557, "total_s": 0.21985122499999998, "output_bytes": 5340006, "source_sha256": "e337b70b9bd81a1f189a05a37fcd26ca13b1a741a3b6bd8c89705e30896b004a"}
tradeoff-c	Screen time and compression axes	2026-10-09T09:11:52.0540542Z MEASURE_BEGIN 2 fast-shadow
tradeoff-c	Screen time and compression axes	2026-10-09T09:11:52.1093711Z ^[[32m2026-10-09 09:11:52.108^[[0m | ^[[34m^[[1mDEBUG   ^[[0m | ^[[36msandbox.bwrap^[[0m:^[[36mrun^[[0m:^[[36m110^[[0m - ^[[34m^[[1m[bwrap] rustc exit=0 in 0.0s^[[0m
tradeoff-c	Screen time and compression axes	2026-10-09T09:11:53.9513013Z ^[[32m2026-10-09 09:11:53.950^[[0m | ^[[34m^[[1mDEBUG   ^[[0m | ^[[36msandbox.bwrap^[[0m:^[[36mrun^[[0m:^[[36m110^[[0m - ^[[34m^[[1m[bwrap] cargo exit=0 in 1.8s^[[0m
tradeoff-c	Screen time and compression axes	2026-10-09T09:11:53.9514406Z ^[[32m2026-10-09 09:11:53.951^[[0m | ^[[34m^[[1mDEBUG   ^[[0m | ^[[36mbench.driver^[[0m:^[[36m_build^[[0m:^[[36m295^[[0m - ^[[34m^[[1m[bench] built incumbent in 1.8s exit=0^[[0m
tradeoff-c	Screen time and compression axes	2026-10-09T09:11:57.2094781Z ^[[32m2026-10-09 09:11:57.209^[[0m | ^[[34m^[[1mDEBUG   ^[[0m | ^[[36msandbox.bwrap^[[0m:^[[36mrun^[[0m:^[[36m110^[[0m - ^[[34m^[[1m[bwrap] cargo exit=0 in 3.3s^[[0m
tradeoff-c	Screen time and compression axes	2026-10-09T09:11:57.2099543Z ^[[32m2026-10-09 09:11:57.209^[[0m | ^[[34m^[[1mDEBUG   ^[[0m | ^[[36mbench.driver^[[0m:^[[36m_build^[[0m:^[[36m295^[[0m - ^[[34m^[[1m[bench] built fast-shadow in 3.3s exit=0^[[0m
tradeoff-c	Screen time and compression axes	2026-10-09T09:12:08.2397976Z ^[[32m2026-10-09 09:12:08.239^[[0m | ^[[34m^[[1mDEBUG   ^[[0m | ^[[36msandbox.bwrap^[[0m:^[[36mrun^[[0m:^[[36m110^[[0m - ^[[34m^[[1m[bwrap] measure exit=0 in 11.0s^[[0m
tradeoff-c	Screen time and compression axes	2026-10-09T09:12:08.2399209Z ^[[32m2026-10-09 09:12:08.239^[[0m | ^[[34m^[[1mDEBUG   ^[[0m | ^[[36mbench.driver^[[0m:^[[36m_measure^[[0m:^[[36m333^[[0m - ^[[34m^[[1m[bench] measured fast-shadow in 11.0s exit=0^[[0m
tradeoff-c	Screen time and compression axes	2026-10-09T09:12:08.2497666Z MEASUREMENT {"candidate": "fast-shadow", "round": 2, "time": 0.4306452840453338, "size_pct": 36.60213910633018, "parse_s": 0.03396202199999999, "total_s": 0.22405782900000004, "output_bytes": 5410408, "source_sha256": "bae8014121e4710f4a34ce63452578b4bf69121b4f695e1b1356780a019108ef"}
tradeoff-c	Screen time and compression axes	2026-10-09T09:12:08.2501505Z MEASURE_BEGIN 2 public432
tradeoff-c	Screen time and compression axes	2026-10-09T09:12:08.2908153Z ^[[32m2026-10-09 09:12:08.290^[[0m | ^[[34m^[[1mDEBUG   ^[[0m | ^[[36msandbox.bwrap^[[0m:^[[36mrun^[[0m:^[[36m110^[[0m - ^[[34m^[[1m[bwrap] rustc exit=0 in 0.0s^[[0m
tradeoff-c	Screen time and compression axes	2026-10-09T09:12:10.1000641Z ^[[32m2026-10-09 09:12:10.099^[[0m | ^[[34m^[[1mDEBUG   ^[[0m | ^[[36msandbox.bwrap^[[0m:^[[36mrun^[[0m:^[[36m110^[[0m - ^[[34m^[[1m[bwrap] cargo exit=0 in 1.8s^[[0m
tradeoff-c	Screen time and compression axes	2026-10-09T09:12:10.1001802Z ^[[32m2026-10-09 09:12:10.099^[[0m | ^[[34m^[[1mDEBUG   ^[[0m | ^[[36mbench.driver^[[0m:^[[36m_build^[[0m:^[[36m295^[[0m - ^[[34m^[[1m[bench] built incumbent in 1.8s exit=0^[[0m
tradeoff-c	Screen time and compression axes	2026-10-09T09:12:13.2987823Z ^[[32m2026-10-09 09:12:13.298^[[0m | ^[[34m^[[1mDEBUG   ^[[0m | ^[[36msandbox.bwrap^[[0m:^[[36mrun^[[0m:^[[36m110^[[0m - ^[[34m^[[1m[bwrap] cargo exit=0 in 3.2s^[[0m
tradeoff-c	Screen time and compression axes	2026-10-09T09:12:13.2989084Z ^[[32m2026-10-09 09:12:13.298^[[0m | ^[[34m^[[1mDEBUG   ^[[0m | ^[[36mbench.driver^[[0m:^[[36m_build^[[0m:^[[36m295^[[0m - ^[[34m^[[1m[bench] built public432 in 3.2s exit=0^[[0m
tradeoff-c	Screen time and compression axes	2026-10-09T09:12:24.3414748Z ^[[32m2026-10-09 09:12:24.341^[[0m | ^[[34m^[[1mDEBUG   ^[[0m | ^[[36msandbox.bwrap^[[0m:^[[36mrun^[[0m:^[[36m110^[[0m - ^[[34m^[[1m[bwrap] measure exit=0 in 11.0s^[[0m
tradeoff-c	Screen time and compression axes	2026-10-09T09:12:24.3416650Z ^[[32m2026-10-09 09:12:24.341^[[0m | ^[[34m^[[1mDEBUG   ^[[0m | ^[[36mbench.driver^[[0m:^[[36m_measure^[[0m:^[[36m333^[[0m - ^[[34m^[[1m[bench] measured public432 in 11.0s exit=0^[[0m
tradeoff-c	Screen time and compression axes	2026-10-09T09:12:24.3517419Z MEASUREMENT {"candidate": "public432", "round": 2, "time": 0.4327568008545405, "size_pct": 36.52435870548103, "parse_s": 0.038933076, "total_s": 0.22675268099999998, "output_bytes": 5376051, "source_sha256": "160d1b3f9edb307a0f97bde13cd972b5f6f0a426dd669515f639e4bfa24ef054"}
tradeoff-c	Screen time and compression axes	2026-10-09T09:12:24.3520976Z MEASURE_BEGIN 2 r3-432-fast3
tradeoff-c	Screen time and compression axes	2026-10-09T09:12:24.3949964Z ^[[32m2026-10-09 09:12:24.394^[[0m | ^[[34m^[[1mDEBUG   ^[[0m | ^[[36msandbox.bwrap^[[0m:^[[36mrun^[[0m:^[[36m110^[[0m - ^[[34m^[[1m[bwrap] rustc exit=0 in 0.0s^[[0m
tradeoff-c	Screen time and compression axes	2026-10-09T09:12:26.1739324Z ^[[32m2026-10-09 09:12:26.173^[[0m | ^[[34m^[[1mDEBUG   ^[[0m | ^[[36msandbox.bwrap^[[0m:^[[36mrun^[[0m:^[[36m110^[[0m - ^[[34m^[[1m[bwrap] cargo exit=0 in 1.8s^[[0m
tradeoff-c	Screen time and compression axes	2026-10-09T09:12:26.1740570Z ^[[32m2026-10-09 09:12:26.173^[[0m | ^[[34m^[[1mDEBUG   ^[[0m | ^[[36mbench.driver^[[0m:^[[36m_build^[[0m:^[[36m295^[[0m - ^[[34m^[[1m[bench] built incumbent in 1.8s exit=0^[[0m
tradeoff-c	Screen time and compression axes	2026-10-09T09:12:29.3931504Z ^[[32m2026-10-09 09:12:29.392^[[0m | ^[[34m^[[1mDEBUG   ^[[0m | ^[[36msandbox.bwrap^[[0m:^[[36mrun^[[0m:^[[36m110^[[0m - ^[[34m^[[1m[bwrap] cargo exit=0 in 3.2s^[[0m
tradeoff-c	Screen time and compression axes	2026-10-09T09:12:29.3932444Z ^[[32m2026-10-09 09:12:29.392^[[0m | ^[[34m^[[1mDEBUG   ^[[0m | ^[[36mbench.driver^[[0m:^[[36m_build^[[0m:^[[36m295^[[0m - ^[[34m^[[1m[bench] built r3-432-fast3 in 3.2s exit=0^[[0m
tradeoff-c	Screen time and compression axes	2026-10-09T09:12:40.4086559Z ^[[32m2026-10-09 09:12:40.408^[[0m | ^[[34m^[[1mDEBUG   ^[[0m | ^[[36msandbox.bwrap^[[0m:^[[36mrun^[[0m:^[[36m110^[[0m - ^[[34m^[[1m[bwrap] measure exit=0 in 11.0s^[[0m
tradeoff-c	Screen time and compression axes	2026-10-09T09:12:40.4087774Z ^[[32m2026-10-09 09:12:40.408^[[0m | ^[[34m^[[1mDEBUG   ^[[0m | ^[[36mbench.driver^[[0m:^[[36m_measure^[[0m:^[[36m333^[[0m - ^[[34m^[[1m[bench] measured r3-432-fast3 in 11.0s exit=0^[[0m
tradeoff-c	Screen time and compression axes	2026-10-09T09:12:40.4189208Z MEASUREMENT {"candidate": "r3-432-fast3", "round": 2, "time": 0.4295867193162601, "size_pct": 36.60213910633018, "parse_s": 0.033959156, "total_s": 0.223228465, "output_bytes": 5410408, "source_sha256": "bae8014121e4710f4a34ce63452578b4bf69121b4f695e1b1356780a019108ef"}
tradeoff-c	Screen time and compression axes	2026-10-09T09:12:40.4193783Z MEASURE_BEGIN 2 probe3
tradeoff-c	Screen time and compression axes	2026-10-09T09:12:40.4739533Z ^[[32m2026-10-09 09:12:40.473^[[0m | ^[[34m^[[1mDEBUG   ^[[0m | ^[[36msandbox.bwrap^[[0m:^[[36mrun^[[0m:^[[36m110^[[0m - ^[[34m^[[1m[bwrap] rustc exit=0 in 0.0s^[[0m
tradeoff-c	Screen time and compression axes	2026-10-09T09:12:42.2579674Z ^[[32m2026-10-09 09:12:42.257^[[0m | ^[[34m^[[1mDEBUG   ^[[0m | ^[[36msandbox.bwrap^[[0m:^[[36mrun^[[0m:^[[36m110^[[0m - ^[[34m^[[1m[bwrap] cargo exit=0 in 1.8s^[[0m
tradeoff-c	Screen time and compression axes	2026-10-09T09:12:42.2580946Z ^[[32m2026-10-09 09:12:42.257^[[0m | ^[[34m^[[1mDEBUG   ^[[0m | ^[[36mbench.driver^[[0m:^[[36m_build^[[0m:^[[36m295^[[0m - ^[[34m^[[1m[bench] built incumbent in 1.8s exit=0^[[0m
tradeoff-c	Screen time and compression axes	2026-10-09T09:12:44.9129641Z ^[[32m2026-10-09 09:12:44.912^[[0m | ^[[34m^[[1mDEBUG   ^[[0m | ^[[36msandbox.bwrap^[[0m:^[[36mrun^[[0m:^[[36m110^[[0m - ^[[34m^[[1m[bwrap] cargo exit=0 in 2.7s^[[0m
tradeoff-c	Screen time and compression axes	2026-10-09T09:12:44.9130850Z ^[[32m2026-10-09 09:12:44.912^[[0m | ^[[34m^[[1mDEBUG   ^[[0m | ^[[36mbench.driver^[[0m:^[[36m_build^[[0m:^[[36m295^[[0m - ^[[34m^[[1m[bench] built probe3 in 2.7s exit=0^[[0m
tradeoff-c	Screen time and compression axes	2026-10-09T09:12:56.2013249Z ^[[32m2026-10-09 09:12:56.201^[[0m | ^[[34m^[[1mDEBUG   ^[[0m | ^[[36msandbox.bwrap^[[0m:^[[36mrun^[[0m:^[[36m110^[[0m - ^[[34m^[[1m[bwrap] measure exit=0 in 11.3s^[[0m
tradeoff-c	Screen time and compression axes	2026-10-09T09:12:56.2015106Z ^[[32m2026-10-09 09:12:56.201^[[0m | ^[[34m^[[1mDEBUG   ^[[0m | ^[[36mbench.driver^[[0m:^[[36m_measure^[[0m:^[[36m333^[[0m - ^[[34m^[[1m[bench] measured probe3 in 11.3s exit=0^[[0m
tradeoff-c	Screen time and compression axes	2026-10-09T09:12:56.2392687Z MEASUREMENT {"candidate": "probe3", "round": 2, "time": 0.46025218663107975, "size_pct": 35.92083771476539, "parse_s": 0.05365737299999999, "total_s": 0.24238169200000007, "output_bytes": 5287026, "source_sha256": "e20ea5a7d2e77821008592faef393855077b9b8ceee244f390a85ac0257e047d"}
tradeoff-c	Screen time and compression axes	2026-10-09T09:12:56.2458056Z ROUND4_PHASE {"phase": "screen", "summary": [{"candidate": "r15-hash32-chain-depth2", "control": false, "blocks": [1, 2], "time": 0.4292780624319153, "size_pct": 36.11687097178615, "own_anchor": {"time": 0.43502599267408903, "size_pct": 36.56324510984816, "on_frontier": true, "dominating_ids": [], "conditional_geometry_weight": 0.003265055350194769, "size_gap_pp": 0}, "fixed_427": {"time": 0.43546090768139734, "size_pct": 36.370693064422305, "on_frontier": true, "dominating_ids": [], "conditional_geometry_weight": 0.02516533754592388, "size_gap_pp": 0}, "stress_1pct": {"time": 0.4397501931507392, "size_pct": 36.56324510984816, "on_frontier": false, "dominating_ids": ["481", "511", "555"], "conditional_geometry_weight": 0, "size_gap_pp": 0.048772263002547334}, "time_change_pct_vs_fast3": [-0.6269188007427928, -0.17461062684729356], "size_change_pp_vs_fast3": -0.48526813454402884, "equivalence": null}, {"candidate": "public514", "control": true, "blocks": [1, 2], "time": 0.4265573984731124, "size_pct": 36.20314548923299, "own_anchor": {"time": 0.4322682082556498, "size_pct": 36.65058590774305, "on_frontier": false, "dominating_ids": ["539"], "conditional_geometry_weight": 0, "size_gap_pp": 0.014138503906806932}, "fixed_427": {"time": 0.43270105829546635, "size_pct": 36.45757390179582, "on_frontier": true, "dominating_ids": [], "conditional_geometry_weight": 0.02271311843222927, "size_gap_pp": 0}, "stress_1pct": {"time": 0.4365908903382063, "size_pct": 36.65058590774305, "on_frontier": false, "dominating_ids": ["535", "539"], "conditional_geometry_weight": 0, "size_gap_pp": 0.07516733668117581}, "time_change_pct_vs_fast3": [-1.1727710641254552, -0.8917874202198028], "size_change_pp_vs_fast3": -0.39899361709719017, "equivalence": null}, {"candidate": "public514-shadow", "control": true, "blocks": [1, 2], "time": 0.4269673215620542, "size_pct": 36.20314548923299, "own_anchor": {"time": 0.43268568281691683, "size_pct": 36.65058590774305, "on_frontier": false, "dominating_ids": ["539"], "conditional_geometry_weight": 0, "size_gap_pp": 0.014138503906806932}, "fixed_427": {"time": 0.43311688546207927, "size_pct": 36.45757390179582, "on_frontier": true, "dominating_ids": [], "conditional_geometry_weight": 0.02152218372070571, "size_gap_pp": 0}, "stress_1pct": {"time": 0.43812139307464143, "size_pct": 36.65058590774305, "on_frontier": false, "dominating_ids": ["535", "539"], "conditional_geometry_weight": 0, "size_gap_pp": 0.07516733668117581}, "time_change_pct_vs_fast3": [-1.3283273999545098, -0.5443560057918795], "size_change_pp_vs_fast3": -0.39899361709719017, "equivalence": null}, {"candidate": "r15-hash32-chain-gain", "control": false, "blocks": [1, 2], "time": 0.42649948090414036, "size_pct": 36.2046642502339, "own_anchor": {"time": 0.4322112473552155, "size_pct": 36.65212343935211, "on_frontier": false, "dominating_ids": ["539"], "conditional_geometry_weight": 0, "size_gap_pp": 0.015676035515866715}, "fixed_427": {"time": 0.43264230654604685, "size_pct": 36.459103336343055, "on_frontier": true, "dominating_ids": [], "conditional_geometry_weight": 0.022664253653909, "size_gap_pp": 0}, "stress_1pct": {"time": 0.43746417892118894, "size_pct": 36.65212343935211, "on_frontier": false, "dominating_ids": ["535", "539"], "conditional_geometry_weight": 0, "size_gap_pp": 0.0767048682902356}, "time_change_pct_vs_fast3": [-1.3964950458513203, -0.6935467504277759], "size_change_pp_vs_fast3": -0.39747485609628086, "equivalence": null}, {"candidate": "r14-514-hash32", "control": true, "blocks": [1, 2], "time": 0.42676789384030167, "size_pct": 36.21069208341262, "own_anchor": {"time": 0.4324836106361654, "size_pct": 36.65822577147737, "on_frontier": false, "dominating_ids": ["539"], "conditional_geometry_weight": 0, "size_gap_pp": 0.02177836764112584}, "fixed_427": {"time": 0.432914585404538, "size_pct": 36.465173531918914, "on_frontier": true, "dominating_ids": [], "conditional_geometry_weight": 0.020950019654332908, "size_gap_pp": 0}, "stress_1pct": {"time": 0.4379310076898406, "size_pct": 36.65822577147737, "on_frontier": false, "dominating_ids": ["535", "539"], "conditional_geometry_weight": 0, "size_gap_pp": 0.08280720041549472}, "time_change_pct_vs_fast3": [-1.377628960013022, -0.5875743953792201], "size_change_pp_vs_fast3": -0.3914470229175606, "equivalence": null}, {"candidate": "fast-shadow", "control": true, "blocks": [1, 2], "time": 0.4301995181456224, "size_pct": 36.60213910633018, "own_anchor": {"time": 0.4370577317392459, "size_pct": 36.999728556810254, "on_frontier": false, "dominating_ids": ["535", "539"], "conditional_geometry_weight": 0, "size_gap_pp": 0.42430998574837986}, "fixed_427": {"time": 0.4363956350215412, "size_pct": 36.859371565647756, "on_frontier": false, "dominating_ids": ["535", "539"], "conditional_geometry_weight": 0, "size_gap_pp": 0.2839529945858814}, "stress_1pct": {"time": 0.44334196709557727, "size_pct": 36.999728556810254, "on_frontier": false, "dominating_ids": ["481", "511", "535", "539", "546", "555"], "conditional_geometry_weight": 0, "size_gap_pp": 0.8238550157184079}, "time_change_pct_vs_fast3": [-0.6190001559960301, 0.24641467752042345], "size_change_pp_vs_fast3": 0.0, "equivalence": null}, {"candidate": "r3-432-fast3", "control": true, "blocks": [1, 2], "time": 0.4310086085087581, "size_pct": 36.60213910633018, "own_anchor": {"time": 0.43787345819892, "size_pct": 36.999728556810254, "on_frontier": false, "dominating_ids": ["535", "539"], "conditional_geometry_weight": 0, "size_gap_pp": 0.42430998574837986}, "fixed_427": {"time": 0.4372163786251891, "size_pct": 36.859371565647756, "on_frontier": false, "dominating_ids": ["535", "539"], "conditional_geometry_weight": 0, "size_gap_pp": 0.2839529945858814}, "stress_1pct": {"time": 0.4422521927809092, "size_pct": 36.999728556810254, "on_frontier": false, "dominating_ids": ["481", "511", "535", "539", "546", "555"], "conditional_geometry_weight": 0, "size_gap_pp": 0.8238550157184079}, "time_change_pct_vs_fast3": [0.0, 0.0], "size_change_pp_vs_fast3": 0.0, "equivalence": null}, {"candidate": "probe3", "control": true, "blocks": [1, 2], "time": 0.46046524487571217, "size_pct": 35.92083771476539, "own_anchor": {"time": 0.46614327772931885, "size_pct": 36.173282125166494, "on_frontier": false, "dominating_ids": ["464", "498", "525", "528", "534", "543"], "conditional_geometry_weight": 0, "size_gap_pp": 0.47576138697611725}, "fixed_427": {"time": 0.46709727572234533, "size_pct": 36.173282125166494, "on_frontier": false, "dominating_ids": ["464", "498", "525", "528", "534", "543"], "conditional_geometry_weight": 0, "size_gap_pp": 0.47576138697611725}, "stress_1pct": {"time": 0.4708047105066121, "size_pct": 36.173282125166494, "on_frontier": false, "dominating_ids": ["464", "498", "525", "528", "534", "543"], "conditional_geometry_weight": 0, "size_gap_pp": 0.47576138697611725}, "time_change_pct_vs_fast3": [6.5323342292576525, 7.138364836703404], "size_change_pp_vs_fast3": -0.6813013915647872, "equivalence": null}, {"candidate": "public432", "control": true, "blocks": [1, 2], "time": 0.432499652856808, "size_pct": 36.52435870548103, "own_anchor": {"time": 0.4413850574969763, "size_pct": 36.91273515631194, "on_frontier": false, "dominating_ids": ["481", "511", "535", "539", "546", "555"], "conditional_geometry_weight": 0, "size_gap_pp": 0.7368616152200929}, "fixed_427": {"time": 0.4387288983228338, "size_pct": 36.781044539812044, "on_frontier": false, "dominating_ids": ["535", "539"], "conditional_geometry_weight": 0, "size_gap_pp": 0.20562596875016936}, "stress_1pct": {"time": 0.4457989080719461, "size_pct": 36.91273515631194, "on_frontier": false, "dominating_ids": ["481", "511", "535", "539", "543", "546", "555"], "conditional_geometry_weight": 0, "size_gap_pp": 0.8773504757643167}, "time_change_pct_vs_fast3": [-0.04347353925773234, 0.7379375096432161], "size_change_pp_vs_fast3": -0.07778040084915006, "equivalence": null}], "gates": {}, "failures": []}
tradeoff-c	Publish early paired measurement receipt	﻿2026-10-09T09:12:56.2664094Z ##[group]Run actions/upload-artifact@ea165f8d65b6e75b540449e92b4886f43607fa02
tradeoff-c	Publish early paired measurement receipt	2026-10-09T09:12:56.2664785Z with:
tradeoff-c	Publish early paired measurement receipt	2026-10-09T09:12:56.2665062Z   name: r15-37908457858-tradeoff-c-screen
tradeoff-c	Publish early paired measurement receipt	2026-10-09T09:12:56.2665460Z   path: /home/runner/work/_temp/round4-receipts/
tradeoff-c	Publish early paired measurement receipt	2026-10-09T09:12:56.2665844Z   retention-days: 1
tradeoff-c	Publish early paired measurement receipt	2026-10-09T09:12:56.2666127Z   compression-level: 9
tradeoff-c	Publish early paired measurement receipt	2026-10-09T09:12:56.2666426Z   if-no-files-found: ignore
tradeoff-c	Publish early paired measurement receipt	2026-10-09T09:12:56.2666729Z   overwrite: false
tradeoff-c	Publish early paired measurement receipt	2026-10-09T09:12:56.2667007Z   include-hidden-files: false
tradeoff-c	Publish early paired measurement receipt	2026-10-09T09:12:56.2667320Z env:
tradeoff-c	Publish early paired measurement receipt	2026-10-09T09:12:56.2667571Z   ROUND4_SPEC: tradeoff-c
tradeoff-c	Publish early paired measurement receipt	2026-10-09T09:12:56.2667881Z   ROUND4_SPEC_DIR: evidence/round15
tradeoff-c	Publish early paired measurement receipt	2026-10-09T09:12:56.2668290Z   DEFLATE_ROOT: /home/runner/work/_temp/deflate-upstream
tradeoff-c	Publish early paired measurement receipt	2026-10-09T09:12:56.2668839Z   ELAN_HOME: /home/runner/work/_temp/deflate-upstream/validator/.work/elan
tradeoff-c	Publish early paired measurement receipt	2026-10-09T09:12:56.2669402Z   XDG_CACHE_HOME: /home/runner/work/_temp/deflate-cache
tradeoff-c	Publish early paired measurement receipt	2026-10-09T09:12:56.2669885Z   UV_CACHE_DIR: /home/runner/work/_temp/deflate-cache/uv
tradeoff-c	Publish early paired measurement receipt	2026-10-09T09:12:56.2670341Z   XDG_RUNTIME_DIR: /run/user/1001
tradeoff-c	Publish early paired measurement receipt	2026-10-09T09:12:56.2670739Z   DBUS_SESSION_BUS_ADDRESS: unix:path=/run/user/1001/bus
tradeoff-c	Publish early paired measurement receipt	2026-10-09T09:12:56.2671221Z   VERIFY_CORPUS: corpus-stage1
tradeoff-c	Publish early paired measurement receipt	2026-10-09T09:12:56.2671511Z   VERIFY_SANDBOX: bwrap
tradeoff-c	Publish early paired measurement receipt	2026-10-09T09:12:56.2671803Z   GIT_TERMINAL_PROMPT: 0
tradeoff-c	Publish early paired measurement receipt	2026-10-09T09:12:56.2672110Z ##[endgroup]
tradeoff-c	Publish early paired measurement receipt	2026-10-09T09:12:56.4207873Z (node:8109) [DEP0040] DeprecationWarning: The `punycode` module is deprecated. Please use a userland alternative instead.
tradeoff-c	Publish early paired measurement receipt	2026-10-09T09:12:56.4208651Z (Use `node --trace-deprecation ...` to show where the warning was created)
tradeoff-c	Publish early paired measurement receipt	2026-10-09T09:12:56.4302370Z With the provided path, there will be 40 files uploaded
tradeoff-c	Publish early paired measurement receipt	2026-10-09T09:12:56.4307672Z Artifact name is valid!
tradeoff-c	Publish early paired measurement receipt	2026-10-09T09:12:56.4308235Z Root directory input is valid!
tradeoff-c	Publish early paired measurement receipt	2026-10-09T09:12:56.7737787Z Beginning upload of artifact content to blob storage
tradeoff-c	Publish early paired measurement receipt	2026-10-09T09:12:56.9615777Z (node:8109) [DEP0169] DeprecationWarning: `url.parse()` behavior is not standardized and prone to errors that have security implications. Use the WHATWG URL API instead. CVEs are not issued for `url.parse()` vulnerabilities.
tradeoff-c	Publish early paired measurement receipt	2026-10-09T09:12:57.4486728Z Uploaded bytes 597451
tradeoff-c	Publish early paired measurement receipt	2026-10-09T09:12:57.5130541Z Finished uploading artifact content to blob storage!
tradeoff-c	Publish early paired measurement receipt	2026-10-09T09:12:57.5131310Z SHA256 digest of uploaded artifact zip is d4508067c995400d4c848429a91488bec2dd4a360af5e20c4ef0d38ce0dfe1cf
tradeoff-c	Publish early paired measurement receipt	2026-10-09T09:12:57.5132554Z Finalizing artifact upload
tradeoff-c	Publish early paired measurement receipt	2026-10-09T09:12:57.8005159Z Artifact r15-37908457858-tradeoff-c-screen.zip successfully finalized. Artifact ID 11605744138
tradeoff-c	Publish early paired measurement receipt	2026-10-09T09:12:57.8006153Z Artifact r15-37908457858-tradeoff-c-screen has been successfully uploaded! Final size is 597451 bytes. Artifact ID is 11605744138
tradeoff-c	Publish early paired measurement receipt	2026-10-09T09:12:57.8010153Z Artifact download URL: https://github.com/HuanHuanHuanFFF/Miner/actions/runs/37908457858/artifacts/11605744138
tradeoff-c	Refine shortlisted candidates	﻿2026-10-09T09:12:57.8132101Z ##[group]Run export PATH="$HOME/.local/bin:$HOME/.cargo/bin:$ELAN_HOME/bin:$PATH"
tradeoff-c	Refine shortlisted candidates	2026-10-09T09:12:57.8132560Z ^[[36;1mexport PATH="$HOME/.local/bin:$HOME/.cargo/bin:$ELAN_HOME/bin:$PATH"^[[0m
tradeoff-c	Refine shortlisted candidates	2026-10-09T09:12:57.8132915Z ^[[36;1mexport PYTHONPATH="$DEFLATE_ROOT/validator"^[[0m
tradeoff-c	Refine shortlisted candidates	2026-10-09T09:12:57.8133241Z ^[[36;1m"$DEFLATE_ROOT/.venv/bin/python" scripts/round4.py refine^[[0m
tradeoff-c	Refine shortlisted candidates	2026-10-09T09:12:57.8185986Z shell: /usr/bin/bash -e {0}
tradeoff-c	Refine shortlisted candidates	2026-10-09T09:12:57.8186213Z env:
tradeoff-c	Refine shortlisted candidates	2026-10-09T09:12:57.8186400Z   ROUND4_SPEC: tradeoff-c
tradeoff-c	Refine shortlisted candidates	2026-10-09T09:12:57.8186621Z   ROUND4_SPEC_DIR: evidence/round15
tradeoff-c	Refine shortlisted candidates	2026-10-09T09:12:57.8186905Z   DEFLATE_ROOT: /home/runner/work/_temp/deflate-upstream
tradeoff-c	Refine shortlisted candidates	2026-10-09T09:12:57.8187254Z   ELAN_HOME: /home/runner/work/_temp/deflate-upstream/validator/.work/elan
tradeoff-c	Refine shortlisted candidates	2026-10-09T09:12:57.8187598Z   XDG_CACHE_HOME: /home/runner/work/_temp/deflate-cache
tradeoff-c	Refine shortlisted candidates	2026-10-09T09:12:57.8187901Z   UV_CACHE_DIR: /home/runner/work/_temp/deflate-cache/uv
tradeoff-c	Refine shortlisted candidates	2026-10-09T09:12:57.8188165Z   XDG_RUNTIME_DIR: /run/user/1001
tradeoff-c	Refine shortlisted candidates	2026-10-09T09:12:57.8188481Z   DBUS_SESSION_BUS_ADDRESS: unix:path=/run/user/1001/bus
tradeoff-c	Refine shortlisted candidates	2026-10-09T09:12:57.8188750Z   VERIFY_CORPUS: corpus-stage1
tradeoff-c	Refine shortlisted candidates	2026-10-09T09:12:57.8188966Z   VERIFY_SANDBOX: bwrap
tradeoff-c	Refine shortlisted candidates	2026-10-09T09:12:57.8189164Z   GIT_TERMINAL_PROMPT: 0
tradeoff-c	Refine shortlisted candidates	2026-10-09T09:12:57.8189362Z ##[endgroup]
tradeoff-c	Refine shortlisted candidates	2026-10-09T09:12:57.9439479Z ROUND4_PHASE {"phase": "refine", "summary": [{"candidate": "r15-hash32-chain-depth2", "control": false, "blocks": [1, 2], "time": 0.4292780624319153, "size_pct": 36.11687097178615, "own_anchor": {"time": 0.43502599267408903, "size_pct": 36.56324510984816, "on_frontier": true, "dominating_ids": [], "conditional_geometry_weight": 0.003265055350194769, "size_gap_pp": 0}, "fixed_427": {"time": 0.43546090768139734, "size_pct": 36.370693064422305, "on_frontier": true, "dominating_ids": [], "conditional_geometry_weight": 0.02516533754592388, "size_gap_pp": 0}, "stress_1pct": {"time": 0.4397501931507392, "size_pct": 36.56324510984816, "on_frontier": false, "dominating_ids": ["481", "511", "555"], "conditional_geometry_weight": 0, "size_gap_pp": 0.048772263002547334}, "time_change_pct_vs_fast3": [-0.6269188007427928, -0.17461062684729356], "size_change_pp_vs_fast3": -0.48526813454402884, "equivalence": null}, {"candidate": "public514", "control": true, "blocks": [1, 2], "time": 0.4265573984731124, "size_pct": 36.20314548923299, "own_anchor": {"time": 0.4322682082556498, "size_pct": 36.65058590774305, "on_frontier": false, "dominating_ids": ["539"], "conditional_geometry_weight": 0, "size_gap_pp": 0.014138503906806932}, "fixed_427": {"time": 0.43270105829546635, "size_pct": 36.45757390179582, "on_frontier": true, "dominating_ids": [], "conditional_geometry_weight": 0.02271311843222927, "size_gap_pp": 0}, "stress_1pct": {"time": 0.4365908903382063, "size_pct": 36.65058590774305, "on_frontier": false, "dominating_ids": ["535", "539"], "conditional_geometry_weight": 0, "size_gap_pp": 0.07516733668117581}, "time_change_pct_vs_fast3": [-1.1727710641254552, -0.8917874202198028], "size_change_pp_vs_fast3": -0.39899361709719017, "equivalence": null}, {"candidate": "public514-shadow", "control": true, "blocks": [1, 2], "time": 0.4269673215620542, "size_pct": 36.20314548923299, "own_anchor": {"time": 0.43268568281691683, "size_pct": 36.65058590774305, "on_frontier": false, "dominating_ids": ["539"], "conditional_geometry_weight": 0, "size_gap_pp": 0.014138503906806932}, "fixed_427": {"time": 0.43311688546207927, "size_pct": 36.45757390179582, "on_frontier": true, "dominating_ids": [], "conditional_geometry_weight": 0.02152218372070571, "size_gap_pp": 0}, "stress_1pct": {"time": 0.43812139307464143, "size_pct": 36.65058590774305, "on_frontier": false, "dominating_ids": ["535", "539"], "conditional_geometry_weight": 0, "size_gap_pp": 0.07516733668117581}, "time_change_pct_vs_fast3": [-1.3283273999545098, -0.5443560057918795], "size_change_pp_vs_fast3": -0.39899361709719017, "equivalence": null}, {"candidate": "r15-hash32-chain-gain", "control": false, "blocks": [1, 2], "time": 0.42649948090414036, "size_pct": 36.2046642502339, "own_anchor": {"time": 0.4322112473552155, "size_pct": 36.65212343935211, "on_frontier": false, "dominating_ids": ["539"], "conditional_geometry_weight": 0, "size_gap_pp": 0.015676035515866715}, "fixed_427": {"time": 0.43264230654604685, "size_pct": 36.459103336343055, "on_frontier": true, "dominating_ids": [], "conditional_geometry_weight": 0.022664253653909, "size_gap_pp": 0}, "stress_1pct": {"time": 0.43746417892118894, "size_pct": 36.65212343935211, "on_frontier": false, "dominating_ids": ["535", "539"], "conditional_geometry_weight": 0, "size_gap_pp": 0.0767048682902356}, "time_change_pct_vs_fast3": [-1.3964950458513203, -0.6935467504277759], "size_change_pp_vs_fast3": -0.39747485609628086, "equivalence": null}, {"candidate": "r14-514-hash32", "control": true, "blocks": [1, 2], "time": 0.42676789384030167, "size_pct": 36.21069208341262, "own_anchor": {"time": 0.4324836106361654, "size_pct": 36.65822577147737, "on_frontier": false, "dominating_ids": ["539"], "conditional_geometry_weight": 0, "size_gap_pp": 0.02177836764112584}, "fixed_427": {"time": 0.432914585404538, "size_pct": 36.465173531918914, "on_frontier": true, "dominating_ids": [], "conditional_geometry_weight": 0.020950019654332908, "size_gap_pp": 0}, "stress_1pct": {"time": 0.4379310076898406, "size_pct": 36.65822577147737, "on_frontier": false, "dominating_ids": ["535", "539"], "conditional_geometry_weight": 0, "size_gap_pp": 0.08280720041549472}, "time_change_pct_vs_fast3": [-1.377628960013022, -0.5875743953792201], "size_change_pp_vs_fast3": -0.3914470229175606, "equivalence": null}, {"candidate": "fast-shadow", "control": true, "blocks": [1, 2], "time": 0.4301995181456224, "size_pct": 36.60213910633018, "own_anchor": {"time": 0.4370577317392459, "size_pct": 36.999728556810254, "on_frontier": false, "dominating_ids": ["535", "539"], "conditional_geometry_weight": 0, "size_gap_pp": 0.42430998574837986}, "fixed_427": {"time": 0.4363956350215412, "size_pct": 36.859371565647756, "on_frontier": false, "dominating_ids": ["535", "539"], "conditional_geometry_weight": 0, "size_gap_pp": 0.2839529945858814}, "stress_1pct": {"time": 0.44334196709557727, "size_pct": 36.999728556810254, "on_frontier": false, "dominating_ids": ["481", "511", "535", "539", "546", "555"], "conditional_geometry_weight": 0, "size_gap_pp": 0.8238550157184079}, "time_change_pct_vs_fast3": [-0.6190001559960301, 0.24641467752042345], "size_change_pp_vs_fast3": 0.0, "equivalence": null}, {"candidate": "r3-432-fast3", "control": true, "blocks": [1, 2], "time": 0.4310086085087581, "size_pct": 36.60213910633018, "own_anchor": {"time": 0.43787345819892, "size_pct": 36.999728556810254, "on_frontier": false, "dominating_ids": ["535", "539"], "conditional_geometry_weight": 0, "size_gap_pp": 0.42430998574837986}, "fixed_427": {"time": 0.4372163786251891, "size_pct": 36.859371565647756, "on_frontier": false, "dominating_ids": ["535", "539"], "conditional_geometry_weight": 0, "size_gap_pp": 0.2839529945858814}, "stress_1pct": {"time": 0.4422521927809092, "size_pct": 36.999728556810254, "on_frontier": false, "dominating_ids": ["481", "511", "535", "539", "546", "555"], "conditional_geometry_weight": 0, "size_gap_pp": 0.8238550157184079}, "time_change_pct_vs_fast3": [0.0, 0.0], "size_change_pp_vs_fast3": 0.0, "equivalence": null}, {"candidate": "probe3", "control": true, "blocks": [1, 2], "time": 0.46046524487571217, "size_pct": 35.92083771476539, "own_anchor": {"time": 0.46614327772931885, "size_pct": 36.173282125166494, "on_frontier": false, "dominating_ids": ["464", "498", "525", "528", "534", "543"], "conditional_geometry_weight": 0, "size_gap_pp": 0.47576138697611725}, "fixed_427": {"time": 0.46709727572234533, "size_pct": 36.173282125166494, "on_frontier": false, "dominating_ids": ["464", "498", "525", "528", "534", "543"], "conditional_geometry_weight": 0, "size_gap_pp": 0.47576138697611725}, "stress_1pct": {"time": 0.4708047105066121, "size_pct": 36.173282125166494, "on_frontier": false, "dominating_ids": ["464", "498", "525", "528", "534", "543"], "conditional_geometry_weight": 0, "size_gap_pp": 0.47576138697611725}, "time_change_pct_vs_fast3": [6.5323342292576525, 7.138364836703404], "size_change_pp_vs_fast3": -0.6813013915647872, "equivalence": null}, {"candidate": "public432", "control": true, "blocks": [1, 2], "time": 0.432499652856808, "size_pct": 36.52435870548103, "own_anchor": {"time": 0.4413850574969763, "size_pct": 36.91273515631194, "on_frontier": false, "dominating_ids": ["481", "511", "535", "539", "546", "555"], "conditional_geometry_weight": 0, "size_gap_pp": 0.7368616152200929}, "fixed_427": {"time": 0.4387288983228338, "size_pct": 36.781044539812044, "on_frontier": false, "dominating_ids": ["535", "539"], "conditional_geometry_weight": 0, "size_gap_pp": 0.20562596875016936}, "stress_1pct": {"time": 0.4457989080719461, "size_pct": 36.91273515631194, "on_frontier": false, "dominating_ids": ["481", "511", "535", "539", "543", "546", "555"], "conditional_geometry_weight": 0, "size_gap_pp": 0.8773504757643167}, "time_change_pct_vs_fast3": [-0.04347353925773234, 0.7379375096432161], "size_change_pp_vs_fast3": -0.07778040084915006, "equivalence": null}], "gates": {}, "failures": []}
tradeoff-c	Run selected fresh official gate	﻿2026-10-09T09:12:57.9609896Z ##[group]Run export PATH="$HOME/.local/bin:$HOME/.cargo/bin:$ELAN_HOME/bin:$PATH"
tradeoff-c	Run selected fresh official gate	2026-10-09T09:12:57.9610658Z ^[[36;1mexport PATH="$HOME/.local/bin:$HOME/.cargo/bin:$ELAN_HOME/bin:$PATH"^[[0m
tradeoff-c	Run selected fresh official gate	2026-10-09T09:12:57.9611223Z ^[[36;1mexport PYTHONPATH="$DEFLATE_ROOT/validator"^[[0m
tradeoff-c	Run selected fresh official gate	2026-10-09T09:12:57.9611729Z ^[[36;1m"$DEFLATE_ROOT/.venv/bin/python" scripts/round4.py gate^[[0m
tradeoff-c	Run selected fresh official gate	2026-10-09T09:12:57.9682982Z shell: /usr/bin/bash -e {0}
tradeoff-c	Run selected fresh official gate	2026-10-09T09:12:57.9683323Z env:
tradeoff-c	Run selected fresh official gate	2026-10-09T09:12:57.9683595Z   ROUND4_SPEC: tradeoff-c
tradeoff-c	Run selected fresh official gate	2026-10-09T09:12:57.9683930Z   ROUND4_SPEC_DIR: evidence/round15
tradeoff-c	Run selected fresh official gate	2026-10-09T09:12:57.9684536Z   DEFLATE_ROOT: /home/runner/work/_temp/deflate-upstream
tradeoff-c	Run selected fresh official gate	2026-10-09T09:12:57.9685092Z   ELAN_HOME: /home/runner/work/_temp/deflate-upstream/validator/.work/elan
tradeoff-c	Run selected fresh official gate	2026-10-09T09:12:57.9685642Z   XDG_CACHE_HOME: /home/runner/work/_temp/deflate-cache
tradeoff-c	Run selected fresh official gate	2026-10-09T09:12:57.9686132Z   UV_CACHE_DIR: /home/runner/work/_temp/deflate-cache/uv
tradeoff-c	Run selected fresh official gate	2026-10-09T09:12:57.9686542Z   XDG_RUNTIME_DIR: /run/user/1001
tradeoff-c	Run selected fresh official gate	2026-10-09T09:12:57.9686990Z   DBUS_SESSION_BUS_ADDRESS: unix:path=/run/user/1001/bus
tradeoff-c	Run selected fresh official gate	2026-10-09T09:12:57.9687427Z   VERIFY_CORPUS: corpus-stage1
tradeoff-c	Run selected fresh official gate	2026-10-09T09:12:57.9687750Z   VERIFY_SANDBOX: bwrap
tradeoff-c	Run selected fresh official gate	2026-10-09T09:12:57.9688051Z   GIT_TERMINAL_PROMPT: 0
tradeoff-c	Run selected fresh official gate	2026-10-09T09:12:57.9688348Z ##[endgroup]
tradeoff-c	Run selected fresh official gate	2026-10-09T09:12:58.0791751Z SYNTHETIC_INPUTS {"source-like.txt": {"bytes": 220484, "sha256": "326efe91d7d1e5a11bee87388ef45c7551b1b541f17a1749d7cd5cd53c25ab66"}, "short-log.txt": {"bytes": 32505, "sha256": "23ef9a1b24b2cfcd1c73f1ff1a71ab017cbcf921409f96f8839c74819d3c0b82"}, "table.csv": {"bytes": 193765, "sha256": "e773c09c5e5d585dc64330f220ca47963de24c1be3297a8161e89fca34b98a85"}, "multilingual.txt": {"bytes": 163270, "sha256": "bdd257c8c2afbd9c418ec8954e0ca3f2cedbfa5a622e9b2d5255f35647f1aecc"}, "random.bin": {"bytes": 131101, "sha256": "22c862f2c2c5fd5a072e9f74b5a056aacb9025228d040addb56dcd9bec4c09d3"}, "window-boundary.bin": {"bytes": 73735, "sha256": "3d5e223fd8ced74430c5b87ebbbe4ff9c9782c6902f9b137538dddc79f087dcc"}, "sparse.bin": {"bytes": 53803, "sha256": "c51b774d8aadb5b636c1463ff5a9df4fe6c326330101df1daf2e4745b07678d3"}, "tiny-structured.txt": {"bytes": 15588, "sha256": "2b4701704019445efcca8272c668d8015913d54616281baf813d477623dfcdd3"}}
tradeoff-c	Run selected fresh official gate	2026-10-09T09:12:58.1249082Z ^[[32m2026-10-09 09:12:58.124^[[0m | ^[[34m^[[1mDEBUG   ^[[0m | ^[[36msandbox.bwrap^[[0m:^[[36mrun^[[0m:^[[36m110^[[0m - ^[[34m^[[1m[bwrap] rustc exit=0 in 0.0s^[[0m
tradeoff-c	Run selected fresh official gate	2026-10-09T09:12:59.9321377Z ^[[32m2026-10-09 09:12:59.931^[[0m | ^[[34m^[[1mDEBUG   ^[[0m | ^[[36msandbox.bwrap^[[0m:^[[36mrun^[[0m:^[[36m110^[[0m - ^[[34m^[[1m[bwrap] cargo exit=0 in 1.8s^[[0m
tradeoff-c	Run selected fresh official gate	2026-10-09T09:12:59.9323090Z ^[[32m2026-10-09 09:12:59.931^[[0m | ^[[34m^[[1mDEBUG   ^[[0m | ^[[36mbench.driver^[[0m:^[[36m_build^[[0m:^[[36m295^[[0m - ^[[34m^[[1m[bench] built incumbent in 1.8s exit=0^[[0m
tradeoff-c	Run selected fresh official gate	2026-10-09T09:13:03.1902004Z ^[[32m2026-10-09 09:13:03.189^[[0m | ^[[34m^[[1mDEBUG   ^[[0m | ^[[36msandbox.bwrap^[[0m:^[[36mrun^[[0m:^[[36m110^[[0m - ^[[34m^[[1m[bwrap] cargo exit=0 in 3.3s^[[0m
tradeoff-c	Run selected fresh official gate	2026-10-09T09:13:03.1903398Z ^[[32m2026-10-09 09:13:03.190^[[0m | ^[[34m^[[1mDEBUG   ^[[0m | ^[[36mbench.driver^[[0m:^[[36m_build^[[0m:^[[36m295^[[0m - ^[[34m^[[1m[bench] built r3-432-fast3 in 3.3s exit=0^[[0m
tradeoff-c	Run selected fresh official gate	2026-10-09T09:13:03.7624825Z ^[[32m2026-10-09 09:13:03.762^[[0m | ^[[34m^[[1mDEBUG   ^[[0m | ^[[36msandbox.bwrap^[[0m:^[[36mrun^[[0m:^[[36m110^[[0m - ^[[34m^[[1m[bwrap] measure exit=0 in 0.6s^[[0m
tradeoff-c	Run selected fresh official gate	2026-10-09T09:13:03.7626287Z ^[[32m2026-10-09 09:13:03.762^[[0m | ^[[34m^[[1mDEBUG   ^[[0m | ^[[36mbench.driver^[[0m:^[[36m_measure^[[0m:^[[36m333^[[0m - ^[[34m^[[1m[bench] measured r3-432-fast3 in 0.6s exit=0^[[0m
tradeoff-c	Run selected fresh official gate	2026-10-09T09:13:03.7665818Z SYNTHETIC_MEASUREMENT {"candidate": "r3-432-fast3", "round": 1, "time": 0.35387552608063344, "size_pct": 36.611473427728505}
tradeoff-c	Run selected fresh official gate	2026-10-09T09:13:03.7670258Z SYNTHETIC_RAW 1 r3-432-fast3 {"kind": "meta", "schema_version": 4, "started_at_unix": 1791537183.2047427, "corpus": "synthetic-transfer", "corpus_dir": "/home/runner/work/_temp/round4-receipts/research-synthetic/synthetic-transfer", "os": "linux", "arch": "x86_64", "rustc_version": "rustc 1.100.0-nightly (8fa1c96cf 2026-08-17)", "cpu_model": "AMD EPYC 9V74 80-Core Processor", "cpu_governor": null, "warmup_rounds": 1, "measured_rounds": 11, "speed_floor": null, "methods": {"incumbent": {"external": false, "crate_dir": "/home/runner/work/_temp/deflate-upstream/data/bench-workspace/20261009T091258Z-c8f76e0a-b4qx7rcf/incumbent", "source_sha256": "b9e0d844baf5958cf0c1c66bfb9fd1f89663fa30f21a99c3c116b3dd2e771361", "lib_sha256": "141f58ceb5d68fdd9fef84fc9da46540dfd34174de8533d923ef187ae09ec57b"}, "r3-432-fast3": {"external": false, "crate_dir": "/home/runner/work/_temp/deflate-upstream/data/bench-workspace/20261009T091258Z-c8f76e0a-b4qx7rcf/r3-432-fast3", "source_sha256": "bae8014121e4710f4a34ce63452578b4bf69121b4f695e1b1356780a019108ef", "lib_sha256": "e3c97b3aef581e8e4a6e0f848cdd79427cdc9aa441d32c3110b73cc0508d3566"}}, "benchmark_provenance": {"version": 1, "engine_sha256": "ab202460691492f48d5c632375f5df2a74fc3769a81337e876607e9326a46fac", "template_sha256": "584b01793667c5257da4e76da919fbb3bb73c72fa434866622fe3905884d33f0", "host_sha256": "2b32344a74bca6b42edebf4f499412873c9bc3de9561a681587513913177b357", "cpus": "0", "process_affinity": [0, 1, 2, 3], "memory_mb": 2048, "sandbox": true, "build_profile": "release", "external_references": false}}
tradeoff-c	Run selected fresh official gate	2026-10-09T09:13:03.7682622Z SYNTHETIC_RAW 1 r3-432-fast3 {"kind": "file", "corpus": "synthetic-transfer", "file": "multilingual.txt", "raw_bytes": 163270, "sha256": "bdd257c8c2afbd9c418ec8954e0ca3f2cedbfa5a622e9b2d5255f35647f1aecc", "methods": {"incumbent": {"external": false, "output_bytes": 9206, "output_sha256": "dd1312ec4702740b4331fb5195ee7cf1f8f1e4ebb52c5bad2ee9ac46eb142e05", "tokens": 4618, "tokens_sha256": "a6e0f107a4d317d16a1a0fe1f14d8a05d25385b4de7fa5b1409ef0de972f3b25", "deterministic": true, "encode_s": 0.000385924, "errors": [], "reps": [{"phase": "warmup", "order_index": 1, "time_s": 0.002001395, "encode_s": 0.000385924, "total_s": 0.002387319}, {"phase": "measured", "order_index": 3, "time_s": 0.001871379, "encode_s": 0.000328296, "total_s": 0.002199675}, {"phase": "measured", "order_index": 5, "time_s": 0.001876586, "encode_s": 0.000296478, "total_s": 0.0021730639999999997}, {"phase": "measured", "order_index": 7, "time_s": 0.001877347, "encode_s": 0.000299934, "total_s": 0.002177281}, {"phase": "measured", "order_index": 9, "time_s": 0.001875605, "encode_s": 0.000308997, "total_s": 0.002184602}, {"phase": "measured", "order_index": 11, "time_s": 0.001878439, "encode_s": 0.000300104, "total_s": 0.002178543}, {"phase": "measured", "order_index": 13, "time_s": 0.001862265, "encode_s": 0.00031107, "total_s": 0.002173335}, {"phase": "measured", "order_index": 15, "time_s": 0.00187895, "encode_s": 0.000294184, "total_s": 0.002173134}, {"phase": "measured", "order_index": 17, "time_s": 0.001866982, "encode_s": 0.000298532, "total_s": 0.0021655140000000003}, {"phase": "measured", "order_index": 19, "time_s": 0.001867893, "encode_s": 0.000302848, "total_s": 0.002170741}, {"phase": "measured", "order_index": 21, "time_s": 0.001868454, "encode_s": 0.000300684, "total_s": 0.002169138}, {"phase": "measured", "order_index": 23, "time_s": 0.001856987, "encode_s": 0.000303069, "total_s": 0.002160056}]}, "r3-432-fast3": {"external": false, "output_bytes": 9684, "output_sha256": "a284573a2c433c69dbc0ce64c42cca6e59fe1f88b9f332af6236cb76a4cc5a89", "tokens": 5264, "tokens_sha256": "b76b372c9f2aeef288bc0b1429aeb3b3fe62fc4697f91a59072a22280df3b1fc", "deterministic": true, "encode_s": 0.000296719, "errors": [], "reps": [{"phase": "warmup", "order_index": 2, "time_s": 7.979e-05, "encode_s": 0.000296719, "total_s": 0.00037650899999999997}, {"phase": "measured", "order_index": 4, "time_s": 7.8438e-05, "encode_s": 0.000289227, "total_s": 0.000367665}, {"phase": "measured", "order_index": 6, "time_s": 7.8348e-05, "encode_s": 0.000305362, "total_s": 0.00038371}, {"phase": "measured", "order_index": 8, "time_s": 7.8088e-05, "encode_s": 0.00029062, "total_s": 0.00036870800000000003}, {"phase": "measured", "order_index": 10, "time_s": 7.8238e-05, "encode_s": 0.000295997, "total_s": 0.000374235}, {"phase": "measured", "order_index": 12, "time_s": 7.7707e-05, "encode_s": 0.000302888, "total_s": 0.000380595}, {"phase": "measured", "order_index": 14, "time_s": 7.8529e-05, "encode_s": 0.000287765, "total_s": 0.000366294}, {"phase": "measured", "order_index": 16, "time_s": 7.7317e-05, "encode_s": 0.000306033, "total_s": 0.00038334999999999997}, {"phase": "measured", "order_index": 18, "time_s": 7.7397e-05, "encode_s": 0.000286403, "total_s": 0.0003638}, {"phase": "measured", "order_index": 20, "time_s": 7.7928e-05, "encode_s": 0.000289026, "total_s": 0.000366954}, {"phase": "measured", "order_index": 22, "time_s": 7.7557e-05, "encode_s": 0.000300615, "total_s": 0.000378172}, {"phase": "measured", "order_index": 24, "time_s": 7.7767e-05, "encode_s": 0.000287605, "total_s": 0.00036537200000000004}]}}}
tradeoff-c	Run selected fresh official gate	2026-10-09T09:13:03.7716919Z SYNTHETIC_RAW 1 r3-432-fast3 {"kind": "file", "corpus": "synthetic-transfer", "file": "random.bin", "raw_bytes": 131101, "sha256": "22c862f2c2c5fd5a072e9f74b5a056aacb9025228d040addb56dcd9bec4c09d3", "methods": {"incumbent": {"external": false, "output_bytes": 131445, "output_sha256": "deebb4fe887edb814c65fc8f8d20b733d4a395d0e32399c3c25af9b591d8dc2d", "tokens": 130620, "tokens_sha256": "5330a4dbafd88f2b8356a1db487249115b5a636a9e2bab5cf05094461ba5cbc3", "deterministic": true, "encode_s": 0.005234371, "errors": [], "reps": [{"phase": "warmup", "order_index": 25, "time_s": 0.001936036, "encode_s": 0.005234371, "total_s": 0.007170407}, {"phase": "measured", "order_index": 27, "time_s": 0.001918689, "encode_s": 0.004946526, "total_s": 0.006865214999999999}, {"phase": "measured", "order_index": 29, "time_s": 0.001938079, "encode_s": 0.004920207, "total_s": 0.006858286}, {"phase": "measured", "order_index": 31, "time_s": 0.001924189, "encode_s": 0.004980928, "total_s": 0.006905117}, {"phase": "measured", "order_index": 33, "time_s": 0.001944539, "encode_s": 0.004919035, "total_s": 0.006863574000000001}, {"phase": "measured", "order_index": 35, "time_s": 0.001937598, "encode_s": 0.006308294, "total_s": 0.008245892}, {"phase": "measured", "order_index": 37, "time_s": 0.001903667, "encode_s": 0.004903481, "total_s": 0.006807148000000001}, {"phase": "measured", "order_index": 39, "time_s": 0.001893813, "encode_s": 0.004902359, "total_s": 0.0067961720000000005}, {"phase": "measured", "order_index": 41, "time_s": 0.001888093, "encode_s": 0.004920427, "total_s": 0.00680852}, {"phase": "measured", "order_index": 43, "time_s": 0.001888885, "encode_s": 0.005010543, "total_s": 0.006899428}, {"phase": "measured", "order_index": 45, "time_s": 0.001883647, "encode_s": 0.004972636, "total_s": 0.0068562829999999995}, {"phase": "measured", "order_index": 47, "time_s": 0.001900443, "encode_s": 0.004948079, "total_s": 0.006848522}]}, "r3-432-fast3": {"external": false, "output_bytes": 131144, "output_sha256": "52b5974219d121f00e342319360c4c8bcac7ff2eda0365aa245dfe321fd4613b", "tokens": 131101, "tokens_sha256": "861ef26a6d151afca1053cb702d3d74a8e4ef1beae1928ecd65b6e1995a7cb99", "deterministic": true, "encode_s": 0.004724241, "errors": [], "reps": [{"phase": "warmup", "order_index": 26, "time_s": 2.4437e-05, "encode_s": 0.004724241, "total_s": 0.004748678}, {"phase": "measured", "order_index": 28, "time_s": 2.3656e-05, "encode_s": 0.004691601, "total_s": 0.0047152570000000005}, {"phase": "measured", "order_index": 30, "time_s": 2.3616e-05, "encode_s": 0.004713214, "total_s": 0.00473683}, {"phase": "measured", "order_index": 32, "time_s": 2.3936e-05, "encode_s": 0.004691941, "total_s": 0.004715876999999999}, {"phase": "measured", "order_index": 34, "time_s": 2.3937e-05, "encode_s": 0.00468432, "total_s": 0.0047082569999999995}, {"phase": "measured", "order_index": 36, "time_s": 2.4066e-05, "encode_s": 0.004673815, "total_s": 0.004697880999999999}, {"phase": "measured", "order_index": 38, "time_s": 2.3165e-05, "encode_s": 0.004676258, "total_s": 0.004699423}, {"phase": "measured", "order_index": 40, "time_s": 2.3115e-05, "encode_s": 0.004732172, "total_s": 0.0047552869999999995}, {"phase": "measured", "order_index": 42, "time_s": 2.3616e-05, "encode_s": 0.004709839, "total_s": 0.004733455}, {"phase": "measured", "order_index": 44, "time_s": 2.3435e-05, "encode_s": 0.003960516, "total_s": 0.0039839509999999995}, {"phase": "measured", "order_index": 46, "time_s": 2.3295e-05, "encode_s": 0.004695417, "total_s": 0.004718712}, {"phase": "measured", "order_index": 48, "time_s": 2.3595e-05, "encode_s": 0.004713735, "total_s": 0.0047373300000000005}]}}}
tradeoff-c	Run selected fresh official gate	2026-10-09T09:13:03.7742772Z SYNTHETIC_RAW 1 r3-432-fast3 {"kind": "file", "corpus": "synthetic-transfer", "file": "short-log.txt", "raw_bytes": 32505, "sha256": "23ef9a1b24b2cfcd1c73f1ff1a71ab017cbcf921409f96f8839c74819d3c0b82", "methods": {"incumbent": {"external": false, "output_bytes": 4871, "output_sha256": "b801c58b86a433392a15971de32130be788d25cd6f3a91a1abda0f0a909dac25", "tokens": 3017, "tokens_sha256": "fcd4ea723eb6d0e399dc5c1cf6825e8d767f6fc45a05600bb177054b19e7eaec", "deterministic": true, "encode_s": 0.000228436, "errors": [], "reps": [{"phase": "warmup", "order_index": 49, "time_s": 0.000883686, "encode_s": 0.000228436, "total_s": 0.001112122}, {"phase": "measured", "order_index": 51, "time_s": 0.000882764, "encode_s": 0.000220664, "total_s": 0.001103428}, {"phase": "measured", "order_index": 53, "time_s": 0.00088009, "encode_s": 0.000218761, "total_s": 0.001098851}, {"phase": "measured", "order_index": 55, "time_s": 0.000891888, "encode_s": 0.000215776, "total_s": 0.001107664}, {"phase": "measured", "order_index": 57, "time_s": 0.000878979, "encode_s": 0.000213703, "total_s": 0.001092682}, {"phase": "measured", "order_index": 59, "time_s": 0.000883145, "encode_s": 0.000211159, "total_s": 0.001094304}, {"phase": "measured", "order_index": 61, "time_s": 0.000874782, "encode_s": 0.000212932, "total_s": 0.001087714}, {"phase": "measured", "order_index": 63, "time_s": 0.000874832, "encode_s": 0.000214965, "total_s": 0.001089797}, {"phase": "measured", "order_index": 65, "time_s": 0.0008802, "encode_s": 0.000210749, "total_s": 0.0010909490000000001}, {"phase": "measured", "order_index": 67, "time_s": 0.000911187, "encode_s": 0.000231439, "total_s": 0.001142626}, {"phase": "measured", "order_index": 69, "time_s": 0.00087997, "encode_s": 0.000214203, "total_s": 0.001094173}, {"phase": "measured", "order_index": 71, "time_s": 0.000879379, "encode_s": 0.000214434, "total_s": 0.001093813}]}, "r3-432-fast3": {"external": false, "output_bytes": 8277, "output_sha256": "44efccadf8af77a0163a4d6740f486246dd4c10770eb34fe7972bafa6c805687", "tokens": 12200, "tokens_sha256": "891ba096a1bfc6ebae0e33da360e53f6233e820044e96dd5cab5ca945671f382", "deterministic": true, "encode_s": 0.000250389, "errors": [], "reps": [{"phase": "warmup", "order_index": 50, "time_s": 7.0056e-05, "encode_s": 0.000250389, "total_s": 0.000320445}, {"phase": "measured", "order_index": 52, "time_s": 6.8123e-05, "encode_s": 0.000234595, "total_s": 0.000302718}, {"phase": "measured", "order_index": 54, "time_s": 8.624e-05, "encode_s": 0.000232301, "total_s": 0.000318541}, {"phase": "measured", "order_index": 56, "time_s": 6.5169e-05, "encode_s": 0.000232942, "total_s": 0.000298111}, {"phase": "measured", "order_index": 58, "time_s": 6.4297e-05, "encode_s": 0.000239141, "total_s": 0.000303438}, {"phase": "measured", "order_index": 60, "time_s": 6.5229e-05, "encode_s": 0.00023164, "total_s": 0.000296869}, {"phase": "measured", "order_index": 62, "time_s": 6.4788e-05, "encode_s": 0.000236107, "total_s": 0.000300895}, {"phase": "measured", "order_index": 64, "time_s": 6.4127e-05, "encode_s": 0.000229567, "total_s": 0.000293694}, {"phase": "measured", "order_index": 66, "time_s": 6.4377e-05, "encode_s": 0.000234745, "total_s": 0.000299122}, {"phase": "measured", "order_index": 68, "time_s": 6.5199e-05, "encode_s": 0.000233372, "total_s": 0.00029857099999999997}, {"phase": "measured", "order_index": 70, "time_s": 6.5058e-05, "encode_s": 0.000228726, "total_s": 0.000293784}, {"phase": "measured", "order_index": 72, "time_s": 6.5148e-05, "encode_s": 0.000229217, "total_s": 0.000294365}]}}}
tradeoff-c	Run selected fresh official gate	2026-10-09T09:13:03.7768897Z SYNTHETIC_RAW 1 r3-432-fast3 {"kind": "file", "corpus": "synthetic-transfer", "file": "source-like.txt", "raw_bytes": 220484, "sha256": "326efe91d7d1e5a11bee87388ef45c7551b1b541f17a1749d7cd5cd53c25ab66", "methods": {"incumbent": {"external": false, "output_bytes": 16650, "output_sha256": "a459035fe1f2d45221381fefc1bad509a69c3effb5a67ee57a00384072a446f5", "tokens": 7890, "tokens_sha256": "cf67564e32e855eac2759e9b433da56b133fd538e426d3f122c000aa5d009805", "deterministic": true, "encode_s": 0.000286243, "errors": [], "reps": [{"phase": "warmup", "order_index": 73, "time_s": 0.003716157, "encode_s": 0.000286243, "total_s": 0.0040024}, {"phase": "measured", "order_index": 75, "time_s": 0.003700904, "encode_s": 0.000288146, "total_s": 0.00398905}, {"phase": "measured", "order_index": 77, "time_s": 0.003697198, "encode_s": 0.000279052, "total_s": 0.00397625}, {"phase": "measured", "order_index": 79, "time_s": 0.003682656, "encode_s": 0.000282867, "total_s": 0.003965523}, {"phase": "measured", "order_index": 81, "time_s": 0.003834315, "encode_s": 0.000287805, "total_s": 0.00412212}, {"phase": "measured", "order_index": 83, "time_s": 0.003701104, "encode_s": 0.000285512, "total_s": 0.003986616}, {"phase": "measured", "order_index": 85, "time_s": 0.003642445, "encode_s": 0.000285221, "total_s": 0.003927666}, {"phase": "measured", "order_index": 87, "time_s": 0.003656807, "encode_s": 0.000278591, "total_s": 0.0039353980000000005}, {"phase": "measured", "order_index": 89, "time_s": 0.003689547, "encode_s": 0.000283048, "total_s": 0.003972595}, {"phase": "measured", "order_index": 91, "time_s": 0.00370522, "encode_s": 0.000279192, "total_s": 0.003984412}, {"phase": "measured", "order_index": 93, "time_s": 0.003694725, "encode_s": 0.000276418, "total_s": 0.003971143}, {"phase": "measured", "order_index": 95, "time_s": 0.003694705, "encode_s": 0.000274315, "total_s": 0.00396902}]}, "r3-432-fast3": {"external": false, "output_bytes": 18393, "output_sha256": "735b68c4a5747696b4ebf6c0135116a705a15f24a8c0f6be52ce706276dd0986", "tokens": 12013, "tokens_sha256": "29f01c38ee319caf136f8241dc558b245fce41198010ea49e228211ed3642be9", "deterministic": true, "encode_s": 0.000322598, "errors": [], "reps": [{"phase": "warmup", "order_index": 74, "time_s": 0.000213172, "encode_s": 0.000322598, "total_s": 0.00053577}, {"phase": "measured", "order_index": 76, "time_s": 0.000219872, "encode_s": 0.00031738, "total_s": 0.000537252}, {"phase": "measured", "order_index": 78, "time_s": 0.000209106, "encode_s": 0.000321536, "total_s": 0.000530642}, {"phase": "measured", "order_index": 80, "time_s": 0.000207674, "encode_s": 0.000312873, "total_s": 0.000520547}, {"phase": "measured", "order_index": 82, "time_s": 0.000219572, "encode_s": 0.000318421, "total_s": 0.000537993}, {"phase": "measured", "order_index": 84, "time_s": 0.000209066, "encode_s": 0.000329117, "total_s": 0.000538183}, {"phase": "measured", "order_index": 86, "time_s": 0.000208575, "encode_s": 0.000314105, "total_s": 0.00052268}, {"phase": "measured", "order_index": 88, "time_s": 0.000208555, "encode_s": 0.000319503, "total_s": 0.000528058}, {"phase": "measured", "order_index": 90, "time_s": 0.000209908, "encode_s": 0.000308536, "total_s": 0.000518444}, {"phase": "measured", "order_index": 92, "time_s": 0.000207864, "encode_s": 0.000320925, "total_s": 0.000528789}, {"phase": "measured", "order_index": 94, "time_s": 0.000207494, "encode_s": 0.000313393, "total_s": 0.000520887}, {"phase": "measured", "order_index": 96, "time_s": 0.000216437, "encode_s": 0.000306263, "total_s": 0.0005227}]}}}
tradeoff-c	Run selected fresh official gate	2026-10-09T09:13:03.7784425Z SYNTHETIC_RAW 1 r3-432-fast3 {"kind": "file", "corpus": "synthetic-transfer", "file": "sparse.bin", "raw_bytes": 53803, "sha256": "c51b774d8aadb5b636c1463ff5a9df4fe6c326330101df1daf2e4745b07678d3", "methods": {"incumbent": {"external": false, "output_bytes": 1798, "output_sha256": "64a1ff1bc414863ad88544207256d2d9a5ba187a3a5dc2ad6425dd07405c2e2c", "tokens": 1263, "tokens_sha256": "fae120ea72c3aae525d182eab79475dc599c31ea79ce1f32050a110b01939d24", "deterministic": true, "encode_s": 0.000468779, "errors": [], "reps": [{"phase": "warmup", "order_index": 97, "time_s": 0.001000993, "encode_s": 0.000468779, "total_s": 0.0014697719999999998}, {"phase": "measured", "order_index": 99, "time_s": 0.000997588, "encode_s": 0.000457752, "total_s": 0.00145534}, {"phase": "measured", "order_index": 101, "time_s": 0.001002996, "encode_s": 0.00045601, "total_s": 0.0014590059999999999}, {"phase": "measured", "order_index": 103, "time_s": 0.000994864, "encode_s": 0.00044993, "total_s": 0.0014447940000000001}, {"phase": "measured", "order_index": 105, "time_s": 0.001001503, "encode_s": 0.000450922, "total_s": 0.0014524249999999998}, {"phase": "measured", "order_index": 107, "time_s": 0.000995695, "encode_s": 0.00045035, "total_s": 0.001446045}, {"phase": "measured", "order_index": 109, "time_s": 0.00099917, "encode_s": 0.000448778, "total_s": 0.001447948}, {"phase": "measured", "order_index": 111, "time_s": 0.001008043, "encode_s": 0.000444282, "total_s": 0.001452325}, {"phase": "measured", "order_index": 113, "time_s": 0.001004818, "encode_s": 0.000445243, "total_s": 0.0014500609999999999}, {"phase": "measured", "order_index": 115, "time_s": 0.001005469, "encode_s": 0.000444372, "total_s": 0.0014498409999999999}, {"phase": "measured", "order_index": 117, "time_s": 0.001004768, "encode_s": 0.000448378, "total_s": 0.001453146}, {"phase": "measured", "order_index": 119, "time_s": 0.001002725, "encode_s": 0.000447155, "total_s": 0.0014498800000000002}]}, "r3-432-fast3": {"external": false, "output_bytes": 2134, "output_sha256": "8acb9c34ad5e88c0e527f0a3911b99bfac744f4625124fc678d7cdbab669c714", "tokens": 3795, "tokens_sha256": "db99e2e413bed52a91e27df8b345bd15b546f6855c8d934b12febe253691eb65", "deterministic": true, "encode_s": 0.000457902, "errors": [], "reps": [{"phase": "warmup", "order_index": 98, "time_s": 1.5964e-05, "encode_s": 0.000457902, "total_s": 0.000473866}, {"phase": "measured", "order_index": 100, "time_s": 1.6175e-05, "encode_s": 0.000452183, "total_s": 0.000468358}, {"phase": "measured", "order_index": 102, "time_s": 1.5503e-05, "encode_s": 0.000449219, "total_s": 0.000464722}, {"phase": "measured", "order_index": 104, "time_s": 1.5313e-05, "encode_s": 0.000447276, "total_s": 0.00046258899999999996}, {"phase": "measured", "order_index": 106, "time_s": 1.5584e-05, "encode_s": 0.000447977, "total_s": 0.00046356100000000003}, {"phase": "measured", "order_index": 108, "time_s": 1.5453e-05, "encode_s": 0.000446245, "total_s": 0.000461698}, {"phase": "measured", "order_index": 110, "time_s": 1.5294e-05, "encode_s": 0.000446535, "total_s": 0.000461829}, {"phase": "measured", "order_index": 112, "time_s": 2.3225e-05, "encode_s": 0.000451622, "total_s": 0.000474847}, {"phase": "measured", "order_index": 114, "time_s": 1.5554e-05, "encode_s": 0.000459544, "total_s": 0.00047509799999999997}, {"phase": "measured", "order_index": 116, "time_s": 1.5614e-05, "encode_s": 0.00045685, "total_s": 0.000472464}, {"phase": "measured", "order_index": 118, "time_s": 1.5413e-05, "encode_s": 0.000457842, "total_s": 0.000473255}, {"phase": "measured", "order_index": 120, "time_s": 1.5393e-05, "encode_s": 0.000456099, "total_s": 0.000471492}]}}}
tradeoff-c	Run selected fresh official gate	2026-10-09T09:13:03.7799723Z SYNTHETIC_RAW 1 r3-432-fast3 {"kind": "file", "corpus": "synthetic-transfer", "file": "table.csv", "raw_bytes": 193765, "sha256": "e773c09c5e5d585dc64330f220ca47963de24c1be3297a8161e89fca34b98a85", "methods": {"incumbent": {"external": false, "output_bytes": 65436, "output_sha256": "dcb53081688a36dad21b849906f65e985a744ef8864e9324768f44dbb485a3fc", "tokens": 39085, "tokens_sha256": "93d50fc8a84ae35d4a248c3fc06f3632d2da32348cd6896ad6f9f43ea9515f65", "deterministic": true, "encode_s": 0.001648772, "errors": [], "reps": [{"phase": "warmup", "order_index": 121, "time_s": 0.010910691, "encode_s": 0.001648772, "total_s": 0.012559463}, {"phase": "measured", "order_index": 123, "time_s": 0.010922589, "encode_s": 0.001396741, "total_s": 0.01231933}, {"phase": "measured", "order_index": 125, "time_s": 0.010924692, "encode_s": 0.001389781, "total_s": 0.012314473}, {"phase": "measured", "order_index": 127, "time_s": 0.01093003, "encode_s": 0.00139618, "total_s": 0.01232621}, {"phase": "measured", "order_index": 129, "time_s": 0.010899895, "encode_s": 0.001385414, "total_s": 0.012285309}, {"phase": "measured", "order_index": 131, "time_s": 0.011044153, "encode_s": 0.001391974, "total_s": 0.012436127}, {"phase": "measured", "order_index": 133, "time_s": 0.011047418, "encode_s": 0.001388939, "total_s": 0.012436357}, {"phase": "measured", "order_index": 135, "time_s": 0.010905263, "encode_s": 0.001367937, "total_s": 0.0122732}, {"phase": "measured", "order_index": 137, "time_s": 0.010937701, "encode_s": 0.001373486, "total_s": 0.012311187}, {"phase": "measured", "order_index": 139, "time_s": 0.010914727, "encode_s": 0.001372906, "total_s": 0.012287633000000001}, {"phase": "measured", "order_index": 141, "time_s": 0.01091641, "encode_s": 0.001374427, "total_s": 0.012290836999999999}, {"phase": "measured", "order_index": 143, "time_s": 0.010614614, "encode_s": 0.001385864, "total_s": 0.012000478}]}, "r3-432-fast3": {"external": false, "output_bytes": 66603, "output_sha256": "74aa82188e366b316c292a5804da3107ff83ff4f70e4441f20000f4fd72be71c", "tokens": 46913, "tokens_sha256": "4ac0c77b41058b22eb906f5a2b614520508f3faddd2681b64e6aea3cfb703c64", "deterministic": true, "encode_s": 0.001743675, "errors": [], "reps": [{"phase": "warmup", "order_index": 122, "time_s": 0.000765818, "encode_s": 0.001743675, "total_s": 0.0025094930000000002}, {"phase": "measured", "order_index": 124, "time_s": 0.000777335, "encode_s": 0.001645167, "total_s": 0.002422502}, {"phase": "measured", "order_index": 126, "time_s": 0.000774621, "encode_s": 0.001644676, "total_s": 0.002419297}, {"phase": "measured", "order_index": 128, "time_s": 0.000780309, "encode_s": 0.001636904, "total_s": 0.002417213}, {"phase": "measured", "order_index": 130, "time_s": 0.000772898, "encode_s": 0.001635212, "total_s": 0.00240811}, {"phase": "measured", "order_index": 132, "time_s": 0.000777645, "encode_s": 0.001638676, "total_s": 0.002416321}, {"phase": "measured", "order_index": 134, "time_s": 0.000776784, "encode_s": 0.001623143, "total_s": 0.002399927}, {"phase": "measured", "order_index": 136, "time_s": 0.000776643, "encode_s": 0.001630114, "total_s": 0.002406757}, {"phase": "measured", "order_index": 138, "time_s": 0.000771185, "encode_s": 0.001626368, "total_s": 0.002397553}, {"phase": "measured", "order_index": 140, "time_s": 0.000774981, "encode_s": 0.001628742, "total_s": 0.002403723}, {"phase": "measured", "order_index": 142, "time_s": 0.000784696, "encode_s": 0.00174689, "total_s": 0.002531586}, {"phase": "measured", "order_index": 144, "time_s": 0.000775933, "encode_s": 0.001642152, "total_s": 0.002418085}]}}}
tradeoff-c	Run selected fresh official gate	2026-10-09T09:13:03.7814972Z SYNTHETIC_RAW 1 r3-432-fast3 {"kind": "file", "corpus": "synthetic-transfer", "file": "tiny-structured.txt", "raw_bytes": 15588, "sha256": "2b4701704019445efcca8272c668d8015913d54616281baf813d477623dfcdd3", "methods": {"incumbent": {"external": false, "output_bytes": 1492, "output_sha256": "f35f34fe896e5ec7c7a15e89fe5bd6eb74d866642044e5d5df10ea85bcdc674f", "tokens": 1083, "tokens_sha256": "0fa05be94e7e54cd3cede626db4ec06f61e270d22e2f35d810b14ec5a00d6dde", "deterministic": true, "encode_s": 0.000152831, "errors": [], "reps": [{"phase": "warmup", "order_index": 145, "time_s": 0.000214865, "encode_s": 0.000152831, "total_s": 0.00036769600000000004}, {"phase": "measured", "order_index": 147, "time_s": 0.000227273, "encode_s": 0.000150167, "total_s": 0.00037744}, {"phase": "measured", "order_index": 149, "time_s": 0.000215275, "encode_s": 0.000141324, "total_s": 0.000356599}, {"phase": "measured", "order_index": 151, "time_s": 0.000219081, "encode_s": 0.00013895, "total_s": 0.000358031}, {"phase": "measured", "order_index": 153, "time_s": 0.000209857, "encode_s": 0.000134303, "total_s": 0.00034416000000000004}, {"phase": "measured", "order_index": 155, "time_s": 0.000217659, "encode_s": 0.00013876, "total_s": 0.000356419}, {"phase": "measured", "order_index": 157, "time_s": 0.000210378, "encode_s": 0.000133572, "total_s": 0.00034395}, {"phase": "measured", "order_index": 159, "time_s": 0.000210559, "encode_s": 0.000133622, "total_s": 0.000344181}, {"phase": "measured", "order_index": 161, "time_s": 0.000210138, "encode_s": 0.000132751, "total_s": 0.000342889}, {"phase": "measured", "order_index": 163, "time_s": 0.000210007, "encode_s": 0.000136607, "total_s": 0.00034661399999999997}, {"phase": "measured", "order_index": 165, "time_s": 0.000209837, "encode_s": 0.000131499, "total_s": 0.000341336}, {"phase": "measured", "order_index": 167, "time_s": 0.000209978, "encode_s": 0.000131859, "total_s": 0.000341837}]}, "r3-432-fast3": {"external": false, "output_bytes": 2299, "output_sha256": "b0b848b0cc9f13315492e78ac8ad5091e82b05ec5dd2dec88b45f99eeaae24ba", "tokens": 2612, "tokens_sha256": "2b05eebcbbecbfa25fbffd0210603157067c17e26adf721f5c2642ef3f525cd9", "deterministic": true, "encode_s": 0.000148354, "errors": [], "reps": [{"phase": "warmup", "order_index": 146, "time_s": 2.8653e-05, "encode_s": 0.000148354, "total_s": 0.00017700700000000002}, {"phase": "measured", "order_index": 148, "time_s": 2.6239e-05, "encode_s": 0.000126021, "total_s": 0.00015226}, {"phase": "measured", "order_index": 150, "time_s": 2.651e-05, "encode_s": 0.000120031, "total_s": 0.000146541}, {"phase": "measured", "order_index": 152, "time_s": 2.608e-05, "encode_s": 0.000120282, "total_s": 0.000146362}, {"phase": "measured", "order_index": 154, "time_s": 2.4357e-05, "encode_s": 0.000117347, "total_s": 0.000141704}, {"phase": "measured", "order_index": 156, "time_s": 2.4407e-05, "encode_s": 0.000120061, "total_s": 0.000144468}, {"phase": "measured", "order_index": 158, "time_s": 2.3826e-05, "encode_s": 0.000116647, "total_s": 0.000140473}, {"phase": "measured", "order_index": 160, "time_s": 2.3916e-05, "encode_s": 0.000117367, "total_s": 0.000141283}, {"phase": "measured", "order_index": 162, "time_s": 2.3516e-05, "encode_s": 0.000112861, "total_s": 0.000136377}, {"phase": "measured", "order_index": 164, "time_s": 2.4077e-05, "encode_s": 0.000116606, "total_s": 0.000140683}, {"phase": "measured", "order_index": 166, "time_s": 2.3636e-05, "encode_s": 0.000124188, "total_s": 0.000147824}, {"phase": "measured", "order_index": 168, "time_s": 2.4998e-05, "encode_s": 0.000116576, "total_s": 0.000141574}]}}}
tradeoff-c	Run selected fresh official gate	2026-10-09T09:13:03.7830033Z SYNTHETIC_RAW 1 r3-432-fast3 {"kind": "file", "corpus": "synthetic-transfer", "file": "window-boundary.bin", "raw_bytes": 73735, "sha256": "3d5e223fd8ced74430c5b87ebbbe4ff9c9782c6902f9b137538dddc79f087dcc", "methods": {"incumbent": {"external": false, "output_bytes": 73933, "output_sha256": "5e456557d23dbd5249a36f224b7449a9d53075a00273d27d8ee8f397eeafb978", "tokens": 73559, "tokens_sha256": "35dd083034d7d329eefea50f23c8b2117879da70eb37280242ffd804c83eaf3b", "deterministic": true, "encode_s": 0.003034837, "errors": [], "reps": [{"phase": "warmup", "order_index": 169, "time_s": 0.000904547, "encode_s": 0.003034837, "total_s": 0.003939384}, {"phase": "measured", "order_index": 171, "time_s": 0.00090017, "encode_s": 0.002972644, "total_s": 0.003872814}, {"phase": "measured", "order_index": 173, "time_s": 0.000908913, "encode_s": 0.002956358, "total_s": 0.003865271}, {"phase": "measured", "order_index": 175, "time_s": 0.000935564, "encode_s": 0.003011682, "total_s": 0.003947246}, {"phase": "measured", "order_index": 177, "time_s": 0.000910376, "encode_s": 0.002975337, "total_s": 0.0038857130000000003}, {"phase": "measured", "order_index": 179, "time_s": 0.000909415, "encode_s": 0.002968036, "total_s": 0.0038774509999999996}, {"phase": "measured", "order_index": 181, "time_s": 0.0009133, "encode_s": 0.002979724, "total_s": 0.003893024}, {"phase": "measured", "order_index": 183, "time_s": 0.000907241, "encode_s": 0.00297728, "total_s": 0.003884521}, {"phase": "measured", "order_index": 185, "time_s": 0.000904778, "encode_s": 0.002964952, "total_s": 0.00386973}, {"phase": "measured", "order_index": 187, "time_s": 0.00091274, "encode_s": 0.002966203, "total_s": 0.003878943}, {"phase": "measured", "order_index": 189, "time_s": 0.000903876, "encode_s": 0.002979153, "total_s": 0.003883029}, {"phase": "measured", "order_index": 191, "time_s": 0.000894122, "encode_s": 0.002989708, "total_s": 0.0038838300000000004}]}, "r3-432-fast3": {"external": false, "output_bytes": 73760, "output_sha256": "7fc0f619879f4fb08483c528b61a18725bafcbfbce8f257146ac4741ba95851b", "tokens": 73735, "tokens_sha256": "8a3f0d4d337189d036871ced04356a9ba83426a905ea1c72d81f57b9d8549140", "deterministic": true, "encode_s": 0.002445086, "errors": [], "reps": [{"phase": "warmup", "order_index": 170, "time_s": 1.7487e-05, "encode_s": 0.002445086, "total_s": 0.002462573}, {"phase": "measured", "order_index": 172, "time_s": 1.7386e-05, "encode_s": 0.002441891, "total_s": 0.0024592769999999997}, {"phase": "measured", "order_index": 174, "time_s": 1.6595e-05, "encode_s": 0.002473849, "total_s": 0.002490444}, {"phase": "measured", "order_index": 176, "time_s": 1.6956e-05, "encode_s": 0.002436122, "total_s": 0.002453078}, {"phase": "measured", "order_index": 178, "time_s": 1.6856e-05, "encode_s": 0.002454319, "total_s": 0.002471175}, {"phase": "measured", "order_index": 180, "time_s": 1.7316e-05, "encode_s": 0.002455962, "total_s": 0.0024732779999999998}, {"phase": "measured", "order_index": 182, "time_s": 1.6635e-05, "encode_s": 0.002454921, "total_s": 0.002471556}, {"phase": "measured", "order_index": 184, "time_s": 1.6836e-05, "encode_s": 0.002464815, "total_s": 0.002481651}, {"phase": "measured", "order_index": 186, "time_s": 1.7566e-05, "encode_s": 0.002458286, "total_s": 0.002475852}, {"phase": "measured", "order_index": 188, "time_s": 1.6565e-05, "encode_s": 0.00246115, "total_s": 0.002477715}, {"phase": "measured", "order_index": 190, "time_s": 1.7507e-05, "encode_s": 0.002445987, "total_s": 0.002463494}, {"phase": "measured", "order_index": 192, "time_s": 1.6726e-05, "encode_s": 0.002460869, "total_s": 0.002477595}]}}}
tradeoff-c	Run selected fresh official gate	2026-10-09T09:13:03.8125198Z ^[[32m2026-10-09 09:13:03.812^[[0m | ^[[34m^[[1mDEBUG   ^[[0m | ^[[36msandbox.bwrap^[[0m:^[[36mrun^[[0m:^[[36m110^[[0m - ^[[34m^[[1m[bwrap] rustc exit=0 in 0.0s^[[0m
tradeoff-c	Run selected fresh official gate	2026-10-09T09:13:05.6032400Z ^[[32m2026-10-09 09:13:05.602^[[0m | ^[[34m^[[1mDEBUG   ^[[0m | ^[[36msandbox.bwrap^[[0m:^[[36mrun^[[0m:^[[36m110^[[0m - ^[[34m^[[1m[bwrap] cargo exit=0 in 1.8s^[[0m
tradeoff-c	Run selected fresh official gate	2026-10-09T09:13:05.6034012Z ^[[32m2026-10-09 09:13:05.603^[[0m | ^[[34m^[[1mDEBUG   ^[[0m | ^[[36mbench.driver^[[0m:^[[36m_build^[[0m:^[[36m295^[[0m - ^[[34m^[[1m[bench] built incumbent in 1.8s exit=0^[[0m
tradeoff-c	Run selected fresh official gate	2026-10-09T09:13:08.8726162Z ^[[32m2026-10-09 09:13:08.872^[[0m | ^[[34m^[[1mDEBUG   ^[[0m | ^[[36msandbox.bwrap^[[0m:^[[36mrun^[[0m:^[[36m110^[[0m - ^[[34m^[[1m[bwrap] cargo exit=0 in 3.3s^[[0m
tradeoff-c	Run selected fresh official gate	2026-10-09T09:13:08.8730902Z ^[[32m2026-10-09 09:13:08.872^[[0m | ^[[34m^[[1mDEBUG   ^[[0m | ^[[36mbench.driver^[[0m:^[[36m_build^[[0m:^[[36m295^[[0m - ^[[34m^[[1m[bench] built r15-hash32-chain-gain in 3.3s exit=0^[[0m
tradeoff-c	Run selected fresh official gate	2026-10-09T09:13:09.5242992Z ^[[32m2026-10-09 09:13:09.523^[[0m | ^[[34m^[[1mDEBUG   ^[[0m | ^[[36msandbox.bwrap^[[0m:^[[36mrun^[[0m:^[[36m110^[[0m - ^[[34m^[[1m[bwrap] measure exit=0 in 0.7s^[[0m
tradeoff-c	Run selected fresh official gate	2026-10-09T09:13:09.5244659Z ^[[32m2026-10-09 09:13:09.524^[[0m | ^[[34m^[[1mDEBUG   ^[[0m | ^[[36mbench.driver^[[0m:^[[36m_measure^[[0m:^[[36m333^[[0m - ^[[34m^[[1m[bench] measured r15-hash32-chain-gain in 0.7s exit=0^[[0m
tradeoff-c	Run selected fresh official gate	2026-10-09T09:13:09.5288472Z SYNTHETIC_MEASUREMENT {"candidate": "r15-hash32-chain-gain", "round": 1, "time": 0.6981066171773285, "size_pct": 63.241794911650835}
tradeoff-c	Run selected fresh official gate	2026-10-09T09:13:09.5292818Z SYNTHETIC_RAW 1 r15-hash32-chain-gain {"kind": "meta", "schema_version": 4, "started_at_unix": 1791537188.8872778, "corpus": "synthetic-transfer", "corpus_dir": "/home/runner/work/_temp/round4-receipts/research-synthetic/synthetic-transfer", "os": "linux", "arch": "x86_64", "rustc_version": "rustc 1.100.0-nightly (8fa1c96cf 2026-08-17)", "cpu_model": "AMD EPYC 9V74 80-Core Processor", "cpu_governor": null, "warmup_rounds": 1, "measured_rounds": 11, "speed_floor": null, "methods": {"incumbent": {"external": false, "crate_dir": "/home/runner/work/_temp/deflate-upstream/data/bench-workspace/20261009T091303Z-64de0899-z1zqljcn/incumbent", "source_sha256": "b9e0d844baf5958cf0c1c66bfb9fd1f89663fa30f21a99c3c116b3dd2e771361", "lib_sha256": "141f58ceb5d68fdd9fef84fc9da46540dfd34174de8533d923ef187ae09ec57b"}, "r15-hash32-chain-gain": {"external": false, "crate_dir": "/home/runner/work/_temp/deflate-upstream/data/bench-workspace/20261009T091303Z-64de0899-z1zqljcn/r15-hash32-chain-gain", "source_sha256": "913075d06d105669f296479e696e4d442294969d318eeec58a864daa88d434e1", "lib_sha256": "919349b81805a433a06b7a6b660f12e90cdd581ce025ae10e1742499b6f5133d"}}, "benchmark_provenance": {"version": 1, "engine_sha256": "ab202460691492f48d5c632375f5df2a74fc3769a81337e876607e9326a46fac", "template_sha256": "584b01793667c5257da4e76da919fbb3bb73c72fa434866622fe3905884d33f0", "host_sha256": "2b32344a74bca6b42edebf4f499412873c9bc3de9561a681587513913177b357", "cpus": "0", "process_affinity": [0, 1, 2, 3], "memory_mb": 2048, "sandbox": true, "build_profile": "release", "external_references": false}}
tradeoff-c	Run selected fresh official gate	2026-10-09T09:13:09.5305080Z SYNTHETIC_RAW 1 r15-hash32-chain-gain {"kind": "file", "corpus": "synthetic-transfer", "file": "multilingual.txt", "raw_bytes": 163270, "sha256": "bdd257c8c2afbd9c418ec8954e0ca3f2cedbfa5a622e9b2d5255f35647f1aecc", "methods": {"incumbent": {"external": false, "output_bytes": 9206, "output_sha256": "dd1312ec4702740b4331fb5195ee7cf1f8f1e4ebb52c5bad2ee9ac46eb142e05", "tokens": 4618, "tokens_sha256": "a6e0f107a4d317d16a1a0fe1f14d8a05d25385b4de7fa5b1409ef0de972f3b25", "deterministic": true, "encode_s": 0.000379063, "errors": [], "reps": [{"phase": "warmup", "order_index": 1, "time_s": 0.001995537, "encode_s": 0.000379063, "total_s": 0.0023746}, {"phase": "measured", "order_index": 3, "time_s": 0.001872671, "encode_s": 0.000313824, "total_s": 0.002186495}, {"phase": "measured", "order_index": 5, "time_s": 0.001860363, "encode_s": 0.000307154, "total_s": 0.002167517}, {"phase": "measured", "order_index": 7, "time_s": 0.001870528, "encode_s": 0.000307555, "total_s": 0.002178083}, {"phase": "measured", "order_index": 9, "time_s": 0.001853973, "encode_s": 0.000309147, "total_s": 0.00216312}, {"phase": "measured", "order_index": 11, "time_s": 0.001861514, "encode_s": 0.000315817, "total_s": 0.0021773310000000002}, {"phase": "measured", "order_index": 13, "time_s": 0.001862886, "encode_s": 0.000314876, "total_s": 0.002177762}, {"phase": "measured", "order_index": 15, "time_s": 0.001863217, "encode_s": 0.000314135, "total_s": 0.002177352}, {"phase": "measured", "order_index": 17, "time_s": 0.001856787, "encode_s": 0.000311101, "total_s": 0.0021678879999999998}, {"phase": "measured", "order_index": 19, "time_s": 0.001862155, "encode_s": 0.000307886, "total_s": 0.002170041}, {"phase": "measured", "order_index": 21, "time_s": 0.001853842, "encode_s": 0.000315547, "total_s": 0.002169389}, {"phase": "measured", "order_index": 23, "time_s": 0.00190505, "encode_s": 0.000306984, "total_s": 0.002212034}]}, "r15-hash32-chain-gain": {"external": false, "output_bytes": 113217, "output_sha256": "3829c1b23a817582db9ed09f60e8b6984b1d078adcc2e36cca6713403d874617", "tokens": 163270, "tokens_sha256": "0456de57f1b7bf6a9d2532c2074dd975a0babb928f8f5734ad7284a1dbb1ca35", "deterministic": true, "encode_s": 0.003454402, "errors": [], "reps": [{"phase": "warmup", "order_index": 2, "time_s": 1.1678e-05, "encode_s": 0.003454402, "total_s": 0.0034660800000000003}, {"phase": "measured", "order_index": 4, "time_s": 1.1537e-05, "encode_s": 0.003291506, "total_s": 0.003303043}, {"phase": "measured", "order_index": 6, "time_s": 1.1577e-05, "encode_s": 0.003246478, "total_s": 0.003258055}, {"phase": "measured", "order_index": 8, "time_s": 1.1428e-05, "encode_s": 0.003227569, "total_s": 0.003238997}, {"phase": "measured", "order_index": 10, "time_s": 1.1387e-05, "encode_s": 0.003213568, "total_s": 0.003224955}, {"phase": "measured", "order_index": 12, "time_s": 1.1397e-05, "encode_s": 0.003233228, "total_s": 0.0032446249999999997}, {"phase": "measured", "order_index": 14, "time_s": 1.1588e-05, "encode_s": 0.003225426, "total_s": 0.003237014}, {"phase": "measured", "order_index": 16, "time_s": 1.1267e-05, "encode_s": 0.003212396, "total_s": 0.0032236630000000003}, {"phase": "measured", "order_index": 18, "time_s": 1.1929e-05, "encode_s": 0.003222171, "total_s": 0.0032340999999999997}, {"phase": "measured", "order_index": 20, "time_s": 1.1257e-05, "encode_s": 0.003213528, "total_s": 0.003224785}, {"phase": "measured", "order_index": 22, "time_s": 1.1277e-05, "encode_s": 0.003196232, "total_s": 0.003207509}, {"phase": "measured", "order_index": 24, "time_s": 1.1548e-05, "encode_s": 0.003222872, "total_s": 0.00323442}]}}}
tradeoff-c	Run selected fresh official gate	2026-10-09T09:13:09.5321173Z SYNTHETIC_RAW 1 r15-hash32-chain-gain {"kind": "file", "corpus": "synthetic-transfer", "file": "random.bin", "raw_bytes": 131101, "sha256": "22c862f2c2c5fd5a072e9f74b5a056aacb9025228d040addb56dcd9bec4c09d3", "methods": {"incumbent": {"external": false, "output_bytes": 131445, "output_sha256": "deebb4fe887edb814c65fc8f8d20b733d4a395d0e32399c3c25af9b591d8dc2d", "tokens": 130620, "tokens_sha256": "5330a4dbafd88f2b8356a1db487249115b5a636a9e2bab5cf05094461ba5cbc3", "deterministic": true, "encode_s": 0.005074881, "errors": [], "reps": [{"phase": "warmup", "order_index": 25, "time_s": 0.001880183, "encode_s": 0.005074881, "total_s": 0.0069550639999999995}, {"phase": "measured", "order_index": 27, "time_s": 0.00191819, "encode_s": 0.004216043, "total_s": 0.006134233}, {"phase": "measured", "order_index": 29, "time_s": 0.001897298, "encode_s": 0.004222683, "total_s": 0.006119981}, {"phase": "measured", "order_index": 31, "time_s": 0.001896526, "encode_s": 0.004212047, "total_s": 0.006108573}, {"phase": "measured", "order_index": 33, "time_s": 0.001897799, "encode_s": 0.004190365, "total_s": 0.006088164}, {"phase": "measured", "order_index": 35, "time_s": 0.001907473, "encode_s": 0.004198416, "total_s": 0.006105889}, {"phase": "measured", "order_index": 37, "time_s": 0.001901355, "encode_s": 0.004210885, "total_s": 0.00611224}, {"phase": "measured", "order_index": 39, "time_s": 0.0018919, "encode_s": 0.00420751, "total_s": 0.00609941}, {"phase": "measured", "order_index": 41, "time_s": 0.001902436, "encode_s": 0.004216694, "total_s": 0.00611913}, {"phase": "measured", "order_index": 43, "time_s": 0.00190483, "encode_s": 0.004188962, "total_s": 0.006093792}, {"phase": "measured", "order_index": 45, "time_s": 0.001903027, "encode_s": 0.00420058, "total_s": 0.006103607}, {"phase": "measured", "order_index": 47, "time_s": 0.001910538, "encode_s": 0.004199008, "total_s": 0.0061095459999999996}]}, "r15-hash32-chain-gain": {"external": false, "output_bytes": 131144, "output_sha256": "52b5974219d121f00e342319360c4c8bcac7ff2eda0365aa245dfe321fd4613b", "tokens": 131101, "tokens_sha256": "861ef26a6d151afca1053cb702d3d74a8e4ef1beae1928ecd65b6e1995a7cb99", "deterministic": true, "encode_s": 0.004046838, "errors": [], "reps": [{"phase": "warmup", "order_index": 26, "time_s": 9.244e-06, "encode_s": 0.004046838, "total_s": 0.004056082}, {"phase": "measured", "order_index": 28, "time_s": 9.325e-06, "encode_s": 0.003982199, "total_s": 0.003991524}, {"phase": "measured", "order_index": 30, "time_s": 9.614e-06, "encode_s": 0.00402214, "total_s": 0.004031753999999999}, {"phase": "measured", "order_index": 32, "time_s": 1.0095e-05, "encode_s": 0.003990913, "total_s": 0.0040010079999999995}, {"phase": "measured", "order_index": 34, "time_s": 1.0055e-05, "encode_s": 0.003961709, "total_s": 0.003971764}, {"phase": "measured", "order_index": 36, "time_s": 9.694e-06, "encode_s": 0.003965545, "total_s": 0.003975239}, {"phase": "measured", "order_index": 38, "time_s": 9.344e-06, "encode_s": 0.003963101, "total_s": 0.003972445}, {"phase": "measured", "order_index": 40, "time_s": 9.835e-06, "encode_s": 0.003970623, "total_s": 0.003980458}, {"phase": "measured", "order_index": 42, "time_s": 9.534e-06, "encode_s": 0.003953306, "total_s": 0.0039628400000000005}, {"phase": "measured", "order_index": 44, "time_s": 9.514e-06, "encode_s": 0.004136543, "total_s": 0.004146057000000001}, {"phase": "measured", "order_index": 46, "time_s": 1.0136e-05, "encode_s": 0.004001999, "total_s": 0.004012135}, {"phase": "measured", "order_index": 48, "time_s": 1.0216e-05, "encode_s": 0.00396944, "total_s": 0.003979656000000001}]}}}
tradeoff-c	Run selected fresh official gate	2026-10-09T09:13:09.5337272Z SYNTHETIC_RAW 1 r15-hash32-chain-gain {"kind": "file", "corpus": "synthetic-transfer", "file": "short-log.txt", "raw_bytes": 32505, "sha256": "23ef9a1b24b2cfcd1c73f1ff1a71ab017cbcf921409f96f8839c74819d3c0b82", "methods": {"incumbent": {"external": false, "output_bytes": 4871, "output_sha256": "b801c58b86a433392a15971de32130be788d25cd6f3a91a1abda0f0a909dac25", "tokens": 3017, "tokens_sha256": "fcd4ea723eb6d0e399dc5c1cf6825e8d767f6fc45a05600bb177054b19e7eaec", "deterministic": true, "encode_s": 0.000229407, "errors": [], "reps": [{"phase": "warmup", "order_index": 49, "time_s": 0.000901012, "encode_s": 0.000229407, "total_s": 0.001130419}, {"phase": "measured", "order_index": 51, "time_s": 0.000896025, "encode_s": 0.000221815, "total_s": 0.00111784}, {"phase": "measured", "order_index": 53, "time_s": 0.000878879, "encode_s": 0.000222186, "total_s": 0.001101065}, {"phase": "measured", "order_index": 55, "time_s": 0.000875433, "encode_s": 0.000212111, "total_s": 0.001087544}, {"phase": "measured", "order_index": 57, "time_s": 0.000871217, "encode_s": 0.000213943, "total_s": 0.00108516}, {"phase": "measured", "order_index": 59, "time_s": 0.000875804, "encode_s": 0.000206482, "total_s": 0.001082286}, {"phase": "measured", "order_index": 61, "time_s": 0.000860991, "encode_s": 0.000204709, "total_s": 0.0010657}, {"phase": "measured", "order_index": 63, "time_s": 0.000857987, "encode_s": 0.000210809, "total_s": 0.0010687960000000001}, {"phase": "measured", "order_index": 65, "time_s": 0.000858668, "encode_s": 0.000205971, "total_s": 0.001064639}, {"phase": "measured", "order_index": 67, "time_s": 0.000851177, "encode_s": 0.000215286, "total_s": 0.0010664630000000001}, {"phase": "measured", "order_index": 69, "time_s": 0.000888223, "encode_s": 0.000204109, "total_s": 0.0010923320000000001}, {"phase": "measured", "order_index": 71, "time_s": 0.000874802, "encode_s": 0.000205501, "total_s": 0.0010803030000000001}]}, "r15-hash32-chain-gain": {"external": false, "output_bytes": 19367, "output_sha256": "61b6b9aa73349f07fa988d99294a9ab90d6019e6a66dbe4c36ce58c7cba0ab1c", "tokens": 32505, "tokens_sha256": "355f3c4bf86a7c5f0678fb0740380e7aacbd803e34fb5f35c917248f44961d52", "deterministic": true, "encode_s": 0.000394066, "errors": [], "reps": [{"phase": "warmup", "order_index": 50, "time_s": 2.313e-06, "encode_s": 0.000394066, "total_s": 0.000396379}, {"phase": "measured", "order_index": 52, "time_s": 2.334e-06, "encode_s": 0.000384992, "total_s": 0.000387326}, {"phase": "measured", "order_index": 54, "time_s": 2.323e-06, "encode_s": 0.000385333, "total_s": 0.000387656}, {"phase": "measured", "order_index": 56, "time_s": 2.294e-06, "encode_s": 0.00039045, "total_s": 0.000392744}, {"phase": "measured", "order_index": 58, "time_s": 2.294e-06, "encode_s": 0.000391973, "total_s": 0.000394267}, {"phase": "measured", "order_index": 60, "time_s": 2.243e-06, "encode_s": 0.000391182, "total_s": 0.00039342500000000004}, {"phase": "measured", "order_index": 62, "time_s": 2.273e-06, "encode_s": 0.000389409, "total_s": 0.000391682}, {"phase": "measured", "order_index": 64, "time_s": 2.264e-06, "encode_s": 0.00039052, "total_s": 0.00039278399999999997}, {"phase": "measured", "order_index": 66, "time_s": 2.274e-06, "encode_s": 0.000389619, "total_s": 0.00039189300000000004}, {"phase": "measured", "order_index": 68, "time_s": 2.314e-06, "encode_s": 0.000380836, "total_s": 0.00038315}, {"phase": "measured", "order_index": 70, "time_s": 2.293e-06, "encode_s": 0.00039685, "total_s": 0.000399143}, {"phase": "measured", "order_index": 72, "time_s": 2.303e-06, "encode_s": 0.000378803, "total_s": 0.000381106}]}}}
tradeoff-c	Run selected fresh official gate	2026-10-09T09:13:09.5353081Z SYNTHETIC_RAW 1 r15-hash32-chain-gain {"kind": "file", "corpus": "synthetic-transfer", "file": "source-like.txt", "raw_bytes": 220484, "sha256": "326efe91d7d1e5a11bee87388ef45c7551b1b541f17a1749d7cd5cd53c25ab66", "methods": {"incumbent": {"external": false, "output_bytes": 16650, "output_sha256": "a459035fe1f2d45221381fefc1bad509a69c3effb5a67ee57a00384072a446f5", "tokens": 7890, "tokens_sha256": "cf67564e32e855eac2759e9b433da56b133fd538e426d3f122c000aa5d009805", "deterministic": true, "encode_s": 0.000285682, "errors": [], "reps": [{"phase": "warmup", "order_index": 73, "time_s": 0.003712392, "encode_s": 0.000285682, "total_s": 0.003998074}, {"phase": "measured", "order_index": 75, "time_s": 0.003667244, "encode_s": 0.000289908, "total_s": 0.003957152}, {"phase": "measured", "order_index": 77, "time_s": 0.003669587, "encode_s": 0.000286643, "total_s": 0.00395623}, {"phase": "measured", "order_index": 79, "time_s": 0.003668977, "encode_s": 0.00029107, "total_s": 0.0039600469999999995}, {"phase": "measured", "order_index": 81, "time_s": 0.003723168, "encode_s": 0.000281296, "total_s": 0.004004464}, {"phase": "measured", "order_index": 83, "time_s": 0.003696198, "encode_s": 0.000282757, "total_s": 0.003978955}, {"phase": "measured", "order_index": 85, "time_s": 0.003726183, "encode_s": 0.000281967, "total_s": 0.00400815}, {"phase": "measured", "order_index": 87, "time_s": 0.003682878, "encode_s": 0.000282537, "total_s": 0.003965415}, {"phase": "measured", "order_index": 89, "time_s": 0.003693554, "encode_s": 0.000287474, "total_s": 0.003981028}, {"phase": "measured", "order_index": 91, "time_s": 0.003671681, "encode_s": 0.000284109, "total_s": 0.00395579}, {"phase": "measured", "order_index": 93, "time_s": 0.003659912, "encode_s": 0.000289287, "total_s": 0.003949199}, {"phase": "measured", "order_index": 95, "time_s": 0.003649026, "encode_s": 0.000288196, "total_s": 0.003937222}]}, "r15-hash32-chain-gain": {"external": false, "output_bytes": 124969, "output_sha256": "5e503339163175239c567a0d4d74b9deedebc783ca3597fd66178e49a57d9e0b", "tokens": 220484, "tokens_sha256": "fe0d82fcd85e64efc0101fcb5326015358ca5a5225ce4753f8ab1b30ed539f9d", "deterministic": true, "encode_s": 0.003436716, "errors": [], "reps": [{"phase": "warmup", "order_index": 74, "time_s": 1.5353e-05, "encode_s": 0.003436716, "total_s": 0.003452069}, {"phase": "measured", "order_index": 76, "time_s": 1.5824e-05, "encode_s": 0.003327139, "total_s": 0.0033429629999999996}, {"phase": "measured", "order_index": 78, "time_s": 1.5694e-05, "encode_s": 0.003280258, "total_s": 0.003295952}, {"phase": "measured", "order_index": 80, "time_s": 1.5363e-05, "encode_s": 0.003313229, "total_s": 0.003328592}, {"phase": "measured", "order_index": 82, "time_s": 1.5744e-05, "encode_s": 0.003286488, "total_s": 0.003302232}, {"phase": "measured", "order_index": 84, "time_s": 1.5333e-05, "encode_s": 0.003251305, "total_s": 0.003266638}, {"phase": "measured", "order_index": 86, "time_s": 1.5763e-05, "encode_s": 0.003298537, "total_s": 0.0033142999999999996}, {"phase": "measured", "order_index": 88, "time_s": 1.5563e-05, "encode_s": 0.003299668, "total_s": 0.003315231}, {"phase": "measured", "order_index": 90, "time_s": 1.5323e-05, "encode_s": 0.003304686, "total_s": 0.0033200089999999996}, {"phase": "measured", "order_index": 92, "time_s": 1.5674e-05, "encode_s": 0.00327444, "total_s": 0.003290114}, {"phase": "measured", "order_index": 94, "time_s": 1.5544e-05, "encode_s": 0.003293839, "total_s": 0.003309383}, {"phase": "measured", "order_index": 96, "time_s": 1.5414e-05, "encode_s": 0.003299848, "total_s": 0.0033152620000000002}]}}}
tradeoff-c	Run selected fresh official gate	2026-10-09T09:13:09.5374286Z SYNTHETIC_RAW 1 r15-hash32-chain-gain {"kind": "file", "corpus": "synthetic-transfer", "file": "sparse.bin", "raw_bytes": 53803, "sha256": "c51b774d8aadb5b636c1463ff5a9df4fe6c326330101df1daf2e4745b07678d3", "methods": {"incumbent": {"external": false, "output_bytes": 1798, "output_sha256": "64a1ff1bc414863ad88544207256d2d9a5ba187a3a5dc2ad6425dd07405c2e2c", "tokens": 1263, "tokens_sha256": "fae120ea72c3aae525d182eab79475dc599c31ea79ce1f32050a110b01939d24", "deterministic": true, "encode_s": 0.000479836, "errors": [], "reps": [{"phase": "warmup", "order_index": 97, "time_s": 0.000976626, "encode_s": 0.000479836, "total_s": 0.001456462}, {"phase": "measured", "order_index": 99, "time_s": 0.000972069, "encode_s": 0.000465283, "total_s": 0.001437352}, {"phase": "measured", "order_index": 101, "time_s": 0.000969415, "encode_s": 0.000456921, "total_s": 0.0014263359999999998}, {"phase": "measured", "order_index": 103, "time_s": 0.000983026, "encode_s": 0.000444952, "total_s": 0.0014279779999999999}, {"phase": "measured", "order_index": 105, "time_s": 0.000967673, "encode_s": 0.000446014, "total_s": 0.0014136869999999998}, {"phase": "measured", "order_index": 107, "time_s": 0.000958459, "encode_s": 0.000452484, "total_s": 0.001410943}, {"phase": "measured", "order_index": 109, "time_s": 0.000967723, "encode_s": 0.000455629, "total_s": 0.001423352}, {"phase": "measured", "order_index": 111, "time_s": 0.00096586, "encode_s": 0.000452574, "total_s": 0.001418434}, {"phase": "measured", "order_index": 113, "time_s": 0.000970327, "encode_s": 0.000445423, "total_s": 0.00141575}, {"phase": "measured", "order_index": 115, "time_s": 0.000966341, "encode_s": 0.000441988, "total_s": 0.001408329}, {"phase": "measured", "order_index": 117, "time_s": 0.000966411, "encode_s": 0.000451783, "total_s": 0.001418194}, {"phase": "measured", "order_index": 119, "time_s": 0.000968545, "encode_s": 0.000454256, "total_s": 0.001422801}]}, "r15-hash32-chain-gain": {"external": false, "output_bytes": 7334, "output_sha256": "5231164a2c117b47a904fdb758ab3a98f0df7a7a52f77c4c1c0a19b943f09cf2", "tokens": 53803, "tokens_sha256": "75db9a922717593433d1f2bae6a5f49da4bd27b1140da1c92d2ae201640af973", "deterministic": true, "encode_s": 0.001201376, "errors": [], "reps": [{"phase": "warmup", "order_index": 98, "time_s": 3.816e-06, "encode_s": 0.001201376, "total_s": 0.0012051920000000001}, {"phase": "measured", "order_index": 100, "time_s": 3.775e-06, "encode_s": 0.001205903, "total_s": 0.0012096779999999998}, {"phase": "measured", "order_index": 102, "time_s": 3.755e-06, "encode_s": 0.001193945, "total_s": 0.0011977000000000001}, {"phase": "measured", "order_index": 104, "time_s": 3.696e-06, "encode_s": 0.001196348, "total_s": 0.0012000440000000002}, {"phase": "measured", "order_index": 106, "time_s": 3.735e-06, "encode_s": 0.00121016, "total_s": 0.001213895}, {"phase": "measured", "order_index": 108, "time_s": 3.766e-06, "encode_s": 0.001191531, "total_s": 0.0011952970000000001}, {"phase": "measured", "order_index": 110, "time_s": 3.735e-06, "encode_s": 0.001180084, "total_s": 0.001183819}, {"phase": "measured", "order_index": 112, "time_s": 3.696e-06, "encode_s": 0.001186604, "total_s": 0.0011903}, {"phase": "measured", "order_index": 114, "time_s": 3.695e-06, "encode_s": 0.00119706, "total_s": 0.001200755}, {"phase": "measured", "order_index": 116, "time_s": 3.726e-06, "encode_s": 0.001176248, "total_s": 0.0011799739999999999}, {"phase": "measured", "order_index": 118, "time_s": 3.686e-06, "encode_s": 0.001188015, "total_s": 0.0011917009999999999}, {"phase": "measured", "order_index": 120, "time_s": 3.746e-06, "encode_s": 0.001192122, "total_s": 0.001195868}]}}}
tradeoff-c	Run selected fresh official gate	2026-10-09T09:13:09.5391039Z SYNTHETIC_RAW 1 r15-hash32-chain-gain {"kind": "file", "corpus": "synthetic-transfer", "file": "table.csv", "raw_bytes": 193765, "sha256": "e773c09c5e5d585dc64330f220ca47963de24c1be3297a8161e89fca34b98a85", "methods": {"incumbent": {"external": false, "output_bytes": 65436, "output_sha256": "dcb53081688a36dad21b849906f65e985a744ef8864e9324768f44dbb485a3fc", "tokens": 39085, "tokens_sha256": "93d50fc8a84ae35d4a248c3fc06f3632d2da32348cd6896ad6f9f43ea9515f65", "deterministic": true, "encode_s": 0.001380317, "errors": [], "reps": [{"phase": "warmup", "order_index": 121, "time_s": 0.010645112, "encode_s": 0.001380317, "total_s": 0.012025429}, {"phase": "measured", "order_index": 123, "time_s": 0.010736861, "encode_s": 0.001377372, "total_s": 0.012114233}, {"phase": "measured", "order_index": 125, "time_s": 0.010751263, "encode_s": 0.00138219, "total_s": 0.012133453}, {"phase": "measured", "order_index": 127, "time_s": 0.010732313, "encode_s": 0.001372925, "total_s": 0.012105238}, {"phase": "measured", "order_index": 129, "time_s": 0.010724833, "encode_s": 0.001383952, "total_s": 0.012108785}, {"phase": "measured", "order_index": 131, "time_s": 0.01071632, "encode_s": 0.001374488, "total_s": 0.012090808}, {"phase": "measured", "order_index": 133, "time_s": 0.010719484, "encode_s": 0.001379886, "total_s": 0.01209937}, {"phase": "measured", "order_index": 135, "time_s": 0.010716009, "encode_s": 0.00136929, "total_s": 0.012085299}, {"phase": "measured", "order_index": 137, "time_s": 0.010734137, "encode_s": 0.001378864, "total_s": 0.012113001}, {"phase": "measured", "order_index": 139, "time_s": 0.010735068, "encode_s": 0.001375029, "total_s": 0.012110097}, {"phase": "measured", "order_index": 141, "time_s": 0.010705554, "encode_s": 0.00138217, "total_s": 0.012087724000000001}, {"phase": "measured", "order_index": 143, "time_s": 0.010696199, "encode_s": 0.001364482, "total_s": 0.012060681}]}, "r15-hash32-chain-gain": {"external": false, "output_bytes": 102598, "output_sha256": "23726ecf53609ee2523cbb33b725eeda9068ca1fc2fc04f3d75b71b8bfd90e0d", "tokens": 193765, "tokens_sha256": "135aaa68b2cecfa67137c3a09419220ddecf94ec0e5ccc305b64ef45f3ecd911", "deterministic": true, "encode_s": 0.002726371, "errors": [], "reps": [{"phase": "warmup", "order_index": 122, "time_s": 1.3591e-05, "encode_s": 0.002726371, "total_s": 0.002739962}, {"phase": "measured", "order_index": 124, "time_s": 1.4632e-05, "encode_s": 0.002732761, "total_s": 0.002747393}, {"phase": "measured", "order_index": 126, "time_s": 1.4021e-05, "encode_s": 0.002636706, "total_s": 0.002650727}, {"phase": "measured", "order_index": 128, "time_s": 1.4251e-05, "encode_s": 0.002649224, "total_s": 0.002663475}, {"phase": "measured", "order_index": 130, "time_s": 1.4602e-05, "encode_s": 0.002630546, "total_s": 0.002645148}, {"phase": "measured", "order_index": 132, "time_s": 1.4181e-05, "encode_s": 0.002645229, "total_s": 0.0026594099999999996}, {"phase": "measured", "order_index": 134, "time_s": 1.4392e-05, "encode_s": 0.002645208, "total_s": 0.0026596}, {"phase": "measured", "order_index": 136, "time_s": 1.4672e-05, "encode_s": 0.002661193, "total_s": 0.002675865}, {"phase": "measured", "order_index": 138, "time_s": 1.4112e-05, "encode_s": 0.002635103, "total_s": 0.0026492150000000003}, {"phase": "measured", "order_index": 140, "time_s": 1.4091e-05, "encode_s": 0.002640332, "total_s": 0.002654423}, {"phase": "measured", "order_index": 142, "time_s": 1.4592e-05, "encode_s": 0.002628534, "total_s": 0.002643126}, {"phase": "measured", "order_index": 144, "time_s": 1.4592e-05, "encode_s": 0.002619801, "total_s": 0.002634393}]}}}
tradeoff-c	Run selected fresh official gate	2026-10-09T09:13:09.5406301Z SYNTHETIC_RAW 1 r15-hash32-chain-gain {"kind": "file", "corpus": "synthetic-transfer", "file": "tiny-structured.txt", "raw_bytes": 15588, "sha256": "2b4701704019445efcca8272c668d8015913d54616281baf813d477623dfcdd3", "methods": {"incumbent": {"external": false, "output_bytes": 1492, "output_sha256": "f35f34fe896e5ec7c7a15e89fe5bd6eb74d866642044e5d5df10ea85bcdc674f", "tokens": 1083, "tokens_sha256": "0fa05be94e7e54cd3cede626db4ec06f61e270d22e2f35d810b14ec5a00d6dde", "deterministic": true, "encode_s": 0.000153922, "errors": [], "reps": [{"phase": "warmup", "order_index": 145, "time_s": 0.000223558, "encode_s": 0.000153922, "total_s": 0.00037748}, {"phase": "measured", "order_index": 147, "time_s": 0.000226813, "encode_s": 0.000143618, "total_s": 0.000370431}, {"phase": "measured", "order_index": 149, "time_s": 0.000204319, "encode_s": 0.000137959, "total_s": 0.000342278}, {"phase": "measured", "order_index": 151, "time_s": 0.000210909, "encode_s": 0.000131679, "total_s": 0.000342588}, {"phase": "measured", "order_index": 153, "time_s": 0.000207634, "encode_s": 0.000140022, "total_s": 0.000347656}, {"phase": "measured", "order_index": 155, "time_s": 0.000208725, "encode_s": 0.000131079, "total_s": 0.000339804}, {"phase": "measured", "order_index": 157, "time_s": 0.000236888, "encode_s": 0.000129846, "total_s": 0.000366734}, {"phase": "measured", "order_index": 159, "time_s": 0.000208215, "encode_s": 0.000127473, "total_s": 0.000335688}, {"phase": "measured", "order_index": 161, "time_s": 0.000220794, "encode_s": 0.000130337, "total_s": 0.00035113099999999997}, {"phase": "measured", "order_index": 163, "time_s": 0.000206963, "encode_s": 0.000130347, "total_s": 0.00033731}, {"phase": "measured", "order_index": 165, "time_s": 0.000207785, "encode_s": 0.000129465, "total_s": 0.00033725}, {"phase": "measured", "order_index": 167, "time_s": 0.000208816, "encode_s": 0.000129676, "total_s": 0.000338492}]}, "r15-hash32-chain-gain": {"external": false, "output_bytes": 8368, "output_sha256": "7455bcfad111c38751b6d8e61f6639c052aec0210fd6730895abffbfeedf35b1", "tokens": 15588, "tokens_sha256": "80d1eebbd0f6319a7d101e46deb2fafca2f4d937d974ff657034f337d725d99f", "deterministic": true, "encode_s": 0.00017825, "errors": [], "reps": [{"phase": "warmup", "order_index": 146, "time_s": 1.222e-06, "encode_s": 0.00017825, "total_s": 0.000179472}, {"phase": "measured", "order_index": 148, "time_s": 1.192e-06, "encode_s": 0.000167664, "total_s": 0.00016885600000000002}, {"phase": "measured", "order_index": 150, "time_s": 1.092e-06, "encode_s": 0.000174253, "total_s": 0.000175345}, {"phase": "measured", "order_index": 152, "time_s": 1.171e-06, "encode_s": 0.00016535, "total_s": 0.00016652100000000001}, {"phase": "measured", "order_index": 154, "time_s": 1.131e-06, "encode_s": 0.000165651, "total_s": 0.000166782}, {"phase": "measured", "order_index": 156, "time_s": 1.222e-06, "encode_s": 0.000169616, "total_s": 0.000170838}, {"phase": "measured", "order_index": 158, "time_s": 1.162e-06, "encode_s": 0.0001652, "total_s": 0.000166362}, {"phase": "measured", "order_index": 160, "time_s": 1.122e-06, "encode_s": 0.000163757, "total_s": 0.000164879}, {"phase": "measured", "order_index": 162, "time_s": 1.152e-06, "encode_s": 0.00016515, "total_s": 0.000166302}, {"phase": "measured", "order_index": 164, "time_s": 1.132e-06, "encode_s": 0.000174864, "total_s": 0.000175996}, {"phase": "measured", "order_index": 166, "time_s": 1.172e-06, "encode_s": 0.000166212, "total_s": 0.000167384}, {"phase": "measured", "order_index": 168, "time_s": 1.172e-06, "encode_s": 0.000174263, "total_s": 0.000175435}]}}}
tradeoff-c	Run selected fresh official gate	2026-10-09T09:13:09.5423873Z SYNTHETIC_RAW 1 r15-hash32-chain-gain {"kind": "file", "corpus": "synthetic-transfer", "file": "window-boundary.bin", "raw_bytes": 73735, "sha256": "3d5e223fd8ced74430c5b87ebbbe4ff9c9782c6902f9b137538dddc79f087dcc", "methods": {"incumbent": {"external": false, "output_bytes": 73933, "output_sha256": "5e456557d23dbd5249a36f224b7449a9d53075a00273d27d8ee8f397eeafb978", "tokens": 73559, "tokens_sha256": "35dd083034d7d329eefea50f23c8b2117879da70eb37280242ffd804c83eaf3b", "deterministic": true, "encode_s": 0.002585539, "errors": [], "reps": [{"phase": "warmup", "order_index": 169, "time_s": 0.000905458, "encode_s": 0.002585539, "total_s": 0.003490997}, {"phase": "measured", "order_index": 171, "time_s": 0.000901623, "encode_s": 0.002564847, "total_s": 0.00346647}, {"phase": "measured", "order_index": 173, "time_s": 0.000902805, "encode_s": 0.002564036, "total_s": 0.003466841}, {"phase": "measured", "order_index": 175, "time_s": 0.000898509, "encode_s": 0.002574872, "total_s": 0.003473381}, {"phase": "measured", "order_index": 177, "time_s": 0.000894863, "encode_s": 0.002552429, "total_s": 0.0034472920000000002}, {"phase": "measured", "order_index": 179, "time_s": 0.00089259, "encode_s": 0.002586129, "total_s": 0.003478719}, {"phase": "measured", "order_index": 181, "time_s": 0.000900191, "encode_s": 0.002597807, "total_s": 0.003497998}, {"phase": "measured", "order_index": 183, "time_s": 0.000899179, "encode_s": 0.002567201, "total_s": 0.00346638}, {"phase": "measured", "order_index": 185, "time_s": 0.000898318, "encode_s": 0.002588183, "total_s": 0.003486501}, {"phase": "measured", "order_index": 187, "time_s": 0.000899049, "encode_s": 0.002569595, "total_s": 0.003468644}, {"phase": "measured", "order_index": 189, "time_s": 0.000904868, "encode_s": 0.002577346, "total_s": 0.003482214}, {"phase": "measured", "order_index": 191, "time_s": 0.0009066, "encode_s": 0.002584958, "total_s": 0.003491558}]}, "r15-hash32-chain-gain": {"external": false, "output_bytes": 73760, "output_sha256": "7fc0f619879f4fb08483c528b61a18725bafcbfbce8f257146ac4741ba95851b", "tokens": 73735, "tokens_sha256": "8a3f0d4d337189d036871ced04356a9ba83426a905ea1c72d81f57b9d8549140", "deterministic": true, "encode_s": 0.002419137, "errors": [], "reps": [{"phase": "warmup", "order_index": 170, "time_s": 5.147e-06, "encode_s": 0.002419137, "total_s": 0.002424284}, {"phase": "measured", "order_index": 172, "time_s": 5.118e-06, "encode_s": 0.002411565, "total_s": 0.002416683}, {"phase": "measured", "order_index": 174, "time_s": 5.288e-06, "encode_s": 0.002398116, "total_s": 0.002403404}, {"phase": "measured", "order_index": 176, "time_s": 5.378e-06, "encode_s": 0.002436003, "total_s": 0.002441381}, {"phase": "measured", "order_index": 178, "time_s": 5.388e-06, "encode_s": 0.002432277, "total_s": 0.002437665}, {"phase": "measured", "order_index": 180, "time_s": 5.248e-06, "encode_s": 0.002411636, "total_s": 0.002416884}, {"phase": "measured", "order_index": 182, "time_s": 5.198e-06, "encode_s": 0.002425727, "total_s": 0.002430925}, {"phase": "measured", "order_index": 184, "time_s": 5.268e-06, "encode_s": 0.002416743, "total_s": 0.002422011}, {"phase": "measured", "order_index": 186, "time_s": 5.879e-06, "encode_s": 0.002411004, "total_s": 0.002416883}, {"phase": "measured", "order_index": 188, "time_s": 5.359e-06, "encode_s": 0.002438165, "total_s": 0.002443524}, {"phase": "measured", "order_index": 190, "time_s": 5.278e-06, "encode_s": 0.002412577, "total_s": 0.002417855}, {"phase": "measured", "order_index": 192, "time_s": 5.348e-06, "encode_s": 0.002422182, "total_s": 0.0024275300000000002}]}}}
tradeoff-c	Run selected fresh official gate	2026-10-09T09:13:09.5708368Z ^[[32m2026-10-09 09:13:09.570^[[0m | ^[[34m^[[1mDEBUG   ^[[0m | ^[[36msandbox.bwrap^[[0m:^[[36mrun^[[0m:^[[36m110^[[0m - ^[[34m^[[1m[bwrap] rustc exit=0 in 0.0s^[[0m
tradeoff-c	Run selected fresh official gate	2026-10-09T09:13:11.3704451Z ^[[32m2026-10-09 09:13:11.370^[[0m | ^[[34m^[[1mDEBUG   ^[[0m | ^[[36msandbox.bwrap^[[0m:^[[36mrun^[[0m:^[[36m110^[[0m - ^[[34m^[[1m[bwrap] cargo exit=0 in 1.8s^[[0m
tradeoff-c	Run selected fresh official gate	2026-10-09T09:13:11.3706583Z ^[[32m2026-10-09 09:13:11.370^[[0m | ^[[34m^[[1mDEBUG   ^[[0m | ^[[36mbench.driver^[[0m:^[[36m_build^[[0m:^[[36m295^[[0m - ^[[34m^[[1m[bench] built incumbent in 1.8s exit=0^[[0m
tradeoff-c	Run selected fresh official gate	2026-10-09T09:13:14.6289094Z ^[[32m2026-10-09 09:13:14.628^[[0m | ^[[34m^[[1mDEBUG   ^[[0m | ^[[36msandbox.bwrap^[[0m:^[[36mrun^[[0m:^[[36m110^[[0m - ^[[34m^[[1m[bwrap] cargo exit=0 in 3.3s^[[0m
tradeoff-c	Run selected fresh official gate	2026-10-09T09:13:14.6294599Z ^[[32m2026-10-09 09:13:14.628^[[0m | ^[[34m^[[1mDEBUG   ^[[0m | ^[[36mbench.driver^[[0m:^[[36m_build^[[0m:^[[36m295^[[0m - ^[[34m^[[1m[bench] built r15-hash32-chain-depth2 in 3.3s exit=0^[[0m
tradeoff-c	Run selected fresh official gate	2026-10-09T09:13:15.2812991Z ^[[32m2026-10-09 09:13:15.280^[[0m | ^[[34m^[[1mDEBUG   ^[[0m | ^[[36msandbox.bwrap^[[0m:^[[36mrun^[[0m:^[[36m110^[[0m - ^[[34m^[[1m[bwrap] measure exit=0 in 0.7s^[[0m
tradeoff-c	Run selected fresh official gate	2026-10-09T09:13:15.2814048Z ^[[32m2026-10-09 09:13:15.281^[[0m | ^[[34m^[[1mDEBUG   ^[[0m | ^[[36mbench.driver^[[0m:^[[36m_measure^[[0m:^[[36m333^[[0m - ^[[34m^[[1m[bench] measured r15-hash32-chain-depth2 in 0.7s exit=0^[[0m
tradeoff-c	Run selected fresh official gate	2026-10-09T09:13:15.2855027Z SYNTHETIC_MEASUREMENT {"candidate": "r15-hash32-chain-depth2", "round": 1, "time": 0.6963887864203308, "size_pct": 63.241794911650835}
tradeoff-c	Run selected fresh official gate	2026-10-09T09:13:15.2862189Z SYNTHETIC_RAW 1 r15-hash32-chain-depth2 {"kind": "meta", "schema_version": 4, "started_at_unix": 1791537194.6450946, "corpus": "synthetic-transfer", "corpus_dir": "/home/runner/work/_temp/round4-receipts/research-synthetic/synthetic-transfer", "os": "linux", "arch": "x86_64", "rustc_version": "rustc 1.100.0-nightly (8fa1c96cf 2026-08-17)", "cpu_model": "AMD EPYC 9V74 80-Core Processor", "cpu_governor": null, "warmup_rounds": 1, "measured_rounds": 11, "speed_floor": null, "methods": {"incumbent": {"external": false, "crate_dir": "/home/runner/work/_temp/deflate-upstream/data/bench-workspace/20261009T091309Z-9651f001-80zsle4z/incumbent", "source_sha256": "b9e0d844baf5958cf0c1c66bfb9fd1f89663fa30f21a99c3c116b3dd2e771361", "lib_sha256": "141f58ceb5d68fdd9fef84fc9da46540dfd34174de8533d923ef187ae09ec57b"}, "r15-hash32-chain-depth2": {"external": false, "crate_dir": "/home/runner/work/_temp/deflate-upstream/data/bench-workspace/20261009T091309Z-9651f001-80zsle4z/r15-hash32-chain-depth2", "source_sha256": "79170abebc9b372ef563fa9286952fce1cfbe349d3a61d637f2811159d4ccb7b", "lib_sha256": "6e8045cc8da234c20e8be19daeab987300259c96c29720ec8c2c45e9aa4fd9f8"}}, "benchmark_provenance": {"version": 1, "engine_sha256": "ab202460691492f48d5c632375f5df2a74fc3769a81337e876607e9326a46fac", "template_sha256": "584b01793667c5257da4e76da919fbb3bb73c72fa434866622fe3905884d33f0", "host_sha256": "2b32344a74bca6b42edebf4f499412873c9bc3de9561a681587513913177b357", "cpus": "0", "process_affinity": [0, 1, 2, 3], "memory_mb": 2048, "sandbox": true, "build_profile": "release", "external_references": false}}
tradeoff-c	Run selected fresh official gate	2026-10-09T09:13:15.2876553Z SYNTHETIC_RAW 1 r15-hash32-chain-depth2 {"kind": "file", "corpus": "synthetic-transfer", "file": "multilingual.txt", "raw_bytes": 163270, "sha256": "bdd257c8c2afbd9c418ec8954e0ca3f2cedbfa5a622e9b2d5255f35647f1aecc", "methods": {"incumbent": {"external": false, "output_bytes": 9206, "output_sha256": "dd1312ec4702740b4331fb5195ee7cf1f8f1e4ebb52c5bad2ee9ac46eb142e05", "tokens": 4618, "tokens_sha256": "a6e0f107a4d317d16a1a0fe1f14d8a05d25385b4de7fa5b1409ef0de972f3b25", "deterministic": true, "encode_s": 0.000375207, "errors": [], "reps": [{"phase": "warmup", "order_index": 1, "time_s": 0.001991891, "encode_s": 0.000375207, "total_s": 0.0023670979999999998}, {"phase": "measured", "order_index": 3, "time_s": 0.001852991, "encode_s": 0.000329278, "total_s": 0.002182269}, {"phase": "measured", "order_index": 5, "time_s": 0.001853722, "encode_s": 0.00030418, "total_s": 0.0021579019999999997}, {"phase": "measured", "order_index": 7, "time_s": 0.001861755, "encode_s": 0.000306603, "total_s": 0.002168358}, {"phase": "measured", "order_index": 9, "time_s": 0.001879712, "encode_s": 0.00031115, "total_s": 0.002190862}, {"phase": "measured", "order_index": 11, "time_s": 0.001860322, "encode_s": 0.000305893, "total_s": 0.002166215}, {"phase": "measured", "order_index": 13, "time_s": 0.001852391, "encode_s": 0.000308566, "total_s": 0.0021609570000000002}, {"phase": "measured", "order_index": 15, "time_s": 0.001849336, "encode_s": 0.000305602, "total_s": 0.002154938}, {"phase": "measured", "order_index": 17, "time_s": 0.001854964, "encode_s": 0.000315187, "total_s": 0.002170151}, {"phase": "measured", "order_index": 19, "time_s": 0.001857258, "encode_s": 0.000314616, "total_s": 0.002171874}, {"phase": "measured", "order_index": 21, "time_s": 0.001850988, "encode_s": 0.000306884, "total_s": 0.002157872}, {"phase": "measured", "order_index": 23, "time_s": 0.00185192, "encode_s": 0.000323409, "total_s": 0.002175329}]}, "r15-hash32-chain-depth2": {"external": false, "output_bytes": 113217, "output_sha256": "3829c1b23a817582db9ed09f60e8b6984b1d078adcc2e36cca6713403d874617", "tokens": 163270, "tokens_sha256": "0456de57f1b7bf6a9d2532c2074dd975a0babb928f8f5734ad7284a1dbb1ca35", "deterministic": true, "encode_s": 0.003435233, "errors": [], "reps": [{"phase": "warmup", "order_index": 2, "time_s": 1.1708e-05, "encode_s": 0.003435233, "total_s": 0.0034469410000000002}, {"phase": "measured", "order_index": 4, "time_s": 1.1687e-05, "encode_s": 0.003269883, "total_s": 0.0032815699999999997}, {"phase": "measured", "order_index": 6, "time_s": 1.1467e-05, "encode_s": 0.003241741, "total_s": 0.0032532079999999996}, {"phase": "measured", "order_index": 8, "time_s": 1.1347e-05, "encode_s": 0.003218906, "total_s": 0.003230253}, {"phase": "measured", "order_index": 10, "time_s": 1.2028e-05, "encode_s": 0.003199005, "total_s": 0.003211033}, {"phase": "measured", "order_index": 12, "time_s": 1.1558e-05, "encode_s": 0.003243132, "total_s": 0.00325469}, {"phase": "measured", "order_index": 14, "time_s": 1.1287e-05, "encode_s": 0.003220498, "total_s": 0.003231785}, {"phase": "measured", "order_index": 16, "time_s": 1.9249e-05, "encode_s": 0.003159817, "total_s": 0.003179066}, {"phase": "measured", "order_index": 18, "time_s": 1.1257e-05, "encode_s": 0.003201129, "total_s": 0.0032123860000000002}, {"phase": "measured", "order_index": 20, "time_s": 1.1387e-05, "encode_s": 0.003197444, "total_s": 0.0032088309999999997}, {"phase": "measured", "order_index": 22, "time_s": 1.1297e-05, "encode_s": 0.003184434, "total_s": 0.003195731}, {"phase": "measured", "order_index": 24, "time_s": 1.1618e-05, "encode_s": 0.003178014, "total_s": 0.003189632}]}}}
tradeoff-c	Run selected fresh official gate	2026-10-09T09:13:15.2892200Z SYNTHETIC_RAW 1 r15-hash32-chain-depth2 {"kind": "file", "corpus": "synthetic-transfer", "file": "random.bin", "raw_bytes": 131101, "sha256": "22c862f2c2c5fd5a072e9f74b5a056aacb9025228d040addb56dcd9bec4c09d3", "methods": {"incumbent": {"external": false, "output_bytes": 131445, "output_sha256": "deebb4fe887edb814c65fc8f8d20b733d4a395d0e32399c3c25af9b591d8dc2d", "tokens": 130620, "tokens_sha256": "5330a4dbafd88f2b8356a1db487249115b5a636a9e2bab5cf05094461ba5cbc3", "deterministic": true, "encode_s": 0.005034761, "errors": [], "reps": [{"phase": "warmup", "order_index": 25, "time_s": 0.001904458, "encode_s": 0.005034761, "total_s": 0.006939219}, {"phase": "measured", "order_index": 27, "time_s": 0.001918861, "encode_s": 0.004208622, "total_s": 0.006127483}, {"phase": "measured", "order_index": 29, "time_s": 0.001923808, "encode_s": 0.004225157, "total_s": 0.006148965}, {"phase": "measured", "order_index": 31, "time_s": 0.001911029, "encode_s": 0.004232848, "total_s": 0.006143877}, {"phase": "measured", "order_index": 33, "time_s": 0.001882326, "encode_s": 0.004215072, "total_s": 0.006097398}, {"phase": "measured", "order_index": 35, "time_s": 0.001909556, "encode_s": 0.0042736, "total_s": 0.0061831559999999995}, {"phase": "measured", "order_index": 37, "time_s": 0.001906712, "encode_s": 0.004226058, "total_s": 0.006132770000000001}, {"phase": "measured", "order_index": 39, "time_s": 0.001908285, "encode_s": 0.004225177, "total_s": 0.006133462}, {"phase": "measured", "order_index": 41, "time_s": 0.00191156, "encode_s": 0.00421398, "total_s": 0.0061255400000000005}, {"phase": "measured", "order_index": 43, "time_s": 0.001909456, "encode_s": 0.004214682, "total_s": 0.0061241379999999995}, {"phase": "measured", "order_index": 45, "time_s": 0.001934344, "encode_s": 0.004235914, "total_s": 0.0061702580000000005}, {"phase": "measured", "order_index": 47, "time_s": 0.00191155, "encode_s": 0.004201922, "total_s": 0.006113472}]}, "r15-hash32-chain-depth2": {"external": false, "output_bytes": 131144, "output_sha256": "52b5974219d121f00e342319360c4c8bcac7ff2eda0365aa245dfe321fd4613b", "tokens": 131101, "tokens_sha256": "861ef26a6d151afca1053cb702d3d74a8e4ef1beae1928ecd65b6e1995a7cb99", "deterministic": true, "encode_s": 0.003989441, "errors": [], "reps": [{"phase": "warmup", "order_index": 26, "time_s": 9.044e-06, "encode_s": 0.003989441, "total_s": 0.0039984849999999995}, {"phase": "measured", "order_index": 28, "time_s": 9.394e-06, "encode_s": 0.0039692, "total_s": 0.003978594}, {"phase": "measured", "order_index": 30, "time_s": 9.614e-06, "encode_s": 0.003992305, "total_s": 0.004001919}, {"phase": "measured", "order_index": 32, "time_s": 9.925e-06, "encode_s": 0.003976151, "total_s": 0.003986076}, {"phase": "measured", "order_index": 34, "time_s": 9.935e-06, "encode_s": 0.003963121, "total_s": 0.003973056}, {"phase": "measured", "order_index": 36, "time_s": 9.784e-06, "encode_s": 0.003981179, "total_s": 0.003990962999999999}, {"phase": "measured", "order_index": 38, "time_s": 9.544e-06, "encode_s": 0.003976341, "total_s": 0.003985885000000001}, {"phase": "measured", "order_index": 40, "time_s": 1.0285e-05, "encode_s": 0.003985235, "total_s": 0.00399552}, {"phase": "measured", "order_index": 42, "time_s": 9.905e-06, "encode_s": 0.003971073, "total_s": 0.0039809780000000005}, {"phase": "measured", "order_index": 44, "time_s": 9.955e-06, "encode_s": 0.003975049, "total_s": 0.0039850039999999995}, {"phase": "measured", "order_index": 46, "time_s": 9.334e-06, "encode_s": 0.004017163, "total_s": 0.0040264969999999995}, {"phase": "measured", "order_index": 48, "time_s": 9.754e-06, "encode_s": 0.003983212, "total_s": 0.003992966}]}}}
tradeoff-c	Run selected fresh official gate	2026-10-09T09:13:15.2910499Z SYNTHETIC_RAW 1 r15-hash32-chain-depth2 {"kind": "file", "corpus": "synthetic-transfer", "file": "short-log.txt", "raw_bytes": 32505, "sha256": "23ef9a1b24b2cfcd1c73f1ff1a71ab017cbcf921409f96f8839c74819d3c0b82", "methods": {"incumbent": {"external": false, "output_bytes": 4871, "output_sha256": "b801c58b86a433392a15971de32130be788d25cd6f3a91a1abda0f0a909dac25", "tokens": 3017, "tokens_sha256": "fcd4ea723eb6d0e399dc5c1cf6825e8d767f6fc45a05600bb177054b19e7eaec", "deterministic": true, "encode_s": 0.000226182, "errors": [], "reps": [{"phase": "warmup", "order_index": 49, "time_s": 0.000891027, "encode_s": 0.000226182, "total_s": 0.001117209}, {"phase": "measured", "order_index": 51, "time_s": 0.00088631, "encode_s": 0.000219442, "total_s": 0.001105752}, {"phase": "measured", "order_index": 53, "time_s": 0.000875383, "encode_s": 0.000212631, "total_s": 0.001088014}, {"phase": "measured", "order_index": 55, "time_s": 0.000864306, "encode_s": 0.000217459, "total_s": 0.001081765}, {"phase": "measured", "order_index": 57, "time_s": 0.000874041, "encode_s": 0.00020473, "total_s": 0.001078771}, {"phase": "measured", "order_index": 59, "time_s": 0.000876766, "encode_s": 0.000203778, "total_s": 0.001080544}, {"phase": "measured", "order_index": 61, "time_s": 0.000883195, "encode_s": 0.000205982, "total_s": 0.001089177}, {"phase": "measured", "order_index": 63, "time_s": 0.000892399, "encode_s": 0.000209437, "total_s": 0.001101836}, {"phase": "measured", "order_index": 65, "time_s": 0.000860551, "encode_s": 0.000215946, "total_s": 0.001076497}, {"phase": "measured", "order_index": 67, "time_s": 0.00089319, "encode_s": 0.000207063, "total_s": 0.001100253}, {"phase": "measured", "order_index": 69, "time_s": 0.000917717, "encode_s": 0.000210058, "total_s": 0.001127775}, {"phase": "measured", "order_index": 71, "time_s": 0.000887893, "encode_s": 0.000205741, "total_s": 0.001093634}]}, "r15-hash32-chain-depth2": {"external": false, "output_bytes": 19367, "output_sha256": "61b6b9aa73349f07fa988d99294a9ab90d6019e6a66dbe4c36ce58c7cba0ab1c", "tokens": 32505, "tokens_sha256": "355f3c4bf86a7c5f0678fb0740380e7aacbd803e34fb5f35c917248f44961d52", "deterministic": true, "encode_s": 0.000397761, "errors": [], "reps": [{"phase": "warmup", "order_index": 50, "time_s": 2.474e-06, "encode_s": 0.000397761, "total_s": 0.000400235}, {"phase": "measured", "order_index": 52, "time_s": 2.304e-06, "encode_s": 0.000400075, "total_s": 0.000402379}, {"phase": "measured", "order_index": 54, "time_s": 2.464e-06, "encode_s": 0.000392293, "total_s": 0.000394757}, {"phase": "measured", "order_index": 56, "time_s": 2.263e-06, "encode_s": 0.000387236, "total_s": 0.000389499}, {"phase": "measured", "order_index": 58, "time_s": 2.293e-06, "encode_s": 0.000399554, "total_s": 0.000401847}, {"phase": "measured", "order_index": 60, "time_s": 2.293e-06, "encode_s": 0.000381236, "total_s": 0.000383529}, {"phase": "measured", "order_index": 62, "time_s": 2.314e-06, "encode_s": 0.000394216, "total_s": 0.00039653}, {"phase": "measured", "order_index": 64, "time_s": 2.324e-06, "encode_s": 0.000391121, "total_s": 0.000393445}, {"phase": "measured", "order_index": 66, "time_s": 2.283e-06, "encode_s": 0.000388197, "total_s": 0.00039048}, {"phase": "measured", "order_index": 68, "time_s": 2.274e-06, "encode_s": 0.000394606, "total_s": 0.00039688}, {"phase": "measured", "order_index": 70, "time_s": 2.313e-06, "encode_s": 0.00038988, "total_s": 0.000392193}, {"phase": "measured", "order_index": 72, "time_s": 2.294e-06, "encode_s": 0.000392203, "total_s": 0.000394497}]}}}
tradeoff-c	Run selected fresh official gate	2026-10-09T09:13:15.2925922Z SYNTHETIC_RAW 1 r15-hash32-chain-depth2 {"kind": "file", "corpus": "synthetic-transfer", "file": "source-like.txt", "raw_bytes": 220484, "sha256": "326efe91d7d1e5a11bee87388ef45c7551b1b541f17a1749d7cd5cd53c25ab66", "methods": {"incumbent": {"external": false, "output_bytes": 16650, "output_sha256": "a459035fe1f2d45221381fefc1bad509a69c3effb5a67ee57a00384072a446f5", "tokens": 7890, "tokens_sha256": "cf67564e32e855eac2759e9b433da56b133fd538e426d3f122c000aa5d009805", "deterministic": true, "encode_s": 0.000283939, "errors": [], "reps": [{"phase": "warmup", "order_index": 73, "time_s": 0.003728716, "encode_s": 0.000283939, "total_s": 0.004012655}, {"phase": "measured", "order_index": 75, "time_s": 0.003727705, "encode_s": 0.000286132, "total_s": 0.004013837}, {"phase": "measured", "order_index": 77, "time_s": 0.003739343, "encode_s": 0.000281946, "total_s": 0.004021289}, {"phase": "measured", "order_index": 79, "time_s": 0.003732903, "encode_s": 0.000280525, "total_s": 0.004013428}, {"phase": "measured", "order_index": 81, "time_s": 0.003676388, "encode_s": 0.000285461, "total_s": 0.003961849}, {"phase": "measured", "order_index": 83, "time_s": 0.003652622, "encode_s": 0.000292823, "total_s": 0.003945445}, {"phase": "measured", "order_index": 85, "time_s": 0.003647093, "encode_s": 0.000294095, "total_s": 0.003941188}, {"phase": "measured", "order_index": 87, "time_s": 0.0036845, "encode_s": 0.000286123, "total_s": 0.0039706229999999995}, {"phase": "measured", "order_index": 89, "time_s": 0.003656207, "encode_s": 0.000279502, "total_s": 0.003935709}, {"phase": "measured", "order_index": 91, "time_s": 0.003666973, "encode_s": 0.000276078, "total_s": 0.003943051}, {"phase": "measured", "order_index": 93, "time_s": 0.003675346, "encode_s": 0.000278942, "total_s": 0.003954288}, {"phase": "measured", "order_index": 95, "time_s": 0.003661876, "encode_s": 0.00027775, "total_s": 0.003939626}]}, "r15-hash32-chain-depth2": {"external": false, "output_bytes": 124969, "output_sha256": "5e503339163175239c567a0d4d74b9deedebc783ca3597fd66178e49a57d9e0b", "tokens": 220484, "tokens_sha256": "fe0d82fcd85e64efc0101fcb5326015358ca5a5225ce4753f8ab1b30ed539f9d", "deterministic": true, "encode_s": 0.003434061, "errors": [], "reps": [{"phase": "warmup", "order_index": 74, "time_s": 1.5213e-05, "encode_s": 0.003434061, "total_s": 0.003449274}, {"phase": "measured", "order_index": 76, "time_s": 1.5954e-05, "encode_s": 0.003269903, "total_s": 0.0032858569999999997}, {"phase": "measured", "order_index": 78, "time_s": 1.5654e-05, "encode_s": 0.003252076, "total_s": 0.00326773}, {"phase": "measured", "order_index": 80, "time_s": 1.5474e-05, "encode_s": 0.003310064, "total_s": 0.0033255380000000003}, {"phase": "measured", "order_index": 82, "time_s": 1.5323e-05, "encode_s": 0.003273408, "total_s": 0.0032887309999999996}, {"phase": "measured", "order_index": 84, "time_s": 1.5324e-05, "encode_s": 0.003265676, "total_s": 0.003281}, {"phase": "measured", "order_index": 86, "time_s": 1.5323e-05, "encode_s": 0.003278166, "total_s": 0.0032934889999999997}, {"phase": "measured", "order_index": 88, "time_s": 1.5363e-05, "encode_s": 0.003264295, "total_s": 0.003279658}, {"phase": "measured", "order_index": 90, "time_s": 1.5824e-05, "encode_s": 0.003255932, "total_s": 0.003271756}, {"phase": "measured", "order_index": 92, "time_s": 1.5624e-05, "encode_s": 0.003293909, "total_s": 0.003309533}, {"phase": "measured", "order_index": 94, "time_s": 1.5804e-05, "encode_s": 0.003262412, "total_s": 0.003278216}, {"phase": "measured", "order_index": 96, "time_s": 1.5483e-05, "encode_s": 0.003244876, "total_s": 0.003260359}]}}}
tradeoff-c	Run selected fresh official gate	2026-10-09T09:13:15.2949582Z SYNTHETIC_RAW 1 r15-hash32-chain-depth2 {"kind": "file", "corpus": "synthetic-transfer", "file": "sparse.bin", "raw_bytes": 53803, "sha256": "c51b774d8aadb5b636c1463ff5a9df4fe6c326330101df1daf2e4745b07678d3", "methods": {"incumbent": {"external": false, "output_bytes": 1798, "output_sha256": "64a1ff1bc414863ad88544207256d2d9a5ba187a3a5dc2ad6425dd07405c2e2c", "tokens": 1263, "tokens_sha256": "fae120ea72c3aae525d182eab79475dc599c31ea79ce1f32050a110b01939d24", "deterministic": true, "encode_s": 0.000465473, "errors": [], "reps": [{"phase": "warmup", "order_index": 97, "time_s": 0.000969756, "encode_s": 0.000465473, "total_s": 0.001435229}, {"phase": "measured", "order_index": 99, "time_s": 0.000968404, "encode_s": 0.00044963, "total_s": 0.0014180339999999999}, {"phase": "measured", "order_index": 101, "time_s": 0.000980863, "encode_s": 0.00045625, "total_s": 0.001437113}, {"phase": "measured", "order_index": 103, "time_s": 0.000971538, "encode_s": 0.00044991, "total_s": 0.001421448}, {"phase": "measured", "order_index": 105, "time_s": 0.000968524, "encode_s": 0.000448278, "total_s": 0.001416802}, {"phase": "measured", "order_index": 107, "time_s": 0.000967993, "encode_s": 0.000446675, "total_s": 0.001414668}, {"phase": "measured", "order_index": 109, "time_s": 0.000965479, "encode_s": 0.000442539, "total_s": 0.001408018}, {"phase": "measured", "order_index": 111, "time_s": 0.000968194, "encode_s": 0.000452775, "total_s": 0.001420969}, {"phase": "measured", "order_index": 113, "time_s": 0.000971228, "encode_s": 0.000453967, "total_s": 0.001425195}, {"phase": "measured", "order_index": 115, "time_s": 0.000967743, "encode_s": 0.000444452, "total_s": 0.001412195}, {"phase": "measured", "order_index": 117, "time_s": 0.000970798, "encode_s": 0.000446425, "total_s": 0.001417223}, {"phase": "measured", "order_index": 119, "time_s": 0.000966862, "encode_s": 0.000445063, "total_s": 0.001411925}]}, "r15-hash32-chain-depth2": {"external": false, "output_bytes": 7334, "output_sha256": "5231164a2c117b47a904fdb758ab3a98f0df7a7a52f77c4c1c0a19b943f09cf2", "tokens": 53803, "tokens_sha256": "75db9a922717593433d1f2bae6a5f49da4bd27b1140da1c92d2ae201640af973", "deterministic": true, "encode_s": 0.001201867, "errors": [], "reps": [{"phase": "warmup", "order_index": 98, "time_s": 3.806e-06, "encode_s": 0.001201867, "total_s": 0.001205673}, {"phase": "measured", "order_index": 100, "time_s": 3.986e-06, "encode_s": 0.001194626, "total_s": 0.0011986120000000002}, {"phase": "measured", "order_index": 102, "time_s": 3.796e-06, "encode_s": 0.001201756, "total_s": 0.001205552}, {"phase": "measured", "order_index": 104, "time_s": 4.056e-06, "encode_s": 0.001200665, "total_s": 0.001204721}, {"phase": "measured", "order_index": 106, "time_s": 3.745e-06, "encode_s": 0.001208648, "total_s": 0.0012123930000000002}, {"phase": "measured", "order_index": 108, "time_s": 3.755e-06, "encode_s": 0.001190861, "total_s": 0.0011946160000000001}, {"phase": "measured", "order_index": 110, "time_s": 3.876e-06, "encode_s": 0.00119107, "total_s": 0.0011949460000000001}, {"phase": "measured", "order_index": 112, "time_s": 3.715e-06, "encode_s": 0.001195448, "total_s": 0.001199163}, {"phase": "measured", "order_index": 114, "time_s": 3.856e-06, "encode_s": 0.001196879, "total_s": 0.001200735}, {"phase": "measured", "order_index": 116, "time_s": 3.746e-06, "encode_s": 0.00120406, "total_s": 0.001207806}, {"phase": "measured", "order_index": 118, "time_s": 3.856e-06, "encode_s": 0.001226965, "total_s": 0.001230821}, {"phase": "measured", "order_index": 120, "time_s": 3.776e-06, "encode_s": 0.001195778, "total_s": 0.001199554}]}}}
tradeoff-c	Run selected fresh official gate	2026-10-09T09:13:15.2967739Z SYNTHETIC_RAW 1 r15-hash32-chain-depth2 {"kind": "file", "corpus": "synthetic-transfer", "file": "table.csv", "raw_bytes": 193765, "sha256": "e773c09c5e5d585dc64330f220ca47963de24c1be3297a8161e89fca34b98a85", "methods": {"incumbent": {"external": false, "output_bytes": 65436, "output_sha256": "dcb53081688a36dad21b849906f65e985a744ef8864e9324768f44dbb485a3fc", "tokens": 39085, "tokens_sha256": "93d50fc8a84ae35d4a248c3fc06f3632d2da32348cd6896ad6f9f43ea9515f65", "deterministic": true, "encode_s": 0.001389731, "errors": [], "reps": [{"phase": "warmup", "order_index": 121, "time_s": 0.01071619, "encode_s": 0.001389731, "total_s": 0.012105921}, {"phase": "measured", "order_index": 123, "time_s": 0.010658111, "encode_s": 0.001387638, "total_s": 0.012045749}, {"phase": "measured", "order_index": 125, "time_s": 0.010660436, "encode_s": 0.001387437, "total_s": 0.012047873}, {"phase": "measured", "order_index": 127, "time_s": 0.010652523, "encode_s": 0.001377343, "total_s": 0.012029866}, {"phase": "measured", "order_index": 129, "time_s": 0.010701608, "encode_s": 0.001393226, "total_s": 0.012094833999999999}, {"phase": "measured", "order_index": 131, "time_s": 0.010711382, "encode_s": 0.001379876, "total_s": 0.012091258}, {"phase": "measured", "order_index": 133, "time_s": 0.010739124, "encode_s": 0.001382039, "total_s": 0.012121162999999999}, {"phase": "measured", "order_index": 135, "time_s": 0.010807407, "encode_s": 0.001383201, "total_s": 0.012190608}, {"phase": "measured", "order_index": 137, "time_s": 0.01074297, "encode_s": 0.001376712, "total_s": 0.012119682}, {"phase": "measured", "order_index": 139, "time_s": 0.010739595, "encode_s": 0.001371384, "total_s": 0.012110979}, {"phase": "measured", "order_index": 141, "time_s": 0.010727456, "encode_s": 0.001387648, "total_s": 0.012115104}, {"phase": "measured", "order_index": 143, "time_s": 0.010761428, "encode_s": 0.001365184, "total_s": 0.012126612}]}, "r15-hash32-chain-depth2": {"external": false, "output_bytes": 102598, "output_sha256": "23726ecf53609ee2523cbb33b725eeda9068ca1fc2fc04f3d75b71b8bfd90e0d", "tokens": 193765, "tokens_sha256": "135aaa68b2cecfa67137c3a09419220ddecf94ec0e5ccc305b64ef45f3ecd911", "deterministic": true, "encode_s": 0.002722446, "errors": [], "reps": [{"phase": "warmup", "order_index": 122, "time_s": 1.3711e-05, "encode_s": 0.002722446, "total_s": 0.002736157}, {"phase": "measured", "order_index": 124, "time_s": 1.4512e-05, "encode_s": 0.002645329, "total_s": 0.002659841}, {"phase": "measured", "order_index": 126, "time_s": 1.4542e-05, "encode_s": 0.002614082, "total_s": 0.0026286240000000004}, {"phase": "measured", "order_index": 128, "time_s": 1.3781e-05, "encode_s": 0.002631748, "total_s": 0.002645529}, {"phase": "measured", "order_index": 130, "time_s": 1.4412e-05, "encode_s": 0.002662184, "total_s": 0.0026765960000000003}, {"phase": "measured", "order_index": 132, "time_s": 1.4171e-05, "encode_s": 0.002660802, "total_s": 0.0026749729999999998}, {"phase": "measured", "order_index": 134, "time_s": 1.4202e-05, "encode_s": 0.002637216, "total_s": 0.002651418}, {"phase": "measured", "order_index": 136, "time_s": 1.5153e-05, "encode_s": 0.002612119, "total_s": 0.002627272}, {"phase": "measured", "order_index": 138, "time_s": 1.4753e-05, "encode_s": 0.002620541, "total_s": 0.0026352940000000003}, {"phase": "measured", "order_index": 140, "time_s": 1.4472e-05, "encode_s": 0.002640662, "total_s": 0.002655134}, {"phase": "measured", "order_index": 142, "time_s": 1.328e-05, "encode_s": 0.002638027, "total_s": 0.002651307}, {"phase": "measured", "order_index": 144, "time_s": 1.4662e-05, "encode_s": 0.002625219, "total_s": 0.0026398809999999997}]}}}
tradeoff-c	Run selected fresh official gate	2026-10-09T09:13:15.2984811Z SYNTHETIC_RAW 1 r15-hash32-chain-depth2 {"kind": "file", "corpus": "synthetic-transfer", "file": "tiny-structured.txt", "raw_bytes": 15588, "sha256": "2b4701704019445efcca8272c668d8015913d54616281baf813d477623dfcdd3", "methods": {"incumbent": {"external": false, "output_bytes": 1492, "output_sha256": "f35f34fe896e5ec7c7a15e89fe5bd6eb74d866642044e5d5df10ea85bcdc674f", "tokens": 1083, "tokens_sha256": "0fa05be94e7e54cd3cede626db4ec06f61e270d22e2f35d810b14ec5a00d6dde", "deterministic": true, "encode_s": 0.000153111, "errors": [], "reps": [{"phase": "warmup", "order_index": 145, "time_s": 0.000217208, "encode_s": 0.000153111, "total_s": 0.00037031900000000003}, {"phase": "measured", "order_index": 147, "time_s": 0.000213632, "encode_s": 0.000141724, "total_s": 0.00035535600000000003}, {"phase": "measured", "order_index": 149, "time_s": 0.000209546, "encode_s": 0.000146061, "total_s": 0.00035560699999999997}, {"phase": "measured", "order_index": 151, "time_s": 0.000210288, "encode_s": 0.000135706, "total_s": 0.00034599399999999997}, {"phase": "measured", "order_index": 153, "time_s": 0.000219812, "encode_s": 0.000134653, "total_s": 0.000354465}, {"phase": "measured", "order_index": 155, "time_s": 0.000203899, "encode_s": 0.000132931, "total_s": 0.00033683}, {"phase": "measured", "order_index": 157, "time_s": 0.000201114, "encode_s": 0.000128764, "total_s": 0.00032987800000000003}, {"phase": "measured", "order_index": 159, "time_s": 0.000212271, "encode_s": 0.000123977, "total_s": 0.000336248}, {"phase": "measured", "order_index": 161, "time_s": 0.000216457, "encode_s": 0.00013188, "total_s": 0.000348337}, {"phase": "measured", "order_index": 163, "time_s": 0.000210328, "encode_s": 0.00013884, "total_s": 0.00034916799999999996}, {"phase": "measured", "order_index": 165, "time_s": 0.000212531, "encode_s": 0.000125951, "total_s": 0.000338482}, {"phase": "measured", "order_index": 167, "time_s": 0.000221745, "encode_s": 0.00012566, "total_s": 0.000347405}]}, "r15-hash32-chain-depth2": {"external": false, "output_bytes": 8368, "output_sha256": "7455bcfad111c38751b6d8e61f6639c052aec0210fd6730895abffbfeedf35b1", "tokens": 15588, "tokens_sha256": "80d1eebbd0f6319a7d101e46deb2fafca2f4d937d974ff657034f337d725d99f", "deterministic": true, "encode_s": 0.000173472, "errors": [], "reps": [{"phase": "warmup", "order_index": 146, "time_s": 1.172e-06, "encode_s": 0.000173472, "total_s": 0.000174644}, {"phase": "measured", "order_index": 148, "time_s": 1.182e-06, "encode_s": 0.00017206, "total_s": 0.000173242}, {"phase": "measured", "order_index": 150, "time_s": 1.132e-06, "encode_s": 0.000168655, "total_s": 0.000169787}, {"phase": "measured", "order_index": 152, "time_s": 1.111e-06, "encode_s": 0.000164419, "total_s": 0.00016553000000000002}, {"phase": "measured", "order_index": 154, "time_s": 1.151e-06, "encode_s": 0.000168816, "total_s": 0.00016996699999999998}, {"phase": "measured", "order_index": 156, "time_s": 1.151e-06, "encode_s": 0.000164458, "total_s": 0.000165609}, {"phase": "measured", "order_index": 158, "time_s": 1.111e-06, "encode_s": 0.000163918, "total_s": 0.00016502900000000002}, {"phase": "measured", "order_index": 160, "time_s": 1.122e-06, "encode_s": 0.000177298, "total_s": 0.00017842}, {"phase": "measured", "order_index": 162, "time_s": 1.172e-06, "encode_s": 0.000168905, "total_s": 0.000170077}, {"phase": "measured", "order_index": 164, "time_s": 1.192e-06, "encode_s": 0.00016556, "total_s": 0.00016675200000000002}, {"phase": "measured", "order_index": 166, "time_s": 1.131e-06, "encode_s": 0.000167333, "total_s": 0.000168464}, {"phase": "measured", "order_index": 168, "time_s": 1.132e-06, "encode_s": 0.000163067, "total_s": 0.000164199}]}}}
tradeoff-c	Run selected fresh official gate	2026-10-09T09:13:15.3005199Z SYNTHETIC_RAW 1 r15-hash32-chain-depth2 {"kind": "file", "corpus": "synthetic-transfer", "file": "window-boundary.bin", "raw_bytes": 73735, "sha256": "3d5e223fd8ced74430c5b87ebbbe4ff9c9782c6902f9b137538dddc79f087dcc", "methods": {"incumbent": {"external": false, "output_bytes": 73933, "output_sha256": "5e456557d23dbd5249a36f224b7449a9d53075a00273d27d8ee8f397eeafb978", "tokens": 73559, "tokens_sha256": "35dd083034d7d329eefea50f23c8b2117879da70eb37280242ffd804c83eaf3b", "deterministic": true, "encode_s": 0.002601412, "errors": [], "reps": [{"phase": "warmup", "order_index": 169, "time_s": 0.000898439, "encode_s": 0.002601412, "total_s": 0.003499851}, {"phase": "measured", "order_index": 171, "time_s": 0.000902835, "encode_s": 0.002562053, "total_s": 0.003464888}, {"phase": "measured", "order_index": 173, "time_s": 0.000905499, "encode_s": 0.002566219, "total_s": 0.003471718}, {"phase": "measured", "order_index": 175, "time_s": 0.000898929, "encode_s": 0.002551787, "total_s": 0.003450716}, {"phase": "measured", "order_index": 177, "time_s": 0.000898378, "encode_s": 0.002555994, "total_s": 0.003454372}, {"phase": "measured", "order_index": 179, "time_s": 0.00090637, "encode_s": 0.00258009, "total_s": 0.0034864600000000003}, {"phase": "measured", "order_index": 181, "time_s": 0.000898287, "encode_s": 0.002562533, "total_s": 0.00346082}, {"phase": "measured", "order_index": 183, "time_s": 0.00089987, "encode_s": 0.002580932, "total_s": 0.0034808020000000003}, {"phase": "measured", "order_index": 185, "time_s": 0.000903465, "encode_s": 0.002577235, "total_s": 0.0034807}, {"phase": "measured", "order_index": 187, "time_s": 0.000898508, "encode_s": 0.002576355, "total_s": 0.003474863}, {"phase": "measured", "order_index": 189, "time_s": 0.00089949, "encode_s": 0.002572288, "total_s": 0.003471778}, {"phase": "measured", "order_index": 191, "time_s": 0.000887251, "encode_s": 0.00258639, "total_s": 0.003473641}]}, "r15-hash32-chain-depth2": {"external": false, "output_bytes": 73760, "output_sha256": "7fc0f619879f4fb08483c528b61a18725bafcbfbce8f257146ac4741ba95851b", "tokens": 73735, "tokens_sha256": "8a3f0d4d337189d036871ced04356a9ba83426a905ea1c72d81f57b9d8549140", "deterministic": true, "encode_s": 0.002435462, "errors": [], "reps": [{"phase": "warmup", "order_index": 170, "time_s": 5.108e-06, "encode_s": 0.002435462, "total_s": 0.00244057}, {"phase": "measured", "order_index": 172, "time_s": 5.248e-06, "encode_s": 0.002407189, "total_s": 0.002412437}, {"phase": "measured", "order_index": 174, "time_s": 5.128e-06, "encode_s": 0.002397935, "total_s": 0.002403063}, {"phase": "measured", "order_index": 176, "time_s": 5.789e-06, "encode_s": 0.002432217, "total_s": 0.002438006}, {"phase": "measured", "order_index": 178, "time_s": 5.118e-06, "encode_s": 0.002408851, "total_s": 0.002413969}, {"phase": "measured", "order_index": 180, "time_s": 5.108e-06, "encode_s": 0.002407339, "total_s": 0.0024124470000000003}, {"phase": "measured", "order_index": 182, "time_s": 5.178e-06, "encode_s": 0.002426588, "total_s": 0.002431766}, {"phase": "measured", "order_index": 184, "time_s": 5.248e-06, "encode_s": 0.002413368, "total_s": 0.0024186159999999997}, {"phase": "measured", "order_index": 186, "time_s": 5.298e-06, "encode_s": 0.002422061, "total_s": 0.002427359}, {"phase": "measured", "order_index": 188, "time_s": 5.649e-06, "encode_s": 0.002420178, "total_s": 0.0024258269999999998}, {"phase": "measured", "order_index": 190, "time_s": 5.378e-06, "encode_s": 0.002408951, "total_s": 0.0024143289999999998}, {"phase": "measured", "order_index": 192, "time_s": 5.448e-06, "encode_s": 0.002419167, "total_s": 0.0024246149999999998}]}}}
tradeoff-c	Run selected fresh official gate	2026-10-09T09:13:15.3275015Z ^[[32m2026-10-09 09:13:15.327^[[0m | ^[[34m^[[1mDEBUG   ^[[0m | ^[[36msandbox.bwrap^[[0m:^[[36mrun^[[0m:^[[36m110^[[0m - ^[[34m^[[1m[bwrap] rustc exit=0 in 0.0s^[[0m
tradeoff-c	Run selected fresh official gate	2026-10-09T09:13:17.1269056Z ^[[32m2026-10-09 09:13:17.126^[[0m | ^[[34m^[[1mDEBUG   ^[[0m | ^[[36msandbox.bwrap^[[0m:^[[36mrun^[[0m:^[[36m110^[[0m - ^[[34m^[[1m[bwrap] cargo exit=0 in 1.8s^[[0m
tradeoff-c	Run selected fresh official gate	2026-10-09T09:13:17.1270428Z ^[[32m2026-10-09 09:13:17.126^[[0m | ^[[34m^[[1mDEBUG   ^[[0m | ^[[36mbench.driver^[[0m:^[[36m_build^[[0m:^[[36m295^[[0m - ^[[34m^[[1m[bench] built incumbent in 1.8s exit=0^[[0m
tradeoff-c	Run selected fresh official gate	2026-10-09T09:13:20.3944458Z ^[[32m2026-10-09 09:13:20.394^[[0m | ^[[34m^[[1mDEBUG   ^[[0m | ^[[36msandbox.bwrap^[[0m:^[[36mrun^[[0m:^[[36m110^[[0m - ^[[34m^[[1m[bwrap] cargo exit=0 in 3.3s^[[0m
tradeoff-c	Run selected fresh official gate	2026-10-09T09:13:20.3945631Z ^[[32m2026-10-09 09:13:20.394^[[0m | ^[[34m^[[1mDEBUG   ^[[0m | ^[[36mbench.driver^[[0m:^[[36m_build^[[0m:^[[36m295^[[0m - ^[[34m^[[1m[bench] built r15-hash32-chain-depth2 in 3.3s exit=0^[[0m
tradeoff-c	Run selected fresh official gate	2026-10-09T09:13:21.0448564Z ^[[32m2026-10-09 09:13:21.044^[[0m | ^[[34m^[[1mDEBUG   ^[[0m | ^[[36msandbox.bwrap^[[0m:^[[36mrun^[[0m:^[[36m110^[[0m - ^[[34m^[[1m[bwrap] measure exit=0 in 0.6s^[[0m
tradeoff-c	Run selected fresh official gate	2026-10-09T09:13:21.0449716Z ^[[32m2026-10-09 09:13:21.044^[[0m | ^[[34m^[[1mDEBUG   ^[[0m | ^[[36mbench.driver^[[0m:^[[36m_measure^[[0m:^[[36m333^[[0m - ^[[34m^[[1m[bench] measured r15-hash32-chain-depth2 in 0.6s exit=0^[[0m
tradeoff-c	Run selected fresh official gate	2026-10-09T09:13:21.0490053Z SYNTHETIC_MEASUREMENT {"candidate": "r15-hash32-chain-depth2", "round": 2, "time": 0.6882239232832222, "size_pct": 63.241794911650835}
tradeoff-c	Run selected fresh official gate	2026-10-09T09:13:21.0497538Z SYNTHETIC_RAW 2 r15-hash32-chain-depth2 {"kind": "meta", "schema_version": 4, "started_at_unix": 1791537200.409251, "corpus": "synthetic-transfer", "corpus_dir": "/home/runner/work/_temp/round4-receipts/research-synthetic/synthetic-transfer", "os": "linux", "arch": "x86_64", "rustc_version": "rustc 1.100.0-nightly (8fa1c96cf 2026-08-17)", "cpu_model": "AMD EPYC 9V74 80-Core Processor", "cpu_governor": null, "warmup_rounds": 1, "measured_rounds": 11, "speed_floor": null, "methods": {"incumbent": {"external": false, "crate_dir": "/home/runner/work/_temp/deflate-upstream/data/bench-workspace/20261009T091315Z-9651f001-y1xcrn49/incumbent", "source_sha256": "b9e0d844baf5958cf0c1c66bfb9fd1f89663fa30f21a99c3c116b3dd2e771361", "lib_sha256": "141f58ceb5d68fdd9fef84fc9da46540dfd34174de8533d923ef187ae09ec57b"}, "r15-hash32-chain-depth2": {"external": false, "crate_dir": "/home/runner/work/_temp/deflate-upstream/data/bench-workspace/20261009T091315Z-9651f001-y1xcrn49/r15-hash32-chain-depth2", "source_sha256": "79170abebc9b372ef563fa9286952fce1cfbe349d3a61d637f2811159d4ccb7b", "lib_sha256": "6e8045cc8da234c20e8be19daeab987300259c96c29720ec8c2c45e9aa4fd9f8"}}, "benchmark_provenance": {"version": 1, "engine_sha256": "ab202460691492f48d5c632375f5df2a74fc3769a81337e876607e9326a46fac", "template_sha256": "584b01793667c5257da4e76da919fbb3bb73c72fa434866622fe3905884d33f0", "host_sha256": "2b32344a74bca6b42edebf4f499412873c9bc3de9561a681587513913177b357", "cpus": "0", "process_affinity": [0, 1, 2, 3], "memory_mb": 2048, "sandbox": true, "build_profile": "release", "external_references": false}}
tradeoff-c	Run selected fresh official gate	2026-10-09T09:13:21.0509850Z SYNTHETIC_RAW 2 r15-hash32-chain-depth2 {"kind": "file", "corpus": "synthetic-transfer", "file": "multilingual.txt", "raw_bytes": 163270, "sha256": "bdd257c8c2afbd9c418ec8954e0ca3f2cedbfa5a622e9b2d5255f35647f1aecc", "methods": {"incumbent": {"external": false, "output_bytes": 9206, "output_sha256": "dd1312ec4702740b4331fb5195ee7cf1f8f1e4ebb52c5bad2ee9ac46eb142e05", "tokens": 4618, "tokens_sha256": "a6e0f107a4d317d16a1a0fe1f14d8a05d25385b4de7fa5b1409ef0de972f3b25", "deterministic": true, "encode_s": 0.000385093, "errors": [], "reps": [{"phase": "warmup", "order_index": 1, "time_s": 0.001986593, "encode_s": 0.000385093, "total_s": 0.002371686}, {"phase": "measured", "order_index": 3, "time_s": 0.001886362, "encode_s": 0.000316989, "total_s": 0.002203351}, {"phase": "measured", "order_index": 5, "time_s": 0.001859, "encode_s": 0.000307264, "total_s": 0.002166264}, {"phase": "measured", "order_index": 7, "time_s": 0.001857889, "encode_s": 0.000306012, "total_s": 0.0021639009999999998}, {"phase": "measured", "order_index": 9, "time_s": 0.001850267, "encode_s": 0.000307335, "total_s": 0.0021576020000000002}, {"phase": "measured", "order_index": 11, "time_s": 0.001867332, "encode_s": 0.000308025, "total_s": 0.002175357}, {"phase": "measured", "order_index": 13, "time_s": 0.001859731, "encode_s": 0.000308186, "total_s": 0.002167917}, {"phase": "measured", "order_index": 15, "time_s": 0.001870267, "encode_s": 0.000306033, "total_s": 0.0021763}, {"phase": "measured", "order_index": 17, "time_s": 0.001858219, "encode_s": 0.000305122, "total_s": 0.002163341}, {"phase": "measured", "order_index": 19, "time_s": 0.001862065, "encode_s": 0.000308096, "total_s": 0.002170161}, {"phase": "measured", "order_index": 21, "time_s": 0.001858059, "encode_s": 0.000305331, "total_s": 0.00216339}, {"phase": "measured", "order_index": 23, "time_s": 0.001863427, "encode_s": 0.000310649, "total_s": 0.002174076}]}, "r15-hash32-chain-depth2": {"external": false, "output_bytes": 113217, "output_sha256": "3829c1b23a817582db9ed09f60e8b6984b1d078adcc2e36cca6713403d874617", "tokens": 163270, "tokens_sha256": "0456de57f1b7bf6a9d2532c2074dd975a0babb928f8f5734ad7284a1dbb1ca35", "deterministic": true, "encode_s": 0.003392328, "errors": [], "reps": [{"phase": "warmup", "order_index": 2, "time_s": 1.1818e-05, "encode_s": 0.003392328, "total_s": 0.003404146}, {"phase": "measured", "order_index": 4, "time_s": 1.1678e-05, "encode_s": 0.003225686, "total_s": 0.0032373640000000004}, {"phase": "measured", "order_index": 6, "time_s": 1.1298e-05, "encode_s": 0.003201309, "total_s": 0.0032126069999999997}, {"phase": "measured", "order_index": 8, "time_s": 1.1587e-05, "encode_s": 0.003180488, "total_s": 0.003192075}, {"phase": "measured", "order_index": 10, "time_s": 1.1407e-05, "encode_s": 0.00315558, "total_s": 0.003166987}, {"phase": "measured", "order_index": 12, "time_s": 1.1637e-05, "encode_s": 0.003186547, "total_s": 0.003198184}, {"phase": "measured", "order_index": 14, "time_s": 1.1508e-05, "encode_s": 0.003164874, "total_s": 0.0031763819999999997}, {"phase": "measured", "order_index": 16, "time_s": 1.1287e-05, "encode_s": 0.003145615, "total_s": 0.003156902}, {"phase": "measured", "order_index": 18, "time_s": 1.1828e-05, "encode_s": 0.003164944, "total_s": 0.003176772}, {"phase": "measured", "order_index": 20, "time_s": 1.1498e-05, "encode_s": 0.003172295, "total_s": 0.003183793}, {"phase": "measured", "order_index": 22, "time_s": 1.1858e-05, "encode_s": 0.003170653, "total_s": 0.003182511}, {"phase": "measured", "order_index": 24, "time_s": 1.1377e-05, "encode_s": 0.003149591, "total_s": 0.003160968}]}}}
tradeoff-c	Run selected fresh official gate	2026-10-09T09:13:21.0525359Z SYNTHETIC_RAW 2 r15-hash32-chain-depth2 {"kind": "file", "corpus": "synthetic-transfer", "file": "random.bin", "raw_bytes": 131101, "sha256": "22c862f2c2c5fd5a072e9f74b5a056aacb9025228d040addb56dcd9bec4c09d3", "methods": {"incumbent": {"external": false, "output_bytes": 131445, "output_sha256": "deebb4fe887edb814c65fc8f8d20b733d4a395d0e32399c3c25af9b591d8dc2d", "tokens": 130620, "tokens_sha256": "5330a4dbafd88f2b8356a1db487249115b5a636a9e2bab5cf05094461ba5cbc3", "deterministic": true, "encode_s": 0.005026438, "errors": [], "reps": [{"phase": "warmup", "order_index": 25, "time_s": 0.001904629, "encode_s": 0.005026438, "total_s": 0.006931067}, {"phase": "measured", "order_index": 27, "time_s": 0.001914023, "encode_s": 0.004181491, "total_s": 0.006095514}, {"phase": "measured", "order_index": 29, "time_s": 0.001927294, "encode_s": 0.004225437, "total_s": 0.006152731}, {"phase": "measured", "order_index": 31, "time_s": 0.001965782, "encode_s": 0.004239378, "total_s": 0.00620516}, {"phase": "measured", "order_index": 33, "time_s": 0.001946082, "encode_s": 0.004216534, "total_s": 0.006162616}, {"phase": "measured", "order_index": 35, "time_s": 0.001934725, "encode_s": 0.004244226, "total_s": 0.006178951}, {"phase": "measured", "order_index": 37, "time_s": 0.001926522, "encode_s": 0.004230245, "total_s": 0.006156767}, {"phase": "measured", "order_index": 39, "time_s": 0.001927253, "encode_s": 0.004196274, "total_s": 0.006123527}, {"phase": "measured", "order_index": 41, "time_s": 0.001935195, "encode_s": 0.004338448, "total_s": 0.006273643}, {"phase": "measured", "order_index": 43, "time_s": 0.001881705, "encode_s": 0.004171225, "total_s": 0.00605293}, {"phase": "measured", "order_index": 45, "time_s": 0.001881334, "encode_s": 0.004171226, "total_s": 0.00605256}, {"phase": "measured", "order_index": 47, "time_s": 0.001905781, "encode_s": 0.004197996, "total_s": 0.0061037769999999995}]}, "r15-hash32-chain-depth2": {"external": false, "output_bytes": 131144, "output_sha256": "52b5974219d121f00e342319360c4c8bcac7ff2eda0365aa245dfe321fd4613b", "tokens": 131101, "tokens_sha256": "861ef26a6d151afca1053cb702d3d74a8e4ef1beae1928ecd65b6e1995a7cb99", "deterministic": true, "encode_s": 0.003993426, "errors": [], "reps": [{"phase": "warmup", "order_index": 26, "time_s": 9.114e-06, "encode_s": 0.003993426, "total_s": 0.00400254}, {"phase": "measured", "order_index": 28, "time_s": 9.314e-06, "encode_s": 0.003993477, "total_s": 0.0040027909999999995}, {"phase": "measured", "order_index": 30, "time_s": 9.795e-06, "encode_s": 0.004038615, "total_s": 0.00404841}, {"phase": "measured", "order_index": 32, "time_s": 9.715e-06, "encode_s": 0.004014749, "total_s": 0.004024464}, {"phase": "measured", "order_index": 34, "time_s": 9.244e-06, "encode_s": 0.004039897, "total_s": 0.004049141}, {"phase": "measured", "order_index": 36, "time_s": 9.574e-06, "encode_s": 0.004027899, "total_s": 0.004037473}, {"phase": "measured", "order_index": 38, "time_s": 9.794e-06, "encode_s": 0.00396901, "total_s": 0.003978804}, {"phase": "measured", "order_index": 40, "time_s": 9.444e-06, "encode_s": 0.004017804, "total_s": 0.004027248}, {"phase": "measured", "order_index": 42, "time_s": 9.905e-06, "encode_s": 0.004004924, "total_s": 0.004014829}, {"phase": "measured", "order_index": 44, "time_s": 9.995e-06, "encode_s": 0.004125236, "total_s": 0.004135231}, {"phase": "measured", "order_index": 46, "time_s": 1.0225e-05, "encode_s": 0.003990072, "total_s": 0.004000297}, {"phase": "measured", "order_index": 48, "time_s": 9.715e-06, "encode_s": 0.003958384, "total_s": 0.003968099}]}}}
tradeoff-c	Run selected fresh official gate	2026-10-09T09:13:21.0542739Z SYNTHETIC_RAW 2 r15-hash32-chain-depth2 {"kind": "file", "corpus": "synthetic-transfer", "file": "short-log.txt", "raw_bytes": 32505, "sha256": "23ef9a1b24b2cfcd1c73f1ff1a71ab017cbcf921409f96f8839c74819d3c0b82", "methods": {"incumbent": {"external": false, "output_bytes": 4871, "output_sha256": "b801c58b86a433392a15971de32130be788d25cd6f3a91a1abda0f0a909dac25", "tokens": 3017, "tokens_sha256": "fcd4ea723eb6d0e399dc5c1cf6825e8d767f6fc45a05600bb177054b19e7eaec", "deterministic": true, "encode_s": 0.000227864, "errors": [], "reps": [{"phase": "warmup", "order_index": 49, "time_s": 0.000871928, "encode_s": 0.000227864, "total_s": 0.001099792}, {"phase": "measured", "order_index": 51, "time_s": 0.000891898, "encode_s": 0.000220594, "total_s": 0.001112492}, {"phase": "measured", "order_index": 53, "time_s": 0.000874943, "encode_s": 0.000210568, "total_s": 0.001085511}, {"phase": "measured", "order_index": 55, "time_s": 0.000877767, "encode_s": 0.000208194, "total_s": 0.001085961}, {"phase": "measured", "order_index": 57, "time_s": 0.000883175, "encode_s": 0.000213483, "total_s": 0.001096658}, {"phase": "measured", "order_index": 59, "time_s": 0.000877006, "encode_s": 0.000215005, "total_s": 0.001092011}, {"phase": "measured", "order_index": 61, "time_s": 0.000890597, "encode_s": 0.000206973, "total_s": 0.00109757}, {"phase": "measured", "order_index": 63, "time_s": 0.000874732, "encode_s": 0.000210057, "total_s": 0.001084789}, {"phase": "measured", "order_index": 65, "time_s": 0.000874312, "encode_s": 0.00020547, "total_s": 0.001079782}, {"phase": "measured", "order_index": 67, "time_s": 0.00087344, "encode_s": 0.000202967, "total_s": 0.001076407}, {"phase": "measured", "order_index": 69, "time_s": 0.00087927, "encode_s": 0.000203698, "total_s": 0.0010829680000000001}, {"phase": "measured", "order_index": 71, "time_s": 0.000882003, "encode_s": 0.000208305, "total_s": 0.001090308}]}, "r15-hash32-chain-depth2": {"external": false, "output_bytes": 19367, "output_sha256": "61b6b9aa73349f07fa988d99294a9ab90d6019e6a66dbe4c36ce58c7cba0ab1c", "tokens": 32505, "tokens_sha256": "355f3c4bf86a7c5f0678fb0740380e7aacbd803e34fb5f35c917248f44961d52", "deterministic": true, "encode_s": 0.000398082, "errors": [], "reps": [{"phase": "warmup", "order_index": 50, "time_s": 2.434e-06, "encode_s": 0.000398082, "total_s": 0.000400516}, {"phase": "measured", "order_index": 52, "time_s": 2.304e-06, "encode_s": 0.000392033, "total_s": 0.00039433700000000003}, {"phase": "measured", "order_index": 54, "time_s": 2.274e-06, "encode_s": 0.000380655, "total_s": 0.000382929}, {"phase": "measured", "order_index": 56, "time_s": 2.293e-06, "encode_s": 0.000385193, "total_s": 0.000387486}, {"phase": "measured", "order_index": 58, "time_s": 2.273e-06, "encode_s": 0.000381656, "total_s": 0.00038392900000000003}, {"phase": "measured", "order_index": 60, "time_s": 2.314e-06, "encode_s": 0.000375317, "total_s": 0.000377631}, {"phase": "measured", "order_index": 62, "time_s": 2.303e-06, "encode_s": 0.000404231, "total_s": 0.000406534}, {"phase": "measured", "order_index": 64, "time_s": 2.304e-06, "encode_s": 0.000381226, "total_s": 0.00038353000000000004}, {"phase": "measured", "order_index": 66, "time_s": 2.304e-06, "encode_s": 0.000388988, "total_s": 0.000391292}, {"phase": "measured", "order_index": 68, "time_s": 2.353e-06, "encode_s": 0.000369599, "total_s": 0.00037195200000000005}, {"phase": "measured", "order_index": 70, "time_s": 2.274e-06, "encode_s": 0.000385903, "total_s": 0.000388177}, {"phase": "measured", "order_index": 72, "time_s": 2.284e-06, "encode_s": 0.000378071, "total_s": 0.000380355}]}}}
tradeoff-c	Run selected fresh official gate	2026-10-09T09:13:21.0558141Z SYNTHETIC_RAW 2 r15-hash32-chain-depth2 {"kind": "file", "corpus": "synthetic-transfer", "file": "source-like.txt", "raw_bytes": 220484, "sha256": "326efe91d7d1e5a11bee87388ef45c7551b1b541f17a1749d7cd5cd53c25ab66", "methods": {"incumbent": {"external": false, "output_bytes": 16650, "output_sha256": "a459035fe1f2d45221381fefc1bad509a69c3effb5a67ee57a00384072a446f5", "tokens": 7890, "tokens_sha256": "cf67564e32e855eac2759e9b433da56b133fd538e426d3f122c000aa5d009805", "deterministic": true, "encode_s": 0.000292712, "errors": [], "reps": [{"phase": "warmup", "order_index": 73, "time_s": 0.003708746, "encode_s": 0.000292712, "total_s": 0.004001458}, {"phase": "measured", "order_index": 75, "time_s": 0.003726894, "encode_s": 0.000288506, "total_s": 0.0040154000000000006}, {"phase": "measured", "order_index": 77, "time_s": 0.00373126, "encode_s": 0.000291751, "total_s": 0.004023011}, {"phase": "measured", "order_index": 79, "time_s": 0.003723118, "encode_s": 0.000287584, "total_s": 0.004010702}, {"phase": "measured", "order_index": 81, "time_s": 0.003781066, "encode_s": 0.000291972, "total_s": 0.004073038}, {"phase": "measured", "order_index": 83, "time_s": 0.00372446, "encode_s": 0.000281135, "total_s": 0.004005595}, {"phase": "measured", "order_index": 85, "time_s": 0.003726093, "encode_s": 0.000282256, "total_s": 0.0040083490000000005}, {"phase": "measured", "order_index": 87, "time_s": 0.003728957, "encode_s": 0.000281155, "total_s": 0.004010112000000001}, {"phase": "measured", "order_index": 89, "time_s": 0.003734826, "encode_s": 0.000283789, "total_s": 0.004018615}, {"phase": "measured", "order_index": 91, "time_s": 0.003728496, "encode_s": 0.000277379, "total_s": 0.004005875}, {"phase": "measured", "order_index": 93, "time_s": 0.00378357, "encode_s": 0.000285792, "total_s": 0.004069362}, {"phase": "measured", "order_index": 95, "time_s": 0.003718691, "encode_s": 0.000282807, "total_s": 0.004001498}]}, "r15-hash32-chain-depth2": {"external": false, "output_bytes": 124969, "output_sha256": "5e503339163175239c567a0d4d74b9deedebc783ca3597fd66178e49a57d9e0b", "tokens": 220484, "tokens_sha256": "fe0d82fcd85e64efc0101fcb5326015358ca5a5225ce4753f8ab1b30ed539f9d", "deterministic": true, "encode_s": 0.003284285, "errors": [], "reps": [{"phase": "warmup", "order_index": 74, "time_s": 1.5443e-05, "encode_s": 0.003284285, "total_s": 0.003299728}, {"phase": "measured", "order_index": 76, "time_s": 1.5654e-05, "encode_s": 0.003223102, "total_s": 0.0032387559999999998}, {"phase": "measured", "order_index": 78, "time_s": 1.5513e-05, "encode_s": 0.003193328, "total_s": 0.003208841}, {"phase": "measured", "order_index": 80, "time_s": 1.5594e-05, "encode_s": 0.0032015, "total_s": 0.0032170939999999998}, {"phase": "measured", "order_index": 82, "time_s": 1.5344e-05, "encode_s": 0.003185435, "total_s": 0.003200779}, {"phase": "measured", "order_index": 84, "time_s": 1.5213e-05, "encode_s": 0.003198245, "total_s": 0.003213458}, {"phase": "measured", "order_index": 86, "time_s": 1.5393e-05, "encode_s": 0.003183583, "total_s": 0.0031989759999999996}, {"phase": "measured", "order_index": 88, "time_s": 1.5283e-05, "encode_s": 0.003201429, "total_s": 0.003216712}, {"phase": "measured", "order_index": 90, "time_s": 1.5384e-05, "encode_s": 0.003164173, "total_s": 0.003179557}, {"phase": "measured", "order_index": 92, "time_s": 1.5464e-05, "encode_s": 0.003197012, "total_s": 0.003212476}, {"phase": "measured", "order_index": 94, "time_s": 1.5724e-05, "encode_s": 0.00323497, "total_s": 0.003250694}, {"phase": "measured", "order_index": 96, "time_s": 1.5674e-05, "encode_s": 0.003225005, "total_s": 0.0032406789999999998}]}}}
tradeoff-c	Run selected fresh official gate	2026-10-09T09:13:21.0580727Z SYNTHETIC_RAW 2 r15-hash32-chain-depth2 {"kind": "file", "corpus": "synthetic-transfer", "file": "sparse.bin", "raw_bytes": 53803, "sha256": "c51b774d8aadb5b636c1463ff5a9df4fe6c326330101df1daf2e4745b07678d3", "methods": {"incumbent": {"external": false, "output_bytes": 1798, "output_sha256": "64a1ff1bc414863ad88544207256d2d9a5ba187a3a5dc2ad6425dd07405c2e2c", "tokens": 1263, "tokens_sha256": "fae120ea72c3aae525d182eab79475dc599c31ea79ce1f32050a110b01939d24", "deterministic": true, "encode_s": 0.000473505, "errors": [], "reps": [{"phase": "warmup", "order_index": 97, "time_s": 0.000963015, "encode_s": 0.000473505, "total_s": 0.00143652}, {"phase": "measured", "order_index": 99, "time_s": 0.000966482, "encode_s": 0.000454928, "total_s": 0.00142141}, {"phase": "measured", "order_index": 101, "time_s": 0.000970708, "encode_s": 0.000455959, "total_s": 0.001426667}, {"phase": "measured", "order_index": 103, "time_s": 0.00097238, "encode_s": 0.000458743, "total_s": 0.001431123}, {"phase": "measured", "order_index": 105, "time_s": 0.000966791, "encode_s": 0.000451924, "total_s": 0.001418715}, {"phase": "measured", "order_index": 107, "time_s": 0.000969296, "encode_s": 0.000453365, "total_s": 0.001422661}, {"phase": "measured", "order_index": 109, "time_s": 0.000968394, "encode_s": 0.000447696, "total_s": 0.00141609}, {"phase": "measured", "order_index": 111, "time_s": 0.000966782, "encode_s": 0.000453395, "total_s": 0.001420177}, {"phase": "measured", "order_index": 113, "time_s": 0.000967583, "encode_s": 0.000457722, "total_s": 0.001425305}, {"phase": "measured", "order_index": 115, "time_s": 0.000968354, "encode_s": 0.000446755, "total_s": 0.0014151090000000001}, {"phase": "measured", "order_index": 117, "time_s": 0.000970657, "encode_s": 0.000447687, "total_s": 0.001418344}, {"phase": "measured", "order_index": 119, "time_s": 0.000965099, "encode_s": 0.000451593, "total_s": 0.001416692}]}, "r15-hash32-chain-depth2": {"external": false, "output_bytes": 7334, "output_sha256": "5231164a2c117b47a904fdb758ab3a98f0df7a7a52f77c4c1c0a19b943f09cf2", "tokens": 53803, "tokens_sha256": "75db9a922717593433d1f2bae6a5f49da4bd27b1140da1c92d2ae201640af973", "deterministic": true, "encode_s": 0.001198301, "errors": [], "reps": [{"phase": "warmup", "order_index": 98, "time_s": 3.836e-06, "encode_s": 0.001198301, "total_s": 0.0012021369999999998}, {"phase": "measured", "order_index": 100, "time_s": 4.076e-06, "encode_s": 0.001182968, "total_s": 0.001187044}, {"phase": "measured", "order_index": 102, "time_s": 3.726e-06, "encode_s": 0.001193745, "total_s": 0.0011974709999999999}, {"phase": "measured", "order_index": 104, "time_s": 3.706e-06, "encode_s": 0.001186965, "total_s": 0.001190671}, {"phase": "measured", "order_index": 106, "time_s": 3.826e-06, "encode_s": 0.001194085, "total_s": 0.0011979109999999999}, {"phase": "measured", "order_index": 108, "time_s": 3.706e-06, "encode_s": 0.001198902, "total_s": 0.001202608}, {"phase": "measured", "order_index": 110, "time_s": 3.715e-06, "encode_s": 0.001180164, "total_s": 0.001183879}, {"phase": "measured", "order_index": 112, "time_s": 3.686e-06, "encode_s": 0.001198061, "total_s": 0.001201747}, {"phase": "measured", "order_index": 114, "time_s": 3.715e-06, "encode_s": 0.001184831, "total_s": 0.001188546}, {"phase": "measured", "order_index": 116, "time_s": 3.715e-06, "encode_s": 0.001196269, "total_s": 0.001199984}, {"phase": "measured", "order_index": 118, "time_s": 3.846e-06, "encode_s": 0.001195156, "total_s": 0.001199002}, {"phase": "measured", "order_index": 120, "time_s": 3.706e-06, "encode_s": 0.001190519, "total_s": 0.001194225}]}}}
tradeoff-c	Run selected fresh official gate	2026-10-09T09:13:21.0599896Z SYNTHETIC_RAW 2 r15-hash32-chain-depth2 {"kind": "file", "corpus": "synthetic-transfer", "file": "table.csv", "raw_bytes": 193765, "sha256": "e773c09c5e5d585dc64330f220ca47963de24c1be3297a8161e89fca34b98a85", "methods": {"incumbent": {"external": false, "output_bytes": 65436, "output_sha256": "dcb53081688a36dad21b849906f65e985a744ef8864e9324768f44dbb485a3fc", "tokens": 39085, "tokens_sha256": "93d50fc8a84ae35d4a248c3fc06f3632d2da32348cd6896ad6f9f43ea9515f65", "deterministic": true, "encode_s": 0.001396791, "errors": [], "reps": [{"phase": "warmup", "order_index": 121, "time_s": 0.010599503, "encode_s": 0.001396791, "total_s": 0.011996294}, {"phase": "measured", "order_index": 123, "time_s": 0.010612473, "encode_s": 0.001377282, "total_s": 0.011989755000000001}, {"phase": "measured", "order_index": 125, "time_s": 0.010619003, "encode_s": 0.001366266, "total_s": 0.011985269}, {"phase": "measured", "order_index": 127, "time_s": 0.010613024, "encode_s": 0.001391784, "total_s": 0.012004808}, {"phase": "measured", "order_index": 129, "time_s": 0.010642398, "encode_s": 0.001377913, "total_s": 0.012020311}, {"phase": "measured", "order_index": 131, "time_s": 0.01067024, "encode_s": 0.001379095, "total_s": 0.012049335}, {"phase": "measured", "order_index": 133, "time_s": 0.010627776, "encode_s": 0.001376991, "total_s": 0.012004767}, {"phase": "measured", "order_index": 135, "time_s": 0.01064376, "encode_s": 0.001369741, "total_s": 0.012013501000000001}, {"phase": "measured", "order_index": 137, "time_s": 0.010622839, "encode_s": 0.001368539, "total_s": 0.011991378}, {"phase": "measured", "order_index": 139, "time_s": 0.01068377, "encode_s": 0.001378013, "total_s": 0.012061783}, {"phase": "measured", "order_index": 141, "time_s": 0.010646183, "encode_s": 0.001371072, "total_s": 0.012017255000000001}, {"phase": "measured", "order_index": 143, "time_s": 0.010653865, "encode_s": 0.001374157, "total_s": 0.012028022}]}, "r15-hash32-chain-depth2": {"external": false, "output_bytes": 102598, "output_sha256": "23726ecf53609ee2523cbb33b725eeda9068ca1fc2fc04f3d75b71b8bfd90e0d", "tokens": 193765, "tokens_sha256": "135aaa68b2cecfa67137c3a09419220ddecf94ec0e5ccc305b64ef45f3ecd911", "deterministic": true, "encode_s": 0.002697487, "errors": [], "reps": [{"phase": "warmup", "order_index": 122, "time_s": 1.3701e-05, "encode_s": 0.002697487, "total_s": 0.0027111880000000002}, {"phase": "measured", "order_index": 124, "time_s": 1.5123e-05, "encode_s": 0.002589114, "total_s": 0.002604237}, {"phase": "measured", "order_index": 126, "time_s": 1.4492e-05, "encode_s": 0.002575033, "total_s": 0.002589525}, {"phase": "measured", "order_index": 128, "time_s": 1.4242e-05, "encode_s": 0.002587762, "total_s": 0.0026020039999999998}, {"phase": "measured", "order_index": 130, "time_s": 1.3891e-05, "encode_s": 0.0025799, "total_s": 0.002593791}, {"phase": "measured", "order_index": 132, "time_s": 1.3861e-05, "encode_s": 0.002572299, "total_s": 0.00258616}, {"phase": "measured", "order_index": 134, "time_s": 1.4041e-05, "encode_s": 0.002572269, "total_s": 0.0025863099999999997}, {"phase": "measured", "order_index": 136, "time_s": 1.3911e-05, "encode_s": 0.002557286, "total_s": 0.0025711970000000003}, {"phase": "measured", "order_index": 138, "time_s": 1.3981e-05, "encode_s": 0.002567532, "total_s": 0.002581513}, {"phase": "measured", "order_index": 140, "time_s": 1.5043e-05, "encode_s": 0.002575113, "total_s": 0.002590156}, {"phase": "measured", "order_index": 142, "time_s": 1.4512e-05, "encode_s": 0.002552699, "total_s": 0.002567211}, {"phase": "measured", "order_index": 144, "time_s": 1.3901e-05, "encode_s": 0.00256634, "total_s": 0.002580241}]}}}
tradeoff-c	Run selected fresh official gate	2026-10-09T09:13:21.0615580Z SYNTHETIC_RAW 2 r15-hash32-chain-depth2 {"kind": "file", "corpus": "synthetic-transfer", "file": "tiny-structured.txt", "raw_bytes": 15588, "sha256": "2b4701704019445efcca8272c668d8015913d54616281baf813d477623dfcdd3", "methods": {"incumbent": {"external": false, "output_bytes": 1492, "output_sha256": "f35f34fe896e5ec7c7a15e89fe5bd6eb74d866642044e5d5df10ea85bcdc674f", "tokens": 1083, "tokens_sha256": "0fa05be94e7e54cd3cede626db4ec06f61e270d22e2f35d810b14ec5a00d6dde", "deterministic": true, "encode_s": 0.000152591, "errors": [], "reps": [{"phase": "warmup", "order_index": 145, "time_s": 0.000210258, "encode_s": 0.000152591, "total_s": 0.000362849}, {"phase": "measured", "order_index": 147, "time_s": 0.000207694, "encode_s": 0.000141223, "total_s": 0.000348917}, {"phase": "measured", "order_index": 149, "time_s": 0.000213083, "encode_s": 0.000138449, "total_s": 0.000351532}, {"phase": "measured", "order_index": 151, "time_s": 0.000203568, "encode_s": 0.000130597, "total_s": 0.000334165}, {"phase": "measured", "order_index": 153, "time_s": 0.000214864, "encode_s": 0.00013195, "total_s": 0.000346814}, {"phase": "measured", "order_index": 155, "time_s": 0.000213513, "encode_s": 0.000131098, "total_s": 0.000344611}, {"phase": "measured", "order_index": 157, "time_s": 0.000212762, "encode_s": 0.000129365, "total_s": 0.000342127}, {"phase": "measured", "order_index": 159, "time_s": 0.000215105, "encode_s": 0.000134063, "total_s": 0.00034916799999999996}, {"phase": "measured", "order_index": 161, "time_s": 0.000212421, "encode_s": 0.00012573, "total_s": 0.00033815099999999997}, {"phase": "measured", "order_index": 163, "time_s": 0.00021842, "encode_s": 0.000126701, "total_s": 0.000345121}, {"phase": "measured", "order_index": 165, "time_s": 0.000211409, "encode_s": 0.000131008, "total_s": 0.000342417}, {"phase": "measured", "order_index": 167, "time_s": 0.000213062, "encode_s": 0.000130337, "total_s": 0.000343399}]}, "r15-hash32-chain-depth2": {"external": false, "output_bytes": 8368, "output_sha256": "7455bcfad111c38751b6d8e61f6639c052aec0210fd6730895abffbfeedf35b1", "tokens": 15588, "tokens_sha256": "80d1eebbd0f6319a7d101e46deb2fafca2f4d937d974ff657034f337d725d99f", "deterministic": true, "encode_s": 0.000182045, "errors": [], "reps": [{"phase": "warmup", "order_index": 146, "time_s": 1.192e-06, "encode_s": 0.000182045, "total_s": 0.00018323700000000002}, {"phase": "measured", "order_index": 148, "time_s": 1.191e-06, "encode_s": 0.000167504, "total_s": 0.00016869499999999998}, {"phase": "measured", "order_index": 150, "time_s": 1.172e-06, "encode_s": 0.000162496, "total_s": 0.000163668}, {"phase": "measured", "order_index": 152, "time_s": 1.122e-06, "encode_s": 0.000160092, "total_s": 0.000161214}, {"phase": "measured", "order_index": 154, "time_s": 1.122e-06, "encode_s": 0.000161514, "total_s": 0.000162636}, {"phase": "measured", "order_index": 156, "time_s": 1.172e-06, "encode_s": 0.000172931, "total_s": 0.000174103}, {"phase": "measured", "order_index": 158, "time_s": 1.132e-06, "encode_s": 0.000160683, "total_s": 0.000161815}, {"phase": "measured", "order_index": 160, "time_s": 1.192e-06, "encode_s": 0.000160613, "total_s": 0.000161805}, {"phase": "measured", "order_index": 162, "time_s": 1.092e-06, "encode_s": 0.000160112, "total_s": 0.000161204}, {"phase": "measured", "order_index": 164, "time_s": 1.101e-06, "encode_s": 0.00016493, "total_s": 0.000166031}, {"phase": "measured", "order_index": 166, "time_s": 1.152e-06, "encode_s": 0.000161083, "total_s": 0.000162235}, {"phase": "measured", "order_index": 168, "time_s": 1.112e-06, "encode_s": 0.000160873, "total_s": 0.000161985}]}}}
tradeoff-c	Run selected fresh official gate	2026-10-09T09:13:21.0630643Z SYNTHETIC_RAW 2 r15-hash32-chain-depth2 {"kind": "file", "corpus": "synthetic-transfer", "file": "window-boundary.bin", "raw_bytes": 73735, "sha256": "3d5e223fd8ced74430c5b87ebbbe4ff9c9782c6902f9b137538dddc79f087dcc", "methods": {"incumbent": {"external": false, "output_bytes": 73933, "output_sha256": "5e456557d23dbd5249a36f224b7449a9d53075a00273d27d8ee8f397eeafb978", "tokens": 73559, "tokens_sha256": "35dd083034d7d329eefea50f23c8b2117879da70eb37280242ffd804c83eaf3b", "deterministic": true, "encode_s": 0.002578318, "errors": [], "reps": [{"phase": "warmup", "order_index": 169, "time_s": 0.00089337, "encode_s": 0.002578318, "total_s": 0.003471688}, {"phase": "measured", "order_index": 171, "time_s": 0.000895493, "encode_s": 0.002567432, "total_s": 0.0034629250000000004}, {"phase": "measured", "order_index": 173, "time_s": 0.000903937, "encode_s": 0.002587802, "total_s": 0.003491739}, {"phase": "measured", "order_index": 175, "time_s": 0.000896446, "encode_s": 0.002577426, "total_s": 0.003473872}, {"phase": "measured", "order_index": 177, "time_s": 0.000900311, "encode_s": 0.00258675, "total_s": 0.003487061}, {"phase": "measured", "order_index": 179, "time_s": 0.000888393, "encode_s": 0.002605729, "total_s": 0.003494122}, {"phase": "measured", "order_index": 181, "time_s": 0.000905168, "encode_s": 0.002602034, "total_s": 0.003507202}, {"phase": "measured", "order_index": 183, "time_s": 0.001131481, "encode_s": 0.003331246, "total_s": 0.004462727}, {"phase": "measured", "order_index": 185, "time_s": 0.000893601, "encode_s": 0.002576896, "total_s": 0.003470497}, {"phase": "measured", "order_index": 187, "time_s": 0.000900581, "encode_s": 0.002583646, "total_s": 0.0034842270000000003}, {"phase": "measured", "order_index": 189, "time_s": 0.000904487, "encode_s": 0.002548052, "total_s": 0.003452539}, {"phase": "measured", "order_index": 191, "time_s": 0.000895353, "encode_s": 0.002558758, "total_s": 0.003454111}]}, "r15-hash32-chain-depth2": {"external": false, "output_bytes": 73760, "output_sha256": "7fc0f619879f4fb08483c528b61a18725bafcbfbce8f257146ac4741ba95851b", "tokens": 73735, "tokens_sha256": "8a3f0d4d337189d036871ced04356a9ba83426a905ea1c72d81f57b9d8549140", "deterministic": true, "encode_s": 0.002458907, "errors": [], "reps": [{"phase": "warmup", "order_index": 170, "time_s": 5.128e-06, "encode_s": 0.002458907, "total_s": 0.0024640350000000003}, {"phase": "measured", "order_index": 172, "time_s": 5.228e-06, "encode_s": 0.002415952, "total_s": 0.0024211799999999998}, {"phase": "measured", "order_index": 174, "time_s": 5.227e-06, "encode_s": 0.002415251, "total_s": 0.002420478}, {"phase": "measured", "order_index": 176, "time_s": 5.458e-06, "encode_s": 0.002455452, "total_s": 0.0024609099999999997}, {"phase": "measured", "order_index": 178, "time_s": 5.438e-06, "encode_s": 0.002438436, "total_s": 0.002443874}, {"phase": "measured", "order_index": 180, "time_s": 5.238e-06, "encode_s": 0.002437004, "total_s": 0.002442242}, {"phase": "measured", "order_index": 182, "time_s": 5.238e-06, "encode_s": 0.003521784, "total_s": 0.003527022}, {"phase": "measured", "order_index": 184, "time_s": 5.078e-06, "encode_s": 0.002634042, "total_s": 0.00263912}, {"phase": "measured", "order_index": 186, "time_s": 5.137e-06, "encode_s": 0.002425086, "total_s": 0.002430223}, {"phase": "measured", "order_index": 188, "time_s": 6.019e-06, "encode_s": 0.002431856, "total_s": 0.002437875}, {"phase": "measured", "order_index": 190, "time_s": 5.188e-06, "encode_s": 0.002422943, "total_s": 0.002428131}, {"phase": "measured", "order_index": 192, "time_s": 5.348e-06, "encode_s": 0.002389953, "total_s": 0.0023953010000000003}]}}}
tradeoff-c	Run selected fresh official gate	2026-10-09T09:13:21.0986291Z ^[[32m2026-10-09 09:13:21.098^[[0m | ^[[34m^[[1mDEBUG   ^[[0m | ^[[36msandbox.bwrap^[[0m:^[[36mrun^[[0m:^[[36m110^[[0m - ^[[34m^[[1m[bwrap] rustc exit=0 in 0.0s^[[0m
tradeoff-c	Run selected fresh official gate	2026-10-09T09:13:22.9050475Z ^[[32m2026-10-09 09:13:22.904^[[0m | ^[[34m^[[1mDEBUG   ^[[0m | ^[[36msandbox.bwrap^[[0m:^[[36mrun^[[0m:^[[36m110^[[0m - ^[[34m^[[1m[bwrap] cargo exit=0 in 1.8s^[[0m
tradeoff-c	Run selected fresh official gate	2026-10-09T09:13:22.9051620Z ^[[32m2026-10-09 09:13:22.904^[[0m | ^[[34m^[[1mDEBUG   ^[[0m | ^[[36mbench.driver^[[0m:^[[36m_build^[[0m:^[[36m295^[[0m - ^[[34m^[[1m[bench] built incumbent in 1.8s exit=0^[[0m
tradeoff-c	Run selected fresh official gate	2026-10-09T09:13:26.1431057Z ^[[32m2026-10-09 09:13:26.142^[[0m | ^[[34m^[[1mDEBUG   ^[[0m | ^[[36msandbox.bwrap^[[0m:^[[36mrun^[[0m:^[[36m110^[[0m - ^[[34m^[[1m[bwrap] cargo exit=0 in 3.2s^[[0m
tradeoff-c	Run selected fresh official gate	2026-10-09T09:13:26.1432256Z ^[[32m2026-10-09 09:13:26.143^[[0m | ^[[34m^[[1mDEBUG   ^[[0m | ^[[36mbench.driver^[[0m:^[[36m_build^[[0m:^[[36m295^[[0m - ^[[34m^[[1m[bench] built r15-hash32-chain-gain in 3.2s exit=0^[[0m
tradeoff-c	Run selected fresh official gate	2026-10-09T09:13:26.7937178Z ^[[32m2026-10-09 09:13:26.793^[[0m | ^[[34m^[[1mDEBUG   ^[[0m | ^[[36msandbox.bwrap^[[0m:^[[36mrun^[[0m:^[[36m110^[[0m - ^[[34m^[[1m[bwrap] measure exit=0 in 0.7s^[[0m
tradeoff-c	Run selected fresh official gate	2026-10-09T09:13:26.7938608Z ^[[32m2026-10-09 09:13:26.793^[[0m | ^[[34m^[[1mDEBUG   ^[[0m | ^[[36mbench.driver^[[0m:^[[36m_measure^[[0m:^[[36m333^[[0m - ^[[34m^[[1m[bench] measured r15-hash32-chain-gain in 0.7s exit=0^[[0m
tradeoff-c	Run selected fresh official gate	2026-10-09T09:13:26.7981463Z SYNTHETIC_MEASUREMENT {"candidate": "r15-hash32-chain-gain", "round": 2, "time": 0.6961784098784068, "size_pct": 63.241794911650835}
tradeoff-c	Run selected fresh official gate	2026-10-09T09:13:26.7988587Z SYNTHETIC_RAW 2 r15-hash32-chain-gain {"kind": "meta", "schema_version": 4, "started_at_unix": 1791537206.157272, "corpus": "synthetic-transfer", "corpus_dir": "/home/runner/work/_temp/round4-receipts/research-synthetic/synthetic-transfer", "os": "linux", "arch": "x86_64", "rustc_version": "rustc 1.100.0-nightly (8fa1c96cf 2026-08-17)", "cpu_model": "AMD EPYC 9V74 80-Core Processor", "cpu_governor": null, "warmup_rounds": 1, "measured_rounds": 11, "speed_floor": null, "methods": {"incumbent": {"external": false, "crate_dir": "/home/runner/work/_temp/deflate-upstream/data/bench-workspace/20261009T091321Z-64de0899-gp1938zg/incumbent", "source_sha256": "b9e0d844baf5958cf0c1c66bfb9fd1f89663fa30f21a99c3c116b3dd2e771361", "lib_sha256": "141f58ceb5d68fdd9fef84fc9da46540dfd34174de8533d923ef187ae09ec57b"}, "r15-hash32-chain-gain": {"external": false, "crate_dir": "/home/runner/work/_temp/deflate-upstream/data/bench-workspace/20261009T091321Z-64de0899-gp1938zg/r15-hash32-chain-gain", "source_sha256": "913075d06d105669f296479e696e4d442294969d318eeec58a864daa88d434e1", "lib_sha256": "919349b81805a433a06b7a6b660f12e90cdd581ce025ae10e1742499b6f5133d"}}, "benchmark_provenance": {"version": 1, "engine_sha256": "ab202460691492f48d5c632375f5df2a74fc3769a81337e876607e9326a46fac", "template_sha256": "584b01793667c5257da4e76da919fbb3bb73c72fa434866622fe3905884d33f0", "host_sha256": "2b32344a74bca6b42edebf4f499412873c9bc3de9561a681587513913177b357", "cpus": "0", "process_affinity": [0, 1, 2, 3], "memory_mb": 2048, "sandbox": true, "build_profile": "release", "external_references": false}}
tradeoff-c	Run selected fresh official gate	2026-10-09T09:13:26.8001056Z SYNTHETIC_RAW 2 r15-hash32-chain-gain {"kind": "file", "corpus": "synthetic-transfer", "file": "multilingual.txt", "raw_bytes": 163270, "sha256": "bdd257c8c2afbd9c418ec8954e0ca3f2cedbfa5a622e9b2d5255f35647f1aecc", "methods": {"incumbent": {"external": false, "output_bytes": 9206, "output_sha256": "dd1312ec4702740b4331fb5195ee7cf1f8f1e4ebb52c5bad2ee9ac46eb142e05", "tokens": 4618, "tokens_sha256": "a6e0f107a4d317d16a1a0fe1f14d8a05d25385b4de7fa5b1409ef0de972f3b25", "deterministic": true, "encode_s": 0.000373855, "errors": [], "reps": [{"phase": "warmup", "order_index": 1, "time_s": 0.001981245, "encode_s": 0.000373855, "total_s": 0.0023550999999999997}, {"phase": "measured", "order_index": 3, "time_s": 0.001873572, "encode_s": 0.000312112, "total_s": 0.0021856840000000002}, {"phase": "measured", "order_index": 5, "time_s": 0.001871609, "encode_s": 0.000307225, "total_s": 0.002178834}, {"phase": "measured", "order_index": 7, "time_s": 0.001857608, "encode_s": 0.000306713, "total_s": 0.002164321}, {"phase": "measured", "order_index": 9, "time_s": 0.001859962, "encode_s": 0.000306042, "total_s": 0.002166004}, {"phase": "measured", "order_index": 11, "time_s": 0.001849506, "encode_s": 0.000304721, "total_s": 0.002154227}, {"phase": "measured", "order_index": 13, "time_s": 0.001881093, "encode_s": 0.000321696, "total_s": 0.002202789}, {"phase": "measured", "order_index": 15, "time_s": 0.001844458, "encode_s": 0.000327365, "total_s": 0.002171823}, {"phase": "measured", "order_index": 17, "time_s": 0.00184572, "encode_s": 0.00030408, "total_s": 0.0021498}, {"phase": "measured", "order_index": 19, "time_s": 0.00187212, "encode_s": 0.000307815, "total_s": 0.002179935}, {"phase": "measured", "order_index": 21, "time_s": 0.001854573, "encode_s": 0.000309148, "total_s": 0.002163721}, {"phase": "measured", "order_index": 23, "time_s": 0.001867573, "encode_s": 0.00030406, "total_s": 0.002171633}]}, "r15-hash32-chain-gain": {"external": false, "output_bytes": 113217, "output_sha256": "3829c1b23a817582db9ed09f60e8b6984b1d078adcc2e36cca6713403d874617", "tokens": 163270, "tokens_sha256": "0456de57f1b7bf6a9d2532c2074dd975a0babb928f8f5734ad7284a1dbb1ca35", "deterministic": true, "encode_s": 0.003460381, "errors": [], "reps": [{"phase": "warmup", "order_index": 2, "time_s": 1.1858e-05, "encode_s": 0.003460381, "total_s": 0.003472239}, {"phase": "measured", "order_index": 4, "time_s": 1.1277e-05, "encode_s": 0.003268931, "total_s": 0.003280208}, {"phase": "measured", "order_index": 6, "time_s": 1.1397e-05, "encode_s": 0.003260939, "total_s": 0.003272336}, {"phase": "measured", "order_index": 8, "time_s": 1.1237e-05, "encode_s": 0.003246627, "total_s": 0.003257864}, {"phase": "measured", "order_index": 10, "time_s": 1.1257e-05, "encode_s": 0.003243053, "total_s": 0.0032543100000000003}, {"phase": "measured", "order_index": 12, "time_s": 1.1438e-05, "encode_s": 0.003260979, "total_s": 0.0032724169999999997}, {"phase": "measured", "order_index": 14, "time_s": 1.1317e-05, "encode_s": 0.003238926, "total_s": 0.003250243}, {"phase": "measured", "order_index": 16, "time_s": 1.1347e-05, "encode_s": 0.003198405, "total_s": 0.003209752}, {"phase": "measured", "order_index": 18, "time_s": 1.1287e-05, "encode_s": 0.003240819, "total_s": 0.003252106}, {"phase": "measured", "order_index": 20, "time_s": 1.1527e-05, "encode_s": 0.00322138, "total_s": 0.0032329069999999997}, {"phase": "measured", "order_index": 22, "time_s": 1.1297e-05, "encode_s": 0.003212686, "total_s": 0.003223983}, {"phase": "measured", "order_index": 24, "time_s": 1.1467e-05, "encode_s": 0.003191233, "total_s": 0.0032026999999999997}]}}}
tradeoff-c	Run selected fresh official gate	2026-10-09T09:13:26.8017117Z SYNTHETIC_RAW 2 r15-hash32-chain-gain {"kind": "file", "corpus": "synthetic-transfer", "file": "random.bin", "raw_bytes": 131101, "sha256": "22c862f2c2c5fd5a072e9f74b5a056aacb9025228d040addb56dcd9bec4c09d3", "methods": {"incumbent": {"external": false, "output_bytes": 131445, "output_sha256": "deebb4fe887edb814c65fc8f8d20b733d4a395d0e32399c3c25af9b591d8dc2d", "tokens": 130620, "tokens_sha256": "5330a4dbafd88f2b8356a1db487249115b5a636a9e2bab5cf05094461ba5cbc3", "deterministic": true, "encode_s": 0.005044856, "errors": [], "reps": [{"phase": "warmup", "order_index": 25, "time_s": 0.001934965, "encode_s": 0.005044856, "total_s": 0.006979821000000001}, {"phase": "measured", "order_index": 27, "time_s": 0.001936167, "encode_s": 0.004256815, "total_s": 0.006192982}, {"phase": "measured", "order_index": 29, "time_s": 0.001938841, "encode_s": 0.004217495, "total_s": 0.006156336}, {"phase": "measured", "order_index": 31, "time_s": 0.001912891, "encode_s": 0.004205507, "total_s": 0.006118398}, {"phase": "measured", "order_index": 33, "time_s": 0.001928535, "encode_s": 0.004275403, "total_s": 0.006203938}, {"phase": "measured", "order_index": 35, "time_s": 0.001892841, "encode_s": 0.00418767, "total_s": 0.006080511}, {"phase": "measured", "order_index": 37, "time_s": 0.001912762, "encode_s": 0.004193819, "total_s": 0.006106581}, {"phase": "measured", "order_index": 39, "time_s": 0.001908455, "encode_s": 0.004202814, "total_s": 0.006111269}, {"phase": "measured", "order_index": 41, "time_s": 0.001913162, "encode_s": 0.004183304, "total_s": 0.006096466}, {"phase": "measured", "order_index": 43, "time_s": 0.001913513, "encode_s": 0.00418738, "total_s": 0.006100893}, {"phase": "measured", "order_index": 45, "time_s": 0.001898029, "encode_s": 0.00420048, "total_s": 0.006098509}, {"phase": "measured", "order_index": 47, "time_s": 0.001905932, "encode_s": 0.004202412, "total_s": 0.006108344}]}, "r15-hash32-chain-gain": {"external": false, "output_bytes": 131144, "output_sha256": "52b5974219d121f00e342319360c4c8bcac7ff2eda0365aa245dfe321fd4613b", "tokens": 131101, "tokens_sha256": "861ef26a6d151afca1053cb702d3d74a8e4ef1beae1928ecd65b6e1995a7cb99", "deterministic": true, "encode_s": 0.004001219, "errors": [], "reps": [{"phase": "warmup", "order_index": 26, "time_s": 9.404e-06, "encode_s": 0.004001219, "total_s": 0.0040106230000000005}, {"phase": "measured", "order_index": 28, "time_s": 9.595e-06, "encode_s": 0.003987958, "total_s": 0.003997553}, {"phase": "measured", "order_index": 30, "time_s": 9.915e-06, "encode_s": 0.00397591, "total_s": 0.003985825}, {"phase": "measured", "order_index": 32, "time_s": 9.495e-06, "encode_s": 0.003990312, "total_s": 0.003999807}, {"phase": "measured", "order_index": 34, "time_s": 9.665e-06, "encode_s": 0.003962449, "total_s": 0.003972114}, {"phase": "measured", "order_index": 36, "time_s": 9.715e-06, "encode_s": 0.00395618, "total_s": 0.0039658950000000005}, {"phase": "measured", "order_index": 38, "time_s": 1.0886e-05, "encode_s": 0.003946927, "total_s": 0.003957813}, {"phase": "measured", "order_index": 40, "time_s": 1.0186e-05, "encode_s": 0.003939204, "total_s": 0.00394939}, {"phase": "measured", "order_index": 42, "time_s": 9.765e-06, "encode_s": 0.003939364, "total_s": 0.003949129}, {"phase": "measured", "order_index": 44, "time_s": 9.614e-06, "encode_s": 0.00394933, "total_s": 0.003958944}, {"phase": "measured", "order_index": 46, "time_s": 9.384e-06, "encode_s": 0.003962199, "total_s": 0.003971583}, {"phase": "measured", "order_index": 48, "time_s": 9.444e-06, "encode_s": 0.003979706, "total_s": 0.00398915}]}}}
tradeoff-c	Run selected fresh official gate	2026-10-09T09:13:26.8033627Z SYNTHETIC_RAW 2 r15-hash32-chain-gain {"kind": "file", "corpus": "synthetic-transfer", "file": "short-log.txt", "raw_bytes": 32505, "sha256": "23ef9a1b24b2cfcd1c73f1ff1a71ab017cbcf921409f96f8839c74819d3c0b82", "methods": {"incumbent": {"external": false, "output_bytes": 4871, "output_sha256": "b801c58b86a433392a15971de32130be788d25cd6f3a91a1abda0f0a909dac25", "tokens": 3017, "tokens_sha256": "fcd4ea723eb6d0e399dc5c1cf6825e8d767f6fc45a05600bb177054b19e7eaec", "deterministic": true, "encode_s": 0.000256988, "errors": [], "reps": [{"phase": "warmup", "order_index": 49, "time_s": 0.000888613, "encode_s": 0.000256988, "total_s": 0.001145601}, {"phase": "measured", "order_index": 51, "time_s": 0.00089334, "encode_s": 0.00023123, "total_s": 0.0011245699999999999}, {"phase": "measured", "order_index": 53, "time_s": 0.000875664, "encode_s": 0.000214534, "total_s": 0.001090198}, {"phase": "measured", "order_index": 55, "time_s": 0.00086627, "encode_s": 0.000207023, "total_s": 0.0010732930000000001}, {"phase": "measured", "order_index": 57, "time_s": 0.000869024, "encode_s": 0.000207784, "total_s": 0.001076808}, {"phase": "measured", "order_index": 59, "time_s": 0.00086606, "encode_s": 0.000199451, "total_s": 0.0010655109999999999}, {"phase": "measured", "order_index": 61, "time_s": 0.000860901, "encode_s": 0.000215706, "total_s": 0.001076607}, {"phase": "measured", "order_index": 63, "time_s": 0.000873891, "encode_s": 0.000209487, "total_s": 0.001083378}, {"phase": "measured", "order_index": 65, "time_s": 0.000865849, "encode_s": 0.000210418, "total_s": 0.0010762670000000001}, {"phase": "measured", "order_index": 67, "time_s": 0.000864287, "encode_s": 0.000207363, "total_s": 0.00107165}, {"phase": "measured", "order_index": 69, "time_s": 0.000874371, "encode_s": 0.000203448, "total_s": 0.001077819}, {"phase": "measured", "order_index": 71, "time_s": 0.000866991, "encode_s": 0.000216046, "total_s": 0.001083037}]}, "r15-hash32-chain-gain": {"external": false, "output_bytes": 19367, "output_sha256": "61b6b9aa73349f07fa988d99294a9ab90d6019e6a66dbe4c36ce58c7cba0ab1c", "tokens": 32505, "tokens_sha256": "355f3c4bf86a7c5f0678fb0740380e7aacbd803e34fb5f35c917248f44961d52", "deterministic": true, "encode_s": 0.000399684, "errors": [], "reps": [{"phase": "warmup", "order_index": 50, "time_s": 2.333e-06, "encode_s": 0.000399684, "total_s": 0.00040201699999999996}, {"phase": "measured", "order_index": 52, "time_s": 2.334e-06, "encode_s": 0.000394095, "total_s": 0.000396429}, {"phase": "measured", "order_index": 54, "time_s": 2.314e-06, "encode_s": 0.000398082, "total_s": 0.000400396}, {"phase": "measured", "order_index": 56, "time_s": 2.283e-06, "encode_s": 0.000385653, "total_s": 0.000387936}, {"phase": "measured", "order_index": 58, "time_s": 2.303e-06, "encode_s": 0.000388848, "total_s": 0.000391151}, {"phase": "measured", "order_index": 60, "time_s": 2.293e-06, "encode_s": 0.000381527, "total_s": 0.00038382}, {"phase": "measured", "order_index": 62, "time_s": 2.264e-06, "encode_s": 0.000381677, "total_s": 0.000383941}, {"phase": "measured", "order_index": 64, "time_s": 2.314e-06, "encode_s": 0.000395518, "total_s": 0.000397832}, {"phase": "measured", "order_index": 66, "time_s": 2.304e-06, "encode_s": 0.000379604, "total_s": 0.00038190800000000003}, {"phase": "measured", "order_index": 68, "time_s": 2.304e-06, "encode_s": 0.000406985, "total_s": 0.000409289}, {"phase": "measured", "order_index": 70, "time_s": 2.304e-06, "encode_s": 0.000388507, "total_s": 0.000390811}, {"phase": "measured", "order_index": 72, "time_s": 2.274e-06, "encode_s": 0.000381667, "total_s": 0.000383941}]}}}
tradeoff-c	Run selected fresh official gate	2026-10-09T09:13:26.8049066Z SYNTHETIC_RAW 2 r15-hash32-chain-gain {"kind": "file", "corpus": "synthetic-transfer", "file": "source-like.txt", "raw_bytes": 220484, "sha256": "326efe91d7d1e5a11bee87388ef45c7551b1b541f17a1749d7cd5cd53c25ab66", "methods": {"incumbent": {"external": false, "output_bytes": 16650, "output_sha256": "a459035fe1f2d45221381fefc1bad509a69c3effb5a67ee57a00384072a446f5", "tokens": 7890, "tokens_sha256": "cf67564e32e855eac2759e9b433da56b133fd538e426d3f122c000aa5d009805", "deterministic": true, "encode_s": 0.00028414, "errors": [], "reps": [{"phase": "warmup", "order_index": 73, "time_s": 0.003668405, "encode_s": 0.00028414, "total_s": 0.003952545}, {"phase": "measured", "order_index": 75, "time_s": 0.003840045, "encode_s": 0.0002841, "total_s": 0.004124145}, {"phase": "measured", "order_index": 77, "time_s": 0.003805273, "encode_s": 0.000290048, "total_s": 0.004095321}, {"phase": "measured", "order_index": 79, "time_s": 0.003729988, "encode_s": 0.000288857, "total_s": 0.004018845}, {"phase": "measured", "order_index": 81, "time_s": 0.003722727, "encode_s": 0.000292131, "total_s": 0.004014858}, {"phase": "measured", "order_index": 83, "time_s": 0.003760224, "encode_s": 0.000283519, "total_s": 0.004043743}, {"phase": "measured", "order_index": 85, "time_s": 0.003742487, "encode_s": 0.000285751, "total_s": 0.004028238}, {"phase": "measured", "order_index": 87, "time_s": 0.003739753, "encode_s": 0.000281395, "total_s": 0.004021148}, {"phase": "measured", "order_index": 89, "time_s": 0.003742317, "encode_s": 0.000293924, "total_s": 0.004036241}, {"phase": "measured", "order_index": 91, "time_s": 0.003720605, "encode_s": 0.000288596, "total_s": 0.004009201}, {"phase": "measured", "order_index": 93, "time_s": 0.00365183, "encode_s": 0.000288166, "total_s": 0.003939996}, {"phase": "measured", "order_index": 95, "time_s": 0.00363874, "encode_s": 0.000286624, "total_s": 0.003925364}]}, "r15-hash32-chain-gain": {"external": false, "output_bytes": 124969, "output_sha256": "5e503339163175239c567a0d4d74b9deedebc783ca3597fd66178e49a57d9e0b", "tokens": 220484, "tokens_sha256": "fe0d82fcd85e64efc0101fcb5326015358ca5a5225ce4753f8ab1b30ed539f9d", "deterministic": true, "encode_s": 0.003376024, "errors": [], "reps": [{"phase": "warmup", "order_index": 74, "time_s": 1.5303e-05, "encode_s": 0.003376024, "total_s": 0.003391327}, {"phase": "measured", "order_index": 76, "time_s": 1.5904e-05, "encode_s": 0.003263322, "total_s": 0.003279226}, {"phase": "measured", "order_index": 78, "time_s": 1.5734e-05, "encode_s": 0.003269943, "total_s": 0.003285677}, {"phase": "measured", "order_index": 80, "time_s": 1.5614e-05, "encode_s": 0.003296273, "total_s": 0.0033118870000000003}, {"phase": "measured", "order_index": 82, "time_s": 1.5484e-05, "encode_s": 0.003242752, "total_s": 0.003258236}, {"phase": "measured", "order_index": 84, "time_s": 1.5544e-05, "encode_s": 0.003298806, "total_s": 0.00331435}, {"phase": "measured", "order_index": 86, "time_s": 1.5253e-05, "encode_s": 0.003253297, "total_s": 0.00326855}, {"phase": "measured", "order_index": 88, "time_s": 1.5774e-05, "encode_s": 0.00328134, "total_s": 0.0032971140000000003}, {"phase": "measured", "order_index": 90, "time_s": 1.5543e-05, "encode_s": 0.003275872, "total_s": 0.003291415}, {"phase": "measured", "order_index": 92, "time_s": 1.5944e-05, "encode_s": 0.003281751, "total_s": 0.003297695}, {"phase": "measured", "order_index": 94, "time_s": 1.5644e-05, "encode_s": 0.003237884, "total_s": 0.003253528}, {"phase": "measured", "order_index": 96, "time_s": 1.5133e-05, "encode_s": 0.003291285, "total_s": 0.003306418}]}}}
tradeoff-c	Run selected fresh official gate	2026-10-09T09:13:26.8070747Z SYNTHETIC_RAW 2 r15-hash32-chain-gain {"kind": "file", "corpus": "synthetic-transfer", "file": "sparse.bin", "raw_bytes": 53803, "sha256": "c51b774d8aadb5b636c1463ff5a9df4fe6c326330101df1daf2e4745b07678d3", "methods": {"incumbent": {"external": false, "output_bytes": 1798, "output_sha256": "64a1ff1bc414863ad88544207256d2d9a5ba187a3a5dc2ad6425dd07405c2e2c", "tokens": 1263, "tokens_sha256": "fae120ea72c3aae525d182eab79475dc599c31ea79ce1f32050a110b01939d24", "deterministic": true, "encode_s": 0.000461288, "errors": [], "reps": [{"phase": "warmup", "order_index": 97, "time_s": 0.000969966, "encode_s": 0.000461288, "total_s": 0.0014312539999999999}, {"phase": "measured", "order_index": 99, "time_s": 0.000967593, "encode_s": 0.000455428, "total_s": 0.001423021}, {"phase": "measured", "order_index": 101, "time_s": 0.000971769, "encode_s": 0.000445293, "total_s": 0.001417062}, {"phase": "measured", "order_index": 103, "time_s": 0.000970787, "encode_s": 0.000444352, "total_s": 0.001415139}, {"phase": "measured", "order_index": 105, "time_s": 0.000966742, "encode_s": 0.000444191, "total_s": 0.001410933}, {"phase": "measured", "order_index": 107, "time_s": 0.000968544, "encode_s": 0.000451293, "total_s": 0.001419837}, {"phase": "measured", "order_index": 109, "time_s": 0.000968454, "encode_s": 0.000465484, "total_s": 0.001433938}, {"phase": "measured", "order_index": 111, "time_s": 0.000967403, "encode_s": 0.00044303, "total_s": 0.001410433}, {"phase": "measured", "order_index": 113, "time_s": 0.000966791, "encode_s": 0.000443601, "total_s": 0.0014103920000000001}, {"phase": "measured", "order_index": 115, "time_s": 0.000966541, "encode_s": 0.000444772, "total_s": 0.001411313}, {"phase": "measured", "order_index": 117, "time_s": 0.000967853, "encode_s": 0.000453154, "total_s": 0.001421007}, {"phase": "measured", "order_index": 119, "time_s": 0.000970427, "encode_s": 0.000453065, "total_s": 0.0014234920000000002}]}, "r15-hash32-chain-gain": {"external": false, "output_bytes": 7334, "output_sha256": "5231164a2c117b47a904fdb758ab3a98f0df7a7a52f77c4c1c0a19b943f09cf2", "tokens": 53803, "tokens_sha256": "75db9a922717593433d1f2bae6a5f49da4bd27b1140da1c92d2ae201640af973", "deterministic": true, "encode_s": 0.001205302, "errors": [], "reps": [{"phase": "warmup", "order_index": 98, "time_s": 3.776e-06, "encode_s": 0.001205302, "total_s": 0.001209078}, {"phase": "measured", "order_index": 100, "time_s": 3.856e-06, "encode_s": 0.001199323, "total_s": 0.001203179}, {"phase": "measured", "order_index": 102, "time_s": 3.736e-06, "encode_s": 0.001206544, "total_s": 0.00121028}, {"phase": "measured", "order_index": 104, "time_s": 4.026e-06, "encode_s": 0.001194826, "total_s": 0.001198852}, {"phase": "measured", "order_index": 106, "time_s": 3.896e-06, "encode_s": 0.001194115, "total_s": 0.001198011}, {"phase": "measured", "order_index": 108, "time_s": 3.756e-06, "encode_s": 0.001190639, "total_s": 0.001194395}, {"phase": "measured", "order_index": 110, "time_s": 3.726e-06, "encode_s": 0.001184731, "total_s": 0.001188457}, {"phase": "measured", "order_index": 112, "time_s": 3.756e-06, "encode_s": 0.0011973, "total_s": 0.001201056}, {"phase": "measured", "order_index": 114, "time_s": 3.756e-06, "encode_s": 0.001187024, "total_s": 0.00119078}, {"phase": "measured", "order_index": 116, "time_s": 3.705e-06, "encode_s": 0.001205242, "total_s": 0.001208947}, {"phase": "measured", "order_index": 118, "time_s": 3.755e-06, "encode_s": 0.001187846, "total_s": 0.001191601}, {"phase": "measured", "order_index": 120, "time_s": 3.726e-06, "encode_s": 0.001191601, "total_s": 0.001195327}]}}}
tradeoff-c	Run selected fresh official gate	2026-10-09T09:13:26.8090928Z SYNTHETIC_RAW 2 r15-hash32-chain-gain {"kind": "file", "corpus": "synthetic-transfer", "file": "table.csv", "raw_bytes": 193765, "sha256": "e773c09c5e5d585dc64330f220ca47963de24c1be3297a8161e89fca34b98a85", "methods": {"incumbent": {"external": false, "output_bytes": 65436, "output_sha256": "dcb53081688a36dad21b849906f65e985a744ef8864e9324768f44dbb485a3fc", "tokens": 39085, "tokens_sha256": "93d50fc8a84ae35d4a248c3fc06f3632d2da32348cd6896ad6f9f43ea9515f65", "deterministic": true, "encode_s": 0.001390862, "errors": [], "reps": [{"phase": "warmup", "order_index": 121, "time_s": 0.010645663, "encode_s": 0.001390862, "total_s": 0.012036525}, {"phase": "measured", "order_index": 123, "time_s": 0.010643119, "encode_s": 0.001383652, "total_s": 0.012026770999999999}, {"phase": "measured", "order_index": 125, "time_s": 0.010667765, "encode_s": 0.001372645, "total_s": 0.01204041}, {"phase": "measured", "order_index": 127, "time_s": 0.010619152, "encode_s": 0.00138303, "total_s": 0.012002182}, {"phase": "measured", "order_index": 129, "time_s": 0.010676118, "encode_s": 0.001384102, "total_s": 0.01206022}, {"phase": "measured", "order_index": 131, "time_s": 0.010751943, "encode_s": 0.001389561, "total_s": 0.012141504000000001}, {"phase": "measured", "order_index": 133, "time_s": 0.010744561, "encode_s": 0.001378674, "total_s": 0.012123235}, {"phase": "measured", "order_index": 135, "time_s": 0.010711391, "encode_s": 0.001373466, "total_s": 0.012084857000000001}, {"phase": "measured", "order_index": 137, "time_s": 0.010750261, "encode_s": 0.001372525, "total_s": 0.012122786}, {"phase": "measured", "order_index": 139, "time_s": 0.010695908, "encode_s": 0.001404072, "total_s": 0.01209998}, {"phase": "measured", "order_index": 141, "time_s": 0.010738973, "encode_s": 0.001372445, "total_s": 0.012111418}, {"phase": "measured", "order_index": 143, "time_s": 0.010732373, "encode_s": 0.001375329, "total_s": 0.012107702}]}, "r15-hash32-chain-gain": {"external": false, "output_bytes": 102598, "output_sha256": "23726ecf53609ee2523cbb33b725eeda9068ca1fc2fc04f3d75b71b8bfd90e0d", "tokens": 193765, "tokens_sha256": "135aaa68b2cecfa67137c3a09419220ddecf94ec0e5ccc305b64ef45f3ecd911", "deterministic": true, "encode_s": 0.002751239, "errors": [], "reps": [{"phase": "warmup", "order_index": 122, "time_s": 1.34e-05, "encode_s": 0.002751239, "total_s": 0.002764639}, {"phase": "measured", "order_index": 124, "time_s": 1.4281e-05, "encode_s": 0.002630487, "total_s": 0.002644768}, {"phase": "measured", "order_index": 126, "time_s": 1.4022e-05, "encode_s": 0.002653711, "total_s": 0.002667733}, {"phase": "measured", "order_index": 128, "time_s": 1.4382e-05, "encode_s": 0.002787484, "total_s": 0.0028018659999999996}, {"phase": "measured", "order_index": 130, "time_s": 1.4542e-05, "encode_s": 0.002630426, "total_s": 0.002644968}, {"phase": "measured", "order_index": 132, "time_s": 1.4743e-05, "encode_s": 0.002675815, "total_s": 0.0026905579999999996}, {"phase": "measured", "order_index": 134, "time_s": 1.4822e-05, "encode_s": 0.002626901, "total_s": 0.002641723}, {"phase": "measured", "order_index": 136, "time_s": 1.4622e-05, "encode_s": 0.002624247, "total_s": 0.0026388690000000003}, {"phase": "measured", "order_index": 138, "time_s": 1.4021e-05, "encode_s": 0.002611217, "total_s": 0.002625238}, {"phase": "measured", "order_index": 140, "time_s": 1.4081e-05, "encode_s": 0.002626931, "total_s": 0.002641012}, {"phase": "measured", "order_index": 142, "time_s": 1.4422e-05, "encode_s": 0.002614812, "total_s": 0.0026292340000000003}, {"phase": "measured", "order_index": 144, "time_s": 1.4712e-05, "encode_s": 0.002636976, "total_s": 0.002651688}]}}}
tradeoff-c	Run selected fresh official gate	2026-10-09T09:13:26.8106517Z SYNTHETIC_RAW 2 r15-hash32-chain-gain {"kind": "file", "corpus": "synthetic-transfer", "file": "tiny-structured.txt", "raw_bytes": 15588, "sha256": "2b4701704019445efcca8272c668d8015913d54616281baf813d477623dfcdd3", "methods": {"incumbent": {"external": false, "output_bytes": 1492, "output_sha256": "f35f34fe896e5ec7c7a15e89fe5bd6eb74d866642044e5d5df10ea85bcdc674f", "tokens": 1083, "tokens_sha256": "0fa05be94e7e54cd3cede626db4ec06f61e270d22e2f35d810b14ec5a00d6dde", "deterministic": true, "encode_s": 0.000153712, "errors": [], "reps": [{"phase": "warmup", "order_index": 145, "time_s": 0.000237028, "encode_s": 0.000153712, "total_s": 0.00039074}, {"phase": "measured", "order_index": 147, "time_s": 0.000216407, "encode_s": 0.000159512, "total_s": 0.000375919}, {"phase": "measured", "order_index": 149, "time_s": 0.000206251, "encode_s": 0.000139772, "total_s": 0.000346023}, {"phase": "measured", "order_index": 151, "time_s": 0.000212291, "encode_s": 0.000135775, "total_s": 0.000348066}, {"phase": "measured", "order_index": 153, "time_s": 0.000200092, "encode_s": 0.000128884, "total_s": 0.00032897600000000003}, {"phase": "measured", "order_index": 155, "time_s": 0.000201805, "encode_s": 0.000129165, "total_s": 0.00033097}, {"phase": "measured", "order_index": 157, "time_s": 0.00019853, "encode_s": 0.00012558, "total_s": 0.00032411}, {"phase": "measured", "order_index": 159, "time_s": 0.000215276, "encode_s": 0.00013282, "total_s": 0.000348096}, {"phase": "measured", "order_index": 161, "time_s": 0.000213923, "encode_s": 0.00013878, "total_s": 0.000352703}, {"phase": "measured", "order_index": 163, "time_s": 0.000203338, "encode_s": 0.000134563, "total_s": 0.00033790100000000004}, {"phase": "measured", "order_index": 165, "time_s": 0.000218891, "encode_s": 0.000126792, "total_s": 0.000345683}, {"phase": "measured", "order_index": 167, "time_s": 0.000207464, "encode_s": 0.00013212, "total_s": 0.000339584}]}, "r15-hash32-chain-gain": {"external": false, "output_bytes": 8368, "output_sha256": "7455bcfad111c38751b6d8e61f6639c052aec0210fd6730895abffbfeedf35b1", "tokens": 15588, "tokens_sha256": "80d1eebbd0f6319a7d101e46deb2fafca2f4d937d974ff657034f337d725d99f", "deterministic": true, "encode_s": 0.000177929, "errors": [], "reps": [{"phase": "warmup", "order_index": 146, "time_s": 1.222e-06, "encode_s": 0.000177929, "total_s": 0.000179151}, {"phase": "measured", "order_index": 148, "time_s": 1.172e-06, "encode_s": 0.000166492, "total_s": 0.00016766399999999999}, {"phase": "measured", "order_index": 150, "time_s": 1.121e-06, "encode_s": 0.00016511, "total_s": 0.000166231}, {"phase": "measured", "order_index": 152, "time_s": 1.112e-06, "encode_s": 0.000164348, "total_s": 0.00016546}, {"phase": "measured", "order_index": 154, "time_s": 1.141e-06, "encode_s": 0.000163528, "total_s": 0.000164669}, {"phase": "measured", "order_index": 156, "time_s": 1.342e-06, "encode_s": 0.000163457, "total_s": 0.00016479899999999998}, {"phase": "measured", "order_index": 158, "time_s": 1.162e-06, "encode_s": 0.000187243, "total_s": 0.000188405}, {"phase": "measured", "order_index": 160, "time_s": 1.192e-06, "encode_s": 0.000165029, "total_s": 0.000166221}, {"phase": "measured", "order_index": 162, "time_s": 1.092e-06, "encode_s": 0.000164038, "total_s": 0.00016513}, {"phase": "measured", "order_index": 164, "time_s": 1.202e-06, "encode_s": 0.000164939, "total_s": 0.000166141}, {"phase": "measured", "order_index": 166, "time_s": 1.152e-06, "encode_s": 0.000163437, "total_s": 0.000164589}, {"phase": "measured", "order_index": 168, "time_s": 1.132e-06, "encode_s": 0.000165279, "total_s": 0.000166411}]}}}
tradeoff-c	Run selected fresh official gate	2026-10-09T09:13:26.8121536Z SYNTHETIC_RAW 2 r15-hash32-chain-gain {"kind": "file", "corpus": "synthetic-transfer", "file": "window-boundary.bin", "raw_bytes": 73735, "sha256": "3d5e223fd8ced74430c5b87ebbbe4ff9c9782c6902f9b137538dddc79f087dcc", "methods": {"incumbent": {"external": false, "output_bytes": 73933, "output_sha256": "5e456557d23dbd5249a36f224b7449a9d53075a00273d27d8ee8f397eeafb978", "tokens": 73559, "tokens_sha256": "35dd083034d7d329eefea50f23c8b2117879da70eb37280242ffd804c83eaf3b", "deterministic": true, "encode_s": 0.002602594, "errors": [], "reps": [{"phase": "warmup", "order_index": 169, "time_s": 0.000891778, "encode_s": 0.002602594, "total_s": 0.003494372}, {"phase": "measured", "order_index": 171, "time_s": 0.000904627, "encode_s": 0.002563816, "total_s": 0.003468443}, {"phase": "measured", "order_index": 173, "time_s": 0.00089943, "encode_s": 0.002543815, "total_s": 0.003443245}, {"phase": "measured", "order_index": 175, "time_s": 0.000910526, "encode_s": 0.002553971, "total_s": 0.003464497}, {"phase": "measured", "order_index": 177, "time_s": 0.000901282, "encode_s": 0.002543986, "total_s": 0.0034452679999999996}, {"phase": "measured", "order_index": 179, "time_s": 0.000906981, "encode_s": 0.002563956, "total_s": 0.003470937}, {"phase": "measured", "order_index": 181, "time_s": 0.000899801, "encode_s": 0.002569343, "total_s": 0.003469144}, {"phase": "measured", "order_index": 183, "time_s": 0.000900712, "encode_s": 0.002552638, "total_s": 0.00345335}, {"phase": "measured", "order_index": 185, "time_s": 0.000901653, "encode_s": 0.002575483, "total_s": 0.003477136}, {"phase": "measured", "order_index": 187, "time_s": 0.000901713, "encode_s": 0.002570596, "total_s": 0.003472309}, {"phase": "measured", "order_index": 189, "time_s": 0.000895073, "encode_s": 0.002560511, "total_s": 0.0034555840000000003}, {"phase": "measured", "order_index": 191, "time_s": 0.000903696, "encode_s": 0.002623716, "total_s": 0.0035274119999999997}]}, "r15-hash32-chain-gain": {"external": false, "output_bytes": 73760, "output_sha256": "7fc0f619879f4fb08483c528b61a18725bafcbfbce8f257146ac4741ba95851b", "tokens": 73735, "tokens_sha256": "8a3f0d4d337189d036871ced04356a9ba83426a905ea1c72d81f57b9d8549140", "deterministic": true, "encode_s": 0.002400949, "errors": [], "reps": [{"phase": "warmup", "order_index": 170, "time_s": 5.238e-06, "encode_s": 0.002400949, "total_s": 0.0024061869999999997}, {"phase": "measured", "order_index": 172, "time_s": 5.308e-06, "encode_s": 0.002413147, "total_s": 0.002418455}, {"phase": "measured", "order_index": 174, "time_s": 5.519e-06, "encode_s": 0.002403002, "total_s": 0.002408521}, {"phase": "measured", "order_index": 176, "time_s": 5.478e-06, "encode_s": 0.002382832, "total_s": 0.0023883100000000003}, {"phase": "measured", "order_index": 178, "time_s": 5.358e-06, "encode_s": 0.002400298, "total_s": 0.002405656}, {"phase": "measured", "order_index": 180, "time_s": 5.167e-06, "encode_s": 0.002409062, "total_s": 0.002414229}, {"phase": "measured", "order_index": 182, "time_s": 5.097e-06, "encode_s": 0.002405145, "total_s": 0.002410242}, {"phase": "measured", "order_index": 184, "time_s": 5.578e-06, "encode_s": 0.002422672, "total_s": 0.00242825}, {"phase": "measured", "order_index": 186, "time_s": 5.238e-06, "encode_s": 0.002407499, "total_s": 0.002412737}, {"phase": "measured", "order_index": 188, "time_s": 5.409e-06, "encode_s": 0.002416553, "total_s": 0.002421962}, {"phase": "measured", "order_index": 190, "time_s": 5.078e-06, "encode_s": 0.002478977, "total_s": 0.0024840549999999998}, {"phase": "measured", "order_index": 192, "time_s": 5.268e-06, "encode_s": 0.002401991, "total_s": 0.002407259}]}}}
tradeoff-c	Run selected fresh official gate	2026-10-09T09:13:26.8419777Z ^[[32m2026-10-09 09:13:26.841^[[0m | ^[[34m^[[1mDEBUG   ^[[0m | ^[[36msandbox.bwrap^[[0m:^[[36mrun^[[0m:^[[36m110^[[0m - ^[[34m^[[1m[bwrap] rustc exit=0 in 0.0s^[[0m
tradeoff-c	Run selected fresh official gate	2026-10-09T09:13:28.6632469Z ^[[32m2026-10-09 09:13:28.662^[[0m | ^[[34m^[[1mDEBUG   ^[[0m | ^[[36msandbox.bwrap^[[0m:^[[36mrun^[[0m:^[[36m110^[[0m - ^[[34m^[[1m[bwrap] cargo exit=0 in 1.8s^[[0m
tradeoff-c	Run selected fresh official gate	2026-10-09T09:13:28.6633895Z ^[[32m2026-10-09 09:13:28.663^[[0m | ^[[34m^[[1mDEBUG   ^[[0m | ^[[36mbench.driver^[[0m:^[[36m_build^[[0m:^[[36m295^[[0m - ^[[34m^[[1m[bench] built incumbent in 1.8s exit=0^[[0m
tradeoff-c	Run selected fresh official gate	2026-10-09T09:13:31.9305635Z ^[[32m2026-10-09 09:13:31.930^[[0m | ^[[34m^[[1mDEBUG   ^[[0m | ^[[36msandbox.bwrap^[[0m:^[[36mrun^[[0m:^[[36m110^[[0m - ^[[34m^[[1m[bwrap] cargo exit=0 in 3.3s^[[0m
tradeoff-c	Run selected fresh official gate	2026-10-09T09:13:31.9306904Z ^[[32m2026-10-09 09:13:31.930^[[0m | ^[[34m^[[1mDEBUG   ^[[0m | ^[[36mbench.driver^[[0m:^[[36m_build^[[0m:^[[36m295^[[0m - ^[[34m^[[1m[bench] built r3-432-fast3 in 3.3s exit=0^[[0m
tradeoff-c	Run selected fresh official gate	2026-10-09T09:13:32.5056889Z ^[[32m2026-10-09 09:13:32.505^[[0m | ^[[34m^[[1mDEBUG   ^[[0m | ^[[36msandbox.bwrap^[[0m:^[[36mrun^[[0m:^[[36m110^[[0m - ^[[34m^[[1m[bwrap] measure exit=0 in 0.6s^[[0m
tradeoff-c	Run selected fresh official gate	2026-10-09T09:13:32.5058130Z ^[[32m2026-10-09 09:13:32.505^[[0m | ^[[34m^[[1mDEBUG   ^[[0m | ^[[36mbench.driver^[[0m:^[[36m_measure^[[0m:^[[36m333^[[0m - ^[[34m^[[1m[bench] measured r3-432-fast3 in 0.6s exit=0^[[0m
tradeoff-c	Run selected fresh official gate	2026-10-09T09:13:32.5094975Z SYNTHETIC_MEASUREMENT {"candidate": "r3-432-fast3", "round": 2, "time": 0.3531185596534254, "size_pct": 36.611473427728505}
tradeoff-c	Run selected fresh official gate	2026-10-09T09:13:32.5101145Z SYNTHETIC_RAW 2 r3-432-fast3 {"kind": "meta", "schema_version": 4, "started_at_unix": 1791537211.9468527, "corpus": "synthetic-transfer", "corpus_dir": "/home/runner/work/_temp/round4-receipts/research-synthetic/synthetic-transfer", "os": "linux", "arch": "x86_64", "rustc_version": "rustc 1.100.0-nightly (8fa1c96cf 2026-08-17)", "cpu_model": "AMD EPYC 9V74 80-Core Processor", "cpu_governor": null, "warmup_rounds": 1, "measured_rounds": 11, "speed_floor": null, "methods": {"incumbent": {"external": false, "crate_dir": "/home/runner/work/_temp/deflate-upstream/data/bench-workspace/20261009T091326Z-c8f76e0a-tlzy9chu/incumbent", "source_sha256": "b9e0d844baf5958cf0c1c66bfb9fd1f89663fa30f21a99c3c116b3dd2e771361", "lib_sha256": "141f58ceb5d68fdd9fef84fc9da46540dfd34174de8533d923ef187ae09ec57b"}, "r3-432-fast3": {"external": false, "crate_dir": "/home/runner/work/_temp/deflate-upstream/data/bench-workspace/20261009T091326Z-c8f76e0a-tlzy9chu/r3-432-fast3", "source_sha256": "bae8014121e4710f4a34ce63452578b4bf69121b4f695e1b1356780a019108ef", "lib_sha256": "e3c97b3aef581e8e4a6e0f848cdd79427cdc9aa441d32c3110b73cc0508d3566"}}, "benchmark_provenance": {"version": 1, "engine_sha256": "ab202460691492f48d5c632375f5df2a74fc3769a81337e876607e9326a46fac", "template_sha256": "584b01793667c5257da4e76da919fbb3bb73c72fa434866622fe3905884d33f0", "host_sha256": "2b32344a74bca6b42edebf4f499412873c9bc3de9561a681587513913177b357", "cpus": "0", "process_affinity": [0, 1, 2, 3], "memory_mb": 2048, "sandbox": true, "build_profile": "release", "external_references": false}}
tradeoff-c	Run selected fresh official gate	2026-10-09T09:13:32.5112510Z SYNTHETIC_RAW 2 r3-432-fast3 {"kind": "file", "corpus": "synthetic-transfer", "file": "multilingual.txt", "raw_bytes": 163270, "sha256": "bdd257c8c2afbd9c418ec8954e0ca3f2cedbfa5a622e9b2d5255f35647f1aecc", "methods": {"incumbent": {"external": false, "output_bytes": 9206, "output_sha256": "dd1312ec4702740b4331fb5195ee7cf1f8f1e4ebb52c5bad2ee9ac46eb142e05", "tokens": 4618, "tokens_sha256": "a6e0f107a4d317d16a1a0fe1f14d8a05d25385b4de7fa5b1409ef0de972f3b25", "deterministic": true, "encode_s": 0.000384551, "errors": [], "reps": [{"phase": "warmup", "order_index": 1, "time_s": 0.001986983, "encode_s": 0.000384551, "total_s": 0.002371534}, {"phase": "measured", "order_index": 3, "time_s": 0.001863187, "encode_s": 0.000299402, "total_s": 0.002162589}, {"phase": "measured", "order_index": 5, "time_s": 0.001860662, "encode_s": 0.000292823, "total_s": 0.002153485}, {"phase": "measured", "order_index": 7, "time_s": 0.001861814, "encode_s": 0.000294976, "total_s": 0.00215679}, {"phase": "measured", "order_index": 9, "time_s": 0.001867403, "encode_s": 0.000303879, "total_s": 0.002171282}, {"phase": "measured", "order_index": 11, "time_s": 0.001849014, "encode_s": 0.000295166, "total_s": 0.00214418}, {"phase": "measured", "order_index": 13, "time_s": 0.001847963, "encode_s": 0.000312412, "total_s": 0.002160375}, {"phase": "measured", "order_index": 15, "time_s": 0.001848003, "encode_s": 0.000293814, "total_s": 0.002141817}, {"phase": "measured", "order_index": 17, "time_s": 0.001859861, "encode_s": 0.000292652, "total_s": 0.002152513}, {"phase": "measured", "order_index": 19, "time_s": 0.001852741, "encode_s": 0.000297029, "total_s": 0.00214977}, {"phase": "measured", "order_index": 21, "time_s": 0.001848905, "encode_s": 0.000293904, "total_s": 0.002142809}, {"phase": "measured", "order_index": 23, "time_s": 0.001850276, "encode_s": 0.00030411, "total_s": 0.0021543860000000003}]}, "r3-432-fast3": {"external": false, "output_bytes": 9684, "output_sha256": "a284573a2c433c69dbc0ce64c42cca6e59fe1f88b9f332af6236cb76a4cc5a89", "tokens": 5264, "tokens_sha256": "b76b372c9f2aeef288bc0b1429aeb3b3fe62fc4697f91a59072a22280df3b1fc", "deterministic": true, "encode_s": 0.000294695, "errors": [], "reps": [{"phase": "warmup", "order_index": 2, "time_s": 7.878e-05, "encode_s": 0.000294695, "total_s": 0.00037347499999999996}, {"phase": "measured", "order_index": 4, "time_s": 7.6736e-05, "encode_s": 0.000286623, "total_s": 0.000363359}, {"phase": "measured", "order_index": 6, "time_s": 9.5624e-05, "encode_s": 0.000321155, "total_s": 0.000416779}, {"phase": "measured", "order_index": 8, "time_s": 7.7027e-05, "encode_s": 0.000287785, "total_s": 0.000364812}, {"phase": "measured", "order_index": 10, "time_s": 7.6686e-05, "encode_s": 0.00029096, "total_s": 0.000367646}, {"phase": "measured", "order_index": 12, "time_s": 7.7237e-05, "encode_s": 0.000296678, "total_s": 0.000373915}, {"phase": "measured", "order_index": 14, "time_s": 7.6465e-05, "encode_s": 0.000288396, "total_s": 0.000364861}, {"phase": "measured", "order_index": 16, "time_s": 7.6586e-05, "encode_s": 0.000295948, "total_s": 0.000372534}, {"phase": "measured", "order_index": 18, "time_s": 7.6696e-05, "encode_s": 0.000287344, "total_s": 0.00036404}, {"phase": "measured", "order_index": 20, "time_s": 7.6415e-05, "encode_s": 0.000287986, "total_s": 0.000364401}, {"phase": "measured", "order_index": 22, "time_s": 7.6275e-05, "encode_s": 0.000289898, "total_s": 0.000366173}, {"phase": "measured", "order_index": 24, "time_s": 7.6826e-05, "encode_s": 0.00029068, "total_s": 0.000367506}]}}}
tradeoff-c	Run selected fresh official gate	2026-10-09T09:13:32.5127751Z SYNTHETIC_RAW 2 r3-432-fast3 {"kind": "file", "corpus": "synthetic-transfer", "file": "random.bin", "raw_bytes": 131101, "sha256": "22c862f2c2c5fd5a072e9f74b5a056aacb9025228d040addb56dcd9bec4c09d3", "methods": {"incumbent": {"external": false, "output_bytes": 131445, "output_sha256": "deebb4fe887edb814c65fc8f8d20b733d4a395d0e32399c3c25af9b591d8dc2d", "tokens": 130620, "tokens_sha256": "5330a4dbafd88f2b8356a1db487249115b5a636a9e2bab5cf05094461ba5cbc3", "deterministic": true, "encode_s": 0.005235172, "errors": [], "reps": [{"phase": "warmup", "order_index": 25, "time_s": 0.001905249, "encode_s": 0.005235172, "total_s": 0.007140420999999999}, {"phase": "measured", "order_index": 27, "time_s": 0.001905891, "encode_s": 0.005044916, "total_s": 0.006950807}, {"phase": "measured", "order_index": 29, "time_s": 0.001910227, "encode_s": 0.00500817, "total_s": 0.006918397}, {"phase": "measured", "order_index": 31, "time_s": 0.001911429, "encode_s": 0.004934619, "total_s": 0.006846048}, {"phase": "measured", "order_index": 33, "time_s": 0.0019121, "encode_s": 0.004959196, "total_s": 0.006871296}, {"phase": "measured", "order_index": 35, "time_s": 0.001913873, "encode_s": 0.004936892, "total_s": 0.006850765}, {"phase": "measured", "order_index": 37, "time_s": 0.001906702, "encode_s": 0.004965134, "total_s": 0.006871836}, {"phase": "measured", "order_index": 39, "time_s": 0.001907533, "encode_s": 0.00492859, "total_s": 0.006836123}, {"phase": "measured", "order_index": 41, "time_s": 0.001902665, "encode_s": 0.00506825, "total_s": 0.006970914999999999}, {"phase": "measured", "order_index": 43, "time_s": 0.001886431, "encode_s": 0.005058776, "total_s": 0.006945207}, {"phase": "measured", "order_index": 45, "time_s": 0.001909887, "encode_s": 0.004957824, "total_s": 0.006867711}, {"phase": "measured", "order_index": 47, "time_s": 0.001909256, "encode_s": 0.004970703, "total_s": 0.006879959}]}, "r3-432-fast3": {"external": false, "output_bytes": 131144, "output_sha256": "52b5974219d121f00e342319360c4c8bcac7ff2eda0365aa245dfe321fd4613b", "tokens": 131101, "tokens_sha256": "861ef26a6d151afca1053cb702d3d74a8e4ef1beae1928ecd65b6e1995a7cb99", "deterministic": true, "encode_s": 0.004776339, "errors": [], "reps": [{"phase": "warmup", "order_index": 26, "time_s": 2.3846e-05, "encode_s": 0.004776339, "total_s": 0.004800185}, {"phase": "measured", "order_index": 28, "time_s": 2.2765e-05, "encode_s": 0.004776049, "total_s": 0.004798814}, {"phase": "measured", "order_index": 30, "time_s": 2.3395e-05, "encode_s": 0.004733655, "total_s": 0.00475705}, {"phase": "measured", "order_index": 32, "time_s": 2.3406e-05, "encode_s": 0.004737801, "total_s": 0.004761207}, {"phase": "measured", "order_index": 34, "time_s": 2.3225e-05, "encode_s": 0.004736589, "total_s": 0.004759814}, {"phase": "measured", "order_index": 36, "time_s": 2.2954e-05, "encode_s": 0.004693605, "total_s": 0.004716559}, {"phase": "measured", "order_index": 38, "time_s": 2.4076e-05, "encode_s": 0.004736629, "total_s": 0.004760705}, {"phase": "measured", "order_index": 40, "time_s": 2.3115e-05, "encode_s": 0.004699343, "total_s": 0.004722458}, {"phase": "measured", "order_index": 42, "time_s": 2.3906e-05, "encode_s": 0.004737261, "total_s": 0.004761167}, {"phase": "measured", "order_index": 44, "time_s": 2.4137e-05, "encode_s": 0.00395659, "total_s": 0.003980727}, {"phase": "measured", "order_index": 46, "time_s": 2.3897e-05, "encode_s": 0.004716338, "total_s": 0.004740235}, {"phase": "measured", "order_index": 48, "time_s": 2.3215e-05, "encode_s": 0.004735718, "total_s": 0.004758933}]}}}
tradeoff-c	Run selected fresh official gate	2026-10-09T09:13:32.5143177Z SYNTHETIC_RAW 2 r3-432-fast3 {"kind": "file", "corpus": "synthetic-transfer", "file": "short-log.txt", "raw_bytes": 32505, "sha256": "23ef9a1b24b2cfcd1c73f1ff1a71ab017cbcf921409f96f8839c74819d3c0b82", "methods": {"incumbent": {"external": false, "output_bytes": 4871, "output_sha256": "b801c58b86a433392a15971de32130be788d25cd6f3a91a1abda0f0a909dac25", "tokens": 3017, "tokens_sha256": "fcd4ea723eb6d0e399dc5c1cf6825e8d767f6fc45a05600bb177054b19e7eaec", "deterministic": true, "encode_s": 0.000228425, "errors": [], "reps": [{"phase": "warmup", "order_index": 49, "time_s": 0.000881953, "encode_s": 0.000228425, "total_s": 0.001110378}, {"phase": "measured", "order_index": 51, "time_s": 0.000884037, "encode_s": 0.000220683, "total_s": 0.00110472}, {"phase": "measured", "order_index": 53, "time_s": 0.000879499, "encode_s": 0.000216708, "total_s": 0.0010962069999999999}, {"phase": "measured", "order_index": 55, "time_s": 0.000882244, "encode_s": 0.00021193, "total_s": 0.001094174}, {"phase": "measured", "order_index": 57, "time_s": 0.000878518, "encode_s": 0.000209016, "total_s": 0.001087534}, {"phase": "measured", "order_index": 59, "time_s": 0.000891197, "encode_s": 0.000207694, "total_s": 0.001098891}, {"phase": "measured", "order_index": 61, "time_s": 0.000884747, "encode_s": 0.000213203, "total_s": 0.0010979499999999999}, {"phase": "measured", "order_index": 63, "time_s": 0.000885369, "encode_s": 0.000210818, "total_s": 0.001096187}, {"phase": "measured", "order_index": 65, "time_s": 0.000879179, "encode_s": 0.000220363, "total_s": 0.001099542}, {"phase": "measured", "order_index": 67, "time_s": 0.000892509, "encode_s": 0.000207734, "total_s": 0.0011002429999999999}, {"phase": "measured", "order_index": 69, "time_s": 0.000885548, "encode_s": 0.000213814, "total_s": 0.001099362}, {"phase": "measured", "order_index": 71, "time_s": 0.000887362, "encode_s": 0.000207403, "total_s": 0.0010947650000000001}]}, "r3-432-fast3": {"external": false, "output_bytes": 8277, "output_sha256": "44efccadf8af77a0163a4d6740f486246dd4c10770eb34fe7972bafa6c805687", "tokens": 12200, "tokens_sha256": "891ba096a1bfc6ebae0e33da360e53f6233e820044e96dd5cab5ca945671f382", "deterministic": true, "encode_s": 0.000241615, "errors": [], "reps": [{"phase": "warmup", "order_index": 50, "time_s": 7.0116e-05, "encode_s": 0.000241615, "total_s": 0.000311731}, {"phase": "measured", "order_index": 52, "time_s": 6.8463e-05, "encode_s": 0.000233282, "total_s": 0.00030174499999999996}, {"phase": "measured", "order_index": 54, "time_s": 6.609e-05, "encode_s": 0.000229998, "total_s": 0.000296088}, {"phase": "measured", "order_index": 56, "time_s": 6.614e-05, "encode_s": 0.000241015, "total_s": 0.000307155}, {"phase": "measured", "order_index": 58, "time_s": 6.5729e-05, "encode_s": 0.000230138, "total_s": 0.000295867}, {"phase": "measured", "order_index": 60, "time_s": 6.4388e-05, "encode_s": 0.000243087, "total_s": 0.000307475}, {"phase": "measured", "order_index": 62, "time_s": 6.5729e-05, "encode_s": 0.00023147, "total_s": 0.000297199}, {"phase": "measured", "order_index": 64, "time_s": 6.5098e-05, "encode_s": 0.00023823, "total_s": 0.000303328}, {"phase": "measured", "order_index": 66, "time_s": 6.4748e-05, "encode_s": 0.000227854, "total_s": 0.000292602}, {"phase": "measured", "order_index": 68, "time_s": 6.3977e-05, "encode_s": 0.000227884, "total_s": 0.00029186100000000003}, {"phase": "measured", "order_index": 70, "time_s": 6.4277e-05, "encode_s": 0.000228786, "total_s": 0.000293063}, {"phase": "measured", "order_index": 72, "time_s": 6.3736e-05, "encode_s": 0.000228295, "total_s": 0.000292031}]}}}
tradeoff-c	Run selected fresh official gate	2026-10-09T09:13:32.5158687Z SYNTHETIC_RAW 2 r3-432-fast3 {"kind": "file", "corpus": "synthetic-transfer", "file": "source-like.txt", "raw_bytes": 220484, "sha256": "326efe91d7d1e5a11bee87388ef45c7551b1b541f17a1749d7cd5cd53c25ab66", "methods": {"incumbent": {"external": false, "output_bytes": 16650, "output_sha256": "a459035fe1f2d45221381fefc1bad509a69c3effb5a67ee57a00384072a446f5", "tokens": 7890, "tokens_sha256": "cf67564e32e855eac2759e9b433da56b133fd538e426d3f122c000aa5d009805", "deterministic": true, "encode_s": 0.000288636, "errors": [], "reps": [{"phase": "warmup", "order_index": 73, "time_s": 0.003825693, "encode_s": 0.000288636, "total_s": 0.004114329}, {"phase": "measured", "order_index": 75, "time_s": 0.003806293, "encode_s": 0.000286463, "total_s": 0.004092756}, {"phase": "measured", "order_index": 77, "time_s": 0.003825653, "encode_s": 0.000280825, "total_s": 0.004106478}, {"phase": "measured", "order_index": 79, "time_s": 0.003804721, "encode_s": 0.000288967, "total_s": 0.004093688}, {"phase": "measured", "order_index": 81, "time_s": 0.003815938, "encode_s": 0.00027802, "total_s": 0.004093958}, {"phase": "measured", "order_index": 83, "time_s": 0.003808386, "encode_s": 0.000279072, "total_s": 0.004087458}, {"phase": "measured", "order_index": 85, "time_s": 0.003803579, "encode_s": 0.00028439, "total_s": 0.004087969}, {"phase": "measured", "order_index": 87, "time_s": 0.003812593, "encode_s": 0.000276879, "total_s": 0.004089472}, {"phase": "measured", "order_index": 89, "time_s": 0.003816969, "encode_s": 0.000278651, "total_s": 0.0040956199999999995}, {"phase": "measured", "order_index": 91, "time_s": 0.003820604, "encode_s": 0.000280494, "total_s": 0.004101098}, {"phase": "measured", "order_index": 93, "time_s": 0.003807865, "encode_s": 0.000287836, "total_s": 0.004095701}, {"phase": "measured", "order_index": 95, "time_s": 0.003814966, "encode_s": 0.000279092, "total_s": 0.004094058}]}, "r3-432-fast3": {"external": false, "output_bytes": 18393, "output_sha256": "735b68c4a5747696b4ebf6c0135116a705a15f24a8c0f6be52ce706276dd0986", "tokens": 12013, "tokens_sha256": "29f01c38ee319caf136f8241dc558b245fce41198010ea49e228211ed3642be9", "deterministic": true, "encode_s": 0.000331611, "errors": [], "reps": [{"phase": "warmup", "order_index": 74, "time_s": 0.000215005, "encode_s": 0.000331611, "total_s": 0.000546616}, {"phase": "measured", "order_index": 76, "time_s": 0.000213122, "encode_s": 0.000339964, "total_s": 0.0005530859999999999}, {"phase": "measured", "order_index": 78, "time_s": 0.000210307, "encode_s": 0.000316098, "total_s": 0.000526405}, {"phase": "measured", "order_index": 80, "time_s": 0.000209496, "encode_s": 0.000310029, "total_s": 0.0005195250000000001}, {"phase": "measured", "order_index": 82, "time_s": 0.000218641, "encode_s": 0.000313183, "total_s": 0.000531824}, {"phase": "measured", "order_index": 84, "time_s": 0.000210398, "encode_s": 0.000320624, "total_s": 0.0005310219999999999}, {"phase": "measured", "order_index": 86, "time_s": 0.000212201, "encode_s": 0.000305982, "total_s": 0.000518183}, {"phase": "measured", "order_index": 88, "time_s": 0.000239272, "encode_s": 0.000313734, "total_s": 0.000553006}, {"phase": "measured", "order_index": 90, "time_s": 0.000209306, "encode_s": 0.000332633, "total_s": 0.000541939}, {"phase": "measured", "order_index": 92, "time_s": 0.000212942, "encode_s": 0.000312382, "total_s": 0.000525324}, {"phase": "measured", "order_index": 94, "time_s": 0.000209086, "encode_s": 0.000309879, "total_s": 0.000518965}, {"phase": "measured", "order_index": 96, "time_s": 0.00021142, "encode_s": 0.000318381, "total_s": 0.000529801}]}}}
tradeoff-c	Run selected fresh official gate	2026-10-09T09:13:32.5173730Z SYNTHETIC_RAW 2 r3-432-fast3 {"kind": "file", "corpus": "synthetic-transfer", "file": "sparse.bin", "raw_bytes": 53803, "sha256": "c51b774d8aadb5b636c1463ff5a9df4fe6c326330101df1daf2e4745b07678d3", "methods": {"incumbent": {"external": false, "output_bytes": 1798, "output_sha256": "64a1ff1bc414863ad88544207256d2d9a5ba187a3a5dc2ad6425dd07405c2e2c", "tokens": 1263, "tokens_sha256": "fae120ea72c3aae525d182eab79475dc599c31ea79ce1f32050a110b01939d24", "deterministic": true, "encode_s": 0.000470672, "errors": [], "reps": [{"phase": "warmup", "order_index": 97, "time_s": 0.001013772, "encode_s": 0.000470672, "total_s": 0.0014844440000000001}, {"phase": "measured", "order_index": 99, "time_s": 0.001007543, "encode_s": 0.000460867, "total_s": 0.00146841}, {"phase": "measured", "order_index": 101, "time_s": 0.001008174, "encode_s": 0.000452775, "total_s": 0.001460949}, {"phase": "measured", "order_index": 103, "time_s": 0.001003136, "encode_s": 0.000451693, "total_s": 0.001454829}, {"phase": "measured", "order_index": 105, "time_s": 0.001009265, "encode_s": 0.000453425, "total_s": 0.00146269}, {"phase": "measured", "order_index": 107, "time_s": 0.000996456, "encode_s": 0.000452644, "total_s": 0.0014491}, {"phase": "measured", "order_index": 109, "time_s": 0.001046081, "encode_s": 0.000461688, "total_s": 0.001507769}, {"phase": "measured", "order_index": 111, "time_s": 0.000998689, "encode_s": 0.000453065, "total_s": 0.001451754}, {"phase": "measured", "order_index": 113, "time_s": 0.000997167, "encode_s": 0.000441978, "total_s": 0.001439145}, {"phase": "measured", "order_index": 115, "time_s": 0.001007603, "encode_s": 0.000440165, "total_s": 0.0014477679999999999}, {"phase": "measured", "order_index": 117, "time_s": 0.000997047, "encode_s": 0.000446124, "total_s": 0.001443171}, {"phase": "measured", "order_index": 119, "time_s": 0.000997488, "encode_s": 0.00044343, "total_s": 0.0014409179999999998}]}, "r3-432-fast3": {"external": false, "output_bytes": 2134, "output_sha256": "8acb9c34ad5e88c0e527f0a3911b99bfac744f4625124fc678d7cdbab669c714", "tokens": 3795, "tokens_sha256": "db99e2e413bed52a91e27df8b345bd15b546f6855c8d934b12febe253691eb65", "deterministic": true, "encode_s": 0.000455249, "errors": [], "reps": [{"phase": "warmup", "order_index": 98, "time_s": 1.6444e-05, "encode_s": 0.000455249, "total_s": 0.000471693}, {"phase": "measured", "order_index": 100, "time_s": 1.5764e-05, "encode_s": 0.000451763, "total_s": 0.00046752699999999997}, {"phase": "measured", "order_index": 102, "time_s": 1.5674e-05, "encode_s": 0.0004503, "total_s": 0.00046597399999999997}, {"phase": "measured", "order_index": 104, "time_s": 1.5914e-05, "encode_s": 0.000448017, "total_s": 0.000463931}, {"phase": "measured", "order_index": 106, "time_s": 1.5554e-05, "encode_s": 0.000447096, "total_s": 0.00046265}, {"phase": "measured", "order_index": 108, "time_s": 1.5523e-05, "encode_s": 0.000449028, "total_s": 0.000464551}, {"phase": "measured", "order_index": 110, "time_s": 1.5844e-05, "encode_s": 0.000451022, "total_s": 0.00046686599999999997}, {"phase": "measured", "order_index": 112, "time_s": 1.5463e-05, "encode_s": 0.000452014, "total_s": 0.000467477}, {"phase": "measured", "order_index": 114, "time_s": 1.5553e-05, "encode_s": 0.000454758, "total_s": 0.000470311}, {"phase": "measured", "order_index": 116, "time_s": 1.5393e-05, "encode_s": 0.000457121, "total_s": 0.000472514}, {"phase": "measured", "order_index": 118, "time_s": 1.5473e-05, "encode_s": 0.000459415, "total_s": 0.000474888}, {"phase": "measured", "order_index": 120, "time_s": 1.5514e-05, "encode_s": 0.000459064, "total_s": 0.000474578}]}}}
tradeoff-c	Run selected fresh official gate	2026-10-09T09:13:32.5188757Z SYNTHETIC_RAW 2 r3-432-fast3 {"kind": "file", "corpus": "synthetic-transfer", "file": "table.csv", "raw_bytes": 193765, "sha256": "e773c09c5e5d585dc64330f220ca47963de24c1be3297a8161e89fca34b98a85", "methods": {"incumbent": {"external": false, "output_bytes": 65436, "output_sha256": "dcb53081688a36dad21b849906f65e985a744ef8864e9324768f44dbb485a3fc", "tokens": 39085, "tokens_sha256": "93d50fc8a84ae35d4a248c3fc06f3632d2da32348cd6896ad6f9f43ea9515f65", "deterministic": true, "encode_s": 0.001679788, "errors": [], "reps": [{"phase": "warmup", "order_index": 121, "time_s": 0.010961498, "encode_s": 0.001679788, "total_s": 0.012641286}, {"phase": "measured", "order_index": 123, "time_s": 0.010622967, "encode_s": 0.001385234, "total_s": 0.012008201}, {"phase": "measured", "order_index": 125, "time_s": 0.010610918, "encode_s": 0.001374377, "total_s": 0.011985295}, {"phase": "measured", "order_index": 127, "time_s": 0.010651489, "encode_s": 0.001410982, "total_s": 0.012062471}, {"phase": "measured", "order_index": 129, "time_s": 0.010602395, "encode_s": 0.00138253, "total_s": 0.011984925}, {"phase": "measured", "order_index": 131, "time_s": 0.010660012, "encode_s": 0.001374868, "total_s": 0.01203488}, {"phase": "measured", "order_index": 133, "time_s": 0.010625851, "encode_s": 0.001383281, "total_s": 0.012009132}, {"phase": "measured", "order_index": 135, "time_s": 0.011956953, "encode_s": 0.001384623, "total_s": 0.013341575999999999}, {"phase": "measured", "order_index": 137, "time_s": 0.010628235, "encode_s": 0.001385424, "total_s": 0.012013659}, {"phase": "measured", "order_index": 139, "time_s": 0.010620543, "encode_s": 0.001408098, "total_s": 0.012028641}, {"phase": "measured", "order_index": 141, "time_s": 0.010614934, "encode_s": 0.001383391, "total_s": 0.011998324999999999}, {"phase": "measured", "order_index": 143, "time_s": 0.010662927, "encode_s": 0.001379575, "total_s": 0.012042502}]}, "r3-432-fast3": {"external": false, "output_bytes": 66603, "output_sha256": "74aa82188e366b316c292a5804da3107ff83ff4f70e4441f20000f4fd72be71c", "tokens": 46913, "tokens_sha256": "4ac0c77b41058b22eb906f5a2b614520508f3faddd2681b64e6aea3cfb703c64", "deterministic": true, "encode_s": 0.00173362, "errors": [], "reps": [{"phase": "warmup", "order_index": 122, "time_s": 0.00078691, "encode_s": 0.00173362, "total_s": 0.00252053}, {"phase": "measured", "order_index": 124, "time_s": 0.000779518, "encode_s": 0.001649152, "total_s": 0.00242867}, {"phase": "measured", "order_index": 126, "time_s": 0.000785697, "encode_s": 0.001643043, "total_s": 0.00242874}, {"phase": "measured", "order_index": 128, "time_s": 0.000790375, "encode_s": 0.00164089, "total_s": 0.002431265}, {"phase": "measured", "order_index": 130, "time_s": 0.00078082, "encode_s": 0.001637345, "total_s": 0.002418165}, {"phase": "measured", "order_index": 132, "time_s": 0.00077384, "encode_s": 0.001643965, "total_s": 0.0024178050000000003}, {"phase": "measured", "order_index": 134, "time_s": 0.000812899, "encode_s": 0.002303762, "total_s": 0.0031166609999999997}, {"phase": "measured", "order_index": 136, "time_s": 0.000786028, "encode_s": 0.001638237, "total_s": 0.002424265}, {"phase": "measured", "order_index": 138, "time_s": 0.000784245, "encode_s": 0.001636394, "total_s": 0.002420639}, {"phase": "measured", "order_index": 140, "time_s": 0.00076751, "encode_s": 0.001654351, "total_s": 0.002421861}, {"phase": "measured", "order_index": 142, "time_s": 0.000778056, "encode_s": 0.001659889, "total_s": 0.002437945}, {"phase": "measured", "order_index": 144, "time_s": 0.000784586, "encode_s": 0.001650424, "total_s": 0.00243501}]}}}
tradeoff-c	Run selected fresh official gate	2026-10-09T09:13:32.5203746Z SYNTHETIC_RAW 2 r3-432-fast3 {"kind": "file", "corpus": "synthetic-transfer", "file": "tiny-structured.txt", "raw_bytes": 15588, "sha256": "2b4701704019445efcca8272c668d8015913d54616281baf813d477623dfcdd3", "methods": {"incumbent": {"external": false, "output_bytes": 1492, "output_sha256": "f35f34fe896e5ec7c7a15e89fe5bd6eb74d866642044e5d5df10ea85bcdc674f", "tokens": 1083, "tokens_sha256": "0fa05be94e7e54cd3cede626db4ec06f61e270d22e2f35d810b14ec5a00d6dde", "deterministic": true, "encode_s": 0.000155215, "errors": [], "reps": [{"phase": "warmup", "order_index": 145, "time_s": 0.000215696, "encode_s": 0.000155215, "total_s": 0.00037091100000000003}, {"phase": "measured", "order_index": 147, "time_s": 0.000207664, "encode_s": 0.000147432, "total_s": 0.000355096}, {"phase": "measured", "order_index": 149, "time_s": 0.00020527, "encode_s": 0.00015187, "total_s": 0.00035714}, {"phase": "measured", "order_index": 151, "time_s": 0.000217008, "encode_s": 0.000136687, "total_s": 0.000353695}, {"phase": "measured", "order_index": 153, "time_s": 0.000213102, "encode_s": 0.000143276, "total_s": 0.00035637799999999997}, {"phase": "measured", "order_index": 155, "time_s": 0.000215105, "encode_s": 0.000136357, "total_s": 0.000351462}, {"phase": "measured", "order_index": 157, "time_s": 0.000211369, "encode_s": 0.000143607, "total_s": 0.000354976}, {"phase": "measured", "order_index": 159, "time_s": 0.000211119, "encode_s": 0.000137308, "total_s": 0.000348427}, {"phase": "measured", "order_index": 161, "time_s": 0.000210598, "encode_s": 0.000146852, "total_s": 0.00035745}, {"phase": "measured", "order_index": 163, "time_s": 0.0002113, "encode_s": 0.000135855, "total_s": 0.00034715500000000003}, {"phase": "measured", "order_index": 165, "time_s": 0.00021825, "encode_s": 0.00013928, "total_s": 0.00035753}, {"phase": "measured", "order_index": 167, "time_s": 0.000210738, "encode_s": 0.000134894, "total_s": 0.000345632}]}, "r3-432-fast3": {"external": false, "output_bytes": 2299, "output_sha256": "b0b848b0cc9f13315492e78ac8ad5091e82b05ec5dd2dec88b45f99eeaae24ba", "tokens": 2612, "tokens_sha256": "2b05eebcbbecbfa25fbffd0210603157067c17e26adf721f5c2642ef3f525cd9", "deterministic": true, "encode_s": 0.00014571, "errors": [], "reps": [{"phase": "warmup", "order_index": 146, "time_s": 2.8963e-05, "encode_s": 0.00014571, "total_s": 0.00017467300000000003}, {"phase": "measured", "order_index": 148, "time_s": 2.6891e-05, "encode_s": 0.000124919, "total_s": 0.00015181}, {"phase": "measured", "order_index": 150, "time_s": 2.5719e-05, "encode_s": 0.000120102, "total_s": 0.000145821}, {"phase": "measured", "order_index": 152, "time_s": 2.4837e-05, "encode_s": 0.00011924, "total_s": 0.000144077}, {"phase": "measured", "order_index": 154, "time_s": 2.3946e-05, "encode_s": 0.000119039, "total_s": 0.000142985}, {"phase": "measured", "order_index": 156, "time_s": 2.5619e-05, "encode_s": 0.000117577, "total_s": 0.000143196}, {"phase": "measured", "order_index": 158, "time_s": 2.4678e-05, "encode_s": 0.000116326, "total_s": 0.000141004}, {"phase": "measured", "order_index": 160, "time_s": 2.5098e-05, "encode_s": 0.00011905, "total_s": 0.000144148}, {"phase": "measured", "order_index": 162, "time_s": 2.4517e-05, "encode_s": 0.000119751, "total_s": 0.000144268}, {"phase": "measured", "order_index": 164, "time_s": 2.4086e-05, "encode_s": 0.000118509, "total_s": 0.000142595}, {"phase": "measured", "order_index": 166, "time_s": 2.5338e-05, "encode_s": 0.000121504, "total_s": 0.000146842}, {"phase": "measured", "order_index": 168, "time_s": 2.4737e-05, "encode_s": 0.000117678, "total_s": 0.00014241499999999998}]}}}
tradeoff-c	Run selected fresh official gate	2026-10-09T09:13:32.5219108Z SYNTHETIC_RAW 2 r3-432-fast3 {"kind": "file", "corpus": "synthetic-transfer", "file": "window-boundary.bin", "raw_bytes": 73735, "sha256": "3d5e223fd8ced74430c5b87ebbbe4ff9c9782c6902f9b137538dddc79f087dcc", "methods": {"incumbent": {"external": false, "output_bytes": 73933, "output_sha256": "5e456557d23dbd5249a36f224b7449a9d53075a00273d27d8ee8f397eeafb978", "tokens": 73559, "tokens_sha256": "35dd083034d7d329eefea50f23c8b2117879da70eb37280242ffd804c83eaf3b", "deterministic": true, "encode_s": 0.003051753, "errors": [], "reps": [{"phase": "warmup", "order_index": 169, "time_s": 0.000917697, "encode_s": 0.003051753, "total_s": 0.00396945}, {"phase": "measured", "order_index": 171, "time_s": 0.000949014, "encode_s": 0.002978642, "total_s": 0.003927656}, {"phase": "measured", "order_index": 173, "time_s": 0.000915333, "encode_s": 0.002974807, "total_s": 0.00389014}, {"phase": "measured", "order_index": 175, "time_s": 0.000920481, "encode_s": 0.002992333, "total_s": 0.003912814}, {"phase": "measured", "order_index": 177, "time_s": 0.000916726, "encode_s": 0.002969218, "total_s": 0.003885944}, {"phase": "measured", "order_index": 179, "time_s": 0.000917206, "encode_s": 0.002979173, "total_s": 0.0038963789999999997}, {"phase": "measured", "order_index": 181, "time_s": 0.000913, "encode_s": 0.002975948, "total_s": 0.0038889479999999997}, {"phase": "measured", "order_index": 183, "time_s": 0.000917186, "encode_s": 0.002980345, "total_s": 0.003897531}, {"phase": "measured", "order_index": 185, "time_s": 0.000916536, "encode_s": 0.002972353, "total_s": 0.003888889}, {"phase": "measured", "order_index": 187, "time_s": 0.000920511, "encode_s": 0.002975217, "total_s": 0.003895728}, {"phase": "measured", "order_index": 189, "time_s": 0.000920852, "encode_s": 0.00323513, "total_s": 0.004155982}, {"phase": "measured", "order_index": 191, "time_s": 0.000920151, "encode_s": 0.00297702, "total_s": 0.003897171}]}, "r3-432-fast3": {"external": false, "output_bytes": 73760, "output_sha256": "7fc0f619879f4fb08483c528b61a18725bafcbfbce8f257146ac4741ba95851b", "tokens": 73735, "tokens_sha256": "8a3f0d4d337189d036871ced04356a9ba83426a905ea1c72d81f57b9d8549140", "deterministic": true, "encode_s": 0.002462692, "errors": [], "reps": [{"phase": "warmup", "order_index": 170, "time_s": 1.7687e-05, "encode_s": 0.002462692, "total_s": 0.002480379}, {"phase": "measured", "order_index": 172, "time_s": 1.7166e-05, "encode_s": 0.002449562, "total_s": 0.002466728}, {"phase": "measured", "order_index": 174, "time_s": 1.7256e-05, "encode_s": 0.002450143, "total_s": 0.0024673990000000003}, {"phase": "measured", "order_index": 176, "time_s": 1.6595e-05, "encode_s": 0.002456833, "total_s": 0.0024734279999999997}, {"phase": "measured", "order_index": 178, "time_s": 1.7186e-05, "encode_s": 0.002433789, "total_s": 0.002450975}, {"phase": "measured", "order_index": 180, "time_s": 1.6785e-05, "encode_s": 0.002437575, "total_s": 0.00245436}, {"phase": "measured", "order_index": 182, "time_s": 1.6986e-05, "encode_s": 0.002433408, "total_s": 0.0024503940000000003}, {"phase": "measured", "order_index": 184, "time_s": 1.6735e-05, "encode_s": 0.002448992, "total_s": 0.002465727}, {"phase": "measured", "order_index": 186, "time_s": 1.6775e-05, "encode_s": 0.002451946, "total_s": 0.002468721}, {"phase": "measured", "order_index": 188, "time_s": 1.6726e-05, "encode_s": 0.002458886, "total_s": 0.002475612}, {"phase": "measured", "order_index": 190, "time_s": 1.7045e-05, "encode_s": 0.002454681, "total_s": 0.0024717259999999996}, {"phase": "measured", "order_index": 192, "time_s": 1.9108e-05, "encode_s": 0.002787093, "total_s": 0.002806201}]}}}
tradeoff-c	Run selected fresh official gate	2026-10-09T09:13:32.5243166Z ROUND4_PHASE {"phase": "gate", "summary": [{"candidate": "r15-hash32-chain-depth2", "control": false, "blocks": [1, 2], "time": 0.4292780624319153, "size_pct": 36.11687097178615, "own_anchor": {"time": 0.43502599267408903, "size_pct": 36.56324510984816, "on_frontier": true, "dominating_ids": [], "conditional_geometry_weight": 0.003265055350194769, "size_gap_pp": 0}, "fixed_427": {"time": 0.43546090768139734, "size_pct": 36.370693064422305, "on_frontier": true, "dominating_ids": [], "conditional_geometry_weight": 0.02516533754592388, "size_gap_pp": 0}, "stress_1pct": {"time": 0.4397501931507392, "size_pct": 36.56324510984816, "on_frontier": false, "dominating_ids": ["481", "511", "555"], "conditional_geometry_weight": 0, "size_gap_pp": 0.048772263002547334}, "time_change_pct_vs_fast3": [-0.6269188007427928, -0.17461062684729356], "size_change_pp_vs_fast3": -0.48526813454402884, "equivalence": null}, {"candidate": "public514", "control": true, "blocks": [1, 2], "time": 0.4265573984731124, "size_pct": 36.20314548923299, "own_anchor": {"time": 0.4322682082556498, "size_pct": 36.65058590774305, "on_frontier": false, "dominating_ids": ["539"], "conditional_geometry_weight": 0, "size_gap_pp": 0.014138503906806932}, "fixed_427": {"time": 0.43270105829546635, "size_pct": 36.45757390179582, "on_frontier": true, "dominating_ids": [], "conditional_geometry_weight": 0.02271311843222927, "size_gap_pp": 0}, "stress_1pct": {"time": 0.4365908903382063, "size_pct": 36.65058590774305, "on_frontier": false, "dominating_ids": ["535", "539"], "conditional_geometry_weight": 0, "size_gap_pp": 0.07516733668117581}, "time_change_pct_vs_fast3": [-1.1727710641254552, -0.8917874202198028], "size_change_pp_vs_fast3": -0.39899361709719017, "equivalence": null}, {"candidate": "public514-shadow", "control": true, "blocks": [1, 2], "time": 0.4269673215620542, "size_pct": 36.20314548923299, "own_anchor": {"time": 0.43268568281691683, "size_pct": 36.65058590774305, "on_frontier": false, "dominating_ids": ["539"], "conditional_geometry_weight": 0, "size_gap_pp": 0.014138503906806932}, "fixed_427": {"time": 0.43311688546207927, "size_pct": 36.45757390179582, "on_frontier": true, "dominating_ids": [], "conditional_geometry_weight": 0.02152218372070571, "size_gap_pp": 0}, "stress_1pct": {"time": 0.43812139307464143, "size_pct": 36.65058590774305, "on_frontier": false, "dominating_ids": ["535", "539"], "conditional_geometry_weight": 0, "size_gap_pp": 0.07516733668117581}, "time_change_pct_vs_fast3": [-1.3283273999545098, -0.5443560057918795], "size_change_pp_vs_fast3": -0.39899361709719017, "equivalence": null}, {"candidate": "r15-hash32-chain-gain", "control": false, "blocks": [1, 2], "time": 0.42649948090414036, "size_pct": 36.2046642502339, "own_anchor": {"time": 0.4322112473552155, "size_pct": 36.65212343935211, "on_frontier": false, "dominating_ids": ["539"], "conditional_geometry_weight": 0, "size_gap_pp": 0.015676035515866715}, "fixed_427": {"time": 0.43264230654604685, "size_pct": 36.459103336343055, "on_frontier": true, "dominating_ids": [], "conditional_geometry_weight": 0.022664253653909, "size_gap_pp": 0}, "stress_1pct": {"time": 0.43746417892118894, "size_pct": 36.65212343935211, "on_frontier": false, "dominating_ids": ["535", "539"], "conditional_geometry_weight": 0, "size_gap_pp": 0.0767048682902356}, "time_change_pct_vs_fast3": [-1.3964950458513203, -0.6935467504277759], "size_change_pp_vs_fast3": -0.39747485609628086, "equivalence": null}, {"candidate": "r14-514-hash32", "control": true, "blocks": [1, 2], "time": 0.42676789384030167, "size_pct": 36.21069208341262, "own_anchor": {"time": 0.4324836106361654, "size_pct": 36.65822577147737, "on_frontier": false, "dominating_ids": ["539"], "conditional_geometry_weight": 0, "size_gap_pp": 0.02177836764112584}, "fixed_427": {"time": 0.432914585404538, "size_pct": 36.465173531918914, "on_frontier": true, "dominating_ids": [], "conditional_geometry_weight": 0.020950019654332908, "size_gap_pp": 0}, "stress_1pct": {"time": 0.4379310076898406, "size_pct": 36.65822577147737, "on_frontier": false, "dominating_ids": ["535", "539"], "conditional_geometry_weight": 0, "size_gap_pp": 0.08280720041549472}, "time_change_pct_vs_fast3": [-1.377628960013022, -0.5875743953792201], "size_change_pp_vs_fast3": -0.3914470229175606, "equivalence": null}, {"candidate": "fast-shadow", "control": true, "blocks": [1, 2], "time": 0.4301995181456224, "size_pct": 36.60213910633018, "own_anchor": {"time": 0.4370577317392459, "size_pct": 36.999728556810254, "on_frontier": false, "dominating_ids": ["535", "539"], "conditional_geometry_weight": 0, "size_gap_pp": 0.42430998574837986}, "fixed_427": {"time": 0.4363956350215412, "size_pct": 36.859371565647756, "on_frontier": false, "dominating_ids": ["535", "539"], "conditional_geometry_weight": 0, "size_gap_pp": 0.2839529945858814}, "stress_1pct": {"time": 0.44334196709557727, "size_pct": 36.999728556810254, "on_frontier": false, "dominating_ids": ["481", "511", "535", "539", "546", "555"], "conditional_geometry_weight": 0, "size_gap_pp": 0.8238550157184079}, "time_change_pct_vs_fast3": [-0.6190001559960301, 0.24641467752042345], "size_change_pp_vs_fast3": 0.0, "equivalence": null}, {"candidate": "r3-432-fast3", "control": true, "blocks": [1, 2], "time": 0.4310086085087581, "size_pct": 36.60213910633018, "own_anchor": {"time": 0.43787345819892, "size_pct": 36.999728556810254, "on_frontier": false, "dominating_ids": ["535", "539"], "conditional_geometry_weight": 0, "size_gap_pp": 0.42430998574837986}, "fixed_427": {"time": 0.4372163786251891, "size_pct": 36.859371565647756, "on_frontier": false, "dominating_ids": ["535", "539"], "conditional_geometry_weight": 0, "size_gap_pp": 0.2839529945858814}, "stress_1pct": {"time": 0.4422521927809092, "size_pct": 36.999728556810254, "on_frontier": false, "dominating_ids": ["481", "511", "535", "539", "546", "555"], "conditional_geometry_weight": 0, "size_gap_pp": 0.8238550157184079}, "time_change_pct_vs_fast3": [0.0, 0.0], "size_change_pp_vs_fast3": 0.0, "equivalence": null}, {"candidate": "probe3", "control": true, "blocks": [1, 2], "time": 0.46046524487571217, "size_pct": 35.92083771476539, "own_anchor": {"time": 0.46614327772931885, "size_pct": 36.173282125166494, "on_frontier": false, "dominating_ids": ["464", "498", "525", "528", "534", "543"], "conditional_geometry_weight": 0, "size_gap_pp": 0.47576138697611725}, "fixed_427": {"time": 0.46709727572234533, "size_pct": 36.173282125166494, "on_frontier": false, "dominating_ids": ["464", "498", "525", "528", "534", "543"], "conditional_geometry_weight": 0, "size_gap_pp": 0.47576138697611725}, "stress_1pct": {"time": 0.4708047105066121, "size_pct": 36.173282125166494, "on_frontier": false, "dominating_ids": ["464", "498", "525", "528", "534", "543"], "conditional_geometry_weight": 0, "size_gap_pp": 0.47576138697611725}, "time_change_pct_vs_fast3": [6.5323342292576525, 7.138364836703404], "size_change_pp_vs_fast3": -0.6813013915647872, "equivalence": null}, {"candidate": "public432", "control": true, "blocks": [1, 2], "time": 0.432499652856808, "size_pct": 36.52435870548103, "own_anchor": {"time": 0.4413850574969763, "size_pct": 36.91273515631194, "on_frontier": false, "dominating_ids": ["481", "511", "535", "539", "546", "555"], "conditional_geometry_weight": 0, "size_gap_pp": 0.7368616152200929}, "fixed_427": {"time": 0.4387288983228338, "size_pct": 36.781044539812044, "on_frontier": false, "dominating_ids": ["535", "539"], "conditional_geometry_weight": 0, "size_gap_pp": 0.20562596875016936}, "stress_1pct": {"time": 0.4457989080719461, "size_pct": 36.91273515631194, "on_frontier": false, "dominating_ids": ["481", "511", "535", "539", "543", "546", "555"], "conditional_geometry_weight": 0, "size_gap_pp": 0.8773504757643167}, "time_change_pct_vs_fast3": [-0.04347353925773234, 0.7379375096432161], "size_change_pp_vs_fast3": -0.07778040084915006, "equivalence": null}], "gates": {}, "failures": []}
tradeoff-c	Publish final evidence without toolchains or binaries	﻿2026-10-09T09:13:32.5349022Z ##[group]Run actions/upload-artifact@ea165f8d65b6e75b540449e92b4886f43607fa02
tradeoff-c	Publish final evidence without toolchains or binaries	2026-10-09T09:13:32.5349371Z with:
tradeoff-c	Publish final evidence without toolchains or binaries	2026-10-09T09:13:32.5349563Z   name: r15-37908457858-tradeoff-c-gate
tradeoff-c	Publish final evidence without toolchains or binaries	2026-10-09T09:13:32.5349833Z   path: /home/runner/work/_temp/round4-receipts/
tradeoff-c	Publish final evidence without toolchains or binaries	2026-10-09T09:13:32.5350105Z   retention-days: 1
tradeoff-c	Publish final evidence without toolchains or binaries	2026-10-09T09:13:32.5350304Z   compression-level: 9
tradeoff-c	Publish final evidence without toolchains or binaries	2026-10-09T09:13:32.5350514Z   if-no-files-found: ignore
tradeoff-c	Publish final evidence without toolchains or binaries	2026-10-09T09:13:32.5350723Z   overwrite: false
tradeoff-c	Publish final evidence without toolchains or binaries	2026-10-09T09:13:32.5350918Z   include-hidden-files: false
tradeoff-c	Publish final evidence without toolchains or binaries	2026-10-09T09:13:32.5351134Z env:
tradeoff-c	Publish final evidence without toolchains or binaries	2026-10-09T09:13:32.5351311Z   ROUND4_SPEC: tradeoff-c
tradeoff-c	Publish final evidence without toolchains or binaries	2026-10-09T09:13:32.5351525Z   ROUND4_SPEC_DIR: evidence/round15
tradeoff-c	Publish final evidence without toolchains or binaries	2026-10-09T09:13:32.5351801Z   DEFLATE_ROOT: /home/runner/work/_temp/deflate-upstream
tradeoff-c	Publish final evidence without toolchains or binaries	2026-10-09T09:13:32.5352150Z   ELAN_HOME: /home/runner/work/_temp/deflate-upstream/validator/.work/elan
tradeoff-c	Publish final evidence without toolchains or binaries	2026-10-09T09:13:32.5352512Z   XDG_CACHE_HOME: /home/runner/work/_temp/deflate-cache
tradeoff-c	Publish final evidence without toolchains or binaries	2026-10-09T09:13:32.5352810Z   UV_CACHE_DIR: /home/runner/work/_temp/deflate-cache/uv
tradeoff-c	Publish final evidence without toolchains or binaries	2026-10-09T09:13:32.5353104Z   XDG_RUNTIME_DIR: /run/user/1001
tradeoff-c	Publish final evidence without toolchains or binaries	2026-10-09T09:13:32.5353364Z   DBUS_SESSION_BUS_ADDRESS: unix:path=/run/user/1001/bus
tradeoff-c	Publish final evidence without toolchains or binaries	2026-10-09T09:13:32.5353632Z   VERIFY_CORPUS: corpus-stage1
tradeoff-c	Publish final evidence without toolchains or binaries	2026-10-09T09:13:32.5353852Z   VERIFY_SANDBOX: bwrap
tradeoff-c	Publish final evidence without toolchains or binaries	2026-10-09T09:13:32.5354057Z   GIT_TERMINAL_PROMPT: 0
tradeoff-c	Publish final evidence without toolchains or binaries	2026-10-09T09:13:32.5354432Z ##[endgroup]
tradeoff-c	Publish final evidence without toolchains or binaries	2026-10-09T09:13:32.6676382Z (node:8629) [DEP0040] DeprecationWarning: The `punycode` module is deprecated. Please use a userland alternative instead.
tradeoff-c	Publish final evidence without toolchains or binaries	2026-10-09T09:13:32.6676988Z (Use `node --trace-deprecation ...` to show where the warning was created)
tradeoff-c	Publish final evidence without toolchains or binaries	2026-10-09T09:13:32.6784000Z With the provided path, there will be 50 files uploaded
tradeoff-c	Publish final evidence without toolchains or binaries	2026-10-09T09:13:32.6788160Z Artifact name is valid!
tradeoff-c	Publish final evidence without toolchains or binaries	2026-10-09T09:13:32.6788802Z Root directory input is valid!
tradeoff-c	Publish final evidence without toolchains or binaries	2026-10-09T09:13:33.0235480Z Beginning upload of artifact content to blob storage
tradeoff-c	Publish final evidence without toolchains or binaries	2026-10-09T09:13:33.2651871Z (node:8629) [DEP0169] DeprecationWarning: `url.parse()` behavior is not standardized and prone to errors that have security implications. Use the WHATWG URL API instead. CVEs are not issued for `url.parse()` vulnerabilities.
tradeoff-c	Publish final evidence without toolchains or binaries	2026-10-09T09:13:33.8166275Z Uploaded bytes 909518
tradeoff-c	Publish final evidence without toolchains or binaries	2026-10-09T09:13:33.8776211Z Finished uploading artifact content to blob storage!
tradeoff-c	Publish final evidence without toolchains or binaries	2026-10-09T09:13:33.8777041Z SHA256 digest of uploaded artifact zip is dd4d027adb3a3ad2e19caaa147ed67721c124b7f8f9ddbd2187c4e43d84f50c5
tradeoff-c	Publish final evidence without toolchains or binaries	2026-10-09T09:13:33.8778130Z Finalizing artifact upload
tradeoff-c	Publish final evidence without toolchains or binaries	2026-10-09T09:13:34.1239801Z Artifact r15-37908457858-tradeoff-c-gate.zip successfully finalized. Artifact ID 11605624405
tradeoff-c	Publish final evidence without toolchains or binaries	2026-10-09T09:13:34.1240554Z Artifact r15-37908457858-tradeoff-c-gate has been successfully uploaded! Final size is 909518 bytes. Artifact ID is 11605624405
tradeoff-c	Publish final evidence without toolchains or binaries	2026-10-09T09:13:34.1245575Z Artifact download URL: https://github.com/HuanHuanHuanFFF/Miner/actions/runs/37908457858/artifacts/11605624405
tradeoff-c	Post Run actions/checkout@11d5960a326750d5838078e36cf38b85af677262	﻿2026-10-09T09:13:34.1421649Z Post job cleanup.
tradeoff-c	Post Run actions/checkout@11d5960a326750d5838078e36cf38b85af677262	2026-10-09T09:13:34.3706948Z [command]/usr/bin/git version
tradeoff-c	Post Run actions/checkout@11d5960a326750d5838078e36cf38b85af677262	2026-10-09T09:13:34.4867342Z git version 2.55.0
tradeoff-c	Post Run actions/checkout@11d5960a326750d5838078e36cf38b85af677262	2026-10-09T09:13:34.4897382Z Temporarily overriding HOME='/home/runner/work/_temp/6d11bd64-ef3f-4936-95f1-4f0f103718fd' before making global git config changes
tradeoff-c	Post Run actions/checkout@11d5960a326750d5838078e36cf38b85af677262	2026-10-09T09:13:34.4898329Z Adding repository directory to the temporary git global config as a safe directory
tradeoff-c	Post Run actions/checkout@11d5960a326750d5838078e36cf38b85af677262	2026-10-09T09:13:34.4902279Z [command]/usr/bin/git config --global --add safe.directory /home/runner/work/Miner/Miner
tradeoff-c	Post Run actions/checkout@11d5960a326750d5838078e36cf38b85af677262	2026-10-09T09:13:34.4935937Z [command]/usr/bin/git config --local --name-only --get-regexp core\.sshCommand
tradeoff-c	Post Run actions/checkout@11d5960a326750d5838078e36cf38b85af677262	2026-10-09T09:13:34.4966706Z [command]/usr/bin/git submodule foreach --recursive sh -c "git config --local --name-only --get-regexp 'core\.sshCommand' && git config --local --unset-all 'core.sshCommand' || :"
tradeoff-c	Post Run actions/checkout@11d5960a326750d5838078e36cf38b85af677262	2026-10-09T09:13:34.5766774Z [command]/usr/bin/git config --local --name-only --get-regexp http\.https\:\/\/github\.com\/\.extraheader
tradeoff-c	Post Run actions/checkout@11d5960a326750d5838078e36cf38b85af677262	2026-10-09T09:13:34.5801424Z [command]/usr/bin/git submodule foreach --recursive sh -c "git config --local --name-only --get-regexp 'http\.https\:\/\/github\.com\/\.extraheader' && git config --local --unset-all 'http.https://github.com/.extraheader' || :"
tradeoff-c	Post Run actions/checkout@11d5960a326750d5838078e36cf38b85af677262	2026-10-09T09:13:34.6008527Z [command]/usr/bin/git config --local --name-only --get-regexp ^includeIf\.gitdir:
tradeoff-c	Post Run actions/checkout@11d5960a326750d5838078e36cf38b85af677262	2026-10-09T09:13:34.6037163Z [command]/usr/bin/git submodule foreach --recursive git config --local --show-origin --name-only --get-regexp remote.origin.url
tradeoff-c	Complete job	﻿2026-10-09T09:13:34.6371430Z Cleaning up orphan processes
tradeoff-c	Complete job	2026-10-09T09:13:34.9936670Z ##[warning]Node.js 20 is deprecated. The following actions target Node.js 20 but are being forced to run on Node.js 24: actions/checkout@11d5960a326750d5838078e36cf38b85af677262, actions/upload-artifact@ea165f8d65b6e75b540449e92b4886f43607fa02. For more information see: https://github.blog/changelog/2025-09-19-deprecation-of-node-20-on-github-actions-runners/
