id,region,value,count
0,region_0,19434,0
1,region_1,16718,1
2,region_2,36594,2
3,region_3,29106,3
4,region_4,42125,4
5,region_5,17900,5
6,region_6,29357,6
7,region_7,61690,7
8,region_8,36553,8
9,region_9,59153,9
10,region_10,45490,10
11,region_11,59611,11
12,region_12,61784,12
13,region_13,10340,13
14,region_14,64140,14
15,region_15,7149,15
16,region_16,65106,16
17,region_0,63558,17
18,region_1,61203,18
19,region_2,53712,19
20,region_3,12077,20
21,region_4,22094,21
22,region_5,23271,22
23,region_6,114,23
24,region_7,51988,24
25,region_8,4604,25
26,region_9,48423,26
27,region_10,34187,27
28,region_11,27580,28
29,region_12,13512,29
30,region_13,27442,30
31,region_14,57539,0
32,region_15,61989,1
33,region_16,64780,2
34,region_0,30864,3
35,region_1,32261,4
36,region_2,6283,5
37,region_3,17705,6
38,region_4,16647,7
39,region_5,36393,8
40,region_6,13390,9
41,region_7,58128,10
42,region_8,43266,11
43,region_9,61294,12
44,region_10,23746,13
45,region_11,41485,14
46,region_12,15950,15
47,region_13,11237,16
48,region_14,57884,17
49,region_15,65530,18
50,region_16,59905,19
51,region_0,60661,20
52,region_1,6179,21
53,region_2,59370,22
54,region_3,8244,23
55,region_4,2801,24
56,region_5,54175,25
57,region_6,55578,26
58,region_7,15114,27
59,region_8,49462,28
60,region_9,46467,29
61,region_10,15157,30
62,region_11,13995,0
63,region_12,22736,1
64,region_13,36269,2
65,region_14,45940,3
66,region_15,63587,4
67,region_16,9102,5
68,region_0,62756,6
69,region_1,5770,7
70,region_2,54439,8
71,region_3,30493,9
72,region_4,48838,10
73,region_5,14168,11
74,region_6,38891,12
75,region_7,22501,13
76,region_8,26753,14
77,region_9,17106,15
78,region_10,27489,16
79,region_11,15142,17
80,region_12,60127,18
81,region_13,40566,19
82,region_14,62522,20
83,region_15,7156,21
84,region_16,14507,22
85,region_0,49047,23
86,region_1,26274,24
87,region_2,4996,25
88,region_3,14084,26
89,region_4,35881,27
90,region_5,23696,28
91,region_6,53935,29
92,region_7,41403,30
93,region_8,32886,0
94,region_9,19574,1
95,region_10,35698,2
96,region_11,42951,3
97,region_12,7301,4
98,region_13,1313,5
99,region_14,10468,6
100,region_15,34731,7
101,region_16,20776,8
102,region_0,39051,9
103,region_1,6769,10
104,region_2,18683,11
105,region_3,14440,12
106,region_4,19208,13
107,region_5,11904,14
108,region_6,54121,15
109,region_7,37556,16
110,region_8,42581,17
111,region_9,45425,18
112,region_10,51745,19
113,region_11,63036,20
114,region_12,9970,21
115,region_13,29319,22
116,region_14,51969,23
117,region_15,41787,24
118,region_16,13446,25
119,region_0,16540,26
120,region_1,5696,27
121,region_2,50487,28
122,region_3,45080,29
123,region_4,44527,30
124,region_5,63224,0
125,region_6,26029,1
126,region_7,11766,2
127,region_8,24206,3
128,region_9,40223,4
129,region_10,46936,5
130,region_11,63621,6
131,region_12,23323,7
132,region_13,17877,8
133,region_14,15179,9
134,region_15,14608,10
135,region_16,13242,11
136,region_0,8772,12
137,region_1,65445,13
138,region_2,27213,14
139,region_3,9629,15
140,region_4,42810,16
141,region_5,43852,17
142,region_6,14632,18
143,region_7,26210,19
144,region_8,26379,20
145,region_9,38712,21
146,region_10,34360,22
147,region_11,3773,23
148,region_12,55871,24
149,region_13,38540,25
150,region_14,20835,26
151,region_15,54236,27
152,region_16,38612,28
153,region_0,60229,29
154,region_1,38015,30
155,region_2,51319,0
156,region_3,6350,1
157,region_4,5346,2
158,region_5,54427,3
159,region_6,45370,4
160,region_7,16566,5
161,region_8,36054,6
162,region_9,46072,7
163,region_10,11957,8
164,region_11,62362,9
165,region_12,1022,10
166,region_13,55953,11
167,region_14,41237,12
168,region_15,2521,13
169,region_16,40444,14
170,region_0,2900,15
171,region_1,49638,16
172,region_2,43620,17
173,region_3,52760,18
174,region_4,37178,19
175,region_5,27377,20
176,region_6,9603,21
177,region_7,24764,22
178,region_8,2686,23
179,region_9,44544,24
180,region_10,10102,25
181,region_11,46534,26
182,region_12,47873,27
183,region_13,15342,28
184,region_14,12100,29
185,region_15,37500,30
186,region_16,35297,0
187,region_0,55632,1
188,region_1,17711,2
189,region_2,26826,3
190,region_3,26940,4
191,region_4,19769,5
192,region_5,64670,6
193,region_6,1981,7
194,region_7,50169,8
195,region_8,30442,9
196,region_9,1790,10
197,region_10,49388,11
198,region_11,59943,12
199,region_12,53533,13
200,region_13,29221,14
201,region_14,172,15
202,region_15,16660,16
203,region_16,24224,17
204,region_0,14163,18
205,region_1,22509,19
206,region_2,26150,20
207,region_3,23869,21
208,region_4,32004,22
209,region_5,17003,23
210,region_6,36240,24
211,region_7,13896,25
212,region_8,4026,26
213,region_9,21508,27
214,region_10,13815,28
215,region_11,56583,29
216,region_12,64944,30
217,region_13,33452,0
218,region_14,44402,1
219,region_15,37034,2
220,region_16,31168,3
221,region_0,58673,4
222,region_1,35024,5
223,region_2,37868,6
224,region_3,24985,7
225,region_4,3996,8
226,region_5,13747,9
227,region_6,17256,10
228,region_7,19407,11
229,region_8,55222,12
230,region_9,63788,13
231,region_10,17429,14
232,region_11,15291,15
233,region_12,41506,16
234,region_13,31221,17
235,region_14,14463,18
236,region_15,39317,19
237,region_16,65215,20
238,region_0,47508,21
239,region_1,942,22
240,region_2,5140,23
241,region_3,48818,24
242,region_4,33291,25
243,region_5,51519,26
244,region_6,40982,27
245,region_7,14538,28
246,region_8,45037,29
247,region_9,63050,30
248,region_10,7614,0
249,region_11,56191,1
250,region_12,56473,2
251,region_13,53013,3
252,region_14,30137,4
253,region_15,41768,5
254,region_16,1067,6
255,region_0,5197,7
256,region_1,44630,8
257,region_2,57680,9
258,region_3,5607,10
259,region_4,31643,11
260,region_5,27850,12
261,region_6,56022,13
262,region_7,5193,14
263,region_8,1294,15
264,region_9,17421,16
265,region_10,27526,17
266,region_11,16456,18
267,region_12,65203,19
268,region_13,30211,20
269,region_14,56760,21
270,region_15,19941,22
271,region_16,15819,23
272,region_0,39986,24
273,region_1,21083,25
274,region_2,34503,26
275,region_3,48484,27
276,region_4,2207,28
277,region_5,34512,29
278,region_6,44969,30
279,region_7,53729,0
280,region_8,58594,1
281,region_9,45102,2
282,region_10,62234,3
283,region_11,429,4
284,region_12,23381,5
285,region_13,19437,6
286,region_14,50485,7
287,region_15,25721,8
288,region_16,62142,9
289,region_0,29491,10
290,region_1,26704,11
291,region_2,30662,12
292,region_3,17870,13
293,region_4,43213,14
294,region_5,49528,15
295,region_6,52289,16
296,region_7,45239,17
297,region_8,52866,18
298,region_9,9876,19
299,region_10,55507,20
300,region_11,50778,21
301,region_12,55920,22
302,region_13,40232,23
303,region_14,32731,24
304,region_15,31887,25
305,region_16,4204,26
306,region_0,41503,27
307,region_1,35243,28
308,region_2,5461,29
309,region_3,55091,30
310,region_4,45604,0
311,region_5,43388,1
312,region_6,17151,2
313,region_7,57634,3
314,region_8,62835,4
315,region_9,6035,5
316,region_10,9683,6
317,region_11,14252,7
318,region_12,24096,8
319,region_13,31762,9
320,region_14,47869,10
321,region_15,1057,11
322,region_16,62585,12
323,region_0,53651,13
324,region_1,8360,14
325,region_2,58813,15
326,region_3,1195,16
327,region_4,65067,17
328,region_5,54734,18
329,region_6,5468,19
330,region_7,38732,20
331,region_8,16040,21
332,region_9,40292,22
333,region_10,57406,23
334,region_11,9728,24
335,region_12,22010,25
336,region_13,22689,26
337,region_14,48262,27
338,region_15,48847,28
339,region_16,60879,29
340,region_0,53492,30
341,region_1,13287,0
342,region_2,49261,1
343,region_3,26425,2
344,region_4,14805,3
345,region_5,29532,4
346,region_6,37309,5
347,region_7,2960,6
348,region_8,25768,7
349,region_9,22791,8
350,region_10,29247,9
351,region_11,33138,10
352,region_12,8189,11
353,region_13,47310,12
354,region_14,16253,13
355,region_15,9141,14
356,region_16,13688,15
357,region_0,53496,16
358,region_1,36926,17
359,region_2,45329,18
360,region_3,26175,19
361,region_4,33771,20
362,region_5,61320,21
363,region_6,893,22
364,region_7,33231,23
365,region_8,60673,24
366,region_9,9185,25
367,region_10,43204,26
368,region_11,12814,27
369,region_12,63193,28
370,region_13,45102,29
371,region_14,64042,30
372,region_15,29554,0
373,region_16,52898,1
374,region_0,34168,2
375,region_1,18223,3
376,region_2,23436,4
377,region_3,45092,5
378,region_4,872,6
379,region_5,18426,7
380,region_6,35474,8
381,region_7,36044,9
382,region_8,52858,10
383,region_9,36140,11
384,region_10,15643,12
385,region_11,26654,13
386,region_12,13137,14
387,region_13,2416,15
388,region_14,36227,16
389,region_15,20495,17
390,region_16,58147,18
391,region_0,18211,19
392,region_1,327,20
393,region_2,20788,21
394,region_3,39674,22
395,region_4,52497,23
396,region_5,16180,24
397,region_6,41454,25
398,region_7,44142,26
399,region_8,53586,27
400,region_9,57061,28
401,region_10,43636,29
402,region_11,22434,30
403,region_12,27137,0
404,region_13,8409,1
405,region_14,43066,2
406,region_15,56237,3
407,region_16,26957,4
408,region_0,58688,5
409,region_1,59122,6
410,region_2,16314,7
411,region_3,8789,8
412,region_4,62835,9
413,region_5,44011,10
414,region_6,33942,11
415,region_7,47762,12
416,region_8,63091,13
417,region_9,54008,14
418,region_10,26521,15
419,region_11,48564,16
420,region_12,25137,17
421,region_13,57604,18
422,region_14,6523,19
423,region_15,53372,20
424,region_16,26884,21
425,region_0,59967,22
426,region_1,14759,23
427,region_2,10091,24
428,region_3,39280,25
429,region_4,10401,26
430,region_5,54142,27
431,region_6,28013,28
432,region_7,39371,29
433,region_8,50040,30
434,region_9,55746,0
435,region_10,33431,1
436,region_11,6568,2
437,region_12,40002,3
438,region_13,53633,4
439,region_14,36278,5
440,region_15,12667,6
441,region_16,48932,7
442,region_0,40738,8
443,region_1,7325,9
444,region_2,60452,10
445,region_3,11514,11
446,region_4,24877,12
447,region_5,13908,13
448,region_6,13562,14
449,region_7,30972,15
450,region_8,7792,16
451,region_9,25913,17
452,region_10,15520,18
453,region_11,18112,19
454,region_12,39200,20
455,region_13,62973,21
456,region_14,45041,22
457,region_15,55903,23
458,region_16,14819,24
459,region_0,4931,25
460,region_1,10726,26
461,region_2,44544,27
462,region_3,59949,28
463,region_4,17898,29
464,region_5,32215,30
465,region_6,41778,0
466,region_7,455,1
467,region_8,33588,2
468,region_9,634,3
469,region_10,16255,4
470,region_11,38430,5
471,region_12,27425,6
472,region_13,20013,7
473,region_14,4771,8
474,region_15,8215,9
475,region_16,33680,10
476,region_0,23659,11
477,region_1,46533,12
478,region_2,54724,13
479,region_3,24267,14
480,region_4,55653,15
481,region_5,31736,16
482,region_6,44525,17
483,region_7,61343,18
484,region_8,13375,19
485,region_9,35081,20
486,region_10,46001,21
487,region_11,51865,22
488,region_12,17360,23
489,region_13,62397,24
490,region_14,27432,25
491,region_15,12355,26
492,region_16,62702,27
493,region_0,43523,28
494,region_1,33457,29
495,region_2,48671,30
496,region_3,12282,0
497,region_4,54691,1
498,region_5,8099,2
499,region_6,62204,3
500,region_7,53324,4
501,region_8,16545,5
502,region_9,59645,6
503,region_10,22061,7
504,region_11,5301,8
505,region_12,18476,9
506,region_13,52783,10
507,region_14,16057,11
508,region_15,40647,12
509,region_16,16420,13
510,region_0,25581,14
511,region_1,4755,15
512,region_2,24225,16
513,region_3,224,17
514,region_4,3904,18
515,region_5,636,19
516,region_6,58608,20
517,region_7,4651,21
518,region_8,61117,22
519,region_9,34606,23
520,region_10,44959,24
521,region_11,505,25
522,region_12,16730,26
523,region_13,36410,27
524,region_14,47250,28
525,region_15,19564,29
526,region_16,43955,30
527,region_0,29764,0
528,region_1,6199,1
529,region_2,18620,2
530,region_3,43739,3
531,region_4,25614,4
532,region_5,39133,5
533,region_6,14479,6
534,region_7,47043,7
535,region_8,19558,8
536,region_9,27833,9
537,region_10,42002,10
538,region_11,13413,11
539,region_12,10043,12
540,region_13,64141,13
541,region_14,54978,14
542,region_15,34754,15
543,region_16,34531,16
544,region_0,61466,17
545,region_1,63038,18
546,region_2,38590,19
547,region_3,25464,20
548,region_4,17261,21
549,region_5,28299,22
550,region_6,51863,23
551,region_7,18552,24
552,region_8,14814,25
553,region_9,57684,26
554,region_10,24379,27
555,region_11,24667,28
556,region_12,54547,29
557,region_13,51516,30
558,region_14,49094,0
559,region_15,30909,1
560,region_16,14363,2
561,region_0,60833,3
562,region_1,11359,4
563,region_2,6778,5
564,region_3,4775,6
565,region_4,23970,7
566,region_5,28496,8
567,region_6,47100,9
568,region_7,32930,10
569,region_8,27741,11
570,region_9,8275,12
571,region_10,51910,13
572,region_11,26188,14
573,region_12,7078,15
574,region_13,19895,16
575,region_14,20879,17
576,region_15,6566,18
577,region_16,40015,19
578,region_0,47219,20
579,region_1,24411,21
580,region_2,46856,22
581,region_3,3156,23
582,region_4,2357,24
583,region_5,44403,25
584,region_6,10219,26
585,region_7,24732,27
586,region_8,57843,28
587,region_9,16183,29
588,region_10,7460,30
589,region_11,11540,0
590,region_12,30829,1
591,region_13,58678,2
592,region_14,28217,3
593,region_15,24653,4
594,region_16,2705,5
595,region_0,44892,6
596,region_1,34922,7
597,region_2,6886,8
598,region_3,57551,9
599,region_4,6521,10
600,region_5,58961,11
601,region_6,30900,12
602,region_7,23901,13
603,region_8,43623,14
604,region_9,38724,15
605,region_10,212,16
606,region_11,48583,17
607,region_12,27549,18
608,region_13,36794,19
609,region_14,62183,20
610,region_15,62706,21
611,region_16,28010,22
612,region_0,3955,23
613,region_1,34865,24
614,region_2,60915,25
615,region_3,23097,26
616,region_4,55507,27
617,region_5,22186,28
618,region_6,48054,29
619,region_7,15856,30
620,region_8,61206,0
621,region_9,63906,1
622,region_10,32940,2
623,region_11,44222,3
624,region_12,13176,4
625,region_13,35313,5
626,region_14,47692,6
627,region_15,11862,7
628,region_16,21656,8
629,region_0,30359,9
630,region_1,49857,10
631,region_2,14388,11
632,region_3,51113,12
633,region_4,60493,13
634,region_5,10236,14
635,region_6,10568,15
636,region_7,33804,16
637,region_8,35961,17
638,region_9,58590,18
639,region_10,4431,19
640,region_11,33664,20
641,region_12,37897,21
642,region_13,43380,22
643,region_14,17336,23
644,region_15,9098,24
645,region_16,11413,25
646,region_0,28046,26
647,region_1,33652,27
648,region_2,1216,28
649,region_3,48465,29
650,region_4,16765,30
651,region_5,20743,0
652,region_6,12201,1
653,region_7,29425,2
654,region_8,32599,3
655,region_9,56573,4
656,region_10,23727,5
657,region_11,25577,6
658,region_12,23338,7
659,region_13,30826,8
660,region_14,55413,9
661,region_15,49762,10
662,region_16,14672,11
663,region_0,35361,12
664,region_1,54226,13
665,region_2,44826,14
666,region_3,6023,15
667,region_4,19208,16
668,region_5,4776,17
669,region_6,45219,18
670,region_7,4264,19
671,region_8,41149,20
672,region_9,62200,21
673,region_10,13893,22
674,region_11,56368,23
675,region_12,49860,24
676,region_13,41295,25
677,region_14,63351,26
678,region_15,63841,27
679,region_16,60830,28
680,region_0,36398,29
681,region_1,11838,30
682,region_2,15494,0
683,region_3,48049,1
684,region_4,20687,2
685,region_5,47720,3
686,region_6,35935,4
687,region_7,1580,5
688,region_8,41615,6
689,region_9,34078,7
690,region_10,28750,8
691,region_11,5733,9
692,region_12,41478,10
693,region_13,57318,11
694,region_14,34137,12
695,region_15,12673,13
696,region_16,9568,14
697,region_0,61770,15
698,region_1,27055,16
699,region_2,35814,17
700,region_3,21085,18
701,region_4,19461,19
702,region_5,38482,20
703,region_6,63070,21
704,region_7,4975,22
705,region_8,42487,23
706,region_9,21561,24
707,region_10,40443,25
708,region_11,3677,26
709,region_12,45365,27
710,region_13,16251,28
711,region_14,36501,29
712,region_15,34847,30
713,region_16,53913,0
714,region_0,33264,1
715,region_1,59113,2
716,region_2,31425,3
717,region_3,57953,4
718,region_4,10930,5
719,region_5,39996,6
720,region_6,39424,7
721,region_7,6102,8
722,region_8,17539,9
723,region_9,20750,10
724,region_10,8654,11
725,region_11,15686,12
726,region_12,27691,13
727,region_13,31481,14
728,region_14,49624,15
729,region_15,50490,16
730,region_16,21727,17
731,region_0,6035,18
732,region_1,11970,19
733,region_2,5738,20
734,region_3,35974,21
735,region_4,34283,22
736,region_5,4723,23
737,region_6,23371,24
738,region_7,20264,25
739,region_8,22399,26
740,region_9,18930,27
741,region_10,38539,28
742,region_11,14571,29
743,region_12,21403,30
744,region_13,65227,0
745,region_14,30595,1
746,region_15,42283,2
747,region_16,64450,3
748,region_0,13827,4
749,region_1,56074,5
750,region_2,57623,6
751,region_3,41265,7
752,region_4,49794,8
753,region_5,35874,9
754,region_6,20826,10
755,region_7,9146,11
756,region_8,65011,12
757,region_9,37938,13
758,region_10,41896,14
759,region_11,29691,15
760,region_12,13454,16
761,region_13,8584,17
762,region_14,672,18
763,region_15,42750,19
764,region_16,55236,20
765,region_0,33245,21
766,region_1,54716,22
767,region_2,65478,23
768,region_3,8847,24
769,region_4,9709,25
770,region_5,28489,26
771,region_6,23227,27
772,region_7,58896,28
773,region_8,34877,29
774,region_9,6812,30
775,region_10,16834,0
776,region_11,43016,1
777,region_12,43568,2
778,region_13,18710,3
779,region_14,50247,4
780,region_15,7950,5
781,region_16,37076,6
782,region_0,1611,7
783,region_1,54169,8
784,region_2,12557,9
785,region_3,13278,10
786,region_4,64625,11
787,region_5,17092,12
788,region_6,16708,13
789,region_7,18183,14
790,region_8,29829,15
791,region_9,26821,16
792,region_10,38307,17
793,region_11,45853,18
794,region_12,13283,19
795,region_13,59975,20
796,region_14,41045,21
797,region_15,36471,22
798,region_16,64551,23
799,region_0,23558,24
800,region_1,32080,25
801,region_2,47924,26
802,region_3,26278,27
803,region_4,11342,28
804,region_5,12056,29
805,region_6,14357,30
806,region_7,39675,0
807,region_8,27749,1
808,region_9,9147,2
809,region_10,49727,3
810,region_11,64276,4
811,region_12,33684,5
812,region_13,1677,6
813,region_14,46367,7
814,region_15,49393,8
815,region_16,21049,9
816,region_0,62158,10
817,region_1,21491,11
818,region_2,21691,12
819,region_3,17551,13
820,region_4,54495,14
821,region_5,50881,15
822,region_6,44630,16
823,region_7,39569,17
824,region_8,33321,18
825,region_9,895,19
826,region_10,26267,20
827,region_11,43895,21
828,region_12,62661,22
829,region_13,19447,23
830,region_14,40809,24
831,region_15,15195,25
832,region_16,49190,26
833,region_0,46110,27
834,region_1,4999,28
835,region_2,31293,29
836,region_3,51886,30
837,region_4,58845,0
838,region_5,49914,1
839,region_6,26211,2
840,region_7,4308,3
841,region_8,13482,4
842,region_9,26395,5
843,region_10,49581,6
844,region_11,44912,7
845,region_12,63393,8
846,region_13,19943,9
847,region_14,30076,10
848,region_15,61321,11
849,region_16,3729,12
850,region_0,34650,13
851,region_1,43759,14
852,region_2,50812,15
853,region_3,42629,16
854,region_4,14595,17
855,region_5,9855,18
856,region_6,47001,19
857,region_7,51406,20
858,region_8,52035,21
859,region_9,11036,22
860,region_10,35865,23
861,region_11,45853,24
862,region_12,16842,25
863,region_13,34756,26
864,region_14,15247,27
865,region_15,11978,28
866,region_16,53546,29
867,region_0,63579,30
868,region_1,5000,0
869,region_2,43969,1
870,region_3,50513,2
871,region_4,6898,3
872,region_5,15467,4
873,region_6,30902,5
874,region_7,43205,6
875,region_8,31865,7
876,region_9,25663,8
877,region_10,46697,9
878,region_11,43227,10
879,region_12,31742,11
880,region_13,31125,12
881,region_14,13771,13
882,region_15,52498,14
883,region_16,48505,15
884,region_0,43123,16
885,region_1,51820,17
886,region_2,45047,18
887,region_3,12368,19
888,region_4,24569,20
889,region_5,61647,21
890,region_6,8290,22
891,region_7,41185,23
892,region_8,37002,24
893,region_9,54887,25
894,region_10,46069,26
895,region_11,52661,27
896,region_12,30082,28
897,region_13,32305,29
898,region_14,21855,30
899,region_15,54658,0
900,region_16,60089,1
901,region_0,2519,2
902,region_1,14739,3
903,region_2,39491,4
904,region_3,35714,5
905,region_4,30166,6
906,region_5,54453,7
907,region_6,52702,8
908,region_7,12977,9
909,region_8,39872,10
910,region_9,49486,11
911,region_10,36981,12
912,region_11,57872,13
913,region_12,12579,14
914,region_13,14193,15
915,region_14,45648,16
916,region_15,62424,17
917,region_16,29926,18
918,region_0,37183,19
919,region_1,63861,20
920,region_2,26809,21
921,region_3,53566,22
922,region_4,43267,23
923,region_5,52082,24
924,region_6,40484,25
925,region_7,43201,26
926,region_8,34122,27
927,region_9,20693,28
928,region_10,50050,29
929,region_11,35743,30
930,region_12,60931,0
931,region_13,34183,1
932,region_14,9274,2
933,region_15,16465,3
934,region_16,21274,4
935,region_0,43828,5
936,region_1,14522,6
937,region_2,51800,7
938,region_3,64388,8
939,region_4,48300,9
940,region_5,63722,10
941,region_6,29623,11
942,region_7,32606,12
943,region_8,15457,13
944,region_9,13322,14
945,region_10,14098,15
946,region_11,54955,16
947,region_12,56561,17
948,region_13,48010,18
949,region_14,45731,19
950,region_15,33966,20
951,region_16,6424,21
952,region_0,56795,22
953,region_1,9785,23
954,region_2,60788,24
955,region_3,38107,25
956,region_4,27811,26
957,region_5,23082,27
958,region_6,40121,28
959,region_7,32165,29
960,region_8,15650,30
961,region_9,65119,0
962,region_10,45720,1
963,region_11,26114,2
964,region_12,64868,3
965,region_13,52506,4
966,region_14,21054,5
967,region_15,2609,6
968,region_16,5015,7
969,region_0,52913,8
970,region_1,11862,9
971,region_2,31143,10
972,region_3,42007,11
973,region_4,147,12
974,region_5,56780,13
975,region_6,36919,14
976,region_7,26750,15
977,region_8,29295,16
978,region_9,39857,17
979,region_10,37501,18
980,region_11,9065,19
981,region_12,59469,20
982,region_13,59659,21
983,region_14,22243,22
984,region_15,4717,23
985,region_16,6161,24
986,region_0,64769,25
987,region_1,33281,26
988,region_2,44400,27
989,region_3,38458,28
990,region_4,10449,29
991,region_5,7619,30
992,region_6,29648,0
993,region_7,6482,1
994,region_8,18789,2
995,region_9,62745,3
996,region_10,59534,4
997,region_11,46053,5
998,region_12,47129,6
999,region_13,41857,7
1000,region_14,36900,8
1001,region_15,42501,9
1002,region_16,12345,10
1003,region_0,19503,11
1004,region_1,39571,12
1005,region_2,6710,13
1006,region_3,13665,14
1007,region_4,57923,15
1008,region_5,40274,16
1009,region_6,41052,17
1010,region_7,54527,18
1011,region_8,65111,19
1012,region_9,9505,20
1013,region_10,14132,21
1014,region_11,45225,22
1015,region_12,19992,23
1016,region_13,6816,24
1017,region_14,40999,25
1018,region_15,61319,26
1019,region_16,51161,27
1020,region_0,15358,28
1021,region_1,46149,29
1022,region_2,1535,30
1023,region_3,31837,0
1024,region_4,52460,1
1025,region_5,20655,2
1026,region_6,24162,3
1027,region_7,54811,4
1028,region_8,50578,5
1029,region_9,53621,6
1030,region_10,26918,7
1031,region_11,25903,8
1032,region_12,57267,9
1033,region_13,24522,10
1034,region_14,49865,11
1035,region_15,38439,12
1036,region_16,38117,13
1037,region_0,35681,14
1038,region_1,18466,15
1039,region_2,912,16
1040,region_3,61193,17
1041,region_4,59933,18
1042,region_5,41335,19
1043,region_6,64159,20
1044,region_7,32121,21
1045,region_8,42370,22
1046,region_9,37682,23
1047,region_10,11148,24
1048,region_11,56309,25
1049,region_12,32761,26
1050,region_13,47567,27
1051,region_14,31681,28
1052,region_15,43490,29
1053,region_16,58177,30
1054,region_0,27146,0
1055,region_1,1255,1
1056,region_2,44826,2
1057,region_3,33614,3
1058,region_4,49298,4
1059,region_5,55499,5
1060,region_6,9751,6
1061,region_7,44816,7
1062,region_8,16323,8
1063,region_9,50969,9
1064,region_10,42074,10
1065,region_11,2189,11
1066,region_12,48662,12
1067,region_13,41074,13
1068,region_14,14273,14
1069,region_15,16304,15
1070,region_16,36163,16
1071,region_0,64810,17
1072,region_1,57812,18
1073,region_2,25668,19
1074,region_3,44530,20
1075,region_4,4678,21
1076,region_5,18889,22
1077,region_6,12932,23
1078,region_7,54648,24
1079,region_8,30712,25
1080,region_9,47267,26
1081,region_10,62479,27
1082,region_11,47953,28
1083,region_12,40567,29
1084,region_13,37148,30
1085,region_14,10495,0
1086,region_15,18093,1
1087,region_16,56970,2
1088,region_0,49602,3
1089,region_1,36213,4
1090,region_2,60071,5
1091,region_3,39755,6
1092,region_4,19317,7
1093,region_5,51364,8
1094,region_6,60340,9
1095,region_7,26706,10
1096,region_8,16545,11
1097,region_9,17059,12
1098,region_10,58381,13
1099,region_11,10662,14
1100,region_12,26384,15
1101,region_13,23907,16
1102,region_14,37687,17
1103,region_15,58787,18
1104,region_16,8276,19
1105,region_0,19242,20
1106,region_1,53196,21
1107,region_2,39457,22
1108,region_3,16457,23
1109,region_4,28349,24
1110,region_5,18349,25
1111,region_6,60268,26
1112,region_7,27487,27
1113,region_8,41768,28
1114,region_9,61390,29
1115,region_10,50966,30
1116,region_11,6357,0
1117,region_12,26368,1
1118,region_13,27636,2
1119,region_14,32712,3
1120,region_15,4789,4
1121,region_16,5777,5
1122,region_0,15786,6
1123,region_1,27531,7
1124,region_2,23144,8
1125,region_3,55467,9
1126,region_4,20133,10
1127,region_5,17561,11
1128,region_6,2206,12
1129,region_7,45438,13
1130,region_8,41237,14
1131,region_9,45890,15
1132,region_10,42516,16
1133,region_11,13716,17
1134,region_12,53622,18
1135,region_13,33984,19
1136,region_14,9543,20
1137,region_15,14493,21
1138,region_16,15573,22
1139,region_0,52022,23
1140,region_1,12797,24
1141,region_2,63388,25
1142,region_3,12279,26
1143,region_4,4351,27
1144,region_5,64408,28
1145,region_6,39327,29
1146,region_7,24373,30
1147,region_8,16634,0
1148,region_9,56772,1
1149,region_10,12662,2
1150,region_11,22323,3
1151,region_12,44421,4
1152,region_13,56279,5
1153,region_14,32951,6
1154,region_15,9361,7
1155,region_16,30123,8
1156,region_0,11117,9
1157,region_1,29076,10
1158,region_2,54769,11
1159,region_3,9605,12
1160,region_4,59112,13
1161,region_5,24820,14
1162,region_6,60796,15
1163,region_7,22531,16
1164,region_8,61210,17
1165,region_9,38407,18
1166,region_10,22633,19
1167,region_11,2685,20
1168,region_12,7217,21
1169,region_13,50314,22
1170,region_14,19033,23
1171,region_15,8716,24
1172,region_16,58324,25
1173,region_0,49877,26
1174,region_1,32583,27
1175,region_2,62670,28
1176,region_3,65478,29
1177,region_4,56377,30
1178,region_5,50300,0
1179,region_6,51676,1
1180,region_7,55861,2
1181,region_8,4602,3
1182,region_9,7531,4
1183,region_10,9173,5
1184,region_11,43579,6
1185,region_12,49751,7
1186,region_13,27226,8
1187,region_14,49361,9
1188,region_15,50628,10
1189,region_16,52889,11
1190,region_0,34899,12
1191,region_1,1520,13
1192,region_2,38115,14
1193,region_3,29805,15
1194,region_4,43949,16
1195,region_5,50377,17
1196,region_6,7839,18
1197,region_7,18701,19
1198,region_8,26607,20
1199,region_9,42518,21
1200,region_10,40998,22
1201,region_11,53409,23
1202,region_12,61696,24
1203,region_13,53917,25
1204,region_14,33534,26
1205,region_15,8916,27
1206,region_16,55363,28
1207,region_0,23483,29
1208,region_1,25747,30
1209,region_2,56313,0
1210,region_3,56685,1
1211,region_4,15486,2
1212,region_5,43226,3
1213,region_6,49767,4
1214,region_7,296,5
1215,region_8,11,6
1216,region_9,4766,7
1217,region_10,10514,8
1218,region_11,50819,9
1219,region_12,33087,10
1220,region_13,45867,11
1221,region_14,938,12
1222,region_15,49278,13
1223,region_16,50168,14
1224,region_0,23075,15
1225,region_1,53569,16
1226,region_2,59552,17
1227,region_3,42122,18
1228,region_4,60684,19
1229,region_5,27919,20
1230,region_6,45854,21
1231,region_7,12227,22
1232,region_8,63196,23
1233,region_9,51506,24
1234,region_10,13007,25
1235,region_11,54122,26
1236,region_12,63160,27
1237,region_13,43218,28
1238,region_14,60900,29
1239,region_15,37936,30
1240,region_16,14055,0
1241,region_0,51316,1
1242,region_1,24956,2
1243,region_2,22185,3
1244,region_3,49529,4
1245,region_4,55599,5
1246,region_5,64364,6
1247,region_6,30053,7
1248,region_7,22108,8
1249,region_8,4816,9
1250,region_9,53759,10
1251,region_10,21738,11
1252,region_11,7498,12
1253,region_12,31636,13
1254,region_13,41670,14
1255,region_14,9061,15
1256,region_15,14676,16
1257,region_16,4512,17
1258,region_0,44683,18
1259,region_1,56753,19
1260,region_2,15532,20
1261,region_3,27970,21
1262,region_4,62388,22
1263,region_5,46394,23
1264,region_6,48111,24
1265,region_7,31321,25
1266,region_8,21654,26
1267,region_9,11188,27
1268,region_10,13046,28
1269,region_11,50728,29
1270,region_12,47331,30
1271,region_13,30565,0
1272,region_14,9398,1
1273,region_15,44513,2
1274,region_16,52361,3
1275,region_0,42004,4
1276,region_1,19360,5
1277,region_2,28326,6
1278,region_3,15117,7
1279,region_4,38315,8
1280,region_5,24273,9
1281,region_6,15315,10
1282,region_7,9672,11
1283,region_8,65236,12
1284,region_9,62273,13
1285,region_10,34204,14
1286,region_11,23193,15
1287,region_12,37714,16
1288,region_13,42006,17
1289,region_14,63430,18
1290,region_15,10376,19
1291,region_16,9830,20
1292,region_0,58875,21
1293,region_1,41502,22
1294,region_2,59133,23
1295,region_3,15542,24
1296,region_4,36988,25
1297,region_5,42059,26
1298,region_6,9532,27
1299,region_7,425,28
1300,region_8,42394,29
1301,region_9,28138,30
1302,region_10,3655,0
1303,region_11,58946,1
1304,region_12,4364,2
1305,region_13,2471,3
1306,region_14,954,4
1307,region_15,10890,5
1308,region_16,11986,6
1309,region_0,14700,7
1310,region_1,60478,8
1311,region_2,63070,9
1312,region_3,7836,10
1313,region_4,19618,11
1314,region_5,57266,12
1315,region_6,32721,13
1316,region_7,28699,14
1317,region_8,26210,15
1318,region_9,24512,16
1319,region_10,49763,17
1320,region_11,36504,18
1321,region_12,17974,19
1322,region_13,24086,20
1323,region_14,44197,21
1324,region_15,28581,22
1325,region_16,7765,23
1326,region_0,56309,24
1327,region_1,54269,25
1328,region_2,6772,26
1329,region_3,59829,27
1330,region_4,29620,28
1331,region_5,20988,29
1332,region_6,64617,30
1333,region_7,46649,0
1334,region_8,50007,1
1335,region_9,4098,2
1336,region_10,55773,3
1337,region_11,20221,4
1338,region_12,20796,5
1339,region_13,33523,6
1340,region_14,51417,7
1341,region_15,22623,8
1342,region_16,1772,9
1343,region_0,57435,10
1344,region_1,44836,11
1345,region_2,61143,12
1346,region_3,64529,13
1347,region_4,29989,14
1348,region_5,32757,15
1349,region_6,45560,16
1350,region_7,10296,17
1351,region_8,54836,18
1352,region_9,15895,19
1353,region_10,39411,20
1354,region_11,65235,21
1355,region_12,56089,22
1356,region_13,31710,23
1357,region_14,45545,24
1358,region_15,37916,25
1359,region_16,31857,26
1360,region_0,9959,27
1361,region_1,36561,28
1362,region_2,59514,29
1363,region_3,45683,30
1364,region_4,53575,0
1365,region_5,17536,1
1366,region_6,11363,2
1367,region_7,22075,3
1368,region_8,11536,4
1369,region_9,45233,5
1370,region_10,10644,6
1371,region_11,33424,7
1372,region_12,41712,8
1373,region_13,55747,9
1374,region_14,63602,10
1375,region_15,6803,11
1376,region_16,50164,12
1377,region_0,39174,13
1378,region_1,35473,14
1379,region_2,60777,15
1380,region_3,45928,16
1381,region_4,47193,17
1382,region_5,9970,18
1383,region_6,34909,19
1384,region_7,4805,20
1385,region_8,21754,21
1386,region_9,36840,22
1387,region_10,38014,23
1388,region_11,10250,24
1389,region_12,3762,25
1390,region_13,30661,26
1391,region_14,59346,27
1392,region_15,51489,28
1393,region_16,27523,29
1394,region_0,44246,30
1395,region_1,29493,0
1396,region_2,50741,1
1397,region_3,21924,2
1398,region_4,64745,3
1399,region_5,59315,4
1400,region_6,64677,5
1401,region_7,50270,6
1402,region_8,56644,7
1403,region_9,55582,8
1404,region_10,64198,9
1405,region_11,44165,10
1406,region_12,58071,11
1407,region_13,51202,12
1408,region_14,6891,13
1409,region_15,31041,14
1410,region_16,31122,15
1411,region_0,61411,16
1412,region_1,33954,17
1413,region_2,58183,18
1414,region_3,23773,19
1415,region_4,27704,20
1416,region_5,45032,21
1417,region_6,60938,22
1418,region_7,23251,23
1419,region_8,42293,24
1420,region_9,50992,25
1421,region_10,20087,26
1422,region_11,23257,27
1423,region_12,31686,28
1424,region_13,51143,29
1425,region_14,27570,30
1426,region_15,41126,0
1427,region_16,4987,1
1428,region_0,6053,2
1429,region_1,47488,3
1430,region_2,52471,4
1431,region_3,2850,5
1432,region_4,24201,6
1433,region_5,14352,7
1434,region_6,18744,8
1435,region_7,58987,9
1436,region_8,44905,10
1437,region_9,45355,11
1438,region_10,38891,12
1439,region_11,35133,13
1440,region_12,31101,14
1441,region_13,6250,15
1442,region_14,61515,16
1443,region_15,21277,17
1444,region_16,49416,18
1445,region_0,3570,19
1446,region_1,33309,20
1447,region_2,6473,21
1448,region_3,40925,22
1449,region_4,13077,23
1450,region_5,26267,24
1451,region_6,51230,25
1452,region_7,34000,26
1453,region_8,42480,27
1454,region_9,51412,28
1455,region_10,52325,29
1456,region_11,5617,30
1457,region_12,48483,0
1458,region_13,14216,1
1459,region_14,63417,2
1460,region_15,22033,3
1461,region_16,5998,4
1462,region_0,17631,5
1463,region_1,37645,6
1464,region_2,64678,7
1465,region_3,20494,8
1466,region_4,37046,9
1467,region_5,59413,10
1468,region_6,48497,11
1469,region_7,13497,12
1470,region_8,59736,13
1471,region_9,7007,14
1472,region_10,30365,15
1473,region_11,42213,16
1474,region_12,62047,17
1475,region_13,47397,18
1476,region_14,41693,19
1477,region_15,39452,20
1478,region_16,8045,21
1479,region_0,45232,22
1480,region_1,30154,23
1481,region_2,63505,24
1482,region_3,58736,25
1483,region_4,65295,26
1484,region_5,42957,27
1485,region_6,661,28
1486,region_7,9008,29
1487,region_8,59108,30
1488,region_9,61483,0
1489,region_10,59345,1
1490,region_11,32535,2
1491,region_12,9281,3
1492,region_13,906,4
1493,region_14,14735,5
1494,region_15,33222,6
1495,region_16,46409,7
1496,region_0,6056,8
1497,region_1,10370,9
1498,region_2,44647,10
1499,region_3,8091,11
1500,region_4,31204,12
1501,region_5,5392,13
1502,region_6,15166,14
1503,region_7,43805,15
1504,region_8,10837,16
1505,region_9,32038,17
1506,region_10,35248,18
1507,region_11,48718,19
1508,region_12,48405,20
1509,region_13,35791,21
1510,region_14,38887,22
1511,region_15,58027,23
1512,region_16,41695,24
1513,region_0,1558,25
1514,region_1,18090,26
1515,region_2,26177,27
1516,region_3,52277,28
1517,region_4,61343,29
1518,region_5,32928,30
1519,region_6,7612,0
1520,region_7,40918,1
1521,region_8,22125,2
1522,region_9,51068,3
1523,region_10,10545,4
1524,region_11,49211,5
1525,region_12,45113,6
1526,region_13,49454,7
1527,region_14,40994,8
1528,region_15,2346,9
1529,region_16,412,10
1530,region_0,34443,11
1531,region_1,17010,12
1532,region_2,65448,13
1533,region_3,57779,14
1534,region_4,19424,15
1535,region_5,48934,16
1536,region_6,27154,17
1537,region_7,40024,18
1538,region_8,17911,19
1539,region_9,25220,20
1540,region_10,55274,21
1541,region_11,29969,22
1542,region_12,12955,23
1543,region_13,46055,24
1544,region_14,37799,25
1545,region_15,37818,26
1546,region_16,34349,27
1547,region_0,13825,28
1548,region_1,60140,29
1549,region_2,32393,30
1550,region_3,35328,0
1551,region_4,18536,1
1552,region_5,43650,2
1553,region_6,6773,3
1554,region_7,32171,4
1555,region_8,63407,5
1556,region_9,28051,6
1557,region_10,42549,7
1558,region_11,40150,8
1559,region_12,26036,9
1560,region_13,41156,10
1561,region_14,7354,11
1562,region_15,6191,12
1563,region_16,62003,13
1564,region_0,16723,14
1565,region_1,63081,15
1566,region_2,31684,16
1567,region_3,46549,17
1568,region_4,36636,18
1569,region_5,25757,19
1570,region_6,13489,20
1571,region_7,49541,21
1572,region_8,46970,22
1573,region_9,16449,23
1574,region_10,24254,24
1575,region_11,33698,25
1576,region_12,4125,26
1577,region_13,59278,27
1578,region_14,25814,28
1579,region_15,55347,29
1580,region_16,18975,30
1581,region_0,25158,0
1582,region_1,15097,1
1583,region_2,10839,2
1584,region_3,47028,3
1585,region_4,41430,4
1586,region_5,19979,5
1587,region_6,56504,6
1588,region_7,51888,7
1589,region_8,25017,8
1590,region_9,49154,9
1591,region_10,28738,10
1592,region_11,40633,11
1593,region_12,56207,12
1594,region_13,8582,13
1595,region_14,40258,14
1596,region_15,33941,15
1597,region_16,33406,16
1598,region_0,64265,17
1599,region_1,39348,18
1600,region_2,20957,19
1601,region_3,16787,20
1602,region_4,11826,21
1603,region_5,59426,22
1604,region_6,37540,23
1605,region_7,2177,24
1606,region_8,7965,25
1607,region_9,25124,26
1608,region_10,46861,27
1609,region_11,3408,28
1610,region_12,54608,29
1611,region_13,46706,30
1612,region_14,8440,0
1613,region_15,14666,1
1614,region_16,32770,2
1615,region_0,42760,3
1616,region_1,51123,4
1617,region_2,23584,5
1618,region_3,37850,6
1619,region_4,50399,7
1620,region_5,59555,8
1621,region_6,13975,9
1622,region_7,29949,10
1623,region_8,51219,11
1624,region_9,12502,12
1625,region_10,37246,13
1626,region_11,33518,14
1627,region_12,5147,15
1628,region_13,9267,16
1629,region_14,49218,17
1630,region_15,38156,18
1631,region_16,1444,19
1632,region_0,1808,20
1633,region_1,30899,21
1634,region_2,10923,22
1635,region_3,47682,23
1636,region_4,10720,24
1637,region_5,14673,25
1638,region_6,53028,26
1639,region_7,4234,27
1640,region_8,15030,28
1641,region_9,13115,29
1642,region_10,19001,30
1643,region_11,19271,0
1644,region_12,7202,1
1645,region_13,47131,2
1646,region_14,58401,3
1647,region_15,38578,4
1648,region_16,25229,5
1649,region_0,47128,6
1650,region_1,64398,7
1651,region_2,21941,8
1652,region_3,51628,9
1653,region_4,40261,10
1654,region_5,23811,11
1655,region_6,19505,12
1656,region_7,36012,13
1657,region_8,5592,14
1658,region_9,18087,15
1659,region_10,34918,16
1660,region_11,32205,17
1661,region_12,47190,18
1662,region_13,15976,19
1663,region_14,8493,20
1664,region_15,647,21
1665,region_16,63175,22
1666,region_0,33690,23
1667,region_1,60209,24
1668,region_2,41648,25
1669,region_3,41666,26
1670,region_4,52015,27
1671,region_5,32812,28
1672,region_6,58362,29
1673,region_7,47877,30
1674,region_8,10745,0
1675,region_9,53609,1
1676,region_10,38911,2
1677,region_11,6659,3
1678,region_12,9864,4
1679,region_13,40985,5
1680,region_14,41652,6
1681,region_15,11057,7
1682,region_16,2836,8
1683,region_0,29359,9
1684,region_1,11923,10
1685,region_2,47840,11
1686,region_3,49608,12
1687,region_4,6144,13
1688,region_5,30716,14
1689,region_6,49411,15
1690,region_7,21428,16
1691,region_8,17378,17
1692,region_9,35567,18
1693,region_10,27101,19
1694,region_11,60174,20
1695,region_12,52225,21
1696,region_13,10214,22
1697,region_14,49006,23
1698,region_15,37882,24
1699,region_16,11649,25
1700,region_0,45930,26
1701,region_1,54055,27
1702,region_2,12159,28
1703,region_3,57826,29
1704,region_4,33297,30
1705,region_5,54731,0
1706,region_6,33101,1
1707,region_7,25513,2
1708,region_8,20451,3
1709,region_9,57681,4
1710,region_10,5647,5
1711,region_11,13748,6
1712,region_12,65035,7
1713,region_13,18863,8
1714,region_14,3595,9
1715,region_15,10276,10
1716,region_16,28398,11
1717,region_0,29983,12
1718,region_1,33840,13
1719,region_2,34928,14
1720,region_3,61858,15
1721,region_4,12185,16
1722,region_5,211,17
1723,region_6,17180,18
1724,region_7,41196,19
1725,region_8,31418,20
1726,region_9,25877,21
1727,region_10,8952,22
1728,region_11,41754,23
1729,region_12,45305,24
1730,region_13,4082,25
1731,region_14,24290,26
1732,region_15,27931,27
1733,region_16,3459,28
1734,region_0,47777,29
1735,region_1,36340,30
1736,region_2,45678,0
1737,region_3,38251,1
1738,region_4,12454,2
1739,region_5,42194,3
1740,region_6,49406,4
1741,region_7,45477,5
1742,region_8,44503,6
1743,region_9,63005,7
1744,region_10,25831,8
1745,region_11,51235,9
1746,region_12,58011,10
1747,region_13,14545,11
1748,region_14,22533,12
1749,region_15,37503,13
1750,region_16,18419,14
1751,region_0,32557,15
1752,region_1,21069,16
1753,region_2,37036,17
1754,region_3,11855,18
1755,region_4,62775,19
1756,region_5,38474,20
1757,region_6,25350,21
1758,region_7,41313,22
1759,region_8,32638,23
1760,region_9,37782,24
1761,region_10,8045,25
1762,region_11,52171,26
1763,region_12,52123,27
1764,region_13,47045,28
1765,region_14,14839,29
1766,region_15,15680,30
1767,region_16,33526,0
1768,region_0,59680,1
1769,region_1,50353,2
1770,region_2,60919,3
1771,region_3,65302,4
1772,region_4,56782,5
1773,region_5,49131,6
1774,region_6,46827,7
1775,region_7,7669,8
1776,region_8,33256,9
1777,region_9,45579,10
1778,region_10,16129,11
1779,region_11,867,12
1780,region_12,64897,13
1781,region_13,35772,14
1782,region_14,60115,15
1783,region_15,51927,16
1784,region_16,27182,17
1785,region_0,48510,18
1786,region_1,2099,19
1787,region_2,14337,20
1788,region_3,9483,21
1789,region_4,63299,22
1790,region_5,19649,23
1791,region_6,36860,24
1792,region_7,18458,25
1793,region_8,2293,26
1794,region_9,36524,27
1795,region_10,15615,28
1796,region_11,41141,29
1797,region_12,30834,30
1798,region_13,50715,0
1799,region_14,6960,1
1800,region_15,24684,2
1801,region_16,57819,3
1802,region_0,38876,4
1803,region_1,29612,5
1804,region_2,49810,6
1805,region_3,19209,7
1806,region_4,42567,8
1807,region_5,18867,9
1808,region_6,47411,10
1809,region_7,16893,11
1810,region_8,20816,12
1811,region_9,21078,13
1812,region_10,27185,14
1813,region_11,57202,15
1814,region_12,57703,16
1815,region_13,31094,17
1816,region_14,52453,18
1817,region_15,2522,19
1818,region_16,11124,20
1819,region_0,27625,21
1820,region_1,22366,22
1821,region_2,2000,23
1822,region_3,9245,24
1823,region_4,16884,25
1824,region_5,63693,26
1825,region_6,27773,27
1826,region_7,55348,28
1827,region_8,54386,29
1828,region_9,11998,30
1829,region_10,1525,0
1830,region_11,25301,1
1831,region_12,17872,2
1832,region_13,41203,3
1833,region_14,52416,4
1834,region_15,47070,5
1835,region_16,32013,6
1836,region_0,40901,7
1837,region_1,22461,8
1838,region_2,41398,9
1839,region_3,53339,10
1840,region_4,43368,11
1841,region_5,43301,12
1842,region_6,17556,13
1843,region_7,45846,14
1844,region_8,26204,15
1845,region_9,40101,16
1846,region_10,46472,17
1847,region_11,26854,18
1848,region_12,64662,19
1849,region_13,5263,20
1850,region_14,2749,21
1851,region_15,17372,22
1852,region_16,42054,23
1853,region_0,13534,24
1854,region_1,51261,25
1855,region_2,16789,26
1856,region_3,44944,27
1857,region_4,65110,28
1858,region_5,47617,29
1859,region_6,28274,30
1860,region_7,3533,0
1861,region_8,12617,1
1862,region_9,46295,2
1863,region_10,52222,3
1864,region_11,59615,4
1865,region_12,8998,5
1866,region_13,5692,6
1867,region_14,10726,7
1868,region_15,61172,8
1869,region_16,1655,9
1870,region_0,46740,10
1871,region_1,6392,11
1872,region_2,21817,12
1873,region_3,53233,13
1874,region_4,8722,14
1875,region_5,61664,15
1876,region_6,46889,16
1877,region_7,12221,17
1878,region_8,52669,18
1879,region_9,4534,19
1880,region_10,57011,20
1881,region_11,7371,21
1882,region_12,29173,22
1883,region_13,62000,23
1884,region_14,42848,24
1885,region_15,39834,25
1886,region_16,38334,26
1887,region_0,11516,27
1888,region_1,37617,28
1889,region_2,37401,29
1890,region_3,6659,30
1891,region_4,31539,0
1892,region_5,59948,1
1893,region_6,63863,2
1894,region_7,62430,3
1895,region_8,44604,4
1896,region_9,34128,5
1897,region_10,10530,6
1898,region_11,27830,7
1899,region_12,30409,8
1900,region_13,10031,9
1901,region_14,49196,10
1902,region_15,10299,11
1903,region_16,13610,12
1904,region_0,42228,13
1905,region_1,55301,14
1906,region_2,20516,15
1907,region_3,41227,16
1908,region_4,21499,17
1909,region_5,50390,18
1910,region_6,22462,19
1911,region_7,45083,20
1912,region_8,42319,21
1913,region_9,57088,22
1914,region_10,25506,23
1915,region_11,8109,24
1916,region_12,13426,25
1917,region_13,54858,26
1918,region_14,32870,27
1919,region_15,38914,28
1920,region_16,12392,29
1921,region_0,18296,30
1922,region_1,59208,0
1923,region_2,34494,1
1924,region_3,3031,2
1925,region_4,33884,3
1926,region_5,11519,4
1927,region_6,23935,5
1928,region_7,18388,6
1929,region_8,50719,7
1930,region_9,20834,8
1931,region_10,37808,9
1932,region_11,41331,10
1933,region_12,45198,11
1934,region_13,17544,12
1935,region_14,63444,13
1936,region_15,24581,14
1937,region_16,36284,15
1938,region_0,63814,16
1939,region_1,29343,17
1940,region_2,44874,18
1941,region_3,48676,19
1942,region_4,19509,20
1943,region_5,35552,21
1944,region_6,56222,22
1945,region_7,27892,23
1946,region_8,29162,24
1947,region_9,40682,25
1948,region_10,4608,26
1949,region_11,32838,27
1950,region_12,59852,28
1951,region_13,42214,29
1952,region_14,34083,30
1953,region_15,32941,0
1954,region_16,63686,1
1955,region_0,5427,2
1956,region_1,17240,3
1957,region_2,44841,4
1958,region_3,12654,5
1959,region_4,51013,6
1960,region_5,24160,7
1961,region_6,13647,8
1962,region_7,6413,9
1963,region_8,26131,10
1964,region_9,55988,11
1965,region_10,15228,12
1966,region_11,26066,13
1967,region_12,1561,14
1968,region_13,36700,15
1969,region_14,61148,16
1970,region_15,1822,17
1971,region_16,26908,18
1972,region_0,19249,19
1973,region_1,17366,20
1974,region_2,6535,21
1975,region_3,9282,22
1976,region_4,23851,23
1977,region_5,37485,24
1978,region_6,10179,25
1979,region_7,50612,26
1980,region_8,44754,27
1981,region_9,30653,28
1982,region_10,45443,29
1983,region_11,53188,30
1984,region_12,62162,0
1985,region_13,4107,1
1986,region_14,63238,2
1987,region_15,32265,3
1988,region_16,6673,4
1989,region_0,39770,5
1990,region_1,36039,6
1991,region_2,35096,7
1992,region_3,37135,8
1993,region_4,53250,9
1994,region_5,45831,10
1995,region_6,54723,11
1996,region_7,20766,12
1997,region_8,15645,13
1998,region_9,7781,14
1999,region_10,47232,15
2000,region_11,21195,16
2001,region_12,20375,17
2002,region_13,37364,18
2003,region_14,12098,19
2004,region_15,30012,20
2005,region_16,50792,21
2006,region_0,63271,22
2007,region_1,20641,23
2008,region_2,45558,24
2009,region_3,16882,25
2010,region_4,62800,26
2011,region_5,12933,27
2012,region_6,36593,28
2013,region_7,38091,29
2014,region_8,24078,30
2015,region_9,36033,0
2016,region_10,26033,1
2017,region_11,62377,2
2018,region_12,38970,3
2019,region_13,2309,4
2020,region_14,11993,5
2021,region_15,42926,6
2022,region_16,26158,7
2023,region_0,10520,8
2024,region_1,41591,9
2025,region_2,16688,10
2026,region_3,2779,11
2027,region_4,41897,12
2028,region_5,15409,13
2029,region_6,65297,14
2030,region_7,30184,15
2031,region_8,7575,16
2032,region_9,4639,17
2033,region_10,38599,18
2034,region_11,12655,19
2035,region_12,63654,20
2036,region_13,6294,21
2037,region_14,3033,22
2038,region_15,38717,23
2039,region_16,51415,24
2040,region_0,39565,25
2041,region_1,6487,26
2042,region_2,5146,27
2043,region_3,13630,28
2044,region_4,11358,29
2045,region_5,34278,30
2046,region_6,13334,0
2047,region_7,39166,1
2048,region_8,14304,2
2049,region_9,4461,3
2050,region_10,905,4
2051,region_11,993,5
2052,region_12,31133,6
2053,region_13,65082,7
2054,region_14,44270,8
2055,region_15,611,9
2056,region_16,8737,10
2057,region_0,43467,11
2058,region_1,10302,12
2059,region_2,36088,13
2060,region_3,65508,14
2061,region_4,6084,15
2062,region_5,2867,16
2063,region_6,65158,17
2064,region_7,19134,18
2065,region_8,44127,19
2066,region_9,56964,20
2067,region_10,39164,21
2068,region_11,5381,22
2069,region_12,46403,23
2070,region_13,12175,24
2071,region_14,12662,25
2072,region_15,49335,26
2073,region_16,4427,27
2074,region_0,9981,28
2075,region_1,2889,29
2076,region_2,5114,30
2077,region_3,61636,0
2078,region_4,45207,1
2079,region_5,31651,2
2080,region_6,24707,3
2081,region_7,3501,4
2082,region_8,6372,5
2083,region_9,6247,6
2084,region_10,23376,7
2085,region_11,49614,8
2086,region_12,34492,9
2087,region_13,16491,10
2088,region_14,4727,11
2089,region_15,55187,12
2090,region_16,23913,13
2091,region_0,50685,14
2092,region_1,50250,15
2093,region_2,33440,16
2094,region_3,6694,17
2095,region_4,8172,18
2096,region_5,52124,19
2097,region_6,13034,20
2098,region_7,11645,21
2099,region_8,36017,22
2100,region_9,13624,23
2101,region_10,4034,24
2102,region_11,4510,25
2103,region_12,42246,26
2104,region_13,58288,27
2105,region_14,60689,28
2106,region_15,18869,29
2107,region_16,11042,30
2108,region_0,39608,0
2109,region_1,19398,1
2110,region_2,53000,2
2111,region_3,9666,3
2112,region_4,3024,4
2113,region_5,1214,5
2114,region_6,6473,6
2115,region_7,30943,7
2116,region_8,53184,8
2117,region_9,57471,9
2118,region_10,42539,10
2119,region_11,26680,11
2120,region_12,23087,12
2121,region_13,37203,13
2122,region_14,49415,14
2123,region_15,40769,15
2124,region_16,42777,16
2125,region_0,52502,17
2126,region_1,2488,18
2127,region_2,61722,19
2128,region_3,6339,20
2129,region_4,31106,21
2130,region_5,43814,22
2131,region_6,23541,23
2132,region_7,65196,24
2133,region_8,14668,25
2134,region_9,55296,26
2135,region_10,61947,27
2136,region_11,5930,28
2137,region_12,48461,29
2138,region_13,61291,30
2139,region_14,63943,0
2140,region_15,18805,1
2141,region_16,55382,2
2142,region_0,45067,3
2143,region_1,1811,4
2144,region_2,50026,5
2145,region_3,25164,6
2146,region_4,33330,7
2147,region_5,17742,8
2148,region_6,50918,9
2149,region_7,34928,10
2150,region_8,52591,11
2151,region_9,9550,12
2152,region_10,38566,13
2153,region_11,14634,14
2154,region_12,13921,15
2155,region_13,53106,16
2156,region_14,30741,17
2157,region_15,56668,18
2158,region_16,49135,19
2159,region_0,61651,20
2160,region_1,64597,21
2161,region_2,50352,22
2162,region_3,41624,23
2163,region_4,42243,24
2164,region_5,57925,25
2165,region_6,56243,26
2166,region_7,63411,27
2167,region_8,23688,28
2168,region_9,63970,29
2169,region_10,37538,30
2170,region_11,62540,0
2171,region_12,54421,1
2172,region_13,45180,2
2173,region_14,32323,3
2174,region_15,35584,4
2175,region_16,38756,5
2176,region_0,58464,6
2177,region_1,20582,7
2178,region_2,49389,8
2179,region_3,63444,9
2180,region_4,45882,10
2181,region_5,26267,11
2182,region_6,46578,12
2183,region_7,7592,13
2184,region_8,982,14
2185,region_9,42593,15
2186,region_10,33383,16
2187,region_11,27827,17
2188,region_12,10509,18
2189,region_13,55405,19
2190,region_14,58623,20
2191,region_15,57512,21
2192,region_16,51135,22
2193,region_0,48014,23
2194,region_1,51319,24
2195,region_2,48662,25
2196,region_3,33000,26
2197,region_4,57608,27
2198,region_5,60869,28
2199,region_6,13069,29
2200,region_7,31563,30
2201,region_8,36888,0
2202,region_9,26386,1
2203,region_10,11452,2
2204,region_11,10269,3
2205,region_12,17393,4
2206,region_13,27720,5
2207,region_14,29978,6
2208,region_15,53325,7
2209,region_16,57142,8
2210,region_0,62336,9
2211,region_1,42225,10
2212,region_2,27825,11
2213,region_3,26053,12
2214,region_4,25822,13
2215,region_5,34954,14
2216,region_6,50790,15
2217,region_7,53749,16
2218,region_8,17107,17
2219,region_9,16324,18
2220,region_10,41927,19
2221,region_11,30774,20
2222,region_12,55310,21
2223,region_13,9514,22
2224,region_14,23883,23
2225,region_15,27765,24
2226,region_16,40400,25
2227,region_0,19296,26
2228,region_1,50025,27
2229,region_2,19560,28
2230,region_3,54705,29
2231,region_4,10581,30
2232,region_5,2393,0
2233,region_6,9921,1
2234,region_7,12239,2
2235,region_8,63362,3
2236,region_9,40762,4
2237,region_10,42098,5
2238,region_11,43779,6
2239,region_12,12828,7
2240,region_13,34155,8
2241,region_14,42231,9
2242,region_15,5550,10
2243,region_16,15333,11
2244,region_0,20005,12
2245,region_1,32124,13
2246,region_2,41670,14
2247,region_3,20153,15
2248,region_4,47053,16
2249,region_5,62312,17
2250,region_6,26291,18
2251,region_7,11181,19
2252,region_8,18910,20
2253,region_9,21270,21
2254,region_10,17998,22
2255,region_11,56120,23
2256,region_12,1363,24
2257,region_13,20544,25
2258,region_14,21545,26
2259,region_15,15666,27
2260,region_16,57640,28
2261,region_0,36220,29
2262,region_1,7548,30
2263,region_2,56053,0
2264,region_3,25326,1
2265,region_4,50124,2
2266,region_5,8744,3
2267,region_6,35656,4
2268,region_7,20522,5
2269,region_8,52888,6
2270,region_9,44564,7
2271,region_10,20045,8
2272,region_11,11153,9
2273,region_12,8668,10
2274,region_13,46477,11
2275,region_14,10377,12
2276,region_15,57262,13
2277,region_16,55892,14
2278,region_0,48009,15
2279,region_1,4276,16
2280,region_2,51862,17
2281,region_3,13921,18
2282,region_4,6982,19
2283,region_5,33131,20
2284,region_6,19680,21
2285,region_7,43934,22
2286,region_8,561,23
2287,region_9,5765,24
2288,region_10,41210,25
2289,region_11,2575,26
2290,region_12,42218,27
2291,region_13,53890,28
2292,region_14,19858,29
2293,region_15,407,30
2294,region_16,18374,0
2295,region_0,64651,1
2296,region_1,59876,2
2297,region_2,38184,3
2298,region_3,29207,4
2299,region_4,18738,5
2300,region_5,20845,6
2301,region_6,24482,7
2302,region_7,15767,8
2303,region_8,52958,9
2304,region_9,36444,10
2305,region_10,25765,11
2306,region_11,46906,12
2307,region_12,366,13
2308,region_13,1057,14
2309,region_14,29108,15
2310,region_15,43227,16
2311,region_16,42603,17
2312,region_0,63186,18
2313,region_1,20871,19
2314,region_2,59226,20
2315,region_3,8096,21
2316,region_4,15922,22
2317,region_5,10775,23
2318,region_6,30917,24
2319,region_7,6521,25
2320,region_8,44094,26
2321,region_9,26572,27
2322,region_10,48870,28
2323,region_11,7453,29
2324,region_12,58625,30
2325,region_13,4010,0
2326,region_14,50682,1
2327,region_15,45274,2
2328,region_16,29197,3
2329,region_0,31994,4
2330,region_1,4372,5
2331,region_2,34200,6
2332,region_3,20539,7
2333,region_4,46044,8
2334,region_5,8317,9
2335,region_6,3582,10
2336,region_7,25145,11
2337,region_8,46137,12
2338,region_9,63525,13
2339,region_10,42617,14
2340,region_11,16000,15
2341,region_12,2303,16
2342,region_13,24795,17
2343,region_14,54488,18
2344,region_15,55482,19
2345,region_16,32986,20
2346,region_0,42929,21
2347,region_1,62981,22
2348,region_2,60026,23
2349,region_3,1078,24
2350,region_4,18792,25
2351,region_5,56843,26
2352,region_6,30932,27
2353,region_7,45649,28
2354,region_8,14785,29
2355,region_9,59022,30
2356,region_10,51314,0
2357,region_11,49318,1
2358,region_12,44571,2
2359,region_13,36160,3
2360,region_14,9759,4
2361,region_15,49536,5
2362,region_16,50713,6
2363,region_0,12319,7
2364,region_1,32367,8
2365,region_2,48311,9
2366,region_3,1447,10
2367,region_4,14027,11
2368,region_5,18264,12
2369,region_6,14221,13
2370,region_7,22879,14
2371,region_8,56320,15
2372,region_9,41158,16
2373,region_10,60269,17
2374,region_11,9542,18
2375,region_12,28015,19
2376,region_13,2245,20
2377,region_14,52308,21
2378,region_15,33710,22
2379,region_16,48783,23
2380,region_0,49111,24
2381,region_1,60987,25
2382,region_2,16149,26
2383,region_3,6905,27
2384,region_4,20040,28
2385,region_5,47254,29
2386,region_6,16069,30
2387,region_7,29011,0
2388,region_8,64431,1
2389,region_9,16785,2
2390,region_10,18277,3
2391,region_11,49918,4
2392,region_12,25672,5
2393,region_13,40901,6
2394,region_14,28672,7
2395,region_15,17053,8
2396,region_16,44721,9
2397,region_0,24057,10
2398,region_1,20422,11
2399,region_2,52215,12
2400,region_3,16388,13
2401,region_4,61269,14
2402,region_5,56312,15
2403,region_6,28814,16
2404,region_7,17732,17
2405,region_8,7310,18
2406,region_9,59061,19
2407,region_10,56869,20
2408,region_11,14401,21
2409,region_12,34996,22
2410,region_13,43999,23
2411,region_14,35079,24
2412,region_15,22681,25
2413,region_16,16305,26
2414,region_0,18182,27
2415,region_1,44706,28
2416,region_2,60592,29
2417,region_3,16058,30
2418,region_4,6951,0
2419,region_5,41754,1
2420,region_6,49166,2
2421,region_7,19563,3
2422,region_8,9269,4
2423,region_9,14790,5
2424,region_10,14300,6
2425,region_11,47819,7
2426,region_12,1133,8
2427,region_13,46044,9
2428,region_14,18600,10
2429,region_15,51957,11
2430,region_16,35948,12
2431,region_0,40103,13
2432,region_1,62284,14
2433,region_2,21298,15
2434,region_3,38073,16
2435,region_4,4340,17
2436,region_5,58485,18
2437,region_6,41885,19
2438,region_7,36201,20
2439,region_8,9961,21
2440,region_9,19482,22
2441,region_10,43478,23
2442,region_11,43990,24
2443,region_12,1611,25
2444,region_13,5393,26
2445,region_14,13618,27
2446,region_15,60478,28
2447,region_16,27455,29
2448,region_0,59988,30
2449,region_1,5208,0
2450,region_2,372,1
2451,region_3,49949,2
2452,region_4,53279,3
2453,region_5,16079,4
2454,region_6,693,5
2455,region_7,52461,6
2456,region_8,44356,7
2457,region_9,10296,8
2458,region_10,5310,9
2459,region_11,54649,10
2460,region_12,19645,11
2461,region_13,31816,12
2462,region_14,15507,13
2463,region_15,31466,14
2464,region_16,20447,15
2465,region_0,20598,16
2466,region_1,4280,17
2467,region_2,6372,18
2468,region_3,21146,19
2469,region_4,39273,20
2470,region_5,51082,21
2471,region_6,1628,22
2472,region_7,19164,23
2473,region_8,28923,24
2474,region_9,657,25
2475,region_10,12315,26
2476,region_11,16294,27
2477,region_12,13978,28
2478,region_13,2786,29
2479,region_14,46450,30
2480,region_15,55111,0
2481,region_16,10788,1
2482,region_0,51812,2
2483,region_1,10886,3
2484,region_2,23548,4
2485,region_3,35846,5
2486,region_4,33108,6
2487,region_5,33368,7
2488,region_6,450,8
2489,region_7,24352,9
2490,region_8,4658,10
2491,region_9,27454,11
2492,region_10,39962,12
2493,region_11,31156,13
2494,region_12,36540,14
2495,region_13,20724,15
2496,region_14,36477,16
2497,region_15,56514,17
2498,region_16,1503,18
2499,region_0,64643,19
2500,region_1,32019,20
2501,region_2,52105,21
2502,region_3,64443,22
2503,region_4,54084,23
2504,region_5,56933,24
2505,region_6,42240,25
2506,region_7,28647,26
2507,region_8,47735,27
2508,region_9,55620,28
2509,region_10,47735,29
2510,region_11,48240,30
2511,region_12,16640,0
2512,region_13,1927,1
2513,region_14,5216,2
2514,region_15,7196,3
2515,region_16,52295,4
2516,region_0,35439,5
2517,region_1,43059,6
2518,region_2,38421,7
2519,region_3,4278,8
2520,region_4,37298,9
2521,region_5,47757,10
2522,region_6,61588,11
2523,region_7,25913,12
2524,region_8,43285,13
2525,region_9,1438,14
2526,region_10,16056,15
2527,region_11,17398,16
2528,region_12,28765,17
2529,region_13,3002,18
2530,region_14,13983,19
2531,region_15,44378,20
2532,region_16,41923,21
2533,region_0,55504,22
2534,region_1,36278,23
2535,region_2,55807,24
2536,region_3,12771,25
2537,region_4,27687,26
2538,region_5,41131,27
2539,region_6,63013,28
2540,region_7,16578,29
2541,region_8,64442,30
2542,region_9,41392,0
2543,region_10,53386,1
2544,region_11,13698,2
2545,region_12,44871,3
2546,region_13,34113,4
2547,region_14,54955,5
2548,region_15,4584,6
2549,region_16,4934,7
2550,region_0,17445,8
2551,region_1,7948,9
2552,region_2,61651,10
2553,region_3,33826,11
2554,region_4,10412,12
2555,region_5,57539,13
2556,region_6,21928,14
2557,region_7,10132,15
2558,region_8,32823,16
2559,region_9,62312,17
2560,region_10,41766,18
2561,region_11,16401,19
2562,region_12,58653,20
2563,region_13,23819,21
2564,region_14,13461,22
2565,region_15,43391,23
2566,region_16,32558,24
2567,region_0,33625,25
2568,region_1,9437,26
2569,region_2,13789,27
2570,region_3,44793,28
2571,region_4,24377,29
2572,region_5,26928,30
2573,region_6,13110,0
2574,region_7,25447,1
2575,region_8,50225,2
2576,region_9,58516,3
2577,region_10,4594,4
2578,region_11,51482,5
2579,region_12,808,6
2580,region_13,62755,7
2581,region_14,5169,8
2582,region_15,1116,9
2583,region_16,23991,10
2584,region_0,53655,11
2585,region_1,38036,12
2586,region_2,57679,13
2587,region_3,26198,14
2588,region_4,20597,15
2589,region_5,25342,16
2590,region_6,22183,17
2591,region_7,24482,18
2592,region_8,53825,19
2593,region_9,35723,20
2594,region_10,35633,21
2595,region_11,482,22
2596,region_12,18976,23
2597,region_13,21958,24
2598,region_14,45291,25
2599,region_15,64048,26
2600,region_16,21267,27
2601,region_0,35468,28
2602,region_1,11341,29
2603,region_2,55576,30
2604,region_3,42890,0
2605,region_4,34097,1
2606,region_5,10831,2
2607,region_6,39460,3
2608,region_7,19984,4
2609,region_8,55172,5
2610,region_9,20486,6
2611,region_10,58099,7
2612,region_11,46525,8
2613,region_12,30569,9
2614,region_13,4974,10
2615,region_14,3322,11
2616,region_15,4476,12
2617,region_16,57668,13
2618,region_0,61818,14
2619,region_1,10750,15
2620,region_2,14462,16
2621,region_3,17347,17
2622,region_4,4015,18
2623,region_5,8415,19
2624,region_6,54025,20
2625,region_7,37119,21
2626,region_8,26710,22
2627,region_9,16058,23
2628,region_10,8307,24
2629,region_11,44323,25
2630,region_12,46513,26
2631,region_13,47262,27
2632,region_14,20834,28
2633,region_15,29308,29
2634,region_16,343,30
2635,region_0,57754,0
2636,region_1,40526,1
2637,region_2,35753,2
2638,region_3,59341,3
2639,region_4,30139,4
2640,region_5,38387,5
2641,region_6,10404,6
2642,region_7,40262,7
2643,region_8,32036,8
2644,region_9,60971,9
2645,region_10,58347,10
2646,region_11,54590,11
2647,region_12,34944,12
2648,region_13,6221,13
2649,region_14,22826,14
2650,region_15,62143,15
2651,region_16,19455,16
2652,region_0,54374,17
2653,region_1,49819,18
2654,region_2,2718,19
2655,region_3,12607,20
2656,region_4,17140,21
2657,region_5,54908,22
2658,region_6,35024,23
2659,region_7,1020,24
2660,region_8,40300,25
2661,region_9,46160,26
2662,region_10,29250,27
2663,region_11,63872,28
2664,region_12,8681,29
2665,region_13,59628,30
2666,region_14,9757,0
2667,region_15,31610,1
2668,region_16,2882,2
2669,region_0,42972,3
2670,region_1,28380,4
2671,region_2,59148,5
2672,region_3,30338,6
2673,region_4,12611,7
2674,region_5,57604,8
2675,region_6,6653,9
2676,region_7,31830,10
2677,region_8,31640,11
2678,region_9,61112,12
2679,region_10,5660,13
2680,region_11,24421,14
2681,region_12,24600,15
2682,region_13,33641,16
2683,region_14,19851,17
2684,region_15,50847,18
2685,region_16,15157,19
2686,region_0,61801,20
2687,region_1,49653,21
2688,region_2,15130,22
2689,region_3,48994,23
2690,region_4,57912,24
2691,region_5,43168,25
2692,region_6,26113,26
2693,region_7,1267,27
2694,region_8,45879,28
2695,region_9,61524,29
2696,region_10,18250,30
2697,region_11,4445,0
2698,region_12,40138,1
2699,region_13,50430,2
2700,region_14,57280,3
2701,region_15,33000,4
2702,region_16,4899,5
2703,region_0,61600,6
2704,region_1,53545,7
2705,region_2,58822,8
2706,region_3,63175,9
2707,region_4,49801,10
2708,region_5,35195,11
2709,region_6,49078,12
2710,region_7,55583,13
2711,region_8,29062,14
2712,region_9,46357,15
2713,region_10,30772,16
2714,region_11,56516,17
2715,region_12,22003,18
2716,region_13,10513,19
2717,region_14,33110,20
2718,region_15,27967,21
2719,region_16,29973,22
2720,region_0,64899,23
2721,region_1,28511,24
2722,region_2,50773,25
2723,region_3,5288,26
2724,region_4,54567,27
2725,region_5,2625,28
2726,region_6,61002,29
2727,region_7,8584,30
2728,region_8,46088,0
2729,region_9,50712,1
2730,region_10,12381,2
2731,region_11,48273,3
2732,region_12,40450,4
2733,region_13,33844,5
2734,region_14,59332,6
2735,region_15,37432,7
2736,region_16,34821,8
2737,region_0,15640,9
2738,region_1,8680,10
2739,region_2,12675,11
2740,region_3,30070,12
2741,region_4,5752,13
2742,region_5,31544,14
2743,region_6,3394,15
2744,region_7,6891,16
2745,region_8,25922,17
2746,region_9,58853,18
2747,region_10,8961,19
2748,region_11,65498,20
2749,region_12,51625,21
2750,region_13,15205,22
2751,region_14,28473,23
2752,region_15,53761,24
2753,region_16,52366,25
2754,region_0,49011,26
2755,region_1,58183,27
2756,region_2,20673,28
2757,region_3,26460,29
2758,region_4,26224,30
2759,region_5,58023,0
2760,region_6,11222,1
2761,region_7,46488,2
2762,region_8,18996,3
2763,region_9,23523,4
2764,region_10,34450,5
2765,region_11,13285,6
2766,region_12,28366,7
2767,region_13,33045,8
2768,region_14,41856,9
2769,region_15,30241,10
2770,region_16,27752,11
2771,region_0,47712,12
2772,region_1,32601,13
2773,region_2,31590,14
2774,region_3,14807,15
2775,region_4,3180,16
2776,region_5,39912,17
2777,region_6,25692,18
2778,region_7,48929,19
2779,region_8,55580,20
2780,region_9,16133,21
2781,region_10,32107,22
2782,region_11,55737,23
2783,region_12,44144,24
2784,region_13,61620,25
2785,region_14,36796,26
2786,region_15,37048,27
2787,region_16,52833,28
2788,region_0,3311,29
2789,region_1,749,30
2790,region_2,29697,0
2791,region_3,2157,1
2792,region_4,18619,2
2793,region_5,1790,3
2794,region_6,62384,4
2795,region_7,3190,5
2796,region_8,28210,6
2797,region_9,60559,7
2798,region_10,61740,8
2799,region_11,43726,9
2800,region_12,54463,10
2801,region_13,45820,11
2802,region_14,49268,12
2803,region_15,9461,13
2804,region_16,13004,14
2805,region_0,64103,15
2806,region_1,32540,16
2807,region_2,28215,17
2808,region_3,29942,18
2809,region_4,22036,19
2810,region_5,51877,20
2811,region_6,42192,21
2812,region_7,3258,22
2813,region_8,62673,23
2814,region_9,24419,24
2815,region_10,1611,25
2816,region_11,8949,26
2817,region_12,31273,27
2818,region_13,39846,28
2819,region_14,47549,29
2820,region_15,20898,30
2821,region_16,39722,0
2822,region_0,20366,1
2823,region_1,14199,2
2824,region_2,1267,3
2825,region_3,44353,4
2826,region_4,31157,5
2827,region_5,25948,6
2828,region_6,26659,7
2829,region_7,7602,8
2830,region_8,49773,9
2831,region_9,31963,10
2832,region_10,3179,11
2833,region_11,25127,12
2834,region_12,45255,13
2835,region_13,17381,14
2836,region_14,4766,15
2837,region_15,16349,16
2838,region_16,27132,17
2839,region_0,21740,18
2840,region_1,63881,19
2841,region_2,60821,20
2842,region_3,21791,21
2843,region_4,29280,22
2844,region_5,17312,23
2845,region_6,59891,24
2846,region_7,26672,25
2847,region_8,29545,26
2848,region_9,4766,27
2849,region_10,45974,28
2850,region_11,46835,29
2851,region_12,60556,30
2852,region_13,5925,0
2853,region_14,11799,1
2854,region_15,42475,2
2855,region_16,39154,3
2856,region_0,24954,4
2857,region_1,54897,5
2858,region_2,38619,6
2859,region_3,60020,7
2860,region_4,50522,8
2861,region_5,47994,9
2862,region_6,33233,10
2863,region_7,42547,11
2864,region_8,12362,12
2865,region_9,55740,13
2866,region_10,38304,14
2867,region_11,14033,15
2868,region_12,39029,16
2869,region_13,21532,17
2870,region_14,2529,18
2871,region_15,43193,19
2872,region_16,16091,20
2873,region_0,11085,21
2874,region_1,29740,22
2875,region_2,44036,23
2876,region_3,7452,24
2877,region_4,51787,25
2878,region_5,19408,26
2879,region_6,60757,27
2880,region_7,44237,28
2881,region_8,13039,29
2882,region_9,8370,30
2883,region_10,54653,0
2884,region_11,62441,1
2885,region_12,31581,2
2886,region_13,32446,3
2887,region_14,48307,4
2888,region_15,2090,5
2889,region_16,13339,6
2890,region_0,17757,7
2891,region_1,28060,8
2892,region_2,45542,9
2893,region_3,5873,10
2894,region_4,64093,11
2895,region_5,55826,12
2896,region_6,5097,13
2897,region_7,1624,14
2898,region_8,19737,15
2899,region_9,53164,16
2900,region_10,32760,17
2901,region_11,55698,18
2902,region_12,63198,19
2903,region_13,44346,20
2904,region_14,63819,21
2905,region_15,11124,22
2906,region_16,4297,23
2907,region_0,8415,24
2908,region_1,41147,25
2909,region_2,20653,26
2910,region_3,25921,27
2911,region_4,33663,28
2912,region_5,42236,29
2913,region_6,38278,30
2914,region_7,39137,0
2915,region_8,63726,1
2916,region_9,24343,2
2917,region_10,62070,3
2918,region_11,439,4
2919,region_12,33164,5
2920,region_13,48006,6
2921,region_14,45270,7
2922,region_15,8908,8
2923,region_16,15733,9
2924,region_0,37815,10
2925,region_1,20479,11
2926,region_2,42206,12
2927,region_3,45662,13
2928,region_4,38133,14
2929,region_5,48329,15
2930,region_6,27644,16
2931,region_7,64860,17
2932,region_8,11041,18
2933,region_9,10846,19
2934,region_10,30269,20
2935,region_11,52693,21
2936,region_12,20969,22
2937,region_13,5989,23
2938,region_14,19815,24
2939,region_15,44208,25
2940,region_16,52230,26
2941,region_0,26406,27
2942,region_1,62957,28
2943,region_2,10922,29
2944,region_3,34560,30
2945,region_4,29926,0
2946,region_5,5752,1
2947,region_6,55508,2
2948,region_7,13394,3
2949,region_8,33522,4
2950,region_9,23127,5
2951,region_10,32921,6
2952,region_11,42695,7
2953,region_12,51061,8
2954,region_13,50811,9
2955,region_14,5250,10
2956,region_15,27606,11
2957,region_16,57125,12
2958,region_0,2522,13
2959,region_1,10566,14
2960,region_2,20235,15
2961,region_3,30570,16
2962,region_4,13961,17
2963,region_5,59768,18
2964,region_6,24292,19
2965,region_7,6360,20
2966,region_8,33749,21
2967,region_9,36387,22
2968,region_10,58768,23
2969,region_11,54904,24
2970,region_12,35973,25
2971,region_13,42790,26
2972,region_14,11690,27
2973,region_15,11606,28
2974,region_16,44535,29
2975,region_0,41384,30
2976,region_1,3900,0
2977,region_2,29518,1
2978,region_3,46565,2
2979,region_4,35861,3
2980,region_5,33517,4
2981,region_6,4334,5
2982,region_7,15359,6
2983,region_8,62963,7
2984,region_9,7880,8
2985,region_10,35998,9
2986,region_11,43396,10
2987,region_12,58715,11
2988,region_13,50234,12
2989,region_14,50721,13
2990,region_15,56011,14
2991,region_16,37787,15
2992,region_0,12889,16
2993,region_1,50649,17
2994,region_2,26810,18
2995,region_3,12396,19
2996,region_4,19021,20
2997,region_5,59930,21
2998,region_6,12592,22
2999,region_7,27435,23
3000,region_8,25406,24
3001,region_9,39276,25
3002,region_10,63918,26
3003,region_11,49026,27
3004,region_12,30299,28
3005,region_13,1591,29
3006,region_14,12908,30
3007,region_15,20947,0
3008,region_16,19118,1
3009,region_0,22754,2
3010,region_1,41720,3
3011,region_2,40038,4
3012,region_3,4505,5
3013,region_4,39535,6
3014,region_5,61190,7
3015,region_6,3688,8
3016,region_7,35087,9
3017,region_8,42373,10
3018,region_9,24076,11
3019,region_10,63977,12
3020,region_11,2519,13
3021,region_12,27057,14
3022,region_13,23265,15
3023,region_14,11338,16
3024,region_15,32334,17
3025,region_16,54395,18
3026,region_0,28912,19
3027,region_1,11921,20
3028,region_2,37371,21
3029,region_3,60221,22
3030,region_4,5259,23
3031,region_5,63648,24
3032,region_6,29975,25
3033,region_7,3744,26
3034,region_8,29883,27
3035,region_9,2577,28
3036,region_10,44571,29
3037,region_11,52954,30
3038,region_12,47017,0
3039,region_13,48050,1
3040,region_14,7736,2
3041,region_15,7732,3
3042,region_16,11459,4
3043,region_0,9354,5
3044,region_1,61003,6
3045,region_2,21993,7
3046,region_3,26703,8
3047,region_4,16107,9
3048,region_5,47996,10
3049,region_6,40502,11
3050,region_7,21617,12
3051,region_8,53768,13
3052,region_9,47991,14
3053,region_10,12704,15
3054,region_11,16468,16
3055,region_12,50756,17
3056,region_13,54656,18
3057,region_14,1979,19
3058,region_15,12431,20
3059,region_16,47780,21
3060,region_0,3287,22
3061,region_1,42607,23
3062,region_2,13628,24
3063,region_3,62843,25
3064,region_4,35845,26
3065,region_5,22590,27
3066,region_6,42558,28
3067,region_7,25262,29
3068,region_8,22821,30
3069,region_9,53203,0
3070,region_10,57995,1
3071,region_11,23554,2
3072,region_12,14615,3
3073,region_13,42519,4
3074,region_14,20727,5
3075,region_15,52560,6
3076,region_16,61393,7
3077,region_0,39318,8
3078,region_1,657,9
3079,region_2,35703,10
3080,region_3,52927,11
3081,region_4,50262,12
3082,region_5,18753,13
3083,region_6,43591,14
3084,region_7,2823,15
3085,region_8,62416,16
3086,region_9,29877,17
3087,region_10,17062,18
3088,region_11,37905,19
3089,region_12,58873,20
3090,region_13,44021,21
3091,region_14,55990,22
3092,region_15,16694,23
3093,region_16,4308,24
3094,region_0,62432,25
3095,region_1,12356,26
3096,region_2,12820,27
3097,region_3,28119,28
3098,region_4,9784,29
3099,region_5,26746,30
3100,region_6,401,0
3101,region_7,7483,1
3102,region_8,58442,2
3103,region_9,56436,3
3104,region_10,54921,4
3105,region_11,16667,5
3106,region_12,928,6
3107,region_13,50222,7
3108,region_14,12424,8
3109,region_15,51531,9
3110,region_16,59028,10
3111,region_0,55679,11
3112,region_1,13621,12
3113,region_2,44135,13
3114,region_3,17762,14
3115,region_4,18363,15
3116,region_5,61546,16
3117,region_6,23114,17
3118,region_7,52280,18
3119,region_8,50590,19
3120,region_9,17008,20
3121,region_10,57133,21
3122,region_11,56591,22
3123,region_12,29204,23
3124,region_13,4394,24
3125,region_14,50655,25
3126,region_15,4559,26
3127,region_16,19970,27
3128,region_0,46409,28
3129,region_1,22338,29
3130,region_2,51638,30
3131,region_3,20865,0
3132,region_4,22605,1
3133,region_5,61822,2
3134,region_6,44903,3
3135,region_7,3670,4
3136,region_8,39217,5
3137,region_9,47425,6
3138,region_10,46400,7
3139,region_11,28465,8
3140,region_12,20377,9
3141,region_13,33014,10
3142,region_14,15296,11
3143,region_15,49853,12
3144,region_16,2465,13
3145,region_0,14930,14
3146,region_1,37536,15
3147,region_2,4455,16
3148,region_3,53845,17
3149,region_4,27765,18
3150,region_5,39203,19
3151,region_6,5834,20
3152,region_7,49270,21
3153,region_8,44671,22
3154,region_9,3399,23
3155,region_10,52336,24
3156,region_11,22180,25
3157,region_12,50755,26
3158,region_13,49188,27
3159,region_14,60163,28
3160,region_15,50591,29
3161,region_16,1927,30
3162,region_0,6830,0
3163,region_1,6481,1
3164,region_2,2296,2
3165,region_3,27067,3
3166,region_4,60290,4
3167,region_5,53523,5
3168,region_6,24841,6
3169,region_7,3525,7
3170,region_8,30899,8
3171,region_9,33291,9
3172,region_10,35803,10
3173,region_11,19915,11
3174,region_12,30670,12
3175,region_13,22024,13
3176,region_14,51582,14
3177,region_15,34243,15
3178,region_16,31974,16
3179,region_0,5632,17
3180,region_1,23961,18
3181,region_2,22285,19
3182,region_3,13818,20
3183,region_4,37695,21
3184,region_5,26021,22
3185,region_6,60829,23
3186,region_7,52327,24
3187,region_8,54509,25
3188,region_9,60682,26
3189,region_10,51954,27
3190,region_11,9596,28
3191,region_12,47951,29
3192,region_13,802,30
3193,region_14,55965,0
3194,region_15,12870,1
3195,region_16,14739,2
3196,region_0,65307,3
3197,region_1,19926,4
3198,region_2,20136,5
3199,region_3,8367,6
3200,region_4,6953,7
3201,region_5,44899,8
3202,region_6,8392,9
3203,region_7,27610,10
3204,region_8,25997,11
3205,region_9,5841,12
3206,region_10,48499,13
3207,region_11,54571,14
3208,region_12,47118,15
3209,region_13,33279,16
3210,region_14,1158,17
3211,region_15,38582,18
3212,region_16,10854,19
3213,region_0,54949,20
3214,region_1,39243,21
3215,region_2,62655,22
3216,region_3,52876,23
3217,region_4,47563,24
3218,region_5,28300,25
3219,region_6,35774,26
3220,region_7,18424,27
3221,region_8,1713,28
3222,region_9,23876,29
3223,region_10,65014,30
3224,region_11,59321,0
3225,region_12,5087,1
3226,region_13,34588,2
3227,region_14,45086,3
3228,region_15,44765,4
3229,region_16,3901,5
3230,region_0,21166,6
3231,region_1,40323,7
3232,region_2,57172,8
3233,region_3,21045,9
3234,region_4,48121,10
3235,region_5,57379,11
3236,region_6,3754,12
3237,region_7,1314,13
3238,region_8,36374,14
3239,region_9,9706,15
3240,region_10,37062,16
3241,region_11,16541,17
3242,region_12,9357,18
3243,region_13,3249,19
3244,region_14,29876,20
3245,region_15,19031,21
3246,region_16,8706,22
3247,region_0,19363,23
3248,region_1,52236,24
3249,region_2,22626,25
3250,region_3,31095,26
3251,region_4,59106,27
3252,region_5,32892,28
3253,region_6,49944,29
3254,region_7,36559,30
3255,region_8,34815,0
3256,region_9,3377,1
3257,region_10,43601,2
3258,region_11,37058,3
3259,region_12,50654,4
3260,region_13,40935,5
3261,region_14,38974,6
3262,region_15,51015,7
3263,region_16,63825,8
3264,region_0,17998,9
3265,region_1,34910,10
3266,region_2,42381,11
3267,region_3,36007,12
3268,region_4,60315,13
3269,region_5,43184,14
3270,region_6,15335,15
3271,region_7,19487,16
3272,region_8,46355,17
3273,region_9,18164,18
3274,region_10,55970,19
3275,region_11,39085,20
3276,region_12,56008,21
3277,region_13,19040,22
3278,region_14,40886,23
3279,region_15,51283,24
3280,region_16,31430,25
3281,region_0,60265,26
3282,region_1,36011,27
3283,region_2,20667,28
3284,region_3,19423,29
3285,region_4,31180,30
3286,region_5,16964,0
3287,region_6,52531,1
3288,region_7,2790,2
3289,region_8,32492,3
3290,region_9,50581,4
3291,region_10,63569,5
3292,region_11,11038,6
3293,region_12,21616,7
3294,region_13,50153,8
3295,region_14,42272,9
3296,region_15,47806,10
3297,region_16,20693,11
3298,region_0,14737,12
3299,region_1,51095,13
3300,region_2,7265,14
3301,region_3,29125,15
3302,region_4,10812,16
3303,region_5,20816,17
3304,region_6,37234,18
3305,region_7,19626,19
3306,region_8,61944,20
3307,region_9,52118,21
3308,region_10,48504,22
3309,region_11,42213,23
3310,region_12,21958,24
3311,region_13,61545,25
3312,region_14,3367,26
3313,region_15,59136,27
3314,region_16,65032,28
3315,region_0,23641,29
3316,region_1,63683,30
3317,region_2,8306,0
3318,region_3,12454,1
3319,region_4,14765,2
3320,region_5,62852,3
3321,region_6,65024,4
3322,region_7,30818,5
3323,region_8,36039,6
3324,region_9,35159,7
3325,region_10,9871,8
3326,region_11,26123,9
3327,region_12,28330,10
3328,region_13,15753,11
3329,region_14,26212,12
3330,region_15,53512,13
3331,region_16,46302,14
3332,region_0,56442,15
3333,region_1,48134,16
3334,region_2,20977,17
3335,region_3,50596,18
3336,region_4,52555,19
3337,region_5,53129,20
3338,region_6,9356,21
3339,region_7,30744,22
3340,region_8,16211,23
3341,region_9,38634,24
3342,region_10,16142,25
3343,region_11,19494,26
3344,region_12,47254,27
3345,region_13,59063,28
3346,region_14,12705,29
3347,region_15,60558,30
3348,region_16,22351,0
3349,region_0,11165,1
3350,region_1,33677,2
3351,region_2,45950,3
3352,region_3,58427,4
3353,region_4,19503,5
3354,region_5,60745,6
3355,region_6,28987,7
3356,region_7,8528,8
3357,region_8,54711,9
3358,region_9,58564,10
3359,region_10,8321,11
3360,region_11,20353,12
3361,region_12,31865,13
3362,region_13,55547,14
3363,region_14,37387,15
3364,region_15,48112,16
3365,region_16,35484,17
3366,region_0,61477,18
3367,region_1,28547,19
3368,region_2,35283,20
3369,region_3,14483,21
3370,region_4,25641,22
3371,region_5,57956,23
3372,region_6,2372,24
3373,region_7,49874,25
3374,region_8,29230,26
3375,region_9,40732,27
3376,region_10,60773,28
3377,region_11,17586,29
3378,region_12,61517,30
3379,region_13,17162,0
3380,region_14,30906,1
3381,region_15,46022,2
3382,region_16,13249,3
3383,region_0,26878,4
3384,region_1,61220,5
3385,region_2,30586,6
3386,region_3,10670,7
3387,region_4,8377,8
3388,region_5,51486,9
3389,region_6,47882,10
3390,region_7,38740,11
3391,region_8,24707,12
3392,region_9,41840,13
3393,region_10,21719,14
3394,region_11,65160,15
3395,region_12,49653,16
3396,region_13,36637,17
3397,region_14,31346,18
3398,region_15,59756,19
3399,region_16,1161,20
3400,region_0,1862,21
3401,region_1,7842,22
3402,region_2,1446,23
3403,region_3,62795,24
3404,region_4,61934,25
3405,region_5,44305,26
3406,region_6,64103,27
3407,region_7,29123,28
3408,region_8,12877,29
3409,region_9,25166,30
3410,region_10,10158,0
3411,region_11,1873,1
3412,region_12,17867,2
3413,region_13,63324,3
3414,region_14,46218,4
3415,region_15,8640,5
3416,region_16,37299,6
3417,region_0,54542,7
3418,region_1,15665,8
3419,region_2,31179,9
3420,region_3,19851,10
3421,region_4,22487,11
3422,region_5,23628,12
3423,region_6,58756,13
3424,region_7,19725,14
3425,region_8,33254,15
3426,region_9,5134,16
3427,region_10,59011,17
3428,region_11,22263,18
3429,region_12,7737,19
3430,region_13,47001,20
3431,region_14,23633,21
3432,region_15,1868,22
3433,region_16,57967,23
3434,region_0,65289,24
3435,region_1,53335,25
3436,region_2,49690,26
3437,region_3,2228,27
3438,region_4,5466,28
3439,region_5,33793,29
3440,region_6,11468,30
3441,region_7,45235,0
3442,region_8,12769,1
3443,region_9,24821,2
3444,region_10,62342,3
3445,region_11,27257,4
3446,region_12,64208,5
3447,region_13,26604,6
3448,region_14,45979,7
3449,region_15,21954,8
3450,region_16,65155,9
3451,region_0,16518,10
3452,region_1,58992,11
3453,region_2,63961,12
3454,region_3,25914,13
3455,region_4,9926,14
3456,region_5,17281,15
3457,region_6,60917,16
3458,region_7,27962,17
3459,region_8,42528,18
3460,region_9,44143,19
3461,region_10,57367,20
3462,region_11,59750,21
3463,region_12,29086,22
3464,region_13,61921,23
3465,region_14,20272,24
3466,region_15,31673,25
3467,region_16,28892,26
3468,region_0,6341,27
3469,region_1,4693,28
3470,region_2,64156,29
3471,region_3,15080,30
3472,region_4,3798,0
3473,region_5,45192,1
3474,region_6,23197,2
3475,region_7,19953,3
3476,region_8,5084,4
3477,region_9,52996,5
3478,region_10,51854,6
3479,region_11,37194,7
3480,region_12,23039,8
3481,region_13,61651,9
3482,region_14,5074,10
3483,region_15,33666,11
3484,region_16,13912,12
3485,region_0,43373,13
3486,region_1,6070,14
3487,region_2,27544,15
3488,region_3,53446,16
3489,region_4,5474,17
3490,region_5,34479,18
3491,region_6,19096,19
3492,region_7,28373,20
3493,region_8,56782,21
3494,region_9,58170,22
3495,region_10,5894,23
3496,region_11,23124,24
3497,region_12,29672,25
3498,region_13,37227,26
3499,region_14,51033,27
3500,region_15,4858,28
3501,region_16,10240,29
3502,region_0,55498,30
3503,region_1,3008,0
3504,region_2,15863,1
3505,region_3,28097,2
3506,region_4,31601,3
3507,region_5,64447,4
3508,region_6,8112,5
3509,region_7,39895,6
3510,region_8,16424,7
3511,region_9,12970,8
3512,region_10,47394,9
3513,region_11,50703,10
3514,region_12,44551,11
3515,region_13,61868,12
3516,region_14,45298,13
3517,region_15,60467,14
3518,region_16,50089,15
3519,region_0,14283,16
3520,region_1,17489,17
3521,region_2,32004,18
3522,region_3,60659,19
3523,region_4,14008,20
3524,region_5,44111,21
3525,region_6,49215,22
3526,region_7,47890,23
3527,region_8,29939,24
3528,region_9,21552,25
3529,region_10,46041,26
3530,region_11,17618,27
3531,region_12,36746,28
3532,region_13,34103,29
3533,region_14,20832,30
3534,region_15,60975,0
3535,region_16,60022,1
3536,region_0,4968,2
3537,region_1,16374,3
3538,region_2,49352,4
3539,region_3,36695,5
3540,region_4,6314,6
3541,region_5,30766,7
3542,region_6,45525,8
3543,region_7,60931,9
3544,region_8,11633,10
3545,region_9,38412,11
3546,region_10,29983,12
3547,region_11,56984,13
3548,region_12,7948,14
3549,region_13,60535,15
3550,region_14,63308,16
3551,region_15,23438,17
3552,region_16,43170,18
3553,region_0,49419,19
3554,region_1,645,20
3555,region_2,8081,21
3556,region_3,32516,22
3557,region_4,4190,23
3558,region_5,2888,24
3559,region_6,8518,25
3560,region_7,42354,26
3561,region_8,35932,27
3562,region_9,535,28
3563,region_10,64789,29
3564,region_11,28466,30
3565,region_12,28474,0
3566,region_13,1544,1
3567,region_14,40464,2
3568,region_15,55431,3
3569,region_16,56338,4
3570,region_0,31764,5
3571,region_1,59018,6
3572,region_2,6235,7
3573,region_3,26566,8
3574,region_4,47002,9
3575,region_5,27292,10
3576,region_6,61115,11
3577,region_7,52160,12
3578,region_8,50636,13
3579,region_9,12313,14
3580,region_10,3986,15
3581,region_11,26420,16
3582,region_12,42397,17
3583,region_13,48157,18
3584,region_14,44488,19
3585,region_15,54864,20
3586,region_16,459,21
3587,region_0,5303,22
3588,region_1,50736,23
3589,region_2,38455,24
3590,region_3,37129,25
3591,region_4,4536,26
3592,region_5,49723,27
3593,region_6,17003,28
3594,region_7,52043,29
3595,region_8,36108,30
3596,region_9,10431,0
3597,region_10,60052,1
3598,region_11,4755,2
3599,region_12,54070,3
3600,region_13,42735,4
3601,region_14,48104,5
3602,region_15,55651,6
3603,region_16,65095,7
3604,region_0,60973,8
3605,region_1,14600,9
3606,region_2,47044,10
3607,region_3,29986,11
3608,region_4,9810,12
3609,region_5,719,13
3610,region_6,59594,14
3611,region_7,56679,15
3612,region_8,51168,16
3613,region_9,87,17
3614,region_10,31667,18
3615,region_11,32240,19
3616,region_12,28428,20
3617,region_13,12989,21
3618,region_14,58638,22
3619,region_15,8410,23
3620,region_16,47634,24
3621,region_0,18939,25
3622,region_1,13196,26
3623,region_2,50856,27
3624,region_3,45018,28
3625,region_4,10892,29
3626,region_5,40905,30
3627,region_6,8574,0
3628,region_7,17408,1
3629,region_8,27864,2
3630,region_9,41727,3
3631,region_10,40821,4
3632,region_11,14459,5
3633,region_12,24744,6
3634,region_13,9293,7
3635,region_14,48114,8
3636,region_15,17339,9
3637,region_16,62616,10
3638,region_0,55013,11
3639,region_1,37210,12
3640,region_2,1006,13
3641,region_3,7825,14
3642,region_4,14375,15
3643,region_5,37050,16
3644,region_6,1274,17
3645,region_7,53362,18
3646,region_8,48655,19
3647,region_9,59662,20
3648,region_10,10383,21
3649,region_11,17435,22
3650,region_12,38783,23
3651,region_13,6233,24
3652,region_14,23351,25
3653,region_15,41648,26
3654,region_16,27604,27
3655,region_0,33008,28
3656,region_1,44436,29
3657,region_2,44160,30
3658,region_3,63629,0
3659,region_4,20414,1
3660,region_5,27879,2
3661,region_6,54290,3
3662,region_7,43029,4
3663,region_8,52890,5
3664,region_9,21231,6
3665,region_10,20021,7
3666,region_11,35057,8
3667,region_12,54598,9
3668,region_13,47350,10
3669,region_14,47080,11
3670,region_15,58483,12
3671,region_16,34550,13
3672,region_0,29124,14
3673,region_1,25249,15
3674,region_2,5853,16
3675,region_3,21915,17
3676,region_4,53115,18
3677,region_5,31059,19
3678,region_6,8169,20
3679,region_7,50559,21
3680,region_8,49130,22
3681,region_9,26745,23
3682,region_10,35608,24
3683,region_11,32630,25
3684,region_12,58978,26
3685,region_13,9738,27
3686,region_14,49832,28
3687,region_15,31831,29
3688,region_16,45464,30
3689,region_0,49872,0
3690,region_1,56342,1
3691,region_2,52743,2
3692,region_3,55326,3
3693,region_4,36095,4
3694,region_5,61809,5
3695,region_6,23412,6
3696,region_7,52689,7
3697,region_8,18987,8
3698,region_9,25479,9
3699,region_10,24308,10
3700,region_11,21254,11
3701,region_12,22796,12
3702,region_13,19455,13
3703,region_14,64631,14
3704,region_15,45435,15
3705,region_16,50757,16
3706,region_0,53737,17
3707,region_1,33261,18
3708,region_2,35384,19
3709,region_3,44801,20
3710,region_4,14738,21
3711,region_5,269,22
3712,region_6,13155,23
3713,region_7,55335,24
3714,region_8,12570,25
3715,region_9,18000,26
3716,region_10,6502,27
3717,region_11,22416,28
3718,region_12,44331,29
3719,region_13,62362,30
3720,region_14,43379,0
3721,region_15,15613,1
3722,region_16,12086,2
3723,region_0,10033,3
3724,region_1,49825,4
3725,region_2,753,5
3726,region_3,40630,6
3727,region_4,12549,7
3728,region_5,59004,8
3729,region_6,38607,9
3730,region_7,13892,10
3731,region_8,8766,11
3732,region_9,56920,12
3733,region_10,19548,13
3734,region_11,43375,14
3735,region_12,53141,15
3736,region_13,27948,16
3737,region_14,58365,17
3738,region_15,26443,18
3739,region_16,7386,19
3740,region_0,3124,20
3741,region_1,64503,21
3742,region_2,53901,22
3743,region_3,11523,23
3744,region_4,50130,24
3745,region_5,43228,25
3746,region_6,1071,26
3747,region_7,12142,27
3748,region_8,50071,28
3749,region_9,6,29
3750,region_10,65244,30
3751,region_11,35783,0
3752,region_12,41325,1
3753,region_13,32443,2
3754,region_14,31908,3
3755,region_15,14606,4
3756,region_16,3073,5
3757,region_0,18209,6
3758,region_1,50021,7
3759,region_2,35228,8
3760,region_3,21115,9
3761,region_4,50023,10
3762,region_5,65148,11
3763,region_6,15232,12
3764,region_7,18450,13
3765,region_8,50329,14
3766,region_9,46910,15
3767,region_10,2295,16
3768,region_11,39133,17
3769,region_12,33153,18
3770,region_13,16518,19
3771,region_14,5685,20
3772,region_15,27706,21
3773,region_16,38359,22
3774,region_0,35891,23
3775,region_1,54692,24
3776,region_2,46368,25
3777,region_3,42121,26
3778,region_4,60155,27
3779,region_5,63264,28
3780,region_6,24641,29
3781,region_7,45391,30
3782,region_8,27154,0
3783,region_9,17536,1
3784,region_10,35668,2
3785,region_11,16549,3
3786,region_12,46342,4
3787,region_13,27646,5
3788,region_14,23036,6
3789,region_15,38586,7
3790,region_16,56822,8
3791,region_0,38142,9
3792,region_1,27253,10
3793,region_2,35218,11
3794,region_3,37091,12
3795,region_4,42220,13
3796,region_5,33358,14
3797,region_6,13118,15
3798,region_7,42987,16
3799,region_8,26497,17
3800,region_9,23254,18
3801,region_10,21626,19
3802,region_11,45636,20
3803,region_12,41353,21
3804,region_13,22581,22
3805,region_14,57290,23
3806,region_15,38157,24
3807,region_16,25040,25
3808,region_0,26818,26
3809,region_1,51480,27
3810,region_2,48291,28
3811,region_3,12932,29
3812,region_4,16318,30
3813,region_5,46841,0
3814,region_6,22593,1
3815,region_7,54824,2
3816,region_8,10257,3
3817,region_9,516,4
3818,region_10,21044,5
3819,region_11,16189,6
3820,region_12,43080,7
3821,region_13,22597,8
3822,region_14,44972,9
3823,region_15,46370,10
3824,region_16,42406,11
3825,region_0,55758,12
3826,region_1,9185,13
3827,region_2,39630,14
3828,region_3,136,15
3829,region_4,30095,16
3830,region_5,42422,17
3831,region_6,313,18
3832,region_7,7697,19
3833,region_8,56195,20
3834,region_9,24574,21
3835,region_10,4226,22
3836,region_11,62360,23
3837,region_12,37163,24
3838,region_13,62978,25
3839,region_14,5325,26
3840,region_15,6643,27
3841,region_16,37404,28
3842,region_0,60793,29
3843,region_1,43697,30
3844,region_2,48999,0
3845,region_3,58566,1
3846,region_4,32176,2
3847,region_5,27047,3
3848,region_6,21796,4
3849,region_7,62139,5
3850,region_8,51331,6
3851,region_9,54680,7
3852,region_10,41678,8
3853,region_11,33029,9
3854,region_12,48611,10
3855,region_13,43727,11
3856,region_14,53892,12
3857,region_15,57919,13
3858,region_16,50310,14
3859,region_0,60259,15
3860,region_1,52946,16
3861,region_2,49283,17
3862,region_3,10498,18
3863,region_4,45151,19
3864,region_5,39504,20
3865,region_6,7965,21
3866,region_7,65459,22
3867,region_8,42597,23
3868,region_9,33168,24
3869,region_10,33065,25
3870,region_11,26502,26
3871,region_12,60280,27
3872,region_13,10420,28
3873,region_14,8706,29
3874,region_15,50828,30
3875,region_16,14469,0
3876,region_0,10053,1
3877,region_1,20296,2
3878,region_2,60991,3
3879,region_3,55254,4
3880,region_4,55566,5
3881,region_5,29299,6
3882,region_6,6952,7
3883,region_7,16286,8
3884,region_8,2977,9
3885,region_9,12816,10
3886,region_10,62953,11
3887,region_11,5872,12
3888,region_12,21398,13
3889,region_13,36534,14
3890,region_14,65325,15
3891,region_15,17538,16
3892,region_16,31931,17
3893,region_0,27965,18
3894,region_1,39748,19
3895,region_2,18891,20
3896,region_3,1326,21
3897,region_4,30414,22
3898,region_5,43074,23
3899,region_6,9030,24
3900,region_7,10629,25
3901,region_8,23546,26
3902,region_9,3397,27
3903,region_10,63147,28
3904,region_11,24033,29
3905,region_12,33407,30
3906,region_13,15722,0
3907,region_14,39313,1
3908,region_15,32184,2
3909,region_16,63041,3
3910,region_0,34104,4
3911,region_1,39428,5
3912,region_2,3709,6
3913,region_3,20126,7
3914,region_4,6115,8
3915,region_5,50903,9
3916,region_6,3721,10
3917,region_7,34070,11
3918,region_8,23019,12
3919,region_9,10750,13
3920,region_10,27199,14
3921,region_11,63991,15
3922,region_12,44176,16
3923,region_13,8021,17
3924,region_14,48398,18
3925,region_15,5412,19
3926,region_16,3175,20
3927,region_0,728,21
3928,region_1,20327,22
3929,region_2,63523,23
3930,region_3,5860,24
3931,region_4,19233,25
3932,region_5,63022,26
3933,region_6,10177,27
3934,region_7,21363,28
3935,region_8,39826,29
3936,region_9,46917,30
3937,region_10,52266,0
3938,region_11,46986,1
3939,region_12,31116,2
3940,region_13,28246,3
3941,region_14,48250,4
3942,region_15,49029,5
3943,region_16,62494,6
3944,region_0,3412,7
3945,region_1,47798,8
3946,region_2,30948,9
3947,region_3,19922,10
3948,region_4,49169,11
3949,region_5,19910,12
3950,region_6,64110,13
3951,region_7,36665,14
3952,region_8,13158,15
3953,region_9,56129,16
3954,region_10,19125,17
3955,region_11,13801,18
3956,region_12,31771,19
3957,region_13,27813,20
3958,region_14,51844,21
3959,region_15,59153,22
3960,region_16,26576,23
3961,region_0,37125,24
3962,region_1,19954,25
3963,region_2,47216,26
3964,region_3,62127,27
3965,region_4,18740,28
3966,region_5,40107,29
3967,region_6,2664,30
3968,region_7,61370,0
3969,region_8,61344,1
3970,region_9,46782,2
3971,region_10,48926,3
3972,region_11,25195,4
3973,region_12,53245,5
3974,region_13,52266,6
3975,region_14,865,7
3976,region_15,6198,8
3977,region_16,27227,9
3978,region_0,8286,10
3979,region_1,42551,11
3980,region_2,59436,12
3981,region_3,26752,13
3982,region_4,32722,14
3983,region_5,51431,15
3984,region_6,25324,16
3985,region_7,32298,17
3986,region_8,41844,18
3987,region_9,12917,19
3988,region_10,20453,20
3989,region_11,30146,21
3990,region_12,44147,22
3991,region_13,61097,23
3992,region_14,50943,24
3993,region_15,17344,25
3994,region_16,43323,26
3995,region_0,19050,27
3996,region_1,25493,28
3997,region_2,14433,29
3998,region_3,16971,30
3999,region_4,8264,0
4000,region_5,14960,1
4001,region_6,31645,2
4002,region_7,25596,3
4003,region_8,48142,4
4004,region_9,9825,5
4005,region_10,24842,6
4006,region_11,28365,7
4007,region_12,44840,8
4008,region_13,3100,9
4009,region_14,36922,10
4010,region_15,6316,11
4011,region_16,43816,12
4012,region_0,59880,13
4013,region_1,19339,14
4014,region_2,14210,15
4015,region_3,7159,16
4016,region_4,41428,17
4017,region_5,48352,18
4018,region_6,49461,19
4019,region_7,18552,20
4020,region_8,63135,21
4021,region_9,60500,22
4022,region_10,29746,23
4023,region_11,27261,24
4024,region_12,6418,25
4025,region_13,14771,26
4026,region_14,17185,27
4027,region_15,45187,28
4028,region_16,3831,29
4029,region_0,64120,30
4030,region_1,57698,0
4031,region_2,24320,1
4032,region_3,4447,2
4033,region_4,25715,3
4034,region_5,61814,4
4035,region_6,55066,5
4036,region_7,53693,6
4037,region_8,36387,7
4038,region_9,35925,8
4039,region_10,27399,9
4040,region_11,36535,10
4041,region_12,2921,11
4042,region_13,62707,12
4043,region_14,9616,13
4044,region_15,58574,14
4045,region_16,29404,15
4046,region_0,30509,16
4047,region_1,48973,17
4048,region_2,18525,18
4049,region_3,31311,19
4050,region_4,2800,20
4051,region_5,126,21
4052,region_6,27588,22
4053,region_7,13207,23
4054,region_8,9305,24
4055,region_9,21542,25
4056,region_10,61780,26
4057,region_11,37652,27
4058,region_12,52692,28
4059,region_13,34252,29
4060,region_14,49929,30
4061,region_15,61692,0
4062,region_16,22754,1
4063,region_0,31754,2
4064,region_1,46366,3
4065,region_2,45924,4
4066,region_3,2403,5
4067,region_4,24582,6
4068,region_5,22263,7
4069,region_6,57451,8
4070,region_7,8555,9
4071,region_8,65445,10
4072,region_9,51251,11
4073,region_10,53014,12
4074,region_11,46163,13
4075,region_12,7332,14
4076,region_13,41443,15
4077,region_14,45026,16
4078,region_15,20958,17
4079,region_16,49569,18
4080,region_0,41989,19
4081,region_1,6566,20
4082,region_2,14951,21
4083,region_3,8639,22
4084,region_4,15808,23
4085,region_5,20910,24
4086,region_6,3068,25
4087,region_7,29441,26
4088,region_8,4901,27
4089,region_9,12099,28
4090,region_10,48777,29
4091,region_11,34147,30
4092,region_12,44587,0
4093,region_13,32113,1
4094,region_14,14274,2
4095,region_15,37725,3
4096,region_16,13866,4
4097,region_0,38045,5
4098,region_1,65043,6
4099,region_2,28057,7
4100,region_3,62567,8
4101,region_4,1339,9
4102,region_5,51265,10
4103,region_6,10762,11
4104,region_7,11767,12
4105,region_8,23042,13
4106,region_9,15902,14
4107,region_10,134,15
4108,region_11,39284,16
4109,region_12,54155,17
4110,region_13,61531,18
4111,region_14,62424,19
4112,region_15,62441,20
4113,region_16,3415,21
4114,region_0,6788,22
4115,region_1,41592,23
4116,region_2,8034,24
4117,region_3,1229,25
4118,region_4,33918,26
4119,region_5,51817,27
4120,region_6,252,28
4121,region_7,44885,29
4122,region_8,64007,30
4123,region_9,10656,0
4124,region_10,20253,1
4125,region_11,4049,2
4126,region_12,186,3
4127,region_13,55378,4
4128,region_14,41189,5
4129,region_15,30934,6
4130,region_16,3831,7
4131,region_0,16811,8
4132,region_1,17127,9
4133,region_2,28233,10
4134,region_3,60817,11
4135,region_4,22376,12
4136,region_5,7780,13
4137,region_6,53532,14
4138,region_7,5603,15
4139,region_8,60169,16
4140,region_9,52572,17
4141,region_10,13773,18
4142,region_11,43619,19
4143,region_12,17277,20
4144,region_13,46373,21
4145,region_14,59123,22
4146,region_15,64798,23
4147,region_16,2080,24
4148,region_0,39945,25
4149,region_1,7352,26
4150,region_2,63450,27
4151,region_3,50507,28
4152,region_4,65131,29
4153,region_5,56764,30
4154,region_6,64822,0
4155,region_7,65237,1
4156,region_8,22146,2
4157,region_9,18276,3
4158,region_10,56245,4
4159,region_11,15317,5
4160,region_12,37600,6
4161,region_13,27188,7
4162,region_14,53196,8
4163,region_15,39440,9
4164,region_16,63699,10
4165,region_0,37334,11
4166,region_1,23534,12
4167,region_2,47891,13
4168,region_3,55546,14
4169,region_4,51742,15
4170,region_5,42027,16
4171,region_6,24393,17
4172,region_7,25717,18
4173,region_8,53434,19
4174,region_9,14265,20
4175,region_10,10343,21
4176,region_11,53526,22
4177,region_12,38503,23
4178,region_13,17103,24
4179,region_14,55895,25
4180,region_15,16649,26
4181,region_16,37648,27
4182,region_0,48310,28
4183,region_1,64813,29
4184,region_2,40666,30
4185,region_3,37327,0
4186,region_4,31879,1
4187,region_5,50628,2
4188,region_6,24279,3
4189,region_7,2977,4
4190,region_8,23152,5
4191,region_9,47366,6
4192,region_10,34056,7
4193,region_11,3124,8
4194,region_12,3747,9
4195,region_13,13971,10
4196,region_14,41122,11
4197,region_15,26763,12
4198,region_16,59328,13
4199,region_0,64889,14
4200,region_1,57938,15
4201,region_2,20143,16
4202,region_3,39803,17
4203,region_4,2213,18
4204,region_5,2429,19
4205,region_6,4358,20
4206,region_7,56597,21
4207,region_8,46470,22
4208,region_9,64889,23
4209,region_10,3515,24
4210,region_11,16777,25
4211,region_12,2080,26
4212,region_13,38127,27
4213,region_14,42250,28
4214,region_15,32733,29
4215,region_16,39531,30
4216,region_0,53529,0
4217,region_1,7377,1
4218,region_2,52606,2
4219,region_3,3554,3
4220,region_4,62175,4
4221,region_5,3217,5
4222,region_6,24715,6
4223,region_7,220,7
4224,region_8,3813,8
4225,region_9,5470,9
4226,region_10,50267,10
4227,region_11,36824,11
4228,region_12,32148,12
4229,region_13,36988,13
4230,region_14,25649,14
4231,region_15,47358,15
4232,region_16,55398,16
4233,region_0,11972,17
4234,region_1,37371,18
4235,region_2,2249,19
4236,region_3,48670,20
4237,region_4,59457,21
4238,region_5,26649,22
4239,region_6,7459,23
4240,region_7,57228,24
4241,region_8,3963,25
4242,region_9,13922,26
4243,region_10,3452,27
4244,region_11,32442,28
4245,region_12,18859,29
4246,region_13,23182,30
4247,region_14,57077,0
4248,region_15,14311,1
4249,region_16,56514,2
4250,region_0,55102,3
4251,region_1,59248,4
4252,region_2,11755,5
4253,region_3,51856,6
4254,region_4,58304,7
4255,region_5,57053,8
4256,region_6,15103,9
4257,region_7,35419,10
4258,region_8,215,11
4259,region_9,64771,12
4260,region_10,31827,13
4261,region_11,56469,14
4262,region_12,31361,15
4263,region_13,21728,16
4264,region_14,55552,17
4265,region_15,52537,18
4266,region_16,13932,19
4267,region_0,3646,20
4268,region_1,20456,21
4269,region_2,20566,22
4270,region_3,32021,23
4271,region_4,57528,24
4272,region_5,38576,25
4273,region_6,24773,26
4274,region_7,35040,27
4275,region_8,58753,28
4276,region_9,9734,29
4277,region_10,11900,30
4278,region_11,54636,0
4279,region_12,29077,1
4280,region_13,12225,2
4281,region_14,25956,3
4282,region_15,28072,4
4283,region_16,43874,5
4284,region_0,25547,6
4285,region_1,23174,7
4286,region_2,28649,8
4287,region_3,23967,9
4288,region_4,30736,10
4289,region_5,32955,11
4290,region_6,21974,12
4291,region_7,16393,13
4292,region_8,54325,14
4293,region_9,36762,15
4294,region_10,64955,16
4295,region_11,5213,17
4296,region_12,48621,18
4297,region_13,28481,19
4298,region_14,44910,20
4299,region_15,56234,21
4300,region_16,56564,22
4301,region_0,16447,23
4302,region_1,53437,24
4303,region_2,50161,25
4304,region_3,21937,26
4305,region_4,46579,27
4306,region_5,57886,28
4307,region_6,22102,29
4308,region_7,25655,30
4309,region_8,10858,0
4310,region_9,4118,1
4311,region_10,31925,2
4312,region_11,6302,3
4313,region_12,35963,4
4314,region_13,2300,5
4315,region_14,50527,6
4316,region_15,31752,7
4317,region_16,60544,8
4318,region_0,17859,9
4319,region_1,17757,10
4320,region_2,57719,11
4321,region_3,45570,12
4322,region_4,45282,13
4323,region_5,34400,14
4324,region_6,36655,15
4325,region_7,63560,16
4326,region_8,10222,17
4327,region_9,9246,18
4328,region_10,32236,19
4329,region_11,1695,20
4330,region_12,5212,21
4331,region_13,51757,22
4332,region_14,23458,23
4333,region_15,3190,24
4334,region_16,64293,25
4335,region_0,19594,26
4336,region_1,58681,27
4337,region_2,23115,28
4338,region_3,59173,29
4339,region_4,27911,30
4340,region_5,53589,0
4341,region_6,55274,1
4342,region_7,45071,2
4343,region_8,5310,3
4344,region_9,19167,4
4345,region_10,53645,5
4346,region_11,28687,6
4347,region_12,37177,7
4348,region_13,46829,8
4349,region_14,39080,9
4350,region_15,6846,10
4351,region_16,41419,11
4352,region_0,54044,12
4353,region_1,61959,13
4354,region_2,48591,14
4355,region_3,50260,15
4356,region_4,14522,16
4357,region_5,1677,17
4358,region_6,10131,18
4359,region_7,31958,19
4360,region_8,48943,20
4361,region_9,30562,21
4362,region_10,46012,22
4363,region_11,34836,23
4364,region_12,698,24
4365,region_13,50445,25
4366,region_14,20852,26
4367,region_15,21608,27
4368,region_16,18752,28
4369,region_0,12225,29
4370,region_1,51572,30
4371,region_2,36185,0
4372,region_3,4268,1
4373,region_4,57404,2
4374,region_5,20530,3
4375,region_6,23854,4
4376,region_7,29921,5
4377,region_8,43964,6
4378,region_9,1686,7
4379,region_10,28963,8
4380,region_11,59856,9
4381,region_12,43416,10
4382,region_13,60252,11
4383,region_14,60574,12
4384,region_15,41354,13
4385,region_16,15527,14
4386,region_0,7415,15
4387,region_1,26434,16
4388,region_2,55988,17
4389,region_3,36155,18
4390,region_4,7196,19
4391,region_5,25748,20
4392,region_6,540,21
4393,region_7,42200,22
4394,region_8,46615,23
4395,region_9,34625,24
4396,region_10,30031,25
4397,region_11,30944,26
4398,region_12,11622,27
4399,region_13,11907,28
4400,region_14,49780,29
4401,region_15,57786,30
4402,region_16,33426,0
4403,region_0,12032,1
4404,region_1,13146,2
4405,region_2,55284,3
4406,region_3,61367,4
4407,region_4,55752,5
4408,region_5,16205,6
4409,region_6,47007,7
4410,region_7,47993,8
4411,region_8,22599,9
4412,region_9,59035,10
4413,region_10,54377,11
4414,region_11,36965,12
4415,region_12,44932,13
4416,region_13,17432,14
4417,region_14,9732,15
4418,region_15,12071,16
4419,region_16,5364,17
4420,region_0,44631,18
4421,region_1,45304,19
4422,region_2,11406,20
4423,region_3,33121,21
4424,region_4,4612,22
4425,region_5,60801,23
4426,region_6,5732,24
4427,region_7,14404,25
4428,region_8,29003,26
4429,region_9,48772,27
4430,region_10,26873,28
4431,region_11,10594,29
4432,region_12,58259,30
4433,region_13,18231,0
4434,region_14,13232,1
4435,region_15,7269,2
4436,region_16,24533,3
4437,region_0,35872,4
4438,region_1,10379,5
4439,region_2,26260,6
4440,region_3,43066,7
4441,region_4,55189,8
4442,region_5,4171,9
4443,region_6,34572,10
4444,region_7,4341,11
4445,region_8,28769,12
4446,region_9,52799,13
4447,region_10,3759,14
4448,region_11,61617,15
4449,region_12,55838,16
4450,region_13,41401,17
4451,region_14,27020,18
4452,region_15,61062,19
4453,region_16,48388,20
4454,region_0,51938,21
4455,region_1,33044,22
4456,region_2,45595,23
4457,region_3,64868,24
4458,region_4,60356,25
4459,region_5,11310,26
4460,region_6,23484,27
4461,region_7,48755,28
4462,region_8,24295,29
4463,region_9,2173,30
4464,region_10,9387,0
4465,region_11,28345,1
4466,region_12,46409,2
4467,region_13,63543,3
4468,region_14,31338,4
4469,region_15,51576,5
4470,region_16,7668,6
4471,region_0,43771,7
4472,region_1,11874,8
4473,region_2,52844,9
4474,region_3,41662,10
4475,region_4,43203,11
4476,region_5,4381,12
4477,region_6,24989,13
4478,region_7,33720,14
4479,region_8,17279,15
4480,region_9,15773,16
4481,region_10,10942,17
4482,region_11,62031,18
4483,region_12,7259,19
4484,region_13,45484,20
4485,region_14,61003,21
4486,region_15,12659,22
4487,region_16,58132,23
4488,region_0,35863,24
4489,region_1,20206,25
4490,region_2,36672,26
4491,region_3,8705,27
4492,region_4,38100,28
4493,region_5,56057,29
4494,region_6,33762,30
4495,region_7,29173,0
4496,region_8,20844,1
4497,region_9,50032,2
4498,region_10,47904,3
4499,region_11,40056,4
4500,region_12,37075,5
4501,region_13,62680,6
4502,region_14,63855,7
4503,region_15,34874,8
4504,region_16,6763,9
4505,region_0,49218,10
4506,region_1,39559,11
4507,region_2,16806,12
4508,region_3,57289,13
4509,region_4,60687,14
4510,region_5,37265,15
4511,region_6,28473,16
4512,region_7,60827,17
4513,region_8,35677,18
4514,region_9,21537,19
4515,region_10,58995,20
4516,region_11,51460,21
4517,region_12,46392,22
4518,region_13,7943,23
4519,region_14,40546,24
4520,region_15,29950,25
4521,region_16,26507,26
4522,region_0,31420,27
4523,region_1,64402,28
4524,region_2,33779,29
4525,region_3,28124,30
4526,region_4,1781,0
4527,region_5,60146,1
4528,region_6,6239,2
4529,region_7,45703,3
4530,region_8,611,4
4531,region_9,57981,5
4532,region_10,28445,6
4533,region_11,32088,7
4534,region_12,46500,8
4535,region_13,44832,9
4536,region_14,61774,10
4537,region_15,15594,11
4538,region_16,12873,12
4539,region_0,56292,13
4540,region_1,34067,14
4541,region_2,55072,15
4542,region_3,42753,16
4543,region_4,9432,17
4544,region_5,53707,18
4545,region_6,30719,19
4546,region_7,7868,20
4547,region_8,375,21
4548,region_9,18494,22
4549,region_10,30620,23
4550,region_11,61623,24
4551,region_12,34604,25
4552,region_13,58610,26
4553,region_14,13145,27
4554,region_15,13692,28
4555,region_16,3575,29
4556,region_0,44428,30
4557,region_1,34649,0
4558,region_2,17532,1
4559,region_3,29335,2
4560,region_4,60252,3
4561,region_5,65349,4
4562,region_6,61044,5
4563,region_7,50443,6
4564,region_8,22122,7
4565,region_9,21159,8
4566,region_10,43107,9
4567,region_11,39313,10
4568,region_12,23663,11
4569,region_13,40413,12
4570,region_14,63271,13
4571,region_15,44949,14
4572,region_16,46636,15
4573,region_0,23244,16
4574,region_1,6406,17
4575,region_2,34657,18
4576,region_3,43072,19
4577,region_4,63752,20
4578,region_5,40371,21
4579,region_6,55314,22
4580,region_7,63993,23
4581,region_8,46403,24
4582,region_9,739,25
4583,region_10,26760,26
4584,region_11,39407,27
4585,region_12,24106,28
4586,region_13,3389,29
4587,region_14,40428,30
4588,region_15,30903,0
4589,region_16,58403,1
4590,region_0,62511,2
4591,region_1,43947,3
4592,region_2,64512,4
4593,region_3,3239,5
4594,region_4,22769,6
4595,region_5,921,7
4596,region_6,16006,8
4597,region_7,47512,9
4598,region_8,43869,10
4599,region_9,27018,11
4600,region_10,42817,12
4601,region_11,25851,13
4602,region_12,46874,14
4603,region_13,65254,15
4604,region_14,698,16
4605,region_15,57270,17
4606,region_16,52653,18
4607,region_0,53114,19
4608,region_1,62524,20
4609,region_2,16063,21
4610,region_3,46523,22
4611,region_4,10819,23
4612,region_5,41018,24
4613,region_6,12180,25
4614,region_7,39441,26
4615,region_8,5074,27
4616,region_9,61619,28
4617,region_10,51209,29
4618,region_11,7369,30
4619,region_12,23348,0
4620,region_13,40737,1
4621,region_14,8289,2
4622,region_15,37852,3
4623,region_16,20135,4
4624,region_0,2840,5
4625,region_1,28491,6
4626,region_2,56443,7
4627,region_3,16650,8
4628,region_4,21974,9
4629,region_5,42378,10
4630,region_6,40041,11
4631,region_7,9328,12
4632,region_8,26428,13
4633,region_9,52764,14
4634,region_10,44494,15
4635,region_11,22519,16
4636,region_12,20649,17
4637,region_13,8239,18
4638,region_14,64021,19
4639,region_15,50737,20
4640,region_16,30633,21
4641,region_0,42439,22
4642,region_1,28414,23
4643,region_2,6381,24
4644,region_3,39961,25
4645,region_4,52949,26
4646,region_5,36574,27
4647,region_6,23845,28
4648,region_7,16174,29
4649,region_8,51619,30
4650,region_9,29346,0
4651,region_10,34025,1
4652,region_11,38361,2
4653,region_12,15285,3
4654,region_13,50243,4
4655,region_14,45982,5
4656,region_15,9521,6
4657,region_16,28330,7
4658,region_0,64445,8
4659,region_1,49699,9
4660,region_2,965,10
4661,region_3,47518,11
4662,region_4,54226,12
4663,region_5,7498,13
4664,region_6,28648,14
4665,region_7,61087,15
4666,region_8,24623,16
4667,region_9,60358,17
4668,region_10,10915,18
4669,region_11,36734,19
4670,region_12,19130,20
4671,region_13,19772,21
4672,region_14,26616,22
4673,region_15,65063,23
4674,region_16,24508,24
4675,region_0,64556,25
4676,region_1,8929,26
4677,region_2,34650,27
4678,region_3,17123,28
4679,region_4,17070,29
4680,region_5,10679,30
4681,region_6,57221,0
4682,region_7,33308,1
4683,region_8,50664,2
4684,region_9,22007,3
4685,region_10,53531,4
4686,region_11,48961,5
4687,region_12,58144,6
4688,region_13,50375,7
4689,region_14,14898,8
4690,region_15,3392,9
4691,region_16,5915,10
4692,region_0,31692,11
4693,region_1,29807,12
4694,region_2,5505,13
4695,region_3,58215,14
4696,region_4,42,15
4697,region_5,4445,16
4698,region_6,23248,17
4699,region_7,16858,18
4700,region_8,34923,19
4701,region_9,15129,20
4702,region_10,62252,21
4703,region_11,38045,22
4704,region_12,20853,23
4705,region_13,54553,24
4706,region_14,28702,25
4707,region_15,16601,26
4708,region_16,53467,27
4709,region_0,49140,28
4710,region_1,43738,29
4711,region_2,38127,30
4712,region_3,42042,0
4713,region_4,15889,1
4714,region_5,46881,2
4715,region_6,35576,3
4716,region_7,56493,4
4717,region_8,18392,5
4718,region_9,59449,6
4719,region_10,11908,7
4720,region_11,26418,8
4721,region_12,62728,9
4722,region_13,14364,10
4723,region_14,28976,11
4724,region_15,50287,12
4725,region_16,39185,13
4726,region_0,64096,14
4727,region_1,30456,15
4728,region_2,36086,16
4729,region_3,36844,17
4730,region_4,17426,18
4731,region_5,32559,19
4732,region_6,20988,20
4733,region_7,48327,21
4734,region_8,18410,22
4735,region_9,1510,23
4736,region_10,65351,24
4737,region_11,3179,25
4738,region_12,9831,26
4739,region_13,62136,27
4740,region_14,31094,28
4741,region_15,466,29
4742,region_16,31708,30
4743,region_0,41904,0
4744,region_1,26248,1
4745,region_2,14453,2
4746,region_3,14689,3
4747,region_4,46538,4
4748,region_5,24563,5
4749,region_6,1438,6
4750,region_7,37049,7
4751,region_8,50777,8
4752,region_9,10077,9
4753,region_10,25068,10
4754,region_11,2959,11
4755,region_12,2930,12
4756,region_13,20996,13
4757,region_14,31534,14
4758,region_15,2676,15
4759,region_16,45753,16
4760,region_0,21993,17
4761,region_1,60201,18
4762,region_2,63282,19
4763,region_3,3426,20
4764,region_4,32770,21
4765,region_5,10295,22
4766,region_6,3073,23
4767,region_7,23658,24
4768,region_8,42286,25
4769,region_9,49459,26
4770,region_10,12173,27
4771,region_11,58231,28
4772,region_12,17757,29
4773,region_13,14569,30
4774,region_14,47788,0
4775,region_15,7960,1
4776,region_16,7129,2
4777,region_0,46831,3
4778,region_1,59159,4
4779,region_2,442,5
4780,region_3,61919,6
4781,region_4,57008,7
4782,region_5,38545,8
4783,region_6,33645,9
4784,region_7,36260,10
4785,region_8,37089,11
4786,region_9,7356,12
4787,region_10,28419,13
4788,region_11,1193,14
4789,region_12,199,15
4790,region_13,50957,16
4791,region_14,40491,17
4792,region_15,62570,18
4793,region_16,46936,19
4794,region_0,26321,20
4795,region_1,11541,21
4796,region_2,31260,22
4797,region_3,35135,23
4798,region_4,37336,24
4799,region_5,6330,25
4800,region_6,38030,26
4801,region_7,45863,27
4802,region_8,1209,28
4803,region_9,59963,29
4804,region_10,44656,30
4805,region_11,64986,0
4806,region_12,12095,1
4807,region_13,56476,2
4808,region_14,12022,3
4809,region_15,18294,4
4810,region_16,4919,5
4811,region_0,52918,6
4812,region_1,58740,7
4813,region_2,25532,8
4814,region_3,57060,9
4815,region_4,55298,10
4816,region_5,34071,11
4817,region_6,52613,12
4818,region_7,31333,13
4819,region_8,34563,14
4820,region_9,36810,15
4821,region_10,56540,16
4822,region_11,42259,17
4823,region_12,27612,18
4824,region_13,59422,19
4825,region_14,223,20
4826,region_15,22835,21
4827,region_16,5228,22
4828,region_0,27340,23
4829,region_1,53343,24
4830,region_2,16247,25
4831,region_3,8072,26
4832,region_4,13631,27
4833,region_5,64028,28
4834,region_6,56639,29
4835,region_7,40185,30
4836,region_8,62326,0
4837,region_9,57039,1
4838,region_10,39714,2
4839,region_11,60127,3
4840,region_12,47979,4
4841,region_13,43641,5
4842,region_14,58141,6
4843,region_15,35702,7
4844,region_16,34409,8
4845,region_0,44415,9
4846,region_1,51075,10
4847,region_2,30612,11
4848,region_3,65368,12
4849,region_4,38910,13
4850,region_5,34383,14
4851,region_6,52123,15
4852,region_7,36035,16
4853,region_8,16488,17
4854,region_9,53984,18
4855,region_10,51641,19
4856,region_11,63512,20
4857,region_12,10845,21
4858,region_13,26798,22
4859,region_14,2199,23
4860,region_15,39958,24
4861,region_16,55678,25
4862,region_0,40435,26
4863,region_1,25809,27
4864,region_2,27336,28
4865,region_3,30812,29
4866,region_4,57284,30
4867,region_5,33657,0
4868,region_6,12550,1
4869,region_7,55004,2
4870,region_8,48215,3
4871,region_9,1912,4
4872,region_10,13241,5
4873,region_11,9647,6
4874,region_12,62793,7
4875,region_13,10266,8
4876,region_14,47969,9
4877,region_15,56617,10
4878,region_16,56742,11
4879,region_0,40206,12
4880,region_1,55860,13
4881,region_2,30389,14
4882,region_3,16684,15
4883,region_4,11309,16
4884,region_5,41457,17
4885,region_6,35409,18
4886,region_7,39772,19
4887,region_8,114,20
4888,region_9,52154,21
4889,region_10,58861,22
4890,region_11,13839,23
4891,region_12,53904,24
4892,region_13,64497,25
4893,region_14,26468,26
4894,region_15,34247,27
4895,region_16,8609,28
4896,region_0,40115,29
4897,region_1,52304,30
4898,region_2,61254,0
4899,region_3,7726,1
4900,region_4,64397,2
4901,region_5,50146,3
4902,region_6,46165,4
4903,region_7,34392,5
4904,region_8,37050,6
4905,region_9,40866,7
4906,region_10,33499,8
4907,region_11,42633,9
4908,region_12,26915,10
4909,region_13,18763,11
4910,region_14,1862,12
4911,region_15,47189,13
4912,region_16,30566,14
4913,region_0,35239,15
4914,region_1,55510,16
4915,region_2,3963,17
4916,region_3,17829,18
4917,region_4,47232,19
4918,region_5,39656,20
4919,region_6,31296,21
4920,region_7,63599,22
4921,region_8,30619,23
4922,region_9,51668,24
4923,region_10,6447,25
4924,region_11,10930,26
4925,region_12,17799,27
4926,region_13,31778,28
4927,region_14,35461,29
4928,region_15,53982,30
4929,region_16,39748,0
4930,region_0,55780,1
4931,region_1,49621,2
4932,region_2,64975,3
4933,region_3,2011,4
4934,region_4,15793,5
4935,region_5,57170,6
4936,region_6,50237,7
4937,region_7,64190,8
4938,region_8,30564,9
4939,region_9,52396,10
4940,region_10,9924,11
4941,region_11,32953,12
4942,region_12,13676,13
4943,region_13,47868,14
4944,region_14,35244,15
4945,region_15,63483,16
4946,region_16,19855,17
4947,region_0,41048,18
4948,region_1,16770,19
4949,region_2,61529,20
4950,region_3,28655,21
4951,region_4,27690,22
4952,region_5,34363,23
4953,region_6,30320,24
4954,region_7,5312,25
4955,region_8,57414,26
4956,region_9,36918,27
4957,region_10,58195,28
4958,region_11,47859,29
4959,region_12,12886,30
4960,region_13,65497,0
4961,region_14,31424,1
4962,region_15,43348,2
4963,region_16,31784,3
4964,region_0,8761,4
4965,region_1,23566,5
4966,region_2,42856,6
4967,region_3,16909,7
4968,region_4,2629,8
4969,region_5,53933,9
4970,region_6,6796,10
4971,region_7,33513,11
4972,region_8,32707,12
4973,region_9,62333,13
4974,region_10,58345,14
4975,region_11,30072,15
4976,region_12,58986,16
4977,region_13,26765,17
4978,region_14,37902,18
4979,region_15,11694,19
4980,region_16,56276,20
4981,region_0,37544,21
4982,region_1,45789,22
4983,region_2,55890,23
4984,region_3,8001,24
4985,region_4,61811,25
4986,region_5,2963,26
4987,region_6,19066,27
4988,region_7,60530,28
4989,region_8,38343,29
4990,region_9,3489,30
4991,region_10,60939,0
4992,region_11,54576,1
4993,region_12,59595,2
4994,region_13,4272,3
4995,region_14,6174,4
4996,region_15,10595,5
4997,region_16,56795,6
4998,region_0,62590,7
4999,region_1,14298,8
5000,region_2,42641,9
5001,region_3,64843,10
5002,region_4,63806,11
5003,region_5,20116,12
5004,region_6,49456,13
5005,region_7,7433,14
5006,region_8,5367,15
5007,region_9,58181,16
5008,region_10,56812,17
5009,region_11,64155,18
5010,region_12,32375,19
5011,region_13,47782,20
5012,region_14,14171,21
5013,region_15,35406,22
5014,region_16,39545,23
5015,region_0,61976,24
5016,region_1,13561,25
5017,region_2,11312,26
5018,region_3,23678,27
5019,region_4,14911,28
5020,region_5,31243,29
5021,region_6,35584,30
5022,region_7,20869,0
5023,region_8,24996,1
5024,region_9,20503,2
5025,region_10,23307,3
5026,region_11,14187,4
5027,region_12,59894,5
5028,region_13,12611,6
5029,region_14,35121,7
5030,region_15,54325,8
5031,region_16,11421,9
5032,region_0,43935,10
5033,region_1,35861,11
5034,region_2,38671,12
5035,region_3,27671,13
5036,region_4,65360,14
5037,region_5,49755,15
5038,region_6,40240,16
5039,region_7,16731,17
5040,region_8,13157,18
5041,region_9,44496,19
5042,region_10,4864,20
5043,region_11,1499,21
5044,region_12,42575,22
5045,region_13,63728,23
5046,region_14,34750,24
5047,region_15,30812,25
5048,region_16,51263,26
5049,region_0,41341,27
5050,region_1,22181,28
5051,region_2,34508,29
5052,region_3,37683,30
5053,region_4,29716,0
5054,region_5,21041,1
5055,region_6,37019,2
5056,region_7,51998,3
5057,region_8,27035,4
5058,region_9,15793,5
5059,region_10,45499,6
5060,region_11,44578,7
5061,region_12,30604,8
5062,region_13,29408,9
5063,region_14,20393,10
5064,region_15,49825,11
5065,region_16,53057,12
5066,region_0,48025,13
5067,region_1,33461,14
5068,region_2,22143,15
5069,region_3,33564,16
5070,region_4,1189,17
5071,region_5,60259,18
5072,region_6,14395,19
5073,region_7,33254,20
5074,region_8,56758,21
5075,region_9,49684,22
5076,region_10,56593,23
5077,region_11,39737,24
5078,region_12,28336,25
5079,region_13,59980,26
5080,region_14,58880,27
5081,region_15,1705,28
5082,region_16,24139,29
5083,region_0,51808,30
5084,region_1,30572,0
5085,region_2,17020,1
5086,region_3,55650,2
5087,region_4,43075,3
5088,region_5,12647,4
5089,region_6,41947,5
5090,region_7,15218,6
5091,region_8,45123,7
5092,region_9,63476,8
5093,region_10,1258,9
5094,region_11,4125,10
5095,region_12,43925,11
5096,region_13,18856,12
5097,region_14,17560,13
5098,region_15,32631,14
5099,region_16,22500,15
5100,region_0,20845,16
5101,region_1,51779,17
5102,region_2,38007,18
5103,region_3,48269,19
5104,region_4,13890,20
5105,region_5,26317,21
5106,region_6,62513,22
5107,region_7,44401,23
5108,region_8,50135,24
5109,region_9,21976,25
5110,region_10,51842,26
5111,region_11,39083,27
5112,region_12,33131,28
5113,region_13,34645,29
5114,region_14,44301,30
5115,region_15,48413,0
5116,region_16,63164,1
5117,region_0,24779,2
5118,region_1,39639,3
5119,region_2,7444,4
5120,region_3,23186,5
5121,region_4,63550,6
5122,region_5,9864,7
5123,region_6,61644,8
5124,region_7,61499,9
5125,region_8,31863,10
5126,region_9,16163,11
5127,region_10,10492,12
5128,region_11,51105,13
5129,region_12,29358,14
5130,region_13,48026,15
5131,region_14,40150,16
5132,region_15,55451,17
5133,region_16,30502,18
5134,region_0,57188,19
5135,region_1,29164,20
5136,region_2,60917,21
5137,region_3,42866,22
5138,region_4,34453,23
5139,region_5,7067,24
5140,region_6,27921,25
5141,region_7,54257,26
5142,region_8,41907,27
5143,region_9,16836,28
5144,region_10,55625,29
5145,region_11,59231,30
5146,region_12,39766,0
5147,region_13,7083,1
5148,region_14,9811,2
5149,region_15,54030,3
5150,region_16,1189,4
5151,region_0,33800,5
5152,region_1,53183,6
5153,region_2,10724,7
5154,region_3,49753,8
5155,region_4,34293,9
5156,region_5,21251,10
5157,region_6,47030,11
5158,region_7,40662,12
5159,region_8,50455,13
5160,region_9,56603,14
5161,region_10,47644,15
5162,region_11,16200,16
5163,region_12,22419,17
5164,region_13,3623,18
5165,region_14,18127,19
5166,region_15,4102,20
5167,region_16,26423,21
5168,region_0,48992,22
5169,region_1,59159,23
5170,region_2,56141,24
5171,region_3,24532,25
5172,region_4,64292,26
5173,region_5,63096,27
5174,region_6,40351,28
5175,region_7,15181,29
5176,region_8,35839,30
5177,region_9,45357,0
5178,region_10,56666,1
5179,region_11,49177,2
5180,region_12,29344,3
5181,region_13,18883,4
5182,region_14,19076,5
5183,region_15,45977,6
5184,region_16,15767,7
5185,region_0,52926,8
5186,region_1,24568,9
5187,region_2,65193,10
5188,region_3,35972,11
5189,region_4,31451,12
5190,region_5,52704,13
5191,region_6,7642,14
5192,region_7,59964,15
5193,region_8,52660,16
5194,region_9,44130,17
5195,region_10,14342,18
5196,region_11,39329,19
5197,region_12,62986,20
5198,region_13,11998,21
5199,region_14,53648,22
5200,region_15,48253,23
5201,region_16,39764,24
5202,region_0,21313,25
5203,region_1,18860,26
5204,region_2,63583,27
5205,region_3,15764,28
5206,region_4,21165,29
5207,region_5,41783,30
5208,region_6,24467,0
5209,region_7,59587,1
5210,region_8,12156,2
5211,region_9,42714,3
5212,region_10,34517,4
5213,region_11,50760,5
5214,region_12,51922,6
5215,region_13,5863,7
5216,region_14,40685,8
5217,region_15,32867,9
5218,region_16,39763,10
5219,region_0,30579,11
5220,region_1,9041,12
5221,region_2,63614,13
5222,region_3,23768,14
5223,region_4,46808,15
5224,region_5,793,16
5225,region_6,34844,17
5226,region_7,12803,18
5227,region_8,12938,19
5228,region_9,11184,20
5229,region_10,13910,21
5230,region_11,19004,22
5231,region_12,63458,23
5232,region_13,28548,24
5233,region_14,13055,25
5234,region_15,42941,26
5235,region_16,50337,27
5236,region_0,2663,28
5237,region_1,40777,29
5238,region_2,53494,30
5239,region_3,28097,0
5240,region_4,48513,1
5241,region_5,45103,2
5242,region_6,25637,3
5243,region_7,13977,4
5244,region_8,45584,5
5245,region_9,31991,6
5246,region_10,59772,7
5247,region_11,58684,8
5248,region_12,7729,9
5249,region_13,45026,10
5250,region_14,56100,11
5251,region_15,61652,12
5252,region_16,13804,13
5253,region_0,43550,14
5254,region_1,4085,15
5255,region_2,30609,16
5256,region_3,2166,17
5257,region_4,17153,18
5258,region_5,29425,19
5259,region_6,25797,20
5260,region_7,9464,21
5261,region_8,9162,22
5262,region_9,56367,23
5263,region_10,23410,24
5264,region_11,45077,25
5265,region_12,3138,26
5266,region_13,32287,27
5267,region_14,64090,28
5268,region_15,50580,29
5269,region_16,44310,30
5270,region_0,53115,0
5271,region_1,17114,1
5272,region_2,11197,2
5273,region_3,3870,3
5274,region_4,56310,4
5275,region_5,28342,5
5276,region_6,42971,6
5277,region_7,27859,7
5278,region_8,64979,8
5279,region_9,9572,9
5280,region_10,29859,10
5281,region_11,6815,11
5282,region_12,28045,12
5283,region_13,435,13
5284,region_14,26244,14
5285,region_15,16805,15
5286,region_16,18006,16
5287,region_0,63422,17
5288,region_1,43291,18
5289,region_2,18713,19
5290,region_3,59350,20
5291,region_4,65526,21
5292,region_5,39987,22
5293,region_6,64030,23
5294,region_7,30021,24
5295,region_8,22838,25
5296,region_9,28549,26
5297,region_10,1060,27
5298,region_11,63060,28
5299,region_12,35311,29
5300,region_13,34640,30
5301,region_14,32962,0
5302,region_15,25271,1
5303,region_16,11516,2
5304,region_0,14957,3
5305,region_1,37632,4
5306,region_2,58576,5
5307,region_3,4879,6
5308,region_4,59881,7
5309,region_5,57997,8
5310,region_6,58013,9
5311,region_7,58920,10
5312,region_8,44319,11
5313,region_9,29824,12
5314,region_10,39193,13
5315,region_11,45848,14
5316,region_12,55303,15
5317,region_13,43704,16
5318,region_14,22852,17
5319,region_15,57202,18
5320,region_16,60619,19
5321,region_0,16263,20
5322,region_1,10249,21
5323,region_2,23460,22
5324,region_3,32171,23
5325,region_4,14713,24
5326,region_5,40577,25
5327,region_6,19797,26
5328,region_7,46746,27
5329,region_8,59625,28
5330,region_9,17301,29
5331,region_10,54402,30
5332,region_11,29189,0
5333,region_12,58402,1
5334,region_13,21128,2
5335,region_14,852,3
5336,region_15,58282,4
5337,region_16,32287,5
5338,region_0,38769,6
5339,region_1,1264,7
5340,region_2,27932,8
5341,region_3,21253,9
5342,region_4,2257,10
5343,region_5,31374,11
5344,region_6,39804,12
5345,region_7,32932,13
5346,region_8,26056,14
5347,region_9,84,15
5348,region_10,17586,16
5349,region_11,25954,17
5350,region_12,64217,18
5351,region_13,30521,19
5352,region_14,43355,20
5353,region_15,22881,21
5354,region_16,19008,22
5355,region_0,51743,23
5356,region_1,34428,24
5357,region_2,25707,25
5358,region_3,33041,26
5359,region_4,5672,27
5360,region_5,31685,28
5361,region_6,61092,29
5362,region_7,56827,30
5363,region_8,23499,0
5364,region_9,64838,1
5365,region_10,52043,2
5366,region_11,25813,3
5367,region_12,65524,4
5368,region_13,55847,5
5369,region_14,64003,6
5370,region_15,54442,7
5371,region_16,44106,8
5372,region_0,10567,9
5373,region_1,36542,10
5374,region_2,705,11
5375,region_3,48328,12
5376,region_4,52001,13
5377,region_5,27498,14
5378,region_6,18204,15
5379,region_7,13336,16
5380,region_8,14509,17
5381,region_9,5756,18
5382,region_10,45837,19
5383,region_11,52026,20
5384,region_12,46506,21
5385,region_13,41183,22
5386,region_14,21522,23
5387,region_15,32785,24
5388,region_16,29376,25
5389,region_0,54960,26
5390,region_1,24699,27
5391,region_2,58162,28
5392,region_3,53330,29
5393,region_4,34188,30
5394,region_5,1192,0
5395,region_6,16417,1
5396,region_7,37963,2
5397,region_8,8642,3
5398,region_9,20930,4
5399,region_10,58835,5
5400,region_11,19878,6
5401,region_12,52499,7
5402,region_13,63508,8
5403,region_14,31618,9
5404,region_15,18567,10
5405,region_16,14689,11
5406,region_0,45241,12
5407,region_1,41503,13
5408,region_2,45284,14
5409,region_3,42761,15
5410,region_4,43919,16
5411,region_5,60536,17
5412,region_6,29207,18
5413,region_7,3501,19
5414,region_8,18307,20
5415,region_9,55936,21
5416,region_10,63676,22
5417,region_11,18427,23
5418,region_12,13356,24
5419,region_13,41259,25
5420,region_14,37682,26
5421,region_15,5480,27
5422,region_16,58050,28
5423,region_0,22831,29
5424,region_1,39627,30
5425,region_2,8070,0
5426,region_3,48822,1
5427,region_4,43827,2
5428,region_5,50522,3
5429,region_6,36063,4
5430,region_7,9920,5
5431,region_8,8913,6
5432,region_9,19748,7
5433,region_10,9844,8
5434,region_11,53524,9
5435,region_12,20914,10
5436,region_13,25540,11
5437,region_14,28007,12
5438,region_15,5839,13
5439,region_16,2238,14
5440,region_0,6535,15
5441,region_1,58033,16
5442,region_2,19263,17
5443,region_3,63802,18
5444,region_4,9521,19
5445,region_5,29956,20
5446,region_6,53939,21
5447,region_7,46906,22
5448,region_8,2893,23
5449,region_9,23540,24
5450,region_10,51837,25
5451,region_11,27628,26
5452,region_12,9970,27
5453,region_13,51768,28
5454,region_14,46796,29
5455,region_15,31469,30
5456,region_16,39106,0
5457,region_0,37868,1
5458,region_1,22116,2
5459,region_2,26007,3
5460,region_3,52420,4
5461,region_4,18172,5
5462,region_5,28006,6
5463,region_6,12956,7
5464,region_7,63210,8
5465,region_8,51883,9
5466,region_9,44685,10
5467,region_10,20169,11
5468,region_11,56111,12
5469,region_12,57418,13
5470,region_13,59278,14
5471,region_14,14178,15
5472,region_15,46401,16
5473,region_16,9401,17
5474,region_0,47094,18
5475,region_1,14158,19
5476,region_2,13865,20
5477,region_3,34392,21
5478,region_4,32389,22
5479,region_5,26010,23
5480,region_6,30166,24
5481,region_7,33602,25
5482,region_8,50666,26
5483,region_9,61742,27
5484,region_10,52615,28
5485,region_11,34738,29
5486,region_12,31312,30
5487,region_13,7056,0
5488,region_14,479,1
5489,region_15,65135,2
5490,region_16,62567,3
5491,region_0,17614,4
5492,region_1,36259,5
5493,region_2,51700,6
5494,region_3,15833,7
5495,region_4,41270,8
5496,region_5,50846,9
5497,region_6,53613,10
5498,region_7,22531,11
5499,region_8,2811,12
5500,region_9,5538,13
5501,region_10,36509,14
5502,region_11,10513,15
5503,region_12,17632,16
5504,region_13,62726,17
5505,region_14,61138,18
5506,region_15,31689,19
5507,region_16,4414,20
5508,region_0,17422,21
5509,region_1,4433,22
5510,region_2,59767,23
5511,region_3,30140,24
5512,region_4,60503,25
5513,region_5,52893,26
5514,region_6,64146,27
5515,region_7,13093,28
5516,region_8,42507,29
5517,region_9,22598,30
5518,region_10,56831,0
5519,region_11,28082,1
5520,region_12,51100,2
5521,region_13,62316,3
5522,region_14,18753,4
5523,region_15,39203,5
5524,region_16,46929,6
5525,region_0,46979,7
5526,region_1,19148,8
5527,region_2,17858,9
5528,region_3,33669,10
5529,region_4,52486,11
5530,region_5,22428,12
5531,region_6,34133,13
5532,region_7,33720,14
5533,region_8,59352,15
5534,region_9,29550,16
5535,region_10,53871,17
5536,region_11,64848,18
5537,region_12,39630,19
5538,region_13,52722,20
5539,region_14,9874,21
5540,region_15,17340,22
5541,region_16,39192,23
5542,region_0,22745,24
5543,region_1,49252,25
5544,region_2,22682,26
5545,region_3,52852,27
5546,region_4,53901,28
5547,region_5,25325,29
5548,region_6,28975,30
5549,region_7,11280,0
5550,region_8,10798,1
5551,region_9,45262,2
5552,region_10,29040,3
5553,region_11,11190,4
5554,region_12,62010,5
5555,region_13,4231,6
5556,region_14,303,7
5557,region_15,56382,8
5558,region_16,53954,9
5559,region_0,45377,10
5560,region_1,20057,11
5561,region_2,15921,12
5562,region_3,5757,13
5563,region_4,13845,14
5564,region_5,47465,15
5565,region_6,2671,16
5566,region_7,27787,17
5567,region_8,5447,18
5568,region_9,40155,19
5569,region_10,27355,20
5570,region_11,63190,21
5571,region_12,9725,22
5572,region_13,27936,23
5573,region_14,13574,24
5574,region_15,11583,25
5575,region_16,3083,26
5576,region_0,44340,27
5577,region_1,11965,28
5578,region_2,34064,29
5579,region_3,58555,30
5580,region_4,51156,0
5581,region_5,25817,1
5582,region_6,14919,2
5583,region_7,7366,3
5584,region_8,48464,4
5585,region_9,57296,5
5586,region_10,50829,6
5587,region_11,8592,7
5588,region_12,43950,8
5589,region_13,26118,9
5590,region_14,15633,10
5591,region_15,56056,11
5592,region_16,3072,12
5593,region_0,11132,13
5594,region_1,5530,14
5595,region_2,348,15
5596,region_3,11287,16
5597,region_4,52046,17
5598,region_5,41924,18
5599,region_6,13466,19
5600,region_7,27068,20
5601,region_8,872,21
5602,region_9,39572,22
5603,region_10,56283,23
5604,region_11,31091,24
5605,region_12,29549,25
5606,region_13,33255,26
5607,region_14,2385,27
5608,region_15,28613,28
5609,region_16,21046,29
5610,region_0,59263,30
5611,region_1,32966,0
5612,region_2,1098,1
5613,region_3,59197,2
5614,region_4,6761,3
5615,region_5,38144,4
5616,region_6,43563,5
5617,region_7,47999,6
5618,region_8,35577,7
5619,region_9,1952,8
5620,region_10,27877,9
5621,region_11,6809,10
5622,region_12,31312,11
5623,region_13,34254,12
5624,region_14,57406,13
5625,region_15,5818,14
5626,region_16,4591,15
5627,region_0,29343,16
5628,region_1,34045,17
5629,region_2,12495,18
5630,region_3,14691,19
5631,region_4,41830,20
5632,region_5,18614,21
5633,region_6,1068,22
5634,region_7,13305,23
5635,region_8,41549,24
5636,region_9,29334,25
5637,region_10,27723,26
5638,region_11,40843,27
5639,region_12,61449,28
5640,region_13,21405,29
5641,region_14,19356,30
5642,region_15,28987,0
5643,region_16,37413,1
5644,region_0,50659,2
5645,region_1,37390,3
5646,region_2,17814,4
5647,region_3,24924,5
5648,region_4,3312,6
5649,region_5,35439,7
5650,region_6,21353,8
5651,region_7,19922,9
5652,region_8,24625,10
5653,region_9,37920,11
5654,region_10,22136,12
5655,region_11,12321,13
5656,region_12,51159,14
5657,region_13,14892,15
5658,region_14,17486,16
5659,region_15,58329,17
5660,region_16,19905,18
5661,region_0,45331,19
5662,region_1,5176,20
5663,region_2,22582,21
5664,region_3,13271,22
5665,region_4,37382,23
5666,region_5,8858,24
5667,region_6,36918,25
5668,region_7,30013,26
5669,region_8,51086,27
5670,region_9,18525,28
5671,region_10,65413,29
5672,region_11,52270,30
5673,region_12,41496,0
5674,region_13,63151,1
5675,region_14,10919,2
5676,region_15,50065,3
5677,region_16,13087,4
5678,region_0,26911,5
5679,region_1,35990,6
5680,region_2,50104,7
5681,region_3,47418,8
5682,region_4,40766,9
5683,region_5,48745,10
5684,region_6,20415,11
5685,region_7,59977,12
5686,region_8,33003,13
5687,region_9,9004,14
5688,region_10,24558,15
5689,region_11,34944,16
5690,region_12,923,17
5691,region_13,15280,18
5692,region_14,32564,19
5693,region_15,25175,20
5694,region_16,24474,21
5695,region_0,27732,22
5696,region_1,11781,23
5697,region_2,60538,24
5698,region_3,49693,25
5699,region_4,21948,26
5700,region_5,16869,27
5701,region_6,59707,28
5702,region_7,40983,29
5703,region_8,51178,30
5704,region_9,17876,0
5705,region_10,33005,1
5706,region_11,6341,2
5707,region_12,2281,3
5708,region_13,19772,4
5709,region_14,53995,5
5710,region_15,49624,6
5711,region_16,32973,7
5712,region_0,11154,8
5713,region_1,11135,9
5714,region_2,59847,10
5715,region_3,18478,11
5716,region_4,18251,12
5717,region_5,44488,13
5718,region_6,29707,14
5719,region_7,28198,15
5720,region_8,44558,16
5721,region_9,51695,17
5722,region_10,37966,18
5723,region_11,19471,19
5724,region_12,47113,20
5725,region_13,194,21
5726,region_14,44049,22
5727,region_15,40688,23
5728,region_16,15395,24
5729,region_0,30445,25
5730,region_1,6494,26
5731,region_2,19936,27
5732,region_3,53465,28
5733,region_4,37292,29
5734,region_5,27046,30
5735,region_6,18343,0
5736,region_7,62348,1
5737,region_8,52632,2
5738,region_9,23795,3
5739,region_10,33548,4
5740,region_11,45873,5
5741,region_12,65508,6
5742,region_13,60989,7
5743,region_14,52638,8
5744,region_15,44241,9
5745,region_16,2937,10
5746,region_0,57530,11
5747,region_1,58931,12
5748,region_2,41896,13
5749,region_3,10151,14
5750,region_4,41955,15
5751,region_5,17130,16
5752,region_6,49293,17
5753,region_7,56960,18
5754,region_8,27165,19
5755,region_9,34272,20
5756,region_10,7396,21
5757,region_11,22526,22
5758,region_12,24315,23
5759,region_13,17945,24
5760,region_14,54007,25
5761,region_15,3627,26
5762,region_16,21089,27
5763,region_0,52773,28
5764,region_1,45105,29
5765,region_2,64598,30
5766,region_3,44043,0
5767,region_4,60345,1
5768,region_5,28521,2
5769,region_6,61874,3
5770,region_7,17939,4
5771,region_8,434,5
5772,region_9,10258,6
5773,region_10,42858,7
5774,region_11,35162,8
5775,region_12,11753,9
5776,region_13,18032,10
5777,region_14,3493,11
5778,region_15,16439,12
5779,region_16,7850,13
5780,region_0,26796,14
5781,region_1,56557,15
5782,region_2,61737,16
5783,region_3,8033,17
5784,region_4,23640,18
5785,region_5,8313,19
5786,region_6,1725,20
5787,region_7,56570,21
5788,region_8,18554,22
5789,region_9,61213,23
5790,region_10,36933,24
5791,region_11,42543,25
5792,region_12,21177,26
5793,region_13,14619,27
5794,region_14,51112,28
5795,region_15,33374,29
5796,region_16,10109,30
5797,region_0,45933,0
5798,region_1,26975,1
5799,region_2,40970,2
5800,region_3,6498,3
5801,region_4,25779,4
5802,region_5,64843,5
5803,region_6,49695,6
5804,region_7,58564,7
5805,region_8,7805,8
5806,region_9,7162,9
5807,region_10,41174,10
5808,region_11,31285,11
5809,region_12,42180,12
5810,region_13,50573,13
5811,region_14,12362,14
5812,region_15,19752,15
5813,region_16,23429,16
5814,region_0,51616,17
5815,region_1,65276,18
5816,region_2,34027,19
5817,region_3,41664,20
5818,region_4,47140,21
5819,region_5,17329,22
5820,region_6,5276,23
5821,region_7,45889,24
5822,region_8,9554,25
5823,region_9,52540,26
5824,region_10,46803,27
5825,region_11,38674,28
5826,region_12,21699,29
5827,region_13,23910,30
5828,region_14,44637,0
5829,region_15,57622,1
5830,region_16,16348,2
5831,region_0,20255,3
5832,region_1,1062,4
5833,region_2,7110,5
5834,region_3,50599,6
5835,region_4,1818,7
5836,region_5,12887,8
5837,region_6,26435,9
5838,region_7,40697,10
5839,region_8,8470,11
5840,region_9,26128,12
5841,region_10,37885,13
5842,region_11,49856,14
5843,region_12,14057,15
5844,region_13,10049,16
5845,region_14,46142,17
5846,region_15,60828,18
5847,region_16,6102,19
5848,region_0,65103,20
5849,region_1,3972,21
5850,region_2,37443,22
5851,region_3,25307,23
5852,region_4,31681,24
5853,region_5,42262,25
5854,region_6,15737,26
5855,region_7,43051,27
5856,region_8,9401,28
5857,region_9,4776,29
5858,region_10,34728,30
5859,region_11,21054,0
5860,region_12,38613,1
5861,region_13,26036,2
5862,region_14,26331,3
5863,region_15,65238,4
5864,region_16,63058,5
5865,region_0,2512,6
5866,region_1,51061,7
5867,region_2,3749,8
5868,region_3,26263,9
5869,region_4,50135,10
5870,region_5,45894,11
5871,region_6,58860,12
5872,region_7,27255,13
5873,region_8,56040,14
5874,region_9,55376,15
5875,region_10,31006,16
5876,region_11,41232,17
5877,region_12,31818,18
5878,region_13,21813,19
5879,region_14,33680,20
5880,region_15,7077,21
5881,region_16,37004,22
5882,region_0,56697,23
5883,region_1,61694,24
5884,region_2,63946,25
5885,region_3,32272,26
5886,region_4,23547,27
5887,region_5,47887,28
5888,region_6,55294,29
5889,region_7,1932,30
5890,region_8,6567,0
5891,region_9,17875,1
5892,region_10,38288,2
5893,region_11,3141,3
5894,region_12,50570,4
5895,region_13,18146,5
5896,region_14,35419,6
5897,region_15,50477,7
5898,region_16,32383,8
5899,region_0,62783,9
5900,region_1,61879,10
5901,region_2,6018,11
5902,region_3,58413,12
5903,region_4,14433,13
5904,region_5,37038,14
5905,region_6,2853,15
5906,region_7,30629,16
5907,region_8,24869,17
5908,region_9,917,18
5909,region_10,31763,19
5910,region_11,62879,20
5911,region_12,10523,21
5912,region_13,50319,22
5913,region_14,13763,23
5914,region_15,12454,24
5915,region_16,50747,25
5916,region_0,14052,26
5917,region_1,21465,27
5918,region_2,32235,28
5919,region_3,14088,29
5920,region_4,30004,30
5921,region_5,50965,0
5922,region_6,62767,1
5923,region_7,19877,2
5924,region_8,4438,3
5925,region_9,60004,4
5926,region_10,16979,5
5927,region_11,16752,6
5928,region_12,37137,7
5929,region_13,6612,8
5930,region_14,650,9
5931,region_15,48674,10
5932,region_16,60721,11
5933,region_0,41631,12
5934,region_1,22387,13
5935,region_2,472,14
5936,region_3,2582,15
5937,region_4,57322,16
5938,region_5,7176,17
5939,region_6,62743,18
5940,region_7,50260,19
5941,region_8,63741,20
5942,region_9,59765,21
5943,region_10,30994,22
5944,region_11,49639,23
5945,region_12,20393,24
5946,region_13,19028,25
5947,region_14,45910,26
5948,region_15,11823,27
5949,region_16,27229,28
5950,region_0,50310,29
5951,region_1,13179,30
5952,region_2,54200,0
5953,region_3,6345,1
5954,region_4,58620,2
5955,region_5,32627,3
5956,region_6,5358,4
5957,region_7,47288,5
5958,region_8,10293,6
5959,region_9,59099,7
5960,region_10,15891,8
5961,region_11,35966,9
5962,region_12,44056,10
5963,region_13,5307,11
5964,region_14,64061,12
5965,region_15,45959,13
5966,region_16,18793,14
5967,region_0,19531,15
5968,region_1,40772,16
5969,region_2,60842,17
5970,region_3,60527,18
5971,region_4,14100,19
5972,region_5,45122,20
5973,region_6,49464,21
5974,region_7,7825,22
5975,region_8,22742,23
5976,region_9,1350,24
5977,region_10,61623,25
5978,region_11,24809,26
5979,region_12,41429,27
5980,region_13,35748,28
5981,region_14,23357,29
5982,region_15,19775,30
5983,region_16,4770,0
5984,region_0,61292,1
5985,region_1,13918,2
5986,region_2,42188,3
5987,region_3,14642,4
5988,region_4,16271,5
5989,region_5,63917,6
5990,region_6,60774,7
5991,region_7,57211,8
5992,region_8,45205,9
5993,region_9,51886,10
5994,region_10,25715,11
5995,region_11,4061,12
5996,region_12,20712,13
5997,region_13,34695,14
5998,region_14,25721,15
5999,region_15,52017,16
6000,region_16,7163,17
6001,region_0,28116,18
6002,region_1,6062,19
6003,region_2,35370,20
6004,region_3,14931,21
6005,region_4,6099,22
6006,region_5,1938,23
6007,region_6,58650,24
6008,region_7,41735,25
6009,region_8,29285,26
6010,region_9,20651,27
6011,region_10,33483,28
6012,region_11,45261,29
6013,region_12,56254,30
6014,region_13,49145,0
6015,region_14,65102,1
6016,region_15,18904,2
6017,region_16,31278,3
6018,region_0,46415,4
6019,region_1,50149,5
6020,region_2,62585,6
6021,region_3,41691,7
6022,region_4,18783,8
6023,region_5,50395,9
6024,region_6,11225,10
6025,region_7,44719,11
6026,region_8,29626,12
6027,region_9,22400,13
6028,region_10,28756,14
6029,region_11,40232,15
6030,region_12,54846,16
6031,region_13,42386,17
6032,region_14,5721,18
6033,region_15,44842,19
6034,region_16,32681,20
6035,region_0,7612,21
6036,region_1,37561,22
6037,region_2,20162,23
6038,region_3,63343,24
6039,region_4,48541,25
6040,region_5,56517,26
6041,region_6,41215,27
6042,region_7,43960,28
6043,region_8,29169,29
6044,region_9,32028,30
6045,region_10,59858,0
6046,region_11,46521,1
6047,region_12,34914,2
6048,region_13,14131,3
6049,region_14,16712,4
6050,region_15,27434,5
6051,region_16,29003,6
6052,region_0,54517,7
6053,region_1,52370,8
6054,region_2,31999,9
6055,region_3,38608,10
6056,region_4,42493,11
6057,region_5,39943,12
6058,region_6,36874,13
6059,region_7,63679,14
6060,region_8,2487,15
6061,region_9,21652,16
6062,region_10,17888,17
6063,region_11,28627,18
6064,region_12,37075,19
6065,region_13,14654,20
6066,region_14,17665,21
6067,region_15,19351,22
6068,region_16,56238,23
6069,region_0,40417,24
6070,region_1,18764,25
6071,region_2,43493,26
6072,region_3,53113,27
6073,region_4,39083,28
6074,region_5,44643,29
6075,region_6,6793,30
6076,region_7,55526,0
6077,region_8,2222,1
6078,region_9,42178,2
6079,region_10,22030,3
6080,region_11,57940,4
6081,region_12,28577,5
6082,region_13,23336,6
6083,region_14,2667,7
6084,region_15,63666,8
6085,region_16,25373,9
6086,region_0,63495,10
6087,region_1,13501,11
6088,region_2,58258,12
6089,region_3,477,13
6090,region_4,65529,14
6091,region_5,24769,15
6092,region_6,10833,16
6093,region_7,42805,17
6094,region_8,52216,18
6095,region_9,31181,19
6096,region_10,63057,20
6097,region_11,36192,21
6098,region_12,20435,22
6099,region_13,56997,23
6100,region_14,59246,24
6101,region_15,25170,25
6102,region_16,45562,26
6103,region_0,8072,27
6104,region_1,33985,28
6105,region_2,50653,29
6106,region_3,17698,30
6107,region_4,62712,0
6108,region_5,45876,1
6109,region_6,4683,2
6110,region_7,39391,3
6111,region_8,39275,4
6112,region_9,13753,5
6113,region_10,4751,6
6114,region_11,37371,7
6115,region_12,43858,8
6116,region_13,18250,9
6117,region_14,12296,10
6118,region_15,35863,11
6119,region_16,5362,12
6120,region_0,43709,13
6121,region_1,42766,14
6122,region_2,22216,15
6123,region_3,58279,16
6124,region_4,61103,17
6125,region_5,20448,18
6126,region_6,55726,19
6127,region_7,4143,20
6128,region_8,53387,21
6129,region_9,48464,22
6130,region_10,25270,23
6131,region_11,2076,24
6132,region_12,58014,25
6133,region_13,52263,26
6134,region_14,46999,27
6135,region_15,49446,28
6136,region_16,54011,29
6137,region_0,33271,30
6138,region_1,32435,0
6139,region_2,16607,1
6140,region_3,58424,2
6141,region_4,52640,3
6142,region_5,59478,4
6143,region_6,3827,5
6144,region_7,43499,6
6145,region_8,62355,7
6146,region_9,4405,8
6147,region_10,60738,9
6148,region_11,20217,10
6149,region_12,5150,11
6150,region_13,11326,12
6151,region_14,36533,13
6152,region_15,31504,14
6153,region_16,36567,15
6154,region_0,8395,16
6155,region_1,60683,17
6156,region_2,33976,18
6157,region_3,5900,19
6158,region_4,45888,20
6159,region_5,60132,21
6160,region_6,20519,22
6161,region_7,45918,23
6162,region_8,23692,24
6163,region_9,15217,25
6164,region_10,25115,26
6165,region_11,63872,27
6166,region_12,36776,28
6167,region_13,8895,29
6168,region_14,19008,30
6169,region_15,3790,0
6170,region_16,40448,1
6171,region_0,25,2
6172,region_1,33855,3
6173,region_2,54684,4
6174,region_3,6343,5
6175,region_4,12659,6
6176,region_5,58438,7
6177,region_6,29635,8
6178,region_7,3075,9
6179,region_8,16724,10
6180,region_9,29988,11
6181,region_10,7170,12
6182,region_11,3539,13
6183,region_12,26420,14
6184,region_13,24791,15
6185,region_14,58700,16
6186,region_15,58527,17
6187,region_16,59337,18
6188,region_0,28057,19
6189,region_1,24012,20
6190,region_2,32048,21
6191,region_3,16265,22
6192,region_4,30575,23
6193,region_5,6683,24
6194,region_6,63415,25
6195,region_7,11575,26
6196,region_8,60914,27
6197,region_9,49779,28
6198,region_10,4385,29
6199,region_11,19336,30
6200,region_12,60462,0
6201,region_13,10829,1
6202,region_14,34148,2
6203,region_15,38803,3
6204,region_16,16047,4
6205,region_0,37343,5
6206,region_1,24613,6
6207,region_2,28073,7
6208,region_3,14070,8
6209,region_4,23470,9
6210,region_5,64279,10
6211,region_6,64871,11
6212,region_7,13320,12
6213,region_8,34616,13
6214,region_9,60768,14
6215,region_10,3319,15
6216,region_11,25170,16
6217,region_12,17914,17
6218,region_13,60704,18
6219,region_14,2722,19
6220,region_15,11450,20
6221,region_16,922,21
6222,region_0,11230,22
6223,region_1,13216,23
6224,region_2,51259,24
6225,region_3,6509,25
6226,region_4,19050,26
6227,region_5,25176,27
6228,region_6,15212,28
6229,region_7,29232,29
6230,region_8,35512,30
6231,region_9,37129,0
6232,region_10,69,1
6233,region_11,49047,2
6234,region_12,28352,3
6235,region_13,25106,4
6236,region_14,20133,5
6237,region_15,26476,6
6238,region_16,39767,7
6239,region_0,31781,8
6240,region_1,61611,9
6241,region_2,13296,10
6242,region_3,30975,11
6243,region_4,41220,12
6244,region_5,43507,13
6245,region_6,62236,14
6246,region_7,36366,15
6247,region_8,29632,16
6248,region_9,10856,17
6249,region_10,22490,18
6250,region_11,905,19
6251,region_12,19382,20
6252,region_13,36762,21
6253,region_14,65166,22
6254,region_15,57581,23
6255,region_16,15188,24
6256,region_0,14923,25
6257,region_1,32696,26
6258,region_2,61163,27
6259,region_3,12770,28
6260,region_4,22886,29
6261,region_5,9306,30
6262,region_6,16684,0
6263,region_7,53665,1
6264,region_8,46660,2
6265,region_9,10971,3
6266,region_10,48448,4
6267,region_11,44699,5
6268,region_12,11543,6
6269,region_13,44729,7
6270,region_14,5303,8
6271,region_15,11446,9
6272,region_16,7632,10
6273,region_0,44023,11
6274,region_1,3585,12
6275,region_2,53102,13
6276,region_3,61090,14
6277,region_4,15552,15
6278,region_5,51223,16
6279,region_6,49324,17
6280,region_7,11850,18
6281,region_8,53255,19
6282,region_9,16559,20
6283,region_10,39746,21
6284,region_11,43937,22
6285,region_12,7333,23
6286,region_13,9357,24
6287,region_14,10595,25
6288,region_15,56827,26
6289,region_16,13068,27
6290,region_0,54122,28
6291,region_1,8467,29
6292,region_2,61613,30
6293,region_3,55427,0
6294,region_4,58659,1
6295,region_5,1021,2
6296,region_6,3847,3
6297,region_7,22771,4
6298,region_8,32520,5
6299,region_9,32189,6
6300,region_10,22119,7
6301,region_11,56547,8
6302,region_12,45030,9
6303,region_13,10718,10
6304,region_14,24767,11
6305,region_15,43374,12
6306,region_16,65345,13
6307,region_0,57251,14
6308,region_1,13778,15
6309,region_2,65125,16
6310,region_3,8907,17
6311,region_4,52105,18
6312,region_5,48539,19
6313,region_6,32768,20
6314,region_7,59198,21
6315,region_8,45670,22
6316,region_9,27639,23
6317,region_10,8210,24
6318,region_11,35759,25
6319,region_12,8747,26
6320,region_13,46966,27
6321,region_14,11715,28
6322,region_15,42113,29
6323,region_16,22898,30
6324,region_0,63685,0
6325,region_1,55441,1
6326,region_2,45522,2
6327,region_3,12566,3
6328,region_4,35986,4
6329,region_5,52553,5
6330,region_6,40678,6
6331,region_7,8788,7
6332,region_8,23708,8
6333,region_9,58135,9
6334,region_10,32691,10
6335,region_11,54540,11
6336,region_12,29974,12
6337,region_13,26982,13
6338,region_14,19450,14
6339,region_15,3012,15
6340,region_16,52204,16
6341,region_0,61529,17
6342,region_1,53418,18
6343,region_2,32690,19
6344,region_3,53026,20
6345,region_4,15185,21
6346,region_5,8346,22
6347,region_6,52828,23
6348,region_7,20730,24
6349,region_8,14403,25
6350,region_9,16368,26
6351,region_10,25528,27
6352,region_11,60215,28
6353,region_12,13563,29
6354,region_13,2101,30
6355,region_14,34911,0
6356,region_15,656,1
6357,region_16,25290,2
6358,region_0,46241,3
6359,region_1,46442,4
6360,region_2,34933,5
6361,region_3,6883,6
6362,region_4,24546,7
6363,region_5,52453,8
6364,region_6,30463,9
6365,region_7,17814,10
6366,region_8,55789,11
6367,region_9,3455,12
6368,region_10,39321,13
6369,region_11,27800,14
6370,region_12,40804,15
6371,region_13,21631,16
6372,region_14,20463,17
6373,region_15,48593,18
6374,region_16,65165,19
6375,region_0,40740,20
6376,region_1,60565,21
6377,region_2,57606,22
6378,region_3,23547,23
6379,region_4,41457,24
6380,region_5,57451,25
6381,region_6,21691,26
6382,region_7,31032,27
6383,region_8,57852,28
6384,region_9,346,29
6385,region_10,14267,30
6386,region_11,16366,0
6387,region_12,27569,1
6388,region_13,37265,2
6389,region_14,62039,3
6390,region_15,5817,4
6391,region_16,23455,5
6392,region_0,23479,6
6393,region_1,55421,7
6394,region_2,7229,8
6395,region_3,31184,9
6396,region_4,28744,10
6397,region_5,27552,11
6398,region_6,60035,12
6399,region_7,17375,13
6400,region_8,54586,14
6401,region_9,2862,15
6402,region_10,26242,16
6403,region_11,15201,17
6404,region_12,1489,18
6405,region_13,1352,19
6406,region_14,8551,20
6407,region_15,30042,21
6408,region_16,52971,22
6409,region_0,38702,23
6410,region_1,2000,24
6411,region_2,59502,25
6412,region_3,62245,26
6413,region_4,49565,27
6414,region_5,52506,28
6415,region_6,64246,29
6416,region_7,17937,30
6417,region_8,13481,0
6418,region_9,18621,1
6419,region_10,2820,2
6420,region_11,6154,3
6421,region_12,32237,4
6422,region_13,29691,5
6423,region_14,65046,6
6424,region_15,9728,7
6425,region_16,13192,8
6426,region_0,7060,9
6427,region_1,8658,10
6428,region_2,44,11
6429,region_3,1708,12
6430,region_4,43823,13
6431,region_5,64242,14
6432,region_6,57467,15
6433,region_7,8979,16
6434,region_8,5035,17
6435,region_9,19244,18
6436,region_10,50839,19
6437,region_11,51741,20
6438,region_12,1923,21
6439,region_13,440,22
6440,region_14,1324,23
6441,region_15,42926,24
6442,region_16,27922,25
6443,region_0,16310,26
6444,region_1,5450,27
6445,region_2,32004,28
6446,region_3,18876,29
6447,region_4,44810,30
6448,region_5,11015,0
6449,region_6,25136,1
6450,region_7,42838,2
6451,region_8,28962,3
6452,region_9,37276,4
6453,region_10,55027,5
6454,region_11,7642,6
6455,region_12,63731,7
6456,region_13,44048,8
6457,region_14,39469,9
6458,region_15,38721,10
6459,region_16,47819,11
6460,region_0,6033,12
6461,region_1,61927,13
6462,region_2,27358,14
6463,region_3,22242,15
6464,region_4,61244,16
6465,region_5,57926,17
6466,region_6,19260,18
6467,region_7,47896,19
6468,region_8,22861,20
6469,region_9,32266,21
6470,region_10,57276,22
6471,region_11,42824,23
6472,region_12,51023,24
6473,region_13,52542,25
6474,region_14,195,26
6475,region_15,35377,27
6476,region_16,13918,28
6477,region_0,7284,29
6478,region_1,31491,30
6479,region_2,42306,0
6480,region_3,55433,1
6481,region_4,58274,2
6482,region_5,20459,3
6483,region_6,29003,4
6484,region_7,26998,5
6485,region_8,30157,6
6486,region_9,25533,7
6487,region_10,29227,8
6488,region_11,42921,9
6489,region_12,10049,10
6490,region_13,7089,11
6491,region_14,17169,12
6492,region_15,46457,13
6493,region_16,46722,14
6494,region_0,36714,15
6495,region_1,20792,16
6496,region_2,30112,17
6497,region_3,49482,18
6498,region_4,51339,19
6499,region_5,3804,20
6500,region_6,5586,21
6501,region_7,37081,22
6502,region_8,9843,23
6503,region_9,49647,24
6504,region_10,13500,25
6505,region_11,26866,26
6506,region_12,54753,27
6507,region_13,20339,28
6508,region_14,59458,29
6509,region_15,48903,30
6510,region_16,12124,0
6511,region_0,49399,1
6512,region_1,43824,2
6513,region_2,63036,3
6514,region_3,37127,4
6515,region_4,22090,5
6516,region_5,35267,6
6517,region_6,46140,7
6518,region_7,62674,8
6519,region_8,28399,9
6520,region_9,15773,10
6521,region_10,41735,11
6522,region_11,32802,12
6523,region_12,35826,13
6524,region_13,61592,14
6525,region_14,46216,15
6526,region_15,27398,16
6527,region_16,21071,17
6528,region_0,2709,18
6529,region_1,10848,19
6530,region_2,11702,20
6531,region_3,49095,21
6532,region_4,18867,22
6533,region_5,51158,23
6534,region_6,11465,24
6535,region_7,37430,25
6536,region_8,47386,26
6537,region_9,58339,27
6538,region_10,46752,28
6539,region_11,51305,29
6540,region_12,16648,30
6541,region_13,665,0
6542,region_14,23422,1
6543,region_15,4377,2
6544,region_16,61535,3
6545,region_0,303,4
6546,region_1,25184,5
6547,region_2,35780,6
6548,region_3,32359,7
6549,region_4,47849,8
6550,region_5,27341,9
6551,region_6,764,10
6552,region_7,2514,11
6553,region_8,29413,12
6554,region_9,3384,13
6555,region_10,13026,14
6556,region_11,17913,15
6557,region_12,36604,16
6558,region_13,10603,17
6559,region_14,37861,18
6560,region_15,2038,19
6561,region_16,38327,20
6562,region_0,695,21
6563,region_1,61531,22
6564,region_2,6450,23
6565,region_3,12146,24
6566,region_4,65267,25
6567,region_5,39065,26
6568,region_6,15894,27
6569,region_7,44832,28
6570,region_8,21425,29
6571,region_9,61898,30
6572,region_10,50323,0
6573,region_11,19444,1
6574,region_12,35734,2
6575,region_13,18218,3
6576,region_14,63348,4
6577,region_15,32166,5
6578,region_16,4794,6
6579,region_0,55721,7
6580,region_1,27392,8
6581,region_2,15667,9
6582,region_3,45632,10
6583,region_4,32374,11
6584,region_5,715,12
6585,region_6,20904,13
6586,region_7,17900,14
6587,region_8,41153,15
6588,region_9,33042,16
6589,region_10,7934,17
6590,region_11,1837,18
6591,region_12,65369,19
6592,region_13,5856,20
6593,region_14,27916,21
6594,region_15,37402,22
6595,region_16,32454,23
6596,region_0,31389,24
6597,region_1,28864,25
6598,region_2,50818,26
6599,region_3,49821,27
6600,region_4,52838,28
6601,region_5,22043,29
6602,region_6,44595,30
6603,region_7,12461,0
6604,region_8,19509,1
6605,region_9,7037,2
6606,region_10,16834,3
6607,region_11,57335,4
6608,region_12,31226,5
6609,region_13,37114,6
6610,region_14,26851,7
6611,region_15,64696,8
6612,region_16,5569,9
6613,region_0,6532,10
6614,region_1,14844,11
6615,region_2,55237,12
6616,region_3,48881,13
6617,region_4,4761,14
6618,region_5,45755,15
6619,region_6,24497,16
6620,region_7,20950,17
6621,region_8,6066,18
6622,region_9,2763,19
6623,region_10,24209,20
6624,region_11,38372,21
6625,region_12,63671,22
6626,region_13,2975,23
6627,region_14,62669,24
6628,region_15,51847,25
6629,region_16,8239,26
6630,region_0,31659,27
6631,region_1,2269,28
6632,region_2,45583,29
6633,region_3,12756,30
6634,region_4,34393,0
6635,region_5,2505,1
6636,region_6,7153,2
6637,region_7,32191,3
6638,region_8,33597,4
6639,region_9,16948,5
6640,region_10,31282,6
6641,region_11,52178,7
6642,region_12,40188,8
6643,region_13,51229,9
6644,region_14,25852,10
6645,region_15,9537,11
6646,region_16,48877,12
6647,region_0,38662,13
6648,region_1,24351,14
6649,region_2,10114,15
6650,region_3,17240,16
6651,region_4,59273,17
6652,region_5,7947,18
6653,region_6,20713,19
6654,region_7,19315,20
6655,region_8,17626,21
6656,region_9,52838,22
6657,region_10,64541,23
6658,region_11,26787,24
6659,region_12,51836,25
6660,region_13,16455,26
6661,region_14,50593,27
6662,region_15,4591,28
6663,region_16,51655,29
6664,region_0,41904,30
6665,region_1,51211,0
6666,region_2,4124,1
6667,region_3,59054,2
6668,region_4,27355,3
6669,region_5,54976,4
6670,region_6,65260,5
6671,region_7,27727,6
6672,region_8,47447,7
6673,region_9,60464,8
6674,region_10,50675,9
6675,region_11,10503,10
6676,region_12,9737,11
6677,region_13,35485,12
6678,region_14,45642,13
6679,region_15,23853,14
6680,region_16,45788,15
6681,region_0,11621,16
6682,region_1,32348,17
6683,region_2,4384,18
6684,region_3,29613,19
6685,region_4,7591,20
6686,region_5,6423,21
6687,region_6,59156,22
6688,region_7,18950,23
6689,region_8,51258,24
6690,region_9,46714,25
6691,region_10,63462,26
6692,region_11,20369,27
6693,region_12,778,28
6694,region_13,33065,29
6695,region_14,21737,30
6696,region_15,24157,0
6697,region_16,6399,1
6698,region_0,58935,2
6699,region_1,3448,3
6700,region_2,3463,4
6701,region_3,56584,5
6702,region_4,33524,6
6703,region_5,62300,7
6704,region_6,2733,8
6705,region_7,4406,9
6706,region_8,6348,10
6707,region_9,56648,11
6708,region_10,11756,12
6709,region_11,48820,13
6710,region_12,18793,14
6711,region_13,63153,15
6712,region_14,29753,16
6713,region_15,14617,17
6714,region_16,41038,18
6715,region_0,49352,19
6716,region_1,57636,20
6717,region_2,60292,21
6718,region_3,31273,22
6719,region_4,31707,23
6720,region_5,35924,24
6721,region_6,24288,25
6722,region_7,32852,26
6723,region_8,58476,27
6724,region_9,6091,28
6725,region_10,43851,29
6726,region_11,12218,30
6727,region_12,43209,0
6728,region_13,25626,1
6729,region_14,57652,2
6730,region_15,26268,3
6731,region_16,35458,4
6732,region_0,18183,5
6733,region_1,22726,6
6734,region_2,9081,7
6735,region_3,21998,8
6736,region_4,19902,9
6737,region_5,25229,10
6738,region_6,53048,11
6739,region_7,37701,12
6740,region_8,11314,13
6741,region_9,40475,14
6742,region_10,7024,15
6743,region_11,7164,16
6744,region_12,58916,17
6745,region_13,59483,18
6746,region_14,54847,19
6747,region_15,14092,20
6748,region_16,28828,21
6749,region_0,12889,22
6750,region_1,43208,23
6751,region_2,26225,24
6752,region_3,57716,25
6753,region_4,7825,26
6754,region_5,10916,27
6755,region_6,59877,28
6756,region_7,45445,29
6757,region_8,25722,30
6758,region_9,47755,0
6759,region_10,25030,1
6760,region_11,7963,2
6761,region_12,31889,3
6762,region_13,42615,4
6763,region_14,44220,5
6764,region_15,9759,6
6765,region_16,19068,7
6766,region_0,46818,8
6767,region_1,12194,9
6768,region_2,23046,10
6769,region_3,24470,11
6770,region_4,55905,12
6771,region_5,25602,13
6772,region_6,45664,14
6773,region_7,44293,15
6774,region_8,58960,16
6775,region_9,939,17
6776,region_10,43857,18
6777,region_11,11864,19
6778,region_12,550,20
6779,region_13,16591,21
6780,region_14,61921,22
6781,region_15,37787,23
6782,region_16,31152,24
6783,region_0,36497,25
6784,region_1,35652,26
6785,region_2,35305,27
6786,region_3,39601,28
6787,region_4,31707,29
6788,region_5,27651,30
6789,region_6,41886,0
6790,region_7,24236,1
6791,region_8,39598,2
6792,region_9,51518,3
6793,region_10,56744,4
6794,region_11,33876,5
6795,region_12,4581,6
6796,region_13,47315,7
6797,region_14,24357,8
6798,region_15,33273,9
6799,region_16,58706,10
6800,region_0,1620,11
6801,region_1,40786,12
6802,region_2,29053,13
6803,region_3,53967,14
6804,region_4,21481,15
6805,region_5,61504,16
6806,region_6,42013,17
6807,region_7,17363,18
6808,region_8,14702,19
6809,region_9,64901,20
6810,region_10,29164,21
6811,region_11,4888,22
6812,region_12,4802,23
6813,region_13,64042,24
6814,region_14,15438,25
6815,region_15,17379,26
6816,region_16,48823,27
6817,region_0,44653,28
6818,region_1,50126,29
6819,region_2,54332,30
6820,region_3,14250,0
6821,region_4,28180,1
6822,region_5,34424,2
6823,region_6,3709,3
6824,region_7,33827,4
6825,region_8,5407,5
6826,region_9,24204,6
6827,region_10,21468,7
6828,region_11,57652,8
6829,region_12,39087,9
6830,region_13,53339,10
6831,region_14,30323,11
6832,region_15,52699,12
6833,region_16,17271,13
6834,region_0,19529,14
6835,region_1,27533,15
6836,region_2,13628,16
6837,region_3,1322,17
6838,region_4,52319,18
6839,region_5,44393,19
6840,region_6,18869,20
6841,region_7,36230,21
6842,region_8,22101,22
6843,region_9,37894,23
6844,region_10,62483,24
6845,region_11,40203,25
6846,region_12,53348,26
6847,region_13,17211,27
6848,region_14,42442,28
6849,region_15,7321,29
6850,region_16,42249,30
6851,region_0,41644,0
6852,region_1,24193,1
6853,region_2,30516,2
6854,region_3,32709,3
6855,region_4,28784,4
6856,region_5,45562,5
6857,region_6,4948,6
6858,region_7,44136,7
6859,region_8,31233,8
6860,region_9,12375,9
6861,region_10,11381,10
6862,region_11,19642,11
6863,region_12,47215,12
6864,region_13,32274,13
6865,region_14,50717,14
6866,region_15,23214,15
6867,region_16,63792,16
6868,region_0,9035,17
6869,region_1,54199,18
6870,region_2,26261,19
6871,region_3,61043,20
6872,region_4,63313,21
6873,region_5,53922,22
6874,region_6,25543,23
6875,region_7,20650,24
6876,region_8,64652,25
6877,region_9,40846,26
6878,region_10,37071,27
6879,region_11,25250,28
6880,region_12,38966,29
6881,region_13,16649,30
6882,region_14,21590,0
6883,region_15,7628,1
6884,region_16,61937,2
6885,region_0,38,3
6886,region_1,1233,4
6887,region_2,43222,5
6888,region_3,27222,6
6889,region_4,35687,7
6890,region_5,32429,8
6891,region_6,41771,9
6892,region_7,36445,10
6893,region_8,32040,11
6894,region_9,1969,12
6895,region_10,47959,13
6896,region_11,14055,14
6897,region_12,23772,15
6898,region_13,27455,16
6899,region_14,5340,17
6900,region_15,41391,18
6901,region_16,26160,19
6902,region_0,31520,20
6903,region_1,16297,21
6904,region_2,43649,22
6905,region_3,29312,23
6906,region_4,18286,24
6907,region_5,42700,25
6908,region_6,49904,26
6909,region_7,50918,27
6910,region_8,24247,28
6911,region_9,55321,29
6912,region_10,24653,30
6913,region_11,47742,0
6914,region_12,65513,1
6915,region_13,547,2
6916,region_14,39055,3
6917,region_15,30240,4
6918,region_16,32009,5
6919,region_0,34246,6
6920,region_1,25957,7
6921,region_2,9198,8
6922,region_3,26846,9
6923,region_4,5326,10
6924,region_5,15346,11
6925,region_6,11416,12
6926,region_7,32881,13
6927,region_8,13394,14
6928,region_9,37906,15
6929,region_10,65244,16
6930,region_11,32727,17
6931,region_12,54222,18
6932,region_13,5682,19
6933,region_14,23094,20
6934,region_15,8545,21
6935,region_16,33577,22
6936,region_0,49608,23
6937,region_1,21497,24
6938,region_2,26573,25
6939,region_3,47727,26
6940,region_4,59708,27
6941,region_5,8035,28
6942,region_6,54511,29
6943,region_7,11222,30
6944,region_8,21677,0
6945,region_9,52743,1
6946,region_10,6456,2
6947,region_11,4857,3
6948,region_12,60160,4
6949,region_13,44137,5
6950,region_14,26038,6
6951,region_15,30071,7
6952,region_16,21890,8
6953,region_0,36565,9
6954,region_1,65280,10
6955,region_2,63680,11
6956,region_3,13033,12
6957,region_4,26979,13
6958,region_5,1255,14
6959,region_6,37574,15
6960,region_7,36170,16
6961,region_8,31685,17
6962,region_9,13299,18
6963,region_10,49091,19
6964,region_11,30646,20
6965,region_12,42005,21
6966,region_13,28669,22
6967,region_14,27314,23
6968,region_15,33872,24
6969,region_16,26965,25
6970,region_0,29568,26
6971,region_1,44842,27
6972,region_2,15576,28
6973,region_3,45106,29
6974,region_4,64950,30
6975,region_5,3619,0
6976,region_6,15464,1
6977,region_7,58880,2
6978,region_8,34576,3
6979,region_9,32781,4
6980,region_10,48532,5
6981,region_11,10160,6
6982,region_12,42612,7
6983,region_13,20427,8
6984,region_14,18742,9
6985,region_15,34214,10
6986,region_16,53771,11
6987,region_0,18638,12
6988,region_1,1449,13
6989,region_2,10079,14
6990,region_3,15666,15
6991,region_4,11593,16
6992,region_5,5804,17
6993,region_6,60098,18
6994,region_7,42374,19
6995,region_8,29479,20
6996,region_9,60215,21
6997,region_10,45888,22
6998,region_11,49547,23
6999,region_12,52885,24
7000,region_13,20777,25
7001,region_14,39133,26
7002,region_15,14683,27
7003,region_16,13291,28
7004,region_0,4088,29
7005,region_1,38086,30
7006,region_2,1450,0
7007,region_3,59641,1
7008,region_4,24763,2
7009,region_5,15464,3
7010,region_6,62329,4
7011,region_7,14072,5
7012,region_8,63883,6
7013,region_9,50448,7
7014,region_10,2911,8
7015,region_11,42256,9
7016,region_12,53729,10
7017,region_13,52410,11
7018,region_14,7518,12
7019,region_15,26837,13
7020,region_16,12614,14
7021,region_0,12636,15
7022,region_1,16412,16
7023,region_2,32471,17
7024,region_3,44571,18
7025,region_4,37731,19
7026,region_5,22694,20
7027,region_6,43393,21
7028,region_7,59854,22
7029,region_8,7316,23
7030,region_9,28308,24
7031,region_10,48419,25
7032,region_11,1546,26
7033,region_12,60613,27
7034,region_13,47269,28
7035,region_14,24598,29
7036,region_15,6062,30
7037,region_16,8747,0
7038,region_0,35410,1
7039,region_1,15521,2
7040,region_2,62283,3
7041,region_3,49237,4
7042,region_4,32219,5
7043,region_5,16733,6
7044,region_6,4572,7
7045,region_7,43430,8
7046,region_8,3391,9
7047,region_9,17615,10
7048,region_10,31092,11
7049,region_11,33268,12
7050,region_12,24584,13
7051,region_13,3358,14
7052,region_14,61730,15
7053,region_15,57380,16
7054,region_16,14647,17
7055,region_0,24461,18
7056,region_1,44325,19
7057,region_2,1905,20
7058,region_3,5754,21
7059,region_4,55248,22
7060,region_5,21624,23
7061,region_6,2482,24
7062,region_7,30488,25
7063,region_8,11366,26
7064,region_9,24497,27
7065,region_10,22051,28
7066,region_11,13573,29
7067,region_12,23198,30
7068,region_13,38770,0
7069,region_14,49418,1
7070,region_15,20158,2
7071,region_16,1609,3
7072,region_0,47855,4
7073,region_1,3624,5
7074,region_2,19452,6
7075,region_3,25185,7
7076,region_4,39703,8
7077,region_5,14937,9
7078,region_6,29829,10
7079,region_7,1670,11
7080,region_8,40104,12
7081,region_9,52029,13
7082,region_10,34899,14
7083,region_11,2890,15
7084,region_12,61266,16
7085,region_13,57697,17
7086,region_14,21128,18
7087,region_15,23842,19
7088,region_16,31982,20
7089,region_0,30697,21
7090,region_1,3686,22
7091,region_2,27353,23
7092,region_3,3328,24
7093,region_4,64316,25
7094,region_5,40189,26
7095,region_6,38696,27
7096,region_7,34029,28
7097,region_8,18230,29
7098,region_9,16651,30
7099,region_10,2755,0
7100,region_11,18505,1
7101,region_12,32428,2
7102,region_13,30372,3
7103,region_14,51663,4
7104,region_15,60562,5
7105,region_16,59368,6
7106,region_0,1504,7
7107,region_1,50126,8
7108,region_2,63735,9
7109,region_3,54462,10
7110,region_4,6325,11
7111,region_5,62055,12
7112,region_6,10075,13
7113,region_7,47755,14
7114,region_8,43238,15
7115,region_9,24069,16
7116,region_10,4927,17
7117,region_11,22071,18
7118,region_12,2080,19
7119,region_13,53455,20
7120,region_14,55575,21
7121,region_15,65156,22
7122,region_16,46155,23
7123,region_0,29851,24
7124,region_1,55885,25
7125,region_2,46526,26
7126,region_3,4517,27
7127,region_4,6969,28
7128,region_5,3717,29
7129,region_6,48391,30
7130,region_7,61089,0
7131,region_8,49917,1
7132,region_9,13359,2
7133,region_10,10030,3
7134,region_11,47982,4
7135,region_12,64145,5
7136,region_13,466,6
7137,region_14,49657,7
7138,region_15,51484,8
7139,region_16,59530,9
7140,region_0,16067,10
7141,region_1,14829,11
7142,region_2,50058,12
7143,region_3,11522,13
7144,region_4,30684,14
7145,region_5,40209,15
7146,region_6,42094,16
7147,region_7,1332,17
7148,region_8,48986,18
7149,region_9,52785,19
7150,region_10,27605,20
7151,region_11,54506,21
7152,region_12,5231,22
7153,region_13,78,23
7154,region_14,48446,24
7155,region_15,25070,25
7156,region_16,36474,26
7157,region_0,20387,27
7158,region_1,28009,28
7159,region_2,61444,29
7160,region_3,35739,30
7161,region_4,60486,0
7162,region_5,61385,1
7163,region_6,18356,2
7164,region_7,41233,3
7165,region_8,32356,4
7166,region_9,56782,5
7167,region_10,33279,6
7168,region_11,8175,7
7169,region_12,44986,8
7170,region_13,28928,9
7171,region_14,53602,10
7172,region_15,28779,11
7173,region_16,52803,12
7174,region_0,38604,13
7175,region_1,40167,14
7176,region_2,26837,15
7177,region_3,1233,16
7178,region_4,58147,17
7179,region_5,46491,18
7180,region_6,42741,19
7181,region_7,21833,20
7182,region_8,41155,21
7183,region_9,33056,22
7184,region_10,47050,23
7185,region_11,23965,24
7186,region_12,61785,25
7187,region_13,6294,26
7188,region_14,15121,27
7189,region_15,3430,28
7190,region_16,36783,29
7191,region_0,11865,30
7192,region_1,36379,0
7193,region_2,2234,1
7194,region_3,11656,2
7195,region_4,2615,3
7196,region_5,28808,4
7197,region_6,49960,5
7198,region_7,15199,6
7199,region_8,29652,7
7200,region_9,36664,8
7201,region_10,13719,9
7202,region_11,62830,10
7203,region_12,36189,11
7204,region_13,21135,12
7205,region_14,23279,13
7206,region_15,48253,14
7207,region_16,52016,15
7208,region_0,10413,16
7209,region_1,32868,17
7210,region_2,16156,18
7211,region_3,28671,19
7212,region_4,24971,20
7213,region_5,63036,21
7214,region_6,9067,22
7215,region_7,63386,23
7216,region_8,45710,24
7217,region_9,16422,25
7218,region_10,13428,26
7219,region_11,47421,27
7220,region_12,63904,28
7221,region_13,30970,29
7222,region_14,29280,30
7223,region_15,4055,0
7224,region_16,36704,1
7225,region_0,63272,2
7226,region_1,49981,3
7227,region_2,7796,4
7228,region_3,55544,5
7229,region_4,46972,6
7230,region_5,10632,7
7231,region_6,26348,8
7232,region_7,41256,9
7233,region_8,35473,10
7234,region_9,51693,11
7235,region_10,14791,12
7236,region_11,15092,13
7237,region_12,55868,14
7238,region_13,4342,15
7239,region_14,48650,16
7240,region_15,62719,17
7241,region_16,63481,18
7242,region_0,51534,19
7243,region_1,6163,20
7244,region_2,33579,21
7245,region_3,15012,22
7246,region_4,59619,23
7247,region_5,41695,24
7248,region_6,45672,25
7249,region_7,41100,26
7250,region_8,12652,27
7251,region_9,52624,28
7252,region_10,21577,29
7253,region_11,40826,30
7254,region_12,49661,0
7255,region_13,47500,1
7256,region_14,18509,2
7257,region_15,65162,3
7258,region_16,14013,4
7259,region_0,37498,5
7260,region_1,17019,6
7261,region_2,9467,7
7262,region_3,54497,8
7263,region_4,14080,9
7264,region_5,65253,10
7265,region_6,9787,11
7266,region_7,61845,12
7267,region_8,62257,13
7268,region_9,43469,14
7269,region_10,11621,15
7270,region_11,36116,16
7271,region_12,28331,17
7272,region_13,51517,18
7273,region_14,61946,19
7274,region_15,30739,20
7275,region_16,2968,21
7276,region_0,46024,22
7277,region_1,44340,23
7278,region_2,54817,24
7279,region_3,26716,25
7280,region_4,6102,26
7281,region_5,16081,27
7282,region_6,50731,28
7283,region_7,53961,29
7284,region_8,42450,30
7285,region_9,41211,0
7286,region_10,51019,1
7287,region_11,61804,2
7288,region_12,44216,3
7289,region_13,57789,4
7290,region_14,56040,5
7291,region_15,51687,6
7292,region_16,60310,7
7293,region_0,6949,8
7294,region_1,42302,9
7295,region_2,56708,10
7296,region_3,6268,11
7297,region_4,59304,12
7298,region_5,12575,13
7299,region_6,48304,14
7300,region_7,45436,15
7301,region_8,22450,16
7302,region_9,17531,17
7303,region_10,43772,18
7304,region_11,41728,19
7305,region_12,64901,20
7306,region_13,18202,21
7307,region_14,28049,22
7308,region_15,64080,23
7309,region_16,35824,24
7310,region_0,9151,25
7311,region_1,5336,26
7312,region_2,43931,27
7313,region_3,52636,28
7314,region_4,51439,29
7315,region_5,47812,30
7316,region_6,45006,0
7317,region_7,43805,1
7318,region_8,25572,2
7319,region_9,18019,3
7320,region_10,109,4
7321,region_11,55091,5
7322,region_12,45440,6
7323,region_13,28953,7
7324,region_14,42710,8
7325,region_15,39664,9
7326,region_16,14099,10
7327,region_0,38720,11
7328,region_1,17548,12
7329,region_2,64978,13
7330,region_3,19265,14
7331,region_4,3735,15
7332,region_5,30208,16
7333,region_6,12230,17
7334,region_7,18759,18
7335,region_8,38787,19
7336,region_9,31718,20
7337,region_10,13208,21
7338,region_11,49212,22
7339,region_12,23152,23
7340,region_13,19390,24
7341,region_14,52774,25
7342,region_15,54709,26
7343,region_16,41709,27
7344,region_0,61859,28
7345,region_1,25199,29
7346,region_2,5844,30
7347,region_3,44510,0
7348,region_4,4109,1
7349,region_5,15627,2
7350,region_6,16378,3
7351,region_7,36455,4
7352,region_8,56165,5
7353,region_9,32314,6
7354,region_10,3824,7
7355,region_11,49157,8
7356,region_12,42917,9
7357,region_13,17159,10
7358,region_14,47092,11
7359,region_15,9833,12
7360,region_16,21028,13
7361,region_0,37371,14
7362,region_1,24454,15
7363,region_2,35863,16
7364,region_3,17570,17
7365,region_4,54687,18
7366,region_5,58133,19
7367,region_6,51545,20
7368,region_7,58227,21
7369,region_8,57043,22
7370,region_9,11539,23
7371,region_10,54296,24
7372,region_11,52416,25
7373,region_12,43432,26
7374,region_13,15045,27
7375,region_14,58205,28
7376,region_15,42373,29
7377,region_16,16354,30
7378,region_0,46638,0
7379,region_1,34198,1
7380,region_2,12589,2
7381,region_3,25212,3
7382,region_4,46792,4
7383,region_5,46008,5
7384,region_6,625,6
7385,region_7,30685,7
7386,region_8,12559,8
7387,region_9,52136,9
7388,region_10,39672,10
7389,region_11,55639,11
7390,region_12,58352,12
7391,region_13,36952,13
7392,region_14,42073,14
7393,region_15,40481,15
7394,region_16,20538,16
7395,region_0,33971,17
7396,region_1,24805,18
7397,region_2,35601,19
7398,region_3,30503,20
7399,region_4,41323,21
7400,region_5,13123,22
7401,region_6,40759,23
7402,region_7,47433,24
7403,region_8,34587,25
7404,region_9,5741,26
7405,region_10,19073,27
7406,region_11,61771,28
7407,region_12,25439,29
7408,region_13,35066,30
7409,region_14,28505,0
7410,region_15,33286,1
7411,region_16,65415,2
7412,region_0,39457,3
7413,region_1,59039,4
7414,region_2,19178,5
7415,region_3,13432,6
7416,region_4,47746,7
7417,region_5,64119,8
7418,region_6,20460,9
7419,region_7,63052,10
7420,region_8,53781,11
7421,region_9,48344,12
7422,region_10,43496,13
7423,region_11,22096,14
7424,region_12,288,15
7425,region_13,30101,16
7426,region_14,64670,17
7427,region_15,37993,18
7428,region_16,9556,19
7429,region_0,57044,20
7430,region_1,15067,21
7431,region_2,47590,22
7432,region_3,39750,23
7433,region_4,18670,24
7434,region_5,12700,25
7435,region_6,8071,26
7436,region_7,33922,27
7437,region_8,16226,28
7438,region_9,2062,29
7439,region_10,46863,30
7440,region_11,30936,0
7441,region_12,16963,1
7442,region_13,58083,2
7443,region_14,49775,3
7444,region_15,65443,4
7445,region_16,56714,5
7446,region_0,55395,6
7447,region_1,17499,7
7448,region_2,18711,8
7449,region_3,40456,9
7450,region_4,55294,10
7451,region_5,11119,11
7452,region_6,35955,12
7453,region_7,32871,13
7454,region_8,62996,14
7455,region_9,8370,15
7456,region_10,29603,16
7457,region_11,48436,17
7458,region_12,34965,18
7459,region_13,54858,19
7460,region_14,23940,20
7461,region_15,28827,21
7462,region_16,7760,22
7463,region_0,10389,23
7464,region_1,48968,24
7465,region_2,17009,25
7466,region_3,7162,26
7467,region_4,8952,27
7468,region_5,8120,28
7469,region_6,4290,29
7470,region_7,61423,30
7471,region_8,63295,0
7472,region_9,51928,1
7473,region_10,30839,2
7474,region_11,24936,3
7475,region_12,1926,4
7476,region_13,33588,5
7477,region_14,34037,6
7478,region_15,17685,7
7479,region_16,19846,8
7480,region_0,29639,9
7481,region_1,59017,10
7482,region_2,44375,11
7483,region_3,23761,12
7484,region_4,3314,13
7485,region_5,14402,14
7486,region_6,51450,15
7487,region_7,45946,16
7488,region_8,43313,17
7489,region_9,2347,18
7490,region_10,30368,19
7491,region_11,49702,20
7492,region_12,40194,21
7493,region_13,20065,22
7494,region_14,33152,23
7495,region_15,27938,24
7496,region_16,14560,25
7497,region_0,57363,26
7498,region_1,61517,27
7499,region_2,15216,28
7500,region_3,28653,29
7501,region_4,64585,30
7502,region_5,24031,0
7503,region_6,43602,1
7504,region_7,18701,2
7505,region_8,16333,3
7506,region_9,3400,4
7507,region_10,20951,5
7508,region_11,23406,6
7509,region_12,18628,7
7510,region_13,4373,8
7511,region_14,10280,9
7512,region_15,19798,10
7513,region_16,7770,11
7514,region_0,24568,12
7515,region_1,24680,13
7516,region_2,11282,14
7517,region_3,35994,15
7518,region_4,51902,16
7519,region_5,31105,17
7520,region_6,54366,18
7521,region_7,48132,19
7522,region_8,24166,20
7523,region_9,39110,21
7524,region_10,14249,22
7525,region_11,43953,23
7526,region_12,9773,24
7527,region_13,12974,25
7528,region_14,14534,26
7529,region_15,49559,27
7530,region_16,23150,28
7531,region_0,63871,29
7532,region_1,10132,30
7533,region_2,64961,0
7534,region_3,57207,1
7535,region_4,4568,2
7536,region_5,21908,3
7537,region_6,33902,4
7538,region_7,47613,5
7539,region_8,38536,6
7540,region_9,28640,7
7541,region_10,56613,8
7542,region_11,10424,9
7543,region_12,47625,10
7544,region_13,15187,11
7545,region_14,24615,12
7546,region_15,21449,13
7547,region_16,46190,14
7548,region_0,31333,15
7549,region_1,43545,16
7550,region_2,36535,17
7551,region_3,4287,18
7552,region_4,3322,19
7553,region_5,52883,20
7554,region_6,63841,21
7555,region_7,19686,22
7556,region_8,19210,23
7557,region_9,20852,24
7558,region_10,55893,25
7559,region_11,34819,26
7560,region_12,12843,27
7561,region_13,62885,28
7562,region_14,17926,29
7563,region_15,25489,30
7564,region_16,14203,0
7565,region_0,12274,1
7566,region_1,18313,2
7567,region_2,48117,3
7568,region_3,48052,4
7569,region_4,38898,5
7570,region_5,47346,6
7571,region_6,40972,7
7572,region_7,1920,8
7573,region_8,26506,9
7574,region_9,34587,10
7575,region_10,61223,11
7576,region_11,15556,12
7577,region_12,22729,13
7578,region_13,34240,14
7579,region_14,42736,15
7580,region_15,54077,16
7581,region_16,42881,17
7582,region_0,17664,18
7583,region_1,37640,19
7584,region_2,41039,20
7585,region_3,55122,21
7586,region_4,31472,22
7587,region_5,13,23
7588,region_6,53644,24
7589,region_7,20137,25
7590,region_8,17231,26
7591,region_9,17696,27
7592,region_10,1318,28
7593,region_11,65065,29
7594,region_12,42624,30
7595,region_13,34916,0
7596,region_14,6297,1
7597,region_15,22139,2
7598,region_16,47955,3
7599,region_0,39994,4
7600,region_1,4665,5
7601,region_2,6434,6
7602,region_3,21299,7
7603,region_4,37005,8
7604,region_5,37759,9
7605,region_6,7943,10
7606,region_7,5097,11
7607,region_8,25774,12
7608,region_9,29087,13
7609,region_10,22983,14
7610,region_11,31868,15
7611,region_12,33891,16
7612,region_13,7901,17
7613,region_14,13926,18
7614,region_15,43442,19
7615,region_16,2347,20
7616,region_0,34433,21
7617,region_1,57248,22
7618,region_2,24746,23
7619,region_3,23485,24
7620,region_4,55986,25
7621,region_5,40896,26
7622,region_6,12318,27
7623,region_7,61727,28
7624,region_8,4057,29
7625,region_9,61605,30
7626,region_10,24845,0
7627,region_11,19242,1
7628,region_12,12924,2
7629,region_13,1560,3
7630,region_14,52380,4
7631,region_15,51943,5
7632,region_16,9991,6
7633,region_0,22848,7
7634,region_1,20326,8
7635,region_2,34580,9
7636,region_3,43934,10
7637,region_4,49148,11
7638,region_5,31518,12
7639,region_6,53263,13
7640,region_7,43652,14
7641,region_8,55513,15
7642,region_9,42082,16
7643,region_10,36197,17
7644,region_11,17880,18
7645,region_12,51174,19
7646,region_13,14873,20
7647,region_14,20010,21
7648,region_15,36437,22
7649,region_16,10303,23
7650,region_0,22019,24
7651,region_1,19970,25
7652,region_2,1076,26
7653,region_3,38789,27
7654,region_4,28895,28
7655,region_5,52296,29
7656,region_6,1429,30
7657,region_7,35862,0
7658,region_8,32871,1
7659,region_9,50664,2
7660,region_10,49587,3
7661,region_11,7925,4
7662,region_12,31639,5
7663,region_13,59913,6
7664,region_14,54546,7
7665,region_15,30454,8
7666,region_16,39848,9
7667,region_0,27787,10
7668,region_1,820,11
7669,region_2,32152,12
7670,region_3,37704,13
7671,region_4,21977,14
7672,region_5,49012,15
7673,region_6,52760,16
7674,region_7,46476,17
7675,region_8,1426,18
7676,region_9,40384,19
7677,region_10,2854,20
7678,region_11,48653,21
7679,region_12,46144,22
7680,region_13,58514,23
7681,region_14,3036,24
7682,region_15,1219,25
7683,region_16,224,26
7684,region_0,56780,27
7685,region_1,28791,28
7686,region_2,7522,29
7687,region_3,23533,30
7688,region_4,41393,0
7689,region_5,1948,1
7690,region_6,33702,2
7691,region_7,42069,3
7692,region_8,49667,4
7693,region_9,15216,5
7694,region_10,51935,6
7695,region_11,25734,7
7696,region_12,56748,8
7697,region_13,49809,9
7698,region_14,6277,10
7699,region_15,60879,11
7700,region_16,45150,12
7701,region_0,52005,13
7702,region_1,35714,14
7703,region_2,11146,15
7704,region_3,52106,16
7705,region_4,52756,17
7706,region_5,52903,18
7707,region_6,45893,19
7708,region_7,43071,20
7709,region_8,47601,21
7710,region_9,43370,22
7711,region_10,45491,23
7712,region_11,52549,24
7713,region_12,49484,25
7714,region_13,61717,26
7715,region_14,52268,27
7716,region_15,377,28
7717,region_16,56136,29
7718,region_0,31176,30
7719,region_1,63405,0
7720,region_2,14960,1
7721,region_3,5063,2
7722,region_4,20202,3
7723,region_5,34374,4
7724,region_6,20199,5
7725,region_7,24546,6
7726,region_8,16823,7
7727,region_9,12333,8
7728,region_10,33235,9
7729,region_11,65491,10
7730,region_12,7193,11
7731,region_13,4800,12
7732,region_14,33061,13
7733,region_15,33341,14
7734,region_16,57352,15
7735,region_0,49004,16
7736,region_1,47227,17
7737,region_2,30978,18
7738,region_3,41039,19
7739,region_4,26151,20
7740,region_5,16073,21
7741,region_6,42267,22
7742,region_7,56741,23
7743,region_8,51122,24
7744,region_9,34085,25
7745,region_10,4254,26
7746,region_11,60975,27
7747,region_12,3913,28
7748,region_13,43083,29
7749,region_14,24843,30
7750,region_15,23840,0
7751,region_16,24611,1
7752,region_0,54501,2
7753,region_1,5503,3
7754,region_2,61485,4
7755,region_3,21114,5
7756,region_4,11528,6
7757,region_5,56864,7
7758,region_6,13582,8
7759,region_7,42628,9
7760,region_8,11411,10
7761,region_9,11856,11
7762,region_10,43422,12
7763,region_11,21441,13
7764,region_12,31602,14
7765,region_13,45388,15
7766,region_14,25532,16
7767,region_15,42524,17
7768,region_16,39431,18
7769,region_0,28641,19
7770,region_1,30286,20
7771,region_2,43901,21
7772,region_3,59076,22
7773,region_4,30135,23
7774,region_5,21644,24
7775,region_6,19704,25
7776,region_7,35883,26
7777,region_8,22421,27
7778,region_9,23559,28
7779,region_10,17750,29
7780,region_11,19524,30
7781,region_12,45674,0
7782,region_13,42680,1
7783,region_14,26087,2
7784,region_15,43932,3
7785,region_16,23027,4
7786,region_0,20298,5
7787,region_1,31191,6
7788,region_2,29420,7
7789,region_3,55654,8
7790,region_4,7921,9
7791,region_5,17203,10
7792,region_6,348,11
7793,region_7,20308,12
7794,region_8,15740,13
7795,region_9,46745,14
7796,region_10,61351,15
7797,region_11,36785,16
7798,region_12,41151,17
7799,region_13,52467,18
7800,region_14,11098,19
7801,region_15,9734,20
7802,region_16,18428,21
7803,region_0,5353,22
7804,region_1,48167,23
7805,region_2,17623,24
7806,region_3,59601,25
7807,region_4,13716,26
7808,region_5,37121,27
7809,region_6,19920,28
7810,region_7,38350,29
7811,region_8,54579,30
7812,region_9,58881,0
7813,region_10,59295,1
7814,region_11,31155,2
7815,region_12,24433,3
7816,region_13,24406,4
7817,region_14,32820,5
7818,region_15,47105,6
7819,region_16,45741,7
7820,region_0,42420,8
7821,region_1,38117,9
7822,region_2,1916,10
7823,region_3,23473,11
7824,region_4,31926,12
7825,region_5,29694,13
7826,region_6,14842,14
7827,region_7,50563,15
7828,region_8,61582,16
7829,region_9,40269,17
7830,region_10,5424,18
7831,region_11,39417,19
7832,region_12,48792,20
7833,region_13,48819,21
7834,region_14,62039,22
7835,region_15,13775,23
7836,region_16,14294,24
7837,region_0,34913,25
7838,region_1,62639,26
7839,region_2,18203,27
7840,region_3,36755,28
7841,region_4,12293,29
7842,region_5,48214,30
7843,region_6,59218,0
7844,region_7,11900,1
7845,region_8,8772,2
7846,region_9,44527,3
7847,region_10,35141,4
7848,region_11,22143,5
7849,region_12,43500,6
7850,region_13,20842,7
7851,region_14,43996,8
7852,region_15,25814,9
7853,region_16,4227,10
7854,region_0,29417,11
7855,region_1,30306,12
7856,region_2,4452,13
7857,region_3,2160,14
7858,region_4,11595,15
7859,region_5,57899,16
7860,region_6,18528,17
7861,region_7,51960,18
7862,region_8,54218,19
7863,region_9,61613,20
7864,region_10,25859,21
7865,region_11,32276,22
7866,region_12,23279,23
7867,region_13,20036,24
7868,region_14,16702,25
7869,region_15,63566,26
7870,region_16,19805,27
7871,region_0,46860,28
7872,region_1,23735,29
7873,region_2,39952,30
7874,region_3,51547,0
7875,region_4,59575,1
7876,region_5,15234,2
7877,region_6,27783,3
7878,region_7,62231,4
7879,region_8,50317,5
7880,region_9,57413,6
7881,region_10,63508,7
7882,region_11,15721,8
7883,region_12,15765,9
7884,region_13,56950,10
7885,region_14,61335,11
7886,region_15,28705,12
7887,region_16,53335,13
7888,region_0,56534,14
7889,region_1,36945,15
7890,region_2,45986,16
7891,region_3,27726,17
7892,region_4,34306,18
7893,region_5,58673,19
7894,region_6,12826,20
7895,region_7,38100,21
7896,region_8,13925,22
7897,region_9,37450,23
7898,region_10,10959,24
7899,region_11,13231,25
7900,region_12,52201,26
7901,region_13,9658,27
7902,region_14,9036,28
7903,region_15,13311,29
7904,region_16,27556,30
7905,region_0,64176,0
7906,region_1,8902,1
7907,region_2,24430,2
7908,region_3,46146,3
7909,region_4,7100,4
7910,region_5,22110,5
7911,region_6,15373,6
7912,region_7,214,7
7913,region_8,56604,8
7914,region_9,32295,9
7915,region_10,3030,10
7916,region_11,11849,11
7917,region_12,63444,12
7918,region_13,2975,13
7919,region_14,31802,14
7920,region_15,61743,15
7921,region_16,42979,16
7922,region_0,39443,17
7923,region_1,8072,18
7924,region_2,62270,19
7925,region_3,19931,20
7926,region_4,53545,21
7927,region_5,63759,22
7928,region_6,60161,23
7929,region_7,28059,24
7930,region_8,36671,25
7931,region_9,22026,26
7932,region_10,38507,27
7933,region_11,15717,28
7934,region_12,7058,29
7935,region_13,6301,30
7936,region_14,55888,0
7937,region_15,11699,1
7938,region_16,10697,2
7939,region_0,42226,3
7940,region_1,38988,4
7941,region_2,4815,5
7942,region_3,62711,6
7943,region_4,20275,7
7944,region_5,559,8
7945,region_6,55726,9
7946,region_7,21477,10
7947,region_8,64603,11
7948,region_9,64419,12
7949,region_10,34128,13
7950,region_11,12954,14
7951,region_12,4450,15
7952,region_13,16494,16
7953,region_14,29980,17
7954,region_15,45727,18
7955,region_16,4864,19
7956,region_0,58154,20
7957,region_1,6304,21
7958,region_2,56345,22
7959,region_3,4448,23
7960,region_4,21463,24
7961,region_5,5280,25
7962,region_6,54300,26
7963,region_7,18546,27
7964,region_8,9656,28
7965,region_9,58369,29
7966,region_10,42035,30
7967,region_11,22908,0
7968,region_12,52611,1
7969,region_13,43200,2
7970,region_14,64086,3
7971,region_15,13853,4
7972,region_16,38222,5
7973,region_0,51135,6
7974,region_1,39503,7
7975,region_2,24204,8
7976,region_3,53983,9
7977,region_4,9326,10
7978,region_5,59925,11
7979,region_6,62170,12
7980,region_7,37501,13
7981,region_8,37222,14
7982,region_9,37093,15
7983,region_10,62361,16
7984,region_11,49522,17
7985,region_12,56195,18
7986,region_13,9425,19
7987,region_14,15833,20
7988,region_15,18372,21
7989,region_16,44926,22
7990,region_0,46074,23
7991,region_1,48911,24
7992,region_2,17206,25
7993,region_3,25136,26
7994,region_4,53008,27
7995,region_5,16210,28
7996,region_6,46873,29
7997,region_7,10948,30
7998,region_8,49424,0
7999,region_9,41903,1
8000,region_10,22522,2
8001,region_11,38725,3
8002,region_12,9785,4
8003,region_13,1729,5
8004,region_14,11925,6
8005,region_15,10885,7
8006,region_16,30395,8
8007,region_0,11049,9
8008,region_1,33815,10
8009,region_2,62132,11
8010,region_3,47719,12
8011,region_4,39864,13
8012,region_5,32320,14
8013,region_6,11353,15
8014,region_7,26914,16
8015,region_8,35379,17
8016,region_9,40614,18
8017,region_10,53436,19
8018,region_11,26811,20
8019,region_12,60380,21
8020,region_13,19613,22
8021,region_14,33647,23
8022,region_15,42521,24
8023,region_16,46893,25
8024,region_0,49219,26
8025,region_1,64770,27
8026,region_2,51168,28
8027,region_3,5234,29
8028,region_4,37821,30
8029,region_5,27675,0
8030,region_6,9718,1
8031,region_7,19620,2
8032,region_8,39911,3
8033,region_9,1619,4
8034,region_10,62940,5
8035,region_11,18475,6
8036,region_12,49097,7
8037,region_13,62894,8
8038,region_14,39819,9
8039,region_15,14388,10
8040,region_16,6336,11
8041,region_0,33942,12
8042,region_1,53803,13
8043,region_2,63497,14
8044,region_3,48635,15
8045,region_4,21736,16
8046,region_5,39421,17
8047,region_6,27811,18
8048,region_7,53461,19
8049,region_8,60530,20
8050,region_9,25808,21
8051,region_10,55170,22
8052,region_11,20422,23
8053,region_12,5041,24
8054,region_13,47213,25
8055,region_14,56987,26
8056,region_15,5295,27
8057,region_16,44567,28
8058,region_0,41061,29
8059,region_1,40684,30
8060,region_2,54492,0
8061,region_3,33695,1
8062,region_4,29232,2
8063,region_5,48589,3
8064,region_6,51384,4
8065,region_7,11923,5
8066,region_8,44151,6
8067,region_9,50713,7
8068,region_10,7560,8
8069,region_11,18739,9
8070,region_12,47110,10
8071,region_13,401,11
8072,region_14,51722,12
8073,region_15,9967,13
8074,region_16,37858,14
8075,region_0,26758,15
8076,region_1,65240,16
8077,region_2,62663,17
8078,region_3,38241,18
8079,region_4,63758,19
8080,region_5,21183,20
8081,region_6,34256,21
8082,region_7,64239,22
8083,region_8,31254,23
8084,region_9,27687,24
8085,region_10,15230,25
8086,region_11,31416,26
8087,region_12,44570,27
8088,region_13,59816,28
8089,region_14,33542,29
8090,region_15,729,30
8091,region_16,53225,0
8092,region_0,64892,1
8093,region_1,44330,2
8094,region_2,50144,3
8095,region_3,10175,4
8096,region_4,13614,5
8097,region_5,12972,6
8098,region_6,28237,7
8099,region_7,45779,8
8100,region_8,37845,9
8101,region_9,547,10
8102,region_10,33657,11
8103,region_11,46215,12
8104,region_12,48979,13
8105,region_13,4375,14
8106,region_14,56656,15
8107,region_15,39490,16
8108,region_16,28511,17
8109,region_0,15781,18
8110,region_1,20203,19
8111,region_2,55061,20
8112,region_3,36029,21
8113,region_4,44647,22
8114,region_5,42276,23
8115,region_6,34515,24
8116,region_7,48882,25
8117,region_8,42025,26
8118,region_9,25863,27
8119,region_10,49427,28
8120,region_11,30687,29
8121,region_12,34455,30
8122,region_13,20127,0
8123,region_14,15760,1
8124,region_15,16530,2
8125,region_16,57351,3
8126,region_0,10919,4
8127,region_1,12888,5
8128,region_2,58708,6
8129,region_3,13119,7
8130,region_4,11848,8
8131,region_5,26843,9
8132,region_6,42178,10
8133,region_7,63978,11
8134,region_8,37279,12
8135,region_9,33549,13
8136,region_10,43454,14
8137,region_11,3355,15
8138,region_12,51125,16
8139,region_13,64082,17
8140,region_14,2976,18
8141,region_15,39626,19
8142,region_16,46393,20
8143,region_0,61302,21
8144,region_1,60833,22
8145,region_2,40830,23
8146,region_3,30836,24
8147,region_4,55044,25
8148,region_5,33746,26
8149,region_6,4210,27
8150,region_7,35366,28
8151,region_8,30399,29
8152,region_9,27011,30
8153,region_10,53084,0
8154,region_11,57118,1
8155,region_12,11194,2
8156,region_13,17045,3
8157,region_14,23631,4
8158,region_15,61660,5
8159,region_16,6967,6
8160,region_0,57423,7
8161,region_1,54470,8
8162,region_2,31873,9
8163,region_3,50320,10
8164,region_4,33541,11
8165,region_5,30768,12
8166,region_6,28176,13
8167,region_7,35721,14
8168,region_8,54629,15
8169,region_9,3673,16
8170,region_10,6530,17
8171,region_11,5413,18
8172,region_12,59533,19
8173,region_13,18971,20
8174,region_14,22691,21
8175,region_15,60861,22
8176,region_16,48847,23
8177,region_0,14750,24
8178,region_1,2969,25
8179,region_2,60652,26
8180,region_3,49083,27
8181,region_4,18246,28
8182,region_5,23630,29
8183,region_6,5377,30
8184,region_7,49993,0
8185,region_8,58413,1
8186,region_9,63755,2
8187,region_10,22791,3
8188,region_11,35982,4
8189,region_12,25375,5
8190,region_13,15433,6
8191,region_14,51348,7
8192,region_15,48743,8
8193,region_16,26495,9
8194,region_0,41174,10
8195,region_1,17910,11
8196,region_2,26345,12
8197,region_3,42118,13
8198,region_4,20797,14
8199,region_5,304,15
8200,region_6,8958,16
8201,region_7,47753,17
8202,region_8,39603,18
8203,region_9,12469,19
8204,region_10,58355,20
8205,region_11,6922,21
8206,region_12,14667,22
8207,region_13,53997,23
8208,region_14,46568,24
8209,region_15,64788,25
8210,region_16,31314,26
8211,region_0,13408,27
8212,region_1,34375,28
8213,region_2,3295,29
8214,region_3,60488,30
8215,region_4,48296,0
8216,region_5,18546,1
8217,region_6,48954,2
8218,region_7,14144,3
8219,region_8,19096,4
8220,region_9,34130,5
8221,region_10,45880,6
8222,region_11,25795,7
8223,region_12,15761,8
8224,region_13,17092,9
8225,region_14,51225,10
8226,region_15,28818,11
8227,region_16,43555,12
8228,region_0,35671,13
8229,region_1,4329,14
8230,region_2,25539,15
8231,region_3,30140,16
8232,region_4,11217,17
8233,region_5,25283,18
8234,region_6,34948,19
8235,region_7,7897,20
8236,region_8,61517,21
8237,region_9,6740,22
8238,region_10,13496,23
8239,region_11,60624,24
8240,region_12,53005,25
8241,region_13,11914,26
8242,region_14,469,27
8243,region_15,19363,28
8244,region_16,10921,29
8245,region_0,56668,30
8246,region_1,61977,0
8247,region_2,34165,1
8248,region_3,4310,2
8249,region_4,8913,3
8250,region_5,54613,4
8251,region_6,60444,5
8252,region_7,16794,6
8253,region_8,60740,7
8254,region_9,32441,8
8255,region_10,12225,9
8256,region_11,38865,10
8257,region_12,10922,11
8258,region_13,53311,12
8259,region_14,48486,13
8260,region_15,65355,14
8261,region_16,48736,15
8262,region_0,38793,16
8263,region_1,34680,17
8264,region_2,32062,18
8265,region_3,33243,19
8266,region_4,5004,20
8267,region_5,32183,21
8268,region_6,41462,22
8269,region_7,46409,23
8270,region_8,30716,24
8271,region_9,18844,25
8272,region_10,16382,26
8273,region_11,3415,27
8274,region_12,15980,28
8275,region_13,31351,29
8276,region_14,58188,30
8277,region_15,21219,0
8278,region_16,51433,1
8279,region_0,56649,2
8280,region_1,11049,3
8281,region_2,9137,4
8282,region_3,5074,5
8283,region_4,23326,6
8284,region_5,60957,7
8285,region_6,47169,8
8286,region_7,57896,9
8287,region_8,27072,10
8288,region_9,11908,11
8289,region_10,41490,12
8290,region_11,35399,13
8291,region_12,51207,14
8292,region_13,56626,15
8293,region_14,5874,16
8294,region_15,51254,17
8295,region_16,62956,18
8296,region_0,53545,19
8297,region_1,60522,20
8298,region_2,25144,21
8299,region_3,15576,22
8300,region_4,45177,23
8301,region_5,27255,24
8302,region_6,50706,25
8303,region_7,1848,26
8304,region_8,37982,27
8305,region_9,45193,28
8306,region_10,55191,29
8307,region_11,10470,30
8308,region_12,8763,0
8309,region_13,52655,1
8310,region_14,63104,2
8311,region_15,55742,3
8312,region_16,61939,4
8313,region_0,214,5
8314,region_1,41066,6
8315,region_2,54832,7
8316,region_3,23446,8
8317,region_4,45536,9
8318,region_5,7856,10
8319,region_6,64582,11
8320,region_7,48647,12
8321,region_8,52289,13
8322,region_9,35895,14
8323,region_10,36938,15
8324,region_11,23113,16
8325,region_12,40802,17
8326,region_13,41127,18
8327,region_14,16195,19
8328,region_15,60205,20
8329,region_16,39841,21
8330,region_0,42379,22
8331,region_1,63406,23
8332,region_2,44165,24
8333,region_3,14725,25
8334,region_4,35506,26
8335,region_5,27370,27
8336,region_6,46466,28
8337,region_7,34092,29
8338,region_8,18853,30
8339,region_9,43970,0
8340,region_10,3670,1
8341,region_11,1452,2
8342,region_12,10498,3
8343,region_13,54734,4
8344,region_14,60180,5
8345,region_15,12293,6
8346,region_16,38367,7
8347,region_0,10161,8
8348,region_1,60081,9
8349,region_2,49456,10
8350,region_3,23584,11
8351,region_4,34436,12
8352,region_5,59026,13
8353,region_6,8308,14
8354,region_7,61366,15
8355,region_8,51309,16
8356,region_9,19378,17
8357,region_10,49315,18
8358,region_11,37126,19
8359,region_12,29702,20
8360,region_13,38989,21
8361,region_14,57276,22
8362,region_15,36435,23
8363,region_16,59439,24
8364,region_0,39954,25
8365,region_1,36050,26
8366,region_2,64462,27
8367,region_3,8815,28
8368,region_4,31412,29
8369,region_5,39584,30
8370,region_6,52383,0
8371,region_7,28727,1
8372,region_8,64862,2
8373,region_9,1551,3
8374,region_10,40929,4
8375,region_11,60087,5
8376,region_12,49435,6
8377,region_13,53586,7
8378,region_14,37649,8
8379,region_15,20291,9
8380,region_16,34290,10
8381,region_0,14228,11
8382,region_1,19244,12
8383,region_2,19674,13
8384,region_3,37231,14
8385,region_4,35557,15
8386,region_5,31821,16
8387,region_6,28588,17
8388,region_7,48023,18
8389,region_8,29229,19
8390,region_9,32902,20
8391,region_10,22090,21
8392,region_11,17419,22
8393,region_12,24562,23
8394,region_13,47024,24
8395,region_14,63446,25
8396,region_15,38832,26
8397,region_16,2758,27
8398,region_0,56703,28
8399,region_1,4674,29
8400,region_2,45703,30
8401,region_3,61347,0
8402,region_4,44107,1
8403,region_5,44746,2
8404,region_6,1676,3
8405,region_7,10862,4
8406,region_8,62523,5
8407,region_9,51995,6
8408,region_10,52025,7
8409,region_11,64158,8
8410,region_12,59178,9
8411,region_13,1597,10
8412,region_14,3349,11
8413,region_15,65209,12
8414,region_16,22688,13
8415,region_0,56694,14
8416,region_1,28503,15
8417,region_2,49633,16
8418,region_3,62551,17
8419,region_4,64893,18
8420,region_5,40856,19
8421,region_6,151,20
8422,region_7,37754,21
8423,region_8,46700,22
8424,region_9,34484,23
8425,region_10,30090,24
8426,region_11,47897,25
8427,region_12,62559,26
8428,region_13,63688,27
8429,region_14,20859,28
8430,region_15,23664,29
8431,region_16,2055,30
8432,region_0,62990,0
8433,region_1,33612,1
8434,region_2,11368,2
8435,region_3,15610,3
8436,region_4,20080,4
8437,region_5,17746,5
8438,region_6,58403,6
8439,region_7,3845,7
8440,region_8,35511,8
8441,region_9,14376,9
8442,region_10,60637,10
8443,region_11,60364,11
8444,region_12,23124,12
8445,region_13,4862,13
8446,region_14,23805,14
8447,region_15,52485,15
8448,region_16,22640,16
8449,region_0,45120,17
8450,region_1,35296,18
8451,region_2,1482,19
8452,region_3,43250,20
8453,region_4,24468,21
8454,region_5,60116,22
8455,region_6,12166,23
8456,region_7,15933,24
8457,region_8,20397,25
8458,region_9,18819,26
8459,region_10,51404,27
8460,region_11,60382,28
8461,region_12,46592,29
8462,region_13,10805,30
8463,region_14,47239,0
8464,region_15,21404,1
8465,region_16,36371,2
8466,region_0,34512,3
8467,region_1,23162,4
8468,region_2,62552,5
8469,region_3,4066,6
8470,region_4,63911,7
8471,region_5,3832,8
8472,region_6,1617,9
8473,region_7,53204,10
8474,region_8,14222,11
8475,region_9,8785,12
8476,region_10,63750,13
8477,region_11,52763,14
8478,region_12,53961,15
8479,region_13,40443,16
8480,region_14,5193,17
8481,region_15,31758,18
8482,region_16,58995,19
8483,region_0,62526,20
8484,region_1,30552,21
8485,region_2,54968,22
8486,region_3,28525,23
8487,region_4,40269,24
8488,region_5,23888,25
8489,region_6,23920,26
8490,region_7,12643,27
8491,region_8,42458,28
8492,region_9,40014,29
8493,region_10,12456,30
8494,region_11,55119,0
8495,region_12,11066,1
8496,region_13,57685,2
8497,region_14,13798,3
8498,region_15,8701,4
8499,region_16,44758,5