experiment	Set up job	﻿2026-10-06T14:38:31.4586661Z Current runner version: '2.337.0'
experiment	Set up job	2026-10-06T14:38:31.4667677Z ##[group]Runner Image Provisioner
experiment	Set up job	2026-10-06T14:38:31.4669295Z Hosted Compute Agent
experiment	Set up job	2026-10-06T14:38:31.4670366Z Version: 20260901.588
experiment	Set up job	2026-10-06T14:38:31.4671379Z Commit: f88ec8081b781fac6c440065ac7ff9e710ce3d0b
experiment	Set up job	2026-10-06T14:38:31.4672586Z Build Date: 2026-09-01T19:56:44Z
experiment	Set up job	2026-10-06T14:38:31.4673796Z Worker ID: {76877ae8-9684-4ddd-9be5-2276bdd2b3b1}
experiment	Set up job	2026-10-06T14:38:31.4674956Z Azure Region: eastus2
experiment	Set up job	2026-10-06T14:38:31.4675918Z ##[endgroup]
experiment	Set up job	2026-10-06T14:38:31.4677984Z ##[group]Operating System
experiment	Set up job	2026-10-06T14:38:31.4699554Z Ubuntu
experiment	Set up job	2026-10-06T14:38:31.4700539Z 24.04.5
experiment	Set up job	2026-10-06T14:38:31.4701371Z LTS
experiment	Set up job	2026-10-06T14:38:31.4702399Z ##[endgroup]
experiment	Set up job	2026-10-06T14:38:31.4703319Z ##[group]Runner Image
experiment	Set up job	2026-10-06T14:38:31.4704338Z Image: ubuntu-24.04
experiment	Set up job	2026-10-06T14:38:31.4705329Z Version: 20260927.320.1
experiment	Set up job	2026-10-06T14:38:31.4707111Z Included Software: https://github.com/actions/runner-images/blob/ubuntu24/20260927.320/images/ubuntu/Ubuntu2404-Readme.md
experiment	Set up job	2026-10-06T14:38:31.4710416Z Image Release: https://github.com/actions/runner-images/releases/tag/ubuntu24%2F20260927.320
experiment	Set up job	2026-10-06T14:38:31.4712070Z ##[endgroup]
experiment	Set up job	2026-10-06T14:38:31.4713874Z ##[group]GITHUB_TOKEN Permissions
experiment	Set up job	2026-10-06T14:38:31.4716401Z Contents: read
experiment	Set up job	2026-10-06T14:38:31.4717432Z Metadata: read
experiment	Set up job	2026-10-06T14:38:31.4759815Z ##[endgroup]
experiment	Set up job	2026-10-06T14:38:31.4763277Z Secret source: Actions
experiment	Set up job	2026-10-06T14:38:31.4764947Z Cache mode: write
experiment	Set up job	2026-10-06T14:38:31.4766228Z Prepare workflow directory
experiment	Set up job	2026-10-06T14:38:31.6065410Z Prepare all required actions
experiment	Set up job	2026-10-06T14:38:31.6233320Z Getting action download info
experiment	Set up job	2026-10-06T14:38:31.9718622Z Download action repository 'actions/checkout@11d5960a326750d5838078e36cf38b85af677262' (SHA:11d5960a326750d5838078e36cf38b85af677262)
experiment	Set up job	2026-10-06T14:38:32.2067420Z Complete job name: experiment
experiment	Run actions/checkout@11d5960a326750d5838078e36cf38b85af677262	﻿2026-10-06T14:38:32.3056927Z ##[group]Run actions/checkout@11d5960a326750d5838078e36cf38b85af677262
experiment	Run actions/checkout@11d5960a326750d5838078e36cf38b85af677262	2026-10-06T14:38:32.3058034Z with:
experiment	Run actions/checkout@11d5960a326750d5838078e36cf38b85af677262	2026-10-06T14:38:32.3058739Z   persist-credentials: false
experiment	Run actions/checkout@11d5960a326750d5838078e36cf38b85af677262	2026-10-06T14:38:32.3059386Z   repository: HuanHuanHuanFFF/Miner
experiment	Run actions/checkout@11d5960a326750d5838078e36cf38b85af677262	2026-10-06T14:38:32.3063294Z   token: ***
experiment	Run actions/checkout@11d5960a326750d5838078e36cf38b85af677262	2026-10-06T14:38:32.3063732Z   ssh-strict: true
experiment	Run actions/checkout@11d5960a326750d5838078e36cf38b85af677262	2026-10-06T14:38:32.3064175Z   ssh-user: git
experiment	Run actions/checkout@11d5960a326750d5838078e36cf38b85af677262	2026-10-06T14:38:32.3064603Z   clean: true
experiment	Run actions/checkout@11d5960a326750d5838078e36cf38b85af677262	2026-10-06T14:38:32.3065057Z   sparse-checkout-cone-mode: true
experiment	Run actions/checkout@11d5960a326750d5838078e36cf38b85af677262	2026-10-06T14:38:32.3065607Z   fetch-depth: 1
experiment	Run actions/checkout@11d5960a326750d5838078e36cf38b85af677262	2026-10-06T14:38:32.3066047Z   fetch-tags: false
experiment	Run actions/checkout@11d5960a326750d5838078e36cf38b85af677262	2026-10-06T14:38:32.3066501Z   show-progress: true
experiment	Run actions/checkout@11d5960a326750d5838078e36cf38b85af677262	2026-10-06T14:38:32.3066948Z   lfs: false
experiment	Run actions/checkout@11d5960a326750d5838078e36cf38b85af677262	2026-10-06T14:38:32.3067362Z   submodules: false
experiment	Run actions/checkout@11d5960a326750d5838078e36cf38b85af677262	2026-10-06T14:38:32.3067813Z   set-safe-directory: true
experiment	Run actions/checkout@11d5960a326750d5838078e36cf38b85af677262	2026-10-06T14:38:32.3068468Z   allow-unsafe-pr-checkout: false
experiment	Run actions/checkout@11d5960a326750d5838078e36cf38b85af677262	2026-10-06T14:38:32.3069277Z ##[endgroup]
experiment	Run actions/checkout@11d5960a326750d5838078e36cf38b85af677262	2026-10-06T14:38:32.4381324Z Syncing repository: HuanHuanHuanFFF/Miner
experiment	Run actions/checkout@11d5960a326750d5838078e36cf38b85af677262	2026-10-06T14:38:32.5465281Z ##[group]Getting Git version info
experiment	Run actions/checkout@11d5960a326750d5838078e36cf38b85af677262	2026-10-06T14:38:32.5466583Z Working directory is '/home/runner/work/Miner/Miner'
experiment	Run actions/checkout@11d5960a326750d5838078e36cf38b85af677262	2026-10-06T14:38:32.5468593Z [command]/usr/bin/git version
experiment	Run actions/checkout@11d5960a326750d5838078e36cf38b85af677262	2026-10-06T14:38:32.5469705Z git version 2.55.0
experiment	Run actions/checkout@11d5960a326750d5838078e36cf38b85af677262	2026-10-06T14:38:32.5472421Z ##[endgroup]
experiment	Run actions/checkout@11d5960a326750d5838078e36cf38b85af677262	2026-10-06T14:38:32.5479056Z Temporarily overriding HOME='/home/runner/work/_temp/9b584851-2f2d-4a5a-8654-3b93ec9c599a' before making global git config changes
experiment	Run actions/checkout@11d5960a326750d5838078e36cf38b85af677262	2026-10-06T14:38:32.5481380Z Adding repository directory to the temporary git global config as a safe directory
experiment	Run actions/checkout@11d5960a326750d5838078e36cf38b85af677262	2026-10-06T14:38:32.5483198Z [command]/usr/bin/git config --global --add safe.directory /home/runner/work/Miner/Miner
experiment	Run actions/checkout@11d5960a326750d5838078e36cf38b85af677262	2026-10-06T14:38:32.5485625Z Deleting the contents of '/home/runner/work/Miner/Miner'
experiment	Run actions/checkout@11d5960a326750d5838078e36cf38b85af677262	2026-10-06T14:38:32.5487177Z ##[group]Initializing the repository
experiment	Run actions/checkout@11d5960a326750d5838078e36cf38b85af677262	2026-10-06T14:38:32.5488437Z [command]/usr/bin/git init /home/runner/work/Miner/Miner
experiment	Run actions/checkout@11d5960a326750d5838078e36cf38b85af677262	2026-10-06T14:38:32.5489875Z hint: Using 'master' as the name for the initial branch. This default branch name
experiment	Run actions/checkout@11d5960a326750d5838078e36cf38b85af677262	2026-10-06T14:38:32.5491406Z hint: will change to "main" in Git 3.0. To configure the initial branch name
experiment	Run actions/checkout@11d5960a326750d5838078e36cf38b85af677262	2026-10-06T14:38:32.5492917Z hint: to use in all of your new repositories, which will suppress this warning,
experiment	Run actions/checkout@11d5960a326750d5838078e36cf38b85af677262	2026-10-06T14:38:32.5494540Z hint: call:
experiment	Run actions/checkout@11d5960a326750d5838078e36cf38b85af677262	2026-10-06T14:38:32.5495174Z hint:
experiment	Run actions/checkout@11d5960a326750d5838078e36cf38b85af677262	2026-10-06T14:38:32.5495947Z hint: 	git config --global init.defaultBranch <name>
experiment	Run actions/checkout@11d5960a326750d5838078e36cf38b85af677262	2026-10-06T14:38:32.5496953Z hint:
experiment	Run actions/checkout@11d5960a326750d5838078e36cf38b85af677262	2026-10-06T14:38:32.5497904Z hint: Names commonly chosen instead of 'master' are 'main', 'trunk' and
experiment	Run actions/checkout@11d5960a326750d5838078e36cf38b85af677262	2026-10-06T14:38:32.5499797Z hint: 'development'. The just-created branch can be renamed via this command:
experiment	Run actions/checkout@11d5960a326750d5838078e36cf38b85af677262	2026-10-06T14:38:32.5501065Z hint:
experiment	Run actions/checkout@11d5960a326750d5838078e36cf38b85af677262	2026-10-06T14:38:32.5501760Z hint: 	git branch -m <name>
experiment	Run actions/checkout@11d5960a326750d5838078e36cf38b85af677262	2026-10-06T14:38:32.5502574Z hint:
experiment	Run actions/checkout@11d5960a326750d5838078e36cf38b85af677262	2026-10-06T14:38:32.5503830Z hint: Disable this message with "git config set advice.defaultBranchName false"
experiment	Run actions/checkout@11d5960a326750d5838078e36cf38b85af677262	2026-10-06T14:38:32.5505483Z Initialized empty Git repository in /home/runner/work/Miner/Miner/.git/
experiment	Run actions/checkout@11d5960a326750d5838078e36cf38b85af677262	2026-10-06T14:38:32.5509190Z [command]/usr/bin/git remote add origin https://github.com/HuanHuanHuanFFF/Miner
experiment	Run actions/checkout@11d5960a326750d5838078e36cf38b85af677262	2026-10-06T14:38:32.5512210Z ##[endgroup]
experiment	Run actions/checkout@11d5960a326750d5838078e36cf38b85af677262	2026-10-06T14:38:32.5513593Z ##[group]Disabling automatic garbage collection
experiment	Run actions/checkout@11d5960a326750d5838078e36cf38b85af677262	2026-10-06T14:38:32.5514737Z [command]/usr/bin/git config --local gc.auto 0
experiment	Run actions/checkout@11d5960a326750d5838078e36cf38b85af677262	2026-10-06T14:38:32.5516985Z ##[endgroup]
experiment	Run actions/checkout@11d5960a326750d5838078e36cf38b85af677262	2026-10-06T14:38:32.5518119Z ##[group]Setting up auth
experiment	Run actions/checkout@11d5960a326750d5838078e36cf38b85af677262	2026-10-06T14:38:32.5519456Z [command]/usr/bin/git config --local --name-only --get-regexp core\.sshCommand
experiment	Run actions/checkout@11d5960a326750d5838078e36cf38b85af677262	2026-10-06T14:38:32.5522910Z [command]/usr/bin/git submodule foreach --recursive sh -c "git config --local --name-only --get-regexp 'core\.sshCommand' && git config --local --unset-all 'core.sshCommand' || :"
experiment	Run actions/checkout@11d5960a326750d5838078e36cf38b85af677262	2026-10-06T14:38:32.5925443Z [command]/usr/bin/git config --local --name-only --get-regexp http\.https\:\/\/github\.com\/\.extraheader
experiment	Run actions/checkout@11d5960a326750d5838078e36cf38b85af677262	2026-10-06T14:38:32.6310226Z [command]/usr/bin/git submodule foreach --recursive sh -c "git config --local --name-only --get-regexp 'http\.https\:\/\/github\.com\/\.extraheader' && git config --local --unset-all 'http.https://github.com/.extraheader' || :"
experiment	Run actions/checkout@11d5960a326750d5838078e36cf38b85af677262	2026-10-06T14:38:32.6370189Z [command]/usr/bin/git config --local --name-only --get-regexp ^includeIf\.gitdir:
experiment	Run actions/checkout@11d5960a326750d5838078e36cf38b85af677262	2026-10-06T14:38:32.6410865Z [command]/usr/bin/git submodule foreach --recursive git config --local --show-origin --name-only --get-regexp remote.origin.url
experiment	Run actions/checkout@11d5960a326750d5838078e36cf38b85af677262	2026-10-06T14:38:32.6802668Z [command]/usr/bin/git config --local http.https://github.com/.extraheader AUTHORIZATION: basic ***
experiment	Run actions/checkout@11d5960a326750d5838078e36cf38b85af677262	2026-10-06T14:38:32.6806708Z ##[endgroup]
experiment	Run actions/checkout@11d5960a326750d5838078e36cf38b85af677262	2026-10-06T14:38:32.6808490Z ##[group]Fetching the repository
experiment	Run actions/checkout@11d5960a326750d5838078e36cf38b85af677262	2026-10-06T14:38:32.6811373Z [command]/usr/bin/git -c protocol.version=2 fetch --no-tags --prune --no-recurse-submodules --depth=1 origin +e8664c786540b0a477e0d43ecc9b96d41b52f564:refs/remotes/origin/codex/deflate-round2
experiment	Run actions/checkout@11d5960a326750d5838078e36cf38b85af677262	2026-10-06T14:38:33.3340539Z From https://github.com/HuanHuanHuanFFF/Miner
experiment	Run actions/checkout@11d5960a326750d5838078e36cf38b85af677262	2026-10-06T14:38:33.3342840Z  * [new ref]         e8664c786540b0a477e0d43ecc9b96d41b52f564 -> origin/codex/deflate-round2
experiment	Run actions/checkout@11d5960a326750d5838078e36cf38b85af677262	2026-10-06T14:38:33.3366208Z ##[endgroup]
experiment	Run actions/checkout@11d5960a326750d5838078e36cf38b85af677262	2026-10-06T14:38:33.3368048Z ##[group]Determining the checkout info
experiment	Run actions/checkout@11d5960a326750d5838078e36cf38b85af677262	2026-10-06T14:38:33.3370435Z ##[endgroup]
experiment	Run actions/checkout@11d5960a326750d5838078e36cf38b85af677262	2026-10-06T14:38:33.3372066Z [command]/usr/bin/git sparse-checkout disable
experiment	Run actions/checkout@11d5960a326750d5838078e36cf38b85af677262	2026-10-06T14:38:33.3449738Z [command]/usr/bin/git config --local --unset-all extensions.worktreeConfig
experiment	Run actions/checkout@11d5960a326750d5838078e36cf38b85af677262	2026-10-06T14:38:33.3541609Z ##[group]Checking out the ref
experiment	Run actions/checkout@11d5960a326750d5838078e36cf38b85af677262	2026-10-06T14:38:33.3560338Z [command]/usr/bin/git checkout --progress --force -B codex/deflate-round2 refs/remotes/origin/codex/deflate-round2
experiment	Run actions/checkout@11d5960a326750d5838078e36cf38b85af677262	2026-10-06T14:38:33.4189226Z Switched to a new branch 'codex/deflate-round2'
experiment	Run actions/checkout@11d5960a326750d5838078e36cf38b85af677262	2026-10-06T14:38:33.4200021Z branch 'codex/deflate-round2' set up to track 'origin/codex/deflate-round2'.
experiment	Run actions/checkout@11d5960a326750d5838078e36cf38b85af677262	2026-10-06T14:38:33.4212558Z ##[endgroup]
experiment	Run actions/checkout@11d5960a326750d5838078e36cf38b85af677262	2026-10-06T14:38:33.4261273Z [command]/usr/bin/git log -1 --format=%H
experiment	Run actions/checkout@11d5960a326750d5838078e36cf38b85af677262	2026-10-06T14:38:33.4290366Z e8664c786540b0a477e0d43ecc9b96d41b52f564
experiment	Run actions/checkout@11d5960a326750d5838078e36cf38b85af677262	2026-10-06T14:38:33.4301906Z ##[group]Removing auth
experiment	Run actions/checkout@11d5960a326750d5838078e36cf38b85af677262	2026-10-06T14:38:33.4309115Z [command]/usr/bin/git config --local --name-only --get-regexp core\.sshCommand
experiment	Run actions/checkout@11d5960a326750d5838078e36cf38b85af677262	2026-10-06T14:38:33.4346119Z [command]/usr/bin/git submodule foreach --recursive sh -c "git config --local --name-only --get-regexp 'core\.sshCommand' && git config --local --unset-all 'core.sshCommand' || :"
experiment	Run actions/checkout@11d5960a326750d5838078e36cf38b85af677262	2026-10-06T14:38:33.4600664Z [command]/usr/bin/git config --local --name-only --get-regexp http\.https\:\/\/github\.com\/\.extraheader
experiment	Run actions/checkout@11d5960a326750d5838078e36cf38b85af677262	2026-10-06T14:38:33.4638077Z http.https://github.com/.extraheader
experiment	Run actions/checkout@11d5960a326750d5838078e36cf38b85af677262	2026-10-06T14:38:33.4643927Z [command]/usr/bin/git config --local --unset-all http.https://github.com/.extraheader
experiment	Run actions/checkout@11d5960a326750d5838078e36cf38b85af677262	2026-10-06T14:38:33.4677877Z [command]/usr/bin/git submodule foreach --recursive sh -c "git config --local --name-only --get-regexp 'http\.https\:\/\/github\.com\/\.extraheader' && git config --local --unset-all 'http.https://github.com/.extraheader' || :"
experiment	Run actions/checkout@11d5960a326750d5838078e36cf38b85af677262	2026-10-06T14:38:33.4922054Z [command]/usr/bin/git config --local --name-only --get-regexp ^includeIf\.gitdir:
experiment	Run actions/checkout@11d5960a326750d5838078e36cf38b85af677262	2026-10-06T14:38:33.4953592Z [command]/usr/bin/git submodule foreach --recursive git config --local --show-origin --name-only --get-regexp remote.origin.url
experiment	Run actions/checkout@11d5960a326750d5838078e36cf38b85af677262	2026-10-06T14:38:33.5213131Z ##[endgroup]
experiment	Check CI gate policy and diagnostics	﻿2026-10-06T14:38:33.5450876Z ##[group]Run python3 scripts/test-round2-ci.py
experiment	Check CI gate policy and diagnostics	2026-10-06T14:38:33.5452506Z ^[[36;1mpython3 scripts/test-round2-ci.py^[[0m
experiment	Check CI gate policy and diagnostics	2026-10-06T14:38:33.5453900Z ^[[36;1mbash -n scripts/ci-round2.sh^[[0m
experiment	Check CI gate policy and diagnostics	2026-10-06T14:38:33.5706729Z shell: /usr/bin/bash -e {0}
experiment	Check CI gate policy and diagnostics	2026-10-06T14:38:33.5708110Z ##[endgroup]
experiment	Check CI gate policy and diagnostics	2026-10-06T14:38:33.9605447Z .....
experiment	Check CI gate policy and diagnostics	2026-10-06T14:38:33.9623490Z ----------------------------------------------------------------------
experiment	Check CI gate policy and diagnostics	2026-10-06T14:38:33.9653327Z Ran 5 tests in 0.308s
experiment	Check CI gate policy and diagnostics	2026-10-06T14:38:33.9654977Z
experiment	Check CI gate policy and diagnostics	2026-10-06T14:38:33.9656035Z OK
experiment	Prepare isolated runner and pinned source	﻿2026-10-06T14:38:33.9761147Z ##[group]Run bash scripts/ci-prepare.sh
experiment	Prepare isolated runner and pinned source	2026-10-06T14:38:33.9761601Z ^[[36;1mbash scripts/ci-prepare.sh^[[0m
experiment	Prepare isolated runner and pinned source	2026-10-06T14:38:33.9836610Z shell: /usr/bin/bash -e {0}
experiment	Prepare isolated runner and pinned source	2026-10-06T14:38:33.9836966Z ##[endgroup]
experiment	Prepare isolated runner and pinned source	2026-10-06T14:38:34.0191263Z Filesystem      Size  Used Avail Use% Mounted on
experiment	Prepare isolated runner and pinned source	2026-10-06T14:38:34.0192702Z /dev/root        72G   59G   14G  82% /
experiment	Prepare isolated runner and pinned source	2026-10-06T14:39:34.7550741Z Reading package lists...
experiment	Prepare isolated runner and pinned source	2026-10-06T14:39:34.9260601Z Building dependency tree...
experiment	Prepare isolated runner and pinned source	2026-10-06T14:39:34.9269661Z Reading state information...
experiment	Prepare isolated runner and pinned source	2026-10-06T14:39:35.0689068Z curl is already the newest version (8.5.0-2ubuntu10.15).
experiment	Prepare isolated runner and pinned source	2026-10-06T14:39:35.0690582Z python3 is already the newest version (3.12.3-0ubuntu2.1).
experiment	Prepare isolated runner and pinned source	2026-10-06T14:39:35.0699736Z python3-venv is already the newest version (3.12.3-0ubuntu2.1).
experiment	Prepare isolated runner and pinned source	2026-10-06T14:39:35.0700604Z git is already the newest version (1:2.55.0-0ppa1~ubuntu24.04.2).
experiment	Prepare isolated runner and pinned source	2026-10-06T14:39:35.0701265Z git set to manually installed.
experiment	Prepare isolated runner and pinned source	2026-10-06T14:39:35.0702090Z pkg-config is already the newest version (1.8.1-2build1).
experiment	Prepare isolated runner and pinned source	2026-10-06T14:39:35.0703011Z zlib1g-dev is already the newest version (1:1.3.dfsg-3.1ubuntu2.2).
experiment	Prepare isolated runner and pinned source	2026-10-06T14:39:35.0703790Z dbus-user-session is already the newest version (1.14.10-4ubuntu4.1).
experiment	Prepare isolated runner and pinned source	2026-10-06T14:39:35.0704426Z dbus-user-session set to manually installed.
experiment	Prepare isolated runner and pinned source	2026-10-06T14:39:35.0705065Z The following additional packages will be installed:
experiment	Prepare isolated runner and pinned source	2026-10-06T14:39:35.0705948Z   libssl3t64 openssl
experiment	Prepare isolated runner and pinned source	2026-10-06T14:39:35.0706820Z Suggested packages:
experiment	Prepare isolated runner and pinned source	2026-10-06T14:39:35.0785091Z   libssl-doc
experiment	Prepare isolated runner and pinned source	2026-10-06T14:39:35.0909256Z The following NEW packages will be installed:
experiment	Prepare isolated runner and pinned source	2026-10-06T14:39:35.0916052Z   bubblewrap build-essential
experiment	Prepare isolated runner and pinned source	2026-10-06T14:39:35.0934762Z The following packages will be upgraded:
experiment	Prepare isolated runner and pinned source	2026-10-06T14:39:35.0935357Z   libssl-dev libssl3t64 openssl
experiment	Prepare isolated runner and pinned source	2026-10-06T14:39:35.1105306Z 3 upgraded, 2 newly installed, 0 to remove and 26 not upgraded.
experiment	Prepare isolated runner and pinned source	2026-10-06T14:39:35.1106510Z Need to get 5413 kB of archives.
experiment	Prepare isolated runner and pinned source	2026-10-06T14:39:35.1120250Z After this operation, 154 kB of additional disk space will be used.
experiment	Prepare isolated runner and pinned source	2026-10-06T14:39:35.1121065Z Get:1 file:/etc/apt/apt-mirrors.txt Mirrorlist [144 B]
experiment	Prepare isolated runner and pinned source	2026-10-06T14:39:35.1517603Z Get:2 http://azure.archive.ubuntu.com/ubuntu noble-updates/main amd64 libssl-dev amd64 3.0.13-0ubuntu3.16 [2409 kB]
experiment	Prepare isolated runner and pinned source	2026-10-06T14:39:35.2442869Z Get:3 http://azure.archive.ubuntu.com/ubuntu noble-updates/main amd64 libssl3t64 amd64 3.0.13-0ubuntu3.16 [1945 kB]
experiment	Prepare isolated runner and pinned source	2026-10-06T14:39:35.3073481Z Get:4 http://azure.archive.ubuntu.com/ubuntu noble-updates/main amd64 openssl amd64 3.0.13-0ubuntu3.16 [1004 kB]
experiment	Prepare isolated runner and pinned source	2026-10-06T14:39:35.3703000Z Get:5 http://azure.archive.ubuntu.com/ubuntu noble-updates/main amd64 bubblewrap amd64 0.9.0-1ubuntu0.3 [50.4 kB]
experiment	Prepare isolated runner and pinned source	2026-10-06T14:39:35.3907978Z Get:6 http://azure.archive.ubuntu.com/ubuntu noble/main amd64 build-essential amd64 12.10ubuntu1 [4928 B]
experiment	Prepare isolated runner and pinned source	2026-10-06T14:39:35.6468508Z Fetched 5413 kB in 0s (18.6 MB/s)
experiment	Prepare isolated runner and pinned source	2026-10-06T14:39:35.6978847Z (Reading database ...
experiment	Prepare isolated runner and pinned source	2026-10-06T14:39:35.6979888Z (Reading database ... 5%
experiment	Prepare isolated runner and pinned source	2026-10-06T14:39:35.6980623Z (Reading database ... 10%
experiment	Prepare isolated runner and pinned source	2026-10-06T14:39:35.6981042Z (Reading database ... 15%
experiment	Prepare isolated runner and pinned source	2026-10-06T14:39:35.6981556Z (Reading database ... 20%
experiment	Prepare isolated runner and pinned source	2026-10-06T14:39:35.6981951Z (Reading database ... 25%
experiment	Prepare isolated runner and pinned source	2026-10-06T14:39:35.6982318Z (Reading database ... 30%
experiment	Prepare isolated runner and pinned source	2026-10-06T14:39:35.6982710Z (Reading database ... 35%
experiment	Prepare isolated runner and pinned source	2026-10-06T14:39:35.6983092Z (Reading database ... 40%
experiment	Prepare isolated runner and pinned source	2026-10-06T14:39:35.6983455Z (Reading database ... 45%
experiment	Prepare isolated runner and pinned source	2026-10-06T14:39:35.6983846Z (Reading database ... 50%
experiment	Prepare isolated runner and pinned source	2026-10-06T14:39:35.7025730Z (Reading database ... 55%
experiment	Prepare isolated runner and pinned source	2026-10-06T14:39:35.8356567Z (Reading database ... 60%
experiment	Prepare isolated runner and pinned source	2026-10-06T14:39:36.0403366Z (Reading database ... 65%
experiment	Prepare isolated runner and pinned source	2026-10-06T14:39:36.2484124Z (Reading database ... 70%
experiment	Prepare isolated runner and pinned source	2026-10-06T14:39:36.4315339Z (Reading database ... 75%
experiment	Prepare isolated runner and pinned source	2026-10-06T14:39:36.5898922Z (Reading database ... 80%
experiment	Prepare isolated runner and pinned source	2026-10-06T14:39:36.7935934Z (Reading database ... 85%
experiment	Prepare isolated runner and pinned source	2026-10-06T14:39:36.9808402Z (Reading database ... 90%
experiment	Prepare isolated runner and pinned source	2026-10-06T14:39:37.0519257Z (Reading database ... 95%
experiment	Prepare isolated runner and pinned source	2026-10-06T14:39:37.0520145Z (Reading database ... 100%
experiment	Prepare isolated runner and pinned source	2026-10-06T14:39:37.0520929Z (Reading database ... 202296 files and directories currently installed.)
experiment	Prepare isolated runner and pinned source	2026-10-06T14:39:37.0554743Z Preparing to unpack .../libssl-dev_3.0.13-0ubuntu3.16_amd64.deb ...
experiment	Prepare isolated runner and pinned source	2026-10-06T14:39:37.6307869Z Unpacking libssl-dev:amd64 (3.0.13-0ubuntu3.16) over (3.0.13-0ubuntu3.15) ...
experiment	Prepare isolated runner and pinned source	2026-10-06T14:39:37.7530087Z Preparing to unpack .../libssl3t64_3.0.13-0ubuntu3.16_amd64.deb ...
experiment	Prepare isolated runner and pinned source	2026-10-06T14:39:37.7561855Z Unpacking libssl3t64:amd64 (3.0.13-0ubuntu3.16) over (3.0.13-0ubuntu3.15) ...
experiment	Prepare isolated runner and pinned source	2026-10-06T14:39:37.8230340Z Setting up libssl3t64:amd64 (3.0.13-0ubuntu3.16) ...
experiment	Prepare isolated runner and pinned source	2026-10-06T14:39:37.8554366Z (Reading database ...
experiment	Prepare isolated runner and pinned source	2026-10-06T14:39:37.8555504Z (Reading database ... 5%
experiment	Prepare isolated runner and pinned source	2026-10-06T14:39:37.8556322Z (Reading database ... 10%
experiment	Prepare isolated runner and pinned source	2026-10-06T14:39:37.8557014Z (Reading database ... 15%
experiment	Prepare isolated runner and pinned source	2026-10-06T14:39:37.8557593Z (Reading database ... 20%
experiment	Prepare isolated runner and pinned source	2026-10-06T14:39:37.8558392Z (Reading database ... 25%
experiment	Prepare isolated runner and pinned source	2026-10-06T14:39:37.8559069Z (Reading database ... 30%
experiment	Prepare isolated runner and pinned source	2026-10-06T14:39:37.8559675Z (Reading database ... 35%
experiment	Prepare isolated runner and pinned source	2026-10-06T14:39:37.8560275Z (Reading database ... 40%
experiment	Prepare isolated runner and pinned source	2026-10-06T14:39:37.8560887Z (Reading database ... 45%
experiment	Prepare isolated runner and pinned source	2026-10-06T14:39:37.8561464Z (Reading database ... 50%
experiment	Prepare isolated runner and pinned source	2026-10-06T14:39:37.8572124Z (Reading database ... 55%
experiment	Prepare isolated runner and pinned source	2026-10-06T14:39:37.8674449Z (Reading database ... 60%
experiment	Prepare isolated runner and pinned source	2026-10-06T14:39:37.8701897Z (Reading database ... 65%
experiment	Prepare isolated runner and pinned source	2026-10-06T14:39:37.8723001Z (Reading database ... 70%
experiment	Prepare isolated runner and pinned source	2026-10-06T14:39:37.8757431Z (Reading database ... 75%
experiment	Prepare isolated runner and pinned source	2026-10-06T14:39:37.8787153Z (Reading database ... 80%
experiment	Prepare isolated runner and pinned source	2026-10-06T14:39:37.8813836Z (Reading database ... 85%
experiment	Prepare isolated runner and pinned source	2026-10-06T14:39:37.8961046Z (Reading database ... 90%
experiment	Prepare isolated runner and pinned source	2026-10-06T14:39:37.9206882Z (Reading database ... 95%
experiment	Prepare isolated runner and pinned source	2026-10-06T14:39:37.9208071Z (Reading database ... 100%
experiment	Prepare isolated runner and pinned source	2026-10-06T14:39:37.9209201Z (Reading database ... 202296 files and directories currently installed.)
experiment	Prepare isolated runner and pinned source	2026-10-06T14:39:37.9247748Z Preparing to unpack .../openssl_3.0.13-0ubuntu3.16_amd64.deb ...
experiment	Prepare isolated runner and pinned source	2026-10-06T14:39:37.9274847Z Unpacking openssl (3.0.13-0ubuntu3.16) over (3.0.13-0ubuntu3.15) ...
experiment	Prepare isolated runner and pinned source	2026-10-06T14:39:38.0363714Z Selecting previously unselected package bubblewrap.
experiment	Prepare isolated runner and pinned source	2026-10-06T14:39:38.0494316Z Preparing to unpack .../bubblewrap_0.9.0-1ubuntu0.3_amd64.deb ...
experiment	Prepare isolated runner and pinned source	2026-10-06T14:39:38.0507288Z Unpacking bubblewrap (0.9.0-1ubuntu0.3) ...
experiment	Prepare isolated runner and pinned source	2026-10-06T14:39:38.0745594Z Selecting previously unselected package build-essential.
experiment	Prepare isolated runner and pinned source	2026-10-06T14:39:38.0871214Z Preparing to unpack .../build-essential_12.10ubuntu1_amd64.deb ...
experiment	Prepare isolated runner and pinned source	2026-10-06T14:39:38.0878290Z Unpacking build-essential (12.10ubuntu1) ...
experiment	Prepare isolated runner and pinned source	2026-10-06T14:39:38.1249783Z Setting up bubblewrap (0.9.0-1ubuntu0.3) ...
experiment	Prepare isolated runner and pinned source	2026-10-06T14:39:38.1297661Z Setting up libssl-dev:amd64 (3.0.13-0ubuntu3.16) ...
experiment	Prepare isolated runner and pinned source	2026-10-06T14:39:38.1318510Z Setting up build-essential (12.10ubuntu1) ...
experiment	Prepare isolated runner and pinned source	2026-10-06T14:39:38.1338623Z Setting up openssl (3.0.13-0ubuntu3.16) ...
experiment	Prepare isolated runner and pinned source	2026-10-06T14:39:38.1387218Z Processing triggers for man-db (2.12.0-4build2) ...
experiment	Prepare isolated runner and pinned source	2026-10-06T14:39:38.1410328Z Not building database; man-db/auto-update is not 'true'.
experiment	Prepare isolated runner and pinned source	2026-10-06T14:39:38.1420860Z Processing triggers for libc-bin (2.39-0ubuntu8.9) ...
experiment	Prepare isolated runner and pinned source	2026-10-06T14:39:38.6886777Z
experiment	Prepare isolated runner and pinned source	2026-10-06T14:39:38.6887919Z Running kernel seems to be up-to-date.
experiment	Prepare isolated runner and pinned source	2026-10-06T14:39:38.6888837Z
experiment	Prepare isolated runner and pinned source	2026-10-06T14:39:38.6889190Z Restarting services...
experiment	Prepare isolated runner and pinned source	2026-10-06T14:39:38.7354508Z  /etc/needrestart/restart.d/systemd-manager
experiment	Prepare isolated runner and pinned source	2026-10-06T14:39:39.0986064Z  systemctl restart packagekit.service php8.3-fpm.service systemd-journald.service systemd-networkd.service systemd-resolved.service systemd-udevd.service udisks2.service
experiment	Prepare isolated runner and pinned source	2026-10-06T14:39:39.5099788Z
experiment	Prepare isolated runner and pinned source	2026-10-06T14:39:39.5100513Z Service restarts being deferred:
experiment	Prepare isolated runner and pinned source	2026-10-06T14:39:39.5101426Z  systemctl restart hosted-compute-agent.service
experiment	Prepare isolated runner and pinned source	2026-10-06T14:39:39.5102383Z  systemctl restart systemd-logind.service
experiment	Prepare isolated runner and pinned source	2026-10-06T14:39:39.5103418Z  systemctl restart walinuxagent.service
experiment	Prepare isolated runner and pinned source	2026-10-06T14:39:39.5107049Z
experiment	Prepare isolated runner and pinned source	2026-10-06T14:39:39.5107482Z No containers need to be restarted.
experiment	Prepare isolated runner and pinned source	2026-10-06T14:39:39.5108033Z
experiment	Prepare isolated runner and pinned source	2026-10-06T14:39:39.5108978Z User sessions running outdated binaries:
experiment	Prepare isolated runner and pinned source	2026-10-06T14:39:39.5109710Z  runner @ user manager service: systemd[1091]
experiment	Prepare isolated runner and pinned source	2026-10-06T14:39:39.5218005Z
experiment	Prepare isolated runner and pinned source	2026-10-06T14:39:39.5312219Z No VM guests are running outdated hypervisor (qemu) binaries on this host.
experiment	Prepare isolated runner and pinned source	2026-10-06T14:39:40.4316292Z kernel.apparmor_restrict_unprivileged_userns = 0
experiment	Prepare isolated runner and pinned source	2026-10-06T14:39:40.4624322Z hint: Using 'master' as the name for the initial branch. This default branch name
experiment	Prepare isolated runner and pinned source	2026-10-06T14:39:40.4625550Z hint: will change to "main" in Git 3.0. To configure the initial branch name
experiment	Prepare isolated runner and pinned source	2026-10-06T14:39:40.4626696Z hint: to use in all of your new repositories, which will suppress this warning,
experiment	Prepare isolated runner and pinned source	2026-10-06T14:39:40.4627624Z Initialized empty Git repository in /home/runner/work/_temp/deflate-upstream/.git/
experiment	Prepare isolated runner and pinned source	2026-10-06T14:39:40.4631519Z hint: call:
experiment	Prepare isolated runner and pinned source	2026-10-06T14:39:40.4631973Z hint:
experiment	Prepare isolated runner and pinned source	2026-10-06T14:39:40.4632510Z hint: 	git config --global init.defaultBranch <name>
experiment	Prepare isolated runner and pinned source	2026-10-06T14:39:40.4633170Z hint:
experiment	Prepare isolated runner and pinned source	2026-10-06T14:39:40.4633815Z hint: Names commonly chosen instead of 'master' are 'main', 'trunk' and
experiment	Prepare isolated runner and pinned source	2026-10-06T14:39:40.4634972Z hint: 'development'. The just-created branch can be renamed via this command:
experiment	Prepare isolated runner and pinned source	2026-10-06T14:39:40.4635804Z hint:
experiment	Prepare isolated runner and pinned source	2026-10-06T14:39:40.4636267Z hint: 	git branch -m <name>
experiment	Prepare isolated runner and pinned source	2026-10-06T14:39:40.4636791Z hint:
experiment	Prepare isolated runner and pinned source	2026-10-06T14:39:40.4637449Z hint: Disable this message with "git config set advice.defaultBranchName false"
experiment	Prepare isolated runner and pinned source	2026-10-06T14:39:40.8931673Z From https://github.com/conjectures-io/conjectures-optimisation-deflate
experiment	Prepare isolated runner and pinned source	2026-10-06T14:39:40.8932829Z  * branch            a356bbff18b60c4527fbcc85d5a28ef9c20214e0 -> FETCH_HEAD
experiment	Prepare isolated runner and pinned source	2026-10-06T14:39:40.9494365Z HEAD is now at a356bbf make the pins telemetry instead of blocking (#30)
experiment	Prepare isolated runner and pinned source	2026-10-06T14:39:40.9774970Z Official pinned source files: 70/70 match
experiment	Prepare isolated runner and pinned source	2026-10-06T14:39:41.0079600Z Running as unit: run-u0.service; invocation ID: 709986dec33143b7bfaa818de3eaac17
experiment	Prepare isolated runner and pinned source	2026-10-06T14:39:41.0127313Z Finished with result: success
experiment	Prepare isolated runner and pinned source	2026-10-06T14:39:41.0128115Z Main processes terminated with: code=exited/status=0
experiment	Prepare isolated runner and pinned source	2026-10-06T14:39:41.0129095Z Service runtime: 3ms
experiment	Prepare isolated runner and pinned source	2026-10-06T14:39:41.0129581Z CPU time consumed: 1ms
experiment	Prepare isolated runner and pinned source	2026-10-06T14:39:41.0130343Z Memory peak: 264.0K
experiment	Prepare isolated runner and pinned source	2026-10-06T14:39:41.0131136Z Memory swap peak: 0B
experiment	Install official verification toolchain	﻿2026-10-06T14:39:41.0216940Z ##[group]Run bash scripts/ci-setup.sh
experiment	Install official verification toolchain	2026-10-06T14:39:41.0217265Z ^[[36;1mbash scripts/ci-setup.sh^[[0m
experiment	Install official verification toolchain	2026-10-06T14:39:41.0281648Z shell: /usr/bin/bash -e {0}
experiment	Install official verification toolchain	2026-10-06T14:39:41.0281899Z env:
experiment	Install official verification toolchain	2026-10-06T14:39:41.0282158Z   DEFLATE_ROOT: /home/runner/work/_temp/deflate-upstream
experiment	Install official verification toolchain	2026-10-06T14:39:41.0282626Z   ELAN_HOME: /home/runner/work/_temp/deflate-upstream/validator/.work/elan
experiment	Install official verification toolchain	2026-10-06T14:39:41.0283065Z   XDG_CACHE_HOME: /home/runner/work/_temp/deflate-cache
experiment	Install official verification toolchain	2026-10-06T14:39:41.0283424Z   UV_CACHE_DIR: /home/runner/work/_temp/deflate-cache/uv
experiment	Install official verification toolchain	2026-10-06T14:39:41.0283944Z   XDG_RUNTIME_DIR: /run/user/1001
experiment	Install official verification toolchain	2026-10-06T14:39:41.0284232Z   DBUS_SESSION_BUS_ADDRESS: unix:path=/run/user/1001/bus
experiment	Install official verification toolchain	2026-10-06T14:39:41.0284542Z   VERIFY_CORPUS: corpus-stage1
experiment	Install official verification toolchain	2026-10-06T14:39:41.0284782Z   VERIFY_SANDBOX: bwrap
experiment	Install official verification toolchain	2026-10-06T14:39:41.0284995Z   GIT_TERMINAL_PROMPT: 0
experiment	Install official verification toolchain	2026-10-06T14:39:41.0285205Z ##[endgroup]
experiment	Install official verification toolchain	2026-10-06T14:39:41.1378786Z info: syncing channel updates for nightly-2026-08-18-x86_64-unknown-linux-gnu
experiment	Install official verification toolchain	2026-10-06T14:39:41.4431076Z info: latest update on 2026-08-18 for version 1.100.0-nightly (8fa1c96cf 2026-08-17)
experiment	Install official verification toolchain	2026-10-06T14:39:41.4431953Z info: downloading 6 components
experiment	Install official verification toolchain	2026-10-06T14:40:01.1666090Z
experiment	Install official verification toolchain	2026-10-06T14:40:01.1740839Z   nightly-2026-08-18-x86_64-unknown-linux-gnu installed - rustc 1.100.0-nightly (8fa1c96cf 2026-08-17)
experiment	Install official verification toolchain	2026-10-06T14:40:01.1741891Z
experiment	Install official verification toolchain	2026-10-06T14:40:01.1742925Z info: checking for self-update (current version: 1.29.1)
experiment	Install official verification toolchain	2026-10-06T14:40:01.2096160Z
experiment	Install official verification toolchain	2026-10-06T14:40:01.2096858Z ^[[1m1/9  System packages^[[0m
experiment	Install official verification toolchain	2026-10-06T14:40:01.2103139Z   ^[[32m✓^[[0m cc, curl, python3, git, bubblewrap present
experiment	Install official verification toolchain	2026-10-06T14:40:01.2103683Z
experiment	Install official verification toolchain	2026-10-06T14:40:01.2108947Z ^[[1m2/9  just (1.58.0)^[[0m
experiment	Install official verification toolchain	2026-10-06T14:40:01.2109859Z   ^[[33m·^[[0m installing into ~/.local/bin
experiment	Install official verification toolchain	2026-10-06T14:40:01.4015155Z   ^[[32m✓^[[0m installed ~/.local/bin/just
experiment	Install official verification toolchain	2026-10-06T14:40:01.4021444Z
experiment	Install official verification toolchain	2026-10-06T14:40:01.4021938Z ^[[1m3/9  uv (0.12.15)^[[0m
experiment	Install official verification toolchain	2026-10-06T14:40:01.4029263Z   ^[[33m·^[[0m installing into ~/.local/bin
experiment	Install official verification toolchain	2026-10-06T14:40:02.0506396Z   ^[[32m✓^[[0m installed ~/.local/bin/uv
experiment	Install official verification toolchain	2026-10-06T14:40:02.0507241Z
experiment	Install official verification toolchain	2026-10-06T14:40:02.0509368Z ^[[1m4/9  Python environment (.venv, from pyproject.toml)^[[0m
experiment	Install official verification toolchain	2026-10-06T14:40:02.0510549Z   ^[[33m·^[[0m syncing .venv from pyproject.toml
experiment	Install official verification toolchain	2026-10-06T14:40:05.1697987Z   ^[[32m✓^[[0m .venv ready
experiment	Install official verification toolchain	2026-10-06T14:40:05.1872628Z   ^[[33m·^[[0m bittensor SDK absent - miners do not need it; validators run ./setup.sh --chain
experiment	Install official verification toolchain	2026-10-06T14:40:05.1873497Z
experiment	Install official verification toolchain	2026-10-06T14:40:05.1873960Z ^[[1m5/9  Trusted-input audit^[[0m
experiment	Install official verification toolchain	2026-10-06T14:40:05.1894578Z   ^[[32m✓^[[0m gate worker records observed code and benchmark identities
experiment	Install official verification toolchain	2026-10-06T14:40:05.1895327Z
experiment	Install official verification toolchain	2026-10-06T14:40:05.1895693Z ^[[1m6/9  Configuration (.env)^[[0m
experiment	Install official verification toolchain	2026-10-06T14:40:05.1896613Z   ^[[32m✓^[[0m created .env from .env.example - edit it for a validator
experiment	Install official verification toolchain	2026-10-06T14:40:05.1897567Z
experiment	Install official verification toolchain	2026-10-06T14:40:05.1898149Z ^[[1m7/9  Scoring corpus (corpus-stage1, the benchmark default)^[[0m
experiment	Install official verification toolchain	2026-10-06T14:40:05.1899449Z   ^[[33m·^[[0m fetching corpus-stage1 (and corpus-stage2, if reachable)
experiment	Install official verification toolchain	2026-10-06T14:40:05.1942923Z bash /home/runner/work/_temp/deflate-upstream/scripts/pull-corpus.sh
experiment	Install official verification toolchain	2026-10-06T14:40:05.6516718Z stage 1  28 files, 15930000 bytes, at 0260078
experiment	Install official verification toolchain	2026-10-06T14:40:05.7520447Z stage 2  unavailable (https://github.com/conjectures-io/conjectures-compression-corpus-2) -- skipping the held-out corpus.
experiment	Install official verification toolchain	2026-10-06T14:40:05.7537226Z   ^[[32m✓^[[0m data/benchmark/corpus-stage1 ready
experiment	Install official verification toolchain	2026-10-06T14:40:08.3410431Z     Updating crates.io index
experiment	Install official verification toolchain	2026-10-06T14:40:08.6532640Z  Downloading crates ...
experiment	Install official verification toolchain	2026-10-06T14:40:08.7486582Z   Downloaded itoa v1.0.18
experiment	Install official verification toolchain	2026-10-06T14:40:08.8367946Z   Downloaded unicode-ident v1.0.26
experiment	Install official verification toolchain	2026-10-06T14:40:08.8397393Z   Downloaded proc-macro2 v1.0.107
experiment	Install official verification toolchain	2026-10-06T14:40:08.8429831Z   Downloaded quote v1.0.47
experiment	Install official verification toolchain	2026-10-06T14:40:08.8458966Z   Downloaded zmij v1.0.23
experiment	Install official verification toolchain	2026-10-06T14:40:08.8499172Z   Downloaded serde_core v1.0.229
experiment	Install official verification toolchain	2026-10-06T14:40:08.8509153Z   Downloaded memchr v2.8.3
experiment	Install official verification toolchain	2026-10-06T14:40:08.8673928Z   Downloaded serde_json v1.0.151
experiment	Install official verification toolchain	2026-10-06T14:40:08.8755891Z   Downloaded syn v2.0.119
experiment	Install official verification toolchain	2026-10-06T14:40:08.9510306Z    Compiling proc-macro2 v1.0.107
experiment	Install official verification toolchain	2026-10-06T14:40:08.9512693Z    Compiling unicode-ident v1.0.26
experiment	Install official verification toolchain	2026-10-06T14:40:13.6126035Z    Compiling quote v1.0.47
experiment	Install official verification toolchain	2026-10-06T14:40:15.9184546Z    Compiling serde_core v1.0.229
experiment	Install official verification toolchain	2026-10-06T14:40:16.0867867Z    Compiling zmij v1.0.23
experiment	Install official verification toolchain	2026-10-06T14:40:16.1963671Z    Compiling serde_json v1.0.151
experiment	Install official verification toolchain	2026-10-06T14:40:20.3889293Z    Compiling itoa v1.0.18
experiment	Install official verification toolchain	2026-10-06T14:40:20.5809733Z    Compiling memchr v2.8.3
experiment	Install official verification toolchain	2026-10-06T14:40:20.9332371Z    Compiling syn v2.0.119
experiment	Install official verification toolchain	2026-10-06T14:40:37.0128828Z    Compiling submission-precheck v0.1.0 (/home/runner/work/_temp/deflate-upstream/validator/precheck)
experiment	Install official verification toolchain	2026-10-06T14:40:39.4029344Z     Finished `release` profile [optimized] target(s) in 33.09s
experiment	Install official verification toolchain	2026-10-06T14:40:39.4252389Z
experiment	Install official verification toolchain	2026-10-06T14:40:39.4253382Z ^[[1m8/9  Slot (validator/slot/src/parse.rs is a symlink to generated/, gitignored)^[[0m
experiment	Install official verification toolchain	2026-10-06T14:40:39.4285081Z   ^[[32m✓^[[0m seeded validator/slot/generated/parse.rs from miner/template
experiment	Install official verification toolchain	2026-10-06T14:40:39.4285957Z
experiment	Install official verification toolchain	2026-10-06T14:40:39.4286507Z ^[[1m9/9  Toolchain: Lean, Aeneas, Charon, Mathlib^[[0m
experiment	Install official verification toolchain	2026-10-06T14:40:39.4352166Z
experiment	Install official verification toolchain	2026-10-06T14:40:39.4352868Z ^[[1m1/6  Lean toolchain (leanprover/lean4:v4.31.0)^[[0m
experiment	Install official verification toolchain	2026-10-06T14:40:39.4354235Z   ^[[33m·^[[0m elan not found — installing into /home/runner/work/_temp/deflate-upstream/validator/.work/elan
experiment	Install official verification toolchain	2026-10-06T14:40:39.6873777Z info: default toolchain set to 'leanprover/lean4:v4.31.0'
experiment	Install official verification toolchain	2026-10-06T14:40:39.6934613Z   ^[[32m✓^[[0m installed elan at /home/runner/work/_temp/deflate-upstream/validator/.work/elan
experiment	Install official verification toolchain	2026-10-06T14:40:55.5327106Z   ^[[32m✓^[[0m Lean (version 4.31.0, x86_64-unknown-linux-gnu, commit 68218e876d2a38b1985b8590fff244a83c321783, Release)
experiment	Install official verification toolchain	2026-10-06T14:40:55.5338667Z
experiment	Install official verification toolchain	2026-10-06T14:40:55.5359170Z ^[[1m2/6  Aeneas + Charon (nightly-2026.08.27-5b9dcf3 release)^[[0m
experiment	Install official verification toolchain	2026-10-06T14:40:55.5360189Z   ^[[33m·^[[0m not found — fetching the nightly-2026.08.27-5b9dcf3 release (~120 MB)
experiment	Install official verification toolchain	2026-10-06T14:41:00.2009791Z   ^[[32m✓^[[0m installed aeneas and charon at /home/runner/work/_temp/deflate-upstream/validator/.work/aeneas
experiment	Install official verification toolchain	2026-10-06T14:41:00.2011200Z
experiment	Install official verification toolchain	2026-10-06T14:41:00.2011995Z ^[[1m3/6  Rust nightly for charon-driver (nightly-2026-08-18 + rustc-dev)^[[0m
experiment	Install official verification toolchain	2026-10-06T14:41:00.2105432Z   ^[[32m✓^[[0m nightly-2026-08-18 installed
experiment	Install official verification toolchain	2026-10-06T14:41:00.2106034Z
experiment	Install official verification toolchain	2026-10-06T14:41:00.2106652Z ^[[1m4/6  Lean dependencies (Aeneas backend + Mathlib)^[[0m
experiment	Install official verification toolchain	2026-10-06T14:41:00.2107790Z   ^[[33m·^[[0m no shared checkout — fetching our own (~7 GB, ~10 min)
experiment	Install official verification toolchain	2026-10-06T14:41:00.2639417Z info: aeneas: cloning https://github.com/AeneasVerif/aeneas
experiment	Install official verification toolchain	2026-10-06T14:41:03.1495536Z info: aeneas: checking out revision '5b9dcf33dccdb1560ea7203ac57ea202476b6ed3'
experiment	Install official verification toolchain	2026-10-06T14:41:03.2399567Z info: toolchain not updated; already up-to-date
experiment	Install official verification toolchain	2026-10-06T14:41:03.7330240Z info: mathlib: cloning https://github.com/leanprover-community/mathlib4.git
experiment	Install official verification toolchain	2026-10-06T14:41:46.2752845Z info: mathlib: checking out revision 'fabf563a7c95a166b8d7b6efca11c8b4dc9d911f'
experiment	Install official verification toolchain	2026-10-06T14:41:48.1021320Z info: plausible: cloning https://github.com/leanprover-community/plausible
experiment	Install official verification toolchain	2026-10-06T14:41:48.3169522Z info: plausible: checking out revision '63045536fe95024e6c18fc7b48e03f506701c5bc'
experiment	Install official verification toolchain	2026-10-06T14:41:48.3290983Z info: LeanSearchClient: cloning https://github.com/leanprover-community/LeanSearchClient
experiment	Install official verification toolchain	2026-10-06T14:41:48.5305999Z info: LeanSearchClient: checking out revision 'c5d5b8fe6e5158def25cd28eb94e4141ad97c843'
experiment	Install official verification toolchain	2026-10-06T14:41:48.5415789Z info: importGraph: cloning https://github.com/leanprover-community/import-graph
experiment	Install official verification toolchain	2026-10-06T14:41:48.8307697Z info: importGraph: checking out revision '5c7542ed018c78194f1e2b903eaf6a792b74c03d'
experiment	Install official verification toolchain	2026-10-06T14:41:48.8471366Z info: proofwidgets: cloning https://github.com/leanprover-community/ProofWidgets4
experiment	Install official verification toolchain	2026-10-06T14:41:49.2813175Z info: proofwidgets: checking out revision '24b0d9dc081c5423f8eec7e866c441e5184f29d9'
experiment	Install official verification toolchain	2026-10-06T14:41:50.0052684Z info: aesop: cloning https://github.com/leanprover-community/aesop
experiment	Install official verification toolchain	2026-10-06T14:41:50.5889318Z info: aesop: checking out revision 'e3cb2f741431ce31bf73549fb52316a57368b06f'
experiment	Install official verification toolchain	2026-10-06T14:41:50.6073408Z info: Qq: cloning https://github.com/leanprover-community/quote4
experiment	Install official verification toolchain	2026-10-06T14:41:50.8305198Z info: Qq: checking out revision 'f46324995fca5f0483b742e4eb4daec7f4ee50d2'
experiment	Install official verification toolchain	2026-10-06T14:41:50.8424502Z info: batteries: cloning https://github.com/leanprover-community/batteries
experiment	Install official verification toolchain	2026-10-06T14:41:56.1925378Z info: batteries: checking out revision 'fa08db58b30eb033edcdab331bba000827f9f785'
experiment	Install official verification toolchain	2026-10-06T14:41:56.2305431Z info: Cli: cloning https://github.com/leanprover/lean4-cli
experiment	Install official verification toolchain	2026-10-06T14:41:56.4362879Z info: Cli: checking out revision '92564e5770e4d09f2d86dfbf8ada1e9c715b384c'
experiment	Install official verification toolchain	2026-10-06T14:41:56.4480656Z info: mathlib: running post-update hooks
experiment	Install official verification toolchain	2026-10-06T14:41:57.5543629Z ✔ [3/10] Built Batteries.Data.String.Basic (597ms)
experiment	Install official verification toolchain	2026-10-06T14:41:58.2549553Z ✔ [5/24] Built Batteries.Data.Array.Match (1.3s)
experiment	Install official verification toolchain	2026-10-06T14:41:58.2568885Z ✔ [6/24] Built Cache.Lean (699ms)
experiment	Install official verification toolchain	2026-10-06T14:41:58.8551150Z ✔ [7/24] Built Batteries.Data.String.Matcher (569ms)
experiment	Install official verification toolchain	2026-10-06T14:41:59.2582199Z ✔ [8/24] Built Batteries.Data.Array.Match:c.o (442ms)
experiment	Install official verification toolchain	2026-10-06T14:41:59.4589490Z ✔ [9/24] Built Batteries.Data.String.Basic:c.o (211ms)
experiment	Install official verification toolchain	2026-10-06T14:41:59.7588970Z ✔ [10/24] Built Cache.Lean:c.o (251ms)
experiment	Install official verification toolchain	2026-10-06T14:41:59.8590494Z ✔ [11/24] Built Batteries.Tactic.OpenPrivate (1.6s)
experiment	Install official verification toolchain	2026-10-06T14:42:00.0602420Z ✔ [12/24] Built Batteries.Data.String.Matcher:c.o (324ms)
experiment	Install official verification toolchain	2026-10-06T14:42:00.3606400Z ✔ [13/24] Built Cache.Init (476ms)
experiment	Install official verification toolchain	2026-10-06T14:42:00.4620666Z ✔ [14/24] Built Cache.Init:c.o (146ms)
experiment	Install official verification toolchain	2026-10-06T14:42:02.0661705Z ✔ [15/24] Built Batteries.Tactic.OpenPrivate:c.o (2.1s)
experiment	Install official verification toolchain	2026-10-06T14:42:02.8700768Z ✔ [16/24] Built Cache.IO (2.4s)
experiment	Install official verification toolchain	2026-10-06T14:42:04.3739506Z ✔ [17/24] Built Cache.Hashing (1.5s)
experiment	Install official verification toolchain	2026-10-06T14:42:05.0733459Z ✔ [18/24] Built Cache.Hashing:c.o (726ms)
experiment	Install official verification toolchain	2026-10-06T14:42:05.4737619Z ✔ [19/24] Built Cache.IO:c.o (2.6s)
experiment	Install official verification toolchain	2026-10-06T14:42:07.6840101Z ✔ [20/24] Built Cache.Requests (2.5s)
experiment	Install official verification toolchain	2026-10-06T14:42:09.3860347Z ✔ [21/24] Built Cache.Main (1.7s)
experiment	Install official verification toolchain	2026-10-06T14:42:10.4895680Z ✔ [22/24] Built Cache.Main:c.o (1.1s)
experiment	Install official verification toolchain	2026-10-06T14:42:11.1923885Z ✔ [23/24] Built Cache.Requests:c.o (3.5s)
experiment	Install official verification toolchain	2026-10-06T14:42:12.0949711Z ✔ [24/24] Built cache:exe (875ms)
experiment	Install official verification toolchain	2026-10-06T14:42:15.1176976Z Current branch: HEAD
experiment	Install official verification toolchain	2026-10-06T14:42:15.1177843Z Using cache (Azure) from origin: (some leanprover-community/mathlib4)
experiment	Install official verification toolchain	2026-10-06T14:42:15.1179217Z Attempting to download 8542 file(s) from leanprover-community/mathlib4 cache
experiment	Install official verification toolchain	2026-10-06T14:42:16.3803584Z
experiment	Install official verification toolchain	2026-10-06T14:42:16.4809268Z Downloaded: 1 file(s) [attempted 1/8542 = 0%, 14 KB/s], Decompressed: 0
experiment	Install official verification toolchain	2026-10-06T14:42:16.5819596Z Downloaded: 78 file(s) [attempted 78/8542 = 0%, 2899 KB/s], Decompressed: 10
experiment	Install official verification toolchain	2026-10-06T14:42:16.6838917Z Downloaded: 176 file(s) [attempted 176/8542 = 2%, 596 KB/s], Decompressed: 10
experiment	Install official verification toolchain	2026-10-06T14:42:16.7841484Z Downloaded: 275 file(s) [attempted 275/8542 = 3%, 1638 KB/s], Decompressed: 47
experiment	Install official verification toolchain	2026-10-06T14:42:16.8865579Z Downloaded: 395 file(s) [attempted 395/8542 = 4%, 997 KB/s], Decompressed: 47
experiment	Install official verification toolchain	2026-10-06T14:42:16.9879248Z Downloaded: 507 file(s) [attempted 507/8542 = 5%, 2706 KB/s], Decompressed: 47
experiment	Install official verification toolchain	2026-10-06T14:42:17.0939274Z Downloaded: 620 file(s) [attempted 620/8542 = 7%, 2609 KB/s], Decompressed: 47
experiment	Install official verification toolchain	2026-10-06T14:42:17.1959509Z Downloaded: 732 file(s) [attempted 732/8542 = 8%, 242 KB/s], Decompressed: 47
experiment	Install official verification toolchain	2026-10-06T14:42:17.2963877Z Downloaded: 852 file(s) [attempted 852/8542 = 9%, 344 KB/s], Decompressed: 47
experiment	Install official verification toolchain	2026-10-06T14:42:17.3982756Z Downloaded: 967 file(s) [attempted 967/8542 = 11%, 572 KB/s], Decompressed: 47
experiment	Install official verification toolchain	2026-10-06T14:42:17.5029228Z Downloaded: 1079 file(s) [attempted 1079/8542 = 12%, 788 KB/s], Decompressed: 47
experiment	Install official verification toolchain	2026-10-06T14:42:17.6035644Z Downloaded: 1178 file(s) [attempted 1178/8542 = 13%, 2845 KB/s], Decompressed: 47
experiment	Install official verification toolchain	2026-10-06T14:42:17.7039437Z Downloaded: 1295 file(s) [attempted 1295/8542 = 15%, 402 KB/s], Decompressed: 47
experiment	Install official verification toolchain	2026-10-06T14:42:17.8079393Z Downloaded: 1405 file(s) [attempted 1405/8542 = 16%, 103 KB/s], Decompressed: 47
experiment	Install official verification toolchain	2026-10-06T14:42:17.9079758Z Downloaded: 1520 file(s) [attempted 1520/8542 = 17%, 1157 KB/s], Decompressed: 47
experiment	Install official verification toolchain	2026-10-06T14:42:18.0079443Z Downloaded: 1634 file(s) [attempted 1634/8542 = 19%, 2996 KB/s], Decompressed: 47
experiment	Install official verification toolchain	2026-10-06T14:42:18.1154479Z Downloaded: 1758 file(s) [attempted 1758/8542 = 20%, 3382 KB/s], Decompressed: 47
experiment	Install official verification toolchain	2026-10-06T14:42:18.2159592Z Downloaded: 1865 file(s) [attempted 1865/8542 = 21%, 280 KB/s], Decompressed: 47
experiment	Install official verification toolchain	2026-10-06T14:42:18.3200752Z Downloaded: 1980 file(s) [attempted 1980/8542 = 23%, 1547 KB/s], Decompressed: 47
experiment	Install official verification toolchain	2026-10-06T14:42:18.4292208Z Downloaded: 2100 file(s) [attempted 2100/8542 = 24%, 114 KB/s], Decompressed: 273
experiment	Install official verification toolchain	2026-10-06T14:42:18.5369963Z Downloaded: 2208 file(s) [attempted 2208/8542 = 25%, 699 KB/s], Decompressed: 273
experiment	Install official verification toolchain	2026-10-06T14:42:18.6402433Z Downloaded: 2313 file(s) [attempted 2313/8542 = 27%, 631 KB/s], Decompressed: 273
experiment	Install official verification toolchain	2026-10-06T14:42:18.7409510Z Downloaded: 2419 file(s) [attempted 2419/8542 = 28%, 934 KB/s], Decompressed: 273
experiment	Install official verification toolchain	2026-10-06T14:42:18.8424171Z Downloaded: 2521 file(s) [attempted 2521/8542 = 29%, 3378 KB/s], Decompressed: 273
experiment	Install official verification toolchain	2026-10-06T14:42:18.9494166Z Downloaded: 2601 file(s) [attempted 2601/8542 = 30%, 484 KB/s], Decompressed: 273
experiment	Install official verification toolchain	2026-10-06T14:42:19.0499444Z Downloaded: 2665 file(s) [attempted 2665/8542 = 31%, 338 KB/s], Decompressed: 273
experiment	Install official verification toolchain	2026-10-06T14:42:19.1725433Z Downloaded: 2758 file(s) [attempted 2758/8542 = 32%, 2248 KB/s], Decompressed: 273
experiment	Install official verification toolchain	2026-10-06T14:42:19.2799478Z Downloaded: 2866 file(s) [attempted 2866/8542 = 33%, 481 KB/s], Decompressed: 273
experiment	Install official verification toolchain	2026-10-06T14:42:19.3829484Z Downloaded: 2964 file(s) [attempted 2964/8542 = 34%, 552 KB/s], Decompressed: 273
experiment	Install official verification toolchain	2026-10-06T14:42:19.4887070Z Downloaded: 3046 file(s) [attempted 3046/8542 = 35%, 1811 KB/s], Decompressed: 273
experiment	Install official verification toolchain	2026-10-06T14:42:19.5835955Z Downloaded: 3140 file(s) [attempted 3140/8542 = 36%, 1300 KB/s], Decompressed: 273
experiment	Install official verification toolchain	2026-10-06T14:42:19.6891334Z Downloaded: 3247 file(s) [attempted 3247/8542 = 38%, 649 KB/s], Decompressed: 273
experiment	Install official verification toolchain	2026-10-06T14:42:19.7995908Z Downloaded: 3318 file(s) [attempted 3318/8542 = 38%, 683 KB/s], Decompressed: 273
experiment	Install official verification toolchain	2026-10-06T14:42:19.9011455Z Downloaded: 3423 file(s) [attempted 3423/8542 = 40%, 1407 KB/s], Decompressed: 273
experiment	Install official verification toolchain	2026-10-06T14:42:20.0074449Z Downloaded: 3538 file(s) [attempted 3538/8542 = 41%, 1002 KB/s], Decompressed: 273
experiment	Install official verification toolchain	2026-10-06T14:42:20.1139434Z Downloaded: 3641 file(s) [attempted 3641/8542 = 42%, 5032 KB/s], Decompressed: 273
experiment	Install official verification toolchain	2026-10-06T14:42:20.2121174Z Downloaded: 3751 file(s) [attempted 3751/8542 = 43%, 907 KB/s], Decompressed: 273
experiment	Install official verification toolchain	2026-10-06T14:42:20.3181483Z Downloaded: 3820 file(s) [attempted 3820/8542 = 44%, 448 KB/s], Decompressed: 273
experiment	Install official verification toolchain	2026-10-06T14:42:20.4197435Z Downloaded: 3929 file(s) [attempted 3929/8542 = 45%, 3810 KB/s], Decompressed: 273
experiment	Install official verification toolchain	2026-10-06T14:42:20.5191591Z Downloaded: 4042 file(s) [attempted 4042/8542 = 47%, 462 KB/s], Decompressed: 273
experiment	Install official verification toolchain	2026-10-06T14:42:20.6844942Z Downloaded: 4149 file(s) [attempted 4149/8542 = 48%, 266 KB/s], Decompressed: 273
experiment	Install official verification toolchain	2026-10-06T14:42:20.7837488Z Downloaded: 4248 file(s) [attempted 4248/8542 = 49%, 513 KB/s], Decompressed: 273
experiment	Install official verification toolchain	2026-10-06T14:42:20.8849547Z Downloaded: 4348 file(s) [attempted 4348/8542 = 50%, 892 KB/s], Decompressed: 273
experiment	Install official verification toolchain	2026-10-06T14:42:20.9867713Z Downloaded: 4458 file(s) [attempted 4458/8542 = 52%, 2865 KB/s], Decompressed: 273
experiment	Install official verification toolchain	2026-10-06T14:42:21.1000343Z Downloaded: 4536 file(s) [attempted 4536/8542 = 53%, 2912 KB/s], Decompressed: 273
experiment	Install official verification toolchain	2026-10-06T14:42:21.1991848Z Downloaded: 4615 file(s) [attempted 4615/8542 = 54%, 1001 KB/s], Decompressed: 273
experiment	Install official verification toolchain	2026-10-06T14:42:21.3002889Z Downloaded: 4711 file(s) [attempted 4711/8542 = 55%, 286 KB/s], Decompressed: 273
experiment	Install official verification toolchain	2026-10-06T14:42:21.4026503Z Downloaded: 4821 file(s) [attempted 4821/8542 = 56%, 487 KB/s], Decompressed: 273
experiment	Install official verification toolchain	2026-10-06T14:42:21.5219880Z Downloaded: 4932 file(s) [attempted 4932/8542 = 57%, 3072 KB/s], Decompressed: 273
experiment	Install official verification toolchain	2026-10-06T14:42:21.6355791Z Downloaded: 5042 file(s) [attempted 5042/8542 = 59%, 575 KB/s], Decompressed: 273
experiment	Install official verification toolchain	2026-10-06T14:42:21.7407230Z Downloaded: 5133 file(s) [attempted 5133/8542 = 60%, 152 KB/s], Decompressed: 273
experiment	Install official verification toolchain	2026-10-06T14:42:21.8503209Z Downloaded: 5238 file(s) [attempted 5238/8542 = 61%, 256 KB/s], Decompressed: 273
experiment	Install official verification toolchain	2026-10-06T14:42:21.9540431Z Downloaded: 5346 file(s) [attempted 5346/8542 = 62%, 548 KB/s], Decompressed: 273
experiment	Install official verification toolchain	2026-10-06T14:42:22.0558462Z Downloaded: 5458 file(s) [attempted 5458/8542 = 63%, 896 KB/s], Decompressed: 273
experiment	Install official verification toolchain	2026-10-06T14:42:22.1669368Z Downloaded: 5571 file(s) [attempted 5571/8542 = 65%, 317 KB/s], Decompressed: 273
experiment	Install official verification toolchain	2026-10-06T14:42:22.2749736Z Downloaded: 5662 file(s) [attempted 5662/8542 = 66%, 1074 KB/s], Decompressed: 273
experiment	Install official verification toolchain	2026-10-06T14:42:22.3859848Z Downloaded: 5760 file(s) [attempted 5760/8542 = 67%, 553 KB/s], Decompressed: 273
experiment	Install official verification toolchain	2026-10-06T14:42:22.4859622Z Downloaded: 5868 file(s) [attempted 5868/8542 = 68%, 2637 KB/s], Decompressed: 273
experiment	Install official verification toolchain	2026-10-06T14:42:22.5850189Z Downloaded: 5971 file(s) [attempted 5971/8542 = 69%, 252 KB/s], Decompressed: 273
experiment	Install official verification toolchain	2026-10-06T14:42:22.6879543Z Downloaded: 6082 file(s) [attempted 6082/8542 = 71%, 572 KB/s], Decompressed: 273
experiment	Install official verification toolchain	2026-10-06T14:42:22.7889444Z Downloaded: 6187 file(s) [attempted 6187/8542 = 72%, 468 KB/s], Decompressed: 273
experiment	Install official verification toolchain	2026-10-06T14:42:22.8929352Z Downloaded: 6280 file(s) [attempted 6280/8542 = 73%, 1309 KB/s], Decompressed: 273
experiment	Install official verification toolchain	2026-10-06T14:42:23.0040009Z Downloaded: 6346 file(s) [attempted 6346/8542 = 74%, 600 KB/s], Decompressed: 273
experiment	Install official verification toolchain	2026-10-06T14:42:23.1029359Z Downloaded: 6451 file(s) [attempted 6451/8542 = 75%, 256 KB/s], Decompressed: 273
experiment	Install official verification toolchain	2026-10-06T14:42:23.2079510Z Downloaded: 6557 file(s) [attempted 6557/8542 = 76%, 2622 KB/s], Decompressed: 273
experiment	Install official verification toolchain	2026-10-06T14:42:23.3089634Z Downloaded: 6676 file(s) [attempted 6676/8542 = 78%, 547 KB/s], Decompressed: 273
experiment	Install official verification toolchain	2026-10-06T14:42:23.4149764Z Downloaded: 6786 file(s) [attempted 6786/8542 = 79%, 354 KB/s], Decompressed: 273
experiment	Install official verification toolchain	2026-10-06T14:42:23.5154453Z Downloaded: 6896 file(s) [attempted 6896/8542 = 80%, 2047 KB/s], Decompressed: 273
experiment	Install official verification toolchain	2026-10-06T14:42:23.6289509Z Downloaded: 6999 file(s) [attempted 6999/8542 = 81%, 928 KB/s], Decompressed: 273
experiment	Install official verification toolchain	2026-10-06T14:42:23.7629404Z Downloaded: 7060 file(s) [attempted 7060/8542 = 82%, 390 KB/s], Decompressed: 273
experiment	Install official verification toolchain	2026-10-06T14:42:23.8634959Z Downloaded: 7163 file(s) [attempted 7163/8542 = 83%, 681 KB/s], Decompressed: 273
experiment	Install official verification toolchain	2026-10-06T14:42:23.9659156Z Downloaded: 7264 file(s) [attempted 7264/8542 = 85%, 179 KB/s], Decompressed: 273
experiment	Install official verification toolchain	2026-10-06T14:42:24.0789554Z Downloaded: 7376 file(s) [attempted 7376/8542 = 86%, 161 KB/s], Decompressed: 273
experiment	Install official verification toolchain	2026-10-06T14:42:24.1849746Z Downloaded: 7472 file(s) [attempted 7472/8542 = 87%, 155 KB/s], Decompressed: 273
experiment	Install official verification toolchain	2026-10-06T14:42:24.2890956Z Downloaded: 7566 file(s) [attempted 7566/8542 = 88%, 1716 KB/s], Decompressed: 273
experiment	Install official verification toolchain	2026-10-06T14:42:24.3840207Z Downloaded: 7667 file(s) [attempted 7667/8542 = 89%, 370 KB/s], Decompressed: 273
experiment	Install official verification toolchain	2026-10-06T14:42:24.4889097Z Downloaded: 7755 file(s) [attempted 7755/8542 = 90%, 102 KB/s], Decompressed: 273
experiment	Install official verification toolchain	2026-10-06T14:42:24.5894462Z Downloaded: 7841 file(s) [attempted 7841/8542 = 91%, 3537 KB/s], Decompressed: 273
experiment	Install official verification toolchain	2026-10-06T14:42:24.6960694Z Downloaded: 7941 file(s) [attempted 7941/8542 = 92%, 4662 KB/s], Decompressed: 273
experiment	Install official verification toolchain	2026-10-06T14:42:24.7957743Z Downloaded: 8046 file(s) [attempted 8046/8542 = 94%, 425 KB/s], Decompressed: 273
experiment	Install official verification toolchain	2026-10-06T14:42:24.8971721Z Downloaded: 8151 file(s) [attempted 8151/8542 = 95%, 1829 KB/s], Decompressed: 273
experiment	Install official verification toolchain	2026-10-06T14:42:24.9979443Z Downloaded: 8236 file(s) [attempted 8236/8542 = 96%, 2381 KB/s], Decompressed: 273
experiment	Install official verification toolchain	2026-10-06T14:42:25.0994381Z Downloaded: 8340 file(s) [attempted 8340/8542 = 97%, 340 KB/s], Decompressed: 273
experiment	Install official verification toolchain	2026-10-06T14:42:25.2569132Z Downloaded: 8444 file(s) [attempted 8444/8542 = 98%, 501 KB/s], Decompressed: 273
experiment	Install official verification toolchain	2026-10-06T14:42:25.2629119Z Downloaded: 8542 file(s) [attempted 8542/8542 = 100%, 396 KB/s], Decompressed: 273
experiment	Install official verification toolchain	2026-10-06T14:42:25.2644495Z Downloaded: 8542 file(s) [attempted 8542/8542 = 100%, 396 KB/s], Decompressed: 273
experiment	Install official verification toolchain	2026-10-06T14:43:07.7899140Z Decompressed 8542 file(s)
experiment	Install official verification toolchain	2026-10-06T14:43:07.7899549Z Already decompressed 8542 file(s)
experiment	Install official verification toolchain	2026-10-06T14:43:09.0109793Z info: plausible: cloning https://github.com/leanprover-community/plausible
experiment	Install official verification toolchain	2026-10-06T14:43:09.3021985Z info: plausible: checking out revision '63045536fe95024e6c18fc7b48e03f506701c5bc'
experiment	Install official verification toolchain	2026-10-06T14:43:09.3159608Z info: LeanSearchClient: cloning https://github.com/leanprover-community/LeanSearchClient
experiment	Install official verification toolchain	2026-10-06T14:43:09.5531593Z info: LeanSearchClient: checking out revision 'c5d5b8fe6e5158def25cd28eb94e4141ad97c843'
experiment	Install official verification toolchain	2026-10-06T14:43:09.5640697Z info: importGraph: cloning https://github.com/leanprover-community/import-graph
experiment	Install official verification toolchain	2026-10-06T14:43:09.8829755Z info: importGraph: checking out revision '5c7542ed018c78194f1e2b903eaf6a792b74c03d'
experiment	Install official verification toolchain	2026-10-06T14:43:09.8994058Z info: proofwidgets: cloning https://github.com/leanprover-community/ProofWidgets4
experiment	Install official verification toolchain	2026-10-06T14:43:10.9829617Z info: proofwidgets: checking out revision '24b0d9dc081c5423f8eec7e866c441e5184f29d9'
experiment	Install official verification toolchain	2026-10-06T14:43:11.7642331Z info: aesop: cloning https://github.com/leanprover-community/aesop
experiment	Install official verification toolchain	2026-10-06T14:43:12.3010022Z info: aesop: checking out revision 'e3cb2f741431ce31bf73549fb52316a57368b06f'
experiment	Install official verification toolchain	2026-10-06T14:43:12.3199562Z info: Qq: cloning https://github.com/leanprover-community/quote4
experiment	Install official verification toolchain	2026-10-06T14:43:12.6481871Z info: Qq: checking out revision 'f46324995fca5f0483b742e4eb4daec7f4ee50d2'
experiment	Install official verification toolchain	2026-10-06T14:43:12.6602265Z info: batteries: cloning https://github.com/leanprover-community/batteries
experiment	Install official verification toolchain	2026-10-06T14:43:18.0656052Z info: batteries: checking out revision 'fa08db58b30eb033edcdab331bba000827f9f785'
experiment	Install official verification toolchain	2026-10-06T14:43:18.1056480Z info: Cli: cloning https://github.com/leanprover/lean4-cli
experiment	Install official verification toolchain	2026-10-06T14:43:18.3424630Z info: Cli: checking out revision '92564e5770e4d09f2d86dfbf8ada1e9c715b384c'
experiment	Install official verification toolchain	2026-10-06T14:43:19.3597257Z ✔ [4/24] Built Batteries.Data.String.Basic (678ms)
experiment	Install official verification toolchain	2026-10-06T14:43:19.9619911Z ✔ [6/24] Built Batteries.Data.Array.Match (1.2s)
experiment	Install official verification toolchain	2026-10-06T14:43:20.1603955Z ✔ [7/24] Built Batteries.Data.String.Basic:c.o (208ms)
experiment	Install official verification toolchain	2026-10-06T14:43:20.5643078Z ✔ [10/24] Built Batteries.Data.Array.Match:c.o (442ms)
experiment	Install official verification toolchain	2026-10-06T14:43:21.0649553Z ✔ [11/24] Built Batteries.Tactic.OpenPrivate (1.7s)
experiment	Install official verification toolchain	2026-10-06T14:43:21.1651473Z ✔ [13/24] Built Batteries.Data.String.Matcher (533ms)
experiment	Install official verification toolchain	2026-10-06T14:43:21.4654588Z ✔ [19/24] Built Batteries.Data.String.Matcher:c.o (366ms)
experiment	Install official verification toolchain	2026-10-06T14:43:22.5669227Z ✔ [23/24] Built Batteries.Tactic.OpenPrivate:c.o (1.4s)
experiment	Install official verification toolchain	2026-10-06T14:43:29.9241867Z Decompressing 368 already-cached file(s) (8174 already decompressed)
experiment	Install official verification toolchain	2026-10-06T14:43:29.9242495Z Current branch: HEAD
experiment	Install official verification toolchain	2026-10-06T14:43:29.9258838Z Using cache (Azure) from origin: (some leanprover-community/mathlib4)
experiment	Install official verification toolchain	2026-10-06T14:43:29.9259678Z No files to download
experiment	Install official verification toolchain	2026-10-06T14:43:29.9260182Z Decompressed 368 already-cached file(s)
experiment	Install official verification toolchain	2026-10-06T14:43:29.9260931Z Completed successfully in 2790 ms!
experiment	Install official verification toolchain	2026-10-06T14:43:29.9779486Z   ^[[32m✓^[[0m fetched dependencies into lean/.lake/packages
experiment	Install official verification toolchain	2026-10-06T14:43:29.9780438Z
experiment	Install official verification toolchain	2026-10-06T14:43:29.9780770Z ^[[1m5/6  Build^[[0m
experiment	Install official verification toolchain	2026-10-06T14:43:53.5274205Z   ^[[32m✓^[[0m contract (lean/Lz77)
experiment	Install official verification toolchain	2026-10-06T14:44:42.1686101Z   ^[[32m✓^[[0m slot and measure crates
experiment	Install official verification toolchain	2026-10-06T14:44:42.1687132Z   ^[[32m✓^[[0m C compiler for the engine (cc)
experiment	Install official verification toolchain	2026-10-06T14:44:43.2170975Z   ^[[32m✓^[[0m python deps in /home/runner/work/_temp/deflate-upstream/.venv/bin/python
experiment	Install official verification toolchain	2026-10-06T14:44:43.2173937Z   ^[[32m✓^[[0m bubblewrap for the proof sandbox
experiment	Install official verification toolchain	2026-10-06T14:44:43.2175544Z   ^[[32m✓^[[0m systemd-run for the memory cap
experiment	Install official verification toolchain	2026-10-06T14:44:43.2185787Z
experiment	Install official verification toolchain	2026-10-06T14:44:43.2186333Z ^[[1m6/6  Self-test^[[0m
experiment	Install official verification toolchain	2026-10-06T14:44:44.2919765Z 2026-10-06 14:44:44.291 | DEBUG    | __main__:stage_intake:261 - [gate] parse.rs c756784f2c5bdaf7 -> slot/generated/parse.rs
experiment	Install official verification toolchain	2026-10-06T14:44:44.2923901Z 2026-10-06 14:44:44.292 | DEBUG    | __main__:stage_intake:261 - [gate] Parse.lean 1cbccb0f91b22437 -> lean/Proof/Parse.lean
experiment	Install official verification toolchain	2026-10-06T14:44:44.3415526Z 2026-10-06 14:44:44.340 | DEBUG    | sandbox.bwrap:run:110 - [bwrap] rustup exit=0 in 0.0s
experiment	Install official verification toolchain	2026-10-06T14:44:44.6313434Z 2026-10-06 14:44:44.631 | DEBUG    | sandbox.bwrap:run:110 - [bwrap] extract.sh exit=0 in 0.3s
experiment	Install official verification toolchain	2026-10-06T14:44:46.3475975Z 2026-10-06 14:44:46.347 | DEBUG    | sandbox.bwrap:run:110 - [bwrap] extract.sh exit=0 in 1.7s
experiment	Install official verification toolchain	2026-10-06T14:44:46.3479510Z 2026-10-06 14:44:46.347 | DEBUG    | __main__:stage_extract:356 - [gate] extracted Types.lean 276d4089d337e0d7, Funs.lean 30e89923deb3ba6b, Constants.lean 7f3588b4c89a448d
experiment	Install official verification toolchain	2026-10-06T14:44:48.7552953Z 2026-10-06 14:44:48.754 | DEBUG    | sandbox.bwrap:run:110 - [bwrap] lake exit=0 in 2.4s
experiment	Install official verification toolchain	2026-10-06T14:45:05.6612433Z 2026-10-06 14:45:05.660 | DEBUG    | sandbox.bwrap:run:110 - [bwrap] lake exit=0 in 16.9s
experiment	Install official verification toolchain	2026-10-06T14:45:32.0837451Z 2026-10-06 14:45:32.074 | DEBUG    | sandbox.bwrap:run:110 - [bwrap] lake exit=0 in 26.4s
experiment	Install official verification toolchain	2026-10-06T14:45:34.7299635Z 2026-10-06 14:45:34.729 | DEBUG    | sandbox.bwrap:run:110 - [bwrap] lake exit=0 in 2.6s
experiment	Install official verification toolchain	2026-10-06T14:45:37.3875639Z 2026-10-06 14:45:37.386 | DEBUG    | sandbox.bwrap:run:110 - [bwrap] lake exit=0 in 2.6s
experiment	Install official verification toolchain	2026-10-06T14:45:37.3877074Z 2026-10-06 14:45:37.386 | DEBUG    | __main__:stage_axioms:423 - [gate] axiom query stdout: "'accepted' depends on axioms: [propext, Classical.choice, Quot.sound]"
experiment	Install official verification toolchain	2026-10-06T14:45:37.3878689Z 2026-10-06 14:45:37.386 | INFO     | __main__:main:703 - [gate] verification accepted in 53.1s (bwrap, 900s, 16384 MB)
experiment	Install official verification toolchain	2026-10-06T14:45:37.4021090Z verifying /home/runner/work/_temp/deflate-upstream/miner/template
experiment	Install official verification toolchain	2026-10-06T14:45:37.4022296Z workspace: /home/runner/work/_temp/deflate-upstream/data/verification-workspace/verify-xgy24p5q
experiment	Install official verification toolchain	2026-10-06T14:45:37.4023161Z
experiment	Install official verification toolchain	2026-10-06T14:45:37.4024022Z 0 intake      ok — template: parse.rs, Parse.lean
experiment	Install official verification toolchain	2026-10-06T14:45:37.4024830Z 1 policy      ok — source prefilters passed
experiment	Install official verification toolchain	2026-10-06T14:45:37.4032787Z 2 static      ok — resolved operations: core::num::{impl}::wrapping_add, core::num::{impl}::wrapping_mul, core::slice::{impl}::len
experiment	Install official verification toolchain	2026-10-06T14:45:37.4034341Z 3 extract     ok — charon+aeneas re-run by the verifier, no new axioms
experiment	Install official verification toolchain	2026-10-06T14:45:37.4035409Z 4 statement   ok — `LZ77.Obligation slot.parse` typechecks (bwrap, 900s, 16384 MB)
experiment	Install official verification toolchain	2026-10-06T14:45:37.4036484Z 5 axioms      ok — ['Classical.choice', 'Quot.sound', 'propext']; extraction intact
experiment	Install official verification toolchain	2026-10-06T14:45:37.4037151Z
experiment	Install official verification toolchain	2026-10-06T14:45:37.4037480Z proof accepted (scoring skipped)
experiment	Install official verification toolchain	2026-10-06T14:45:37.4534602Z
experiment	Install official verification toolchain	2026-10-06T14:45:37.4535659Z ^[[1minit ok.^[[0m Toolchain in use:
experiment	Install official verification toolchain	2026-10-06T14:45:37.4536743Z   AENEAS_WORK    /home/runner/work/_temp/deflate-upstream/validator/.work/aeneas
experiment	Install official verification toolchain	2026-10-06T14:45:37.4539403Z   CHARON_DIR     /home/runner/work/_temp/deflate-upstream/validator/.work/aeneas
experiment	Install official verification toolchain	2026-10-06T14:45:37.4544043Z   ELAN_HOME      /home/runner/work/_temp/deflate-upstream/validator/.work/elan
experiment	Install official verification toolchain	2026-10-06T14:45:37.4548389Z   LEAN_PACKAGES  (own checkout under lean/.lake)
experiment	Install official verification toolchain	2026-10-06T14:45:37.4549047Z
experiment	Install official verification toolchain	2026-10-06T14:45:37.4549349Z Next:  just smoke
experiment	Install official verification toolchain	2026-10-06T14:45:37.4549780Z
experiment	Install official verification toolchain	2026-10-06T14:45:37.4550404Z ^[[1msetup done.^[[0m  Next:  just check miner/template     just --list
experiment	Install official verification toolchain	2026-10-06T14:45:37.4737533Z /home/runner/work/_temp/deflate-upstream/setup.sh --check
experiment	Install official verification toolchain	2026-10-06T14:45:37.4798647Z
experiment	Install official verification toolchain	2026-10-06T14:45:37.4829341Z ^[[1m1/9  System packages^[[0m
experiment	Install official verification toolchain	2026-10-06T14:45:37.4835376Z   ^[[32m✓^[[0m cc, curl, python3, git, bubblewrap present
experiment	Install official verification toolchain	2026-10-06T14:45:37.4835788Z
experiment	Install official verification toolchain	2026-10-06T14:45:37.4838837Z ^[[1m2/9  just (1.58.0)^[[0m
experiment	Install official verification toolchain	2026-10-06T14:45:37.4922946Z   ^[[32m✓^[[0m just 1.58.0 at /home/runner/.local/bin/just
experiment	Install official verification toolchain	2026-10-06T14:45:37.4923602Z
experiment	Install official verification toolchain	2026-10-06T14:45:37.4924097Z ^[[1m3/9  uv (0.12.15)^[[0m
experiment	Install official verification toolchain	2026-10-06T14:45:37.5333743Z   ^[[32m✓^[[0m uv 0.12.15 at /home/runner/.local/bin/uv
experiment	Install official verification toolchain	2026-10-06T14:45:37.5334532Z
experiment	Install official verification toolchain	2026-10-06T14:45:37.5335551Z ^[[1m4/9  Python environment (.venv, from pyproject.toml)^[[0m
experiment	Install official verification toolchain	2026-10-06T14:45:38.6726932Z   ^[[32m✓^[[0m .venv complete
experiment	Install official verification toolchain	2026-10-06T14:45:38.6889631Z   ^[[33m·^[[0m bittensor SDK absent - miners do not need it; validators run ./setup.sh --chain
experiment	Install official verification toolchain	2026-10-06T14:45:38.6890720Z
experiment	Install official verification toolchain	2026-10-06T14:45:38.6891381Z ^[[1m5/9  Trusted-input audit^[[0m
experiment	Install official verification toolchain	2026-10-06T14:45:38.6892420Z   ^[[32m✓^[[0m gate worker records observed code and benchmark identities
experiment	Install official verification toolchain	2026-10-06T14:45:38.6893078Z
experiment	Install official verification toolchain	2026-10-06T14:45:38.6893427Z ^[[1m6/9  Configuration (.env)^[[0m
experiment	Install official verification toolchain	2026-10-06T14:45:38.6894117Z   ^[[32m✓^[[0m .env present
experiment	Install official verification toolchain	2026-10-06T14:45:38.6894532Z
experiment	Install official verification toolchain	2026-10-06T14:45:38.6895050Z ^[[1m7/9  Scoring corpus (corpus-stage1, the benchmark default)^[[0m
experiment	Install official verification toolchain	2026-10-06T14:45:38.6919035Z   ^[[32m✓^[[0m data/benchmark/corpus-stage1 present
experiment	Install official verification toolchain	2026-10-06T14:45:38.6919943Z
experiment	Install official verification toolchain	2026-10-06T14:45:38.6920775Z ^[[1m8/9  Slot (validator/slot/src/parse.rs is a symlink to generated/, gitignored)^[[0m
experiment	Install official verification toolchain	2026-10-06T14:45:38.6922023Z   ^[[32m✓^[[0m validator/slot/generated/parse.rs present
experiment	Install official verification toolchain	2026-10-06T14:45:38.6922621Z
experiment	Install official verification toolchain	2026-10-06T14:45:38.6923146Z ^[[1m9/9  Toolchain: Lean, Aeneas, Charon, Mathlib^[[0m
experiment	Install official verification toolchain	2026-10-06T14:45:38.6990196Z
experiment	Install official verification toolchain	2026-10-06T14:45:38.6990878Z ^[[1m1/6  Lean toolchain (leanprover/lean4:v4.31.0)^[[0m
experiment	Install official verification toolchain	2026-10-06T14:45:38.6992355Z   ^[[32m✓^[[0m elan at /home/runner/work/_temp/deflate-upstream/validator/.work/elan
experiment	Install official verification toolchain	2026-10-06T14:45:38.7556173Z   ^[[32m✓^[[0m Lean (version 4.31.0, x86_64-unknown-linux-gnu, commit 68218e876d2a38b1985b8590fff244a83c321783, Release)
experiment	Install official verification toolchain	2026-10-06T14:45:38.7561117Z
experiment	Install official verification toolchain	2026-10-06T14:45:38.7561826Z ^[[1m2/6  Aeneas + Charon (nightly-2026.08.27-5b9dcf3 release)^[[0m
experiment	Install official verification toolchain	2026-10-06T14:45:38.7563212Z   ^[[32m✓^[[0m aeneas at /home/runner/work/_temp/deflate-upstream/validator/.work/aeneas/aeneas
experiment	Install official verification toolchain	2026-10-06T14:45:38.7564820Z   ^[[32m✓^[[0m charon at /home/runner/work/_temp/deflate-upstream/validator/.work/aeneas/charon
experiment	Install official verification toolchain	2026-10-06T14:45:38.7565648Z
experiment	Install official verification toolchain	2026-10-06T14:45:38.7566359Z ^[[1m3/6  Rust nightly for charon-driver (nightly-2026-08-18 + rustc-dev)^[[0m
experiment	Install official verification toolchain	2026-10-06T14:45:38.7649198Z   ^[[32m✓^[[0m nightly-2026-08-18 installed
experiment	Install official verification toolchain	2026-10-06T14:45:38.7649909Z
experiment	Install official verification toolchain	2026-10-06T14:45:38.7650547Z ^[[1m4/6  Lean dependencies (Aeneas backend + Mathlib)^[[0m
experiment	Install official verification toolchain	2026-10-06T14:45:38.7651784Z   ^[[32m✓^[[0m lean/.lake/packages present
experiment	Install official verification toolchain	2026-10-06T14:45:38.7652300Z
experiment	Install official verification toolchain	2026-10-06T14:45:38.7652593Z ^[[1m5/6  Build^[[0m
experiment	Install official verification toolchain	2026-10-06T14:45:38.7682679Z   ^[[32m✓^[[0m contract built
experiment	Install official verification toolchain	2026-10-06T14:45:38.7685013Z   ^[[32m✓^[[0m syntax checker built
experiment	Install official verification toolchain	2026-10-06T14:45:38.7686763Z   ^[[32m✓^[[0m engine built
experiment	Install official verification toolchain	2026-10-06T14:45:38.7687442Z   ^[[32m✓^[[0m C compiler for the engine (cc)
experiment	Install official verification toolchain	2026-10-06T14:45:39.1449284Z   ^[[32m✓^[[0m python deps in /home/runner/work/_temp/deflate-upstream/.venv/bin/python
experiment	Install official verification toolchain	2026-10-06T14:45:39.1450654Z   ^[[32m✓^[[0m bubblewrap for the proof sandbox
experiment	Install official verification toolchain	2026-10-06T14:45:39.1451390Z   ^[[32m✓^[[0m systemd-run for the memory cap
experiment	Install official verification toolchain	2026-10-06T14:45:39.1451834Z
experiment	Install official verification toolchain	2026-10-06T14:45:39.1452142Z ^[[1m6/6  Self-test^[[0m
experiment	Install official verification toolchain	2026-10-06T14:45:39.1452896Z   ^[[32m✓^[[0m everything present — run without --check to self-test
experiment	Install official verification toolchain	2026-10-06T14:45:39.1456897Z
experiment	Install official verification toolchain	2026-10-06T14:45:39.1464684Z ^[[1mready.^[[0m
experiment	Install official verification toolchain	2026-10-06T14:45:39.1513537Z /home/runner/work/_temp/deflate-upstream/.venv/bin/python /home/runner/work/_temp/deflate-upstream/validator/verifier/pins.py --check
experiment	Install official verification toolchain	2026-10-06T14:45:39.1912502Z pins ok — 70 contract, engine and gate files unchanged
experiment	Install official verification toolchain	2026-10-06T14:45:39.1991422Z a356bbff18b60c4527fbcc85d5a28ef9c20214e0
experiment	Install official verification toolchain	2026-10-06T14:45:39.2469438Z Lean (version 4.31.0, x86_64-unknown-linux-gnu, commit 68218e876d2a38b1985b8590fff244a83c321783, Release)
experiment	Install official verification toolchain	2026-10-06T14:45:39.2632229Z rustc 1.100.0-nightly (8fa1c96cf 2026-08-17)
experiment	Install official verification toolchain	2026-10-06T14:45:39.2654747Z just 1.58.0
experiment	Install official verification toolchain	2026-10-06T14:45:39.2696475Z uv 0.12.15 (x86_64-unknown-linux-gnu)
experiment	Install official verification toolchain	2026-10-06T14:45:39.2711981Z Linux runnervm8df0l 6.17.0-1022-azure #22-Ubuntu SMP Mon Jul 27 17:24:03 UTC 2026 x86_64 x86_64 x86_64 GNU/Linux
experiment	Install official verification toolchain	2026-10-06T14:45:39.2753481Z CPU(s):                                  2
experiment	Install official verification toolchain	2026-10-06T14:45:39.2754422Z Model name:                              AMD EPYC 7763 64-Core Processor
experiment	Install official verification toolchain	2026-10-06T14:45:39.2769451Z c756784f2c5bdaf7b44ad8e0e646d9777557a09974afa1999f69a215fe2b7376  miner/template/parse.rs
experiment	Install official verification toolchain	2026-10-06T14:45:39.2771111Z 1cbccb0f91b22437209e785233c0a45d0a0713887c52fbfb8e5fec555c40b7a2  miner/template/Parse.lean
experiment	Install official verification toolchain	2026-10-06T14:45:39.2785386Z 37e7b307e925cc855ee2135385e81f9653301024cfdcb7364e48f271a5781fb6  validator/lean/lake-manifest.json
experiment	Install official verification toolchain	2026-10-06T14:45:39.2787388Z c6f818ab47f52b8d3161b0ee591e1ddb2ab8491a53d5609f9118730287b61f3b  validator/verifier/PINS.json
experiment	Install official verification toolchain	2026-10-06T14:45:39.2842559Z 6d48a129b156a4e032a6378b96d4258f89c9ccd759decdc66fdbf32c312277f4  data/benchmark/corpus-stage1/binary.db.bin
experiment	Install official verification toolchain	2026-10-06T14:45:39.2857607Z ada4433d366405395b1a415fbec247ce7e38525c05f4f09e40c111230394353c  data/benchmark/corpus-stage1/bundle.min.js.txt
experiment	Install official verification toolchain	2026-10-06T14:45:39.2868005Z 94a0152009cf44a20483a564f8b32d7ef32e4fbbea53843da9848e7b5f43743a  data/benchmark/corpus-stage1/catalog.xml.txt
experiment	Install official verification toolchain	2026-10-06T14:45:39.2875510Z dd2679f1b4553beb286ec43eda622e6c40e664b841de3af4887ee89faee223ec  data/benchmark/corpus-stage1/compressed.bin
experiment	Install official verification toolchain	2026-10-06T14:45:39.2882336Z 9353520d1b7b493a7f6f90d019e876c1580636732fc0d3197e51ed0766e2d4e2  data/benchmark/corpus-stage1/config.yaml.txt
experiment	Install official verification toolchain	2026-10-06T14:45:39.2897630Z 793cb2bc299557521c052defd985cddb934feac72d13b995cf475a0ff16347a5  data/benchmark/corpus-stage1/docs.md.txt
experiment	Install official verification toolchain	2026-10-06T14:45:39.2904278Z eb8d600ef976556175ab9410909871582d6845712bba0ad30607a0e79e9e60ba  data/benchmark/corpus-stage1/dump.sql.txt
experiment	Install official verification toolchain	2026-10-06T14:45:39.2919679Z 4b01b6b751d82ab6e1b5e5275c3308db25dd58e20afcd5c79b72caab7f8a2baf  data/benchmark/corpus-stage1/genome.fasta
experiment	Install official verification toolchain	2026-10-06T14:45:39.2926828Z 4cbc5cc76fe6bf05b5d2d49c5b7c7fe23780e0c8895a503d68f913479ba17254  data/benchmark/corpus-stage1/images.bin
experiment	Install official verification toolchain	2026-10-06T14:45:39.2943711Z 30ff2371b060320afcf60fa4e30c6a73855b5b704569e006bccc99262d37548e  data/benchmark/corpus-stage1/lean.txt
experiment	Install official verification toolchain	2026-10-06T14:45:39.2953885Z f58b5b1ba7cb2061f5a747ac87f84f2508b287219101f4a9d78c9513cb237204  data/benchmark/corpus-stage1/machine-code.bin
experiment	Install official verification toolchain	2026-10-06T14:45:39.2972614Z 4af8e993743404696f1a54e4d67e88f6a509414aed516b602c230b12e533e75c  data/benchmark/corpus-stage1/metrics.csv.txt
experiment	Install official verification toolchain	2026-10-06T14:45:39.2989114Z 174352fedf18646ab739edcb5ecea17832e4f8b700aa3f5d4f824e0c6221722e  data/benchmark/corpus-stage1/multibyte.txt
experiment	Install official verification toolchain	2026-10-06T14:45:39.2999757Z e2d69618c902e4c1847794b6f18ec67bb965da50ff68cda05305485b566e6ff2  data/benchmark/corpus-stage1/page.html.txt
experiment	Install official verification toolchain	2026-10-06T14:45:39.3021693Z 77bcc8ef22132bc4ef34324dc7897870e76e9b97452d1a3610e7f803a4486f17  data/benchmark/corpus-stage1/prose.txt
experiment	Install official verification toolchain	2026-10-06T14:45:39.3029680Z 63decf627edee015caecc4a8ab97c8a6d19606fcf115e2a98a9ac837c7ca1646  data/benchmark/corpus-stage1/records.json.txt
experiment	Install official verification toolchain	2026-10-06T14:45:39.3037682Z d7f2ee8a39592832c2c46089d07fc33c0bf1f985084577849a6db368d90cb700  data/benchmark/corpus-stage1/server.log
experiment	Install official verification toolchain	2026-10-06T14:45:39.3055885Z b04133d396ba4c81be9b5b9cf096402ed61526a85e2918c8553e3c9c15717cc3  data/benchmark/corpus-stage1/source.c.txt
experiment	Install official verification toolchain	2026-10-06T14:45:39.3068330Z dd4793f64b001c006b92f74e4488e91d4022893259bd88a2acbdf16cdad7a44b  data/benchmark/corpus-stage1/source.py.txt
experiment	Install official verification toolchain	2026-10-06T14:45:39.3081147Z 12edca346da882992b772a5686a191324858e46842626967cd89130d4c70bbd3  data/benchmark/corpus-stage1/source.rs.txt
experiment	Install official verification toolchain	2026-10-06T14:45:39.3088956Z 0f7395da91e686b53af9c818b6b96fa0a2eb7ac0b243a42247319341b8e7d522  data/benchmark/corpus-stage1/sourcemap.map.txt
experiment	Install official verification toolchain	2026-10-06T14:45:39.3091219Z e5d1db67caf732b985c2226791836f311774b6fe464a5d71e6f3fff3e6725f36  data/benchmark/corpus-stage1/sparse.bin
experiment	Install official verification toolchain	2026-10-06T14:45:39.3093465Z 0f806a930a41f56b5c9d85f91e81af6e90edf17ee6c66dabd88dcf63e18acf14  data/benchmark/corpus-stage1/tiny-app.log
experiment	Install official verification toolchain	2026-10-06T14:45:39.3095744Z 4ecee10b0b6b41ba5d1693b70ac95cb03de1a05712739e4bc6641b3af6cb0a73  data/benchmark/corpus-stage1/tiny-config.json.txt
experiment	Install official verification toolchain	2026-10-06T14:45:39.3104279Z e64e112bd3b2c63509c2dc3e687bb91e7e06dbc4bd13ecbdaac41241d0f03b1f  data/benchmark/corpus-stage1/weights-bf16.bin
experiment	Install official verification toolchain	2026-10-06T14:45:39.3110668Z 134a2ec77375f13fab74a200a80bc768dd6c3d4403bfccb473b38941fb2ff955  data/benchmark/corpus-stage1/weights-f16.bin
experiment	Install official verification toolchain	2026-10-06T14:45:39.3117441Z cbb1608ac057ef06f7dd2e6bb0ba32fa6a6ce6f91699c0e9c05f5644acc2c74d  data/benchmark/corpus-stage1/weights-f32.bin
experiment	Install official verification toolchain	2026-10-06T14:45:39.3124879Z c81adeb809c26ef1dd391c0a640c95b3ad76ebab127d690b5a7fdbe2e412779a  data/benchmark/corpus-stage1/weights-q8.bin
experiment	Install official verification toolchain	2026-10-06T14:45:39.4120805Z Filesystem      Size  Used Avail Use% Mounted on
experiment	Install official verification toolchain	2026-10-06T14:45:39.4121712Z /dev/root        72G   48G   25G  66% /
experiment	Check bucket equivalence and second-probe attribution	﻿2026-10-06T14:45:39.4233566Z ##[group]Run export PATH="$HOME/.local/bin:$HOME/.cargo/bin:$ELAN_HOME/bin:$PATH"
experiment	Check bucket equivalence and second-probe attribution	2026-10-06T14:45:39.4234211Z ^[[36;1mexport PATH="$HOME/.local/bin:$HOME/.cargo/bin:$ELAN_HOME/bin:$PATH"^[[0m
experiment	Check bucket equivalence and second-probe attribution	2026-10-06T14:45:39.4234708Z ^[[36;1m"$DEFLATE_ROOT/.venv/bin/python" scripts/research-round2.py^[[0m
experiment	Check bucket equivalence and second-probe attribution	2026-10-06T14:45:39.4886900Z shell: /usr/bin/bash -e {0}
experiment	Check bucket equivalence and second-probe attribution	2026-10-06T14:45:39.4887321Z env:
experiment	Check bucket equivalence and second-probe attribution	2026-10-06T14:45:39.4887729Z   DEFLATE_ROOT: /home/runner/work/_temp/deflate-upstream
experiment	Check bucket equivalence and second-probe attribution	2026-10-06T14:45:39.4888850Z   ELAN_HOME: /home/runner/work/_temp/deflate-upstream/validator/.work/elan
experiment	Check bucket equivalence and second-probe attribution	2026-10-06T14:45:39.4889610Z   XDG_CACHE_HOME: /home/runner/work/_temp/deflate-cache
experiment	Check bucket equivalence and second-probe attribution	2026-10-06T14:45:39.4890189Z   UV_CACHE_DIR: /home/runner/work/_temp/deflate-cache/uv
experiment	Check bucket equivalence and second-probe attribution	2026-10-06T14:45:39.4890697Z   XDG_RUNTIME_DIR: /run/user/1001
experiment	Check bucket equivalence and second-probe attribution	2026-10-06T14:45:39.4891408Z   DBUS_SESSION_BUS_ADDRESS: unix:path=/run/user/1001/bus
experiment	Check bucket equivalence and second-probe attribution	2026-10-06T14:45:39.4891850Z   VERIFY_CORPUS: corpus-stage1
experiment	Check bucket equivalence and second-probe attribution	2026-10-06T14:45:39.4892165Z   VERIFY_SANDBOX: bwrap
experiment	Check bucket equivalence and second-probe attribution	2026-10-06T14:45:39.4892492Z   GIT_TERMINAL_PROMPT: 0
experiment	Check bucket equivalence and second-probe attribution	2026-10-06T14:45:39.4892768Z ##[endgroup]
experiment	Check bucket equivalence and second-probe attribution	2026-10-06T14:45:43.8842233Z EQUIVALENT binary.db.bin bytes=500000 tokens=49704 force=false
experiment	Check bucket equivalence and second-probe attribution	2026-10-06T14:45:43.8845727Z ATTRIBUTION {"file":"binary.db.bin","class":3,"first_visits":51890,"second_visits_by_first_len":[2866, 0, 0, 13310, 6355, 1874, 1413, 1133, 956, 555, 506, 363, 280, 251, 232, 213, 225, 195, 174, 135, 149, 111, 119, 103, 83, 98, 78, 87, 75, 78, 62, 59, 0, 0, 0, 0, 0, 0, 0, 0, 0, 0, 0, 0, 0, 0, 0, 0, 0, 0, 0, 0, 0, 0, 0, 0, 0, 0, 0, 0, 0, 0, 0, 0, 0, 0, 0, 0, 0, 0, 0, 0, 0, 0, 0, 0, 0, 0, 0, 0, 0, 0, 0, 0, 0, 0, 0, 0, 0, 0, 0, 0, 0, 0, 0, 0, 0, 0, 0, 0, 0, 0, 0, 0, 0, 0, 0, 0, 0, 0, 0, 0, 0, 0, 0, 0, 0, 0, 0, 0, 0, 0, 0, 0, 0, 0, 0, 0, 0, 0, 0, 0, 0, 0, 0, 0, 0, 0, 0, 0, 0, 0, 0, 0, 0, 0, 0, 0, 0, 0, 0, 0, 0, 0, 0, 0, 0, 0, 0, 0, 0, 0, 0, 0, 0, 0, 0, 0, 0, 0, 0, 0, 0, 0, 0, 0, 0, 0, 0, 0, 0, 0, 0, 0, 0, 0, 0, 0, 0, 0, 0, 0, 0, 0, 0, 0, 0, 0, 0, 0, 0, 0, 0, 0, 0, 0, 0, 0, 0, 0, 0, 0, 0, 0, 0, 0, 0, 0, 0, 0, 0, 0, 0, 0, 0, 0, 0, 0, 0, 0, 0, 0, 0, 0, 0, 0, 0, 0, 0, 0, 0, 0, 0, 0, 0, 0, 0, 0, 0, 0, 0, 0, 0, 0, 0, 0, 0, 0, 0],"second_improvements_by_first_len":[386, 0, 0, 1733, 642, 317, 224, 157, 147, 78, 70, 48, 43, 32, 38, 39, 32, 29, 20, 17, 11, 11, 6, 9, 7, 12, 4, 6, 8, 8, 6, 5, 0, 0, 0, 0, 0, 0, 0, 0, 0, 0, 0, 0, 0, 0, 0, 0, 0, 0, 0, 0, 0, 0, 0, 0, 0, 0, 0, 0, 0, 0, 0, 0, 0, 0, 0, 0, 0, 0, 0, 0, 0, 0, 0, 0, 0, 0, 0, 0, 0, 0, 0, 0, 0, 0, 0, 0, 0, 0, 0, 0, 0, 0, 0, 0, 0, 0, 0, 0, 0, 0, 0, 0, 0, 0, 0, 0, 0, 0, 0, 0, 0, 0, 0, 0, 0, 0, 0, 0, 0, 0, 0, 0, 0, 0, 0, 0, 0, 0, 0, 0, 0, 0, 0, 0, 0, 0, 0, 0, 0, 0, 0, 0, 0, 0, 0, 0, 0, 0, 0, 0, 0, 0, 0, 0, 0, 0, 0, 0, 0, 0, 0, 0, 0, 0, 0, 0, 0, 0, 0, 0, 0, 0, 0, 0, 0, 0, 0, 0, 0, 0, 0, 0, 0, 0, 0, 0, 0, 0, 0, 0, 0, 0, 0, 0, 0, 0, 0, 0, 0, 0, 0, 0, 0, 0, 0, 0, 0, 0, 0, 0, 0, 0, 0, 0, 0, 0, 0, 0, 0, 0, 0, 0, 0, 0, 0, 0, 0, 0, 0, 0, 0, 0, 0, 0, 0, 0, 0, 0, 0, 0, 0, 0, 0, 0, 0, 0, 0, 0, 0, 0, 0, 0, 0, 0, 0, 0, 0]}
experiment	Check bucket equivalence and second-probe attribution	2026-10-06T14:45:43.8851012Z EQUIVALENT bundle.min.js.txt bytes=1000000 tokens=235361 force=false
experiment	Check bucket equivalence and second-probe attribution	2026-10-06T14:45:43.8854976Z ATTRIBUTION {"file":"bundle.min.js.txt","class":1,"first_visits":223876,"second_visits_by_first_len":[31664, 0, 0, 0, 28127, 13715, 10490, 7778, 6333, 4544, 3947, 2963, 2135, 1763, 1436, 1302, 975, 889, 741, 635, 526, 507, 403, 379, 310, 230, 214, 218, 168, 136, 136, 125, 0, 0, 0, 0, 0, 0, 0, 0, 0, 0, 0, 0, 0, 0, 0, 0, 0, 0, 0, 0, 0, 0, 0, 0, 0, 0, 0, 0, 0, 0, 0, 0, 0, 0, 0, 0, 0, 0, 0, 0, 0, 0, 0, 0, 0, 0, 0, 0, 0, 0, 0, 0, 0, 0, 0, 0, 0, 0, 0, 0, 0, 0, 0, 0, 0, 0, 0, 0, 0, 0, 0, 0, 0, 0, 0, 0, 0, 0, 0, 0, 0, 0, 0, 0, 0, 0, 0, 0, 0, 0, 0, 0, 0, 0, 0, 0, 0, 0, 0, 0, 0, 0, 0, 0, 0, 0, 0, 0, 0, 0, 0, 0, 0, 0, 0, 0, 0, 0, 0, 0, 0, 0, 0, 0, 0, 0, 0, 0, 0, 0, 0, 0, 0, 0, 0, 0, 0, 0, 0, 0, 0, 0, 0, 0, 0, 0, 0, 0, 0, 0, 0, 0, 0, 0, 0, 0, 0, 0, 0, 0, 0, 0, 0, 0, 0, 0, 0, 0, 0, 0, 0, 0, 0, 0, 0, 0, 0, 0, 0, 0, 0, 0, 0, 0, 0, 0, 0, 0, 0, 0, 0, 0, 0, 0, 0, 0, 0, 0, 0, 0, 0, 0, 0, 0, 0, 0, 0, 0, 0, 0, 0, 0, 0, 0, 0, 0, 0, 0, 0, 0, 0, 0, 0, 0, 0, 0, 0],"second_improvements_by_first_len":[2528, 0, 0, 0, 2734, 1543, 1261, 938, 716, 436, 430, 366, 184, 137, 94, 96, 58, 62, 50, 47, 39, 33, 32, 25, 12, 9, 7, 8, 8, 3, 3, 6, 0, 0, 0, 0, 0, 0, 0, 0, 0, 0, 0, 0, 0, 0, 0, 0, 0, 0, 0, 0, 0, 0, 0, 0, 0, 0, 0, 0, 0, 0, 0, 0, 0, 0, 0, 0, 0, 0, 0, 0, 0, 0, 0, 0, 0, 0, 0, 0, 0, 0, 0, 0, 0, 0, 0, 0, 0, 0, 0, 0, 0, 0, 0, 0, 0, 0, 0, 0, 0, 0, 0, 0, 0, 0, 0, 0, 0, 0, 0, 0, 0, 0, 0, 0, 0, 0, 0, 0, 0, 0, 0, 0, 0, 0, 0, 0, 0, 0, 0, 0, 0, 0, 0, 0, 0, 0, 0, 0, 0, 0, 0, 0, 0, 0, 0, 0, 0, 0, 0, 0, 0, 0, 0, 0, 0, 0, 0, 0, 0, 0, 0, 0, 0, 0, 0, 0, 0, 0, 0, 0, 0, 0, 0, 0, 0, 0, 0, 0, 0, 0, 0, 0, 0, 0, 0, 0, 0, 0, 0, 0, 0, 0, 0, 0, 0, 0, 0, 0, 0, 0, 0, 0, 0, 0, 0, 0, 0, 0, 0, 0, 0, 0, 0, 0, 0, 0, 0, 0, 0, 0, 0, 0, 0, 0, 0, 0, 0, 0, 0, 0, 0, 0, 0, 0, 0, 0, 0, 0, 0, 0, 0, 0, 0, 0, 0, 0, 0, 0, 0, 0, 0, 0, 0, 0, 0, 0, 0]}
experiment	Check bucket equivalence and second-probe attribution	2026-10-06T14:45:43.8859894Z EQUIVALENT catalog.xml.txt bytes=500000 tokens=45944 force=false
experiment	Check bucket equivalence and second-probe attribution	2026-10-06T14:45:43.8863766Z ATTRIBUTION {"file":"catalog.xml.txt","class":1,"first_visits":46175,"second_visits_by_first_len":[3055, 0, 0, 0, 6891, 3244, 2274, 1549, 1241, 909, 777, 641, 508, 367, 349, 237, 226, 201, 105, 94, 93, 84, 98, 61, 79, 101, 98, 57, 54, 61, 59, 98, 0, 0, 0, 0, 0, 0, 0, 0, 0, 0, 0, 0, 0, 0, 0, 0, 0, 0, 0, 0, 0, 0, 0, 0, 0, 0, 0, 0, 0, 0, 0, 0, 0, 0, 0, 0, 0, 0, 0, 0, 0, 0, 0, 0, 0, 0, 0, 0, 0, 0, 0, 0, 0, 0, 0, 0, 0, 0, 0, 0, 0, 0, 0, 0, 0, 0, 0, 0, 0, 0, 0, 0, 0, 0, 0, 0, 0, 0, 0, 0, 0, 0, 0, 0, 0, 0, 0, 0, 0, 0, 0, 0, 0, 0, 0, 0, 0, 0, 0, 0, 0, 0, 0, 0, 0, 0, 0, 0, 0, 0, 0, 0, 0, 0, 0, 0, 0, 0, 0, 0, 0, 0, 0, 0, 0, 0, 0, 0, 0, 0, 0, 0, 0, 0, 0, 0, 0, 0, 0, 0, 0, 0, 0, 0, 0, 0, 0, 0, 0, 0, 0, 0, 0, 0, 0, 0, 0, 0, 0, 0, 0, 0, 0, 0, 0, 0, 0, 0, 0, 0, 0, 0, 0, 0, 0, 0, 0, 0, 0, 0, 0, 0, 0, 0, 0, 0, 0, 0, 0, 0, 0, 0, 0, 0, 0, 0, 0, 0, 0, 0, 0, 0, 0, 0, 0, 0, 0, 0, 0, 0, 0, 0, 0, 0, 0, 0, 0, 0, 0, 0, 0, 0, 0, 0, 0, 0, 0],"second_improvements_by_first_len":[401, 0, 0, 0, 1066, 485, 349, 244, 183, 141, 152, 122, 74, 72, 71, 44, 36, 29, 10, 7, 16, 8, 11, 4, 7, 17, 6, 6, 8, 1, 6, 11, 0, 0, 0, 0, 0, 0, 0, 0, 0, 0, 0, 0, 0, 0, 0, 0, 0, 0, 0, 0, 0, 0, 0, 0, 0, 0, 0, 0, 0, 0, 0, 0, 0, 0, 0, 0, 0, 0, 0, 0, 0, 0, 0, 0, 0, 0, 0, 0, 0, 0, 0, 0, 0, 0, 0, 0, 0, 0, 0, 0, 0, 0, 0, 0, 0, 0, 0, 0, 0, 0, 0, 0, 0, 0, 0, 0, 0, 0, 0, 0, 0, 0, 0, 0, 0, 0, 0, 0, 0, 0, 0, 0, 0, 0, 0, 0, 0, 0, 0, 0, 0, 0, 0, 0, 0, 0, 0, 0, 0, 0, 0, 0, 0, 0, 0, 0, 0, 0, 0, 0, 0, 0, 0, 0, 0, 0, 0, 0, 0, 0, 0, 0, 0, 0, 0, 0, 0, 0, 0, 0, 0, 0, 0, 0, 0, 0, 0, 0, 0, 0, 0, 0, 0, 0, 0, 0, 0, 0, 0, 0, 0, 0, 0, 0, 0, 0, 0, 0, 0, 0, 0, 0, 0, 0, 0, 0, 0, 0, 0, 0, 0, 0, 0, 0, 0, 0, 0, 0, 0, 0, 0, 0, 0, 0, 0, 0, 0, 0, 0, 0, 0, 0, 0, 0, 0, 0, 0, 0, 0, 0, 0, 0, 0, 0, 0, 0, 0, 0, 0, 0, 0, 0, 0, 0, 0, 0, 0]}
experiment	Check bucket equivalence and second-probe attribution	2026-10-06T14:45:43.8867506Z EQUIVALENT compressed.bin bytes=300000 tokens=300000 force=false
experiment	Check bucket equivalence and second-probe attribution	2026-10-06T14:45:43.8871234Z ATTRIBUTION {"file":"compressed.bin","class":2,"first_visits":2186,"second_visits_by_first_len":[17, 0, 0, 0, 0, 0, 0, 0, 0, 0, 0, 0, 0, 0, 0, 0, 0, 0, 0, 0, 0, 0, 0, 0, 0, 0, 0, 0, 0, 0, 0, 0, 0, 0, 0, 0, 0, 0, 0, 0, 0, 0, 0, 0, 0, 0, 0, 0, 0, 0, 0, 0, 0, 0, 0, 0, 0, 0, 0, 0, 0, 0, 0, 0, 0, 0, 0, 0, 0, 0, 0, 0, 0, 0, 0, 0, 0, 0, 0, 0, 0, 0, 0, 0, 0, 0, 0, 0, 0, 0, 0, 0, 0, 0, 0, 0, 0, 0, 0, 0, 0, 0, 0, 0, 0, 0, 0, 0, 0, 0, 0, 0, 0, 0, 0, 0, 0, 0, 0, 0, 0, 0, 0, 0, 0, 0, 0, 0, 0, 0, 0, 0, 0, 0, 0, 0, 0, 0, 0, 0, 0, 0, 0, 0, 0, 0, 0, 0, 0, 0, 0, 0, 0, 0, 0, 0, 0, 0, 0, 0, 0, 0, 0, 0, 0, 0, 0, 0, 0, 0, 0, 0, 0, 0, 0, 0, 0, 0, 0, 0, 0, 0, 0, 0, 0, 0, 0, 0, 0, 0, 0, 0, 0, 0, 0, 0, 0, 0, 0, 0, 0, 0, 0, 0, 0, 0, 0, 0, 0, 0, 0, 0, 0, 0, 0, 0, 0, 0, 0, 0, 0, 0, 0, 0, 0, 0, 0, 0, 0, 0, 0, 0, 0, 0, 0, 0, 0, 0, 0, 0, 0, 0, 0, 0, 0, 0, 0, 0, 0, 0, 0, 0, 0, 0, 0, 0, 0, 0, 0],"second_improvements_by_first_len":[0, 0, 0, 0, 0, 0, 0, 0, 0, 0, 0, 0, 0, 0, 0, 0, 0, 0, 0, 0, 0, 0, 0, 0, 0, 0, 0, 0, 0, 0, 0, 0, 0, 0, 0, 0, 0, 0, 0, 0, 0, 0, 0, 0, 0, 0, 0, 0, 0, 0, 0, 0, 0, 0, 0, 0, 0, 0, 0, 0, 0, 0, 0, 0, 0, 0, 0, 0, 0, 0, 0, 0, 0, 0, 0, 0, 0, 0, 0, 0, 0, 0, 0, 0, 0, 0, 0, 0, 0, 0, 0, 0, 0, 0, 0, 0, 0, 0, 0, 0, 0, 0, 0, 0, 0, 0, 0, 0, 0, 0, 0, 0, 0, 0, 0, 0, 0, 0, 0, 0, 0, 0, 0, 0, 0, 0, 0, 0, 0, 0, 0, 0, 0, 0, 0, 0, 0, 0, 0, 0, 0, 0, 0, 0, 0, 0, 0, 0, 0, 0, 0, 0, 0, 0, 0, 0, 0, 0, 0, 0, 0, 0, 0, 0, 0, 0, 0, 0, 0, 0, 0, 0, 0, 0, 0, 0, 0, 0, 0, 0, 0, 0, 0, 0, 0, 0, 0, 0, 0, 0, 0, 0, 0, 0, 0, 0, 0, 0, 0, 0, 0, 0, 0, 0, 0, 0, 0, 0, 0, 0, 0, 0, 0, 0, 0, 0, 0, 0, 0, 0, 0, 0, 0, 0, 0, 0, 0, 0, 0, 0, 0, 0, 0, 0, 0, 0, 0, 0, 0, 0, 0, 0, 0, 0, 0, 0, 0, 0, 0, 0, 0, 0, 0, 0, 0, 0, 0, 0, 0]}
experiment	Check bucket equivalence and second-probe attribution	2026-10-06T14:45:43.8877344Z EQUIVALENT config.yaml.txt bytes=400000 tokens=59280 force=false
experiment	Check bucket equivalence and second-probe attribution	2026-10-06T14:45:43.8883072Z ATTRIBUTION {"file":"config.yaml.txt","class":1,"first_visits":59027,"second_visits_by_first_len":[4953, 0, 0, 0, 8416, 4780, 3040, 2285, 1691, 1216, 992, 781, 653, 540, 541, 398, 350, 340, 225, 218, 181, 211, 183, 115, 120, 148, 109, 97, 121, 90, 73, 58, 0, 0, 0, 0, 0, 0, 0, 0, 0, 0, 0, 0, 0, 0, 0, 0, 0, 0, 0, 0, 0, 0, 0, 0, 0, 0, 0, 0, 0, 0, 0, 0, 0, 0, 0, 0, 0, 0, 0, 0, 0, 0, 0, 0, 0, 0, 0, 0, 0, 0, 0, 0, 0, 0, 0, 0, 0, 0, 0, 0, 0, 0, 0, 0, 0, 0, 0, 0, 0, 0, 0, 0, 0, 0, 0, 0, 0, 0, 0, 0, 0, 0, 0, 0, 0, 0, 0, 0, 0, 0, 0, 0, 0, 0, 0, 0, 0, 0, 0, 0, 0, 0, 0, 0, 0, 0, 0, 0, 0, 0, 0, 0, 0, 0, 0, 0, 0, 0, 0, 0, 0, 0, 0, 0, 0, 0, 0, 0, 0, 0, 0, 0, 0, 0, 0, 0, 0, 0, 0, 0, 0, 0, 0, 0, 0, 0, 0, 0, 0, 0, 0, 0, 0, 0, 0, 0, 0, 0, 0, 0, 0, 0, 0, 0, 0, 0, 0, 0, 0, 0, 0, 0, 0, 0, 0, 0, 0, 0, 0, 0, 0, 0, 0, 0, 0, 0, 0, 0, 0, 0, 0, 0, 0, 0, 0, 0, 0, 0, 0, 0, 0, 0, 0, 0, 0, 0, 0, 0, 0, 0, 0, 0, 0, 0, 0, 0, 0, 0, 0, 0, 0, 0, 0, 0, 0, 0, 0],"second_improvements_by_first_len":[614, 0, 0, 0, 1239, 1036, 451, 330, 191, 147, 104, 77, 58, 41, 42, 35, 27, 13, 11, 7, 9, 10, 3, 6, 4, 7, 7, 3, 6, 7, 0, 1, 0, 0, 0, 0, 0, 0, 0, 0, 0, 0, 0, 0, 0, 0, 0, 0, 0, 0, 0, 0, 0, 0, 0, 0, 0, 0, 0, 0, 0, 0, 0, 0, 0, 0, 0, 0, 0, 0, 0, 0, 0, 0, 0, 0, 0, 0, 0, 0, 0, 0, 0, 0, 0, 0, 0, 0, 0, 0, 0, 0, 0, 0, 0, 0, 0, 0, 0, 0, 0, 0, 0, 0, 0, 0, 0, 0, 0, 0, 0, 0, 0, 0, 0, 0, 0, 0, 0, 0, 0, 0, 0, 0, 0, 0, 0, 0, 0, 0, 0, 0, 0, 0, 0, 0, 0, 0, 0, 0, 0, 0, 0, 0, 0, 0, 0, 0, 0, 0, 0, 0, 0, 0, 0, 0, 0, 0, 0, 0, 0, 0, 0, 0, 0, 0, 0, 0, 0, 0, 0, 0, 0, 0, 0, 0, 0, 0, 0, 0, 0, 0, 0, 0, 0, 0, 0, 0, 0, 0, 0, 0, 0, 0, 0, 0, 0, 0, 0, 0, 0, 0, 0, 0, 0, 0, 0, 0, 0, 0, 0, 0, 0, 0, 0, 0, 0, 0, 0, 0, 0, 0, 0, 0, 0, 0, 0, 0, 0, 0, 0, 0, 0, 0, 0, 0, 0, 0, 0, 0, 0, 0, 0, 0, 0, 0, 0, 0, 0, 0, 0, 0, 0, 0, 0, 0, 0, 0, 0]}
experiment	Check bucket equivalence and second-probe attribution	2026-10-06T14:45:43.8887007Z EQUIVALENT docs.md.txt bytes=800000 tokens=157900 force=false
experiment	Check bucket equivalence and second-probe attribution	2026-10-06T14:45:43.8891123Z ATTRIBUTION {"file":"docs.md.txt","class":1,"first_visits":156123,"second_visits_by_first_len":[17362, 0, 0, 0, 28333, 14839, 10682, 6287, 4042, 2893, 2104, 1517, 1266, 929, 611, 430, 434, 348, 293, 256, 231, 228, 202, 196, 123, 154, 116, 97, 100, 75, 71, 78, 0, 0, 0, 0, 0, 0, 0, 0, 0, 0, 0, 0, 0, 0, 0, 0, 0, 0, 0, 0, 0, 0, 0, 0, 0, 0, 0, 0, 0, 0, 0, 0, 0, 0, 0, 0, 0, 0, 0, 0, 0, 0, 0, 0, 0, 0, 0, 0, 0, 0, 0, 0, 0, 0, 0, 0, 0, 0, 0, 0, 0, 0, 0, 0, 0, 0, 0, 0, 0, 0, 0, 0, 0, 0, 0, 0, 0, 0, 0, 0, 0, 0, 0, 0, 0, 0, 0, 0, 0, 0, 0, 0, 0, 0, 0, 0, 0, 0, 0, 0, 0, 0, 0, 0, 0, 0, 0, 0, 0, 0, 0, 0, 0, 0, 0, 0, 0, 0, 0, 0, 0, 0, 0, 0, 0, 0, 0, 0, 0, 0, 0, 0, 0, 0, 0, 0, 0, 0, 0, 0, 0, 0, 0, 0, 0, 0, 0, 0, 0, 0, 0, 0, 0, 0, 0, 0, 0, 0, 0, 0, 0, 0, 0, 0, 0, 0, 0, 0, 0, 0, 0, 0, 0, 0, 0, 0, 0, 0, 0, 0, 0, 0, 0, 0, 0, 0, 0, 0, 0, 0, 0, 0, 0, 0, 0, 0, 0, 0, 0, 0, 0, 0, 0, 0, 0, 0, 0, 0, 0, 0, 0, 0, 0, 0, 0, 0, 0, 0, 0, 0, 0, 0, 0, 0, 0, 0, 0],"second_improvements_by_first_len":[2118, 0, 0, 0, 4538, 1986, 1327, 715, 387, 269, 174, 119, 98, 77, 49, 10, 32, 26, 14, 7, 21, 9, 6, 24, 5, 4, 7, 4, 6, 8, 4, 5, 0, 0, 0, 0, 0, 0, 0, 0, 0, 0, 0, 0, 0, 0, 0, 0, 0, 0, 0, 0, 0, 0, 0, 0, 0, 0, 0, 0, 0, 0, 0, 0, 0, 0, 0, 0, 0, 0, 0, 0, 0, 0, 0, 0, 0, 0, 0, 0, 0, 0, 0, 0, 0, 0, 0, 0, 0, 0, 0, 0, 0, 0, 0, 0, 0, 0, 0, 0, 0, 0, 0, 0, 0, 0, 0, 0, 0, 0, 0, 0, 0, 0, 0, 0, 0, 0, 0, 0, 0, 0, 0, 0, 0, 0, 0, 0, 0, 0, 0, 0, 0, 0, 0, 0, 0, 0, 0, 0, 0, 0, 0, 0, 0, 0, 0, 0, 0, 0, 0, 0, 0, 0, 0, 0, 0, 0, 0, 0, 0, 0, 0, 0, 0, 0, 0, 0, 0, 0, 0, 0, 0, 0, 0, 0, 0, 0, 0, 0, 0, 0, 0, 0, 0, 0, 0, 0, 0, 0, 0, 0, 0, 0, 0, 0, 0, 0, 0, 0, 0, 0, 0, 0, 0, 0, 0, 0, 0, 0, 0, 0, 0, 0, 0, 0, 0, 0, 0, 0, 0, 0, 0, 0, 0, 0, 0, 0, 0, 0, 0, 0, 0, 0, 0, 0, 0, 0, 0, 0, 0, 0, 0, 0, 0, 0, 0, 0, 0, 0, 0, 0, 0, 0, 0, 0, 0, 0, 0]}
experiment	Check bucket equivalence and second-probe attribution	2026-10-06T14:45:43.8895166Z EQUIVALENT dump.sql.txt bytes=150000 tokens=14726 force=false
experiment	Check bucket equivalence and second-probe attribution	2026-10-06T14:45:43.8899121Z ATTRIBUTION {"file":"dump.sql.txt","class":6,"first_visits":22928,"second_visits_by_first_len":[141, 0, 0, 0, 1682, 1223, 422, 189, 242, 244, 228, 215, 326, 1189, 1107, 85, 34, 17, 41, 40, 269, 236, 0, 1, 1, 0, 0, 0, 0, 0, 0, 0, 0, 0, 0, 0, 0, 0, 0, 0, 0, 0, 0, 0, 0, 0, 0, 0, 0, 0, 0, 0, 0, 0, 0, 0, 0, 0, 0, 0, 0, 0, 0, 0, 0, 0, 0, 0, 0, 0, 0, 0, 0, 0, 0, 0, 0, 0, 0, 0, 0, 0, 0, 0, 0, 0, 0, 0, 0, 0, 0, 0, 0, 0, 0, 0, 0, 0, 0, 0, 0, 0, 0, 0, 0, 0, 0, 0, 0, 0, 0, 0, 0, 0, 0, 0, 0, 0, 0, 0, 0, 0, 0, 0, 0, 0, 0, 0, 0, 0, 0, 0, 0, 0, 0, 0, 0, 0, 0, 0, 0, 0, 0, 0, 0, 0, 0, 0, 0, 0, 0, 0, 0, 0, 0, 0, 0, 0, 0, 0, 0, 0, 0, 0, 0, 0, 0, 0, 0, 0, 0, 0, 0, 0, 0, 0, 0, 0, 0, 0, 0, 0, 0, 0, 0, 0, 0, 0, 0, 0, 0, 0, 0, 0, 0, 0, 0, 0, 0, 0, 0, 0, 0, 0, 0, 0, 0, 0, 0, 0, 0, 0, 0, 0, 0, 0, 0, 0, 0, 0, 0, 0, 0, 0, 0, 0, 0, 0, 0, 0, 0, 0, 0, 0, 0, 0, 0, 0, 0, 0, 0, 0, 0, 0, 0, 0, 0, 0, 0, 0, 0, 0, 0, 0, 0, 0, 0, 0, 0],"second_improvements_by_first_len":[17, 0, 0, 0, 473, 152, 35, 49, 33, 34, 58, 43, 54, 89, 18, 1, 0, 0, 0, 0, 0, 0, 0, 0, 0, 0, 0, 0, 0, 0, 0, 0, 0, 0, 0, 0, 0, 0, 0, 0, 0, 0, 0, 0, 0, 0, 0, 0, 0, 0, 0, 0, 0, 0, 0, 0, 0, 0, 0, 0, 0, 0, 0, 0, 0, 0, 0, 0, 0, 0, 0, 0, 0, 0, 0, 0, 0, 0, 0, 0, 0, 0, 0, 0, 0, 0, 0, 0, 0, 0, 0, 0, 0, 0, 0, 0, 0, 0, 0, 0, 0, 0, 0, 0, 0, 0, 0, 0, 0, 0, 0, 0, 0, 0, 0, 0, 0, 0, 0, 0, 0, 0, 0, 0, 0, 0, 0, 0, 0, 0, 0, 0, 0, 0, 0, 0, 0, 0, 0, 0, 0, 0, 0, 0, 0, 0, 0, 0, 0, 0, 0, 0, 0, 0, 0, 0, 0, 0, 0, 0, 0, 0, 0, 0, 0, 0, 0, 0, 0, 0, 0, 0, 0, 0, 0, 0, 0, 0, 0, 0, 0, 0, 0, 0, 0, 0, 0, 0, 0, 0, 0, 0, 0, 0, 0, 0, 0, 0, 0, 0, 0, 0, 0, 0, 0, 0, 0, 0, 0, 0, 0, 0, 0, 0, 0, 0, 0, 0, 0, 0, 0, 0, 0, 0, 0, 0, 0, 0, 0, 0, 0, 0, 0, 0, 0, 0, 0, 0, 0, 0, 0, 0, 0, 0, 0, 0, 0, 0, 0, 0, 0, 0, 0, 0, 0, 0, 0, 0, 0]}
experiment	Check bucket equivalence and second-probe attribution	2026-10-06T14:45:43.8902994Z EQUIVALENT genome.fasta bytes=900000 tokens=900000 force=false
experiment	Check bucket equivalence and second-probe attribution	2026-10-06T14:45:43.8907047Z ATTRIBUTION {"file":"genome.fasta","class":0,"first_visits":0,"second_visits_by_first_len":[0, 0, 0, 0, 0, 0, 0, 0, 0, 0, 0, 0, 0, 0, 0, 0, 0, 0, 0, 0, 0, 0, 0, 0, 0, 0, 0, 0, 0, 0, 0, 0, 0, 0, 0, 0, 0, 0, 0, 0, 0, 0, 0, 0, 0, 0, 0, 0, 0, 0, 0, 0, 0, 0, 0, 0, 0, 0, 0, 0, 0, 0, 0, 0, 0, 0, 0, 0, 0, 0, 0, 0, 0, 0, 0, 0, 0, 0, 0, 0, 0, 0, 0, 0, 0, 0, 0, 0, 0, 0, 0, 0, 0, 0, 0, 0, 0, 0, 0, 0, 0, 0, 0, 0, 0, 0, 0, 0, 0, 0, 0, 0, 0, 0, 0, 0, 0, 0, 0, 0, 0, 0, 0, 0, 0, 0, 0, 0, 0, 0, 0, 0, 0, 0, 0, 0, 0, 0, 0, 0, 0, 0, 0, 0, 0, 0, 0, 0, 0, 0, 0, 0, 0, 0, 0, 0, 0, 0, 0, 0, 0, 0, 0, 0, 0, 0, 0, 0, 0, 0, 0, 0, 0, 0, 0, 0, 0, 0, 0, 0, 0, 0, 0, 0, 0, 0, 0, 0, 0, 0, 0, 0, 0, 0, 0, 0, 0, 0, 0, 0, 0, 0, 0, 0, 0, 0, 0, 0, 0, 0, 0, 0, 0, 0, 0, 0, 0, 0, 0, 0, 0, 0, 0, 0, 0, 0, 0, 0, 0, 0, 0, 0, 0, 0, 0, 0, 0, 0, 0, 0, 0, 0, 0, 0, 0, 0, 0, 0, 0, 0, 0, 0, 0, 0, 0, 0, 0, 0, 0],"second_improvements_by_first_len":[0, 0, 0, 0, 0, 0, 0, 0, 0, 0, 0, 0, 0, 0, 0, 0, 0, 0, 0, 0, 0, 0, 0, 0, 0, 0, 0, 0, 0, 0, 0, 0, 0, 0, 0, 0, 0, 0, 0, 0, 0, 0, 0, 0, 0, 0, 0, 0, 0, 0, 0, 0, 0, 0, 0, 0, 0, 0, 0, 0, 0, 0, 0, 0, 0, 0, 0, 0, 0, 0, 0, 0, 0, 0, 0, 0, 0, 0, 0, 0, 0, 0, 0, 0, 0, 0, 0, 0, 0, 0, 0, 0, 0, 0, 0, 0, 0, 0, 0, 0, 0, 0, 0, 0, 0, 0, 0, 0, 0, 0, 0, 0, 0, 0, 0, 0, 0, 0, 0, 0, 0, 0, 0, 0, 0, 0, 0, 0, 0, 0, 0, 0, 0, 0, 0, 0, 0, 0, 0, 0, 0, 0, 0, 0, 0, 0, 0, 0, 0, 0, 0, 0, 0, 0, 0, 0, 0, 0, 0, 0, 0, 0, 0, 0, 0, 0, 0, 0, 0, 0, 0, 0, 0, 0, 0, 0, 0, 0, 0, 0, 0, 0, 0, 0, 0, 0, 0, 0, 0, 0, 0, 0, 0, 0, 0, 0, 0, 0, 0, 0, 0, 0, 0, 0, 0, 0, 0, 0, 0, 0, 0, 0, 0, 0, 0, 0, 0, 0, 0, 0, 0, 0, 0, 0, 0, 0, 0, 0, 0, 0, 0, 0, 0, 0, 0, 0, 0, 0, 0, 0, 0, 0, 0, 0, 0, 0, 0, 0, 0, 0, 0, 0, 0, 0, 0, 0, 0, 0, 0]}
experiment	Check bucket equivalence and second-probe attribution	2026-10-06T14:45:43.8910742Z EQUIVALENT images.bin bytes=250000 tokens=228319 force=false
experiment	Check bucket equivalence and second-probe attribution	2026-10-06T14:45:43.8914391Z ATTRIBUTION {"file":"images.bin","class":2,"first_visits":24093,"second_visits_by_first_len":[3236, 0, 0, 0, 205, 65, 43, 29, 28, 25, 26, 37, 56, 38, 48, 29, 26, 13, 12, 11, 6, 3, 6, 3, 7, 4, 6, 8, 2, 9, 4, 7, 0, 0, 0, 0, 0, 0, 0, 0, 0, 0, 0, 0, 0, 0, 0, 0, 0, 0, 0, 0, 0, 0, 0, 0, 0, 0, 0, 0, 0, 0, 0, 0, 0, 0, 0, 0, 0, 0, 0, 0, 0, 0, 0, 0, 0, 0, 0, 0, 0, 0, 0, 0, 0, 0, 0, 0, 0, 0, 0, 0, 0, 0, 0, 0, 0, 0, 0, 0, 0, 0, 0, 0, 0, 0, 0, 0, 0, 0, 0, 0, 0, 0, 0, 0, 0, 0, 0, 0, 0, 0, 0, 0, 0, 0, 0, 0, 0, 0, 0, 0, 0, 0, 0, 0, 0, 0, 0, 0, 0, 0, 0, 0, 0, 0, 0, 0, 0, 0, 0, 0, 0, 0, 0, 0, 0, 0, 0, 0, 0, 0, 0, 0, 0, 0, 0, 0, 0, 0, 0, 0, 0, 0, 0, 0, 0, 0, 0, 0, 0, 0, 0, 0, 0, 0, 0, 0, 0, 0, 0, 0, 0, 0, 0, 0, 0, 0, 0, 0, 0, 0, 0, 0, 0, 0, 0, 0, 0, 0, 0, 0, 0, 0, 0, 0, 0, 0, 0, 0, 0, 0, 0, 0, 0, 0, 0, 0, 0, 0, 0, 0, 0, 0, 0, 0, 0, 0, 0, 0, 0, 0, 0, 0, 0, 0, 0, 0, 0, 0, 0, 0, 0, 0, 0, 0, 0, 0, 0],"second_improvements_by_first_len":[17, 0, 0, 0, 35, 17, 17, 7, 13, 9, 13, 18, 22, 12, 14, 3, 6, 2, 0, 1, 1, 1, 0, 0, 1, 0, 2, 0, 1, 1, 0, 1, 0, 0, 0, 0, 0, 0, 0, 0, 0, 0, 0, 0, 0, 0, 0, 0, 0, 0, 0, 0, 0, 0, 0, 0, 0, 0, 0, 0, 0, 0, 0, 0, 0, 0, 0, 0, 0, 0, 0, 0, 0, 0, 0, 0, 0, 0, 0, 0, 0, 0, 0, 0, 0, 0, 0, 0, 0, 0, 0, 0, 0, 0, 0, 0, 0, 0, 0, 0, 0, 0, 0, 0, 0, 0, 0, 0, 0, 0, 0, 0, 0, 0, 0, 0, 0, 0, 0, 0, 0, 0, 0, 0, 0, 0, 0, 0, 0, 0, 0, 0, 0, 0, 0, 0, 0, 0, 0, 0, 0, 0, 0, 0, 0, 0, 0, 0, 0, 0, 0, 0, 0, 0, 0, 0, 0, 0, 0, 0, 0, 0, 0, 0, 0, 0, 0, 0, 0, 0, 0, 0, 0, 0, 0, 0, 0, 0, 0, 0, 0, 0, 0, 0, 0, 0, 0, 0, 0, 0, 0, 0, 0, 0, 0, 0, 0, 0, 0, 0, 0, 0, 0, 0, 0, 0, 0, 0, 0, 0, 0, 0, 0, 0, 0, 0, 0, 0, 0, 0, 0, 0, 0, 0, 0, 0, 0, 0, 0, 0, 0, 0, 0, 0, 0, 0, 0, 0, 0, 0, 0, 0, 0, 0, 0, 0, 0, 0, 0, 0, 0, 0, 0, 0, 0, 0, 0, 0, 0]}
experiment	Check bucket equivalence and second-probe attribution	2026-10-06T14:45:43.8918400Z EQUIVALENT lean.txt bytes=1000000 tokens=155444 force=false
experiment	Check bucket equivalence and second-probe attribution	2026-10-06T14:45:43.8924555Z ATTRIBUTION {"file":"lean.txt","class":1,"first_visits":160413,"second_visits_by_first_len":[12908, 0, 0, 0, 28011, 14802, 10215, 6973, 5347, 3878, 3388, 2445, 1965, 1605, 1257, 1159, 1040, 917, 836, 671, 621, 543, 467, 462, 357, 287, 292, 213, 222, 204, 196, 147, 0, 0, 0, 0, 0, 0, 0, 0, 0, 0, 0, 0, 0, 0, 0, 0, 0, 0, 0, 0, 0, 0, 0, 0, 0, 0, 0, 0, 0, 0, 0, 0, 0, 0, 0, 0, 0, 0, 0, 0, 0, 0, 0, 0, 0, 0, 0, 0, 0, 0, 0, 0, 0, 0, 0, 0, 0, 0, 0, 0, 0, 0, 0, 0, 0, 0, 0, 0, 0, 0, 0, 0, 0, 0, 0, 0, 0, 0, 0, 0, 0, 0, 0, 0, 0, 0, 0, 0, 0, 0, 0, 0, 0, 0, 0, 0, 0, 0, 0, 0, 0, 0, 0, 0, 0, 0, 0, 0, 0, 0, 0, 0, 0, 0, 0, 0, 0, 0, 0, 0, 0, 0, 0, 0, 0, 0, 0, 0, 0, 0, 0, 0, 0, 0, 0, 0, 0, 0, 0, 0, 0, 0, 0, 0, 0, 0, 0, 0, 0, 0, 0, 0, 0, 0, 0, 0, 0, 0, 0, 0, 0, 0, 0, 0, 0, 0, 0, 0, 0, 0, 0, 0, 0, 0, 0, 0, 0, 0, 0, 0, 0, 0, 0, 0, 0, 0, 0, 0, 0, 0, 0, 0, 0, 0, 0, 0, 0, 0, 0, 0, 0, 0, 0, 0, 0, 0, 0, 0, 0, 0, 0, 0, 0, 0, 0, 0, 0, 0, 0, 0, 0, 0, 0, 0, 0, 0, 0],"second_improvements_by_first_len":[1855, 0, 0, 0, 4662, 2232, 1371, 939, 706, 488, 420, 309, 207, 188, 158, 136, 134, 103, 104, 73, 58, 52, 47, 51, 29, 17, 12, 9, 12, 14, 12, 8, 0, 0, 0, 0, 0, 0, 0, 0, 0, 0, 0, 0, 0, 0, 0, 0, 0, 0, 0, 0, 0, 0, 0, 0, 0, 0, 0, 0, 0, 0, 0, 0, 0, 0, 0, 0, 0, 0, 0, 0, 0, 0, 0, 0, 0, 0, 0, 0, 0, 0, 0, 0, 0, 0, 0, 0, 0, 0, 0, 0, 0, 0, 0, 0, 0, 0, 0, 0, 0, 0, 0, 0, 0, 0, 0, 0, 0, 0, 0, 0, 0, 0, 0, 0, 0, 0, 0, 0, 0, 0, 0, 0, 0, 0, 0, 0, 0, 0, 0, 0, 0, 0, 0, 0, 0, 0, 0, 0, 0, 0, 0, 0, 0, 0, 0, 0, 0, 0, 0, 0, 0, 0, 0, 0, 0, 0, 0, 0, 0, 0, 0, 0, 0, 0, 0, 0, 0, 0, 0, 0, 0, 0, 0, 0, 0, 0, 0, 0, 0, 0, 0, 0, 0, 0, 0, 0, 0, 0, 0, 0, 0, 0, 0, 0, 0, 0, 0, 0, 0, 0, 0, 0, 0, 0, 0, 0, 0, 0, 0, 0, 0, 0, 0, 0, 0, 0, 0, 0, 0, 0, 0, 0, 0, 0, 0, 0, 0, 0, 0, 0, 0, 0, 0, 0, 0, 0, 0, 0, 0, 0, 0, 0, 0, 0, 0, 0, 0, 0, 0, 0, 0, 0, 0, 0, 0, 0, 0]}
experiment	Check bucket equivalence and second-probe attribution	2026-10-06T14:45:43.8931413Z EQUIVALENT machine-code.bin bytes=500000 tokens=120777 force=false
experiment	Check bucket equivalence and second-probe attribution	2026-10-06T14:45:43.8964463Z ATTRIBUTION {"file":"machine-code.bin","class":3,"first_visits":122250,"second_visits_by_first_len":[17195, 0, 0, 33765, 11045, 3326, 1691, 5547, 4009, 1399, 587, 452, 387, 129, 93, 306, 660, 134, 155, 85, 102, 53, 42, 53, 168, 30, 33, 22, 51, 16, 10, 23, 0, 0, 0, 0, 0, 0, 0, 0, 0, 0, 0, 0, 0, 0, 0, 0, 0, 0, 0, 0, 0, 0, 0, 0, 0, 0, 0, 0, 0, 0, 0, 0, 0, 0, 0, 0, 0, 0, 0, 0, 0, 0, 0, 0, 0, 0, 0, 0, 0, 0, 0, 0, 0, 0, 0, 0, 0, 0, 0, 0, 0, 0, 0, 0, 0, 0, 0, 0, 0, 0, 0, 0, 0, 0, 0, 0, 0, 0, 0, 0, 0, 0, 0, 0, 0, 0, 0, 0, 0, 0, 0, 0, 0, 0, 0, 0, 0, 0, 0, 0, 0, 0, 0, 0, 0, 0, 0, 0, 0, 0, 0, 0, 0, 0, 0, 0, 0, 0, 0, 0, 0, 0, 0, 0, 0, 0, 0, 0, 0, 0, 0, 0, 0, 0, 0, 0, 0, 0, 0, 0, 0, 0, 0, 0, 0, 0, 0, 0, 0, 0, 0, 0, 0, 0, 0, 0, 0, 0, 0, 0, 0, 0, 0, 0, 0, 0, 0, 0, 0, 0, 0, 0, 0, 0, 0, 0, 0, 0, 0, 0, 0, 0, 0, 0, 0, 0, 0, 0, 0, 0, 0, 0, 0, 0, 0, 0, 0, 0, 0, 0, 0, 0, 0, 0, 0, 0, 0, 0, 0, 0, 0, 0, 0, 0, 0, 0, 0, 0, 0, 0, 0, 0, 0, 0, 0, 0, 0],"second_improvements_by_first_len":[1313, 0, 0, 4012, 1024, 659, 124, 210, 115, 43, 41, 22, 10, 11, 6, 7, 5, 6, 4, 6, 1, 1, 1, 3, 0, 0, 2, 1, 2, 3, 0, 1, 0, 0, 0, 0, 0, 0, 0, 0, 0, 0, 0, 0, 0, 0, 0, 0, 0, 0, 0, 0, 0, 0, 0, 0, 0, 0, 0, 0, 0, 0, 0, 0, 0, 0, 0, 0, 0, 0, 0, 0, 0, 0, 0, 0, 0, 0, 0, 0, 0, 0, 0, 0, 0, 0, 0, 0, 0, 0, 0, 0, 0, 0, 0, 0, 0, 0, 0, 0, 0, 0, 0, 0, 0, 0, 0, 0, 0, 0, 0, 0, 0, 0, 0, 0, 0, 0, 0, 0, 0, 0, 0, 0, 0, 0, 0, 0, 0, 0, 0, 0, 0, 0, 0, 0, 0, 0, 0, 0, 0, 0, 0, 0, 0, 0, 0, 0, 0, 0, 0, 0, 0, 0, 0, 0, 0, 0, 0, 0, 0, 0, 0, 0, 0, 0, 0, 0, 0, 0, 0, 0, 0, 0, 0, 0, 0, 0, 0, 0, 0, 0, 0, 0, 0, 0, 0, 0, 0, 0, 0, 0, 0, 0, 0, 0, 0, 0, 0, 0, 0, 0, 0, 0, 0, 0, 0, 0, 0, 0, 0, 0, 0, 0, 0, 0, 0, 0, 0, 0, 0, 0, 0, 0, 0, 0, 0, 0, 0, 0, 0, 0, 0, 0, 0, 0, 0, 0, 0, 0, 0, 0, 0, 0, 0, 0, 0, 0, 0, 0, 0, 0, 0, 0, 0, 0, 0, 0, 0]}
experiment	Check bucket equivalence and second-probe attribution	2026-10-06T14:45:43.8972297Z EQUIVALENT metrics.csv.txt bytes=1300000 tokens=218198 force=false
experiment	Check bucket equivalence and second-probe attribution	2026-10-06T14:45:43.8985337Z ATTRIBUTION {"file":"metrics.csv.txt","class":6,"first_visits":296230,"second_visits_by_first_len":[17015, 0, 0, 0, 27422, 10076, 6218, 3438, 3189, 3140, 3080, 2997, 2286, 2317, 1723, 1261, 1304, 1427, 1132, 851, 1461, 1147, 740, 354, 368, 361, 161, 177, 106, 125, 86, 86, 0, 0, 0, 0, 0, 0, 0, 0, 0, 0, 0, 0, 0, 0, 0, 0, 0, 0, 0, 0, 0, 0, 0, 0, 0, 0, 0, 0, 0, 0, 0, 0, 0, 0, 0, 0, 0, 0, 0, 0, 0, 0, 0, 0, 0, 0, 0, 0, 0, 0, 0, 0, 0, 0, 0, 0, 0, 0, 0, 0, 0, 0, 0, 0, 0, 0, 0, 0, 0, 0, 0, 0, 0, 0, 0, 0, 0, 0, 0, 0, 0, 0, 0, 0, 0, 0, 0, 0, 0, 0, 0, 0, 0, 0, 0, 0, 0, 0, 0, 0, 0, 0, 0, 0, 0, 0, 0, 0, 0, 0, 0, 0, 0, 0, 0, 0, 0, 0, 0, 0, 0, 0, 0, 0, 0, 0, 0, 0, 0, 0, 0, 0, 0, 0, 0, 0, 0, 0, 0, 0, 0, 0, 0, 0, 0, 0, 0, 0, 0, 0, 0, 0, 0, 0, 0, 0, 0, 0, 0, 0, 0, 0, 0, 0, 0, 0, 0, 0, 0, 0, 0, 0, 0, 0, 0, 0, 0, 0, 0, 0, 0, 0, 0, 0, 0, 0, 0, 0, 0, 0, 0, 0, 0, 0, 0, 0, 0, 0, 0, 0, 0, 0, 0, 0, 0, 0, 0, 0, 0, 0, 0, 0, 0, 0, 0, 0, 0, 0, 0, 0, 0, 0, 0, 0, 0, 0, 0],"second_improvements_by_first_len":[1986, 0, 0, 0, 2804, 639, 476, 410, 249, 228, 206, 188, 91, 121, 54, 78, 73, 58, 42, 46, 68, 38, 27, 12, 21, 12, 9, 23, 7, 7, 14, 6, 0, 0, 0, 0, 0, 0, 0, 0, 0, 0, 0, 0, 0, 0, 0, 0, 0, 0, 0, 0, 0, 0, 0, 0, 0, 0, 0, 0, 0, 0, 0, 0, 0, 0, 0, 0, 0, 0, 0, 0, 0, 0, 0, 0, 0, 0, 0, 0, 0, 0, 0, 0, 0, 0, 0, 0, 0, 0, 0, 0, 0, 0, 0, 0, 0, 0, 0, 0, 0, 0, 0, 0, 0, 0, 0, 0, 0, 0, 0, 0, 0, 0, 0, 0, 0, 0, 0, 0, 0, 0, 0, 0, 0, 0, 0, 0, 0, 0, 0, 0, 0, 0, 0, 0, 0, 0, 0, 0, 0, 0, 0, 0, 0, 0, 0, 0, 0, 0, 0, 0, 0, 0, 0, 0, 0, 0, 0, 0, 0, 0, 0, 0, 0, 0, 0, 0, 0, 0, 0, 0, 0, 0, 0, 0, 0, 0, 0, 0, 0, 0, 0, 0, 0, 0, 0, 0, 0, 0, 0, 0, 0, 0, 0, 0, 0, 0, 0, 0, 0, 0, 0, 0, 0, 0, 0, 0, 0, 0, 0, 0, 0, 0, 0, 0, 0, 0, 0, 0, 0, 0, 0, 0, 0, 0, 0, 0, 0, 0, 0, 0, 0, 0, 0, 0, 0, 0, 0, 0, 0, 0, 0, 0, 0, 0, 0, 0, 0, 0, 0, 0, 0, 0, 0, 0, 0, 0, 0]}
experiment	Check bucket equivalence and second-probe attribution	2026-10-06T14:45:43.8992481Z EQUIVALENT multibyte.txt bytes=1100000 tokens=197600 force=false
experiment	Check bucket equivalence and second-probe attribution	2026-10-06T14:45:43.8999336Z ATTRIBUTION {"file":"multibyte.txt","class":1,"first_visits":194440,"second_visits_by_first_len":[24115, 0, 0, 0, 35247, 15140, 9755, 4731, 3501, 2592, 3005, 2265, 1517, 1154, 977, 859, 740, 476, 441, 413, 385, 361, 255, 355, 377, 349, 181, 378, 203, 206, 134, 133, 0, 0, 0, 0, 0, 0, 0, 0, 0, 0, 0, 0, 0, 0, 0, 0, 0, 0, 0, 0, 0, 0, 0, 0, 0, 0, 0, 0, 0, 0, 0, 0, 0, 0, 0, 0, 0, 0, 0, 0, 0, 0, 0, 0, 0, 0, 0, 0, 0, 0, 0, 0, 0, 0, 0, 0, 0, 0, 0, 0, 0, 0, 0, 0, 0, 0, 0, 0, 0, 0, 0, 0, 0, 0, 0, 0, 0, 0, 0, 0, 0, 0, 0, 0, 0, 0, 0, 0, 0, 0, 0, 0, 0, 0, 0, 0, 0, 0, 0, 0, 0, 0, 0, 0, 0, 0, 0, 0, 0, 0, 0, 0, 0, 0, 0, 0, 0, 0, 0, 0, 0, 0, 0, 0, 0, 0, 0, 0, 0, 0, 0, 0, 0, 0, 0, 0, 0, 0, 0, 0, 0, 0, 0, 0, 0, 0, 0, 0, 0, 0, 0, 0, 0, 0, 0, 0, 0, 0, 0, 0, 0, 0, 0, 0, 0, 0, 0, 0, 0, 0, 0, 0, 0, 0, 0, 0, 0, 0, 0, 0, 0, 0, 0, 0, 0, 0, 0, 0, 0, 0, 0, 0, 0, 0, 0, 0, 0, 0, 0, 0, 0, 0, 0, 0, 0, 0, 0, 0, 0, 0, 0, 0, 0, 0, 0, 0, 0, 0, 0, 0, 0, 0, 0, 0, 0, 0, 0],"second_improvements_by_first_len":[2917, 0, 0, 0, 5419, 2014, 1136, 496, 410, 261, 306, 202, 178, 157, 149, 104, 118, 44, 23, 47, 18, 18, 23, 47, 38, 21, 8, 39, 8, 22, 14, 10, 0, 0, 0, 0, 0, 0, 0, 0, 0, 0, 0, 0, 0, 0, 0, 0, 0, 0, 0, 0, 0, 0, 0, 0, 0, 0, 0, 0, 0, 0, 0, 0, 0, 0, 0, 0, 0, 0, 0, 0, 0, 0, 0, 0, 0, 0, 0, 0, 0, 0, 0, 0, 0, 0, 0, 0, 0, 0, 0, 0, 0, 0, 0, 0, 0, 0, 0, 0, 0, 0, 0, 0, 0, 0, 0, 0, 0, 0, 0, 0, 0, 0, 0, 0, 0, 0, 0, 0, 0, 0, 0, 0, 0, 0, 0, 0, 0, 0, 0, 0, 0, 0, 0, 0, 0, 0, 0, 0, 0, 0, 0, 0, 0, 0, 0, 0, 0, 0, 0, 0, 0, 0, 0, 0, 0, 0, 0, 0, 0, 0, 0, 0, 0, 0, 0, 0, 0, 0, 0, 0, 0, 0, 0, 0, 0, 0, 0, 0, 0, 0, 0, 0, 0, 0, 0, 0, 0, 0, 0, 0, 0, 0, 0, 0, 0, 0, 0, 0, 0, 0, 0, 0, 0, 0, 0, 0, 0, 0, 0, 0, 0, 0, 0, 0, 0, 0, 0, 0, 0, 0, 0, 0, 0, 0, 0, 0, 0, 0, 0, 0, 0, 0, 0, 0, 0, 0, 0, 0, 0, 0, 0, 0, 0, 0, 0, 0, 0, 0, 0, 0, 0, 0, 0, 0, 0, 0, 0]}
experiment	Check bucket equivalence and second-probe attribution	2026-10-06T14:45:43.9006457Z EQUIVALENT page.html.txt bytes=600000 tokens=75938 force=false
experiment	Check bucket equivalence and second-probe attribution	2026-10-06T14:45:43.9013105Z ATTRIBUTION {"file":"page.html.txt","class":1,"first_visits":74369,"second_visits_by_first_len":[6038, 0, 0, 0, 7665, 3870, 2428, 2533, 2003, 2013, 1559, 948, 787, 629, 499, 367, 420, 279, 308, 275, 224, 215, 289, 175, 154, 140, 190, 142, 149, 126, 93, 132, 0, 0, 0, 0, 0, 0, 0, 0, 0, 0, 0, 0, 0, 0, 0, 0, 0, 0, 0, 0, 0, 0, 0, 0, 0, 0, 0, 0, 0, 0, 0, 0, 0, 0, 0, 0, 0, 0, 0, 0, 0, 0, 0, 0, 0, 0, 0, 0, 0, 0, 0, 0, 0, 0, 0, 0, 0, 0, 0, 0, 0, 0, 0, 0, 0, 0, 0, 0, 0, 0, 0, 0, 0, 0, 0, 0, 0, 0, 0, 0, 0, 0, 0, 0, 0, 0, 0, 0, 0, 0, 0, 0, 0, 0, 0, 0, 0, 0, 0, 0, 0, 0, 0, 0, 0, 0, 0, 0, 0, 0, 0, 0, 0, 0, 0, 0, 0, 0, 0, 0, 0, 0, 0, 0, 0, 0, 0, 0, 0, 0, 0, 0, 0, 0, 0, 0, 0, 0, 0, 0, 0, 0, 0, 0, 0, 0, 0, 0, 0, 0, 0, 0, 0, 0, 0, 0, 0, 0, 0, 0, 0, 0, 0, 0, 0, 0, 0, 0, 0, 0, 0, 0, 0, 0, 0, 0, 0, 0, 0, 0, 0, 0, 0, 0, 0, 0, 0, 0, 0, 0, 0, 0, 0, 0, 0, 0, 0, 0, 0, 0, 0, 0, 0, 0, 0, 0, 0, 0, 0, 0, 0, 0, 0, 0, 0, 0, 0, 0, 0, 0, 0, 0, 0, 0, 0, 0, 0],"second_improvements_by_first_len":[631, 0, 0, 0, 1181, 564, 361, 452, 264, 238, 168, 91, 102, 71, 50, 53, 49, 24, 34, 19, 25, 26, 18, 12, 3, 6, 3, 16, 21, 1, 2, 2, 0, 0, 0, 0, 0, 0, 0, 0, 0, 0, 0, 0, 0, 0, 0, 0, 0, 0, 0, 0, 0, 0, 0, 0, 0, 0, 0, 0, 0, 0, 0, 0, 0, 0, 0, 0, 0, 0, 0, 0, 0, 0, 0, 0, 0, 0, 0, 0, 0, 0, 0, 0, 0, 0, 0, 0, 0, 0, 0, 0, 0, 0, 0, 0, 0, 0, 0, 0, 0, 0, 0, 0, 0, 0, 0, 0, 0, 0, 0, 0, 0, 0, 0, 0, 0, 0, 0, 0, 0, 0, 0, 0, 0, 0, 0, 0, 0, 0, 0, 0, 0, 0, 0, 0, 0, 0, 0, 0, 0, 0, 0, 0, 0, 0, 0, 0, 0, 0, 0, 0, 0, 0, 0, 0, 0, 0, 0, 0, 0, 0, 0, 0, 0, 0, 0, 0, 0, 0, 0, 0, 0, 0, 0, 0, 0, 0, 0, 0, 0, 0, 0, 0, 0, 0, 0, 0, 0, 0, 0, 0, 0, 0, 0, 0, 0, 0, 0, 0, 0, 0, 0, 0, 0, 0, 0, 0, 0, 0, 0, 0, 0, 0, 0, 0, 0, 0, 0, 0, 0, 0, 0, 0, 0, 0, 0, 0, 0, 0, 0, 0, 0, 0, 0, 0, 0, 0, 0, 0, 0, 0, 0, 0, 0, 0, 0, 0, 0, 0, 0, 0, 0, 0, 0, 0, 0, 0, 0]}
experiment	Check bucket equivalence and second-probe attribution	2026-10-06T14:45:43.9020049Z EQUIVALENT prose.txt bytes=1500000 tokens=357085 force=false
experiment	Check bucket equivalence and second-probe attribution	2026-10-06T14:45:43.9026448Z ATTRIBUTION {"file":"prose.txt","class":5,"first_visits":365997,"second_visits_by_first_len":[44316, 0, 0, 0, 117684, 52381, 26779, 15149, 8930, 5134, 3189, 2401, 1502, 953, 674, 436, 329, 237, 183, 160, 128, 93, 76, 54, 44, 33, 20, 19, 15, 12, 10, 10, 0, 0, 0, 0, 0, 0, 0, 0, 0, 0, 0, 0, 0, 0, 0, 0, 0, 0, 0, 0, 0, 0, 0, 0, 0, 0, 0, 0, 0, 0, 0, 0, 0, 0, 0, 0, 0, 0, 0, 0, 0, 0, 0, 0, 0, 0, 0, 0, 0, 0, 0, 0, 0, 0, 0, 0, 0, 0, 0, 0, 0, 0, 0, 0, 0, 0, 0, 0, 0, 0, 0, 0, 0, 0, 0, 0, 0, 0, 0, 0, 0, 0, 0, 0, 0, 0, 0, 0, 0, 0, 0, 0, 0, 0, 0, 0, 0, 0, 0, 0, 0, 0, 0, 0, 0, 0, 0, 0, 0, 0, 0, 0, 0, 0, 0, 0, 0, 0, 0, 0, 0, 0, 0, 0, 0, 0, 0, 0, 0, 0, 0, 0, 0, 0, 0, 0, 0, 0, 0, 0, 0, 0, 0, 0, 0, 0, 0, 0, 0, 0, 0, 0, 0, 0, 0, 0, 0, 0, 0, 0, 0, 0, 0, 0, 0, 0, 0, 0, 0, 0, 0, 0, 0, 0, 0, 0, 0, 0, 0, 0, 0, 0, 0, 0, 0, 0, 0, 0, 0, 0, 0, 0, 0, 0, 0, 0, 0, 0, 0, 0, 0, 0, 0, 0, 0, 0, 0, 0, 0, 0, 0, 0, 0, 0, 0, 0, 0, 0, 0, 0, 0, 0, 0, 0, 0, 0, 0],"second_improvements_by_first_len":[11382, 0, 0, 0, 20022, 6145, 2568, 1163, 639, 314, 202, 137, 89, 37, 30, 31, 7, 18, 11, 14, 10, 9, 0, 1, 2, 0, 0, 1, 0, 0, 0, 0, 0, 0, 0, 0, 0, 0, 0, 0, 0, 0, 0, 0, 0, 0, 0, 0, 0, 0, 0, 0, 0, 0, 0, 0, 0, 0, 0, 0, 0, 0, 0, 0, 0, 0, 0, 0, 0, 0, 0, 0, 0, 0, 0, 0, 0, 0, 0, 0, 0, 0, 0, 0, 0, 0, 0, 0, 0, 0, 0, 0, 0, 0, 0, 0, 0, 0, 0, 0, 0, 0, 0, 0, 0, 0, 0, 0, 0, 0, 0, 0, 0, 0, 0, 0, 0, 0, 0, 0, 0, 0, 0, 0, 0, 0, 0, 0, 0, 0, 0, 0, 0, 0, 0, 0, 0, 0, 0, 0, 0, 0, 0, 0, 0, 0, 0, 0, 0, 0, 0, 0, 0, 0, 0, 0, 0, 0, 0, 0, 0, 0, 0, 0, 0, 0, 0, 0, 0, 0, 0, 0, 0, 0, 0, 0, 0, 0, 0, 0, 0, 0, 0, 0, 0, 0, 0, 0, 0, 0, 0, 0, 0, 0, 0, 0, 0, 0, 0, 0, 0, 0, 0, 0, 0, 0, 0, 0, 0, 0, 0, 0, 0, 0, 0, 0, 0, 0, 0, 0, 0, 0, 0, 0, 0, 0, 0, 0, 0, 0, 0, 0, 0, 0, 0, 0, 0, 0, 0, 0, 0, 0, 0, 0, 0, 0, 0, 0, 0, 0, 0, 0, 0, 0, 0, 0, 0, 0, 0]}
experiment	Check bucket equivalence and second-probe attribution	2026-10-06T14:45:43.9031545Z EQUIVALENT records.json.txt bytes=400000 tokens=78761 force=false
experiment	Check bucket equivalence and second-probe attribution	2026-10-06T14:45:43.9035431Z ATTRIBUTION {"file":"records.json.txt","class":1,"first_visits":36522,"second_visits_by_first_len":[2742, 0, 0, 0, 1573, 725, 503, 288, 367, 376, 237, 202, 289, 123, 147, 136, 171, 83, 129, 144, 68, 74, 88, 73, 53, 113, 56, 57, 85, 66, 82, 64, 0, 0, 0, 0, 0, 0, 0, 0, 0, 0, 0, 0, 0, 0, 0, 0, 0, 0, 0, 0, 0, 0, 0, 0, 0, 0, 0, 0, 0, 0, 0, 0, 0, 0, 0, 0, 0, 0, 0, 0, 0, 0, 0, 0, 0, 0, 0, 0, 0, 0, 0, 0, 0, 0, 0, 0, 0, 0, 0, 0, 0, 0, 0, 0, 0, 0, 0, 0, 0, 0, 0, 0, 0, 0, 0, 0, 0, 0, 0, 0, 0, 0, 0, 0, 0, 0, 0, 0, 0, 0, 0, 0, 0, 0, 0, 0, 0, 0, 0, 0, 0, 0, 0, 0, 0, 0, 0, 0, 0, 0, 0, 0, 0, 0, 0, 0, 0, 0, 0, 0, 0, 0, 0, 0, 0, 0, 0, 0, 0, 0, 0, 0, 0, 0, 0, 0, 0, 0, 0, 0, 0, 0, 0, 0, 0, 0, 0, 0, 0, 0, 0, 0, 0, 0, 0, 0, 0, 0, 0, 0, 0, 0, 0, 0, 0, 0, 0, 0, 0, 0, 0, 0, 0, 0, 0, 0, 0, 0, 0, 0, 0, 0, 0, 0, 0, 0, 0, 0, 0, 0, 0, 0, 0, 0, 0, 0, 0, 0, 0, 0, 0, 0, 0, 0, 0, 0, 0, 0, 0, 0, 0, 0, 0, 0, 0, 0, 0, 0, 0, 0, 0, 0, 0, 0, 0, 0, 0],"second_improvements_by_first_len":[90, 0, 0, 0, 273, 153, 114, 56, 52, 51, 47, 45, 32, 16, 23, 25, 16, 8, 21, 28, 6, 13, 13, 10, 4, 21, 7, 8, 11, 10, 11, 8, 0, 0, 0, 0, 0, 0, 0, 0, 0, 0, 0, 0, 0, 0, 0, 0, 0, 0, 0, 0, 0, 0, 0, 0, 0, 0, 0, 0, 0, 0, 0, 0, 0, 0, 0, 0, 0, 0, 0, 0, 0, 0, 0, 0, 0, 0, 0, 0, 0, 0, 0, 0, 0, 0, 0, 0, 0, 0, 0, 0, 0, 0, 0, 0, 0, 0, 0, 0, 0, 0, 0, 0, 0, 0, 0, 0, 0, 0, 0, 0, 0, 0, 0, 0, 0, 0, 0, 0, 0, 0, 0, 0, 0, 0, 0, 0, 0, 0, 0, 0, 0, 0, 0, 0, 0, 0, 0, 0, 0, 0, 0, 0, 0, 0, 0, 0, 0, 0, 0, 0, 0, 0, 0, 0, 0, 0, 0, 0, 0, 0, 0, 0, 0, 0, 0, 0, 0, 0, 0, 0, 0, 0, 0, 0, 0, 0, 0, 0, 0, 0, 0, 0, 0, 0, 0, 0, 0, 0, 0, 0, 0, 0, 0, 0, 0, 0, 0, 0, 0, 0, 0, 0, 0, 0, 0, 0, 0, 0, 0, 0, 0, 0, 0, 0, 0, 0, 0, 0, 0, 0, 0, 0, 0, 0, 0, 0, 0, 0, 0, 0, 0, 0, 0, 0, 0, 0, 0, 0, 0, 0, 0, 0, 0, 0, 0, 0, 0, 0, 0, 0, 0, 0, 0, 0, 0, 0, 0]}
experiment	Check bucket equivalence and second-probe attribution	2026-10-06T14:45:43.9039959Z EQUIVALENT server.log bytes=300000 tokens=23775 force=false
experiment	Check bucket equivalence and second-probe attribution	2026-10-06T14:45:43.9045850Z ATTRIBUTION {"file":"server.log","class":6,"first_visits":28154,"second_visits_by_first_len":[821, 0, 0, 0, 1200, 478, 244, 167, 196, 232, 222, 147, 121, 82, 112, 88, 139, 171, 89, 162, 122, 97, 101, 86, 123, 127, 121, 62, 114, 66, 47, 67, 0, 0, 0, 0, 0, 0, 0, 0, 0, 0, 0, 0, 0, 0, 0, 0, 0, 0, 0, 0, 0, 0, 0, 0, 0, 0, 0, 0, 0, 0, 0, 0, 0, 0, 0, 0, 0, 0, 0, 0, 0, 0, 0, 0, 0, 0, 0, 0, 0, 0, 0, 0, 0, 0, 0, 0, 0, 0, 0, 0, 0, 0, 0, 0, 0, 0, 0, 0, 0, 0, 0, 0, 0, 0, 0, 0, 0, 0, 0, 0, 0, 0, 0, 0, 0, 0, 0, 0, 0, 0, 0, 0, 0, 0, 0, 0, 0, 0, 0, 0, 0, 0, 0, 0, 0, 0, 0, 0, 0, 0, 0, 0, 0, 0, 0, 0, 0, 0, 0, 0, 0, 0, 0, 0, 0, 0, 0, 0, 0, 0, 0, 0, 0, 0, 0, 0, 0, 0, 0, 0, 0, 0, 0, 0, 0, 0, 0, 0, 0, 0, 0, 0, 0, 0, 0, 0, 0, 0, 0, 0, 0, 0, 0, 0, 0, 0, 0, 0, 0, 0, 0, 0, 0, 0, 0, 0, 0, 0, 0, 0, 0, 0, 0, 0, 0, 0, 0, 0, 0, 0, 0, 0, 0, 0, 0, 0, 0, 0, 0, 0, 0, 0, 0, 0, 0, 0, 0, 0, 0, 0, 0, 0, 0, 0, 0, 0, 0, 0, 0, 0, 0, 0, 0, 0, 0, 0, 0],"second_improvements_by_first_len":[57, 0, 0, 0, 235, 89, 29, 37, 38, 50, 23, 8, 14, 10, 1, 0, 32, 30, 6, 5, 3, 4, 9, 2, 19, 6, 18, 5, 11, 8, 2, 5, 0, 0, 0, 0, 0, 0, 0, 0, 0, 0, 0, 0, 0, 0, 0, 0, 0, 0, 0, 0, 0, 0, 0, 0, 0, 0, 0, 0, 0, 0, 0, 0, 0, 0, 0, 0, 0, 0, 0, 0, 0, 0, 0, 0, 0, 0, 0, 0, 0, 0, 0, 0, 0, 0, 0, 0, 0, 0, 0, 0, 0, 0, 0, 0, 0, 0, 0, 0, 0, 0, 0, 0, 0, 0, 0, 0, 0, 0, 0, 0, 0, 0, 0, 0, 0, 0, 0, 0, 0, 0, 0, 0, 0, 0, 0, 0, 0, 0, 0, 0, 0, 0, 0, 0, 0, 0, 0, 0, 0, 0, 0, 0, 0, 0, 0, 0, 0, 0, 0, 0, 0, 0, 0, 0, 0, 0, 0, 0, 0, 0, 0, 0, 0, 0, 0, 0, 0, 0, 0, 0, 0, 0, 0, 0, 0, 0, 0, 0, 0, 0, 0, 0, 0, 0, 0, 0, 0, 0, 0, 0, 0, 0, 0, 0, 0, 0, 0, 0, 0, 0, 0, 0, 0, 0, 0, 0, 0, 0, 0, 0, 0, 0, 0, 0, 0, 0, 0, 0, 0, 0, 0, 0, 0, 0, 0, 0, 0, 0, 0, 0, 0, 0, 0, 0, 0, 0, 0, 0, 0, 0, 0, 0, 0, 0, 0, 0, 0, 0, 0, 0, 0, 0, 0, 0, 0, 0, 0]}
experiment	Check bucket equivalence and second-probe attribution	2026-10-06T14:45:43.9062664Z EQUIVALENT source.c.txt bytes=1400000 tokens=235540 force=false
experiment	Check bucket equivalence and second-probe attribution	2026-10-06T14:45:43.9069072Z ATTRIBUTION {"file":"source.c.txt","class":1,"first_visits":243013,"second_visits_by_first_len":[20673, 0, 0, 0, 43659, 23147, 15862, 12547, 8692, 5991, 4433, 3399, 2601, 2226, 1754, 1353, 1197, 1007, 824, 789, 606, 583, 485, 451, 401, 390, 328, 255, 268, 224, 198, 177, 0, 0, 0, 0, 0, 0, 0, 0, 0, 0, 0, 0, 0, 0, 0, 0, 0, 0, 0, 0, 0, 0, 0, 0, 0, 0, 0, 0, 0, 0, 0, 0, 0, 0, 0, 0, 0, 0, 0, 0, 0, 0, 0, 0, 0, 0, 0, 0, 0, 0, 0, 0, 0, 0, 0, 0, 0, 0, 0, 0, 0, 0, 0, 0, 0, 0, 0, 0, 0, 0, 0, 0, 0, 0, 0, 0, 0, 0, 0, 0, 0, 0, 0, 0, 0, 0, 0, 0, 0, 0, 0, 0, 0, 0, 0, 0, 0, 0, 0, 0, 0, 0, 0, 0, 0, 0, 0, 0, 0, 0, 0, 0, 0, 0, 0, 0, 0, 0, 0, 0, 0, 0, 0, 0, 0, 0, 0, 0, 0, 0, 0, 0, 0, 0, 0, 0, 0, 0, 0, 0, 0, 0, 0, 0, 0, 0, 0, 0, 0, 0, 0, 0, 0, 0, 0, 0, 0, 0, 0, 0, 0, 0, 0, 0, 0, 0, 0, 0, 0, 0, 0, 0, 0, 0, 0, 0, 0, 0, 0, 0, 0, 0, 0, 0, 0, 0, 0, 0, 0, 0, 0, 0, 0, 0, 0, 0, 0, 0, 0, 0, 0, 0, 0, 0, 0, 0, 0, 0, 0, 0, 0, 0, 0, 0, 0, 0, 0, 0, 0, 0, 0, 0, 0, 0, 0, 0, 0],"second_improvements_by_first_len":[2738, 0, 0, 0, 7030, 3405, 2219, 1637, 1000, 653, 448, 287, 210, 229, 155, 87, 91, 84, 65, 39, 40, 37, 38, 25, 37, 31, 25, 11, 14, 16, 8, 17, 0, 0, 0, 0, 0, 0, 0, 0, 0, 0, 0, 0, 0, 0, 0, 0, 0, 0, 0, 0, 0, 0, 0, 0, 0, 0, 0, 0, 0, 0, 0, 0, 0, 0, 0, 0, 0, 0, 0, 0, 0, 0, 0, 0, 0, 0, 0, 0, 0, 0, 0, 0, 0, 0, 0, 0, 0, 0, 0, 0, 0, 0, 0, 0, 0, 0, 0, 0, 0, 0, 0, 0, 0, 0, 0, 0, 0, 0, 0, 0, 0, 0, 0, 0, 0, 0, 0, 0, 0, 0, 0, 0, 0, 0, 0, 0, 0, 0, 0, 0, 0, 0, 0, 0, 0, 0, 0, 0, 0, 0, 0, 0, 0, 0, 0, 0, 0, 0, 0, 0, 0, 0, 0, 0, 0, 0, 0, 0, 0, 0, 0, 0, 0, 0, 0, 0, 0, 0, 0, 0, 0, 0, 0, 0, 0, 0, 0, 0, 0, 0, 0, 0, 0, 0, 0, 0, 0, 0, 0, 0, 0, 0, 0, 0, 0, 0, 0, 0, 0, 0, 0, 0, 0, 0, 0, 0, 0, 0, 0, 0, 0, 0, 0, 0, 0, 0, 0, 0, 0, 0, 0, 0, 0, 0, 0, 0, 0, 0, 0, 0, 0, 0, 0, 0, 0, 0, 0, 0, 0, 0, 0, 0, 0, 0, 0, 0, 0, 0, 0, 0, 0, 0, 0, 0, 0, 0, 0]}
experiment	Check bucket equivalence and second-probe attribution	2026-10-06T14:45:43.9075733Z EQUIVALENT source.py.txt bytes=600000 tokens=88822 force=false
experiment	Check bucket equivalence and second-probe attribution	2026-10-06T14:45:43.9081833Z ATTRIBUTION {"file":"source.py.txt","class":1,"first_visits":91430,"second_visits_by_first_len":[7171, 0, 0, 0, 13794, 7225, 5513, 4541, 3078, 2413, 2204, 1629, 1065, 896, 1036, 800, 696, 626, 503, 357, 302, 311, 336, 203, 166, 176, 146, 167, 125, 118, 127, 125, 0, 0, 0, 0, 0, 0, 0, 0, 0, 0, 0, 0, 0, 0, 0, 0, 0, 0, 0, 0, 0, 0, 0, 0, 0, 0, 0, 0, 0, 0, 0, 0, 0, 0, 0, 0, 0, 0, 0, 0, 0, 0, 0, 0, 0, 0, 0, 0, 0, 0, 0, 0, 0, 0, 0, 0, 0, 0, 0, 0, 0, 0, 0, 0, 0, 0, 0, 0, 0, 0, 0, 0, 0, 0, 0, 0, 0, 0, 0, 0, 0, 0, 0, 0, 0, 0, 0, 0, 0, 0, 0, 0, 0, 0, 0, 0, 0, 0, 0, 0, 0, 0, 0, 0, 0, 0, 0, 0, 0, 0, 0, 0, 0, 0, 0, 0, 0, 0, 0, 0, 0, 0, 0, 0, 0, 0, 0, 0, 0, 0, 0, 0, 0, 0, 0, 0, 0, 0, 0, 0, 0, 0, 0, 0, 0, 0, 0, 0, 0, 0, 0, 0, 0, 0, 0, 0, 0, 0, 0, 0, 0, 0, 0, 0, 0, 0, 0, 0, 0, 0, 0, 0, 0, 0, 0, 0, 0, 0, 0, 0, 0, 0, 0, 0, 0, 0, 0, 0, 0, 0, 0, 0, 0, 0, 0, 0, 0, 0, 0, 0, 0, 0, 0, 0, 0, 0, 0, 0, 0, 0, 0, 0, 0, 0, 0, 0, 0, 0, 0, 0, 0, 0, 0, 0, 0, 0, 0],"second_improvements_by_first_len":[919, 0, 0, 0, 2053, 1094, 858, 677, 340, 262, 344, 179, 77, 76, 120, 73, 53, 41, 40, 25, 12, 29, 18, 14, 5, 6, 13, 14, 7, 10, 12, 5, 0, 0, 0, 0, 0, 0, 0, 0, 0, 0, 0, 0, 0, 0, 0, 0, 0, 0, 0, 0, 0, 0, 0, 0, 0, 0, 0, 0, 0, 0, 0, 0, 0, 0, 0, 0, 0, 0, 0, 0, 0, 0, 0, 0, 0, 0, 0, 0, 0, 0, 0, 0, 0, 0, 0, 0, 0, 0, 0, 0, 0, 0, 0, 0, 0, 0, 0, 0, 0, 0, 0, 0, 0, 0, 0, 0, 0, 0, 0, 0, 0, 0, 0, 0, 0, 0, 0, 0, 0, 0, 0, 0, 0, 0, 0, 0, 0, 0, 0, 0, 0, 0, 0, 0, 0, 0, 0, 0, 0, 0, 0, 0, 0, 0, 0, 0, 0, 0, 0, 0, 0, 0, 0, 0, 0, 0, 0, 0, 0, 0, 0, 0, 0, 0, 0, 0, 0, 0, 0, 0, 0, 0, 0, 0, 0, 0, 0, 0, 0, 0, 0, 0, 0, 0, 0, 0, 0, 0, 0, 0, 0, 0, 0, 0, 0, 0, 0, 0, 0, 0, 0, 0, 0, 0, 0, 0, 0, 0, 0, 0, 0, 0, 0, 0, 0, 0, 0, 0, 0, 0, 0, 0, 0, 0, 0, 0, 0, 0, 0, 0, 0, 0, 0, 0, 0, 0, 0, 0, 0, 0, 0, 0, 0, 0, 0, 0, 0, 0, 0, 0, 0, 0, 0, 0, 0, 0, 0]}
experiment	Check bucket equivalence and second-probe attribution	2026-10-06T14:45:43.9088532Z EQUIVALENT source.rs.txt bytes=700000 tokens=88267 force=false
experiment	Check bucket equivalence and second-probe attribution	2026-10-06T14:45:43.9094532Z ATTRIBUTION {"file":"source.rs.txt","class":1,"first_visits":92497,"second_visits_by_first_len":[6237, 0, 0, 0, 15584, 8148, 5857, 4368, 3263, 2218, 1931, 1549, 1199, 856, 847, 734, 595, 445, 511, 421, 324, 249, 255, 203, 165, 175, 143, 125, 128, 136, 115, 83, 0, 0, 0, 0, 0, 0, 0, 0, 0, 0, 0, 0, 0, 0, 0, 0, 0, 0, 0, 0, 0, 0, 0, 0, 0, 0, 0, 0, 0, 0, 0, 0, 0, 0, 0, 0, 0, 0, 0, 0, 0, 0, 0, 0, 0, 0, 0, 0, 0, 0, 0, 0, 0, 0, 0, 0, 0, 0, 0, 0, 0, 0, 0, 0, 0, 0, 0, 0, 0, 0, 0, 0, 0, 0, 0, 0, 0, 0, 0, 0, 0, 0, 0, 0, 0, 0, 0, 0, 0, 0, 0, 0, 0, 0, 0, 0, 0, 0, 0, 0, 0, 0, 0, 0, 0, 0, 0, 0, 0, 0, 0, 0, 0, 0, 0, 0, 0, 0, 0, 0, 0, 0, 0, 0, 0, 0, 0, 0, 0, 0, 0, 0, 0, 0, 0, 0, 0, 0, 0, 0, 0, 0, 0, 0, 0, 0, 0, 0, 0, 0, 0, 0, 0, 0, 0, 0, 0, 0, 0, 0, 0, 0, 0, 0, 0, 0, 0, 0, 0, 0, 0, 0, 0, 0, 0, 0, 0, 0, 0, 0, 0, 0, 0, 0, 0, 0, 0, 0, 0, 0, 0, 0, 0, 0, 0, 0, 0, 0, 0, 0, 0, 0, 0, 0, 0, 0, 0, 0, 0, 0, 0, 0, 0, 0, 0, 0, 0, 0, 0, 0, 0, 0, 0, 0, 0, 0, 0],"second_improvements_by_first_len":[893, 0, 0, 0, 2427, 1127, 961, 666, 468, 286, 259, 188, 106, 78, 89, 81, 52, 26, 33, 29, 20, 17, 17, 21, 9, 9, 7, 5, 9, 5, 9, 6, 0, 0, 0, 0, 0, 0, 0, 0, 0, 0, 0, 0, 0, 0, 0, 0, 0, 0, 0, 0, 0, 0, 0, 0, 0, 0, 0, 0, 0, 0, 0, 0, 0, 0, 0, 0, 0, 0, 0, 0, 0, 0, 0, 0, 0, 0, 0, 0, 0, 0, 0, 0, 0, 0, 0, 0, 0, 0, 0, 0, 0, 0, 0, 0, 0, 0, 0, 0, 0, 0, 0, 0, 0, 0, 0, 0, 0, 0, 0, 0, 0, 0, 0, 0, 0, 0, 0, 0, 0, 0, 0, 0, 0, 0, 0, 0, 0, 0, 0, 0, 0, 0, 0, 0, 0, 0, 0, 0, 0, 0, 0, 0, 0, 0, 0, 0, 0, 0, 0, 0, 0, 0, 0, 0, 0, 0, 0, 0, 0, 0, 0, 0, 0, 0, 0, 0, 0, 0, 0, 0, 0, 0, 0, 0, 0, 0, 0, 0, 0, 0, 0, 0, 0, 0, 0, 0, 0, 0, 0, 0, 0, 0, 0, 0, 0, 0, 0, 0, 0, 0, 0, 0, 0, 0, 0, 0, 0, 0, 0, 0, 0, 0, 0, 0, 0, 0, 0, 0, 0, 0, 0, 0, 0, 0, 0, 0, 0, 0, 0, 0, 0, 0, 0, 0, 0, 0, 0, 0, 0, 0, 0, 0, 0, 0, 0, 0, 0, 0, 0, 0, 0, 0, 0, 0, 0, 0, 0]}
experiment	Check bucket equivalence and second-probe attribution	2026-10-06T14:45:43.9101212Z EQUIVALENT sourcemap.map.txt bytes=350000 tokens=49204 force=false
experiment	Check bucket equivalence and second-probe attribution	2026-10-06T14:45:43.9106913Z ATTRIBUTION {"file":"sourcemap.map.txt","class":1,"first_visits":49239,"second_visits_by_first_len":[2789, 0, 0, 0, 5018, 4168, 3627, 2526, 2207, 2022, 981, 815, 737, 543, 431, 455, 546, 621, 280, 224, 353, 224, 249, 163, 142, 124, 111, 165, 93, 100, 78, 71, 0, 0, 0, 0, 0, 0, 0, 0, 0, 0, 0, 0, 0, 0, 0, 0, 0, 0, 0, 0, 0, 0, 0, 0, 0, 0, 0, 0, 0, 0, 0, 0, 0, 0, 0, 0, 0, 0, 0, 0, 0, 0, 0, 0, 0, 0, 0, 0, 0, 0, 0, 0, 0, 0, 0, 0, 0, 0, 0, 0, 0, 0, 0, 0, 0, 0, 0, 0, 0, 0, 0, 0, 0, 0, 0, 0, 0, 0, 0, 0, 0, 0, 0, 0, 0, 0, 0, 0, 0, 0, 0, 0, 0, 0, 0, 0, 0, 0, 0, 0, 0, 0, 0, 0, 0, 0, 0, 0, 0, 0, 0, 0, 0, 0, 0, 0, 0, 0, 0, 0, 0, 0, 0, 0, 0, 0, 0, 0, 0, 0, 0, 0, 0, 0, 0, 0, 0, 0, 0, 0, 0, 0, 0, 0, 0, 0, 0, 0, 0, 0, 0, 0, 0, 0, 0, 0, 0, 0, 0, 0, 0, 0, 0, 0, 0, 0, 0, 0, 0, 0, 0, 0, 0, 0, 0, 0, 0, 0, 0, 0, 0, 0, 0, 0, 0, 0, 0, 0, 0, 0, 0, 0, 0, 0, 0, 0, 0, 0, 0, 0, 0, 0, 0, 0, 0, 0, 0, 0, 0, 0, 0, 0, 0, 0, 0, 0, 0, 0, 0, 0, 0, 0, 0, 0, 0, 0, 0],"second_improvements_by_first_len":[253, 0, 0, 0, 1008, 802, 600, 466, 264, 278, 96, 111, 90, 81, 50, 62, 44, 62, 35, 23, 149, 42, 74, 44, 10, 4, 3, 0, 1, 6, 1, 2, 0, 0, 0, 0, 0, 0, 0, 0, 0, 0, 0, 0, 0, 0, 0, 0, 0, 0, 0, 0, 0, 0, 0, 0, 0, 0, 0, 0, 0, 0, 0, 0, 0, 0, 0, 0, 0, 0, 0, 0, 0, 0, 0, 0, 0, 0, 0, 0, 0, 0, 0, 0, 0, 0, 0, 0, 0, 0, 0, 0, 0, 0, 0, 0, 0, 0, 0, 0, 0, 0, 0, 0, 0, 0, 0, 0, 0, 0, 0, 0, 0, 0, 0, 0, 0, 0, 0, 0, 0, 0, 0, 0, 0, 0, 0, 0, 0, 0, 0, 0, 0, 0, 0, 0, 0, 0, 0, 0, 0, 0, 0, 0, 0, 0, 0, 0, 0, 0, 0, 0, 0, 0, 0, 0, 0, 0, 0, 0, 0, 0, 0, 0, 0, 0, 0, 0, 0, 0, 0, 0, 0, 0, 0, 0, 0, 0, 0, 0, 0, 0, 0, 0, 0, 0, 0, 0, 0, 0, 0, 0, 0, 0, 0, 0, 0, 0, 0, 0, 0, 0, 0, 0, 0, 0, 0, 0, 0, 0, 0, 0, 0, 0, 0, 0, 0, 0, 0, 0, 0, 0, 0, 0, 0, 0, 0, 0, 0, 0, 0, 0, 0, 0, 0, 0, 0, 0, 0, 0, 0, 0, 0, 0, 0, 0, 0, 0, 0, 0, 0, 0, 0, 0, 0, 0, 0, 0, 0]}
experiment	Check bucket equivalence and second-probe attribution	2026-10-06T14:45:43.9112939Z EQUIVALENT sparse.bin bytes=40000 tokens=1248 force=false
experiment	Check bucket equivalence and second-probe attribution	2026-10-06T14:45:43.9118690Z ATTRIBUTION {"file":"sparse.bin","class":3,"first_visits":0,"second_visits_by_first_len":[0, 0, 0, 0, 0, 0, 0, 0, 0, 0, 0, 0, 0, 0, 0, 0, 0, 0, 0, 0, 0, 0, 0, 0, 0, 0, 0, 0, 0, 0, 0, 0, 0, 0, 0, 0, 0, 0, 0, 0, 0, 0, 0, 0, 0, 0, 0, 0, 0, 0, 0, 0, 0, 0, 0, 0, 0, 0, 0, 0, 0, 0, 0, 0, 0, 0, 0, 0, 0, 0, 0, 0, 0, 0, 0, 0, 0, 0, 0, 0, 0, 0, 0, 0, 0, 0, 0, 0, 0, 0, 0, 0, 0, 0, 0, 0, 0, 0, 0, 0, 0, 0, 0, 0, 0, 0, 0, 0, 0, 0, 0, 0, 0, 0, 0, 0, 0, 0, 0, 0, 0, 0, 0, 0, 0, 0, 0, 0, 0, 0, 0, 0, 0, 0, 0, 0, 0, 0, 0, 0, 0, 0, 0, 0, 0, 0, 0, 0, 0, 0, 0, 0, 0, 0, 0, 0, 0, 0, 0, 0, 0, 0, 0, 0, 0, 0, 0, 0, 0, 0, 0, 0, 0, 0, 0, 0, 0, 0, 0, 0, 0, 0, 0, 0, 0, 0, 0, 0, 0, 0, 0, 0, 0, 0, 0, 0, 0, 0, 0, 0, 0, 0, 0, 0, 0, 0, 0, 0, 0, 0, 0, 0, 0, 0, 0, 0, 0, 0, 0, 0, 0, 0, 0, 0, 0, 0, 0, 0, 0, 0, 0, 0, 0, 0, 0, 0, 0, 0, 0, 0, 0, 0, 0, 0, 0, 0, 0, 0, 0, 0, 0, 0, 0, 0, 0, 0, 0, 0, 0],"second_improvements_by_first_len":[0, 0, 0, 0, 0, 0, 0, 0, 0, 0, 0, 0, 0, 0, 0, 0, 0, 0, 0, 0, 0, 0, 0, 0, 0, 0, 0, 0, 0, 0, 0, 0, 0, 0, 0, 0, 0, 0, 0, 0, 0, 0, 0, 0, 0, 0, 0, 0, 0, 0, 0, 0, 0, 0, 0, 0, 0, 0, 0, 0, 0, 0, 0, 0, 0, 0, 0, 0, 0, 0, 0, 0, 0, 0, 0, 0, 0, 0, 0, 0, 0, 0, 0, 0, 0, 0, 0, 0, 0, 0, 0, 0, 0, 0, 0, 0, 0, 0, 0, 0, 0, 0, 0, 0, 0, 0, 0, 0, 0, 0, 0, 0, 0, 0, 0, 0, 0, 0, 0, 0, 0, 0, 0, 0, 0, 0, 0, 0, 0, 0, 0, 0, 0, 0, 0, 0, 0, 0, 0, 0, 0, 0, 0, 0, 0, 0, 0, 0, 0, 0, 0, 0, 0, 0, 0, 0, 0, 0, 0, 0, 0, 0, 0, 0, 0, 0, 0, 0, 0, 0, 0, 0, 0, 0, 0, 0, 0, 0, 0, 0, 0, 0, 0, 0, 0, 0, 0, 0, 0, 0, 0, 0, 0, 0, 0, 0, 0, 0, 0, 0, 0, 0, 0, 0, 0, 0, 0, 0, 0, 0, 0, 0, 0, 0, 0, 0, 0, 0, 0, 0, 0, 0, 0, 0, 0, 0, 0, 0, 0, 0, 0, 0, 0, 0, 0, 0, 0, 0, 0, 0, 0, 0, 0, 0, 0, 0, 0, 0, 0, 0, 0, 0, 0, 0, 0, 0, 0, 0, 0]}
experiment	Check bucket equivalence and second-probe attribution	2026-10-06T14:45:43.9124346Z EQUIVALENT tiny-app.log bytes=28000 tokens=674 force=false
experiment	Check bucket equivalence and second-probe attribution	2026-10-06T14:45:43.9127418Z ATTRIBUTION {"file":"tiny-app.log","class":6,"first_visits":1023,"second_visits_by_first_len":[3, 0, 0, 0, 1, 11, 2, 17, 7, 7, 0, 2, 0, 0, 0, 0, 0, 0, 1, 1, 4, 2, 3, 2, 5, 2, 0, 0, 0, 0, 0, 0, 0, 0, 0, 0, 0, 0, 0, 0, 0, 0, 0, 0, 0, 0, 0, 0, 0, 0, 0, 0, 0, 0, 0, 0, 0, 0, 0, 0, 0, 0, 0, 0, 0, 0, 0, 0, 0, 0, 0, 0, 0, 0, 0, 0, 0, 0, 0, 0, 0, 0, 0, 0, 0, 0, 0, 0, 0, 0, 0, 0, 0, 0, 0, 0, 0, 0, 0, 0, 0, 0, 0, 0, 0, 0, 0, 0, 0, 0, 0, 0, 0, 0, 0, 0, 0, 0, 0, 0, 0, 0, 0, 0, 0, 0, 0, 0, 0, 0, 0, 0, 0, 0, 0, 0, 0, 0, 0, 0, 0, 0, 0, 0, 0, 0, 0, 0, 0, 0, 0, 0, 0, 0, 0, 0, 0, 0, 0, 0, 0, 0, 0, 0, 0, 0, 0, 0, 0, 0, 0, 0, 0, 0, 0, 0, 0, 0, 0, 0, 0, 0, 0, 0, 0, 0, 0, 0, 0, 0, 0, 0, 0, 0, 0, 0, 0, 0, 0, 0, 0, 0, 0, 0, 0, 0, 0, 0, 0, 0, 0, 0, 0, 0, 0, 0, 0, 0, 0, 0, 0, 0, 0, 0, 0, 0, 0, 0, 0, 0, 0, 0, 0, 0, 0, 0, 0, 0, 0, 0, 0, 0, 0, 0, 0, 0, 0, 0, 0, 0, 0, 0, 0, 0, 0, 0, 0, 0, 0],"second_improvements_by_first_len":[2, 0, 0, 0, 0, 5, 0, 12, 1, 1, 0, 1, 0, 0, 0, 0, 0, 0, 0, 0, 0, 0, 0, 0, 0, 0, 0, 0, 0, 0, 0, 0, 0, 0, 0, 0, 0, 0, 0, 0, 0, 0, 0, 0, 0, 0, 0, 0, 0, 0, 0, 0, 0, 0, 0, 0, 0, 0, 0, 0, 0, 0, 0, 0, 0, 0, 0, 0, 0, 0, 0, 0, 0, 0, 0, 0, 0, 0, 0, 0, 0, 0, 0, 0, 0, 0, 0, 0, 0, 0, 0, 0, 0, 0, 0, 0, 0, 0, 0, 0, 0, 0, 0, 0, 0, 0, 0, 0, 0, 0, 0, 0, 0, 0, 0, 0, 0, 0, 0, 0, 0, 0, 0, 0, 0, 0, 0, 0, 0, 0, 0, 0, 0, 0, 0, 0, 0, 0, 0, 0, 0, 0, 0, 0, 0, 0, 0, 0, 0, 0, 0, 0, 0, 0, 0, 0, 0, 0, 0, 0, 0, 0, 0, 0, 0, 0, 0, 0, 0, 0, 0, 0, 0, 0, 0, 0, 0, 0, 0, 0, 0, 0, 0, 0, 0, 0, 0, 0, 0, 0, 0, 0, 0, 0, 0, 0, 0, 0, 0, 0, 0, 0, 0, 0, 0, 0, 0, 0, 0, 0, 0, 0, 0, 0, 0, 0, 0, 0, 0, 0, 0, 0, 0, 0, 0, 0, 0, 0, 0, 0, 0, 0, 0, 0, 0, 0, 0, 0, 0, 0, 0, 0, 0, 0, 0, 0, 0, 0, 0, 0, 0, 0, 0, 0, 0, 0, 0, 0, 0]}
experiment	Check bucket equivalence and second-probe attribution	2026-10-06T14:45:43.9136899Z EQUIVALENT tiny-config.json.txt bytes=12000 tokens=2665 force=false
experiment	Check bucket equivalence and second-probe attribution	2026-10-06T14:45:43.9141859Z ATTRIBUTION {"file":"tiny-config.json.txt","class":1,"first_visits":0,"second_visits_by_first_len":[0, 0, 0, 0, 0, 0, 0, 0, 0, 0, 0, 0, 0, 0, 0, 0, 0, 0, 0, 0, 0, 0, 0, 0, 0, 0, 0, 0, 0, 0, 0, 0, 0, 0, 0, 0, 0, 0, 0, 0, 0, 0, 0, 0, 0, 0, 0, 0, 0, 0, 0, 0, 0, 0, 0, 0, 0, 0, 0, 0, 0, 0, 0, 0, 0, 0, 0, 0, 0, 0, 0, 0, 0, 0, 0, 0, 0, 0, 0, 0, 0, 0, 0, 0, 0, 0, 0, 0, 0, 0, 0, 0, 0, 0, 0, 0, 0, 0, 0, 0, 0, 0, 0, 0, 0, 0, 0, 0, 0, 0, 0, 0, 0, 0, 0, 0, 0, 0, 0, 0, 0, 0, 0, 0, 0, 0, 0, 0, 0, 0, 0, 0, 0, 0, 0, 0, 0, 0, 0, 0, 0, 0, 0, 0, 0, 0, 0, 0, 0, 0, 0, 0, 0, 0, 0, 0, 0, 0, 0, 0, 0, 0, 0, 0, 0, 0, 0, 0, 0, 0, 0, 0, 0, 0, 0, 0, 0, 0, 0, 0, 0, 0, 0, 0, 0, 0, 0, 0, 0, 0, 0, 0, 0, 0, 0, 0, 0, 0, 0, 0, 0, 0, 0, 0, 0, 0, 0, 0, 0, 0, 0, 0, 0, 0, 0, 0, 0, 0, 0, 0, 0, 0, 0, 0, 0, 0, 0, 0, 0, 0, 0, 0, 0, 0, 0, 0, 0, 0, 0, 0, 0, 0, 0, 0, 0, 0, 0, 0, 0, 0, 0, 0, 0, 0, 0, 0, 0, 0, 0],"second_improvements_by_first_len":[0, 0, 0, 0, 0, 0, 0, 0, 0, 0, 0, 0, 0, 0, 0, 0, 0, 0, 0, 0, 0, 0, 0, 0, 0, 0, 0, 0, 0, 0, 0, 0, 0, 0, 0, 0, 0, 0, 0, 0, 0, 0, 0, 0, 0, 0, 0, 0, 0, 0, 0, 0, 0, 0, 0, 0, 0, 0, 0, 0, 0, 0, 0, 0, 0, 0, 0, 0, 0, 0, 0, 0, 0, 0, 0, 0, 0, 0, 0, 0, 0, 0, 0, 0, 0, 0, 0, 0, 0, 0, 0, 0, 0, 0, 0, 0, 0, 0, 0, 0, 0, 0, 0, 0, 0, 0, 0, 0, 0, 0, 0, 0, 0, 0, 0, 0, 0, 0, 0, 0, 0, 0, 0, 0, 0, 0, 0, 0, 0, 0, 0, 0, 0, 0, 0, 0, 0, 0, 0, 0, 0, 0, 0, 0, 0, 0, 0, 0, 0, 0, 0, 0, 0, 0, 0, 0, 0, 0, 0, 0, 0, 0, 0, 0, 0, 0, 0, 0, 0, 0, 0, 0, 0, 0, 0, 0, 0, 0, 0, 0, 0, 0, 0, 0, 0, 0, 0, 0, 0, 0, 0, 0, 0, 0, 0, 0, 0, 0, 0, 0, 0, 0, 0, 0, 0, 0, 0, 0, 0, 0, 0, 0, 0, 0, 0, 0, 0, 0, 0, 0, 0, 0, 0, 0, 0, 0, 0, 0, 0, 0, 0, 0, 0, 0, 0, 0, 0, 0, 0, 0, 0, 0, 0, 0, 0, 0, 0, 0, 0, 0, 0, 0, 0, 0, 0, 0, 0, 0, 0]}
experiment	Check bucket equivalence and second-probe attribution	2026-10-06T14:45:43.9145383Z EQUIVALENT weights-bf16.bin bytes=450000 tokens=450000 force=false
experiment	Check bucket equivalence and second-probe attribution	2026-10-06T14:45:43.9148979Z ATTRIBUTION {"file":"weights-bf16.bin","class":2,"first_visits":2679,"second_visits_by_first_len":[15, 0, 0, 0, 0, 0, 0, 0, 0, 0, 0, 0, 0, 0, 0, 0, 0, 0, 0, 0, 0, 0, 0, 0, 0, 0, 0, 0, 0, 0, 0, 0, 0, 0, 0, 0, 0, 0, 0, 0, 0, 0, 0, 0, 0, 0, 0, 0, 0, 0, 0, 0, 0, 0, 0, 0, 0, 0, 0, 0, 0, 0, 0, 0, 0, 0, 0, 0, 0, 0, 0, 0, 0, 0, 0, 0, 0, 0, 0, 0, 0, 0, 0, 0, 0, 0, 0, 0, 0, 0, 0, 0, 0, 0, 0, 0, 0, 0, 0, 0, 0, 0, 0, 0, 0, 0, 0, 0, 0, 0, 0, 0, 0, 0, 0, 0, 0, 0, 0, 0, 0, 0, 0, 0, 0, 0, 0, 0, 0, 0, 0, 0, 0, 0, 0, 0, 0, 0, 0, 0, 0, 0, 0, 0, 0, 0, 0, 0, 0, 0, 0, 0, 0, 0, 0, 0, 0, 0, 0, 0, 0, 0, 0, 0, 0, 0, 0, 0, 0, 0, 0, 0, 0, 0, 0, 0, 0, 0, 0, 0, 0, 0, 0, 0, 0, 0, 0, 0, 0, 0, 0, 0, 0, 0, 0, 0, 0, 0, 0, 0, 0, 0, 0, 0, 0, 0, 0, 0, 0, 0, 0, 0, 0, 0, 0, 0, 0, 0, 0, 0, 0, 0, 0, 0, 0, 0, 0, 0, 0, 0, 0, 0, 0, 0, 0, 0, 0, 0, 0, 0, 0, 0, 0, 0, 0, 0, 0, 0, 0, 0, 0, 0, 0, 0, 0, 0, 0, 0, 0],"second_improvements_by_first_len":[0, 0, 0, 0, 0, 0, 0, 0, 0, 0, 0, 0, 0, 0, 0, 0, 0, 0, 0, 0, 0, 0, 0, 0, 0, 0, 0, 0, 0, 0, 0, 0, 0, 0, 0, 0, 0, 0, 0, 0, 0, 0, 0, 0, 0, 0, 0, 0, 0, 0, 0, 0, 0, 0, 0, 0, 0, 0, 0, 0, 0, 0, 0, 0, 0, 0, 0, 0, 0, 0, 0, 0, 0, 0, 0, 0, 0, 0, 0, 0, 0, 0, 0, 0, 0, 0, 0, 0, 0, 0, 0, 0, 0, 0, 0, 0, 0, 0, 0, 0, 0, 0, 0, 0, 0, 0, 0, 0, 0, 0, 0, 0, 0, 0, 0, 0, 0, 0, 0, 0, 0, 0, 0, 0, 0, 0, 0, 0, 0, 0, 0, 0, 0, 0, 0, 0, 0, 0, 0, 0, 0, 0, 0, 0, 0, 0, 0, 0, 0, 0, 0, 0, 0, 0, 0, 0, 0, 0, 0, 0, 0, 0, 0, 0, 0, 0, 0, 0, 0, 0, 0, 0, 0, 0, 0, 0, 0, 0, 0, 0, 0, 0, 0, 0, 0, 0, 0, 0, 0, 0, 0, 0, 0, 0, 0, 0, 0, 0, 0, 0, 0, 0, 0, 0, 0, 0, 0, 0, 0, 0, 0, 0, 0, 0, 0, 0, 0, 0, 0, 0, 0, 0, 0, 0, 0, 0, 0, 0, 0, 0, 0, 0, 0, 0, 0, 0, 0, 0, 0, 0, 0, 0, 0, 0, 0, 0, 0, 0, 0, 0, 0, 0, 0, 0, 0, 0, 0, 0, 0]}
experiment	Check bucket equivalence and second-probe attribution	2026-10-06T14:45:43.9154185Z EQUIVALENT weights-f16.bin bytes=250000 tokens=250000 force=false
experiment	Check bucket equivalence and second-probe attribution	2026-10-06T14:45:43.9157232Z ATTRIBUTION {"file":"weights-f16.bin","class":2,"first_visits":1995,"second_visits_by_first_len":[17, 0, 0, 0, 0, 0, 0, 0, 0, 0, 0, 0, 0, 0, 0, 0, 0, 0, 0, 0, 0, 0, 0, 0, 0, 0, 0, 0, 0, 0, 0, 0, 0, 0, 0, 0, 0, 0, 0, 0, 0, 0, 0, 0, 0, 0, 0, 0, 0, 0, 0, 0, 0, 0, 0, 0, 0, 0, 0, 0, 0, 0, 0, 0, 0, 0, 0, 0, 0, 0, 0, 0, 0, 0, 0, 0, 0, 0, 0, 0, 0, 0, 0, 0, 0, 0, 0, 0, 0, 0, 0, 0, 0, 0, 0, 0, 0, 0, 0, 0, 0, 0, 0, 0, 0, 0, 0, 0, 0, 0, 0, 0, 0, 0, 0, 0, 0, 0, 0, 0, 0, 0, 0, 0, 0, 0, 0, 0, 0, 0, 0, 0, 0, 0, 0, 0, 0, 0, 0, 0, 0, 0, 0, 0, 0, 0, 0, 0, 0, 0, 0, 0, 0, 0, 0, 0, 0, 0, 0, 0, 0, 0, 0, 0, 0, 0, 0, 0, 0, 0, 0, 0, 0, 0, 0, 0, 0, 0, 0, 0, 0, 0, 0, 0, 0, 0, 0, 0, 0, 0, 0, 0, 0, 0, 0, 0, 0, 0, 0, 0, 0, 0, 0, 0, 0, 0, 0, 0, 0, 0, 0, 0, 0, 0, 0, 0, 0, 0, 0, 0, 0, 0, 0, 0, 0, 0, 0, 0, 0, 0, 0, 0, 0, 0, 0, 0, 0, 0, 0, 0, 0, 0, 0, 0, 0, 0, 0, 0, 0, 0, 0, 0, 0, 0, 0, 0, 0, 0, 0],"second_improvements_by_first_len":[0, 0, 0, 0, 0, 0, 0, 0, 0, 0, 0, 0, 0, 0, 0, 0, 0, 0, 0, 0, 0, 0, 0, 0, 0, 0, 0, 0, 0, 0, 0, 0, 0, 0, 0, 0, 0, 0, 0, 0, 0, 0, 0, 0, 0, 0, 0, 0, 0, 0, 0, 0, 0, 0, 0, 0, 0, 0, 0, 0, 0, 0, 0, 0, 0, 0, 0, 0, 0, 0, 0, 0, 0, 0, 0, 0, 0, 0, 0, 0, 0, 0, 0, 0, 0, 0, 0, 0, 0, 0, 0, 0, 0, 0, 0, 0, 0, 0, 0, 0, 0, 0, 0, 0, 0, 0, 0, 0, 0, 0, 0, 0, 0, 0, 0, 0, 0, 0, 0, 0, 0, 0, 0, 0, 0, 0, 0, 0, 0, 0, 0, 0, 0, 0, 0, 0, 0, 0, 0, 0, 0, 0, 0, 0, 0, 0, 0, 0, 0, 0, 0, 0, 0, 0, 0, 0, 0, 0, 0, 0, 0, 0, 0, 0, 0, 0, 0, 0, 0, 0, 0, 0, 0, 0, 0, 0, 0, 0, 0, 0, 0, 0, 0, 0, 0, 0, 0, 0, 0, 0, 0, 0, 0, 0, 0, 0, 0, 0, 0, 0, 0, 0, 0, 0, 0, 0, 0, 0, 0, 0, 0, 0, 0, 0, 0, 0, 0, 0, 0, 0, 0, 0, 0, 0, 0, 0, 0, 0, 0, 0, 0, 0, 0, 0, 0, 0, 0, 0, 0, 0, 0, 0, 0, 0, 0, 0, 0, 0, 0, 0, 0, 0, 0, 0, 0, 0, 0, 0, 0]}
experiment	Check bucket equivalence and second-probe attribution	2026-10-06T14:45:43.9161026Z EQUIVALENT weights-f32.bin bytes=350000 tokens=294892 force=false
experiment	Check bucket equivalence and second-probe attribution	2026-10-06T14:45:43.9164209Z ATTRIBUTION {"file":"weights-f32.bin","class":4,"first_visits":89460,"second_visits_by_first_len":[0, 0, 0, 0, 0, 0, 0, 0, 0, 0, 0, 0, 0, 0, 0, 0, 0, 0, 0, 0, 0, 0, 0, 0, 0, 0, 0, 0, 0, 0, 0, 0, 0, 0, 0, 0, 0, 0, 0, 0, 0, 0, 0, 0, 0, 0, 0, 0, 0, 0, 0, 0, 0, 0, 0, 0, 0, 0, 0, 0, 0, 0, 0, 0, 0, 0, 0, 0, 0, 0, 0, 0, 0, 0, 0, 0, 0, 0, 0, 0, 0, 0, 0, 0, 0, 0, 0, 0, 0, 0, 0, 0, 0, 0, 0, 0, 0, 0, 0, 0, 0, 0, 0, 0, 0, 0, 0, 0, 0, 0, 0, 0, 0, 0, 0, 0, 0, 0, 0, 0, 0, 0, 0, 0, 0, 0, 0, 0, 0, 0, 0, 0, 0, 0, 0, 0, 0, 0, 0, 0, 0, 0, 0, 0, 0, 0, 0, 0, 0, 0, 0, 0, 0, 0, 0, 0, 0, 0, 0, 0, 0, 0, 0, 0, 0, 0, 0, 0, 0, 0, 0, 0, 0, 0, 0, 0, 0, 0, 0, 0, 0, 0, 0, 0, 0, 0, 0, 0, 0, 0, 0, 0, 0, 0, 0, 0, 0, 0, 0, 0, 0, 0, 0, 0, 0, 0, 0, 0, 0, 0, 0, 0, 0, 0, 0, 0, 0, 0, 0, 0, 0, 0, 0, 0, 0, 0, 0, 0, 0, 0, 0, 0, 0, 0, 0, 0, 0, 0, 0, 0, 0, 0, 0, 0, 0, 0, 0, 0, 0, 0, 0, 0, 0, 0, 0, 0, 0, 0, 0],"second_improvements_by_first_len":[0, 0, 0, 0, 0, 0, 0, 0, 0, 0, 0, 0, 0, 0, 0, 0, 0, 0, 0, 0, 0, 0, 0, 0, 0, 0, 0, 0, 0, 0, 0, 0, 0, 0, 0, 0, 0, 0, 0, 0, 0, 0, 0, 0, 0, 0, 0, 0, 0, 0, 0, 0, 0, 0, 0, 0, 0, 0, 0, 0, 0, 0, 0, 0, 0, 0, 0, 0, 0, 0, 0, 0, 0, 0, 0, 0, 0, 0, 0, 0, 0, 0, 0, 0, 0, 0, 0, 0, 0, 0, 0, 0, 0, 0, 0, 0, 0, 0, 0, 0, 0, 0, 0, 0, 0, 0, 0, 0, 0, 0, 0, 0, 0, 0, 0, 0, 0, 0, 0, 0, 0, 0, 0, 0, 0, 0, 0, 0, 0, 0, 0, 0, 0, 0, 0, 0, 0, 0, 0, 0, 0, 0, 0, 0, 0, 0, 0, 0, 0, 0, 0, 0, 0, 0, 0, 0, 0, 0, 0, 0, 0, 0, 0, 0, 0, 0, 0, 0, 0, 0, 0, 0, 0, 0, 0, 0, 0, 0, 0, 0, 0, 0, 0, 0, 0, 0, 0, 0, 0, 0, 0, 0, 0, 0, 0, 0, 0, 0, 0, 0, 0, 0, 0, 0, 0, 0, 0, 0, 0, 0, 0, 0, 0, 0, 0, 0, 0, 0, 0, 0, 0, 0, 0, 0, 0, 0, 0, 0, 0, 0, 0, 0, 0, 0, 0, 0, 0, 0, 0, 0, 0, 0, 0, 0, 0, 0, 0, 0, 0, 0, 0, 0, 0, 0, 0, 0, 0, 0, 0]}
experiment	Check bucket equivalence and second-probe attribution	2026-10-06T14:45:43.9167395Z EQUIVALENT weights-q8.bin bytes=250000 tokens=250000 force=false
experiment	Check bucket equivalence and second-probe attribution	2026-10-06T14:45:43.9170746Z ATTRIBUTION {"file":"weights-q8.bin","class":2,"first_visits":1995,"second_visits_by_first_len":[13, 0, 0, 0, 0, 0, 0, 0, 0, 0, 0, 0, 0, 0, 0, 0, 0, 0, 0, 0, 0, 0, 0, 0, 0, 0, 0, 0, 0, 0, 0, 0, 0, 0, 0, 0, 0, 0, 0, 0, 0, 0, 0, 0, 0, 0, 0, 0, 0, 0, 0, 0, 0, 0, 0, 0, 0, 0, 0, 0, 0, 0, 0, 0, 0, 0, 0, 0, 0, 0, 0, 0, 0, 0, 0, 0, 0, 0, 0, 0, 0, 0, 0, 0, 0, 0, 0, 0, 0, 0, 0, 0, 0, 0, 0, 0, 0, 0, 0, 0, 0, 0, 0, 0, 0, 0, 0, 0, 0, 0, 0, 0, 0, 0, 0, 0, 0, 0, 0, 0, 0, 0, 0, 0, 0, 0, 0, 0, 0, 0, 0, 0, 0, 0, 0, 0, 0, 0, 0, 0, 0, 0, 0, 0, 0, 0, 0, 0, 0, 0, 0, 0, 0, 0, 0, 0, 0, 0, 0, 0, 0, 0, 0, 0, 0, 0, 0, 0, 0, 0, 0, 0, 0, 0, 0, 0, 0, 0, 0, 0, 0, 0, 0, 0, 0, 0, 0, 0, 0, 0, 0, 0, 0, 0, 0, 0, 0, 0, 0, 0, 0, 0, 0, 0, 0, 0, 0, 0, 0, 0, 0, 0, 0, 0, 0, 0, 0, 0, 0, 0, 0, 0, 0, 0, 0, 0, 0, 0, 0, 0, 0, 0, 0, 0, 0, 0, 0, 0, 0, 0, 0, 0, 0, 0, 0, 0, 0, 0, 0, 0, 0, 0, 0, 0, 0, 0, 0, 0, 0],"second_improvements_by_first_len":[0, 0, 0, 0, 0, 0, 0, 0, 0, 0, 0, 0, 0, 0, 0, 0, 0, 0, 0, 0, 0, 0, 0, 0, 0, 0, 0, 0, 0, 0, 0, 0, 0, 0, 0, 0, 0, 0, 0, 0, 0, 0, 0, 0, 0, 0, 0, 0, 0, 0, 0, 0, 0, 0, 0, 0, 0, 0, 0, 0, 0, 0, 0, 0, 0, 0, 0, 0, 0, 0, 0, 0, 0, 0, 0, 0, 0, 0, 0, 0, 0, 0, 0, 0, 0, 0, 0, 0, 0, 0, 0, 0, 0, 0, 0, 0, 0, 0, 0, 0, 0, 0, 0, 0, 0, 0, 0, 0, 0, 0, 0, 0, 0, 0, 0, 0, 0, 0, 0, 0, 0, 0, 0, 0, 0, 0, 0, 0, 0, 0, 0, 0, 0, 0, 0, 0, 0, 0, 0, 0, 0, 0, 0, 0, 0, 0, 0, 0, 0, 0, 0, 0, 0, 0, 0, 0, 0, 0, 0, 0, 0, 0, 0, 0, 0, 0, 0, 0, 0, 0, 0, 0, 0, 0, 0, 0, 0, 0, 0, 0, 0, 0, 0, 0, 0, 0, 0, 0, 0, 0, 0, 0, 0, 0, 0, 0, 0, 0, 0, 0, 0, 0, 0, 0, 0, 0, 0, 0, 0, 0, 0, 0, 0, 0, 0, 0, 0, 0, 0, 0, 0, 0, 0, 0, 0, 0, 0, 0, 0, 0, 0, 0, 0, 0, 0, 0, 0, 0, 0, 0, 0, 0, 0, 0, 0, 0, 0, 0, 0, 0, 0, 0, 0, 0, 0, 0, 0, 0, 0]}
experiment	Check bucket equivalence and second-probe attribution	2026-10-06T14:45:43.9174055Z EQUIVALENT synthetic-0-0-1 bytes=0 tokens=0 force=false
experiment	Check bucket equivalence and second-probe attribution	2026-10-06T14:45:43.9174458Z EQUIVALENT synthetic-0-0-123456789 bytes=0 tokens=0 force=false
experiment	Check bucket equivalence and second-probe attribution	2026-10-06T14:45:43.9174869Z EQUIVALENT synthetic-0-0-587312 bytes=0 tokens=0 force=false
experiment	Check bucket equivalence and second-probe attribution	2026-10-06T14:45:43.9175239Z EQUIVALENT synthetic-0-1-1 bytes=0 tokens=0 force=false
experiment	Check bucket equivalence and second-probe attribution	2026-10-06T14:45:43.9175610Z EQUIVALENT synthetic-0-1-123456789 bytes=0 tokens=0 force=false
experiment	Check bucket equivalence and second-probe attribution	2026-10-06T14:45:43.9176001Z EQUIVALENT synthetic-0-1-587312 bytes=0 tokens=0 force=false
experiment	Check bucket equivalence and second-probe attribution	2026-10-06T14:45:43.9176487Z EQUIVALENT synthetic-0-2-1 bytes=0 tokens=0 force=false
experiment	Check bucket equivalence and second-probe attribution	2026-10-06T14:45:43.9176854Z EQUIVALENT synthetic-0-2-123456789 bytes=0 tokens=0 force=false
experiment	Check bucket equivalence and second-probe attribution	2026-10-06T14:45:43.9177245Z EQUIVALENT synthetic-0-2-587312 bytes=0 tokens=0 force=false
experiment	Check bucket equivalence and second-probe attribution	2026-10-06T14:45:43.9177609Z EQUIVALENT synthetic-0-3-1 bytes=0 tokens=0 force=false
experiment	Check bucket equivalence and second-probe attribution	2026-10-06T14:45:43.9177979Z EQUIVALENT synthetic-0-3-123456789 bytes=0 tokens=0 force=false
experiment	Check bucket equivalence and second-probe attribution	2026-10-06T14:45:43.9178716Z EQUIVALENT synthetic-0-3-587312 bytes=0 tokens=0 force=false
experiment	Check bucket equivalence and second-probe attribution	2026-10-06T14:45:43.9179099Z EQUIVALENT synthetic-0-4-1 bytes=0 tokens=0 force=false
experiment	Check bucket equivalence and second-probe attribution	2026-10-06T14:45:43.9179470Z EQUIVALENT synthetic-0-4-123456789 bytes=0 tokens=0 force=false
experiment	Check bucket equivalence and second-probe attribution	2026-10-06T14:45:43.9179857Z EQUIVALENT synthetic-0-4-587312 bytes=0 tokens=0 force=false
experiment	Check bucket equivalence and second-probe attribution	2026-10-06T14:45:43.9180216Z EQUIVALENT synthetic-0-5-1 bytes=0 tokens=0 force=false
experiment	Check bucket equivalence and second-probe attribution	2026-10-06T14:45:43.9180581Z EQUIVALENT synthetic-0-5-123456789 bytes=0 tokens=0 force=false
experiment	Check bucket equivalence and second-probe attribution	2026-10-06T14:45:43.9180964Z EQUIVALENT synthetic-0-5-587312 bytes=0 tokens=0 force=false
experiment	Check bucket equivalence and second-probe attribution	2026-10-06T14:45:43.9181335Z EQUIVALENT synthetic-1-0-1 bytes=1 tokens=1 force=false
experiment	Check bucket equivalence and second-probe attribution	2026-10-06T14:45:43.9181699Z EQUIVALENT synthetic-1-0-123456789 bytes=1 tokens=1 force=false
experiment	Check bucket equivalence and second-probe attribution	2026-10-06T14:45:43.9182100Z EQUIVALENT synthetic-1-0-587312 bytes=1 tokens=1 force=false
experiment	Check bucket equivalence and second-probe attribution	2026-10-06T14:45:43.9182474Z EQUIVALENT synthetic-1-1-1 bytes=1 tokens=1 force=false
experiment	Check bucket equivalence and second-probe attribution	2026-10-06T14:45:43.9182841Z EQUIVALENT synthetic-1-1-123456789 bytes=1 tokens=1 force=false
experiment	Check bucket equivalence and second-probe attribution	2026-10-06T14:45:43.9183230Z EQUIVALENT synthetic-1-1-587312 bytes=1 tokens=1 force=false
experiment	Check bucket equivalence and second-probe attribution	2026-10-06T14:45:43.9183590Z EQUIVALENT synthetic-1-2-1 bytes=1 tokens=1 force=false
experiment	Check bucket equivalence and second-probe attribution	2026-10-06T14:45:43.9183955Z EQUIVALENT synthetic-1-2-123456789 bytes=1 tokens=1 force=false
experiment	Check bucket equivalence and second-probe attribution	2026-10-06T14:45:43.9184339Z EQUIVALENT synthetic-1-2-587312 bytes=1 tokens=1 force=false
experiment	Check bucket equivalence and second-probe attribution	2026-10-06T14:45:43.9184698Z EQUIVALENT synthetic-1-3-1 bytes=1 tokens=1 force=false
experiment	Check bucket equivalence and second-probe attribution	2026-10-06T14:45:43.9185062Z EQUIVALENT synthetic-1-3-123456789 bytes=1 tokens=1 force=false
experiment	Check bucket equivalence and second-probe attribution	2026-10-06T14:45:43.9185455Z EQUIVALENT synthetic-1-3-587312 bytes=1 tokens=1 force=false
experiment	Check bucket equivalence and second-probe attribution	2026-10-06T14:45:43.9185812Z EQUIVALENT synthetic-1-4-1 bytes=1 tokens=1 force=false
experiment	Check bucket equivalence and second-probe attribution	2026-10-06T14:45:43.9186182Z EQUIVALENT synthetic-1-4-123456789 bytes=1 tokens=1 force=false
experiment	Check bucket equivalence and second-probe attribution	2026-10-06T14:45:43.9186568Z EQUIVALENT synthetic-1-4-587312 bytes=1 tokens=1 force=false
experiment	Check bucket equivalence and second-probe attribution	2026-10-06T14:45:43.9186928Z EQUIVALENT synthetic-1-5-1 bytes=1 tokens=1 force=false
experiment	Check bucket equivalence and second-probe attribution	2026-10-06T14:45:43.9187291Z EQUIVALENT synthetic-1-5-123456789 bytes=1 tokens=1 force=false
experiment	Check bucket equivalence and second-probe attribution	2026-10-06T14:45:43.9187675Z EQUIVALENT synthetic-1-5-587312 bytes=1 tokens=1 force=false
experiment	Check bucket equivalence and second-probe attribution	2026-10-06T14:45:43.9188034Z EQUIVALENT synthetic-3-0-1 bytes=3 tokens=3 force=false
experiment	Check bucket equivalence and second-probe attribution	2026-10-06T14:45:43.9188676Z EQUIVALENT synthetic-3-0-123456789 bytes=3 tokens=3 force=false
experiment	Check bucket equivalence and second-probe attribution	2026-10-06T14:45:43.9189076Z EQUIVALENT synthetic-3-0-587312 bytes=3 tokens=3 force=false
experiment	Check bucket equivalence and second-probe attribution	2026-10-06T14:45:43.9189443Z EQUIVALENT synthetic-3-1-1 bytes=3 tokens=3 force=false
experiment	Check bucket equivalence and second-probe attribution	2026-10-06T14:45:43.9189814Z EQUIVALENT synthetic-3-1-123456789 bytes=3 tokens=3 force=false
experiment	Check bucket equivalence and second-probe attribution	2026-10-06T14:45:43.9190199Z EQUIVALENT synthetic-3-1-587312 bytes=3 tokens=3 force=false
experiment	Check bucket equivalence and second-probe attribution	2026-10-06T14:45:43.9190558Z EQUIVALENT synthetic-3-2-1 bytes=3 tokens=3 force=false
experiment	Check bucket equivalence and second-probe attribution	2026-10-06T14:45:43.9191106Z EQUIVALENT synthetic-3-2-123456789 bytes=3 tokens=3 force=false
experiment	Check bucket equivalence and second-probe attribution	2026-10-06T14:45:43.9191492Z EQUIVALENT synthetic-3-2-587312 bytes=3 tokens=3 force=false
experiment	Check bucket equivalence and second-probe attribution	2026-10-06T14:45:43.9191851Z EQUIVALENT synthetic-3-3-1 bytes=3 tokens=3 force=false
experiment	Check bucket equivalence and second-probe attribution	2026-10-06T14:45:43.9192211Z EQUIVALENT synthetic-3-3-123456789 bytes=3 tokens=3 force=false
experiment	Check bucket equivalence and second-probe attribution	2026-10-06T14:45:43.9192599Z EQUIVALENT synthetic-3-3-587312 bytes=3 tokens=3 force=false
experiment	Check bucket equivalence and second-probe attribution	2026-10-06T14:45:43.9192955Z EQUIVALENT synthetic-3-4-1 bytes=3 tokens=3 force=false
experiment	Check bucket equivalence and second-probe attribution	2026-10-06T14:45:43.9193317Z EQUIVALENT synthetic-3-4-123456789 bytes=3 tokens=3 force=false
experiment	Check bucket equivalence and second-probe attribution	2026-10-06T14:45:43.9193702Z EQUIVALENT synthetic-3-4-587312 bytes=3 tokens=3 force=false
experiment	Check bucket equivalence and second-probe attribution	2026-10-06T14:45:43.9194067Z EQUIVALENT synthetic-3-5-1 bytes=3 tokens=3 force=false
experiment	Check bucket equivalence and second-probe attribution	2026-10-06T14:45:43.9194548Z EQUIVALENT synthetic-3-5-123456789 bytes=3 tokens=3 force=false
experiment	Check bucket equivalence and second-probe attribution	2026-10-06T14:45:43.9194935Z EQUIVALENT synthetic-3-5-587312 bytes=3 tokens=3 force=false
experiment	Check bucket equivalence and second-probe attribution	2026-10-06T14:45:43.9195321Z EQUIVALENT synthetic-4-0-1 bytes=4 tokens=4 force=false
experiment	Check bucket equivalence and second-probe attribution	2026-10-06T14:45:43.9195685Z EQUIVALENT synthetic-4-0-123456789 bytes=4 tokens=4 force=false
experiment	Check bucket equivalence and second-probe attribution	2026-10-06T14:45:43.9196083Z EQUIVALENT synthetic-4-0-587312 bytes=4 tokens=4 force=false
experiment	Check bucket equivalence and second-probe attribution	2026-10-06T14:45:43.9196442Z EQUIVALENT synthetic-4-1-1 bytes=4 tokens=4 force=false
experiment	Check bucket equivalence and second-probe attribution	2026-10-06T14:45:43.9196807Z EQUIVALENT synthetic-4-1-123456789 bytes=4 tokens=4 force=false
experiment	Check bucket equivalence and second-probe attribution	2026-10-06T14:45:43.9197195Z EQUIVALENT synthetic-4-1-587312 bytes=4 tokens=4 force=false
experiment	Check bucket equivalence and second-probe attribution	2026-10-06T14:45:43.9197556Z EQUIVALENT synthetic-4-2-1 bytes=4 tokens=4 force=false
experiment	Check bucket equivalence and second-probe attribution	2026-10-06T14:45:43.9197922Z EQUIVALENT synthetic-4-2-123456789 bytes=4 tokens=4 force=false
experiment	Check bucket equivalence and second-probe attribution	2026-10-06T14:45:43.9198558Z EQUIVALENT synthetic-4-2-587312 bytes=4 tokens=4 force=false
experiment	Check bucket equivalence and second-probe attribution	2026-10-06T14:45:43.9198949Z EQUIVALENT synthetic-4-3-1 bytes=4 tokens=4 force=false
experiment	Check bucket equivalence and second-probe attribution	2026-10-06T14:45:43.9199323Z EQUIVALENT synthetic-4-3-123456789 bytes=4 tokens=4 force=false
experiment	Check bucket equivalence and second-probe attribution	2026-10-06T14:45:43.9199722Z EQUIVALENT synthetic-4-3-587312 bytes=4 tokens=4 force=false
experiment	Check bucket equivalence and second-probe attribution	2026-10-06T14:45:43.9200085Z EQUIVALENT synthetic-4-4-1 bytes=4 tokens=4 force=false
experiment	Check bucket equivalence and second-probe attribution	2026-10-06T14:45:43.9200452Z EQUIVALENT synthetic-4-4-123456789 bytes=4 tokens=4 force=false
experiment	Check bucket equivalence and second-probe attribution	2026-10-06T14:45:43.9200840Z EQUIVALENT synthetic-4-4-587312 bytes=4 tokens=4 force=false
experiment	Check bucket equivalence and second-probe attribution	2026-10-06T14:45:43.9201197Z EQUIVALENT synthetic-4-5-1 bytes=4 tokens=4 force=false
experiment	Check bucket equivalence and second-probe attribution	2026-10-06T14:45:43.9201559Z EQUIVALENT synthetic-4-5-123456789 bytes=4 tokens=4 force=false
experiment	Check bucket equivalence and second-probe attribution	2026-10-06T14:45:43.9201954Z EQUIVALENT synthetic-4-5-587312 bytes=4 tokens=4 force=false
experiment	Check bucket equivalence and second-probe attribution	2026-10-06T14:45:43.9202321Z EQUIVALENT synthetic-8-0-1 bytes=8 tokens=8 force=false
experiment	Check bucket equivalence and second-probe attribution	2026-10-06T14:45:43.9202713Z EQUIVALENT synthetic-8-0-123456789 bytes=8 tokens=8 force=false
experiment	Check bucket equivalence and second-probe attribution	2026-10-06T14:45:43.9203162Z EQUIVALENT synthetic-8-0-587312 bytes=8 tokens=8 force=false
experiment	Check bucket equivalence and second-probe attribution	2026-10-06T14:45:43.9203530Z EQUIVALENT synthetic-8-1-1 bytes=8 tokens=8 force=false
experiment	Check bucket equivalence and second-probe attribution	2026-10-06T14:45:43.9203893Z EQUIVALENT synthetic-8-1-123456789 bytes=8 tokens=8 force=false
experiment	Check bucket equivalence and second-probe attribution	2026-10-06T14:45:43.9204286Z EQUIVALENT synthetic-8-1-587312 bytes=8 tokens=8 force=false
experiment	Check bucket equivalence and second-probe attribution	2026-10-06T14:45:43.9204650Z EQUIVALENT synthetic-8-2-1 bytes=8 tokens=8 force=false
experiment	Check bucket equivalence and second-probe attribution	2026-10-06T14:45:43.9205014Z EQUIVALENT synthetic-8-2-123456789 bytes=8 tokens=8 force=false
experiment	Check bucket equivalence and second-probe attribution	2026-10-06T14:45:43.9205399Z EQUIVALENT synthetic-8-2-587312 bytes=8 tokens=8 force=false
experiment	Check bucket equivalence and second-probe attribution	2026-10-06T14:45:43.9205751Z EQUIVALENT synthetic-8-3-1 bytes=8 tokens=8 force=false
experiment	Check bucket equivalence and second-probe attribution	2026-10-06T14:45:43.9206112Z EQUIVALENT synthetic-8-3-123456789 bytes=8 tokens=8 force=false
experiment	Check bucket equivalence and second-probe attribution	2026-10-06T14:45:43.9206497Z EQUIVALENT synthetic-8-3-587312 bytes=8 tokens=8 force=false
experiment	Check bucket equivalence and second-probe attribution	2026-10-06T14:45:43.9206856Z EQUIVALENT synthetic-8-4-1 bytes=8 tokens=8 force=false
experiment	Check bucket equivalence and second-probe attribution	2026-10-06T14:45:43.9207218Z EQUIVALENT synthetic-8-4-123456789 bytes=8 tokens=8 force=false
experiment	Check bucket equivalence and second-probe attribution	2026-10-06T14:45:43.9207606Z EQUIVALENT synthetic-8-4-587312 bytes=8 tokens=8 force=false
experiment	Check bucket equivalence and second-probe attribution	2026-10-06T14:45:43.9207972Z EQUIVALENT synthetic-8-5-1 bytes=8 tokens=8 force=false
experiment	Check bucket equivalence and second-probe attribution	2026-10-06T14:45:43.9208991Z EQUIVALENT synthetic-8-5-123456789 bytes=8 tokens=8 force=false
experiment	Check bucket equivalence and second-probe attribution	2026-10-06T14:45:43.9210009Z EQUIVALENT synthetic-8-5-587312 bytes=8 tokens=8 force=false
experiment	Check bucket equivalence and second-probe attribution	2026-10-06T14:45:43.9210657Z EQUIVALENT synthetic-16-0-1 bytes=16 tokens=16 force=false
experiment	Check bucket equivalence and second-probe attribution	2026-10-06T14:45:43.9211068Z EQUIVALENT synthetic-16-0-123456789 bytes=16 tokens=16 force=false
experiment	Check bucket equivalence and second-probe attribution	2026-10-06T14:45:43.9211503Z EQUIVALENT synthetic-16-0-587312 bytes=16 tokens=16 force=false
experiment	Check bucket equivalence and second-probe attribution	2026-10-06T14:45:43.9211896Z EQUIVALENT synthetic-16-1-1 bytes=16 tokens=16 force=false
experiment	Check bucket equivalence and second-probe attribution	2026-10-06T14:45:43.9212296Z EQUIVALENT synthetic-16-1-123456789 bytes=16 tokens=16 force=false
experiment	Check bucket equivalence and second-probe attribution	2026-10-06T14:45:43.9212705Z EQUIVALENT synthetic-16-1-587312 bytes=16 tokens=16 force=false
experiment	Check bucket equivalence and second-probe attribution	2026-10-06T14:45:43.9213098Z EQUIVALENT synthetic-16-2-1 bytes=16 tokens=16 force=false
experiment	Check bucket equivalence and second-probe attribution	2026-10-06T14:45:43.9213488Z EQUIVALENT synthetic-16-2-123456789 bytes=16 tokens=16 force=false
experiment	Check bucket equivalence and second-probe attribution	2026-10-06T14:45:43.9214058Z EQUIVALENT synthetic-16-2-587312 bytes=16 tokens=16 force=false
experiment	Check bucket equivalence and second-probe attribution	2026-10-06T14:45:43.9214440Z EQUIVALENT synthetic-16-3-1 bytes=16 tokens=16 force=false
experiment	Check bucket equivalence and second-probe attribution	2026-10-06T14:45:43.9214829Z EQUIVALENT synthetic-16-3-123456789 bytes=16 tokens=16 force=false
experiment	Check bucket equivalence and second-probe attribution	2026-10-06T14:45:43.9215230Z EQUIVALENT synthetic-16-3-587312 bytes=16 tokens=16 force=false
experiment	Check bucket equivalence and second-probe attribution	2026-10-06T14:45:43.9215611Z EQUIVALENT synthetic-16-4-1 bytes=16 tokens=16 force=false
experiment	Check bucket equivalence and second-probe attribution	2026-10-06T14:45:43.9215995Z EQUIVALENT synthetic-16-4-123456789 bytes=16 tokens=16 force=false
experiment	Check bucket equivalence and second-probe attribution	2026-10-06T14:45:43.9216399Z EQUIVALENT synthetic-16-4-587312 bytes=16 tokens=16 force=false
experiment	Check bucket equivalence and second-probe attribution	2026-10-06T14:45:43.9216778Z EQUIVALENT synthetic-16-5-1 bytes=16 tokens=16 force=false
experiment	Check bucket equivalence and second-probe attribution	2026-10-06T14:45:43.9217161Z EQUIVALENT synthetic-16-5-123456789 bytes=16 tokens=16 force=false
experiment	Check bucket equivalence and second-probe attribution	2026-10-06T14:45:43.9217560Z EQUIVALENT synthetic-16-5-587312 bytes=16 tokens=16 force=false
experiment	Check bucket equivalence and second-probe attribution	2026-10-06T14:45:43.9217938Z EQUIVALENT synthetic-17-0-1 bytes=17 tokens=17 force=false
experiment	Check bucket equivalence and second-probe attribution	2026-10-06T14:45:43.9218660Z EQUIVALENT synthetic-17-0-123456789 bytes=17 tokens=17 force=false
experiment	Check bucket equivalence and second-probe attribution	2026-10-06T14:45:43.9219084Z EQUIVALENT synthetic-17-0-587312 bytes=17 tokens=17 force=false
experiment	Check bucket equivalence and second-probe attribution	2026-10-06T14:45:43.9219474Z EQUIVALENT synthetic-17-1-1 bytes=17 tokens=17 force=false
experiment	Check bucket equivalence and second-probe attribution	2026-10-06T14:45:43.9219863Z EQUIVALENT synthetic-17-1-123456789 bytes=17 tokens=17 force=false
experiment	Check bucket equivalence and second-probe attribution	2026-10-06T14:45:43.9220279Z EQUIVALENT synthetic-17-1-587312 bytes=17 tokens=17 force=false
experiment	Check bucket equivalence and second-probe attribution	2026-10-06T14:45:43.9220663Z EQUIVALENT synthetic-17-2-1 bytes=17 tokens=17 force=false
experiment	Check bucket equivalence and second-probe attribution	2026-10-06T14:45:43.9221059Z EQUIVALENT synthetic-17-2-123456789 bytes=17 tokens=17 force=false
experiment	Check bucket equivalence and second-probe attribution	2026-10-06T14:45:43.9221471Z EQUIVALENT synthetic-17-2-587312 bytes=17 tokens=17 force=false
experiment	Check bucket equivalence and second-probe attribution	2026-10-06T14:45:43.9221852Z EQUIVALENT synthetic-17-3-1 bytes=17 tokens=17 force=false
experiment	Check bucket equivalence and second-probe attribution	2026-10-06T14:45:43.9222245Z EQUIVALENT synthetic-17-3-123456789 bytes=17 tokens=17 force=false
experiment	Check bucket equivalence and second-probe attribution	2026-10-06T14:45:43.9222651Z EQUIVALENT synthetic-17-3-587312 bytes=17 tokens=17 force=false
experiment	Check bucket equivalence and second-probe attribution	2026-10-06T14:45:43.9223034Z EQUIVALENT synthetic-17-4-1 bytes=17 tokens=17 force=false
experiment	Check bucket equivalence and second-probe attribution	2026-10-06T14:45:43.9223420Z EQUIVALENT synthetic-17-4-123456789 bytes=17 tokens=17 force=false
experiment	Check bucket equivalence and second-probe attribution	2026-10-06T14:45:43.9223832Z EQUIVALENT synthetic-17-4-587312 bytes=17 tokens=17 force=false
experiment	Check bucket equivalence and second-probe attribution	2026-10-06T14:45:43.9224209Z EQUIVALENT synthetic-17-5-1 bytes=17 tokens=17 force=false
experiment	Check bucket equivalence and second-probe attribution	2026-10-06T14:45:43.9224599Z EQUIVALENT synthetic-17-5-123456789 bytes=17 tokens=17 force=false
experiment	Check bucket equivalence and second-probe attribution	2026-10-06T14:45:43.9224998Z EQUIVALENT synthetic-17-5-587312 bytes=17 tokens=17 force=false
experiment	Check bucket equivalence and second-probe attribution	2026-10-06T14:45:43.9225426Z EQUIVALENT synthetic-257-0-1 bytes=257 tokens=257 force=false
experiment	Check bucket equivalence and second-probe attribution	2026-10-06T14:45:43.9225839Z EQUIVALENT synthetic-257-0-123456789 bytes=257 tokens=257 force=false
experiment	Check bucket equivalence and second-probe attribution	2026-10-06T14:45:43.9226268Z EQUIVALENT synthetic-257-0-587312 bytes=257 tokens=257 force=false
experiment	Check bucket equivalence and second-probe attribution	2026-10-06T14:45:43.9226666Z EQUIVALENT synthetic-257-1-1 bytes=257 tokens=74 force=false
experiment	Check bucket equivalence and second-probe attribution	2026-10-06T14:45:43.9227077Z EQUIVALENT synthetic-257-1-123456789 bytes=257 tokens=74 force=false
experiment	Check bucket equivalence and second-probe attribution	2026-10-06T14:45:43.9227503Z EQUIVALENT synthetic-257-1-587312 bytes=257 tokens=74 force=false
experiment	Check bucket equivalence and second-probe attribution	2026-10-06T14:45:43.9227898Z EQUIVALENT synthetic-257-2-1 bytes=257 tokens=76 force=false
experiment	Check bucket equivalence and second-probe attribution	2026-10-06T14:45:43.9228740Z EQUIVALENT synthetic-257-2-123456789 bytes=257 tokens=102 force=false
experiment	Check bucket equivalence and second-probe attribution	2026-10-06T14:45:43.9229178Z EQUIVALENT synthetic-257-2-587312 bytes=257 tokens=88 force=false
experiment	Check bucket equivalence and second-probe attribution	2026-10-06T14:45:43.9229577Z EQUIVALENT synthetic-257-3-1 bytes=257 tokens=257 force=false
experiment	Check bucket equivalence and second-probe attribution	2026-10-06T14:45:43.9229986Z EQUIVALENT synthetic-257-3-123456789 bytes=257 tokens=257 force=false
experiment	Check bucket equivalence and second-probe attribution	2026-10-06T14:45:43.9230409Z EQUIVALENT synthetic-257-3-587312 bytes=257 tokens=257 force=false
experiment	Check bucket equivalence and second-probe attribution	2026-10-06T14:45:43.9230808Z EQUIVALENT synthetic-257-4-1 bytes=257 tokens=257 force=false
experiment	Check bucket equivalence and second-probe attribution	2026-10-06T14:45:43.9231220Z EQUIVALENT synthetic-257-4-123456789 bytes=257 tokens=257 force=false
experiment	Check bucket equivalence and second-probe attribution	2026-10-06T14:45:43.9231638Z EQUIVALENT synthetic-257-4-587312 bytes=257 tokens=257 force=false
experiment	Check bucket equivalence and second-probe attribution	2026-10-06T14:45:43.9232172Z EQUIVALENT synthetic-257-5-1 bytes=257 tokens=253 force=false
experiment	Check bucket equivalence and second-probe attribution	2026-10-06T14:45:43.9232581Z EQUIVALENT synthetic-257-5-123456789 bytes=257 tokens=254 force=false
experiment	Check bucket equivalence and second-probe attribution	2026-10-06T14:45:43.9233003Z EQUIVALENT synthetic-257-5-587312 bytes=257 tokens=257 force=false
experiment	Check bucket equivalence and second-probe attribution	2026-10-06T14:45:43.9233406Z EQUIVALENT synthetic-258-0-1 bytes=258 tokens=258 force=false
experiment	Check bucket equivalence and second-probe attribution	2026-10-06T14:45:43.9233812Z EQUIVALENT synthetic-258-0-123456789 bytes=258 tokens=258 force=false
experiment	Check bucket equivalence and second-probe attribution	2026-10-06T14:45:43.9234236Z EQUIVALENT synthetic-258-0-587312 bytes=258 tokens=258 force=false
experiment	Check bucket equivalence and second-probe attribution	2026-10-06T14:45:43.9234638Z EQUIVALENT synthetic-258-1-1 bytes=258 tokens=74 force=false
experiment	Check bucket equivalence and second-probe attribution	2026-10-06T14:45:43.9235037Z EQUIVALENT synthetic-258-1-123456789 bytes=258 tokens=74 force=false
experiment	Check bucket equivalence and second-probe attribution	2026-10-06T14:45:43.9235457Z EQUIVALENT synthetic-258-1-587312 bytes=258 tokens=74 force=false
experiment	Check bucket equivalence and second-probe attribution	2026-10-06T14:45:43.9235849Z EQUIVALENT synthetic-258-2-1 bytes=258 tokens=76 force=false
experiment	Check bucket equivalence and second-probe attribution	2026-10-06T14:45:43.9236251Z EQUIVALENT synthetic-258-2-123456789 bytes=258 tokens=103 force=false
experiment	Check bucket equivalence and second-probe attribution	2026-10-06T14:45:43.9236676Z EQUIVALENT synthetic-258-2-587312 bytes=258 tokens=86 force=false
experiment	Check bucket equivalence and second-probe attribution	2026-10-06T14:45:43.9237070Z EQUIVALENT synthetic-258-3-1 bytes=258 tokens=258 force=false
experiment	Check bucket equivalence and second-probe attribution	2026-10-06T14:45:43.9237472Z EQUIVALENT synthetic-258-3-123456789 bytes=258 tokens=258 force=false
experiment	Check bucket equivalence and second-probe attribution	2026-10-06T14:45:43.9237897Z EQUIVALENT synthetic-258-3-587312 bytes=258 tokens=258 force=false
experiment	Check bucket equivalence and second-probe attribution	2026-10-06T14:45:43.9238555Z EQUIVALENT synthetic-258-4-1 bytes=258 tokens=258 force=false
experiment	Check bucket equivalence and second-probe attribution	2026-10-06T14:45:43.9238975Z EQUIVALENT synthetic-258-4-123456789 bytes=258 tokens=258 force=false
experiment	Check bucket equivalence and second-probe attribution	2026-10-06T14:45:43.9239397Z EQUIVALENT synthetic-258-4-587312 bytes=258 tokens=258 force=false
experiment	Check bucket equivalence and second-probe attribution	2026-10-06T14:45:43.9239792Z EQUIVALENT synthetic-258-5-1 bytes=258 tokens=254 force=false
experiment	Check bucket equivalence and second-probe attribution	2026-10-06T14:45:43.9240192Z EQUIVALENT synthetic-258-5-123456789 bytes=258 tokens=255 force=false
experiment	Check bucket equivalence and second-probe attribution	2026-10-06T14:45:43.9240615Z EQUIVALENT synthetic-258-5-587312 bytes=258 tokens=258 force=false
experiment	Check bucket equivalence and second-probe attribution	2026-10-06T14:45:43.9241028Z EQUIVALENT synthetic-259-0-1 bytes=259 tokens=259 force=false
experiment	Check bucket equivalence and second-probe attribution	2026-10-06T14:45:43.9241449Z EQUIVALENT synthetic-259-0-123456789 bytes=259 tokens=259 force=false
experiment	Check bucket equivalence and second-probe attribution	2026-10-06T14:45:43.9241882Z EQUIVALENT synthetic-259-0-587312 bytes=259 tokens=259 force=false
experiment	Check bucket equivalence and second-probe attribution	2026-10-06T14:45:43.9242287Z EQUIVALENT synthetic-259-1-1 bytes=259 tokens=74 force=false
experiment	Check bucket equivalence and second-probe attribution	2026-10-06T14:45:43.9242691Z EQUIVALENT synthetic-259-1-123456789 bytes=259 tokens=74 force=false
experiment	Check bucket equivalence and second-probe attribution	2026-10-06T14:45:43.9243115Z EQUIVALENT synthetic-259-1-587312 bytes=259 tokens=74 force=false
experiment	Check bucket equivalence and second-probe attribution	2026-10-06T14:45:43.9243511Z EQUIVALENT synthetic-259-2-1 bytes=259 tokens=76 force=false
experiment	Check bucket equivalence and second-probe attribution	2026-10-06T14:45:43.9243912Z EQUIVALENT synthetic-259-2-123456789 bytes=259 tokens=96 force=false
experiment	Check bucket equivalence and second-probe attribution	2026-10-06T14:45:43.9244339Z EQUIVALENT synthetic-259-2-587312 bytes=259 tokens=86 force=false
experiment	Check bucket equivalence and second-probe attribution	2026-10-06T14:45:43.9244731Z EQUIVALENT synthetic-259-3-1 bytes=259 tokens=259 force=false
experiment	Check bucket equivalence and second-probe attribution	2026-10-06T14:45:43.9245137Z EQUIVALENT synthetic-259-3-123456789 bytes=259 tokens=259 force=false
experiment	Check bucket equivalence and second-probe attribution	2026-10-06T14:45:43.9245567Z EQUIVALENT synthetic-259-3-587312 bytes=259 tokens=259 force=false
experiment	Check bucket equivalence and second-probe attribution	2026-10-06T14:45:43.9245968Z EQUIVALENT synthetic-259-4-1 bytes=259 tokens=259 force=false
experiment	Check bucket equivalence and second-probe attribution	2026-10-06T14:45:43.9246376Z EQUIVALENT synthetic-259-4-123456789 bytes=259 tokens=259 force=false
experiment	Check bucket equivalence and second-probe attribution	2026-10-06T14:45:43.9246942Z EQUIVALENT synthetic-259-4-587312 bytes=259 tokens=259 force=false
experiment	Check bucket equivalence and second-probe attribution	2026-10-06T14:45:43.9247340Z EQUIVALENT synthetic-259-5-1 bytes=259 tokens=255 force=false
experiment	Check bucket equivalence and second-probe attribution	2026-10-06T14:45:43.9247744Z EQUIVALENT synthetic-259-5-123456789 bytes=259 tokens=256 force=false
experiment	Check bucket equivalence and second-probe attribution	2026-10-06T14:45:43.9248448Z EQUIVALENT synthetic-259-5-587312 bytes=259 tokens=259 force=false
experiment	Check bucket equivalence and second-probe attribution	2026-10-06T14:45:43.9248976Z EQUIVALENT synthetic-16383-0-1 bytes=16383 tokens=16383 force=false
experiment	Check bucket equivalence and second-probe attribution	2026-10-06T14:45:43.9249449Z EQUIVALENT synthetic-16383-0-123456789 bytes=16383 tokens=16383 force=false
experiment	Check bucket equivalence and second-probe attribution	2026-10-06T14:45:43.9249949Z EQUIVALENT synthetic-16383-0-587312 bytes=16383 tokens=16383 force=false
experiment	Check bucket equivalence and second-probe attribution	2026-10-06T14:45:43.9250403Z EQUIVALENT synthetic-16383-1-1 bytes=16383 tokens=163 force=false
experiment	Check bucket equivalence and second-probe attribution	2026-10-06T14:45:43.9251000Z EQUIVALENT synthetic-16383-1-123456789 bytes=16383 tokens=163 force=false
experiment	Check bucket equivalence and second-probe attribution	2026-10-06T14:45:43.9251470Z EQUIVALENT synthetic-16383-1-587312 bytes=16383 tokens=163 force=false
experiment	Check bucket equivalence and second-probe attribution	2026-10-06T14:45:43.9251927Z EQUIVALENT synthetic-16383-2-1 bytes=16383 tokens=472 force=false
experiment	Check bucket equivalence and second-probe attribution	2026-10-06T14:45:43.9252362Z EQUIVALENT synthetic-16383-2-123456789 bytes=16383 tokens=515 force=false
experiment	Check bucket equivalence and second-probe attribution	2026-10-06T14:45:43.9252816Z EQUIVALENT synthetic-16383-2-587312 bytes=16383 tokens=592 force=false
experiment	Check bucket equivalence and second-probe attribution	2026-10-06T14:45:43.9253260Z EQUIVALENT synthetic-16383-3-1 bytes=16383 tokens=16383 force=false
experiment	Check bucket equivalence and second-probe attribution	2026-10-06T14:45:43.9253717Z EQUIVALENT synthetic-16383-3-123456789 bytes=16383 tokens=16375 force=false
experiment	Check bucket equivalence and second-probe attribution	2026-10-06T14:45:43.9254189Z EQUIVALENT synthetic-16383-3-587312 bytes=16383 tokens=16383 force=false
experiment	Check bucket equivalence and second-probe attribution	2026-10-06T14:45:43.9254634Z EQUIVALENT synthetic-16383-4-1 bytes=16383 tokens=4349 force=false
experiment	Check bucket equivalence and second-probe attribution	2026-10-06T14:45:43.9255079Z EQUIVALENT synthetic-16383-4-123456789 bytes=16383 tokens=4349 force=false
experiment	Check bucket equivalence and second-probe attribution	2026-10-06T14:45:43.9255545Z EQUIVALENT synthetic-16383-4-587312 bytes=16383 tokens=4349 force=false
experiment	Check bucket equivalence and second-probe attribution	2026-10-06T14:45:43.9255992Z EQUIVALENT synthetic-16383-5-1 bytes=16383 tokens=9609 force=false
experiment	Check bucket equivalence and second-probe attribution	2026-10-06T14:45:43.9256433Z EQUIVALENT synthetic-16383-5-123456789 bytes=16383 tokens=9857 force=false
experiment	Check bucket equivalence and second-probe attribution	2026-10-06T14:45:43.9256900Z EQUIVALENT synthetic-16383-5-587312 bytes=16383 tokens=9791 force=false
experiment	Check bucket equivalence and second-probe attribution	2026-10-06T14:45:43.9257343Z EQUIVALENT synthetic-16384-0-1 bytes=16384 tokens=16384 force=false
experiment	Check bucket equivalence and second-probe attribution	2026-10-06T14:45:43.9257794Z EQUIVALENT synthetic-16384-0-123456789 bytes=16384 tokens=16384 force=false
experiment	Check bucket equivalence and second-probe attribution	2026-10-06T14:45:43.9258508Z EQUIVALENT synthetic-16384-0-587312 bytes=16384 tokens=16384 force=false
experiment	Check bucket equivalence and second-probe attribution	2026-10-06T14:45:43.9258959Z EQUIVALENT synthetic-16384-1-1 bytes=16384 tokens=164 force=false
experiment	Check bucket equivalence and second-probe attribution	2026-10-06T14:45:43.9259398Z EQUIVALENT synthetic-16384-1-123456789 bytes=16384 tokens=164 force=false
experiment	Check bucket equivalence and second-probe attribution	2026-10-06T14:45:43.9259855Z EQUIVALENT synthetic-16384-1-587312 bytes=16384 tokens=164 force=false
experiment	Check bucket equivalence and second-probe attribution	2026-10-06T14:45:43.9260287Z EQUIVALENT synthetic-16384-2-1 bytes=16384 tokens=472 force=false
experiment	Check bucket equivalence and second-probe attribution	2026-10-06T14:45:43.9260726Z EQUIVALENT synthetic-16384-2-123456789 bytes=16384 tokens=515 force=false
experiment	Check bucket equivalence and second-probe attribution	2026-10-06T14:45:43.9261190Z EQUIVALENT synthetic-16384-2-587312 bytes=16384 tokens=593 force=false
experiment	Check bucket equivalence and second-probe attribution	2026-10-06T14:45:43.9261652Z EQUIVALENT synthetic-16384-3-1 bytes=16384 tokens=16384 force=false
experiment	Check bucket equivalence and second-probe attribution	2026-10-06T14:45:43.9262110Z EQUIVALENT synthetic-16384-3-123456789 bytes=16384 tokens=16376 force=false
experiment	Check bucket equivalence and second-probe attribution	2026-10-06T14:45:43.9262583Z EQUIVALENT synthetic-16384-3-587312 bytes=16384 tokens=16384 force=false
experiment	Check bucket equivalence and second-probe attribution	2026-10-06T14:45:43.9263029Z EQUIVALENT synthetic-16384-4-1 bytes=16384 tokens=4350 force=false
experiment	Check bucket equivalence and second-probe attribution	2026-10-06T14:45:43.9263479Z EQUIVALENT synthetic-16384-4-123456789 bytes=16384 tokens=4350 force=false
experiment	Check bucket equivalence and second-probe attribution	2026-10-06T14:45:43.9263946Z EQUIVALENT synthetic-16384-4-587312 bytes=16384 tokens=4350 force=false
experiment	Check bucket equivalence and second-probe attribution	2026-10-06T14:45:43.9264379Z EQUIVALENT synthetic-16384-5-1 bytes=16384 tokens=9610 force=false
experiment	Check bucket equivalence and second-probe attribution	2026-10-06T14:45:43.9264822Z EQUIVALENT synthetic-16384-5-123456789 bytes=16384 tokens=9858 force=false
experiment	Check bucket equivalence and second-probe attribution	2026-10-06T14:45:43.9265295Z EQUIVALENT synthetic-16384-5-587312 bytes=16384 tokens=9792 force=false
experiment	Check bucket equivalence and second-probe attribution	2026-10-06T14:45:43.9265730Z EQUIVALENT synthetic-16385-0-1 bytes=16385 tokens=16385 force=false
experiment	Check bucket equivalence and second-probe attribution	2026-10-06T14:45:43.9266313Z EQUIVALENT synthetic-16385-0-123456789 bytes=16385 tokens=16385 force=false
experiment	Check bucket equivalence and second-probe attribution	2026-10-06T14:45:43.9266779Z EQUIVALENT synthetic-16385-0-587312 bytes=16385 tokens=16385 force=false
experiment	Check bucket equivalence and second-probe attribution	2026-10-06T14:45:43.9267221Z EQUIVALENT synthetic-16385-1-1 bytes=16385 tokens=165 force=false
experiment	Check bucket equivalence and second-probe attribution	2026-10-06T14:45:43.9267655Z EQUIVALENT synthetic-16385-1-123456789 bytes=16385 tokens=165 force=false
experiment	Check bucket equivalence and second-probe attribution	2026-10-06T14:45:43.9268104Z EQUIVALENT synthetic-16385-1-587312 bytes=16385 tokens=165 force=false
experiment	Check bucket equivalence and second-probe attribution	2026-10-06T14:45:43.9268889Z EQUIVALENT synthetic-16385-2-1 bytes=16385 tokens=472 force=false
experiment	Check bucket equivalence and second-probe attribution	2026-10-06T14:45:43.9269341Z EQUIVALENT synthetic-16385-2-123456789 bytes=16385 tokens=515 force=false
experiment	Check bucket equivalence and second-probe attribution	2026-10-06T14:45:43.9269796Z EQUIVALENT synthetic-16385-2-587312 bytes=16385 tokens=594 force=false
experiment	Check bucket equivalence and second-probe attribution	2026-10-06T14:45:43.9270371Z EQUIVALENT synthetic-16385-3-1 bytes=16385 tokens=16385 force=false
experiment	Check bucket equivalence and second-probe attribution	2026-10-06T14:45:43.9270825Z EQUIVALENT synthetic-16385-3-123456789 bytes=16385 tokens=16377 force=false
experiment	Check bucket equivalence and second-probe attribution	2026-10-06T14:45:43.9271305Z EQUIVALENT synthetic-16385-3-587312 bytes=16385 tokens=16385 force=false
experiment	Check bucket equivalence and second-probe attribution	2026-10-06T14:45:43.9271748Z EQUIVALENT synthetic-16385-4-1 bytes=16385 tokens=4351 force=false
experiment	Check bucket equivalence and second-probe attribution	2026-10-06T14:45:43.9272184Z EQUIVALENT synthetic-16385-4-123456789 bytes=16385 tokens=4351 force=false
experiment	Check bucket equivalence and second-probe attribution	2026-10-06T14:45:43.9272642Z EQUIVALENT synthetic-16385-4-587312 bytes=16385 tokens=4351 force=false
experiment	Check bucket equivalence and second-probe attribution	2026-10-06T14:45:43.9273080Z EQUIVALENT synthetic-16385-5-1 bytes=16385 tokens=9611 force=false
experiment	Check bucket equivalence and second-probe attribution	2026-10-06T14:45:43.9273521Z EQUIVALENT synthetic-16385-5-123456789 bytes=16385 tokens=9859 force=false
experiment	Check bucket equivalence and second-probe attribution	2026-10-06T14:45:43.9273978Z EQUIVALENT synthetic-16385-5-587312 bytes=16385 tokens=9793 force=false
experiment	Check bucket equivalence and second-probe attribution	2026-10-06T14:45:43.9274416Z EQUIVALENT synthetic-32767-0-1 bytes=32767 tokens=32767 force=false
experiment	Check bucket equivalence and second-probe attribution	2026-10-06T14:45:43.9274867Z EQUIVALENT synthetic-32767-0-123456789 bytes=32767 tokens=32767 force=false
experiment	Check bucket equivalence and second-probe attribution	2026-10-06T14:45:43.9275327Z EQUIVALENT synthetic-32767-0-587312 bytes=32767 tokens=32767 force=false
experiment	Check bucket equivalence and second-probe attribution	2026-10-06T14:45:43.9275763Z EQUIVALENT synthetic-32767-1-1 bytes=32767 tokens=260 force=false
experiment	Check bucket equivalence and second-probe attribution	2026-10-06T14:45:43.9276195Z EQUIVALENT synthetic-32767-1-123456789 bytes=32767 tokens=260 force=false
experiment	Check bucket equivalence and second-probe attribution	2026-10-06T14:45:43.9276646Z EQUIVALENT synthetic-32767-1-587312 bytes=32767 tokens=260 force=false
experiment	Check bucket equivalence and second-probe attribution	2026-10-06T14:45:43.9277081Z EQUIVALENT synthetic-32767-2-1 bytes=32767 tokens=925 force=false
experiment	Check bucket equivalence and second-probe attribution	2026-10-06T14:45:43.9277517Z EQUIVALENT synthetic-32767-2-123456789 bytes=32767 tokens=969 force=false
experiment	Check bucket equivalence and second-probe attribution	2026-10-06T14:45:43.9277978Z EQUIVALENT synthetic-32767-2-587312 bytes=32767 tokens=1029 force=false
experiment	Check bucket equivalence and second-probe attribution	2026-10-06T14:45:43.9278687Z EQUIVALENT synthetic-32767-3-1 bytes=32767 tokens=32761 force=false
experiment	Check bucket equivalence and second-probe attribution	2026-10-06T14:45:43.9279147Z EQUIVALENT synthetic-32767-3-123456789 bytes=32767 tokens=32757 force=false
experiment	Check bucket equivalence and second-probe attribution	2026-10-06T14:45:43.9279614Z EQUIVALENT synthetic-32767-3-587312 bytes=32767 tokens=32761 force=false
experiment	Check bucket equivalence and second-probe attribution	2026-10-06T14:45:43.9280062Z EQUIVALENT synthetic-32767-4-1 bytes=32767 tokens=8541 force=false
experiment	Check bucket equivalence and second-probe attribution	2026-10-06T14:45:43.9280502Z EQUIVALENT synthetic-32767-4-123456789 bytes=32767 tokens=8544 force=false
experiment	Check bucket equivalence and second-probe attribution	2026-10-06T14:45:43.9280973Z EQUIVALENT synthetic-32767-4-587312 bytes=32767 tokens=8541 force=false
experiment	Check bucket equivalence and second-probe attribution	2026-10-06T14:45:43.9281406Z EQUIVALENT synthetic-32767-5-1 bytes=32767 tokens=15985 force=false
experiment	Check bucket equivalence and second-probe attribution	2026-10-06T14:45:43.9281853Z EQUIVALENT synthetic-32767-5-123456789 bytes=32767 tokens=16188 force=false
experiment	Check bucket equivalence and second-probe attribution	2026-10-06T14:45:43.9282320Z EQUIVALENT synthetic-32767-5-587312 bytes=32767 tokens=16181 force=false
experiment	Check bucket equivalence and second-probe attribution	2026-10-06T14:45:43.9282759Z EQUIVALENT synthetic-32768-0-1 bytes=32768 tokens=32768 force=false
experiment	Check bucket equivalence and second-probe attribution	2026-10-06T14:45:43.9283202Z EQUIVALENT synthetic-32768-0-123456789 bytes=32768 tokens=32768 force=false
experiment	Check bucket equivalence and second-probe attribution	2026-10-06T14:45:43.9283660Z EQUIVALENT synthetic-32768-0-587312 bytes=32768 tokens=32768 force=false
experiment	Check bucket equivalence and second-probe attribution	2026-10-06T14:45:43.9284089Z EQUIVALENT synthetic-32768-1-1 bytes=32768 tokens=217 force=false
experiment	Check bucket equivalence and second-probe attribution	2026-10-06T14:45:43.9284537Z EQUIVALENT synthetic-32768-1-123456789 bytes=32768 tokens=217 force=false
experiment	Check bucket equivalence and second-probe attribution	2026-10-06T14:45:43.9284991Z EQUIVALENT synthetic-32768-1-587312 bytes=32768 tokens=217 force=false
experiment	Check bucket equivalence and second-probe attribution	2026-10-06T14:45:43.9285547Z EQUIVALENT synthetic-32768-2-1 bytes=32768 tokens=925 force=false
experiment	Check bucket equivalence and second-probe attribution	2026-10-06T14:45:43.9285974Z EQUIVALENT synthetic-32768-2-123456789 bytes=32768 tokens=970 force=false
experiment	Check bucket equivalence and second-probe attribution	2026-10-06T14:45:43.9286421Z EQUIVALENT synthetic-32768-2-587312 bytes=32768 tokens=974 force=false
experiment	Check bucket equivalence and second-probe attribution	2026-10-06T14:45:43.9286850Z EQUIVALENT synthetic-32768-3-1 bytes=32768 tokens=32762 force=false
experiment	Check bucket equivalence and second-probe attribution	2026-10-06T14:45:43.9287291Z EQUIVALENT synthetic-32768-3-123456789 bytes=32768 tokens=32758 force=false
experiment	Check bucket equivalence and second-probe attribution	2026-10-06T14:45:43.9287749Z EQUIVALENT synthetic-32768-3-587312 bytes=32768 tokens=32762 force=false
experiment	Check bucket equivalence and second-probe attribution	2026-10-06T14:45:43.9288472Z EQUIVALENT synthetic-32768-4-1 bytes=32768 tokens=8542 force=false
experiment	Check bucket equivalence and second-probe attribution	2026-10-06T14:45:43.9288959Z EQUIVALENT synthetic-32768-4-123456789 bytes=32768 tokens=8545 force=false
experiment	Check bucket equivalence and second-probe attribution	2026-10-06T14:45:43.9289565Z EQUIVALENT synthetic-32768-4-587312 bytes=32768 tokens=8542 force=false
experiment	Check bucket equivalence and second-probe attribution	2026-10-06T14:45:43.9290005Z EQUIVALENT synthetic-32768-5-1 bytes=32768 tokens=15986 force=false
experiment	Check bucket equivalence and second-probe attribution	2026-10-06T14:45:43.9290460Z EQUIVALENT synthetic-32768-5-123456789 bytes=32768 tokens=16189 force=false
experiment	Check bucket equivalence and second-probe attribution	2026-10-06T14:45:43.9290923Z EQUIVALENT synthetic-32768-5-587312 bytes=32768 tokens=16182 force=false
experiment	Check bucket equivalence and second-probe attribution	2026-10-06T14:45:43.9291359Z EQUIVALENT synthetic-32769-0-1 bytes=32769 tokens=32769 force=false
experiment	Check bucket equivalence and second-probe attribution	2026-10-06T14:45:43.9291800Z EQUIVALENT synthetic-32769-0-123456789 bytes=32769 tokens=32769 force=false
experiment	Check bucket equivalence and second-probe attribution	2026-10-06T14:45:43.9292260Z EQUIVALENT synthetic-32769-0-587312 bytes=32769 tokens=32769 force=false
experiment	Check bucket equivalence and second-probe attribution	2026-10-06T14:45:43.9292693Z EQUIVALENT synthetic-32769-1-1 bytes=32769 tokens=217 force=false
experiment	Check bucket equivalence and second-probe attribution	2026-10-06T14:45:43.9293124Z EQUIVALENT synthetic-32769-1-123456789 bytes=32769 tokens=217 force=false
experiment	Check bucket equivalence and second-probe attribution	2026-10-06T14:45:43.9293573Z EQUIVALENT synthetic-32769-1-587312 bytes=32769 tokens=217 force=false
experiment	Check bucket equivalence and second-probe attribution	2026-10-06T14:45:43.9294002Z EQUIVALENT synthetic-32769-2-1 bytes=32769 tokens=925 force=false
experiment	Check bucket equivalence and second-probe attribution	2026-10-06T14:45:43.9294430Z EQUIVALENT synthetic-32769-2-123456789 bytes=32769 tokens=971 force=false
experiment	Check bucket equivalence and second-probe attribution	2026-10-06T14:45:43.9294880Z EQUIVALENT synthetic-32769-2-587312 bytes=32769 tokens=975 force=false
experiment	Check bucket equivalence and second-probe attribution	2026-10-06T14:45:43.9295305Z EQUIVALENT synthetic-32769-3-1 bytes=32769 tokens=32763 force=false
experiment	Check bucket equivalence and second-probe attribution	2026-10-06T14:45:43.9295746Z EQUIVALENT synthetic-32769-3-123456789 bytes=32769 tokens=32759 force=false
experiment	Check bucket equivalence and second-probe attribution	2026-10-06T14:45:43.9296212Z EQUIVALENT synthetic-32769-3-587312 bytes=32769 tokens=32763 force=false
experiment	Check bucket equivalence and second-probe attribution	2026-10-06T14:45:43.9296644Z EQUIVALENT synthetic-32769-4-1 bytes=32769 tokens=8543 force=false
experiment	Check bucket equivalence and second-probe attribution	2026-10-06T14:45:43.9297082Z EQUIVALENT synthetic-32769-4-123456789 bytes=32769 tokens=8543 force=false
experiment	Check bucket equivalence and second-probe attribution	2026-10-06T14:45:43.9297542Z EQUIVALENT synthetic-32769-4-587312 bytes=32769 tokens=8543 force=false
experiment	Check bucket equivalence and second-probe attribution	2026-10-06T14:45:43.9297976Z EQUIVALENT synthetic-32769-5-1 bytes=32769 tokens=15987 force=false
experiment	Check bucket equivalence and second-probe attribution	2026-10-06T14:45:43.9298553Z EQUIVALENT synthetic-32769-5-123456789 bytes=32769 tokens=16190 force=false
experiment	Check bucket equivalence and second-probe attribution	2026-10-06T14:45:43.9299013Z EQUIVALENT synthetic-32769-5-587312 bytes=32769 tokens=16183 force=false
experiment	Check bucket equivalence and second-probe attribution	2026-10-06T14:45:43.9299451Z EQUIVALENT synthetic-65535-0-1 bytes=65535 tokens=65535 force=false
experiment	Check bucket equivalence and second-probe attribution	2026-10-06T14:45:43.9299894Z EQUIVALENT synthetic-65535-0-123456789 bytes=65535 tokens=65535 force=false
experiment	Check bucket equivalence and second-probe attribution	2026-10-06T14:45:43.9300347Z EQUIVALENT synthetic-65535-0-587312 bytes=65535 tokens=65535 force=false
experiment	Check bucket equivalence and second-probe attribution	2026-10-06T14:45:43.9300779Z EQUIVALENT synthetic-65535-1-1 bytes=65535 tokens=344 force=false
experiment	Check bucket equivalence and second-probe attribution	2026-10-06T14:45:43.9301205Z EQUIVALENT synthetic-65535-1-123456789 bytes=65535 tokens=344 force=false
experiment	Check bucket equivalence and second-probe attribution	2026-10-06T14:45:43.9301654Z EQUIVALENT synthetic-65535-1-587312 bytes=65535 tokens=344 force=false
experiment	Check bucket equivalence and second-probe attribution	2026-10-06T14:45:43.9302083Z EQUIVALENT synthetic-65535-2-1 bytes=65535 tokens=1759 force=false
experiment	Check bucket equivalence and second-probe attribution	2026-10-06T14:45:43.9302516Z EQUIVALENT synthetic-65535-2-123456789 bytes=65535 tokens=1678 force=false
experiment	Check bucket equivalence and second-probe attribution	2026-10-06T14:45:43.9302972Z EQUIVALENT synthetic-65535-2-587312 bytes=65535 tokens=1856 force=false
experiment	Check bucket equivalence and second-probe attribution	2026-10-06T14:45:43.9303405Z EQUIVALENT synthetic-65535-3-1 bytes=65535 tokens=65527 force=false
experiment	Check bucket equivalence and second-probe attribution	2026-10-06T14:45:43.9303844Z EQUIVALENT synthetic-65535-3-123456789 bytes=65535 tokens=65519 force=false
experiment	Check bucket equivalence and second-probe attribution	2026-10-06T14:45:43.9304426Z EQUIVALENT synthetic-65535-3-587312 bytes=65535 tokens=65525 force=false
experiment	Check bucket equivalence and second-probe attribution	2026-10-06T14:45:43.9304864Z EQUIVALENT synthetic-65535-4-1 bytes=65535 tokens=16925 force=false
experiment	Check bucket equivalence and second-probe attribution	2026-10-06T14:45:43.9305301Z EQUIVALENT synthetic-65535-4-123456789 bytes=65535 tokens=16923 force=false
experiment	Check bucket equivalence and second-probe attribution	2026-10-06T14:45:43.9305762Z EQUIVALENT synthetic-65535-4-587312 bytes=65535 tokens=16925 force=false
experiment	Check bucket equivalence and second-probe attribution	2026-10-06T14:45:43.9306196Z EQUIVALENT synthetic-65535-5-1 bytes=65535 tokens=28570 force=false
experiment	Check bucket equivalence and second-probe attribution	2026-10-06T14:45:43.9306634Z EQUIVALENT synthetic-65535-5-123456789 bytes=65535 tokens=28761 force=false
experiment	Check bucket equivalence and second-probe attribution	2026-10-06T14:45:43.9307091Z EQUIVALENT synthetic-65535-5-587312 bytes=65535 tokens=28757 force=false
experiment	Check bucket equivalence and second-probe attribution	2026-10-06T14:45:43.9307526Z EQUIVALENT synthetic-65536-0-1 bytes=65536 tokens=65536 force=false
experiment	Check bucket equivalence and second-probe attribution	2026-10-06T14:45:43.9308079Z EQUIVALENT synthetic-65536-0-123456789 bytes=65536 tokens=65536 force=false
experiment	Check bucket equivalence and second-probe attribution	2026-10-06T14:45:43.9308653Z EQUIVALENT synthetic-65536-0-587312 bytes=65536 tokens=65536 force=false
experiment	Check bucket equivalence and second-probe attribution	2026-10-06T14:45:43.9309093Z EQUIVALENT synthetic-65536-1-1 bytes=65536 tokens=387 force=false
experiment	Check bucket equivalence and second-probe attribution	2026-10-06T14:45:43.9309524Z EQUIVALENT synthetic-65536-1-123456789 bytes=65536 tokens=387 force=false
experiment	Check bucket equivalence and second-probe attribution	2026-10-06T14:45:43.9309971Z EQUIVALENT synthetic-65536-1-587312 bytes=65536 tokens=387 force=false
experiment	Check bucket equivalence and second-probe attribution	2026-10-06T14:45:43.9310397Z EQUIVALENT synthetic-65536-2-1 bytes=65536 tokens=1860 force=false
experiment	Check bucket equivalence and second-probe attribution	2026-10-06T14:45:43.9310832Z EQUIVALENT synthetic-65536-2-123456789 bytes=65536 tokens=1775 force=false
experiment	Check bucket equivalence and second-probe attribution	2026-10-06T14:45:43.9311295Z EQUIVALENT synthetic-65536-2-587312 bytes=65536 tokens=1927 force=false
experiment	Check bucket equivalence and second-probe attribution	2026-10-06T14:45:43.9311721Z EQUIVALENT synthetic-65536-3-1 bytes=65536 tokens=65528 force=false
experiment	Check bucket equivalence and second-probe attribution	2026-10-06T14:45:43.9312164Z EQUIVALENT synthetic-65536-3-123456789 bytes=65536 tokens=65520 force=false
experiment	Check bucket equivalence and second-probe attribution	2026-10-06T14:45:43.9312637Z EQUIVALENT synthetic-65536-3-587312 bytes=65536 tokens=65526 force=false
experiment	Check bucket equivalence and second-probe attribution	2026-10-06T14:45:43.9313074Z EQUIVALENT synthetic-65536-4-1 bytes=65536 tokens=16926 force=false
experiment	Check bucket equivalence and second-probe attribution	2026-10-06T14:45:43.9313518Z EQUIVALENT synthetic-65536-4-123456789 bytes=65536 tokens=16924 force=false
experiment	Check bucket equivalence and second-probe attribution	2026-10-06T14:45:43.9313971Z EQUIVALENT synthetic-65536-4-587312 bytes=65536 tokens=16926 force=false
experiment	Check bucket equivalence and second-probe attribution	2026-10-06T14:45:43.9314401Z EQUIVALENT synthetic-65536-5-1 bytes=65536 tokens=28571 force=false
experiment	Check bucket equivalence and second-probe attribution	2026-10-06T14:45:43.9314856Z EQUIVALENT synthetic-65536-5-123456789 bytes=65536 tokens=28758 force=false
experiment	Check bucket equivalence and second-probe attribution	2026-10-06T14:45:43.9315311Z EQUIVALENT synthetic-65536-5-587312 bytes=65536 tokens=28758 force=false
experiment	Check bucket equivalence and second-probe attribution	2026-10-06T14:45:43.9315748Z EQUIVALENT synthetic-65537-0-1 bytes=65537 tokens=65107 force=false
experiment	Check bucket equivalence and second-probe attribution	2026-10-06T14:45:43.9364595Z EQUIVALENT forced-65537-0-1 bytes=65537 tokens=65107 force=true
experiment	Check bucket equivalence and second-probe attribution	2026-10-06T14:45:43.9365386Z EQUIVALENT synthetic-65537-0-123456789 bytes=65537 tokens=65107 force=false
experiment	Check bucket equivalence and second-probe attribution	2026-10-06T14:45:43.9366181Z EQUIVALENT forced-65537-0-123456789 bytes=65537 tokens=65107 force=true
experiment	Check bucket equivalence and second-probe attribution	2026-10-06T14:45:43.9366914Z EQUIVALENT synthetic-65537-0-587312 bytes=65537 tokens=65107 force=false
experiment	Check bucket equivalence and second-probe attribution	2026-10-06T14:45:43.9367667Z EQUIVALENT forced-65537-0-587312 bytes=65537 tokens=65107 force=true
experiment	Check bucket equivalence and second-probe attribution	2026-10-06T14:45:43.9368644Z EQUIVALENT synthetic-65537-1-1 bytes=65537 tokens=343 force=false
experiment	Check bucket equivalence and second-probe attribution	2026-10-06T14:45:43.9369316Z EQUIVALENT forced-65537-1-1 bytes=65537 tokens=343 force=true
experiment	Check bucket equivalence and second-probe attribution	2026-10-06T14:45:43.9370000Z EQUIVALENT synthetic-65537-1-123456789 bytes=65537 tokens=343 force=false
experiment	Check bucket equivalence and second-probe attribution	2026-10-06T14:45:43.9370719Z EQUIVALENT forced-65537-1-123456789 bytes=65537 tokens=343 force=true
experiment	Check bucket equivalence and second-probe attribution	2026-10-06T14:45:43.9371434Z EQUIVALENT synthetic-65537-1-587312 bytes=65537 tokens=343 force=false
experiment	Check bucket equivalence and second-probe attribution	2026-10-06T14:45:43.9372125Z EQUIVALENT forced-65537-1-587312 bytes=65537 tokens=343 force=true
experiment	Check bucket equivalence and second-probe attribution	2026-10-06T14:45:43.9372803Z EQUIVALENT synthetic-65537-2-1 bytes=65537 tokens=1754 force=false
experiment	Check bucket equivalence and second-probe attribution	2026-10-06T14:45:43.9373451Z EQUIVALENT forced-65537-2-1 bytes=65537 tokens=1773 force=true
experiment	Check bucket equivalence and second-probe attribution	2026-10-06T14:45:43.9374147Z EQUIVALENT synthetic-65537-2-123456789 bytes=65537 tokens=1714 force=false
experiment	Check bucket equivalence and second-probe attribution	2026-10-06T14:45:43.9374874Z EQUIVALENT forced-65537-2-123456789 bytes=65537 tokens=1714 force=true
experiment	Check bucket equivalence and second-probe attribution	2026-10-06T14:45:43.9375857Z EQUIVALENT synthetic-65537-2-587312 bytes=65537 tokens=1848 force=false
experiment	Check bucket equivalence and second-probe attribution	2026-10-06T14:45:43.9376346Z EQUIVALENT forced-65537-2-587312 bytes=65537 tokens=1845 force=true
experiment	Check bucket equivalence and second-probe attribution	2026-10-06T14:45:43.9376773Z EQUIVALENT synthetic-65537-3-1 bytes=65537 tokens=18997 force=false
experiment	Check bucket equivalence and second-probe attribution	2026-10-06T14:45:43.9377186Z EQUIVALENT forced-65537-3-1 bytes=65537 tokens=21516 force=true
experiment	Check bucket equivalence and second-probe attribution	2026-10-06T14:45:43.9377626Z EQUIVALENT synthetic-65537-3-123456789 bytes=65537 tokens=18982 force=false
experiment	Check bucket equivalence and second-probe attribution	2026-10-06T14:45:43.9378102Z EQUIVALENT forced-65537-3-123456789 bytes=65537 tokens=21304 force=true
experiment	Check bucket equivalence and second-probe attribution	2026-10-06T14:45:43.9378857Z EQUIVALENT synthetic-65537-3-587312 bytes=65537 tokens=18925 force=false
experiment	Check bucket equivalence and second-probe attribution	2026-10-06T14:45:43.9379309Z EQUIVALENT forced-65537-3-587312 bytes=65537 tokens=21427 force=true
experiment	Check bucket equivalence and second-probe attribution	2026-10-06T14:45:43.9379931Z EQUIVALENT synthetic-65537-4-1 bytes=65537 tokens=16927 force=false
experiment	Check bucket equivalence and second-probe attribution	2026-10-06T14:45:43.9380341Z EQUIVALENT forced-65537-4-1 bytes=65537 tokens=16927 force=true
experiment	Check bucket equivalence and second-probe attribution	2026-10-06T14:45:43.9380778Z EQUIVALENT synthetic-65537-4-123456789 bytes=65537 tokens=16925 force=false
experiment	Check bucket equivalence and second-probe attribution	2026-10-06T14:45:43.9381245Z EQUIVALENT forced-65537-4-123456789 bytes=65537 tokens=16925 force=true
experiment	Check bucket equivalence and second-probe attribution	2026-10-06T14:45:43.9381686Z EQUIVALENT synthetic-65537-4-587312 bytes=65537 tokens=16927 force=false
experiment	Check bucket equivalence and second-probe attribution	2026-10-06T14:45:43.9382125Z EQUIVALENT forced-65537-4-587312 bytes=65537 tokens=16927 force=true
experiment	Check bucket equivalence and second-probe attribution	2026-10-06T14:45:43.9382539Z EQUIVALENT synthetic-65537-5-1 bytes=65537 tokens=24619 force=false
experiment	Check bucket equivalence and second-probe attribution	2026-10-06T14:45:43.9382940Z EQUIVALENT forced-65537-5-1 bytes=65537 tokens=24619 force=true
experiment	Check bucket equivalence and second-probe attribution	2026-10-06T14:45:43.9383372Z EQUIVALENT synthetic-65537-5-123456789 bytes=65537 tokens=24869 force=false
experiment	Check bucket equivalence and second-probe attribution	2026-10-06T14:45:43.9383826Z EQUIVALENT forced-65537-5-123456789 bytes=65537 tokens=24869 force=true
experiment	Check bucket equivalence and second-probe attribution	2026-10-06T14:45:43.9384264Z EQUIVALENT synthetic-65537-5-587312 bytes=65537 tokens=24851 force=false
experiment	Check bucket equivalence and second-probe attribution	2026-10-06T14:45:43.9384697Z EQUIVALENT forced-65537-5-587312 bytes=65537 tokens=24851 force=true
experiment	Check bucket equivalence and second-probe attribution	2026-10-06T14:45:43.9385114Z EQUIVALENT synthetic-98305-0-1 bytes=98305 tokens=97875 force=false
experiment	Check bucket equivalence and second-probe attribution	2026-10-06T14:45:43.9385519Z EQUIVALENT forced-98305-0-1 bytes=98305 tokens=97875 force=true
experiment	Check bucket equivalence and second-probe attribution	2026-10-06T14:45:43.9385937Z EQUIVALENT synthetic-98305-0-123456789 bytes=98305 tokens=97875 force=false
experiment	Check bucket equivalence and second-probe attribution	2026-10-06T14:45:43.9386382Z EQUIVALENT forced-98305-0-123456789 bytes=98305 tokens=97875 force=true
experiment	Check bucket equivalence and second-probe attribution	2026-10-06T14:45:43.9386815Z EQUIVALENT synthetic-98305-0-587312 bytes=98305 tokens=97875 force=false
experiment	Check bucket equivalence and second-probe attribution	2026-10-06T14:45:43.9387242Z EQUIVALENT forced-98305-0-587312 bytes=98305 tokens=97875 force=true
experiment	Check bucket equivalence and second-probe attribution	2026-10-06T14:45:43.9387652Z EQUIVALENT synthetic-98305-1-1 bytes=98305 tokens=471 force=false
experiment	Check bucket equivalence and second-probe attribution	2026-10-06T14:45:43.9388049Z EQUIVALENT forced-98305-1-1 bytes=98305 tokens=470 force=true
experiment	Check bucket equivalence and second-probe attribution	2026-10-06T14:45:43.9388841Z EQUIVALENT synthetic-98305-1-123456789 bytes=98305 tokens=471 force=false
experiment	Check bucket equivalence and second-probe attribution	2026-10-06T14:45:43.9389298Z EQUIVALENT forced-98305-1-123456789 bytes=98305 tokens=470 force=true
experiment	Check bucket equivalence and second-probe attribution	2026-10-06T14:45:43.9389729Z EQUIVALENT synthetic-98305-1-587312 bytes=98305 tokens=471 force=false
experiment	Check bucket equivalence and second-probe attribution	2026-10-06T14:45:43.9390155Z EQUIVALENT forced-98305-1-587312 bytes=98305 tokens=470 force=true
experiment	Check bucket equivalence and second-probe attribution	2026-10-06T14:45:43.9390563Z EQUIVALENT synthetic-98305-2-1 bytes=98305 tokens=2512 force=false
experiment	Check bucket equivalence and second-probe attribution	2026-10-06T14:45:43.9390960Z EQUIVALENT forced-98305-2-1 bytes=98305 tokens=2546 force=true
experiment	Check bucket equivalence and second-probe attribution	2026-10-06T14:45:43.9391379Z EQUIVALENT synthetic-98305-2-123456789 bytes=98305 tokens=2526 force=false
experiment	Check bucket equivalence and second-probe attribution	2026-10-06T14:45:43.9391825Z EQUIVALENT forced-98305-2-123456789 bytes=98305 tokens=2597 force=true
experiment	Check bucket equivalence and second-probe attribution	2026-10-06T14:45:43.9392255Z EQUIVALENT synthetic-98305-2-587312 bytes=98305 tokens=2674 force=false
experiment	Check bucket equivalence and second-probe attribution	2026-10-06T14:45:43.9392676Z EQUIVALENT forced-98305-2-587312 bytes=98305 tokens=2690 force=true
experiment	Check bucket equivalence and second-probe attribution	2026-10-06T14:45:43.9393089Z EQUIVALENT synthetic-98305-3-1 bytes=98305 tokens=28352 force=false
experiment	Check bucket equivalence and second-probe attribution	2026-10-06T14:45:43.9393492Z EQUIVALENT forced-98305-3-1 bytes=98305 tokens=31258 force=true
experiment	Check bucket equivalence and second-probe attribution	2026-10-06T14:45:43.9393922Z EQUIVALENT synthetic-98305-3-123456789 bytes=98305 tokens=28338 force=false
experiment	Check bucket equivalence and second-probe attribution	2026-10-06T14:45:43.9394525Z EQUIVALENT forced-98305-3-123456789 bytes=98305 tokens=31135 force=true
experiment	Check bucket equivalence and second-probe attribution	2026-10-06T14:45:43.9394974Z EQUIVALENT synthetic-98305-3-587312 bytes=98305 tokens=28285 force=false
experiment	Check bucket equivalence and second-probe attribution	2026-10-06T14:45:43.9395400Z EQUIVALENT forced-98305-3-587312 bytes=98305 tokens=31245 force=true
experiment	Check bucket equivalence and second-probe attribution	2026-10-06T14:45:43.9395812Z EQUIVALENT synthetic-98305-4-1 bytes=98305 tokens=25311 force=false
experiment	Check bucket equivalence and second-probe attribution	2026-10-06T14:45:43.9396207Z EQUIVALENT forced-98305-4-1 bytes=98305 tokens=25311 force=true
experiment	Check bucket equivalence and second-probe attribution	2026-10-06T14:45:43.9396629Z EQUIVALENT synthetic-98305-4-123456789 bytes=98305 tokens=25309 force=false
experiment	Check bucket equivalence and second-probe attribution	2026-10-06T14:45:43.9397072Z EQUIVALENT forced-98305-4-123456789 bytes=98305 tokens=25309 force=true
experiment	Check bucket equivalence and second-probe attribution	2026-10-06T14:45:43.9397501Z EQUIVALENT synthetic-98305-4-587312 bytes=98305 tokens=25311 force=false
experiment	Check bucket equivalence and second-probe attribution	2026-10-06T14:45:43.9398035Z EQUIVALENT forced-98305-4-587312 bytes=98305 tokens=25311 force=true
experiment	Check bucket equivalence and second-probe attribution	2026-10-06T14:45:43.9398746Z EQUIVALENT synthetic-98305-5-1 bytes=98305 tokens=34870 force=false
experiment	Check bucket equivalence and second-probe attribution	2026-10-06T14:45:43.9399167Z EQUIVALENT forced-98305-5-1 bytes=98305 tokens=34870 force=true
experiment	Check bucket equivalence and second-probe attribution	2026-10-06T14:45:43.9399593Z EQUIVALENT synthetic-98305-5-123456789 bytes=98305 tokens=35030 force=false
experiment	Check bucket equivalence and second-probe attribution	2026-10-06T14:45:43.9400041Z EQUIVALENT forced-98305-5-123456789 bytes=98305 tokens=35030 force=true
experiment	Check bucket equivalence and second-probe attribution	2026-10-06T14:45:43.9400478Z EQUIVALENT synthetic-98305-5-587312 bytes=98305 tokens=35076 force=false
experiment	Check bucket equivalence and second-probe attribution	2026-10-06T14:45:43.9400907Z EQUIVALENT forced-98305-5-587312 bytes=98305 tokens=35076 force=true
experiment	Check bucket equivalence and second-probe attribution	2026-10-06T14:45:43.9401329Z EQUIVALENT synthetic-131073-0-1 bytes=131073 tokens=130643 force=false
experiment	Check bucket equivalence and second-probe attribution	2026-10-06T14:45:43.9401743Z EQUIVALENT forced-131073-0-1 bytes=131073 tokens=130643 force=true
experiment	Check bucket equivalence and second-probe attribution	2026-10-06T14:45:43.9402188Z EQUIVALENT synthetic-131073-0-123456789 bytes=131073 tokens=130643 force=false
experiment	Check bucket equivalence and second-probe attribution	2026-10-06T14:45:43.9402668Z EQUIVALENT forced-131073-0-123456789 bytes=131073 tokens=130643 force=true
experiment	Check bucket equivalence and second-probe attribution	2026-10-06T14:45:43.9403125Z EQUIVALENT synthetic-131073-0-587312 bytes=131073 tokens=130643 force=false
experiment	Check bucket equivalence and second-probe attribution	2026-10-06T14:45:43.9403573Z EQUIVALENT forced-131073-0-587312 bytes=131073 tokens=130643 force=true
experiment	Check bucket equivalence and second-probe attribution	2026-10-06T14:45:43.9403998Z EQUIVALENT synthetic-131073-1-1 bytes=131073 tokens=598 force=false
experiment	Check bucket equivalence and second-probe attribution	2026-10-06T14:45:43.9404399Z EQUIVALENT forced-131073-1-1 bytes=131073 tokens=597 force=true
experiment	Check bucket equivalence and second-probe attribution	2026-10-06T14:45:43.9404825Z EQUIVALENT synthetic-131073-1-123456789 bytes=131073 tokens=598 force=false
experiment	Check bucket equivalence and second-probe attribution	2026-10-06T14:45:43.9405283Z EQUIVALENT forced-131073-1-123456789 bytes=131073 tokens=597 force=true
experiment	Check bucket equivalence and second-probe attribution	2026-10-06T14:45:43.9405723Z EQUIVALENT synthetic-131073-1-587312 bytes=131073 tokens=598 force=false
experiment	Check bucket equivalence and second-probe attribution	2026-10-06T14:45:43.9406156Z EQUIVALENT forced-131073-1-587312 bytes=131073 tokens=597 force=true
experiment	Check bucket equivalence and second-probe attribution	2026-10-06T14:45:43.9406577Z EQUIVALENT synthetic-131073-2-1 bytes=131073 tokens=3313 force=false
experiment	Check bucket equivalence and second-probe attribution	2026-10-06T14:45:43.9406991Z EQUIVALENT forced-131073-2-1 bytes=131073 tokens=3344 force=true
experiment	Check bucket equivalence and second-probe attribution	2026-10-06T14:45:43.9407437Z EQUIVALENT synthetic-131073-2-123456789 bytes=131073 tokens=3337 force=false
experiment	Check bucket equivalence and second-probe attribution	2026-10-06T14:45:43.9407917Z EQUIVALENT forced-131073-2-123456789 bytes=131073 tokens=3426 force=true
experiment	Check bucket equivalence and second-probe attribution	2026-10-06T14:45:43.9408765Z EQUIVALENT synthetic-131073-2-587312 bytes=131073 tokens=3532 force=false
experiment	Check bucket equivalence and second-probe attribution	2026-10-06T14:45:43.9409240Z EQUIVALENT forced-131073-2-587312 bytes=131073 tokens=3583 force=true
experiment	Check bucket equivalence and second-probe attribution	2026-10-06T14:45:43.9409678Z EQUIVALENT synthetic-131073-3-1 bytes=131073 tokens=37686 force=false
experiment	Check bucket equivalence and second-probe attribution	2026-10-06T14:45:43.9410101Z EQUIVALENT forced-131073-3-1 bytes=131073 tokens=41082 force=true
experiment	Check bucket equivalence and second-probe attribution	2026-10-06T14:45:43.9410571Z EQUIVALENT synthetic-131073-3-123456789 bytes=131073 tokens=37655 force=false
experiment	Check bucket equivalence and second-probe attribution	2026-10-06T14:45:43.9411064Z EQUIVALENT forced-131073-3-123456789 bytes=131073 tokens=40934 force=true
experiment	Check bucket equivalence and second-probe attribution	2026-10-06T14:45:43.9411545Z EQUIVALENT synthetic-131073-3-587312 bytes=131073 tokens=37625 force=false
experiment	Check bucket equivalence and second-probe attribution	2026-10-06T14:45:43.9412005Z EQUIVALENT forced-131073-3-587312 bytes=131073 tokens=41095 force=true
experiment	Check bucket equivalence and second-probe attribution	2026-10-06T14:45:43.9412446Z EQUIVALENT synthetic-131073-4-1 bytes=131073 tokens=33695 force=false
experiment	Check bucket equivalence and second-probe attribution	2026-10-06T14:45:43.9412866Z EQUIVALENT forced-131073-4-1 bytes=131073 tokens=33695 force=true
experiment	Check bucket equivalence and second-probe attribution	2026-10-06T14:45:43.9413472Z EQUIVALENT synthetic-131073-4-123456789 bytes=131073 tokens=33693 force=false
experiment	Check bucket equivalence and second-probe attribution	2026-10-06T14:45:43.9413943Z EQUIVALENT forced-131073-4-123456789 bytes=131073 tokens=33693 force=true
experiment	Check bucket equivalence and second-probe attribution	2026-10-06T14:45:43.9414397Z EQUIVALENT synthetic-131073-4-587312 bytes=131073 tokens=33695 force=false
experiment	Check bucket equivalence and second-probe attribution	2026-10-06T14:45:43.9414845Z EQUIVALENT forced-131073-4-587312 bytes=131073 tokens=33695 force=true
experiment	Check bucket equivalence and second-probe attribution	2026-10-06T14:45:43.9415272Z EQUIVALENT synthetic-131073-5-1 bytes=131073 tokens=45120 force=false
experiment	Check bucket equivalence and second-probe attribution	2026-10-06T14:45:43.9415685Z EQUIVALENT forced-131073-5-1 bytes=131073 tokens=45120 force=true
experiment	Check bucket equivalence and second-probe attribution	2026-10-06T14:45:43.9416126Z EQUIVALENT synthetic-131073-5-123456789 bytes=131073 tokens=45219 force=false
experiment	Check bucket equivalence and second-probe attribution	2026-10-06T14:45:43.9416588Z EQUIVALENT forced-131073-5-123456789 bytes=131073 tokens=45219 force=true
experiment	Check bucket equivalence and second-probe attribution	2026-10-06T14:45:43.9417154Z EQUIVALENT synthetic-131073-5-587312 bytes=131073 tokens=45277 force=false
experiment	Check bucket equivalence and second-probe attribution	2026-10-06T14:45:43.9417595Z EQUIVALENT forced-131073-5-587312 bytes=131073 tokens=45277 force=true
experiment	Check bucket equivalence and second-probe attribution	2026-10-06T14:45:43.9418026Z EQUIVALENT synthetic-262145-0-1 bytes=262145 tokens=261715 force=false
experiment	Check bucket equivalence and second-probe attribution	2026-10-06T14:45:43.9418606Z EQUIVALENT forced-262145-0-1 bytes=262145 tokens=261715 force=true
experiment	Check bucket equivalence and second-probe attribution	2026-10-06T14:45:43.9419056Z EQUIVALENT synthetic-262145-0-123456789 bytes=262145 tokens=261715 force=false
experiment	Check bucket equivalence and second-probe attribution	2026-10-06T14:45:43.9419527Z EQUIVALENT forced-262145-0-123456789 bytes=262145 tokens=261715 force=true
experiment	Check bucket equivalence and second-probe attribution	2026-10-06T14:45:43.9419994Z EQUIVALENT synthetic-262145-0-587312 bytes=262145 tokens=261715 force=false
experiment	Check bucket equivalence and second-probe attribution	2026-10-06T14:45:43.9420452Z EQUIVALENT forced-262145-0-587312 bytes=262145 tokens=261715 force=true
experiment	Check bucket equivalence and second-probe attribution	2026-10-06T14:45:43.9420889Z EQUIVALENT synthetic-262145-1-1 bytes=262145 tokens=1105 force=false
experiment	Check bucket equivalence and second-probe attribution	2026-10-06T14:45:43.9421303Z EQUIVALENT forced-262145-1-1 bytes=262145 tokens=1105 force=true
experiment	Check bucket equivalence and second-probe attribution	2026-10-06T14:45:43.9421743Z EQUIVALENT synthetic-262145-1-123456789 bytes=262145 tokens=1105 force=false
experiment	Check bucket equivalence and second-probe attribution	2026-10-06T14:45:43.9422205Z EQUIVALENT forced-262145-1-123456789 bytes=262145 tokens=1105 force=true
experiment	Check bucket equivalence and second-probe attribution	2026-10-06T14:45:43.9422677Z EQUIVALENT synthetic-262145-1-587312 bytes=262145 tokens=1105 force=false
experiment	Check bucket equivalence and second-probe attribution	2026-10-06T14:45:43.9423118Z EQUIVALENT forced-262145-1-587312 bytes=262145 tokens=1105 force=true
experiment	Check bucket equivalence and second-probe attribution	2026-10-06T14:45:43.9423549Z EQUIVALENT synthetic-262145-2-1 bytes=262145 tokens=6515 force=false
experiment	Check bucket equivalence and second-probe attribution	2026-10-06T14:45:43.9423964Z EQUIVALENT forced-262145-2-1 bytes=262145 tokens=6646 force=true
experiment	Check bucket equivalence and second-probe attribution	2026-10-06T14:45:43.9424411Z EQUIVALENT synthetic-262145-2-123456789 bytes=262145 tokens=6869 force=false
experiment	Check bucket equivalence and second-probe attribution	2026-10-06T14:45:43.9424878Z EQUIVALENT forced-262145-2-123456789 bytes=262145 tokens=6869 force=true
experiment	Check bucket equivalence and second-probe attribution	2026-10-06T14:45:43.9425362Z EQUIVALENT synthetic-262145-2-587312 bytes=262145 tokens=6844 force=false
experiment	Check bucket equivalence and second-probe attribution	2026-10-06T14:45:43.9425804Z EQUIVALENT forced-262145-2-587312 bytes=262145 tokens=6844 force=true
experiment	Check bucket equivalence and second-probe attribution	2026-10-06T14:45:43.9426229Z EQUIVALENT synthetic-262145-3-1 bytes=262145 tokens=75123 force=false
experiment	Check bucket equivalence and second-probe attribution	2026-10-06T14:45:43.9426646Z EQUIVALENT forced-262145-3-1 bytes=262145 tokens=80384 force=true
experiment	Check bucket equivalence and second-probe attribution	2026-10-06T14:45:43.9427093Z EQUIVALENT synthetic-262145-3-123456789 bytes=262145 tokens=75031 force=false
experiment	Check bucket equivalence and second-probe attribution	2026-10-06T14:45:43.9427558Z EQUIVALENT forced-262145-3-123456789 bytes=262145 tokens=80108 force=true
experiment	Check bucket equivalence and second-probe attribution	2026-10-06T14:45:43.9428009Z EQUIVALENT synthetic-262145-3-587312 bytes=262145 tokens=74996 force=false
experiment	Check bucket equivalence and second-probe attribution	2026-10-06T14:45:43.9428563Z EQUIVALENT forced-262145-3-587312 bytes=262145 tokens=80293 force=true
experiment	Check bucket equivalence and second-probe attribution	2026-10-06T14:45:43.9428986Z EQUIVALENT synthetic-262145-4-1 bytes=262145 tokens=67229 force=false
experiment	Check bucket equivalence and second-probe attribution	2026-10-06T14:45:43.9429394Z EQUIVALENT forced-262145-4-1 bytes=262145 tokens=67229 force=true
experiment	Check bucket equivalence and second-probe attribution	2026-10-06T14:45:43.9429824Z EQUIVALENT synthetic-262145-4-123456789 bytes=262145 tokens=67229 force=false
experiment	Check bucket equivalence and second-probe attribution	2026-10-06T14:45:43.9430282Z EQUIVALENT forced-262145-4-123456789 bytes=262145 tokens=67229 force=true
experiment	Check bucket equivalence and second-probe attribution	2026-10-06T14:45:43.9430736Z EQUIVALENT synthetic-262145-4-587312 bytes=262145 tokens=67231 force=false
experiment	Check bucket equivalence and second-probe attribution	2026-10-06T14:45:43.9431184Z EQUIVALENT forced-262145-4-587312 bytes=262145 tokens=67231 force=true
experiment	Check bucket equivalence and second-probe attribution	2026-10-06T14:45:43.9431746Z EQUIVALENT synthetic-262145-5-1 bytes=262145 tokens=85900 force=false
experiment	Check bucket equivalence and second-probe attribution	2026-10-06T14:45:43.9432154Z EQUIVALENT forced-262145-5-1 bytes=262145 tokens=85900 force=true
experiment	Check bucket equivalence and second-probe attribution	2026-10-06T14:45:43.9432589Z EQUIVALENT synthetic-262145-5-123456789 bytes=262145 tokens=86000 force=false
experiment	Check bucket equivalence and second-probe attribution	2026-10-06T14:45:43.9433051Z EQUIVALENT forced-262145-5-123456789 bytes=262145 tokens=86000 force=true
experiment	Check bucket equivalence and second-probe attribution	2026-10-06T14:45:43.9433495Z EQUIVALENT synthetic-262145-5-587312 bytes=262145 tokens=86103 force=false
experiment	Check bucket equivalence and second-probe attribution	2026-10-06T14:45:43.9433934Z EQUIVALENT forced-262145-5-587312 bytes=262145 tokens=86103 force=true
experiment	Check bucket equivalence and second-probe attribution	2026-10-06T14:45:43.9517229Z RESEARCH {"scope": "finite token equivalence + token decode; official Lean and DEFLATE round trip separate", "equivalence_cases": 496, "public_files": 28, "probe2_source_sha256": "d7b58fbea74f2b01bf4f1c515f212684073cb6229a9455d9947f7f9815ef416e", "bucket2_source_sha256": "38bb6c7d4df093e6cedbad9651d5ee4377d75fa995106d70dce5c08585cac4db", "instrumented_sha256": "5222a81a6ba78713c69e4ca0a1eec99945892109445792335c1ba970348d7317", "attribution_scope": "regular walk visits and second-candidate selections only, not final emitted-token attribution; never timing evidence", "attribution": [{"file": "binary.db.bin", "class": 3, "first_visits": 51890, "second_visits_by_first_len": [2866, 0, 0, 13310, 6355, 1874, 1413, 1133, 956, 555, 506, 363, 280, 251, 232, 213, 225, 195, 174, 135, 149, 111, 119, 103, 83, 98, 78, 87, 75, 78, 62, 59, 0, 0, 0, 0, 0, 0, 0, 0, 0, 0, 0, 0, 0, 0, 0, 0, 0, 0, 0, 0, 0, 0, 0, 0, 0, 0, 0, 0, 0, 0, 0, 0, 0, 0, 0, 0, 0, 0, 0, 0, 0, 0, 0, 0, 0, 0, 0, 0, 0, 0, 0, 0, 0, 0, 0, 0, 0, 0, 0, 0, 0, 0, 0, 0, 0, 0, 0, 0, 0, 0, 0, 0, 0, 0, 0, 0, 0, 0, 0, 0, 0, 0, 0, 0, 0, 0, 0, 0, 0, 0, 0, 0, 0, 0, 0, 0, 0, 0, 0, 0, 0, 0, 0, 0, 0, 0, 0, 0, 0, 0, 0, 0, 0, 0, 0, 0, 0, 0, 0, 0, 0, 0, 0, 0, 0, 0, 0, 0, 0, 0, 0, 0, 0, 0, 0, 0, 0, 0, 0, 0, 0, 0, 0, 0, 0, 0, 0, 0, 0, 0, 0, 0, 0, 0, 0, 0, 0, 0, 0, 0, 0, 0, 0, 0, 0, 0, 0, 0, 0, 0, 0, 0, 0, 0, 0, 0, 0, 0, 0, 0, 0, 0, 0, 0, 0, 0, 0, 0, 0, 0, 0, 0, 0, 0, 0, 0, 0, 0, 0, 0, 0, 0, 0, 0, 0, 0, 0, 0, 0, 0, 0, 0, 0, 0, 0, 0, 0, 0, 0, 0, 0, 0, 0, 0, 0, 0, 0], "second_improvements_by_first_len": [386, 0, 0, 1733, 642, 317, 224, 157, 147, 78, 70, 48, 43, 32, 38, 39, 32, 29, 20, 17, 11, 11, 6, 9, 7, 12, 4, 6, 8, 8, 6, 5, 0, 0, 0, 0, 0, 0, 0, 0, 0, 0, 0, 0, 0, 0, 0, 0, 0, 0, 0, 0, 0, 0, 0, 0, 0, 0, 0, 0, 0, 0, 0, 0, 0, 0, 0, 0, 0, 0, 0, 0, 0, 0, 0, 0, 0, 0, 0, 0, 0, 0, 0, 0, 0, 0, 0, 0, 0, 0, 0, 0, 0, 0, 0, 0, 0, 0, 0, 0, 0, 0, 0, 0, 0, 0, 0, 0, 0, 0, 0, 0, 0, 0, 0, 0, 0, 0, 0, 0, 0, 0, 0, 0, 0, 0, 0, 0, 0, 0, 0, 0, 0, 0, 0, 0, 0, 0, 0, 0, 0, 0, 0, 0, 0, 0, 0, 0, 0, 0, 0, 0, 0, 0, 0, 0, 0, 0, 0, 0, 0, 0, 0, 0, 0, 0, 0, 0, 0, 0, 0, 0, 0, 0, 0, 0, 0, 0, 0, 0, 0, 0, 0, 0, 0, 0, 0, 0, 0, 0, 0, 0, 0, 0, 0, 0, 0, 0, 0, 0, 0, 0, 0, 0, 0, 0, 0, 0, 0, 0, 0, 0, 0, 0, 0, 0, 0, 0, 0, 0, 0, 0, 0, 0, 0, 0, 0, 0, 0, 0, 0, 0, 0, 0, 0, 0, 0, 0, 0, 0, 0, 0, 0, 0, 0, 0, 0, 0, 0, 0, 0, 0, 0, 0, 0, 0, 0, 0, 0]}, {"file": "bundle.min.js.txt", "class": 1, "first_visits": 223876, "second_visits_by_first_len": [31664, 0, 0, 0, 28127, 13715, 10490, 7778, 6333, 4544, 3947, 2963, 2135, 1763, 1436, 1302, 975, 889, 741, 635, 526, 507, 403, 379, 310, 230, 214, 218, 168, 136, 136, 125, 0, 0, 0, 0, 0, 0, 0, 0, 0, 0, 0, 0, 0, 0, 0, 0, 0, 0, 0, 0, 0, 0, 0, 0, 0, 0, 0, 0, 0, 0, 0, 0, 0, 0, 0, 0, 0, 0, 0, 0, 0, 0, 0, 0, 0, 0, 0, 0, 0, 0, 0, 0, 0, 0, 0, 0, 0, 0, 0, 0, 0, 0, 0, 0, 0, 0, 0, 0, 0, 0, 0, 0, 0, 0, 0, 0, 0, 0, 0, 0, 0, 0, 0, 0, 0, 0, 0, 0, 0, 0, 0, 0, 0, 0, 0, 0, 0, 0, 0, 0, 0, 0, 0, 0, 0, 0, 0, 0, 0, 0, 0, 0, 0, 0, 0, 0, 0, 0, 0, 0, 0, 0, 0, 0, 0, 0, 0, 0, 0, 0, 0, 0, 0, 0, 0, 0, 0, 0, 0, 0, 0, 0, 0, 0, 0, 0, 0, 0, 0, 0, 0, 0, 0, 0, 0, 0, 0, 0, 0, 0, 0, 0, 0, 0, 0, 0, 0, 0, 0, 0, 0, 0, 0, 0, 0, 0, 0, 0, 0, 0, 0, 0, 0, 0, 0, 0, 0, 0, 0, 0, 0, 0, 0, 0, 0, 0, 0, 0, 0, 0, 0, 0, 0, 0, 0, 0, 0, 0, 0, 0, 0, 0, 0, 0, 0, 0, 0, 0, 0, 0, 0, 0, 0, 0, 0, 0, 0], "second_improvements_by_first_len": [2528, 0, 0, 0, 2734, 1543, 1261, 938, 716, 436, 430, 366, 184, 137, 94, 96, 58, 62, 50, 47, 39, 33, 32, 25, 12, 9, 7, 8, 8, 3, 3, 6, 0, 0, 0, 0, 0, 0, 0, 0, 0, 0, 0, 0, 0, 0, 0, 0, 0, 0, 0, 0, 0, 0, 0, 0, 0, 0, 0, 0, 0, 0, 0, 0, 0, 0, 0, 0, 0, 0, 0, 0, 0, 0, 0, 0, 0, 0, 0, 0, 0, 0, 0, 0, 0, 0, 0, 0, 0, 0, 0, 0, 0, 0, 0, 0, 0, 0, 0, 0, 0, 0, 0, 0, 0, 0, 0, 0, 0, 0, 0, 0, 0, 0, 0, 0, 0, 0, 0, 0, 0, 0, 0, 0, 0, 0, 0, 0, 0, 0, 0, 0, 0, 0, 0, 0, 0, 0, 0, 0, 0, 0, 0, 0, 0, 0, 0, 0, 0, 0, 0, 0, 0, 0, 0, 0, 0, 0, 0, 0, 0, 0, 0, 0, 0, 0, 0, 0, 0, 0, 0, 0, 0, 0, 0, 0, 0, 0, 0, 0, 0, 0, 0, 0, 0, 0, 0, 0, 0, 0, 0, 0, 0, 0, 0, 0, 0, 0, 0, 0, 0, 0, 0, 0, 0, 0, 0, 0, 0, 0, 0, 0, 0, 0, 0, 0, 0, 0, 0, 0, 0, 0, 0, 0, 0, 0, 0, 0, 0, 0, 0, 0, 0, 0, 0, 0, 0, 0, 0, 0, 0, 0, 0, 0, 0, 0, 0, 0, 0, 0, 0, 0, 0, 0, 0, 0, 0, 0, 0]}, {"file": "catalog.xml.txt", "class": 1, "first_visits": 46175, "second_visits_by_first_len": [3055, 0, 0, 0, 6891, 3244, 2274, 1549, 1241, 909, 777, 641, 508, 367, 349, 237, 226, 201, 105, 94, 93, 84, 98, 61, 79, 101, 98, 57, 54, 61, 59, 98, 0, 0, 0, 0, 0, 0, 0, 0, 0, 0, 0, 0, 0, 0, 0, 0, 0, 0, 0, 0, 0, 0, 0, 0, 0, 0, 0, 0, 0, 0, 0, 0, 0, 0, 0, 0, 0, 0, 0, 0, 0, 0, 0, 0, 0, 0, 0, 0, 0, 0, 0, 0, 0, 0, 0, 0, 0, 0, 0, 0, 0, 0, 0, 0, 0, 0, 0, 0, 0, 0, 0, 0, 0, 0, 0, 0, 0, 0, 0, 0, 0, 0, 0, 0, 0, 0, 0, 0, 0, 0, 0, 0, 0, 0, 0, 0, 0, 0, 0, 0, 0, 0, 0, 0, 0, 0, 0, 0, 0, 0, 0, 0, 0, 0, 0, 0, 0, 0, 0, 0, 0, 0, 0, 0, 0, 0, 0, 0, 0, 0, 0, 0, 0, 0, 0, 0, 0, 0, 0, 0, 0, 0, 0, 0, 0, 0, 0, 0, 0, 0, 0, 0, 0, 0, 0, 0, 0, 0, 0, 0, 0, 0, 0, 0, 0, 0, 0, 0, 0, 0, 0, 0, 0, 0, 0, 0, 0, 0, 0, 0, 0, 0, 0, 0, 0, 0, 0, 0, 0, 0, 0, 0, 0, 0, 0, 0, 0, 0, 0, 0, 0, 0, 0, 0, 0, 0, 0, 0, 0, 0, 0, 0, 0, 0, 0, 0, 0, 0, 0, 0, 0, 0, 0, 0, 0, 0, 0], "second_improvements_by_first_len": [401, 0, 0, 0, 1066, 485, 349, 244, 183, 141, 152, 122, 74, 72, 71, 44, 36, 29, 10, 7, 16, 8, 11, 4, 7, 17, 6, 6, 8, 1, 6, 11, 0, 0, 0, 0, 0, 0, 0, 0, 0, 0, 0, 0, 0, 0, 0, 0, 0, 0, 0, 0, 0, 0, 0, 0, 0, 0, 0, 0, 0, 0, 0, 0, 0, 0, 0, 0, 0, 0, 0, 0, 0, 0, 0, 0, 0, 0, 0, 0, 0, 0, 0, 0, 0, 0, 0, 0, 0, 0, 0, 0, 0, 0, 0, 0, 0, 0, 0, 0, 0, 0, 0, 0, 0, 0, 0, 0, 0, 0, 0, 0, 0, 0, 0, 0, 0, 0, 0, 0, 0, 0, 0, 0, 0, 0, 0, 0, 0, 0, 0, 0, 0, 0, 0, 0, 0, 0, 0, 0, 0, 0, 0, 0, 0, 0, 0, 0, 0, 0, 0, 0, 0, 0, 0, 0, 0, 0, 0, 0, 0, 0, 0, 0, 0, 0, 0, 0, 0, 0, 0, 0, 0, 0, 0, 0, 0, 0, 0, 0, 0, 0, 0, 0, 0, 0, 0, 0, 0, 0, 0, 0, 0, 0, 0, 0, 0, 0, 0, 0, 0, 0, 0, 0, 0, 0, 0, 0, 0, 0, 0, 0, 0, 0, 0, 0, 0, 0, 0, 0, 0, 0, 0, 0, 0, 0, 0, 0, 0, 0, 0, 0, 0, 0, 0, 0, 0, 0, 0, 0, 0, 0, 0, 0, 0, 0, 0, 0, 0, 0, 0, 0, 0, 0, 0, 0, 0, 0, 0]}, {"file": "compressed.bin", "class": 2, "first_visits": 2186, "second_visits_by_first_len": [17, 0, 0, 0, 0, 0, 0, 0, 0, 0, 0, 0, 0, 0, 0, 0, 0, 0, 0, 0, 0, 0, 0, 0, 0, 0, 0, 0, 0, 0, 0, 0, 0, 0, 0, 0, 0, 0, 0, 0, 0, 0, 0, 0, 0, 0, 0, 0, 0, 0, 0, 0, 0, 0, 0, 0, 0, 0, 0, 0, 0, 0, 0, 0, 0, 0, 0, 0, 0, 0, 0, 0, 0, 0, 0, 0, 0, 0, 0, 0, 0, 0, 0, 0, 0, 0, 0, 0, 0, 0, 0, 0, 0, 0, 0, 0, 0, 0, 0, 0, 0, 0, 0, 0, 0, 0, 0, 0, 0, 0, 0, 0, 0, 0, 0, 0, 0, 0, 0, 0, 0, 0, 0, 0, 0, 0, 0, 0, 0, 0, 0, 0, 0, 0, 0, 0, 0, 0, 0, 0, 0, 0, 0, 0, 0, 0, 0, 0, 0, 0, 0, 0, 0, 0, 0, 0, 0, 0, 0, 0, 0, 0, 0, 0, 0, 0, 0, 0, 0, 0, 0, 0, 0, 0, 0, 0, 0, 0, 0, 0, 0, 0, 0, 0, 0, 0, 0, 0, 0, 0, 0, 0, 0, 0, 0, 0, 0, 0, 0, 0, 0, 0, 0, 0, 0, 0, 0, 0, 0, 0, 0, 0, 0, 0, 0, 0, 0, 0, 0, 0, 0, 0, 0, 0, 0, 0, 0, 0, 0, 0, 0, 0, 0, 0, 0, 0, 0, 0, 0, 0, 0, 0, 0, 0, 0, 0, 0, 0, 0, 0, 0, 0, 0, 0, 0, 0, 0, 0, 0], "second_improvements_by_first_len": [0, 0, 0, 0, 0, 0, 0, 0, 0, 0, 0, 0, 0, 0, 0, 0, 0, 0, 0, 0, 0, 0, 0, 0, 0, 0, 0, 0, 0, 0, 0, 0, 0, 0, 0, 0, 0, 0, 0, 0, 0, 0, 0, 0, 0, 0, 0, 0, 0, 0, 0, 0, 0, 0, 0, 0, 0, 0, 0, 0, 0, 0, 0, 0, 0, 0, 0, 0, 0, 0, 0, 0, 0, 0, 0, 0, 0, 0, 0, 0, 0, 0, 0, 0, 0, 0, 0, 0, 0, 0, 0, 0, 0, 0, 0, 0, 0, 0, 0, 0, 0, 0, 0, 0, 0, 0, 0, 0, 0, 0, 0, 0, 0, 0, 0, 0, 0, 0, 0, 0, 0, 0, 0, 0, 0, 0, 0, 0, 0, 0, 0, 0, 0, 0, 0, 0, 0, 0, 0, 0, 0, 0, 0, 0, 0, 0, 0, 0, 0, 0, 0, 0, 0, 0, 0, 0, 0, 0, 0, 0, 0, 0, 0, 0, 0, 0, 0, 0, 0, 0, 0, 0, 0, 0, 0, 0, 0, 0, 0, 0, 0, 0, 0, 0, 0, 0, 0, 0, 0, 0, 0, 0, 0, 0, 0, 0, 0, 0, 0, 0, 0, 0, 0, 0, 0, 0, 0, 0, 0, 0, 0, 0, 0, 0, 0, 0, 0, 0, 0, 0, 0, 0, 0, 0, 0, 0, 0, 0, 0, 0, 0, 0, 0, 0, 0, 0, 0, 0, 0, 0, 0, 0, 0, 0, 0, 0, 0, 0, 0, 0, 0, 0, 0, 0, 0, 0, 0, 0, 0]}, {"file": "config.yaml.txt", "class": 1, "first_visits": 59027, "second_visits_by_first_len": [4953, 0, 0, 0, 8416, 4780, 3040, 2285, 1691, 1216, 992, 781, 653, 540, 541, 398, 350, 340, 225, 218, 181, 211, 183, 115, 120, 148, 109, 97, 121, 90, 73, 58, 0, 0, 0, 0, 0, 0, 0, 0, 0, 0, 0, 0, 0, 0, 0, 0, 0, 0, 0, 0, 0, 0, 0, 0, 0, 0, 0, 0, 0, 0, 0, 0, 0, 0, 0, 0, 0, 0, 0, 0, 0, 0, 0, 0, 0, 0, 0, 0, 0, 0, 0, 0, 0, 0, 0, 0, 0, 0, 0, 0, 0, 0, 0, 0, 0, 0, 0, 0, 0, 0, 0, 0, 0, 0, 0, 0, 0, 0, 0, 0, 0, 0, 0, 0, 0, 0, 0, 0, 0, 0, 0, 0, 0, 0, 0, 0, 0, 0, 0, 0, 0, 0, 0, 0, 0, 0, 0, 0, 0, 0, 0, 0, 0, 0, 0, 0, 0, 0, 0, 0, 0, 0, 0, 0, 0, 0, 0, 0, 0, 0, 0, 0, 0, 0, 0, 0, 0, 0, 0, 0, 0, 0, 0, 0, 0, 0, 0, 0, 0, 0, 0, 0, 0, 0, 0, 0, 0, 0, 0, 0, 0, 0, 0, 0, 0, 0, 0, 0, 0, 0, 0, 0, 0, 0, 0, 0, 0, 0, 0, 0, 0, 0, 0, 0, 0, 0, 0, 0, 0, 0, 0, 0, 0, 0, 0, 0, 0, 0, 0, 0, 0, 0, 0, 0, 0, 0, 0, 0, 0, 0, 0, 0, 0, 0, 0, 0, 0, 0, 0, 0, 0, 0, 0, 0, 0, 0, 0], "second_improvements_by_first_len": [614, 0, 0, 0, 1239, 1036, 451, 330, 191, 147, 104, 77, 58, 41, 42, 35, 27, 13, 11, 7, 9, 10, 3, 6, 4, 7, 7, 3, 6, 7, 0, 1, 0, 0, 0, 0, 0, 0, 0, 0, 0, 0, 0, 0, 0, 0, 0, 0, 0, 0, 0, 0, 0, 0, 0, 0, 0, 0, 0, 0, 0, 0, 0, 0, 0, 0, 0, 0, 0, 0, 0, 0, 0, 0, 0, 0, 0, 0, 0, 0, 0, 0, 0, 0, 0, 0, 0, 0, 0, 0, 0, 0, 0, 0, 0, 0, 0, 0, 0, 0, 0, 0, 0, 0, 0, 0, 0, 0, 0, 0, 0, 0, 0, 0, 0, 0, 0, 0, 0, 0, 0, 0, 0, 0, 0, 0, 0, 0, 0, 0, 0, 0, 0, 0, 0, 0, 0, 0, 0, 0, 0, 0, 0, 0, 0, 0, 0, 0, 0, 0, 0, 0, 0, 0, 0, 0, 0, 0, 0, 0, 0, 0, 0, 0, 0, 0, 0, 0, 0, 0, 0, 0, 0, 0, 0, 0, 0, 0, 0, 0, 0, 0, 0, 0, 0, 0, 0, 0, 0, 0, 0, 0, 0, 0, 0, 0, 0, 0, 0, 0, 0, 0, 0, 0, 0, 0, 0, 0, 0, 0, 0, 0, 0, 0, 0, 0, 0, 0, 0, 0, 0, 0, 0, 0, 0, 0, 0, 0, 0, 0, 0, 0, 0, 0, 0, 0, 0, 0, 0, 0, 0, 0, 0, 0, 0, 0, 0, 0, 0, 0, 0, 0, 0, 0, 0, 0, 0, 0, 0]}, {"file": "docs.md.txt", "class": 1, "first_visits": 156123, "second_visits_by_first_len": [17362, 0, 0, 0, 28333, 14839, 10682, 6287, 4042, 2893, 2104, 1517, 1266, 929, 611, 430, 434, 348, 293, 256, 231, 228, 202, 196, 123, 154, 116, 97, 100, 75, 71, 78, 0, 0, 0, 0, 0, 0, 0, 0, 0, 0, 0, 0, 0, 0, 0, 0, 0, 0, 0, 0, 0, 0, 0, 0, 0, 0, 0, 0, 0, 0, 0, 0, 0, 0, 0, 0, 0, 0, 0, 0, 0, 0, 0, 0, 0, 0, 0, 0, 0, 0, 0, 0, 0, 0, 0, 0, 0, 0, 0, 0, 0, 0, 0, 0, 0, 0, 0, 0, 0, 0, 0, 0, 0, 0, 0, 0, 0, 0, 0, 0, 0, 0, 0, 0, 0, 0, 0, 0, 0, 0, 0, 0, 0, 0, 0, 0, 0, 0, 0, 0, 0, 0, 0, 0, 0, 0, 0, 0, 0, 0, 0, 0, 0, 0, 0, 0, 0, 0, 0, 0, 0, 0, 0, 0, 0, 0, 0, 0, 0, 0, 0, 0, 0, 0, 0, 0, 0, 0, 0, 0, 0, 0, 0, 0, 0, 0, 0, 0, 0, 0, 0, 0, 0, 0, 0, 0, 0, 0, 0, 0, 0, 0, 0, 0, 0, 0, 0, 0, 0, 0, 0, 0, 0, 0, 0, 0, 0, 0, 0, 0, 0, 0, 0, 0, 0, 0, 0, 0, 0, 0, 0, 0, 0, 0, 0, 0, 0, 0, 0, 0, 0, 0, 0, 0, 0, 0, 0, 0, 0, 0, 0, 0, 0, 0, 0, 0, 0, 0, 0, 0, 0, 0, 0, 0, 0, 0, 0], "second_improvements_by_first_len": [2118, 0, 0, 0, 4538, 1986, 1327, 715, 387, 269, 174, 119, 98, 77, 49, 10, 32, 26, 14, 7, 21, 9, 6, 24, 5, 4, 7, 4, 6, 8, 4, 5, 0, 0, 0, 0, 0, 0, 0, 0, 0, 0, 0, 0, 0, 0, 0, 0, 0, 0, 0, 0, 0, 0, 0, 0, 0, 0, 0, 0, 0, 0, 0, 0, 0, 0, 0, 0, 0, 0, 0, 0, 0, 0, 0, 0, 0, 0, 0, 0, 0, 0, 0, 0, 0, 0, 0, 0, 0, 0, 0, 0, 0, 0, 0, 0, 0, 0, 0, 0, 0, 0, 0, 0, 0, 0, 0, 0, 0, 0, 0, 0, 0, 0, 0, 0, 0, 0, 0, 0, 0, 0, 0, 0, 0, 0, 0, 0, 0, 0, 0, 0, 0, 0, 0, 0, 0, 0, 0, 0, 0, 0, 0, 0, 0, 0, 0, 0, 0, 0, 0, 0, 0, 0, 0, 0, 0, 0, 0, 0, 0, 0, 0, 0, 0, 0, 0, 0, 0, 0, 0, 0, 0, 0, 0, 0, 0, 0, 0, 0, 0, 0, 0, 0, 0, 0, 0, 0, 0, 0, 0, 0, 0, 0, 0, 0, 0, 0, 0, 0, 0, 0, 0, 0, 0, 0, 0, 0, 0, 0, 0, 0, 0, 0, 0, 0, 0, 0, 0, 0, 0, 0, 0, 0, 0, 0, 0, 0, 0, 0, 0, 0, 0, 0, 0, 0, 0, 0, 0, 0, 0, 0, 0, 0, 0, 0, 0, 0, 0, 0, 0, 0, 0, 0, 0, 0, 0, 0, 0]}, {"file": "dump.sql.txt", "class": 6, "first_visits": 22928, "second_visits_by_first_len": [141, 0, 0, 0, 1682, 1223, 422, 189, 242, 244, 228, 215, 326, 1189, 1107, 85, 34, 17, 41, 40, 269, 236, 0, 1, 1, 0, 0, 0, 0, 0, 0, 0, 0, 0, 0, 0, 0, 0, 0, 0, 0, 0, 0, 0, 0, 0, 0, 0, 0, 0, 0, 0, 0, 0, 0, 0, 0, 0, 0, 0, 0, 0, 0, 0, 0, 0, 0, 0, 0, 0, 0, 0, 0, 0, 0, 0, 0, 0, 0, 0, 0, 0, 0, 0, 0, 0, 0, 0, 0, 0, 0, 0, 0, 0, 0, 0, 0, 0, 0, 0, 0, 0, 0, 0, 0, 0, 0, 0, 0, 0, 0, 0, 0, 0, 0, 0, 0, 0, 0, 0, 0, 0, 0, 0, 0, 0, 0, 0, 0, 0, 0, 0, 0, 0, 0, 0, 0, 0, 0, 0, 0, 0, 0, 0, 0, 0, 0, 0, 0, 0, 0, 0, 0, 0, 0, 0, 0, 0, 0, 0, 0, 0, 0, 0, 0, 0, 0, 0, 0, 0, 0, 0, 0, 0, 0, 0, 0, 0, 0, 0, 0, 0, 0, 0, 0, 0, 0, 0, 0, 0, 0, 0, 0, 0, 0, 0, 0, 0, 0, 0, 0, 0, 0, 0, 0, 0, 0, 0, 0, 0, 0, 0, 0, 0, 0, 0, 0, 0, 0, 0, 0, 0, 0, 0, 0, 0, 0, 0, 0, 0, 0, 0, 0, 0, 0, 0, 0, 0, 0, 0, 0, 0, 0, 0, 0, 0, 0, 0, 0, 0, 0, 0, 0, 0, 0, 0, 0, 0, 0], "second_improvements_by_first_len": [17, 0, 0, 0, 473, 152, 35, 49, 33, 34, 58, 43, 54, 89, 18, 1, 0, 0, 0, 0, 0, 0, 0, 0, 0, 0, 0, 0, 0, 0, 0, 0, 0, 0, 0, 0, 0, 0, 0, 0, 0, 0, 0, 0, 0, 0, 0, 0, 0, 0, 0, 0, 0, 0, 0, 0, 0, 0, 0, 0, 0, 0, 0, 0, 0, 0, 0, 0, 0, 0, 0, 0, 0, 0, 0, 0, 0, 0, 0, 0, 0, 0, 0, 0, 0, 0, 0, 0, 0, 0, 0, 0, 0, 0, 0, 0, 0, 0, 0, 0, 0, 0, 0, 0, 0, 0, 0, 0, 0, 0, 0, 0, 0, 0, 0, 0, 0, 0, 0, 0, 0, 0, 0, 0, 0, 0, 0, 0, 0, 0, 0, 0, 0, 0, 0, 0, 0, 0, 0, 0, 0, 0, 0, 0, 0, 0, 0, 0, 0, 0, 0, 0, 0, 0, 0, 0, 0, 0, 0, 0, 0, 0, 0, 0, 0, 0, 0, 0, 0, 0, 0, 0, 0, 0, 0, 0, 0, 0, 0, 0, 0, 0, 0, 0, 0, 0, 0, 0, 0, 0, 0, 0, 0, 0, 0, 0, 0, 0, 0, 0, 0, 0, 0, 0, 0, 0, 0, 0, 0, 0, 0, 0, 0, 0, 0, 0, 0, 0, 0, 0, 0, 0, 0, 0, 0, 0, 0, 0, 0, 0, 0, 0, 0, 0, 0, 0, 0, 0, 0, 0, 0, 0, 0, 0, 0, 0, 0, 0, 0, 0, 0, 0, 0, 0, 0, 0, 0, 0, 0]}, {"file": "genome.fasta", "class": 0, "first_visits": 0, "second_visits_by_first_len": [0, 0, 0, 0, 0, 0, 0, 0, 0, 0, 0, 0, 0, 0, 0, 0, 0, 0, 0, 0, 0, 0, 0, 0, 0, 0, 0, 0, 0, 0, 0, 0, 0, 0, 0, 0, 0, 0, 0, 0, 0, 0, 0, 0, 0, 0, 0, 0, 0, 0, 0, 0, 0, 0, 0, 0, 0, 0, 0, 0, 0, 0, 0, 0, 0, 0, 0, 0, 0, 0, 0, 0, 0, 0, 0, 0, 0, 0, 0, 0, 0, 0, 0, 0, 0, 0, 0, 0, 0, 0, 0, 0, 0, 0, 0, 0, 0, 0, 0, 0, 0, 0, 0, 0, 0, 0, 0, 0, 0, 0, 0, 0, 0, 0, 0, 0, 0, 0, 0, 0, 0, 0, 0, 0, 0, 0, 0, 0, 0, 0, 0, 0, 0, 0, 0, 0, 0, 0, 0, 0, 0, 0, 0, 0, 0, 0, 0, 0, 0, 0, 0, 0, 0, 0, 0, 0, 0, 0, 0, 0, 0, 0, 0, 0, 0, 0, 0, 0, 0, 0, 0, 0, 0, 0, 0, 0, 0, 0, 0, 0, 0, 0, 0, 0, 0, 0, 0, 0, 0, 0, 0, 0, 0, 0, 0, 0, 0, 0, 0, 0, 0, 0, 0, 0, 0, 0, 0, 0, 0, 0, 0, 0, 0, 0, 0, 0, 0, 0, 0, 0, 0, 0, 0, 0, 0, 0, 0, 0, 0, 0, 0, 0, 0, 0, 0, 0, 0, 0, 0, 0, 0, 0, 0, 0, 0, 0, 0, 0, 0, 0, 0, 0, 0, 0, 0, 0, 0, 0, 0], "second_improvements_by_first_len": [0, 0, 0, 0, 0, 0, 0, 0, 0, 0, 0, 0, 0, 0, 0, 0, 0, 0, 0, 0, 0, 0, 0, 0, 0, 0, 0, 0, 0, 0, 0, 0, 0, 0, 0, 0, 0, 0, 0, 0, 0, 0, 0, 0, 0, 0, 0, 0, 0, 0, 0, 0, 0, 0, 0, 0, 0, 0, 0, 0, 0, 0, 0, 0, 0, 0, 0, 0, 0, 0, 0, 0, 0, 0, 0, 0, 0, 0, 0, 0, 0, 0, 0, 0, 0, 0, 0, 0, 0, 0, 0, 0, 0, 0, 0, 0, 0, 0, 0, 0, 0, 0, 0, 0, 0, 0, 0, 0, 0, 0, 0, 0, 0, 0, 0, 0, 0, 0, 0, 0, 0, 0, 0, 0, 0, 0, 0, 0, 0, 0, 0, 0, 0, 0, 0, 0, 0, 0, 0, 0, 0, 0, 0, 0, 0, 0, 0, 0, 0, 0, 0, 0, 0, 0, 0, 0, 0, 0, 0, 0, 0, 0, 0, 0, 0, 0, 0, 0, 0, 0, 0, 0, 0, 0, 0, 0, 0, 0, 0, 0, 0, 0, 0, 0, 0, 0, 0, 0, 0, 0, 0, 0, 0, 0, 0, 0, 0, 0, 0, 0, 0, 0, 0, 0, 0, 0, 0, 0, 0, 0, 0, 0, 0, 0, 0, 0, 0, 0, 0, 0, 0, 0, 0, 0, 0, 0, 0, 0, 0, 0, 0, 0, 0, 0, 0, 0, 0, 0, 0, 0, 0, 0, 0, 0, 0, 0, 0, 0, 0, 0, 0, 0, 0, 0, 0, 0, 0, 0, 0]}, {"file": "images.bin", "class": 2, "first_visits": 24093, "second_visits_by_first_len": [3236, 0, 0, 0, 205, 65, 43, 29, 28, 25, 26, 37, 56, 38, 48, 29, 26, 13, 12, 11, 6, 3, 6, 3, 7, 4, 6, 8, 2, 9, 4, 7, 0, 0, 0, 0, 0, 0, 0, 0, 0, 0, 0, 0, 0, 0, 0, 0, 0, 0, 0, 0, 0, 0, 0, 0, 0, 0, 0, 0, 0, 0, 0, 0, 0, 0, 0, 0, 0, 0, 0, 0, 0, 0, 0, 0, 0, 0, 0, 0, 0, 0, 0, 0, 0, 0, 0, 0, 0, 0, 0, 0, 0, 0, 0, 0, 0, 0, 0, 0, 0, 0, 0, 0, 0, 0, 0, 0, 0, 0, 0, 0, 0, 0, 0, 0, 0, 0, 0, 0, 0, 0, 0, 0, 0, 0, 0, 0, 0, 0, 0, 0, 0, 0, 0, 0, 0, 0, 0, 0, 0, 0, 0, 0, 0, 0, 0, 0, 0, 0, 0, 0, 0, 0, 0, 0, 0, 0, 0, 0, 0, 0, 0, 0, 0, 0, 0, 0, 0, 0, 0, 0, 0, 0, 0, 0, 0, 0, 0, 0, 0, 0, 0, 0, 0, 0, 0, 0, 0, 0, 0, 0, 0, 0, 0, 0, 0, 0, 0, 0, 0, 0, 0, 0, 0, 0, 0, 0, 0, 0, 0, 0, 0, 0, 0, 0, 0, 0, 0, 0, 0, 0, 0, 0, 0, 0, 0, 0, 0, 0, 0, 0, 0, 0, 0, 0, 0, 0, 0, 0, 0, 0, 0, 0, 0, 0, 0, 0, 0, 0, 0, 0, 0, 0, 0, 0, 0, 0, 0], "second_improvements_by_first_len": [17, 0, 0, 0, 35, 17, 17, 7, 13, 9, 13, 18, 22, 12, 14, 3, 6, 2, 0, 1, 1, 1, 0, 0, 1, 0, 2, 0, 1, 1, 0, 1, 0, 0, 0, 0, 0, 0, 0, 0, 0, 0, 0, 0, 0, 0, 0, 0, 0, 0, 0, 0, 0, 0, 0, 0, 0, 0, 0, 0, 0, 0, 0, 0, 0, 0, 0, 0, 0, 0, 0, 0, 0, 0, 0, 0, 0, 0, 0, 0, 0, 0, 0, 0, 0, 0, 0, 0, 0, 0, 0, 0, 0, 0, 0, 0, 0, 0, 0, 0, 0, 0, 0, 0, 0, 0, 0, 0, 0, 0, 0, 0, 0, 0, 0, 0, 0, 0, 0, 0, 0, 0, 0, 0, 0, 0, 0, 0, 0, 0, 0, 0, 0, 0, 0, 0, 0, 0, 0, 0, 0, 0, 0, 0, 0, 0, 0, 0, 0, 0, 0, 0, 0, 0, 0, 0, 0, 0, 0, 0, 0, 0, 0, 0, 0, 0, 0, 0, 0, 0, 0, 0, 0, 0, 0, 0, 0, 0, 0, 0, 0, 0, 0, 0, 0, 0, 0, 0, 0, 0, 0, 0, 0, 0, 0, 0, 0, 0, 0, 0, 0, 0, 0, 0, 0, 0, 0, 0, 0, 0, 0, 0, 0, 0, 0, 0, 0, 0, 0, 0, 0, 0, 0, 0, 0, 0, 0, 0, 0, 0, 0, 0, 0, 0, 0, 0, 0, 0, 0, 0, 0, 0, 0, 0, 0, 0, 0, 0, 0, 0, 0, 0, 0, 0, 0, 0, 0, 0, 0]}, {"file": "lean.txt", "class": 1, "first_visits": 160413, "second_visits_by_first_len": [12908, 0, 0, 0, 28011, 14802, 10215, 6973, 5347, 3878, 3388, 2445, 1965, 1605, 1257, 1159, 1040, 917, 836, 671, 621, 543, 467, 462, 357, 287, 292, 213, 222, 204, 196, 147, 0, 0, 0, 0, 0, 0, 0, 0, 0, 0, 0, 0, 0, 0, 0, 0, 0, 0, 0, 0, 0, 0, 0, 0, 0, 0, 0, 0, 0, 0, 0, 0, 0, 0, 0, 0, 0, 0, 0, 0, 0, 0, 0, 0, 0, 0, 0, 0, 0, 0, 0, 0, 0, 0, 0, 0, 0, 0, 0, 0, 0, 0, 0, 0, 0, 0, 0, 0, 0, 0, 0, 0, 0, 0, 0, 0, 0, 0, 0, 0, 0, 0, 0, 0, 0, 0, 0, 0, 0, 0, 0, 0, 0, 0, 0, 0, 0, 0, 0, 0, 0, 0, 0, 0, 0, 0, 0, 0, 0, 0, 0, 0, 0, 0, 0, 0, 0, 0, 0, 0, 0, 0, 0, 0, 0, 0, 0, 0, 0, 0, 0, 0, 0, 0, 0, 0, 0, 0, 0, 0, 0, 0, 0, 0, 0, 0, 0, 0, 0, 0, 0, 0, 0, 0, 0, 0, 0, 0, 0, 0, 0, 0, 0, 0, 0, 0, 0, 0, 0, 0, 0, 0, 0, 0, 0, 0, 0, 0, 0, 0, 0, 0, 0, 0, 0, 0, 0, 0, 0, 0, 0, 0, 0, 0, 0, 0, 0, 0, 0, 0, 0, 0, 0, 0, 0, 0, 0, 0, 0, 0, 0, 0, 0, 0, 0, 0, 0, 0, 0, 0, 0, 0, 0, 0, 0, 0, 0], "second_improvements_by_first_len": [1855, 0, 0, 0, 4662, 2232, 1371, 939, 706, 488, 420, 309, 207, 188, 158, 136, 134, 103, 104, 73, 58, 52, 47, 51, 29, 17, 12, 9, 12, 14, 12, 8, 0, 0, 0, 0, 0, 0, 0, 0, 0, 0, 0, 0, 0, 0, 0, 0, 0, 0, 0, 0, 0, 0, 0, 0, 0, 0, 0, 0, 0, 0, 0, 0, 0, 0, 0, 0, 0, 0, 0, 0, 0, 0, 0, 0, 0, 0, 0, 0, 0, 0, 0, 0, 0, 0, 0, 0, 0, 0, 0, 0, 0, 0, 0, 0, 0, 0, 0, 0, 0, 0, 0, 0, 0, 0, 0, 0, 0, 0, 0, 0, 0, 0, 0, 0, 0, 0, 0, 0, 0, 0, 0, 0, 0, 0, 0, 0, 0, 0, 0, 0, 0, 0, 0, 0, 0, 0, 0, 0, 0, 0, 0, 0, 0, 0, 0, 0, 0, 0, 0, 0, 0, 0, 0, 0, 0, 0, 0, 0, 0, 0, 0, 0, 0, 0, 0, 0, 0, 0, 0, 0, 0, 0, 0, 0, 0, 0, 0, 0, 0, 0, 0, 0, 0, 0, 0, 0, 0, 0, 0, 0, 0, 0, 0, 0, 0, 0, 0, 0, 0, 0, 0, 0, 0, 0, 0, 0, 0, 0, 0, 0, 0, 0, 0, 0, 0, 0, 0, 0, 0, 0, 0, 0, 0, 0, 0, 0, 0, 0, 0, 0, 0, 0, 0, 0, 0, 0, 0, 0, 0, 0, 0, 0, 0, 0, 0, 0, 0, 0, 0, 0, 0, 0, 0, 0, 0, 0, 0]}, {"file": "machine-code.bin", "class": 3, "first_visits": 122250, "second_visits_by_first_len": [17195, 0, 0, 33765, 11045, 3326, 1691, 5547, 4009, 1399, 587, 452, 387, 129, 93, 306, 660, 134, 155, 85, 102, 53, 42, 53, 168, 30, 33, 22, 51, 16, 10, 23, 0, 0, 0, 0, 0, 0, 0, 0, 0, 0, 0, 0, 0, 0, 0, 0, 0, 0, 0, 0, 0, 0, 0, 0, 0, 0, 0, 0, 0, 0, 0, 0, 0, 0, 0, 0, 0, 0, 0, 0, 0, 0, 0, 0, 0, 0, 0, 0, 0, 0, 0, 0, 0, 0, 0, 0, 0, 0, 0, 0, 0, 0, 0, 0, 0, 0, 0, 0, 0, 0, 0, 0, 0, 0, 0, 0, 0, 0, 0, 0, 0, 0, 0, 0, 0, 0, 0, 0, 0, 0, 0, 0, 0, 0, 0, 0, 0, 0, 0, 0, 0, 0, 0, 0, 0, 0, 0, 0, 0, 0, 0, 0, 0, 0, 0, 0, 0, 0, 0, 0, 0, 0, 0, 0, 0, 0, 0, 0, 0, 0, 0, 0, 0, 0, 0, 0, 0, 0, 0, 0, 0, 0, 0, 0, 0, 0, 0, 0, 0, 0, 0, 0, 0, 0, 0, 0, 0, 0, 0, 0, 0, 0, 0, 0, 0, 0, 0, 0, 0, 0, 0, 0, 0, 0, 0, 0, 0, 0, 0, 0, 0, 0, 0, 0, 0, 0, 0, 0, 0, 0, 0, 0, 0, 0, 0, 0, 0, 0, 0, 0, 0, 0, 0, 0, 0, 0, 0, 0, 0, 0, 0, 0, 0, 0, 0, 0, 0, 0, 0, 0, 0, 0, 0, 0, 0, 0, 0], "second_improvements_by_first_len": [1313, 0, 0, 4012, 1024, 659, 124, 210, 115, 43, 41, 22, 10, 11, 6, 7, 5, 6, 4, 6, 1, 1, 1, 3, 0, 0, 2, 1, 2, 3, 0, 1, 0, 0, 0, 0, 0, 0, 0, 0, 0, 0, 0, 0, 0, 0, 0, 0, 0, 0, 0, 0, 0, 0, 0, 0, 0, 0, 0, 0, 0, 0, 0, 0, 0, 0, 0, 0, 0, 0, 0, 0, 0, 0, 0, 0, 0, 0, 0, 0, 0, 0, 0, 0, 0, 0, 0, 0, 0, 0, 0, 0, 0, 0, 0, 0, 0, 0, 0, 0, 0, 0, 0, 0, 0, 0, 0, 0, 0, 0, 0, 0, 0, 0, 0, 0, 0, 0, 0, 0, 0, 0, 0, 0, 0, 0, 0, 0, 0, 0, 0, 0, 0, 0, 0, 0, 0, 0, 0, 0, 0, 0, 0, 0, 0, 0, 0, 0, 0, 0, 0, 0, 0, 0, 0, 0, 0, 0, 0, 0, 0, 0, 0, 0, 0, 0, 0, 0, 0, 0, 0, 0, 0, 0, 0, 0, 0, 0, 0, 0, 0, 0, 0, 0, 0, 0, 0, 0, 0, 0, 0, 0, 0, 0, 0, 0, 0, 0, 0, 0, 0, 0, 0, 0, 0, 0, 0, 0, 0, 0, 0, 0, 0, 0, 0, 0, 0, 0, 0, 0, 0, 0, 0, 0, 0, 0, 0, 0, 0, 0, 0, 0, 0, 0, 0, 0, 0, 0, 0, 0, 0, 0, 0, 0, 0, 0, 0, 0, 0, 0, 0, 0, 0, 0, 0, 0, 0, 0, 0]}, {"file": "metrics.csv.txt", "class": 6, "first_visits": 296230, "second_visits_by_first_len": [17015, 0, 0, 0, 27422, 10076, 6218, 3438, 3189, 3140, 3080, 2997, 2286, 2317, 1723, 1261, 1304, 1427, 1132, 851, 1461, 1147, 740, 354, 368, 361, 161, 177, 106, 125, 86, 86, 0, 0, 0, 0, 0, 0, 0, 0, 0, 0, 0, 0, 0, 0, 0, 0, 0, 0, 0, 0, 0, 0, 0, 0, 0, 0, 0, 0, 0, 0, 0, 0, 0, 0, 0, 0, 0, 0, 0, 0, 0, 0, 0, 0, 0, 0, 0, 0, 0, 0, 0, 0, 0, 0, 0, 0, 0, 0, 0, 0, 0, 0, 0, 0, 0, 0, 0, 0, 0, 0, 0, 0, 0, 0, 0, 0, 0, 0, 0, 0, 0, 0, 0, 0, 0, 0, 0, 0, 0, 0, 0, 0, 0, 0, 0, 0, 0, 0, 0, 0, 0, 0, 0, 0, 0, 0, 0, 0, 0, 0, 0, 0, 0, 0, 0, 0, 0, 0, 0, 0, 0, 0, 0, 0, 0, 0, 0, 0, 0, 0, 0, 0, 0, 0, 0, 0, 0, 0, 0, 0, 0, 0, 0, 0, 0, 0, 0, 0, 0, 0, 0, 0, 0, 0, 0, 0, 0, 0, 0, 0, 0, 0, 0, 0, 0, 0, 0, 0, 0, 0, 0, 0, 0, 0, 0, 0, 0, 0, 0, 0, 0, 0, 0, 0, 0, 0, 0, 0, 0, 0, 0, 0, 0, 0, 0, 0, 0, 0, 0, 0, 0, 0, 0, 0, 0, 0, 0, 0, 0, 0, 0, 0, 0, 0, 0, 0, 0, 0, 0, 0, 0, 0, 0, 0, 0, 0, 0], "second_improvements_by_first_len": [1986, 0, 0, 0, 2804, 639, 476, 410, 249, 228, 206, 188, 91, 121, 54, 78, 73, 58, 42, 46, 68, 38, 27, 12, 21, 12, 9, 23, 7, 7, 14, 6, 0, 0, 0, 0, 0, 0, 0, 0, 0, 0, 0, 0, 0, 0, 0, 0, 0, 0, 0, 0, 0, 0, 0, 0, 0, 0, 0, 0, 0, 0, 0, 0, 0, 0, 0, 0, 0, 0, 0, 0, 0, 0, 0, 0, 0, 0, 0, 0, 0, 0, 0, 0, 0, 0, 0, 0, 0, 0, 0, 0, 0, 0, 0, 0, 0, 0, 0, 0, 0, 0, 0, 0, 0, 0, 0, 0, 0, 0, 0, 0, 0, 0, 0, 0, 0, 0, 0, 0, 0, 0, 0, 0, 0, 0, 0, 0, 0, 0, 0, 0, 0, 0, 0, 0, 0, 0, 0, 0, 0, 0, 0, 0, 0, 0, 0, 0, 0, 0, 0, 0, 0, 0, 0, 0, 0, 0, 0, 0, 0, 0, 0, 0, 0, 0, 0, 0, 0, 0, 0, 0, 0, 0, 0, 0, 0, 0, 0, 0, 0, 0, 0, 0, 0, 0, 0, 0, 0, 0, 0, 0, 0, 0, 0, 0, 0, 0, 0, 0, 0, 0, 0, 0, 0, 0, 0, 0, 0, 0, 0, 0, 0, 0, 0, 0, 0, 0, 0, 0, 0, 0, 0, 0, 0, 0, 0, 0, 0, 0, 0, 0, 0, 0, 0, 0, 0, 0, 0, 0, 0, 0, 0, 0, 0, 0, 0, 0, 0, 0, 0, 0, 0, 0, 0, 0, 0, 0, 0]}, {"file": "multibyte.txt", "class": 1, "first_visits": 194440, "second_visits_by_first_len": [24115, 0, 0, 0, 35247, 15140, 9755, 4731, 3501, 2592, 3005, 2265, 1517, 1154, 977, 859, 740, 476, 441, 413, 385, 361, 255, 355, 377, 349, 181, 378, 203, 206, 134, 133, 0, 0, 0, 0, 0, 0, 0, 0, 0, 0, 0, 0, 0, 0, 0, 0, 0, 0, 0, 0, 0, 0, 0, 0, 0, 0, 0, 0, 0, 0, 0, 0, 0, 0, 0, 0, 0, 0, 0, 0, 0, 0, 0, 0, 0, 0, 0, 0, 0, 0, 0, 0, 0, 0, 0, 0, 0, 0, 0, 0, 0, 0, 0, 0, 0, 0, 0, 0, 0, 0, 0, 0, 0, 0, 0, 0, 0, 0, 0, 0, 0, 0, 0, 0, 0, 0, 0, 0, 0, 0, 0, 0, 0, 0, 0, 0, 0, 0, 0, 0, 0, 0, 0, 0, 0, 0, 0, 0, 0, 0, 0, 0, 0, 0, 0, 0, 0, 0, 0, 0, 0, 0, 0, 0, 0, 0, 0, 0, 0, 0, 0, 0, 0, 0, 0, 0, 0, 0, 0, 0, 0, 0, 0, 0, 0, 0, 0, 0, 0, 0, 0, 0, 0, 0, 0, 0, 0, 0, 0, 0, 0, 0, 0, 0, 0, 0, 0, 0, 0, 0, 0, 0, 0, 0, 0, 0, 0, 0, 0, 0, 0, 0, 0, 0, 0, 0, 0, 0, 0, 0, 0, 0, 0, 0, 0, 0, 0, 0, 0, 0, 0, 0, 0, 0, 0, 0, 0, 0, 0, 0, 0, 0, 0, 0, 0, 0, 0, 0, 0, 0, 0, 0, 0, 0, 0, 0, 0], "second_improvements_by_first_len": [2917, 0, 0, 0, 5419, 2014, 1136, 496, 410, 261, 306, 202, 178, 157, 149, 104, 118, 44, 23, 47, 18, 18, 23, 47, 38, 21, 8, 39, 8, 22, 14, 10, 0, 0, 0, 0, 0, 0, 0, 0, 0, 0, 0, 0, 0, 0, 0, 0, 0, 0, 0, 0, 0, 0, 0, 0, 0, 0, 0, 0, 0, 0, 0, 0, 0, 0, 0, 0, 0, 0, 0, 0, 0, 0, 0, 0, 0, 0, 0, 0, 0, 0, 0, 0, 0, 0, 0, 0, 0, 0, 0, 0, 0, 0, 0, 0, 0, 0, 0, 0, 0, 0, 0, 0, 0, 0, 0, 0, 0, 0, 0, 0, 0, 0, 0, 0, 0, 0, 0, 0, 0, 0, 0, 0, 0, 0, 0, 0, 0, 0, 0, 0, 0, 0, 0, 0, 0, 0, 0, 0, 0, 0, 0, 0, 0, 0, 0, 0, 0, 0, 0, 0, 0, 0, 0, 0, 0, 0, 0, 0, 0, 0, 0, 0, 0, 0, 0, 0, 0, 0, 0, 0, 0, 0, 0, 0, 0, 0, 0, 0, 0, 0, 0, 0, 0, 0, 0, 0, 0, 0, 0, 0, 0, 0, 0, 0, 0, 0, 0, 0, 0, 0, 0, 0, 0, 0, 0, 0, 0, 0, 0, 0, 0, 0, 0, 0, 0, 0, 0, 0, 0, 0, 0, 0, 0, 0, 0, 0, 0, 0, 0, 0, 0, 0, 0, 0, 0, 0, 0, 0, 0, 0, 0, 0, 0, 0, 0, 0, 0, 0, 0, 0, 0, 0, 0, 0, 0, 0, 0]}, {"file": "page.html.txt", "class": 1, "first_visits": 74369, "second_visits_by_first_len": [6038, 0, 0, 0, 7665, 3870, 2428, 2533, 2003, 2013, 1559, 948, 787, 629, 499, 367, 420, 279, 308, 275, 224, 215, 289, 175, 154, 140, 190, 142, 149, 126, 93, 132, 0, 0, 0, 0, 0, 0, 0, 0, 0, 0, 0, 0, 0, 0, 0, 0, 0, 0, 0, 0, 0, 0, 0, 0, 0, 0, 0, 0, 0, 0, 0, 0, 0, 0, 0, 0, 0, 0, 0, 0, 0, 0, 0, 0, 0, 0, 0, 0, 0, 0, 0, 0, 0, 0, 0, 0, 0, 0, 0, 0, 0, 0, 0, 0, 0, 0, 0, 0, 0, 0, 0, 0, 0, 0, 0, 0, 0, 0, 0, 0, 0, 0, 0, 0, 0, 0, 0, 0, 0, 0, 0, 0, 0, 0, 0, 0, 0, 0, 0, 0, 0, 0, 0, 0, 0, 0, 0, 0, 0, 0, 0, 0, 0, 0, 0, 0, 0, 0, 0, 0, 0, 0, 0, 0, 0, 0, 0, 0, 0, 0, 0, 0, 0, 0, 0, 0, 0, 0, 0, 0, 0, 0, 0, 0, 0, 0, 0, 0, 0, 0, 0, 0, 0, 0, 0, 0, 0, 0, 0, 0, 0, 0, 0, 0, 0, 0, 0, 0, 0, 0, 0, 0, 0, 0, 0, 0, 0, 0, 0, 0, 0, 0, 0, 0, 0, 0, 0, 0, 0, 0, 0, 0, 0, 0, 0, 0, 0, 0, 0, 0, 0, 0, 0, 0, 0, 0, 0, 0, 0, 0, 0, 0, 0, 0, 0, 0, 0, 0, 0, 0, 0, 0, 0, 0, 0, 0, 0], "second_improvements_by_first_len": [631, 0, 0, 0, 1181, 564, 361, 452, 264, 238, 168, 91, 102, 71, 50, 53, 49, 24, 34, 19, 25, 26, 18, 12, 3, 6, 3, 16, 21, 1, 2, 2, 0, 0, 0, 0, 0, 0, 0, 0, 0, 0, 0, 0, 0, 0, 0, 0, 0, 0, 0, 0, 0, 0, 0, 0, 0, 0, 0, 0, 0, 0, 0, 0, 0, 0, 0, 0, 0, 0, 0, 0, 0, 0, 0, 0, 0, 0, 0, 0, 0, 0, 0, 0, 0, 0, 0, 0, 0, 0, 0, 0, 0, 0, 0, 0, 0, 0, 0, 0, 0, 0, 0, 0, 0, 0, 0, 0, 0, 0, 0, 0, 0, 0, 0, 0, 0, 0, 0, 0, 0, 0, 0, 0, 0, 0, 0, 0, 0, 0, 0, 0, 0, 0, 0, 0, 0, 0, 0, 0, 0, 0, 0, 0, 0, 0, 0, 0, 0, 0, 0, 0, 0, 0, 0, 0, 0, 0, 0, 0, 0, 0, 0, 0, 0, 0, 0, 0, 0, 0, 0, 0, 0, 0, 0, 0, 0, 0, 0, 0, 0, 0, 0, 0, 0, 0, 0, 0, 0, 0, 0, 0, 0, 0, 0, 0, 0, 0, 0, 0, 0, 0, 0, 0, 0, 0, 0, 0, 0, 0, 0, 0, 0, 0, 0, 0, 0, 0, 0, 0, 0, 0, 0, 0, 0, 0, 0, 0, 0, 0, 0, 0, 0, 0, 0, 0, 0, 0, 0, 0, 0, 0, 0, 0, 0, 0, 0, 0, 0, 0, 0, 0, 0, 0, 0, 0, 0, 0, 0]}, {"file": "prose.txt", "class": 5, "first_visits": 365997, "second_visits_by_first_len": [44316, 0, 0, 0, 117684, 52381, 26779, 15149, 8930, 5134, 3189, 2401, 1502, 953, 674, 436, 329, 237, 183, 160, 128, 93, 76, 54, 44, 33, 20, 19, 15, 12, 10, 10, 0, 0, 0, 0, 0, 0, 0, 0, 0, 0, 0, 0, 0, 0, 0, 0, 0, 0, 0, 0, 0, 0, 0, 0, 0, 0, 0, 0, 0, 0, 0, 0, 0, 0, 0, 0, 0, 0, 0, 0, 0, 0, 0, 0, 0, 0, 0, 0, 0, 0, 0, 0, 0, 0, 0, 0, 0, 0, 0, 0, 0, 0, 0, 0, 0, 0, 0, 0, 0, 0, 0, 0, 0, 0, 0, 0, 0, 0, 0, 0, 0, 0, 0, 0, 0, 0, 0, 0, 0, 0, 0, 0, 0, 0, 0, 0, 0, 0, 0, 0, 0, 0, 0, 0, 0, 0, 0, 0, 0, 0, 0, 0, 0, 0, 0, 0, 0, 0, 0, 0, 0, 0, 0, 0, 0, 0, 0, 0, 0, 0, 0, 0, 0, 0, 0, 0, 0, 0, 0, 0, 0, 0, 0, 0, 0, 0, 0, 0, 0, 0, 0, 0, 0, 0, 0, 0, 0, 0, 0, 0, 0, 0, 0, 0, 0, 0, 0, 0, 0, 0, 0, 0, 0, 0, 0, 0, 0, 0, 0, 0, 0, 0, 0, 0, 0, 0, 0, 0, 0, 0, 0, 0, 0, 0, 0, 0, 0, 0, 0, 0, 0, 0, 0, 0, 0, 0, 0, 0, 0, 0, 0, 0, 0, 0, 0, 0, 0, 0, 0, 0, 0, 0, 0, 0, 0, 0, 0], "second_improvements_by_first_len": [11382, 0, 0, 0, 20022, 6145, 2568, 1163, 639, 314, 202, 137, 89, 37, 30, 31, 7, 18, 11, 14, 10, 9, 0, 1, 2, 0, 0, 1, 0, 0, 0, 0, 0, 0, 0, 0, 0, 0, 0, 0, 0, 0, 0, 0, 0, 0, 0, 0, 0, 0, 0, 0, 0, 0, 0, 0, 0, 0, 0, 0, 0, 0, 0, 0, 0, 0, 0, 0, 0, 0, 0, 0, 0, 0, 0, 0, 0, 0, 0, 0, 0, 0, 0, 0, 0, 0, 0, 0, 0, 0, 0, 0, 0, 0, 0, 0, 0, 0, 0, 0, 0, 0, 0, 0, 0, 0, 0, 0, 0, 0, 0, 0, 0, 0, 0, 0, 0, 0, 0, 0, 0, 0, 0, 0, 0, 0, 0, 0, 0, 0, 0, 0, 0, 0, 0, 0, 0, 0, 0, 0, 0, 0, 0, 0, 0, 0, 0, 0, 0, 0, 0, 0, 0, 0, 0, 0, 0, 0, 0, 0, 0, 0, 0, 0, 0, 0, 0, 0, 0, 0, 0, 0, 0, 0, 0, 0, 0, 0, 0, 0, 0, 0, 0, 0, 0, 0, 0, 0, 0, 0, 0, 0, 0, 0, 0, 0, 0, 0, 0, 0, 0, 0, 0, 0, 0, 0, 0, 0, 0, 0, 0, 0, 0, 0, 0, 0, 0, 0, 0, 0, 0, 0, 0, 0, 0, 0, 0, 0, 0, 0, 0, 0, 0, 0, 0, 0, 0, 0, 0, 0, 0, 0, 0, 0, 0, 0, 0, 0, 0, 0, 0, 0, 0, 0, 0, 0, 0, 0, 0]}, {"file": "records.json.txt", "class": 1, "first_visits": 36522, "second_visits_by_first_len": [2742, 0, 0, 0, 1573, 725, 503, 288, 367, 376, 237, 202, 289, 123, 147, 136, 171, 83, 129, 144, 68, 74, 88, 73, 53, 113, 56, 57, 85, 66, 82, 64, 0, 0, 0, 0, 0, 0, 0, 0, 0, 0, 0, 0, 0, 0, 0, 0, 0, 0, 0, 0, 0, 0, 0, 0, 0, 0, 0, 0, 0, 0, 0, 0, 0, 0, 0, 0, 0, 0, 0, 0, 0, 0, 0, 0, 0, 0, 0, 0, 0, 0, 0, 0, 0, 0, 0, 0, 0, 0, 0, 0, 0, 0, 0, 0, 0, 0, 0, 0, 0, 0, 0, 0, 0, 0, 0, 0, 0, 0, 0, 0, 0, 0, 0, 0, 0, 0, 0, 0, 0, 0, 0, 0, 0, 0, 0, 0, 0, 0, 0, 0, 0, 0, 0, 0, 0, 0, 0, 0, 0, 0, 0, 0, 0, 0, 0, 0, 0, 0, 0, 0, 0, 0, 0, 0, 0, 0, 0, 0, 0, 0, 0, 0, 0, 0, 0, 0, 0, 0, 0, 0, 0, 0, 0, 0, 0, 0, 0, 0, 0, 0, 0, 0, 0, 0, 0, 0, 0, 0, 0, 0, 0, 0, 0, 0, 0, 0, 0, 0, 0, 0, 0, 0, 0, 0, 0, 0, 0, 0, 0, 0, 0, 0, 0, 0, 0, 0, 0, 0, 0, 0, 0, 0, 0, 0, 0, 0, 0, 0, 0, 0, 0, 0, 0, 0, 0, 0, 0, 0, 0, 0, 0, 0, 0, 0, 0, 0, 0, 0, 0, 0, 0, 0, 0, 0, 0, 0, 0], "second_improvements_by_first_len": [90, 0, 0, 0, 273, 153, 114, 56, 52, 51, 47, 45, 32, 16, 23, 25, 16, 8, 21, 28, 6, 13, 13, 10, 4, 21, 7, 8, 11, 10, 11, 8, 0, 0, 0, 0, 0, 0, 0, 0, 0, 0, 0, 0, 0, 0, 0, 0, 0, 0, 0, 0, 0, 0, 0, 0, 0, 0, 0, 0, 0, 0, 0, 0, 0, 0, 0, 0, 0, 0, 0, 0, 0, 0, 0, 0, 0, 0, 0, 0, 0, 0, 0, 0, 0, 0, 0, 0, 0, 0, 0, 0, 0, 0, 0, 0, 0, 0, 0, 0, 0, 0, 0, 0, 0, 0, 0, 0, 0, 0, 0, 0, 0, 0, 0, 0, 0, 0, 0, 0, 0, 0, 0, 0, 0, 0, 0, 0, 0, 0, 0, 0, 0, 0, 0, 0, 0, 0, 0, 0, 0, 0, 0, 0, 0, 0, 0, 0, 0, 0, 0, 0, 0, 0, 0, 0, 0, 0, 0, 0, 0, 0, 0, 0, 0, 0, 0, 0, 0, 0, 0, 0, 0, 0, 0, 0, 0, 0, 0, 0, 0, 0, 0, 0, 0, 0, 0, 0, 0, 0, 0, 0, 0, 0, 0, 0, 0, 0, 0, 0, 0, 0, 0, 0, 0, 0, 0, 0, 0, 0, 0, 0, 0, 0, 0, 0, 0, 0, 0, 0, 0, 0, 0, 0, 0, 0, 0, 0, 0, 0, 0, 0, 0, 0, 0, 0, 0, 0, 0, 0, 0, 0, 0, 0, 0, 0, 0, 0, 0, 0, 0, 0, 0, 0, 0, 0, 0, 0, 0]}, {"file": "server.log", "class": 6, "first_visits": 28154, "second_visits_by_first_len": [821, 0, 0, 0, 1200, 478, 244, 167, 196, 232, 222, 147, 121, 82, 112, 88, 139, 171, 89, 162, 122, 97, 101, 86, 123, 127, 121, 62, 114, 66, 47, 67, 0, 0, 0, 0, 0, 0, 0, 0, 0, 0, 0, 0, 0, 0, 0, 0, 0, 0, 0, 0, 0, 0, 0, 0, 0, 0, 0, 0, 0, 0, 0, 0, 0, 0, 0, 0, 0, 0, 0, 0, 0, 0, 0, 0, 0, 0, 0, 0, 0, 0, 0, 0, 0, 0, 0, 0, 0, 0, 0, 0, 0, 0, 0, 0, 0, 0, 0, 0, 0, 0, 0, 0, 0, 0, 0, 0, 0, 0, 0, 0, 0, 0, 0, 0, 0, 0, 0, 0, 0, 0, 0, 0, 0, 0, 0, 0, 0, 0, 0, 0, 0, 0, 0, 0, 0, 0, 0, 0, 0, 0, 0, 0, 0, 0, 0, 0, 0, 0, 0, 0, 0, 0, 0, 0, 0, 0, 0, 0, 0, 0, 0, 0, 0, 0, 0, 0, 0, 0, 0, 0, 0, 0, 0, 0, 0, 0, 0, 0, 0, 0, 0, 0, 0, 0, 0, 0, 0, 0, 0, 0, 0, 0, 0, 0, 0, 0, 0, 0, 0, 0, 0, 0, 0, 0, 0, 0, 0, 0, 0, 0, 0, 0, 0, 0, 0, 0, 0, 0, 0, 0, 0, 0, 0, 0, 0, 0, 0, 0, 0, 0, 0, 0, 0, 0, 0, 0, 0, 0, 0, 0, 0, 0, 0, 0, 0, 0, 0, 0, 0, 0, 0, 0, 0, 0, 0, 0, 0], "second_improvements_by_first_len": [57, 0, 0, 0, 235, 89, 29, 37, 38, 50, 23, 8, 14, 10, 1, 0, 32, 30, 6, 5, 3, 4, 9, 2, 19, 6, 18, 5, 11, 8, 2, 5, 0, 0, 0, 0, 0, 0, 0, 0, 0, 0, 0, 0, 0, 0, 0, 0, 0, 0, 0, 0, 0, 0, 0, 0, 0, 0, 0, 0, 0, 0, 0, 0, 0, 0, 0, 0, 0, 0, 0, 0, 0, 0, 0, 0, 0, 0, 0, 0, 0, 0, 0, 0, 0, 0, 0, 0, 0, 0, 0, 0, 0, 0, 0, 0, 0, 0, 0, 0, 0, 0, 0, 0, 0, 0, 0, 0, 0, 0, 0, 0, 0, 0, 0, 0, 0, 0, 0, 0, 0, 0, 0, 0, 0, 0, 0, 0, 0, 0, 0, 0, 0, 0, 0, 0, 0, 0, 0, 0, 0, 0, 0, 0, 0, 0, 0, 0, 0, 0, 0, 0, 0, 0, 0, 0, 0, 0, 0, 0, 0, 0, 0, 0, 0, 0, 0, 0, 0, 0, 0, 0, 0, 0, 0, 0, 0, 0, 0, 0, 0, 0, 0, 0, 0, 0, 0, 0, 0, 0, 0, 0, 0, 0, 0, 0, 0, 0, 0, 0, 0, 0, 0, 0, 0, 0, 0, 0, 0, 0, 0, 0, 0, 0, 0, 0, 0, 0, 0, 0, 0, 0, 0, 0, 0, 0, 0, 0, 0, 0, 0, 0, 0, 0, 0, 0, 0, 0, 0, 0, 0, 0, 0, 0, 0, 0, 0, 0, 0, 0, 0, 0, 0, 0, 0, 0, 0, 0, 0]}, {"file": "source.c.txt", "class": 1, "first_visits": 243013, "second_visits_by_first_len": [20673, 0, 0, 0, 43659, 23147, 15862, 12547, 8692, 5991, 4433, 3399, 2601, 2226, 1754, 1353, 1197, 1007, 824, 789, 606, 583, 485, 451, 401, 390, 328, 255, 268, 224, 198, 177, 0, 0, 0, 0, 0, 0, 0, 0, 0, 0, 0, 0, 0, 0, 0, 0, 0, 0, 0, 0, 0, 0, 0, 0, 0, 0, 0, 0, 0, 0, 0, 0, 0, 0, 0, 0, 0, 0, 0, 0, 0, 0, 0, 0, 0, 0, 0, 0, 0, 0, 0, 0, 0, 0, 0, 0, 0, 0, 0, 0, 0, 0, 0, 0, 0, 0, 0, 0, 0, 0, 0, 0, 0, 0, 0, 0, 0, 0, 0, 0, 0, 0, 0, 0, 0, 0, 0, 0, 0, 0, 0, 0, 0, 0, 0, 0, 0, 0, 0, 0, 0, 0, 0, 0, 0, 0, 0, 0, 0, 0, 0, 0, 0, 0, 0, 0, 0, 0, 0, 0, 0, 0, 0, 0, 0, 0, 0, 0, 0, 0, 0, 0, 0, 0, 0, 0, 0, 0, 0, 0, 0, 0, 0, 0, 0, 0, 0, 0, 0, 0, 0, 0, 0, 0, 0, 0, 0, 0, 0, 0, 0, 0, 0, 0, 0, 0, 0, 0, 0, 0, 0, 0, 0, 0, 0, 0, 0, 0, 0, 0, 0, 0, 0, 0, 0, 0, 0, 0, 0, 0, 0, 0, 0, 0, 0, 0, 0, 0, 0, 0, 0, 0, 0, 0, 0, 0, 0, 0, 0, 0, 0, 0, 0, 0, 0, 0, 0, 0, 0, 0, 0, 0, 0, 0, 0, 0, 0], "second_improvements_by_first_len": [2738, 0, 0, 0, 7030, 3405, 2219, 1637, 1000, 653, 448, 287, 210, 229, 155, 87, 91, 84, 65, 39, 40, 37, 38, 25, 37, 31, 25, 11, 14, 16, 8, 17, 0, 0, 0, 0, 0, 0, 0, 0, 0, 0, 0, 0, 0, 0, 0, 0, 0, 0, 0, 0, 0, 0, 0, 0, 0, 0, 0, 0, 0, 0, 0, 0, 0, 0, 0, 0, 0, 0, 0, 0, 0, 0, 0, 0, 0, 0, 0, 0, 0, 0, 0, 0, 0, 0, 0, 0, 0, 0, 0, 0, 0, 0, 0, 0, 0, 0, 0, 0, 0, 0, 0, 0, 0, 0, 0, 0, 0, 0, 0, 0, 0, 0, 0, 0, 0, 0, 0, 0, 0, 0, 0, 0, 0, 0, 0, 0, 0, 0, 0, 0, 0, 0, 0, 0, 0, 0, 0, 0, 0, 0, 0, 0, 0, 0, 0, 0, 0, 0, 0, 0, 0, 0, 0, 0, 0, 0, 0, 0, 0, 0, 0, 0, 0, 0, 0, 0, 0, 0, 0, 0, 0, 0, 0, 0, 0, 0, 0, 0, 0, 0, 0, 0, 0, 0, 0, 0, 0, 0, 0, 0, 0, 0, 0, 0, 0, 0, 0, 0, 0, 0, 0, 0, 0, 0, 0, 0, 0, 0, 0, 0, 0, 0, 0, 0, 0, 0, 0, 0, 0, 0, 0, 0, 0, 0, 0, 0, 0, 0, 0, 0, 0, 0, 0, 0, 0, 0, 0, 0, 0, 0, 0, 0, 0, 0, 0, 0, 0, 0, 0, 0, 0, 0, 0, 0, 0, 0, 0]}, {"file": "source.py.txt", "class": 1, "first_visits": 91430, "second_visits_by_first_len": [7171, 0, 0, 0, 13794, 7225, 5513, 4541, 3078, 2413, 2204, 1629, 1065, 896, 1036, 800, 696, 626, 503, 357, 302, 311, 336, 203, 166, 176, 146, 167, 125, 118, 127, 125, 0, 0, 0, 0, 0, 0, 0, 0, 0, 0, 0, 0, 0, 0, 0, 0, 0, 0, 0, 0, 0, 0, 0, 0, 0, 0, 0, 0, 0, 0, 0, 0, 0, 0, 0, 0, 0, 0, 0, 0, 0, 0, 0, 0, 0, 0, 0, 0, 0, 0, 0, 0, 0, 0, 0, 0, 0, 0, 0, 0, 0, 0, 0, 0, 0, 0, 0, 0, 0, 0, 0, 0, 0, 0, 0, 0, 0, 0, 0, 0, 0, 0, 0, 0, 0, 0, 0, 0, 0, 0, 0, 0, 0, 0, 0, 0, 0, 0, 0, 0, 0, 0, 0, 0, 0, 0, 0, 0, 0, 0, 0, 0, 0, 0, 0, 0, 0, 0, 0, 0, 0, 0, 0, 0, 0, 0, 0, 0, 0, 0, 0, 0, 0, 0, 0, 0, 0, 0, 0, 0, 0, 0, 0, 0, 0, 0, 0, 0, 0, 0, 0, 0, 0, 0, 0, 0, 0, 0, 0, 0, 0, 0, 0, 0, 0, 0, 0, 0, 0, 0, 0, 0, 0, 0, 0, 0, 0, 0, 0, 0, 0, 0, 0, 0, 0, 0, 0, 0, 0, 0, 0, 0, 0, 0, 0, 0, 0, 0, 0, 0, 0, 0, 0, 0, 0, 0, 0, 0, 0, 0, 0, 0, 0, 0, 0, 0, 0, 0, 0, 0, 0, 0, 0, 0, 0, 0, 0], "second_improvements_by_first_len": [919, 0, 0, 0, 2053, 1094, 858, 677, 340, 262, 344, 179, 77, 76, 120, 73, 53, 41, 40, 25, 12, 29, 18, 14, 5, 6, 13, 14, 7, 10, 12, 5, 0, 0, 0, 0, 0, 0, 0, 0, 0, 0, 0, 0, 0, 0, 0, 0, 0, 0, 0, 0, 0, 0, 0, 0, 0, 0, 0, 0, 0, 0, 0, 0, 0, 0, 0, 0, 0, 0, 0, 0, 0, 0, 0, 0, 0, 0, 0, 0, 0, 0, 0, 0, 0, 0, 0, 0, 0, 0, 0, 0, 0, 0, 0, 0, 0, 0, 0, 0, 0, 0, 0, 0, 0, 0, 0, 0, 0, 0, 0, 0, 0, 0, 0, 0, 0, 0, 0, 0, 0, 0, 0, 0, 0, 0, 0, 0, 0, 0, 0, 0, 0, 0, 0, 0, 0, 0, 0, 0, 0, 0, 0, 0, 0, 0, 0, 0, 0, 0, 0, 0, 0, 0, 0, 0, 0, 0, 0, 0, 0, 0, 0, 0, 0, 0, 0, 0, 0, 0, 0, 0, 0, 0, 0, 0, 0, 0, 0, 0, 0, 0, 0, 0, 0, 0, 0, 0, 0, 0, 0, 0, 0, 0, 0, 0, 0, 0, 0, 0, 0, 0, 0, 0, 0, 0, 0, 0, 0, 0, 0, 0, 0, 0, 0, 0, 0, 0, 0, 0, 0, 0, 0, 0, 0, 0, 0, 0, 0, 0, 0, 0, 0, 0, 0, 0, 0, 0, 0, 0, 0, 0, 0, 0, 0, 0, 0, 0, 0, 0, 0, 0, 0, 0, 0, 0, 0, 0, 0]}, {"file": "source.rs.txt", "class": 1, "first_visits": 92497, "second_visits_by_first_len": [6237, 0, 0, 0, 15584, 8148, 5857, 4368, 3263, 2218, 1931, 1549, 1199, 856, 847, 734, 595, 445, 511, 421, 324, 249, 255, 203, 165, 175, 143, 125, 128, 136, 115, 83, 0, 0, 0, 0, 0, 0, 0, 0, 0, 0, 0, 0, 0, 0, 0, 0, 0, 0, 0, 0, 0, 0, 0, 0, 0, 0, 0, 0, 0, 0, 0, 0, 0, 0, 0, 0, 0, 0, 0, 0, 0, 0, 0, 0, 0, 0, 0, 0, 0, 0, 0, 0, 0, 0, 0, 0, 0, 0, 0, 0, 0, 0, 0, 0, 0, 0, 0, 0, 0, 0, 0, 0, 0, 0, 0, 0, 0, 0, 0, 0, 0, 0, 0, 0, 0, 0, 0, 0, 0, 0, 0, 0, 0, 0, 0, 0, 0, 0, 0, 0, 0, 0, 0, 0, 0, 0, 0, 0, 0, 0, 0, 0, 0, 0, 0, 0, 0, 0, 0, 0, 0, 0, 0, 0, 0, 0, 0, 0, 0, 0, 0, 0, 0, 0, 0, 0, 0, 0, 0, 0, 0, 0, 0, 0, 0, 0, 0, 0, 0, 0, 0, 0, 0, 0, 0, 0, 0, 0, 0, 0, 0, 0, 0, 0, 0, 0, 0, 0, 0, 0, 0, 0, 0, 0, 0, 0, 0, 0, 0, 0, 0, 0, 0, 0, 0, 0, 0, 0, 0, 0, 0, 0, 0, 0, 0, 0, 0, 0, 0, 0, 0, 0, 0, 0, 0, 0, 0, 0, 0, 0, 0, 0, 0, 0, 0, 0, 0, 0, 0, 0, 0, 0, 0, 0, 0, 0, 0], "second_improvements_by_first_len": [893, 0, 0, 0, 2427, 1127, 961, 666, 468, 286, 259, 188, 106, 78, 89, 81, 52, 26, 33, 29, 20, 17, 17, 21, 9, 9, 7, 5, 9, 5, 9, 6, 0, 0, 0, 0, 0, 0, 0, 0, 0, 0, 0, 0, 0, 0, 0, 0, 0, 0, 0, 0, 0, 0, 0, 0, 0, 0, 0, 0, 0, 0, 0, 0, 0, 0, 0, 0, 0, 0, 0, 0, 0, 0, 0, 0, 0, 0, 0, 0, 0, 0, 0, 0, 0, 0, 0, 0, 0, 0, 0, 0, 0, 0, 0, 0, 0, 0, 0, 0, 0, 0, 0, 0, 0, 0, 0, 0, 0, 0, 0, 0, 0, 0, 0, 0, 0, 0, 0, 0, 0, 0, 0, 0, 0, 0, 0, 0, 0, 0, 0, 0, 0, 0, 0, 0, 0, 0, 0, 0, 0, 0, 0, 0, 0, 0, 0, 0, 0, 0, 0, 0, 0, 0, 0, 0, 0, 0, 0, 0, 0, 0, 0, 0, 0, 0, 0, 0, 0, 0, 0, 0, 0, 0, 0, 0, 0, 0, 0, 0, 0, 0, 0, 0, 0, 0, 0, 0, 0, 0, 0, 0, 0, 0, 0, 0, 0, 0, 0, 0, 0, 0, 0, 0, 0, 0, 0, 0, 0, 0, 0, 0, 0, 0, 0, 0, 0, 0, 0, 0, 0, 0, 0, 0, 0, 0, 0, 0, 0, 0, 0, 0, 0, 0, 0, 0, 0, 0, 0, 0, 0, 0, 0, 0, 0, 0, 0, 0, 0, 0, 0, 0, 0, 0, 0, 0, 0, 0, 0]}, {"file": "sourcemap.map.txt", "class": 1, "first_visits": 49239, "second_visits_by_first_len": [2789, 0, 0, 0, 5018, 4168, 3627, 2526, 2207, 2022, 981, 815, 737, 543, 431, 455, 546, 621, 280, 224, 353, 224, 249, 163, 142, 124, 111, 165, 93, 100, 78, 71, 0, 0, 0, 0, 0, 0, 0, 0, 0, 0, 0, 0, 0, 0, 0, 0, 0, 0, 0, 0, 0, 0, 0, 0, 0, 0, 0, 0, 0, 0, 0, 0, 0, 0, 0, 0, 0, 0, 0, 0, 0, 0, 0, 0, 0, 0, 0, 0, 0, 0, 0, 0, 0, 0, 0, 0, 0, 0, 0, 0, 0, 0, 0, 0, 0, 0, 0, 0, 0, 0, 0, 0, 0, 0, 0, 0, 0, 0, 0, 0, 0, 0, 0, 0, 0, 0, 0, 0, 0, 0, 0, 0, 0, 0, 0, 0, 0, 0, 0, 0, 0, 0, 0, 0, 0, 0, 0, 0, 0, 0, 0, 0, 0, 0, 0, 0, 0, 0, 0, 0, 0, 0, 0, 0, 0, 0, 0, 0, 0, 0, 0, 0, 0, 0, 0, 0, 0, 0, 0, 0, 0, 0, 0, 0, 0, 0, 0, 0, 0, 0, 0, 0, 0, 0, 0, 0, 0, 0, 0, 0, 0, 0, 0, 0, 0, 0, 0, 0, 0, 0, 0, 0, 0, 0, 0, 0, 0, 0, 0, 0, 0, 0, 0, 0, 0, 0, 0, 0, 0, 0, 0, 0, 0, 0, 0, 0, 0, 0, 0, 0, 0, 0, 0, 0, 0, 0, 0, 0, 0, 0, 0, 0, 0, 0, 0, 0, 0, 0, 0, 0, 0, 0, 0, 0, 0, 0, 0], "second_improvements_by_first_len": [253, 0, 0, 0, 1008, 802, 600, 466, 264, 278, 96, 111, 90, 81, 50, 62, 44, 62, 35, 23, 149, 42, 74, 44, 10, 4, 3, 0, 1, 6, 1, 2, 0, 0, 0, 0, 0, 0, 0, 0, 0, 0, 0, 0, 0, 0, 0, 0, 0, 0, 0, 0, 0, 0, 0, 0, 0, 0, 0, 0, 0, 0, 0, 0, 0, 0, 0, 0, 0, 0, 0, 0, 0, 0, 0, 0, 0, 0, 0, 0, 0, 0, 0, 0, 0, 0, 0, 0, 0, 0, 0, 0, 0, 0, 0, 0, 0, 0, 0, 0, 0, 0, 0, 0, 0, 0, 0, 0, 0, 0, 0, 0, 0, 0, 0, 0, 0, 0, 0, 0, 0, 0, 0, 0, 0, 0, 0, 0, 0, 0, 0, 0, 0, 0, 0, 0, 0, 0, 0, 0, 0, 0, 0, 0, 0, 0, 0, 0, 0, 0, 0, 0, 0, 0, 0, 0, 0, 0, 0, 0, 0, 0, 0, 0, 0, 0, 0, 0, 0, 0, 0, 0, 0, 0, 0, 0, 0, 0, 0, 0, 0, 0, 0, 0, 0, 0, 0, 0, 0, 0, 0, 0, 0, 0, 0, 0, 0, 0, 0, 0, 0, 0, 0, 0, 0, 0, 0, 0, 0, 0, 0, 0, 0, 0, 0, 0, 0, 0, 0, 0, 0, 0, 0, 0, 0, 0, 0, 0, 0, 0, 0, 0, 0, 0, 0, 0, 0, 0, 0, 0, 0, 0, 0, 0, 0, 0, 0, 0, 0, 0, 0, 0, 0, 0, 0, 0, 0, 0, 0]}, {"file": "sparse.bin", "class": 3, "first_visits": 0, "second_visits_by_first_len": [0, 0, 0, 0, 0, 0, 0, 0, 0, 0, 0, 0, 0, 0, 0, 0, 0, 0, 0, 0, 0, 0, 0, 0, 0, 0, 0, 0, 0, 0, 0, 0, 0, 0, 0, 0, 0, 0, 0, 0, 0, 0, 0, 0, 0, 0, 0, 0, 0, 0, 0, 0, 0, 0, 0, 0, 0, 0, 0, 0, 0, 0, 0, 0, 0, 0, 0, 0, 0, 0, 0, 0, 0, 0, 0, 0, 0, 0, 0, 0, 0, 0, 0, 0, 0, 0, 0, 0, 0, 0, 0, 0, 0, 0, 0, 0, 0, 0, 0, 0, 0, 0, 0, 0, 0, 0, 0, 0, 0, 0, 0, 0, 0, 0, 0, 0, 0, 0, 0, 0, 0, 0, 0, 0, 0, 0, 0, 0, 0, 0, 0, 0, 0, 0, 0, 0, 0, 0, 0, 0, 0, 0, 0, 0, 0, 0, 0, 0, 0, 0, 0, 0, 0, 0, 0, 0, 0, 0, 0, 0, 0, 0, 0, 0, 0, 0, 0, 0, 0, 0, 0, 0, 0, 0, 0, 0, 0, 0, 0, 0, 0, 0, 0, 0, 0, 0, 0, 0, 0, 0, 0, 0, 0, 0, 0, 0, 0, 0, 0, 0, 0, 0, 0, 0, 0, 0, 0, 0, 0, 0, 0, 0, 0, 0, 0, 0, 0, 0, 0, 0, 0, 0, 0, 0, 0, 0, 0, 0, 0, 0, 0, 0, 0, 0, 0, 0, 0, 0, 0, 0, 0, 0, 0, 0, 0, 0, 0, 0, 0, 0, 0, 0, 0, 0, 0, 0, 0, 0, 0], "second_improvements_by_first_len": [0, 0, 0, 0, 0, 0, 0, 0, 0, 0, 0, 0, 0, 0, 0, 0, 0, 0, 0, 0, 0, 0, 0, 0, 0, 0, 0, 0, 0, 0, 0, 0, 0, 0, 0, 0, 0, 0, 0, 0, 0, 0, 0, 0, 0, 0, 0, 0, 0, 0, 0, 0, 0, 0, 0, 0, 0, 0, 0, 0, 0, 0, 0, 0, 0, 0, 0, 0, 0, 0, 0, 0, 0, 0, 0, 0, 0, 0, 0, 0, 0, 0, 0, 0, 0, 0, 0, 0, 0, 0, 0, 0, 0, 0, 0, 0, 0, 0, 0, 0, 0, 0, 0, 0, 0, 0, 0, 0, 0, 0, 0, 0, 0, 0, 0, 0, 0, 0, 0, 0, 0, 0, 0, 0, 0, 0, 0, 0, 0, 0, 0, 0, 0, 0, 0, 0, 0, 0, 0, 0, 0, 0, 0, 0, 0, 0, 0, 0, 0, 0, 0, 0, 0, 0, 0, 0, 0, 0, 0, 0, 0, 0, 0, 0, 0, 0, 0, 0, 0, 0, 0, 0, 0, 0, 0, 0, 0, 0, 0, 0, 0, 0, 0, 0, 0, 0, 0, 0, 0, 0, 0, 0, 0, 0, 0, 0, 0, 0, 0, 0, 0, 0, 0, 0, 0, 0, 0, 0, 0, 0, 0, 0, 0, 0, 0, 0, 0, 0, 0, 0, 0, 0, 0, 0, 0, 0, 0, 0, 0, 0, 0, 0, 0, 0, 0, 0, 0, 0, 0, 0, 0, 0, 0, 0, 0, 0, 0, 0, 0, 0, 0, 0, 0, 0, 0, 0, 0, 0, 0]}, {"file": "tiny-app.log", "class": 6, "first_visits": 1023, "second_visits_by_first_len": [3, 0, 0, 0, 1, 11, 2, 17, 7, 7, 0, 2, 0, 0, 0, 0, 0, 0, 1, 1, 4, 2, 3, 2, 5, 2, 0, 0, 0, 0, 0, 0, 0, 0, 0, 0, 0, 0, 0, 0, 0, 0, 0, 0, 0, 0, 0, 0, 0, 0, 0, 0, 0, 0, 0, 0, 0, 0, 0, 0, 0, 0, 0, 0, 0, 0, 0, 0, 0, 0, 0, 0, 0, 0, 0, 0, 0, 0, 0, 0, 0, 0, 0, 0, 0, 0, 0, 0, 0, 0, 0, 0, 0, 0, 0, 0, 0, 0, 0, 0, 0, 0, 0, 0, 0, 0, 0, 0, 0, 0, 0, 0, 0, 0, 0, 0, 0, 0, 0, 0, 0, 0, 0, 0, 0, 0, 0, 0, 0, 0, 0, 0, 0, 0, 0, 0, 0, 0, 0, 0, 0, 0, 0, 0, 0, 0, 0, 0, 0, 0, 0, 0, 0, 0, 0, 0, 0, 0, 0, 0, 0, 0, 0, 0, 0, 0, 0, 0, 0, 0, 0, 0, 0, 0, 0, 0, 0, 0, 0, 0, 0, 0, 0, 0, 0, 0, 0, 0, 0, 0, 0, 0, 0, 0, 0, 0, 0, 0, 0, 0, 0, 0, 0, 0, 0, 0, 0, 0, 0, 0, 0, 0, 0, 0, 0, 0, 0, 0, 0, 0, 0, 0, 0, 0, 0, 0, 0, 0, 0, 0, 0, 0, 0, 0, 0, 0, 0, 0, 0, 0, 0, 0, 0, 0, 0, 0, 0, 0, 0, 0, 0, 0, 0, 0, 0, 0, 0, 0, 0], "second_improvements_by_first_len": [2, 0, 0, 0, 0, 5, 0, 12, 1, 1, 0, 1, 0, 0, 0, 0, 0, 0, 0, 0, 0, 0, 0, 0, 0, 0, 0, 0, 0, 0, 0, 0, 0, 0, 0, 0, 0, 0, 0, 0, 0, 0, 0, 0, 0, 0, 0, 0, 0, 0, 0, 0, 0, 0, 0, 0, 0, 0, 0, 0, 0, 0, 0, 0, 0, 0, 0, 0, 0, 0, 0, 0, 0, 0, 0, 0, 0, 0, 0, 0, 0, 0, 0, 0, 0, 0, 0, 0, 0, 0, 0, 0, 0, 0, 0, 0, 0, 0, 0, 0, 0, 0, 0, 0, 0, 0, 0, 0, 0, 0, 0, 0, 0, 0, 0, 0, 0, 0, 0, 0, 0, 0, 0, 0, 0, 0, 0, 0, 0, 0, 0, 0, 0, 0, 0, 0, 0, 0, 0, 0, 0, 0, 0, 0, 0, 0, 0, 0, 0, 0, 0, 0, 0, 0, 0, 0, 0, 0, 0, 0, 0, 0, 0, 0, 0, 0, 0, 0, 0, 0, 0, 0, 0, 0, 0, 0, 0, 0, 0, 0, 0, 0, 0, 0, 0, 0, 0, 0, 0, 0, 0, 0, 0, 0, 0, 0, 0, 0, 0, 0, 0, 0, 0, 0, 0, 0, 0, 0, 0, 0, 0, 0, 0, 0, 0, 0, 0, 0, 0, 0, 0, 0, 0, 0, 0, 0, 0, 0, 0, 0, 0, 0, 0, 0, 0, 0, 0, 0, 0, 0, 0, 0, 0, 0, 0, 0, 0, 0, 0, 0, 0, 0, 0, 0, 0, 0, 0, 0, 0]}, {"file": "tiny-config.json.txt", "class": 1, "first_visits": 0, "second_visits_by_first_len": [0, 0, 0, 0, 0, 0, 0, 0, 0, 0, 0, 0, 0, 0, 0, 0, 0, 0, 0, 0, 0, 0, 0, 0, 0, 0, 0, 0, 0, 0, 0, 0, 0, 0, 0, 0, 0, 0, 0, 0, 0, 0, 0, 0, 0, 0, 0, 0, 0, 0, 0, 0, 0, 0, 0, 0, 0, 0, 0, 0, 0, 0, 0, 0, 0, 0, 0, 0, 0, 0, 0, 0, 0, 0, 0, 0, 0, 0, 0, 0, 0, 0, 0, 0, 0, 0, 0, 0, 0, 0, 0, 0, 0, 0, 0, 0, 0, 0, 0, 0, 0, 0, 0, 0, 0, 0, 0, 0, 0, 0, 0, 0, 0, 0, 0, 0, 0, 0, 0, 0, 0, 0, 0, 0, 0, 0, 0, 0, 0, 0, 0, 0, 0, 0, 0, 0, 0, 0, 0, 0, 0, 0, 0, 0, 0, 0, 0, 0, 0, 0, 0, 0, 0, 0, 0, 0, 0, 0, 0, 0, 0, 0, 0, 0, 0, 0, 0, 0, 0, 0, 0, 0, 0, 0, 0, 0, 0, 0, 0, 0, 0, 0, 0, 0, 0, 0, 0, 0, 0, 0, 0, 0, 0, 0, 0, 0, 0, 0, 0, 0, 0, 0, 0, 0, 0, 0, 0, 0, 0, 0, 0, 0, 0, 0, 0, 0, 0, 0, 0, 0, 0, 0, 0, 0, 0, 0, 0, 0, 0, 0, 0, 0, 0, 0, 0, 0, 0, 0, 0, 0, 0, 0, 0, 0, 0, 0, 0, 0, 0, 0, 0, 0, 0, 0, 0, 0, 0, 0, 0], "second_improvements_by_first_len": [0, 0, 0, 0, 0, 0, 0, 0, 0, 0, 0, 0, 0, 0, 0, 0, 0, 0, 0, 0, 0, 0, 0, 0, 0, 0, 0, 0, 0, 0, 0, 0, 0, 0, 0, 0, 0, 0, 0, 0, 0, 0, 0, 0, 0, 0, 0, 0, 0, 0, 0, 0, 0, 0, 0, 0, 0, 0, 0, 0, 0, 0, 0, 0, 0, 0, 0, 0, 0, 0, 0, 0, 0, 0, 0, 0, 0, 0, 0, 0, 0, 0, 0, 0, 0, 0, 0, 0, 0, 0, 0, 0, 0, 0, 0, 0, 0, 0, 0, 0, 0, 0, 0, 0, 0, 0, 0, 0, 0, 0, 0, 0, 0, 0, 0, 0, 0, 0, 0, 0, 0, 0, 0, 0, 0, 0, 0, 0, 0, 0, 0, 0, 0, 0, 0, 0, 0, 0, 0, 0, 0, 0, 0, 0, 0, 0, 0, 0, 0, 0, 0, 0, 0, 0, 0, 0, 0, 0, 0, 0, 0, 0, 0, 0, 0, 0, 0, 0, 0, 0, 0, 0, 0, 0, 0, 0, 0, 0, 0, 0, 0, 0, 0, 0, 0, 0, 0, 0, 0, 0, 0, 0, 0, 0, 0, 0, 0, 0, 0, 0, 0, 0, 0, 0, 0, 0, 0, 0, 0, 0, 0, 0, 0, 0, 0, 0, 0, 0, 0, 0, 0, 0, 0, 0, 0, 0, 0, 0, 0, 0, 0, 0, 0, 0, 0, 0, 0, 0, 0, 0, 0, 0, 0, 0, 0, 0, 0, 0, 0, 0, 0, 0, 0, 0, 0, 0, 0, 0, 0]}, {"file": "weights-bf16.bin", "class": 2, "first_visits": 2679, "second_visits_by_first_len": [15, 0, 0, 0, 0, 0, 0, 0, 0, 0, 0, 0, 0, 0, 0, 0, 0, 0, 0, 0, 0, 0, 0, 0, 0, 0, 0, 0, 0, 0, 0, 0, 0, 0, 0, 0, 0, 0, 0, 0, 0, 0, 0, 0, 0, 0, 0, 0, 0, 0, 0, 0, 0, 0, 0, 0, 0, 0, 0, 0, 0, 0, 0, 0, 0, 0, 0, 0, 0, 0, 0, 0, 0, 0, 0, 0, 0, 0, 0, 0, 0, 0, 0, 0, 0, 0, 0, 0, 0, 0, 0, 0, 0, 0, 0, 0, 0, 0, 0, 0, 0, 0, 0, 0, 0, 0, 0, 0, 0, 0, 0, 0, 0, 0, 0, 0, 0, 0, 0, 0, 0, 0, 0, 0, 0, 0, 0, 0, 0, 0, 0, 0, 0, 0, 0, 0, 0, 0, 0, 0, 0, 0, 0, 0, 0, 0, 0, 0, 0, 0, 0, 0, 0, 0, 0, 0, 0, 0, 0, 0, 0, 0, 0, 0, 0, 0, 0, 0, 0, 0, 0, 0, 0, 0, 0, 0, 0, 0, 0, 0, 0, 0, 0, 0, 0, 0, 0, 0, 0, 0, 0, 0, 0, 0, 0, 0, 0, 0, 0, 0, 0, 0, 0, 0, 0, 0, 0, 0, 0, 0, 0, 0, 0, 0, 0, 0, 0, 0, 0, 0, 0, 0, 0, 0, 0, 0, 0, 0, 0, 0, 0, 0, 0, 0, 0, 0, 0, 0, 0, 0, 0, 0, 0, 0, 0, 0, 0, 0, 0, 0, 0, 0, 0, 0, 0, 0, 0, 0, 0], "second_improvements_by_first_len": [0, 0, 0, 0, 0, 0, 0, 0, 0, 0, 0, 0, 0, 0, 0, 0, 0, 0, 0, 0, 0, 0, 0, 0, 0, 0, 0, 0, 0, 0, 0, 0, 0, 0, 0, 0, 0, 0, 0, 0, 0, 0, 0, 0, 0, 0, 0, 0, 0, 0, 0, 0, 0, 0, 0, 0, 0, 0, 0, 0, 0, 0, 0, 0, 0, 0, 0, 0, 0, 0, 0, 0, 0, 0, 0, 0, 0, 0, 0, 0, 0, 0, 0, 0, 0, 0, 0, 0, 0, 0, 0, 0, 0, 0, 0, 0, 0, 0, 0, 0, 0, 0, 0, 0, 0, 0, 0, 0, 0, 0, 0, 0, 0, 0, 0, 0, 0, 0, 0, 0, 0, 0, 0, 0, 0, 0, 0, 0, 0, 0, 0, 0, 0, 0, 0, 0, 0, 0, 0, 0, 0, 0, 0, 0, 0, 0, 0, 0, 0, 0, 0, 0, 0, 0, 0, 0, 0, 0, 0, 0, 0, 0, 0, 0, 0, 0, 0, 0, 0, 0, 0, 0, 0, 0, 0, 0, 0, 0, 0, 0, 0, 0, 0, 0, 0, 0, 0, 0, 0, 0, 0, 0, 0, 0, 0, 0, 0, 0, 0, 0, 0, 0, 0, 0, 0, 0, 0, 0, 0, 0, 0, 0, 0, 0, 0, 0, 0, 0, 0, 0, 0, 0, 0, 0, 0, 0, 0, 0, 0, 0, 0, 0, 0, 0, 0, 0, 0, 0, 0, 0, 0, 0, 0, 0, 0, 0, 0, 0, 0, 0, 0, 0, 0, 0, 0, 0, 0, 0, 0]}, {"file": "weights-f16.bin", "class": 2, "first_visits": 1995, "second_visits_by_first_len": [17, 0, 0, 0, 0, 0, 0, 0, 0, 0, 0, 0, 0, 0, 0, 0, 0, 0, 0, 0, 0, 0, 0, 0, 0, 0, 0, 0, 0, 0, 0, 0, 0, 0, 0, 0, 0, 0, 0, 0, 0, 0, 0, 0, 0, 0, 0, 0, 0, 0, 0, 0, 0, 0, 0, 0, 0, 0, 0, 0, 0, 0, 0, 0, 0, 0, 0, 0, 0, 0, 0, 0, 0, 0, 0, 0, 0, 0, 0, 0, 0, 0, 0, 0, 0, 0, 0, 0, 0, 0, 0, 0, 0, 0, 0, 0, 0, 0, 0, 0, 0, 0, 0, 0, 0, 0, 0, 0, 0, 0, 0, 0, 0, 0, 0, 0, 0, 0, 0, 0, 0, 0, 0, 0, 0, 0, 0, 0, 0, 0, 0, 0, 0, 0, 0, 0, 0, 0, 0, 0, 0, 0, 0, 0, 0, 0, 0, 0, 0, 0, 0, 0, 0, 0, 0, 0, 0, 0, 0, 0, 0, 0, 0, 0, 0, 0, 0, 0, 0, 0, 0, 0, 0, 0, 0, 0, 0, 0, 0, 0, 0, 0, 0, 0, 0, 0, 0, 0, 0, 0, 0, 0, 0, 0, 0, 0, 0, 0, 0, 0, 0, 0, 0, 0, 0, 0, 0, 0, 0, 0, 0, 0, 0, 0, 0, 0, 0, 0, 0, 0, 0, 0, 0, 0, 0, 0, 0, 0, 0, 0, 0, 0, 0, 0, 0, 0, 0, 0, 0, 0, 0, 0, 0, 0, 0, 0, 0, 0, 0, 0, 0, 0, 0, 0, 0, 0, 0, 0, 0], "second_improvements_by_first_len": [0, 0, 0, 0, 0, 0, 0, 0, 0, 0, 0, 0, 0, 0, 0, 0, 0, 0, 0, 0, 0, 0, 0, 0, 0, 0, 0, 0, 0, 0, 0, 0, 0, 0, 0, 0, 0, 0, 0, 0, 0, 0, 0, 0, 0, 0, 0, 0, 0, 0, 0, 0, 0, 0, 0, 0, 0, 0, 0, 0, 0, 0, 0, 0, 0, 0, 0, 0, 0, 0, 0, 0, 0, 0, 0, 0, 0, 0, 0, 0, 0, 0, 0, 0, 0, 0, 0, 0, 0, 0, 0, 0, 0, 0, 0, 0, 0, 0, 0, 0, 0, 0, 0, 0, 0, 0, 0, 0, 0, 0, 0, 0, 0, 0, 0, 0, 0, 0, 0, 0, 0, 0, 0, 0, 0, 0, 0, 0, 0, 0, 0, 0, 0, 0, 0, 0, 0, 0, 0, 0, 0, 0, 0, 0, 0, 0, 0, 0, 0, 0, 0, 0, 0, 0, 0, 0, 0, 0, 0, 0, 0, 0, 0, 0, 0, 0, 0, 0, 0, 0, 0, 0, 0, 0, 0, 0, 0, 0, 0, 0, 0, 0, 0, 0, 0, 0, 0, 0, 0, 0, 0, 0, 0, 0, 0, 0, 0, 0, 0, 0, 0, 0, 0, 0, 0, 0, 0, 0, 0, 0, 0, 0, 0, 0, 0, 0, 0, 0, 0, 0, 0, 0, 0, 0, 0, 0, 0, 0, 0, 0, 0, 0, 0, 0, 0, 0, 0, 0, 0, 0, 0, 0, 0, 0, 0, 0, 0, 0, 0, 0, 0, 0, 0, 0, 0, 0, 0, 0, 0]}, {"file": "weights-f32.bin", "class": 4, "first_visits": 89460, "second_visits_by_first_len": [0, 0, 0, 0, 0, 0, 0, 0, 0, 0, 0, 0, 0, 0, 0, 0, 0, 0, 0, 0, 0, 0, 0, 0, 0, 0, 0, 0, 0, 0, 0, 0, 0, 0, 0, 0, 0, 0, 0, 0, 0, 0, 0, 0, 0, 0, 0, 0, 0, 0, 0, 0, 0, 0, 0, 0, 0, 0, 0, 0, 0, 0, 0, 0, 0, 0, 0, 0, 0, 0, 0, 0, 0, 0, 0, 0, 0, 0, 0, 0, 0, 0, 0, 0, 0, 0, 0, 0, 0, 0, 0, 0, 0, 0, 0, 0, 0, 0, 0, 0, 0, 0, 0, 0, 0, 0, 0, 0, 0, 0, 0, 0, 0, 0, 0, 0, 0, 0, 0, 0, 0, 0, 0, 0, 0, 0, 0, 0, 0, 0, 0, 0, 0, 0, 0, 0, 0, 0, 0, 0, 0, 0, 0, 0, 0, 0, 0, 0, 0, 0, 0, 0, 0, 0, 0, 0, 0, 0, 0, 0, 0, 0, 0, 0, 0, 0, 0, 0, 0, 0, 0, 0, 0, 0, 0, 0, 0, 0, 0, 0, 0, 0, 0, 0, 0, 0, 0, 0, 0, 0, 0, 0, 0, 0, 0, 0, 0, 0, 0, 0, 0, 0, 0, 0, 0, 0, 0, 0, 0, 0, 0, 0, 0, 0, 0, 0, 0, 0, 0, 0, 0, 0, 0, 0, 0, 0, 0, 0, 0, 0, 0, 0, 0, 0, 0, 0, 0, 0, 0, 0, 0, 0, 0, 0, 0, 0, 0, 0, 0, 0, 0, 0, 0, 0, 0, 0, 0, 0, 0], "second_improvements_by_first_len": [0, 0, 0, 0, 0, 0, 0, 0, 0, 0, 0, 0, 0, 0, 0, 0, 0, 0, 0, 0, 0, 0, 0, 0, 0, 0, 0, 0, 0, 0, 0, 0, 0, 0, 0, 0, 0, 0, 0, 0, 0, 0, 0, 0, 0, 0, 0, 0, 0, 0, 0, 0, 0, 0, 0, 0, 0, 0, 0, 0, 0, 0, 0, 0, 0, 0, 0, 0, 0, 0, 0, 0, 0, 0, 0, 0, 0, 0, 0, 0, 0, 0, 0, 0, 0, 0, 0, 0, 0, 0, 0, 0, 0, 0, 0, 0, 0, 0, 0, 0, 0, 0, 0, 0, 0, 0, 0, 0, 0, 0, 0, 0, 0, 0, 0, 0, 0, 0, 0, 0, 0, 0, 0, 0, 0, 0, 0, 0, 0, 0, 0, 0, 0, 0, 0, 0, 0, 0, 0, 0, 0, 0, 0, 0, 0, 0, 0, 0, 0, 0, 0, 0, 0, 0, 0, 0, 0, 0, 0, 0, 0, 0, 0, 0, 0, 0, 0, 0, 0, 0, 0, 0, 0, 0, 0, 0, 0, 0, 0, 0, 0, 0, 0, 0, 0, 0, 0, 0, 0, 0, 0, 0, 0, 0, 0, 0, 0, 0, 0, 0, 0, 0, 0, 0, 0, 0, 0, 0, 0, 0, 0, 0, 0, 0, 0, 0, 0, 0, 0, 0, 0, 0, 0, 0, 0, 0, 0, 0, 0, 0, 0, 0, 0, 0, 0, 0, 0, 0, 0, 0, 0, 0, 0, 0, 0, 0, 0, 0, 0, 0, 0, 0, 0, 0, 0, 0, 0, 0, 0]}, {"file": "weights-q8.bin", "class": 2, "first_visits": 1995, "second_visits_by_first_len": [13, 0, 0, 0, 0, 0, 0, 0, 0, 0, 0, 0, 0, 0, 0, 0, 0, 0, 0, 0, 0, 0, 0, 0, 0, 0, 0, 0, 0, 0, 0, 0, 0, 0, 0, 0, 0, 0, 0, 0, 0, 0, 0, 0, 0, 0, 0, 0, 0, 0, 0, 0, 0, 0, 0, 0, 0, 0, 0, 0, 0, 0, 0, 0, 0, 0, 0, 0, 0, 0, 0, 0, 0, 0, 0, 0, 0, 0, 0, 0, 0, 0, 0, 0, 0, 0, 0, 0, 0, 0, 0, 0, 0, 0, 0, 0, 0, 0, 0, 0, 0, 0, 0, 0, 0, 0, 0, 0, 0, 0, 0, 0, 0, 0, 0, 0, 0, 0, 0, 0, 0, 0, 0, 0, 0, 0, 0, 0, 0, 0, 0, 0, 0, 0, 0, 0, 0, 0, 0, 0, 0, 0, 0, 0, 0, 0, 0, 0, 0, 0, 0, 0, 0, 0, 0, 0, 0, 0, 0, 0, 0, 0, 0, 0, 0, 0, 0, 0, 0, 0, 0, 0, 0, 0, 0, 0, 0, 0, 0, 0, 0, 0, 0, 0, 0, 0, 0, 0, 0, 0, 0, 0, 0, 0, 0, 0, 0, 0, 0, 0, 0, 0, 0, 0, 0, 0, 0, 0, 0, 0, 0, 0, 0, 0, 0, 0, 0, 0, 0, 0, 0, 0, 0, 0, 0, 0, 0, 0, 0, 0, 0, 0, 0, 0, 0, 0, 0, 0, 0, 0, 0, 0, 0, 0, 0, 0, 0, 0, 0, 0, 0, 0, 0, 0, 0, 0, 0, 0, 0], "second_improvements_by_first_len": [0, 0, 0, 0, 0, 0, 0, 0, 0, 0, 0, 0, 0, 0, 0, 0, 0, 0, 0, 0, 0, 0, 0, 0, 0, 0, 0, 0, 0, 0, 0, 0, 0, 0, 0, 0, 0, 0, 0, 0, 0, 0, 0, 0, 0, 0, 0, 0, 0, 0, 0, 0, 0, 0, 0, 0, 0, 0, 0, 0, 0, 0, 0, 0, 0, 0, 0, 0, 0, 0, 0, 0, 0, 0, 0, 0, 0, 0, 0, 0, 0, 0, 0, 0, 0, 0, 0, 0, 0, 0, 0, 0, 0, 0, 0, 0, 0, 0, 0, 0, 0, 0, 0, 0, 0, 0, 0, 0, 0, 0, 0, 0, 0, 0, 0, 0, 0, 0, 0, 0, 0, 0, 0, 0, 0, 0, 0, 0, 0, 0, 0, 0, 0, 0, 0, 0, 0, 0, 0, 0, 0, 0, 0, 0, 0, 0, 0, 0, 0, 0, 0, 0, 0, 0, 0, 0, 0, 0, 0, 0, 0, 0, 0, 0, 0, 0, 0, 0, 0, 0, 0, 0, 0, 0, 0, 0, 0, 0, 0, 0, 0, 0, 0, 0, 0, 0, 0, 0, 0, 0, 0, 0, 0, 0, 0, 0, 0, 0, 0, 0, 0, 0, 0, 0, 0, 0, 0, 0, 0, 0, 0, 0, 0, 0, 0, 0, 0, 0, 0, 0, 0, 0, 0, 0, 0, 0, 0, 0, 0, 0, 0, 0, 0, 0, 0, 0, 0, 0, 0, 0, 0, 0, 0, 0, 0, 0, 0, 0, 0, 0, 0, 0, 0, 0, 0, 0, 0, 0, 0]}]}
experiment	Verify required candidates and optional bucket2 with the official gate	﻿2026-10-06T14:45:43.9640821Z ##[group]Run bash scripts/ci-round2.sh
experiment	Verify required candidates and optional bucket2 with the official gate	2026-10-06T14:45:43.9641159Z ^[[36;1mbash scripts/ci-round2.sh^[[0m
experiment	Verify required candidates and optional bucket2 with the official gate	2026-10-06T14:45:43.9700733Z shell: /usr/bin/bash -e {0}
experiment	Verify required candidates and optional bucket2 with the official gate	2026-10-06T14:45:43.9700980Z env:
experiment	Verify required candidates and optional bucket2 with the official gate	2026-10-06T14:45:43.9701231Z   DEFLATE_ROOT: /home/runner/work/_temp/deflate-upstream
experiment	Verify required candidates and optional bucket2 with the official gate	2026-10-06T14:45:43.9701658Z   ELAN_HOME: /home/runner/work/_temp/deflate-upstream/validator/.work/elan
experiment	Verify required candidates and optional bucket2 with the official gate	2026-10-06T14:45:43.9702077Z   XDG_CACHE_HOME: /home/runner/work/_temp/deflate-cache
experiment	Verify required candidates and optional bucket2 with the official gate	2026-10-06T14:45:43.9702427Z   UV_CACHE_DIR: /home/runner/work/_temp/deflate-cache/uv
experiment	Verify required candidates and optional bucket2 with the official gate	2026-10-06T14:45:43.9702735Z   XDG_RUNTIME_DIR: /run/user/1001
experiment	Verify required candidates and optional bucket2 with the official gate	2026-10-06T14:45:43.9703022Z   DBUS_SESSION_BUS_ADDRESS: unix:path=/run/user/1001/bus
experiment	Verify required candidates and optional bucket2 with the official gate	2026-10-06T14:45:43.9703339Z   VERIFY_CORPUS: corpus-stage1
experiment	Verify required candidates and optional bucket2 with the official gate	2026-10-06T14:45:43.9703591Z   VERIFY_SANDBOX: bwrap
experiment	Verify required candidates and optional bucket2 with the official gate	2026-10-06T14:45:43.9703802Z   GIT_TERMINAL_PROMPT: 0
experiment	Verify required candidates and optional bucket2 with the official gate	2026-10-06T14:45:43.9704021Z   REUSE_VERIFIED_CONTROLS: true
experiment	Verify required candidates and optional bucket2 with the official gate	2026-10-06T14:45:43.9704250Z   INCLUDE_BUCKET2: true
experiment	Verify required candidates and optional bucket2 with the official gate	2026-10-06T14:45:43.9704446Z ##[endgroup]
experiment	Verify required candidates and optional bucket2 with the official gate	2026-10-06T14:45:43.9796881Z CANDIDATE_GATE_BEGIN bucket2
experiment	Verify required candidates and optional bucket2 with the official gate	2026-10-06T14:45:44.4053749Z ^[[32m2026-10-06 14:45:44.405^[[0m | ^[[34m^[[1mDEBUG   ^[[0m | ^[[36m__main__^[[0m:^[[36mmain^[[0m:^[[36m649^[[0m - ^[[34m^[[1m[gate] benchmark sandbox: bwrap, 300s, 2048 MB, cpus=any^[[0m
experiment	Verify required candidates and optional bucket2 with the official gate	2026-10-06T14:45:44.4090265Z ^[[32m2026-10-06 14:45:44.408^[[0m | ^[[34m^[[1mDEBUG   ^[[0m | ^[[36m__main__^[[0m:^[[36mstage_intake^[[0m:^[[36m261^[[0m - ^[[34m^[[1m[gate] parse.rs 38bb6c7d4df093e6 -> slot/generated/parse.rs^[[0m
experiment	Verify required candidates and optional bucket2 with the official gate	2026-10-06T14:45:44.4105593Z ^[[32m2026-10-06 14:45:44.409^[[0m | ^[[34m^[[1mDEBUG   ^[[0m | ^[[36m__main__^[[0m:^[[36mstage_intake^[[0m:^[[36m261^[[0m - ^[[34m^[[1m[gate] Parse.lean 421c58d4695b80d2 -> lean/Proof/Parse.lean^[[0m
experiment	Verify required candidates and optional bucket2 with the official gate	2026-10-06T14:45:44.4919316Z ^[[32m2026-10-06 14:45:44.491^[[0m | ^[[34m^[[1mDEBUG   ^[[0m | ^[[36msandbox.bwrap^[[0m:^[[36mrun^[[0m:^[[36m110^[[0m - ^[[34m^[[1m[bwrap] rustup exit=0 in 0.0s^[[0m
experiment	Verify required candidates and optional bucket2 with the official gate	2026-10-06T14:45:45.1079476Z ^[[32m2026-10-06 14:45:45.107^[[0m | ^[[34m^[[1mDEBUG   ^[[0m | ^[[36msandbox.bwrap^[[0m:^[[36mrun^[[0m:^[[36m110^[[0m - ^[[34m^[[1m[bwrap] extract.sh exit=0 in 0.6s^[[0m
experiment	Verify required candidates and optional bucket2 with the official gate	2026-10-06T14:46:19.5436786Z ^[[32m2026-10-06 14:46:19.543^[[0m | ^[[34m^[[1mDEBUG   ^[[0m | ^[[36msandbox.bwrap^[[0m:^[[36mrun^[[0m:^[[36m110^[[0m - ^[[34m^[[1m[bwrap] extract.sh exit=0 in 34.0s^[[0m
experiment	Verify required candidates and optional bucket2 with the official gate	2026-10-06T14:46:19.5443173Z ^[[32m2026-10-06 14:46:19.544^[[0m | ^[[34m^[[1mDEBUG   ^[[0m | ^[[36m__main__^[[0m:^[[36mstage_extract^[[0m:^[[36m356^[[0m - ^[[34m^[[1m[gate] extracted Types.lean 276d4089d337e0d7, Funs.lean d1827d13246c4424, Constants.lean 24e02aefd7f4f137^[[0m
experiment	Verify required candidates and optional bucket2 with the official gate	2026-10-06T14:46:22.3226425Z ^[[32m2026-10-06 14:46:22.322^[[0m | ^[[34m^[[1mDEBUG   ^[[0m | ^[[36msandbox.bwrap^[[0m:^[[36mrun^[[0m:^[[36m110^[[0m - ^[[34m^[[1m[bwrap] lake exit=0 in 2.8s^[[0m
experiment	Verify required candidates and optional bucket2 with the official gate	2026-10-06T14:46:57.7570774Z ^[[32m2026-10-06 14:46:57.756^[[0m | ^[[34m^[[1mDEBUG   ^[[0m | ^[[36msandbox.bwrap^[[0m:^[[36mrun^[[0m:^[[36m110^[[0m - ^[[34m^[[1m[bwrap] lake exit=0 in 35.4s^[[0m
experiment	Verify required candidates and optional bucket2 with the official gate	2026-10-06T14:52:45.2062360Z ^[[32m2026-10-06 14:52:45.204^[[0m | ^[[34m^[[1mDEBUG   ^[[0m | ^[[36msandbox.bwrap^[[0m:^[[36mrun^[[0m:^[[36m110^[[0m - ^[[34m^[[1m[bwrap] lake exit=0 in 347.4s^[[0m
experiment	Verify required candidates and optional bucket2 with the official gate	2026-10-06T14:52:48.2696634Z ^[[32m2026-10-06 14:52:48.267^[[0m | ^[[34m^[[1mDEBUG   ^[[0m | ^[[36msandbox.bwrap^[[0m:^[[36mrun^[[0m:^[[36m110^[[0m - ^[[34m^[[1m[bwrap] lake exit=0 in 3.0s^[[0m
experiment	Verify required candidates and optional bucket2 with the official gate	2026-10-06T14:52:50.9640663Z ^[[32m2026-10-06 14:52:50.961^[[0m | ^[[34m^[[1mDEBUG   ^[[0m | ^[[36msandbox.bwrap^[[0m:^[[36mrun^[[0m:^[[36m110^[[0m - ^[[34m^[[1m[bwrap] lake exit=0 in 2.7s^[[0m
experiment	Verify required candidates and optional bucket2 with the official gate	2026-10-06T14:52:50.9647392Z ^[[32m2026-10-06 14:52:50.962^[[0m | ^[[34m^[[1mDEBUG   ^[[0m | ^[[36m__main__^[[0m:^[[36mstage_axioms^[[0m:^[[36m423^[[0m - ^[[34m^[[1m[gate] axiom query stdout: "'accepted' depends on axioms: [propext, Classical.choice, Quot.sound]"^[[0m
experiment	Verify required candidates and optional bucket2 with the official gate	2026-10-06T14:52:50.9652919Z ^[[32m2026-10-06 14:52:50.964^[[0m | ^[[1mINFO    ^[[0m | ^[[36m__main__^[[0m:^[[36mmain^[[0m:^[[36m703^[[0m - ^[[1m[gate] verification accepted in 426.6s (bwrap, 900s, 16384 MB)^[[0m
experiment	Verify required candidates and optional bucket2 with the official gate	2026-10-06T14:52:51.0172362Z ^[[32m2026-10-06 14:52:51.016^[[0m | ^[[34m^[[1mDEBUG   ^[[0m | ^[[36msandbox.bwrap^[[0m:^[[36mrun^[[0m:^[[36m110^[[0m - ^[[34m^[[1m[bwrap] rustc exit=0 in 0.0s^[[0m
experiment	Verify required candidates and optional bucket2 with the official gate	2026-10-06T14:52:53.2237025Z ^[[32m2026-10-06 14:52:53.223^[[0m | ^[[34m^[[1mDEBUG   ^[[0m | ^[[36msandbox.bwrap^[[0m:^[[36mrun^[[0m:^[[36m110^[[0m - ^[[34m^[[1m[bwrap] cargo exit=0 in 2.2s^[[0m
experiment	Verify required candidates and optional bucket2 with the official gate	2026-10-06T14:52:53.2245942Z ^[[32m2026-10-06 14:52:53.223^[[0m | ^[[34m^[[1mDEBUG   ^[[0m | ^[[36mbench.driver^[[0m:^[[36m_build^[[0m:^[[36m295^[[0m - ^[[34m^[[1m[bench] built incumbent in 2.2s exit=0^[[0m
experiment	Verify required candidates and optional bucket2 with the official gate	2026-10-06T14:52:56.5407827Z ^[[32m2026-10-06 14:52:56.540^[[0m | ^[[34m^[[1mDEBUG   ^[[0m | ^[[36msandbox.bwrap^[[0m:^[[36mrun^[[0m:^[[36m110^[[0m - ^[[34m^[[1m[bwrap] cargo exit=0 in 3.3s^[[0m
experiment	Verify required candidates and optional bucket2 with the official gate	2026-10-06T14:52:56.5410387Z ^[[32m2026-10-06 14:52:56.540^[[0m | ^[[34m^[[1mDEBUG   ^[[0m | ^[[36mbench.driver^[[0m:^[[36m_build^[[0m:^[[36m295^[[0m - ^[[34m^[[1m[bench] built submission in 3.3s exit=0^[[0m
experiment	Verify required candidates and optional bucket2 with the official gate	2026-10-06T14:53:09.8512026Z ^[[32m2026-10-06 14:53:09.850^[[0m | ^[[34m^[[1mDEBUG   ^[[0m | ^[[36msandbox.bwrap^[[0m:^[[36mrun^[[0m:^[[36m110^[[0m - ^[[34m^[[1m[bwrap] measure exit=0 in 13.3s^[[0m
experiment	Verify required candidates and optional bucket2 with the official gate	2026-10-06T14:53:09.8514244Z ^[[32m2026-10-06 14:53:09.851^[[0m | ^[[34m^[[1mDEBUG   ^[[0m | ^[[36mbench.driver^[[0m:^[[36m_measure^[[0m:^[[36m333^[[0m - ^[[34m^[[1m[bench] measured submission in 13.3s exit=0^[[0m
experiment	Verify required candidates and optional bucket2 with the official gate	2026-10-06T14:53:09.8733461Z verifying /home/runner/work/Miner/Miner/candidates/bucket2
experiment	Verify required candidates and optional bucket2 with the official gate	2026-10-06T14:53:09.8734572Z workspace: /home/runner/work/_temp/deflate-upstream/data/verification-workspace/verify-5j0igek3
experiment	Verify required candidates and optional bucket2 with the official gate	2026-10-06T14:53:09.8735303Z
experiment	Verify required candidates and optional bucket2 with the official gate	2026-10-06T14:53:09.8735780Z 0 intake      ok — bucket2: parse.rs, Parse.lean
experiment	Verify required candidates and optional bucket2 with the official gate	2026-10-06T14:53:09.8736465Z 1 policy      ok — source prefilters passed
experiment	Verify required candidates and optional bucket2 with the official gate	2026-10-06T14:53:09.8739857Z 2 static      ok — resolved operations: alloc::alloc::Global::{impl}::drop_glue, alloc::vec::Vec::{impl}::drop_glue, alloc::vec::{impl}::deref, alloc::vec::{impl}::len, alloc::vec::{impl}::push, alloc::vec::{impl}::with_capacity, core::num::{impl}::leading_zeros, core::num::{impl}::saturating_add, core::num::{impl}::saturating_sub, core::num::{impl}::wrapping_add, core::num::{impl}::wrapping_mul, core::num::{impl}::wrapping_sub, core::slice::{impl}::len
experiment	Verify required candidates and optional bucket2 with the official gate	2026-10-06T14:53:09.8742690Z 3 extract     ok — charon+aeneas re-run by the verifier, no new axioms
experiment	Verify required candidates and optional bucket2 with the official gate	2026-10-06T14:53:09.8743666Z 4 statement   ok — `LZ77.Obligation slot.parse` typechecks (bwrap, 900s, 16384 MB)
experiment	Verify required candidates and optional bucket2 with the official gate	2026-10-06T14:53:09.8744670Z 5 axioms      ok — ['Classical.choice', 'Quot.sound', 'propext']; extraction intact
experiment	Verify required candidates and optional bucket2 with the official gate	2026-10-06T14:53:09.8745425Z 6 score       running…
experiment	Verify required candidates and optional bucket2 with the official gate	2026-10-06T14:53:09.8745721Z
experiment	Verify required candidates and optional bucket2 with the official gate	2026-10-06T14:53:09.8745948Z Corpus: corpus-stage1
experiment	Verify required candidates and optional bucket2 with the official gate	2026-10-06T14:53:09.8746417Z file                       raw  incumbent  submission
experiment	Verify required candidates and optional bucket2 with the official gate	2026-10-06T14:53:09.8746998Z -----------------------------------------------------
experiment	Verify required candidates and optional bucket2 with the official gate	2026-10-06T14:53:09.8747557Z binary.db.bin           500000      76338       82494
experiment	Verify required candidates and optional bucket2 with the official gate	2026-10-06T14:53:09.8748129Z bundle.min.js.txt      1000000     301618      322494
experiment	Verify required candidates and optional bucket2 with the official gate	2026-10-06T14:53:09.8748903Z catalog.xml.txt         500000      62314       69478
experiment	Verify required candidates and optional bucket2 with the official gate	2026-10-06T14:53:09.8749523Z compressed.bin          300000     300194      300095
experiment	Verify required candidates and optional bucket2 with the official gate	2026-10-06T14:53:09.8750100Z config.yaml.txt         400000      85384       90695
experiment	Verify required candidates and optional bucket2 with the official gate	2026-10-06T14:53:09.8750672Z docs.md.txt             800000     226973      244544
experiment	Verify required candidates and optional bucket2 with the official gate	2026-10-06T14:53:09.8751240Z dump.sql.txt            150000      20817       20017
experiment	Verify required candidates and optional bucket2 with the official gate	2026-10-06T14:53:09.8751797Z genome.fasta            900000     292479      277999
experiment	Verify required candidates and optional bucket2 with the official gate	2026-10-06T14:53:09.8752373Z images.bin              250000     223767      230161
experiment	Verify required candidates and optional bucket2 with the official gate	2026-10-06T14:53:09.8752944Z lean.txt               1000000     235059      257754
experiment	Verify required candidates and optional bucket2 with the official gate	2026-10-06T14:53:09.8753496Z machine-code.bin        500000     167357      172494
experiment	Verify required candidates and optional bucket2 with the official gate	2026-10-06T14:53:09.8754073Z metrics.csv.txt        1300000     287282      283646
experiment	Verify required candidates and optional bucket2 with the official gate	2026-10-06T14:53:09.8754634Z multibyte.txt          1100000     273630      293791
experiment	Verify required candidates and optional bucket2 with the official gate	2026-10-06T14:53:09.8755209Z page.html.txt           600000     103618      111959
experiment	Verify required candidates and optional bucket2 with the official gate	2026-10-06T14:53:09.8755782Z prose.txt              1500000     579041      618320
experiment	Verify required candidates and optional bucket2 with the official gate	2026-10-06T14:53:09.8756641Z records.json.txt        400000      72255       75787
experiment	Verify required candidates and optional bucket2 with the official gate	2026-10-06T14:53:09.8757222Z server.log              300000      29404       29225
experiment	Verify required candidates and optional bucket2 with the official gate	2026-10-06T14:53:09.8757779Z source.c.txt           1400000     354325      380479
experiment	Verify required candidates and optional bucket2 with the official gate	2026-10-06T14:53:09.8758900Z source.py.txt           600000     132748      141630
experiment	Verify required candidates and optional bucket2 with the official gate	2026-10-06T14:53:09.8759483Z source.rs.txt           700000     134069      144559
experiment	Verify required candidates and optional bucket2 with the official gate	2026-10-06T14:53:09.8760061Z sourcemap.map.txt       350000      68389       76239
experiment	Verify required candidates and optional bucket2 with the official gate	2026-10-06T14:53:09.8760652Z sparse.bin               40000       1234        1206
experiment	Verify required candidates and optional bucket2 with the official gate	2026-10-06T14:53:09.8761213Z tiny-app.log             28000        965         995
experiment	Verify required candidates and optional bucket2 with the official gate	2026-10-06T14:53:09.8761783Z tiny-config.json.txt     12000       2107        2431
experiment	Verify required candidates and optional bucket2 with the official gate	2026-10-06T14:53:09.8762379Z weights-bf16.bin        450000     362200      354317
experiment	Verify required candidates and optional bucket2 with the official gate	2026-10-06T14:53:09.8762967Z weights-f16.bin         250000     216274      212660
experiment	Verify required candidates and optional bucket2 with the official gate	2026-10-06T14:53:09.8763549Z weights-f32.bin         350000     284747      284695
experiment	Verify required candidates and optional bucket2 with the official gate	2026-10-06T14:53:09.8764143Z weights-q8.bin          250000     236246      235572
experiment	Verify required candidates and optional bucket2 with the official gate	2026-10-06T14:53:09.8764695Z -----------------------------------------------------
experiment	Verify required candidates and optional bucket2 with the official gate	2026-10-06T14:53:09.8765250Z TOTAL                 15930000    5130834     5315736
experiment	Verify required candidates and optional bucket2 with the official gate	2026-10-06T14:53:09.8765649Z
experiment	Verify required candidates and optional bucket2 with the official gate	2026-10-06T14:53:09.8765952Z method        bytes     ratio    lz77  encode   total  slowdown
experiment	Verify required candidates and optional bucket2 with the official gate	2026-10-06T14:53:09.8766779Z -------------------------------------------------------------------------------------------------------------------
experiment	Verify required candidates and optional bucket2 with the official gate	2026-10-06T14:53:09.8767692Z incumbent   5130834  1.00000x  0.554s  0.202s  0.757s     1.00x  the incumbent
experiment	Verify required candidates and optional bucket2 with the official gate	2026-10-06T14:53:09.8769026Z submission  5315736  1.03604x  0.060s  0.222s  0.282s     0.37x  no improvement — 3.604% larger than the incumbent.
experiment	Verify required candidates and optional bucket2 with the official gate	2026-10-06T14:53:09.8769734Z
experiment	Verify required candidates and optional bucket2 with the official gate	2026-10-06T14:53:09.8770095Z no improvement — 3.604% larger than the incumbent.
experiment	Verify required candidates and optional bucket2 with the official gate	2026-10-06T14:53:09.9165921Z {
experiment	Verify required candidates and optional bucket2 with the official gate	2026-10-06T14:53:09.9166794Z   "candidates": [
experiment	Verify required candidates and optional bucket2 with the official gate	2026-10-06T14:53:09.9170550Z     "submission"
experiment	Verify required candidates and optional bucket2 with the official gate	2026-10-06T14:53:09.9171173Z   ],
experiment	Verify required candidates and optional bucket2 with the official gate	2026-10-06T14:53:09.9171694Z   "raw_bytes": 15930000,
experiment	Verify required candidates and optional bucket2 with the official gate	2026-10-06T14:53:09.9172194Z   "methods": {
experiment	Verify required candidates and optional bucket2 with the official gate	2026-10-06T14:53:09.9172690Z     "submission": {
experiment	Verify required candidates and optional bucket2 with the official gate	2026-10-06T14:53:09.9173184Z       "output_bytes": 5315736,
experiment	Verify required candidates and optional bucket2 with the official gate	2026-10-06T14:53:09.9173796Z       "parse_s": 0.060156079000000015,
experiment	Verify required candidates and optional bucket2 with the official gate	2026-10-06T14:53:09.9174453Z       "total_s": 0.28219754799999996,
experiment	Verify required candidates and optional bucket2 with the official gate	2026-10-06T14:53:09.9175075Z       "slowdown": 0.3729901866407299
experiment	Verify required candidates and optional bucket2 with the official gate	2026-10-06T14:53:09.9175613Z     },
experiment	Verify required candidates and optional bucket2 with the official gate	2026-10-06T14:53:09.9176086Z     "incumbent": {
experiment	Verify required candidates and optional bucket2 with the official gate	2026-10-06T14:53:09.9176571Z       "output_bytes": 5130834,
experiment	Verify required candidates and optional bucket2 with the official gate	2026-10-06T14:53:09.9177151Z       "parse_s": 0.5541503339999998,
experiment	Verify required candidates and optional bucket2 with the official gate	2026-10-06T14:53:09.9177690Z       "total_s": 0.7565816959999999
experiment	Verify required candidates and optional bucket2 with the official gate	2026-10-06T14:53:09.9178468Z     }
experiment	Verify required candidates and optional bucket2 with the official gate	2026-10-06T14:53:09.9179004Z   },
experiment	Verify required candidates and optional bucket2 with the official gate	2026-10-06T14:53:09.9179477Z   "corpora": [
experiment	Verify required candidates and optional bucket2 with the official gate	2026-10-06T14:53:09.9180059Z     "corpus-stage1"
experiment	Verify required candidates and optional bucket2 with the official gate	2026-10-06T14:53:09.9180598Z   ],
experiment	Verify required candidates and optional bucket2 with the official gate	2026-10-06T14:53:09.9181036Z   "accepted": true
experiment	Verify required candidates and optional bucket2 with the official gate	2026-10-06T14:53:09.9181617Z }CANDIDATE_GATE_END bucket2
experiment	Verify required candidates and optional bucket2 with the official gate	2026-10-06T14:53:09.9182146Z CANDIDATE_GATE_BEGIN probe3
experiment	Verify required candidates and optional bucket2 with the official gate	2026-10-06T14:53:09.9434983Z {"candidates": ["submission"], "raw_bytes": 15930000, "methods": {"submission": {"output_bytes": 5287026, "parse_s": 0.05348824800000001, "total_s": 0.24178423700000004, "slowdown": 0.37330601602982044}, "incumbent": {"output_bytes": 5130834, "parse_s": 0.47371311299999996, "total_s": 0.6476837409999999}}, "corpora": ["corpus-stage1"], "accepted": true, "proof_evidence": {"reuse": true, "ci_run": 37475195400, "commit": "a52795f45f552ff51e941e3b5b614ecf3f06218a", "sha256": {"parse.rs": "e20ea5a7d2e77821008592faef393855077b9b8ceee244f390a85ac0257e047d", "Parse.lean": "3906aeb259d83d315811629a54d796b514fc3953742063081451c47997b824b7"}, "scope": "same source/proof, pinned official revision and toolchain; fresh timing follows"}}
experiment	Verify required candidates and optional bucket2 with the official gate	2026-10-06T14:53:09.9469075Z CANDIDATE_GATE_END probe3
experiment	Verify required candidates and optional bucket2 with the official gate	2026-10-06T14:53:09.9469756Z CANDIDATE_GATE_BEGIN probe2-nice16
experiment	Verify required candidates and optional bucket2 with the official gate	2026-10-06T14:53:09.9748046Z {"candidates": ["submission"], "raw_bytes": 15930000, "methods": {"submission": {"output_bytes": 5319284, "parse_s": 0.04802582899999999, "total_s": 0.23674344200000003, "slowdown": 0.3666340435149659}, "incumbent": {"output_bytes": 5130834, "parse_s": 0.473019302, "total_s": 0.645721384}}, "corpora": ["corpus-stage1"], "accepted": true, "proof_evidence": {"reuse": true, "ci_run": 37475195400, "commit": "a52795f45f552ff51e941e3b5b614ecf3f06218a", "sha256": {"parse.rs": "2c88b7fe890df3326a07c714948d2fd0c04a20274d97b96111245fe8f9234a47", "Parse.lean": "3906aeb259d83d315811629a54d796b514fc3953742063081451c47997b824b7"}, "scope": "same source/proof, pinned official revision and toolchain; fresh timing follows"}}
experiment	Verify required candidates and optional bucket2 with the official gate	2026-10-06T14:53:09.9782478Z CANDIDATE_GATE_END probe2-nice16
experiment	Verify required candidates and optional bucket2 with the official gate	2026-10-06T14:53:09.9783197Z CANDIDATE_GATE_BEGIN probe2-nice64
experiment	Verify required candidates and optional bucket2 with the official gate	2026-10-06T14:53:10.0037951Z {"candidates": ["submission"], "raw_bytes": 15930000, "methods": {"submission": {"output_bytes": 5314486, "parse_s": 0.048380795000000004, "total_s": 0.23724318899999997, "slowdown": 0.36586908206926627}, "incumbent": {"output_bytes": 5130834, "parse_s": 0.4756033300000001, "total_s": 0.64843738}}, "corpora": ["corpus-stage1"], "accepted": true, "proof_evidence": {"reuse": true, "ci_run": 37475195400, "commit": "a52795f45f552ff51e941e3b5b614ecf3f06218a", "sha256": {"parse.rs": "cd21c40b35fcef9b016f27299fa35cc58c28f2c0554d32ce4589ccbca07eb69f", "Parse.lean": "3906aeb259d83d315811629a54d796b514fc3953742063081451c47997b824b7"}, "scope": "same source/proof, pinned official revision and toolchain; fresh timing follows"}}
experiment	Verify required candidates and optional bucket2 with the official gate	2026-10-06T14:53:10.0071817Z CANDIDATE_GATE_END probe2-nice64
experiment	Require every maintained candidate gate to accept	﻿2026-10-06T14:53:10.0150715Z ##[group]Run "$DEFLATE_ROOT/.venv/bin/python" scripts/check-round2-gates.py "$RUNNER_TEMP/deflate-reports"
experiment	Require every maintained candidate gate to accept	2026-10-06T14:53:10.0151511Z ^[[36;1m"$DEFLATE_ROOT/.venv/bin/python" scripts/check-round2-gates.py "$RUNNER_TEMP/deflate-reports"^[[0m
experiment	Require every maintained candidate gate to accept	2026-10-06T14:53:10.0211651Z shell: /usr/bin/bash -e {0}
experiment	Require every maintained candidate gate to accept	2026-10-06T14:53:10.0211909Z env:
experiment	Require every maintained candidate gate to accept	2026-10-06T14:53:10.0212171Z   DEFLATE_ROOT: /home/runner/work/_temp/deflate-upstream
experiment	Require every maintained candidate gate to accept	2026-10-06T14:53:10.0212618Z   ELAN_HOME: /home/runner/work/_temp/deflate-upstream/validator/.work/elan
experiment	Require every maintained candidate gate to accept	2026-10-06T14:53:10.0213049Z   XDG_CACHE_HOME: /home/runner/work/_temp/deflate-cache
experiment	Require every maintained candidate gate to accept	2026-10-06T14:53:10.0213414Z   UV_CACHE_DIR: /home/runner/work/_temp/deflate-cache/uv
experiment	Require every maintained candidate gate to accept	2026-10-06T14:53:10.0213730Z   XDG_RUNTIME_DIR: /run/user/1001
experiment	Require every maintained candidate gate to accept	2026-10-06T14:53:10.0214018Z   DBUS_SESSION_BUS_ADDRESS: unix:path=/run/user/1001/bus
experiment	Require every maintained candidate gate to accept	2026-10-06T14:53:10.0214324Z   VERIFY_CORPUS: corpus-stage1
experiment	Require every maintained candidate gate to accept	2026-10-06T14:53:10.0214562Z   VERIFY_SANDBOX: bwrap
experiment	Require every maintained candidate gate to accept	2026-10-06T14:53:10.0214776Z   GIT_TERMINAL_PROMPT: 0
experiment	Require every maintained candidate gate to accept	2026-10-06T14:53:10.0215011Z ##[endgroup]
experiment	Require every maintained candidate gate to accept	2026-10-06T14:53:10.0565597Z REQUIRED_GATE_ACCEPTED probe3
experiment	Require every maintained candidate gate to accept	2026-10-06T14:53:10.0566351Z REQUIRED_GATE_ACCEPTED probe2-nice16
experiment	Require every maintained candidate gate to accept	2026-10-06T14:53:10.0567238Z REQUIRED_GATE_ACCEPTED probe2-nice64
experiment	Require every maintained candidate gate to accept	2026-10-06T14:53:10.0568116Z EXPERIMENTAL_GATE_ACCEPTED bucket2; not automatically promoted
experiment	Record experimental evidence	﻿2026-10-06T14:53:10.0644069Z ##[group]Run {
experiment	Record experimental evidence	2026-10-06T14:53:10.0644336Z ^[[36;1m{^[[0m
experiment	Record experimental evidence	2026-10-06T14:53:10.0644538Z ^[[36;1m  echo '## DEFLATE round 2'^[[0m
experiment	Record experimental evidence	2026-10-06T14:53:10.0644821Z ^[[36;1m  echo "Result: $JOB_STATUS"^[[0m
experiment	Record experimental evidence	2026-10-06T14:53:10.0645310Z ^[[36;1m  echo 'Required gates: probe3, probe2-nice16, probe2-nice64. bucket2 is opt-in and experimental.'^[[0m
experiment	Record experimental evidence	2026-10-06T14:53:10.0645986Z ^[[36;1m  echo 'Public stage1 and finite synthetic inputs only; no submission or reward prediction.'^[[0m
experiment	Record experimental evidence	2026-10-06T14:53:10.0646799Z ^[[36;1m  for report in research.json comparison.json bucket2-gate.json probe3-gate.json probe2-nice16-gate.json probe2-nice64-gate.json; do^[[0m
experiment	Record experimental evidence	2026-10-06T14:53:10.0647474Z ^[[36;1m    if [ -f "$RUNNER_TEMP/deflate-reports/$report" ]; then^[[0m
experiment	Record experimental evidence	2026-10-06T14:53:10.0647809Z ^[[36;1m      echo "### $report"^[[0m
experiment	Record experimental evidence	2026-10-06T14:53:10.0648053Z ^[[36;1m      echo '```json'^[[0m
experiment	Record experimental evidence	2026-10-06T14:53:10.0648667Z ^[[36;1m      cat "$RUNNER_TEMP/deflate-reports/$report"^[[0m
experiment	Record experimental evidence	2026-10-06T14:53:10.0648992Z ^[[36;1m      echo '```'^[[0m
experiment	Record experimental evidence	2026-10-06T14:53:10.0649231Z ^[[36;1m    fi^[[0m
experiment	Record experimental evidence	2026-10-06T14:53:10.0649413Z ^[[36;1m  done^[[0m
experiment	Record experimental evidence	2026-10-06T14:53:10.0649612Z ^[[36;1m} >> "$GITHUB_STEP_SUMMARY"^[[0m
experiment	Record experimental evidence	2026-10-06T14:53:10.0705273Z shell: /usr/bin/bash -e {0}
experiment	Record experimental evidence	2026-10-06T14:53:10.0705527Z env:
experiment	Record experimental evidence	2026-10-06T14:53:10.0705786Z   DEFLATE_ROOT: /home/runner/work/_temp/deflate-upstream
experiment	Record experimental evidence	2026-10-06T14:53:10.0706230Z   ELAN_HOME: /home/runner/work/_temp/deflate-upstream/validator/.work/elan
experiment	Record experimental evidence	2026-10-06T14:53:10.0706653Z   XDG_CACHE_HOME: /home/runner/work/_temp/deflate-cache
experiment	Record experimental evidence	2026-10-06T14:53:10.0707004Z   UV_CACHE_DIR: /home/runner/work/_temp/deflate-cache/uv
experiment	Record experimental evidence	2026-10-06T14:53:10.0707317Z   XDG_RUNTIME_DIR: /run/user/1001
experiment	Record experimental evidence	2026-10-06T14:53:10.0707606Z   DBUS_SESSION_BUS_ADDRESS: unix:path=/run/user/1001/bus
experiment	Record experimental evidence	2026-10-06T14:53:10.0707914Z   VERIFY_CORPUS: corpus-stage1
experiment	Record experimental evidence	2026-10-06T14:53:10.0708276Z   VERIFY_SANDBOX: bwrap
experiment	Record experimental evidence	2026-10-06T14:53:10.0708499Z   GIT_TERMINAL_PROMPT: 0
experiment	Record experimental evidence	2026-10-06T14:53:10.0708706Z   JOB_STATUS: success
experiment	Record experimental evidence	2026-10-06T14:53:10.0708906Z ##[endgroup]
experiment	Post Run actions/checkout@11d5960a326750d5838078e36cf38b85af677262	﻿2026-10-06T14:53:10.2620454Z Post job cleanup.
experiment	Post Run actions/checkout@11d5960a326750d5838078e36cf38b85af677262	2026-10-06T14:53:10.5122361Z [command]/usr/bin/git version
experiment	Post Run actions/checkout@11d5960a326750d5838078e36cf38b85af677262	2026-10-06T14:53:10.5226743Z git version 2.55.0
experiment	Post Run actions/checkout@11d5960a326750d5838078e36cf38b85af677262	2026-10-06T14:53:10.5303910Z Temporarily overriding HOME='/home/runner/work/_temp/cbdcfcbc-d33b-411d-acfb-b327913b9486' before making global git config changes
experiment	Post Run actions/checkout@11d5960a326750d5838078e36cf38b85af677262	2026-10-06T14:53:10.5318388Z Adding repository directory to the temporary git global config as a safe directory
experiment	Post Run actions/checkout@11d5960a326750d5838078e36cf38b85af677262	2026-10-06T14:53:10.5319585Z [command]/usr/bin/git config --global --add safe.directory /home/runner/work/Miner/Miner
experiment	Post Run actions/checkout@11d5960a326750d5838078e36cf38b85af677262	2026-10-06T14:53:10.5400641Z [command]/usr/bin/git config --local --name-only --get-regexp core\.sshCommand
experiment	Post Run actions/checkout@11d5960a326750d5838078e36cf38b85af677262	2026-10-06T14:53:10.5474080Z [command]/usr/bin/git submodule foreach --recursive sh -c "git config --local --name-only --get-regexp 'core\.sshCommand' && git config --local --unset-all 'core.sshCommand' || :"
experiment	Post Run actions/checkout@11d5960a326750d5838078e36cf38b85af677262	2026-10-06T14:53:10.5846659Z [command]/usr/bin/git config --local --name-only --get-regexp http\.https\:\/\/github\.com\/\.extraheader
experiment	Post Run actions/checkout@11d5960a326750d5838078e36cf38b85af677262	2026-10-06T14:53:10.5904846Z [command]/usr/bin/git submodule foreach --recursive sh -c "git config --local --name-only --get-regexp 'http\.https\:\/\/github\.com\/\.extraheader' && git config --local --unset-all 'http.https://github.com/.extraheader' || :"
experiment	Post Run actions/checkout@11d5960a326750d5838078e36cf38b85af677262	2026-10-06T14:53:10.6493403Z [command]/usr/bin/git config --local --name-only --get-regexp ^includeIf\.gitdir:
experiment	Post Run actions/checkout@11d5960a326750d5838078e36cf38b85af677262	2026-10-06T14:53:10.6572271Z [command]/usr/bin/git submodule foreach --recursive git config --local --show-origin --name-only --get-regexp remote.origin.url
experiment	Complete job	﻿2026-10-06T14:53:10.7310221Z Cleaning up orphan processes
experiment	Complete job	2026-10-06T14:53:10.7867056Z ##[warning]Node.js 20 is deprecated. The following actions target Node.js 20 but are being forced to run on Node.js 24: actions/checkout@11d5960a326750d5838078e36cf38b85af677262. For more information see: https://github.blog/changelog/2025-09-19-deprecation-of-node-20-on-github-actions-runners/
