confirm-t	Set up job	﻿2026-10-09T10:08:56.4604018Z Current runner version: '2.337.0'
confirm-t	Set up job	2026-10-09T10:08:56.4629268Z ##[group]Runner Image Provisioner
confirm-t	Set up job	2026-10-09T10:08:56.4630199Z Hosted Compute Agent
confirm-t	Set up job	2026-10-09T10:08:56.4631298Z Version: 20261002.596
confirm-t	Set up job	2026-10-09T10:08:56.4631992Z Commit: c3d12f3313a95f25162a1503be624f3b0617f8c0
confirm-t	Set up job	2026-10-09T10:08:56.4632701Z Build Date: 2026-10-02T22:28:27Z
confirm-t	Set up job	2026-10-09T10:08:56.4633484Z Worker ID: {fa101413-a9af-4b5a-a0f5-4d719daa8753}
confirm-t	Set up job	2026-10-09T10:08:56.4634243Z Region: westcentralus
confirm-t	Set up job	2026-10-09T10:08:56.4634896Z Cloud: Azure
confirm-t	Set up job	2026-10-09T10:08:56.4635429Z ##[endgroup]
confirm-t	Set up job	2026-10-09T10:08:56.4636857Z ##[group]Operating System
confirm-t	Set up job	2026-10-09T10:08:56.4637630Z Ubuntu
confirm-t	Set up job	2026-10-09T10:08:56.4638148Z 24.04.5
confirm-t	Set up job	2026-10-09T10:08:56.4638942Z LTS
confirm-t	Set up job	2026-10-09T10:08:56.4639471Z ##[endgroup]
confirm-t	Set up job	2026-10-09T10:08:56.4640015Z ##[group]Runner Image
confirm-t	Set up job	2026-10-09T10:08:56.4640727Z Image: ubuntu-24.04
confirm-t	Set up job	2026-10-09T10:08:56.4641292Z Version: 20261004.327.1
confirm-t	Set up job	2026-10-09T10:08:56.4642376Z Included Software: https://github.com/actions/runner-images/blob/ubuntu24/20261004.327/images/ubuntu/Ubuntu2404-Readme.md
confirm-t	Set up job	2026-10-09T10:08:56.4644138Z Image Release: https://github.com/actions/runner-images/releases/tag/ubuntu24%2F20261004.327
confirm-t	Set up job	2026-10-09T10:08:56.4645208Z ##[endgroup]
confirm-t	Set up job	2026-10-09T10:08:56.4646261Z ##[group]GITHUB_TOKEN Permissions
confirm-t	Set up job	2026-10-09T10:08:56.4648167Z Contents: read
confirm-t	Set up job	2026-10-09T10:08:56.4649283Z Metadata: read
confirm-t	Set up job	2026-10-09T10:08:56.4649962Z ##[endgroup]
confirm-t	Set up job	2026-10-09T10:08:56.4651990Z Secret source: Actions
confirm-t	Set up job	2026-10-09T10:08:56.4653013Z Cache mode: write
confirm-t	Set up job	2026-10-09T10:08:56.4653720Z Prepare workflow directory
confirm-t	Set up job	2026-10-09T10:08:56.5203983Z Prepare all required actions
confirm-t	Set up job	2026-10-09T10:08:56.5252074Z Getting action download info
confirm-t	Set up job	2026-10-09T10:08:56.8304049Z Download action repository 'actions/checkout@11d5960a326750d5838078e36cf38b85af677262' (SHA:11d5960a326750d5838078e36cf38b85af677262)
confirm-t	Set up job	2026-10-09T10:08:56.9603729Z Download action repository 'actions/upload-artifact@ea165f8d65b6e75b540449e92b4886f43607fa02' (SHA:ea165f8d65b6e75b540449e92b4886f43607fa02)
confirm-t	Set up job	2026-10-09T10:08:57.2242435Z Complete job name: confirm-t
confirm-t	Run actions/checkout@11d5960a326750d5838078e36cf38b85af677262	﻿2026-10-09T10:08:57.2997340Z ##[group]Run actions/checkout@11d5960a326750d5838078e36cf38b85af677262
confirm-t	Run actions/checkout@11d5960a326750d5838078e36cf38b85af677262	2026-10-09T10:08:57.2998630Z with:
confirm-t	Run actions/checkout@11d5960a326750d5838078e36cf38b85af677262	2026-10-09T10:08:57.2999083Z   persist-credentials: false
confirm-t	Run actions/checkout@11d5960a326750d5838078e36cf38b85af677262	2026-10-09T10:08:57.2999623Z   repository: HuanHuanHuanFFF/Miner
confirm-t	Run actions/checkout@11d5960a326750d5838078e36cf38b85af677262	2026-10-09T10:08:57.3003277Z   token: ***
confirm-t	Run actions/checkout@11d5960a326750d5838078e36cf38b85af677262	2026-10-09T10:08:57.3003711Z   ssh-strict: true
confirm-t	Run actions/checkout@11d5960a326750d5838078e36cf38b85af677262	2026-10-09T10:08:57.3004138Z   ssh-user: git
confirm-t	Run actions/checkout@11d5960a326750d5838078e36cf38b85af677262	2026-10-09T10:08:57.3004549Z   clean: true
confirm-t	Run actions/checkout@11d5960a326750d5838078e36cf38b85af677262	2026-10-09T10:08:57.3004990Z   sparse-checkout-cone-mode: true
confirm-t	Run actions/checkout@11d5960a326750d5838078e36cf38b85af677262	2026-10-09T10:08:57.3005512Z   fetch-depth: 1
confirm-t	Run actions/checkout@11d5960a326750d5838078e36cf38b85af677262	2026-10-09T10:08:57.3005930Z   fetch-tags: false
confirm-t	Run actions/checkout@11d5960a326750d5838078e36cf38b85af677262	2026-10-09T10:08:57.3006359Z   show-progress: true
confirm-t	Run actions/checkout@11d5960a326750d5838078e36cf38b85af677262	2026-10-09T10:08:57.3006801Z   lfs: false
confirm-t	Run actions/checkout@11d5960a326750d5838078e36cf38b85af677262	2026-10-09T10:08:57.3007211Z   submodules: false
confirm-t	Run actions/checkout@11d5960a326750d5838078e36cf38b85af677262	2026-10-09T10:08:57.3007655Z   set-safe-directory: true
confirm-t	Run actions/checkout@11d5960a326750d5838078e36cf38b85af677262	2026-10-09T10:08:57.3008160Z   allow-unsafe-pr-checkout: false
confirm-t	Run actions/checkout@11d5960a326750d5838078e36cf38b85af677262	2026-10-09T10:08:57.3009183Z env:
confirm-t	Run actions/checkout@11d5960a326750d5838078e36cf38b85af677262	2026-10-09T10:08:57.3009627Z   ROUND4_SPEC: confirm-t
confirm-t	Run actions/checkout@11d5960a326750d5838078e36cf38b85af677262	2026-10-09T10:08:57.3010120Z   ROUND4_SPEC_DIR: evidence/round15
confirm-t	Run actions/checkout@11d5960a326750d5838078e36cf38b85af677262	2026-10-09T10:08:57.3010664Z ##[endgroup]
confirm-t	Run actions/checkout@11d5960a326750d5838078e36cf38b85af677262	2026-10-09T10:08:57.4017079Z Syncing repository: HuanHuanHuanFFF/Miner
confirm-t	Run actions/checkout@11d5960a326750d5838078e36cf38b85af677262	2026-10-09T10:08:57.4020039Z ##[group]Getting Git version info
confirm-t	Run actions/checkout@11d5960a326750d5838078e36cf38b85af677262	2026-10-09T10:08:57.4021123Z Working directory is '/home/runner/work/Miner/Miner'
confirm-t	Run actions/checkout@11d5960a326750d5838078e36cf38b85af677262	2026-10-09T10:08:57.4022645Z [command]/usr/bin/git version
confirm-t	Run actions/checkout@11d5960a326750d5838078e36cf38b85af677262	2026-10-09T10:08:57.4088433Z git version 2.55.0
confirm-t	Run actions/checkout@11d5960a326750d5838078e36cf38b85af677262	2026-10-09T10:08:57.4110911Z ##[endgroup]
confirm-t	Run actions/checkout@11d5960a326750d5838078e36cf38b85af677262	2026-10-09T10:08:57.4127464Z Temporarily overriding HOME='/home/runner/work/_temp/c8fcab37-f11f-4260-920e-9d5d0d166216' before making global git config changes
confirm-t	Run actions/checkout@11d5960a326750d5838078e36cf38b85af677262	2026-10-09T10:08:57.4130249Z Adding repository directory to the temporary git global config as a safe directory
confirm-t	Run actions/checkout@11d5960a326750d5838078e36cf38b85af677262	2026-10-09T10:08:57.4132094Z [command]/usr/bin/git config --global --add safe.directory /home/runner/work/Miner/Miner
confirm-t	Run actions/checkout@11d5960a326750d5838078e36cf38b85af677262	2026-10-09T10:08:57.4182628Z Deleting the contents of '/home/runner/work/Miner/Miner'
confirm-t	Run actions/checkout@11d5960a326750d5838078e36cf38b85af677262	2026-10-09T10:08:57.4186238Z ##[group]Initializing the repository
confirm-t	Run actions/checkout@11d5960a326750d5838078e36cf38b85af677262	2026-10-09T10:08:57.4190339Z [command]/usr/bin/git init /home/runner/work/Miner/Miner
confirm-t	Run actions/checkout@11d5960a326750d5838078e36cf38b85af677262	2026-10-09T10:08:57.4320093Z hint: Using 'master' as the name for the initial branch. This default branch name
confirm-t	Run actions/checkout@11d5960a326750d5838078e36cf38b85af677262	2026-10-09T10:08:57.4322108Z hint: will change to "main" in Git 3.0. To configure the initial branch name
confirm-t	Run actions/checkout@11d5960a326750d5838078e36cf38b85af677262	2026-10-09T10:08:57.4329848Z hint: to use in all of your new repositories, which will suppress this warning,
confirm-t	Run actions/checkout@11d5960a326750d5838078e36cf38b85af677262	2026-10-09T10:08:57.4331611Z hint: call:
confirm-t	Run actions/checkout@11d5960a326750d5838078e36cf38b85af677262	2026-10-09T10:08:57.4334812Z hint:
confirm-t	Run actions/checkout@11d5960a326750d5838078e36cf38b85af677262	2026-10-09T10:08:57.4335804Z hint: 	git config --global init.defaultBranch <name>
confirm-t	Run actions/checkout@11d5960a326750d5838078e36cf38b85af677262	2026-10-09T10:08:57.4336990Z hint:
confirm-t	Run actions/checkout@11d5960a326750d5838078e36cf38b85af677262	2026-10-09T10:08:57.4338087Z hint: Names commonly chosen instead of 'master' are 'main', 'trunk' and
confirm-t	Run actions/checkout@11d5960a326750d5838078e36cf38b85af677262	2026-10-09T10:08:57.4339973Z hint: 'development'. The just-created branch can be renamed via this command:
confirm-t	Run actions/checkout@11d5960a326750d5838078e36cf38b85af677262	2026-10-09T10:08:57.4341992Z hint:
confirm-t	Run actions/checkout@11d5960a326750d5838078e36cf38b85af677262	2026-10-09T10:08:57.4342764Z hint: 	git branch -m <name>
confirm-t	Run actions/checkout@11d5960a326750d5838078e36cf38b85af677262	2026-10-09T10:08:57.4343615Z hint:
confirm-t	Run actions/checkout@11d5960a326750d5838078e36cf38b85af677262	2026-10-09T10:08:57.4344717Z hint: Disable this message with "git config set advice.defaultBranchName false"
confirm-t	Run actions/checkout@11d5960a326750d5838078e36cf38b85af677262	2026-10-09T10:08:57.4346314Z Initialized empty Git repository in /home/runner/work/Miner/Miner/.git/
confirm-t	Run actions/checkout@11d5960a326750d5838078e36cf38b85af677262	2026-10-09T10:08:57.4349654Z [command]/usr/bin/git remote add origin https://github.com/HuanHuanHuanFFF/Miner
confirm-t	Run actions/checkout@11d5960a326750d5838078e36cf38b85af677262	2026-10-09T10:08:57.4409766Z ##[endgroup]
confirm-t	Run actions/checkout@11d5960a326750d5838078e36cf38b85af677262	2026-10-09T10:08:57.4411178Z ##[group]Disabling automatic garbage collection
confirm-t	Run actions/checkout@11d5960a326750d5838078e36cf38b85af677262	2026-10-09T10:08:57.4415000Z [command]/usr/bin/git config --local gc.auto 0
confirm-t	Run actions/checkout@11d5960a326750d5838078e36cf38b85af677262	2026-10-09T10:08:57.4465907Z ##[endgroup]
confirm-t	Run actions/checkout@11d5960a326750d5838078e36cf38b85af677262	2026-10-09T10:08:57.4467489Z ##[group]Setting up auth
confirm-t	Run actions/checkout@11d5960a326750d5838078e36cf38b85af677262	2026-10-09T10:08:57.4469264Z [command]/usr/bin/git config --local --name-only --get-regexp core\.sshCommand
confirm-t	Run actions/checkout@11d5960a326750d5838078e36cf38b85af677262	2026-10-09T10:08:57.4494222Z [command]/usr/bin/git submodule foreach --recursive sh -c "git config --local --name-only --get-regexp 'core\.sshCommand' && git config --local --unset-all 'core.sshCommand' || :"
confirm-t	Run actions/checkout@11d5960a326750d5838078e36cf38b85af677262	2026-10-09T10:08:57.4860922Z [command]/usr/bin/git config --local --name-only --get-regexp http\.https\:\/\/github\.com\/\.extraheader
confirm-t	Run actions/checkout@11d5960a326750d5838078e36cf38b85af677262	2026-10-09T10:08:57.4899358Z [command]/usr/bin/git submodule foreach --recursive sh -c "git config --local --name-only --get-regexp 'http\.https\:\/\/github\.com\/\.extraheader' && git config --local --unset-all 'http.https://github.com/.extraheader' || :"
confirm-t	Run actions/checkout@11d5960a326750d5838078e36cf38b85af677262	2026-10-09T10:08:57.5151285Z [command]/usr/bin/git config --local --name-only --get-regexp ^includeIf\.gitdir:
confirm-t	Run actions/checkout@11d5960a326750d5838078e36cf38b85af677262	2026-10-09T10:08:57.5196340Z [command]/usr/bin/git submodule foreach --recursive git config --local --show-origin --name-only --get-regexp remote.origin.url
confirm-t	Run actions/checkout@11d5960a326750d5838078e36cf38b85af677262	2026-10-09T10:08:57.5449929Z [command]/usr/bin/git config --local http.https://github.com/.extraheader AUTHORIZATION: basic ***
confirm-t	Run actions/checkout@11d5960a326750d5838078e36cf38b85af677262	2026-10-09T10:08:57.5495849Z ##[endgroup]
confirm-t	Run actions/checkout@11d5960a326750d5838078e36cf38b85af677262	2026-10-09T10:08:57.5496673Z ##[group]Fetching the repository
confirm-t	Run actions/checkout@11d5960a326750d5838078e36cf38b85af677262	2026-10-09T10:08:57.5511171Z [command]/usr/bin/git -c protocol.version=2 fetch --no-tags --prune --no-recurse-submodules --depth=1 origin +9c120e0d7e88fd9daa0368b1c634b905050436c8:refs/remotes/origin/codex/round15-share
confirm-t	Run actions/checkout@11d5960a326750d5838078e36cf38b85af677262	2026-10-09T10:09:08.9937765Z From https://github.com/HuanHuanHuanFFF/Miner
confirm-t	Run actions/checkout@11d5960a326750d5838078e36cf38b85af677262	2026-10-09T10:09:08.9940549Z  * [new ref]         9c120e0d7e88fd9daa0368b1c634b905050436c8 -> origin/codex/round15-share
confirm-t	Run actions/checkout@11d5960a326750d5838078e36cf38b85af677262	2026-10-09T10:09:08.9944448Z ##[endgroup]
confirm-t	Run actions/checkout@11d5960a326750d5838078e36cf38b85af677262	2026-10-09T10:09:08.9946197Z ##[group]Determining the checkout info
confirm-t	Run actions/checkout@11d5960a326750d5838078e36cf38b85af677262	2026-10-09T10:09:08.9947625Z ##[endgroup]
confirm-t	Run actions/checkout@11d5960a326750d5838078e36cf38b85af677262	2026-10-09T10:09:08.9952170Z [command]/usr/bin/git sparse-checkout disable
confirm-t	Run actions/checkout@11d5960a326750d5838078e36cf38b85af677262	2026-10-09T10:09:09.0006445Z [command]/usr/bin/git config --local --unset-all extensions.worktreeConfig
confirm-t	Run actions/checkout@11d5960a326750d5838078e36cf38b85af677262	2026-10-09T10:09:09.0040285Z ##[group]Checking out the ref
confirm-t	Run actions/checkout@11d5960a326750d5838078e36cf38b85af677262	2026-10-09T10:09:09.0044593Z [command]/usr/bin/git checkout --progress --force -B codex/round15-share refs/remotes/origin/codex/round15-share
confirm-t	Run actions/checkout@11d5960a326750d5838078e36cf38b85af677262	2026-10-09T10:09:10.0341195Z Updating files:  47% (4356/9225)
confirm-t	Run actions/checkout@11d5960a326750d5838078e36cf38b85af677262	2026-10-09T10:09:10.0421830Z Updating files:  48% (4428/9225)
confirm-t	Run actions/checkout@11d5960a326750d5838078e36cf38b85af677262	2026-10-09T10:09:10.0589488Z Updating files:  49% (4521/9225)
confirm-t	Run actions/checkout@11d5960a326750d5838078e36cf38b85af677262	2026-10-09T10:09:10.0724120Z Updating files:  50% (4613/9225)
confirm-t	Run actions/checkout@11d5960a326750d5838078e36cf38b85af677262	2026-10-09T10:09:10.0934062Z Updating files:  51% (4705/9225)
confirm-t	Run actions/checkout@11d5960a326750d5838078e36cf38b85af677262	2026-10-09T10:09:10.1120987Z Updating files:  52% (4797/9225)
confirm-t	Run actions/checkout@11d5960a326750d5838078e36cf38b85af677262	2026-10-09T10:09:10.1323307Z Updating files:  53% (4890/9225)
confirm-t	Run actions/checkout@11d5960a326750d5838078e36cf38b85af677262	2026-10-09T10:09:10.1509906Z Updating files:  54% (4982/9225)
confirm-t	Run actions/checkout@11d5960a326750d5838078e36cf38b85af677262	2026-10-09T10:09:10.1614680Z Updating files:  55% (5074/9225)
confirm-t	Run actions/checkout@11d5960a326750d5838078e36cf38b85af677262	2026-10-09T10:09:10.1816352Z Updating files:  56% (5166/9225)
confirm-t	Run actions/checkout@11d5960a326750d5838078e36cf38b85af677262	2026-10-09T10:09:10.2037212Z Updating files:  57% (5259/9225)
confirm-t	Run actions/checkout@11d5960a326750d5838078e36cf38b85af677262	2026-10-09T10:09:10.2179970Z Updating files:  58% (5351/9225)
confirm-t	Run actions/checkout@11d5960a326750d5838078e36cf38b85af677262	2026-10-09T10:09:10.2379754Z Updating files:  59% (5443/9225)
confirm-t	Run actions/checkout@11d5960a326750d5838078e36cf38b85af677262	2026-10-09T10:09:10.2470157Z Updating files:  60% (5535/9225)
confirm-t	Run actions/checkout@11d5960a326750d5838078e36cf38b85af677262	2026-10-09T10:09:10.2901716Z Updating files:  61% (5628/9225)
confirm-t	Run actions/checkout@11d5960a326750d5838078e36cf38b85af677262	2026-10-09T10:09:10.3212436Z Updating files:  62% (5720/9225)
confirm-t	Run actions/checkout@11d5960a326750d5838078e36cf38b85af677262	2026-10-09T10:09:10.3634170Z Updating files:  63% (5812/9225)
confirm-t	Run actions/checkout@11d5960a326750d5838078e36cf38b85af677262	2026-10-09T10:09:10.3923571Z Updating files:  64% (5904/9225)
confirm-t	Run actions/checkout@11d5960a326750d5838078e36cf38b85af677262	2026-10-09T10:09:10.4841654Z Updating files:  65% (5997/9225)
confirm-t	Run actions/checkout@11d5960a326750d5838078e36cf38b85af677262	2026-10-09T10:09:10.5292498Z Updating files:  66% (6089/9225)
confirm-t	Run actions/checkout@11d5960a326750d5838078e36cf38b85af677262	2026-10-09T10:09:10.5510667Z Updating files:  67% (6181/9225)
confirm-t	Run actions/checkout@11d5960a326750d5838078e36cf38b85af677262	2026-10-09T10:09:10.5913292Z Updating files:  68% (6273/9225)
confirm-t	Run actions/checkout@11d5960a326750d5838078e36cf38b85af677262	2026-10-09T10:09:10.6132244Z Updating files:  69% (6366/9225)
confirm-t	Run actions/checkout@11d5960a326750d5838078e36cf38b85af677262	2026-10-09T10:09:10.6488881Z Updating files:  70% (6458/9225)
confirm-t	Run actions/checkout@11d5960a326750d5838078e36cf38b85af677262	2026-10-09T10:09:10.6771508Z Updating files:  71% (6550/9225)
confirm-t	Run actions/checkout@11d5960a326750d5838078e36cf38b85af677262	2026-10-09T10:09:10.7021890Z Updating files:  72% (6642/9225)
confirm-t	Run actions/checkout@11d5960a326750d5838078e36cf38b85af677262	2026-10-09T10:09:10.7242410Z Updating files:  73% (6735/9225)
confirm-t	Run actions/checkout@11d5960a326750d5838078e36cf38b85af677262	2026-10-09T10:09:10.7429794Z Updating files:  74% (6827/9225)
confirm-t	Run actions/checkout@11d5960a326750d5838078e36cf38b85af677262	2026-10-09T10:09:10.7623506Z Updating files:  75% (6919/9225)
confirm-t	Run actions/checkout@11d5960a326750d5838078e36cf38b85af677262	2026-10-09T10:09:10.7856914Z Updating files:  76% (7011/9225)
confirm-t	Run actions/checkout@11d5960a326750d5838078e36cf38b85af677262	2026-10-09T10:09:10.8005036Z Updating files:  77% (7104/9225)
confirm-t	Run actions/checkout@11d5960a326750d5838078e36cf38b85af677262	2026-10-09T10:09:10.8222068Z Updating files:  78% (7196/9225)
confirm-t	Run actions/checkout@11d5960a326750d5838078e36cf38b85af677262	2026-10-09T10:09:10.8385819Z Updating files:  79% (7288/9225)
confirm-t	Run actions/checkout@11d5960a326750d5838078e36cf38b85af677262	2026-10-09T10:09:10.8627983Z Updating files:  80% (7380/9225)
confirm-t	Run actions/checkout@11d5960a326750d5838078e36cf38b85af677262	2026-10-09T10:09:10.8804606Z Updating files:  81% (7473/9225)
confirm-t	Run actions/checkout@11d5960a326750d5838078e36cf38b85af677262	2026-10-09T10:09:10.8923802Z Updating files:  82% (7565/9225)
confirm-t	Run actions/checkout@11d5960a326750d5838078e36cf38b85af677262	2026-10-09T10:09:10.9375936Z Updating files:  83% (7657/9225)
confirm-t	Run actions/checkout@11d5960a326750d5838078e36cf38b85af677262	2026-10-09T10:09:10.9660838Z Updating files:  84% (7749/9225)
confirm-t	Run actions/checkout@11d5960a326750d5838078e36cf38b85af677262	2026-10-09T10:09:10.9987705Z Updating files:  85% (7842/9225)
confirm-t	Run actions/checkout@11d5960a326750d5838078e36cf38b85af677262	2026-10-09T10:09:11.0169178Z Updating files:  86% (7934/9225)
confirm-t	Run actions/checkout@11d5960a326750d5838078e36cf38b85af677262	2026-10-09T10:09:11.0203652Z Updating files:  86% (7999/9225)
confirm-t	Run actions/checkout@11d5960a326750d5838078e36cf38b85af677262	2026-10-09T10:09:11.0446930Z Updating files:  87% (8026/9225)
confirm-t	Run actions/checkout@11d5960a326750d5838078e36cf38b85af677262	2026-10-09T10:09:11.0738751Z Updating files:  88% (8118/9225)
confirm-t	Run actions/checkout@11d5960a326750d5838078e36cf38b85af677262	2026-10-09T10:09:11.0952647Z Updating files:  89% (8211/9225)
confirm-t	Run actions/checkout@11d5960a326750d5838078e36cf38b85af677262	2026-10-09T10:09:11.1462503Z Updating files:  90% (8303/9225)
confirm-t	Run actions/checkout@11d5960a326750d5838078e36cf38b85af677262	2026-10-09T10:09:11.1667241Z Updating files:  91% (8395/9225)
confirm-t	Run actions/checkout@11d5960a326750d5838078e36cf38b85af677262	2026-10-09T10:09:11.1882750Z Updating files:  92% (8487/9225)
confirm-t	Run actions/checkout@11d5960a326750d5838078e36cf38b85af677262	2026-10-09T10:09:11.2064710Z Updating files:  93% (8580/9225)
confirm-t	Run actions/checkout@11d5960a326750d5838078e36cf38b85af677262	2026-10-09T10:09:11.2223250Z Updating files:  94% (8672/9225)
confirm-t	Run actions/checkout@11d5960a326750d5838078e36cf38b85af677262	2026-10-09T10:09:11.2359946Z Updating files:  95% (8764/9225)
confirm-t	Run actions/checkout@11d5960a326750d5838078e36cf38b85af677262	2026-10-09T10:09:11.2591281Z Updating files:  96% (8856/9225)
confirm-t	Run actions/checkout@11d5960a326750d5838078e36cf38b85af677262	2026-10-09T10:09:11.2827560Z Updating files:  97% (8949/9225)
confirm-t	Run actions/checkout@11d5960a326750d5838078e36cf38b85af677262	2026-10-09T10:09:11.2883808Z Updating files:  98% (9041/9225)
confirm-t	Run actions/checkout@11d5960a326750d5838078e36cf38b85af677262	2026-10-09T10:09:11.2950676Z Updating files:  99% (9133/9225)
confirm-t	Run actions/checkout@11d5960a326750d5838078e36cf38b85af677262	2026-10-09T10:09:11.2951427Z Updating files: 100% (9225/9225)
confirm-t	Run actions/checkout@11d5960a326750d5838078e36cf38b85af677262	2026-10-09T10:09:11.2952033Z Updating files: 100% (9225/9225), done.
confirm-t	Run actions/checkout@11d5960a326750d5838078e36cf38b85af677262	2026-10-09T10:09:11.3058904Z Switched to a new branch 'codex/round15-share'
confirm-t	Run actions/checkout@11d5960a326750d5838078e36cf38b85af677262	2026-10-09T10:09:11.3065477Z branch 'codex/round15-share' set up to track 'origin/codex/round15-share'.
confirm-t	Run actions/checkout@11d5960a326750d5838078e36cf38b85af677262	2026-10-09T10:09:11.3193188Z ##[endgroup]
confirm-t	Run actions/checkout@11d5960a326750d5838078e36cf38b85af677262	2026-10-09T10:09:11.3241016Z [command]/usr/bin/git log -1 --format=%H
confirm-t	Run actions/checkout@11d5960a326750d5838078e36cf38b85af677262	2026-10-09T10:09:11.3267677Z 9c120e0d7e88fd9daa0368b1c634b905050436c8
confirm-t	Run actions/checkout@11d5960a326750d5838078e36cf38b85af677262	2026-10-09T10:09:11.3278969Z ##[group]Removing auth
confirm-t	Run actions/checkout@11d5960a326750d5838078e36cf38b85af677262	2026-10-09T10:09:11.3283185Z [command]/usr/bin/git config --local --name-only --get-regexp core\.sshCommand
confirm-t	Run actions/checkout@11d5960a326750d5838078e36cf38b85af677262	2026-10-09T10:09:11.3321761Z [command]/usr/bin/git submodule foreach --recursive sh -c "git config --local --name-only --get-regexp 'core\.sshCommand' && git config --local --unset-all 'core.sshCommand' || :"
confirm-t	Run actions/checkout@11d5960a326750d5838078e36cf38b85af677262	2026-10-09T10:09:11.3557799Z [command]/usr/bin/git config --local --name-only --get-regexp http\.https\:\/\/github\.com\/\.extraheader
confirm-t	Run actions/checkout@11d5960a326750d5838078e36cf38b85af677262	2026-10-09T10:09:11.3586995Z http.https://github.com/.extraheader
confirm-t	Run actions/checkout@11d5960a326750d5838078e36cf38b85af677262	2026-10-09T10:09:11.3594895Z [command]/usr/bin/git config --local --unset-all http.https://github.com/.extraheader
confirm-t	Run actions/checkout@11d5960a326750d5838078e36cf38b85af677262	2026-10-09T10:09:11.3630182Z [command]/usr/bin/git submodule foreach --recursive sh -c "git config --local --name-only --get-regexp 'http\.https\:\/\/github\.com\/\.extraheader' && git config --local --unset-all 'http.https://github.com/.extraheader' || :"
confirm-t	Run actions/checkout@11d5960a326750d5838078e36cf38b85af677262	2026-10-09T10:09:11.3860224Z [command]/usr/bin/git config --local --name-only --get-regexp ^includeIf\.gitdir:
confirm-t	Run actions/checkout@11d5960a326750d5838078e36cf38b85af677262	2026-10-09T10:09:11.3892209Z [command]/usr/bin/git submodule foreach --recursive git config --local --show-origin --name-only --get-regexp remote.origin.url
confirm-t	Run actions/checkout@11d5960a326750d5838078e36cf38b85af677262	2026-10-09T10:09:11.4119066Z ##[endgroup]
confirm-t	Validate batch and exact candidate bytes	﻿2026-10-09T10:09:11.4320407Z ##[group]Run python3 scripts/round4.py preflight
confirm-t	Validate batch and exact candidate bytes	2026-10-09T10:09:11.4320881Z ^[[36;1mpython3 scripts/round4.py preflight^[[0m
confirm-t	Validate batch and exact candidate bytes	2026-10-09T10:09:11.4566022Z shell: /usr/bin/bash -e {0}
confirm-t	Validate batch and exact candidate bytes	2026-10-09T10:09:11.4566336Z env:
confirm-t	Validate batch and exact candidate bytes	2026-10-09T10:09:11.4566563Z   ROUND4_SPEC: confirm-t
confirm-t	Validate batch and exact candidate bytes	2026-10-09T10:09:11.4566859Z   ROUND4_SPEC_DIR: evidence/round15
confirm-t	Validate batch and exact candidate bytes	2026-10-09T10:09:11.4567165Z ##[endgroup]
confirm-t	Validate batch and exact candidate bytes	2026-10-09T10:09:11.5293821Z PREFLIGHT confirm-t 8 hash-bound source/proof pairs
confirm-t	Prepare isolated runner and pinned source	﻿2026-10-09T10:09:11.5401583Z ##[group]Run bash scripts/ci-prepare.sh
confirm-t	Prepare isolated runner and pinned source	2026-10-09T10:09:11.5401973Z ^[[36;1mbash scripts/ci-prepare.sh^[[0m
confirm-t	Prepare isolated runner and pinned source	2026-10-09T10:09:11.5466064Z shell: /usr/bin/bash -e {0}
confirm-t	Prepare isolated runner and pinned source	2026-10-09T10:09:11.5466331Z env:
confirm-t	Prepare isolated runner and pinned source	2026-10-09T10:09:11.5466527Z   ROUND4_SPEC: confirm-t
confirm-t	Prepare isolated runner and pinned source	2026-10-09T10:09:11.5466781Z   ROUND4_SPEC_DIR: evidence/round15
confirm-t	Prepare isolated runner and pinned source	2026-10-09T10:09:11.5467042Z ##[endgroup]
confirm-t	Prepare isolated runner and pinned source	2026-10-09T10:09:11.5669225Z Filesystem      Size  Used Avail Use% Mounted on
confirm-t	Prepare isolated runner and pinned source	2026-10-09T10:09:11.5669722Z /dev/root       145G   60G   85G  42% /
confirm-t	Prepare isolated runner and pinned source	2026-10-09T10:11:05.0145556Z Reading package lists...
confirm-t	Prepare isolated runner and pinned source	2026-10-09T10:11:05.1936839Z Building dependency tree...
confirm-t	Prepare isolated runner and pinned source	2026-10-09T10:11:05.1943773Z Reading state information...
confirm-t	Prepare isolated runner and pinned source	2026-10-09T10:11:05.3713653Z curl is already the newest version (8.5.0-2ubuntu10.15).
confirm-t	Prepare isolated runner and pinned source	2026-10-09T10:11:05.3714406Z python3 is already the newest version (3.12.3-0ubuntu2.1).
confirm-t	Prepare isolated runner and pinned source	2026-10-09T10:11:05.3715100Z python3-venv is already the newest version (3.12.3-0ubuntu2.1).
confirm-t	Prepare isolated runner and pinned source	2026-10-09T10:11:05.3715810Z git is already the newest version (1:2.55.0-0ppa1~ubuntu24.04.2).
confirm-t	Prepare isolated runner and pinned source	2026-10-09T10:11:05.3716522Z git set to manually installed.
confirm-t	Prepare isolated runner and pinned source	2026-10-09T10:11:05.3717024Z pkg-config is already the newest version (1.8.1-2build1).
confirm-t	Prepare isolated runner and pinned source	2026-10-09T10:11:05.3717430Z libssl-dev is already the newest version (3.0.13-0ubuntu3.16).
confirm-t	Prepare isolated runner and pinned source	2026-10-09T10:11:05.3717868Z zlib1g-dev is already the newest version (1:1.3.dfsg-3.1ubuntu2.2).
confirm-t	Prepare isolated runner and pinned source	2026-10-09T10:11:05.3718460Z dbus-user-session is already the newest version (1.14.10-4ubuntu4.1).
confirm-t	Prepare isolated runner and pinned source	2026-10-09T10:11:05.3718868Z dbus-user-session set to manually installed.
confirm-t	Prepare isolated runner and pinned source	2026-10-09T10:11:05.3719180Z The following NEW packages will be installed:
confirm-t	Prepare isolated runner and pinned source	2026-10-09T10:11:05.3723544Z   bubblewrap build-essential
confirm-t	Prepare isolated runner and pinned source	2026-10-09T10:11:05.3885914Z 0 upgraded, 2 newly installed, 0 to remove and 23 not upgraded.
confirm-t	Prepare isolated runner and pinned source	2026-10-09T10:11:05.3886540Z Need to get 55.4 kB of archives.
confirm-t	Prepare isolated runner and pinned source	2026-10-09T10:11:05.3886967Z After this operation, 151 kB of additional disk space will be used.
confirm-t	Prepare isolated runner and pinned source	2026-10-09T10:11:05.3887404Z Get:1 file:/etc/apt/apt-mirrors.txt Mirrorlist [144 B]
confirm-t	Prepare isolated runner and pinned source	2026-10-09T10:11:05.5079774Z Get:2 http://azure.archive.ubuntu.com/ubuntu noble-updates/main amd64 bubblewrap amd64 0.9.0-1ubuntu0.3 [50.4 kB]
confirm-t	Prepare isolated runner and pinned source	2026-10-09T10:11:05.6519868Z Get:3 http://azure.archive.ubuntu.com/ubuntu noble/main amd64 build-essential amd64 12.10ubuntu1 [4928 B]
confirm-t	Prepare isolated runner and pinned source	2026-10-09T10:11:05.9059004Z Fetched 55.4 kB in 0s (203 kB/s)
confirm-t	Prepare isolated runner and pinned source	2026-10-09T10:11:05.9432558Z Selecting previously unselected package bubblewrap.
confirm-t	Prepare isolated runner and pinned source	2026-10-09T10:11:06.0086175Z (Reading database ... 
confirm-t	Prepare isolated runner and pinned source	2026-10-09T10:11:06.0087401Z (Reading database ... 5%
confirm-t	Prepare isolated runner and pinned source	2026-10-09T10:11:06.0087793Z (Reading database ... 10%
confirm-t	Prepare isolated runner and pinned source	2026-10-09T10:11:06.0088121Z (Reading database ... 15%
confirm-t	Prepare isolated runner and pinned source	2026-10-09T10:11:06.0088674Z (Reading database ... 20%
confirm-t	Prepare isolated runner and pinned source	2026-10-09T10:11:06.0088984Z (Reading database ... 25%
confirm-t	Prepare isolated runner and pinned source	2026-10-09T10:11:06.0089287Z (Reading database ... 30%
confirm-t	Prepare isolated runner and pinned source	2026-10-09T10:11:06.0089585Z (Reading database ... 35%
confirm-t	Prepare isolated runner and pinned source	2026-10-09T10:11:06.0089887Z (Reading database ... 40%
confirm-t	Prepare isolated runner and pinned source	2026-10-09T10:11:06.0090189Z (Reading database ... 45%
confirm-t	Prepare isolated runner and pinned source	2026-10-09T10:11:06.0090492Z (Reading database ... 50%
confirm-t	Prepare isolated runner and pinned source	2026-10-09T10:11:06.0572563Z (Reading database ... 55%
confirm-t	Prepare isolated runner and pinned source	2026-10-09T10:11:06.4317461Z (Reading database ... 60%
confirm-t	Prepare isolated runner and pinned source	2026-10-09T10:11:06.7124763Z (Reading database ... 65%
confirm-t	Prepare isolated runner and pinned source	2026-10-09T10:11:06.9998249Z (Reading database ... 70%
confirm-t	Prepare isolated runner and pinned source	2026-10-09T10:11:07.3506135Z (Reading database ... 75%
confirm-t	Prepare isolated runner and pinned source	2026-10-09T10:11:07.8206053Z (Reading database ... 80%
confirm-t	Prepare isolated runner and pinned source	2026-10-09T10:11:08.3062494Z (Reading database ... 85%
confirm-t	Prepare isolated runner and pinned source	2026-10-09T10:11:08.8526776Z (Reading database ... 90%
confirm-t	Prepare isolated runner and pinned source	2026-10-09T10:11:09.5637889Z (Reading database ... 95%
confirm-t	Prepare isolated runner and pinned source	2026-10-09T10:11:09.5638832Z (Reading database ... 100%
confirm-t	Prepare isolated runner and pinned source	2026-10-09T10:11:09.5639565Z (Reading database ... 203191 files and directories currently installed.)
confirm-t	Prepare isolated runner and pinned source	2026-10-09T10:11:09.5681903Z Preparing to unpack .../bubblewrap_0.9.0-1ubuntu0.3_amd64.deb ...
confirm-t	Prepare isolated runner and pinned source	2026-10-09T10:11:09.5706319Z Unpacking bubblewrap (0.9.0-1ubuntu0.3) ...
confirm-t	Prepare isolated runner and pinned source	2026-10-09T10:11:09.6036023Z Selecting previously unselected package build-essential.
confirm-t	Prepare isolated runner and pinned source	2026-10-09T10:11:09.6159330Z Preparing to unpack .../build-essential_12.10ubuntu1_amd64.deb ...
confirm-t	Prepare isolated runner and pinned source	2026-10-09T10:11:09.6168631Z Unpacking build-essential (12.10ubuntu1) ...
confirm-t	Prepare isolated runner and pinned source	2026-10-09T10:11:09.6522383Z Setting up bubblewrap (0.9.0-1ubuntu0.3) ...
confirm-t	Prepare isolated runner and pinned source	2026-10-09T10:11:09.6567258Z Setting up build-essential (12.10ubuntu1) ...
confirm-t	Prepare isolated runner and pinned source	2026-10-09T10:11:09.6587457Z Processing triggers for man-db (2.12.0-4build2) ...
confirm-t	Prepare isolated runner and pinned source	2026-10-09T10:11:09.6606913Z Not building database; man-db/auto-update is not 'true'.
confirm-t	Prepare isolated runner and pinned source	2026-10-09T10:11:10.8469872Z 
confirm-t	Prepare isolated runner and pinned source	2026-10-09T10:11:10.8470571Z Running kernel seems to be up-to-date.
confirm-t	Prepare isolated runner and pinned source	2026-10-09T10:11:10.8470969Z 
confirm-t	Prepare isolated runner and pinned source	2026-10-09T10:11:10.8471145Z No services need to be restarted.
confirm-t	Prepare isolated runner and pinned source	2026-10-09T10:11:10.8471444Z 
confirm-t	Prepare isolated runner and pinned source	2026-10-09T10:11:10.8471613Z No containers need to be restarted.
confirm-t	Prepare isolated runner and pinned source	2026-10-09T10:11:10.8471909Z 
confirm-t	Prepare isolated runner and pinned source	2026-10-09T10:11:10.8472115Z No user sessions are running outdated binaries.
confirm-t	Prepare isolated runner and pinned source	2026-10-09T10:11:10.8472473Z 
confirm-t	Prepare isolated runner and pinned source	2026-10-09T10:11:10.8472808Z No VM guests are running outdated hypervisor (qemu) binaries on this host.
confirm-t	Prepare isolated runner and pinned source	2026-10-09T10:11:11.6954897Z kernel.apparmor_restrict_unprivileged_userns = 0
confirm-t	Prepare isolated runner and pinned source	2026-10-09T10:11:11.7237644Z hint: Using 'master' as the name for the initial branch. This default branch name
confirm-t	Prepare isolated runner and pinned source	2026-10-09T10:11:11.7238567Z hint: will change to "main" in Git 3.0. To configure the initial branch name
confirm-t	Prepare isolated runner and pinned source	2026-10-09T10:11:11.7239142Z hint: to use in all of your new repositories, which will suppress this warning,
confirm-t	Prepare isolated runner and pinned source	2026-10-09T10:11:11.7239715Z hint: call:
confirm-t	Prepare isolated runner and pinned source	2026-10-09T10:11:11.7240018Z hint:
confirm-t	Prepare isolated runner and pinned source	2026-10-09T10:11:11.7240407Z hint: 	git config --global init.defaultBranch <name>
confirm-t	Prepare isolated runner and pinned source	2026-10-09T10:11:11.7240904Z hint:
confirm-t	Prepare isolated runner and pinned source	2026-10-09T10:11:11.7241381Z hint: Names commonly chosen instead of 'master' are 'main', 'trunk' and
confirm-t	Prepare isolated runner and pinned source	2026-10-09T10:11:11.7242210Z hint: 'development'. The just-created branch can be renamed via this command:
confirm-t	Prepare isolated runner and pinned source	2026-10-09T10:11:11.7242864Z hint:
confirm-t	Prepare isolated runner and pinned source	2026-10-09T10:11:11.7243192Z hint: 	git branch -m <name>
confirm-t	Prepare isolated runner and pinned source	2026-10-09T10:11:11.7243534Z hint:
confirm-t	Prepare isolated runner and pinned source	2026-10-09T10:11:11.7243856Z hint: Disable this message with "git config set advice.defaultBranchName false"
confirm-t	Prepare isolated runner and pinned source	2026-10-09T10:11:11.7244431Z Initialized empty Git repository in /home/runner/work/_temp/deflate-upstream/.git/
confirm-t	Prepare isolated runner and pinned source	2026-10-09T10:11:12.9068644Z From https://github.com/conjectures-io/conjectures-optimisation-deflate
confirm-t	Prepare isolated runner and pinned source	2026-10-09T10:11:12.9069662Z  * branch            a356bbff18b60c4527fbcc85d5a28ef9c20214e0 -> FETCH_HEAD
confirm-t	Prepare isolated runner and pinned source	2026-10-09T10:11:12.9706567Z HEAD is now at a356bbf make the pins telemetry instead of blocking (#30)
confirm-t	Prepare isolated runner and pinned source	2026-10-09T10:11:12.9981741Z Official pinned source files: 70/70 match
confirm-t	Prepare isolated runner and pinned source	2026-10-09T10:11:13.0476394Z Running as unit: run-u0.service; invocation ID: 5527677209f340409617fefe0c9d4d5f
confirm-t	Prepare isolated runner and pinned source	2026-10-09T10:11:13.0511160Z Finished with result: success
confirm-t	Prepare isolated runner and pinned source	2026-10-09T10:11:13.0511799Z Main processes terminated with: code=exited/status=0
confirm-t	Prepare isolated runner and pinned source	2026-10-09T10:11:13.0512460Z Service runtime: 2ms
confirm-t	Prepare isolated runner and pinned source	2026-10-09T10:11:13.0512884Z CPU time consumed: 1ms
confirm-t	Prepare isolated runner and pinned source	2026-10-09T10:11:13.0513316Z Memory peak: 256.0K
confirm-t	Prepare isolated runner and pinned source	2026-10-09T10:11:13.0513734Z Memory swap peak: 0B
confirm-t	Install official verification toolchain	﻿2026-10-09T10:11:13.0596029Z ##[group]Run bash scripts/ci-setup.sh
confirm-t	Install official verification toolchain	2026-10-09T10:11:13.0596381Z ^[[36;1mbash scripts/ci-setup.sh^[[0m
confirm-t	Install official verification toolchain	2026-10-09T10:11:13.0662992Z shell: /usr/bin/bash -e {0}
confirm-t	Install official verification toolchain	2026-10-09T10:11:13.0663569Z env:
confirm-t	Install official verification toolchain	2026-10-09T10:11:13.0663775Z   ROUND4_SPEC: confirm-t
confirm-t	Install official verification toolchain	2026-10-09T10:11:13.0664028Z   ROUND4_SPEC_DIR: evidence/round15
confirm-t	Install official verification toolchain	2026-10-09T10:11:13.0664352Z   DEFLATE_ROOT: /home/runner/work/_temp/deflate-upstream
confirm-t	Install official verification toolchain	2026-10-09T10:11:13.0664795Z   ELAN_HOME: /home/runner/work/_temp/deflate-upstream/validator/.work/elan
confirm-t	Install official verification toolchain	2026-10-09T10:11:13.0665227Z   XDG_CACHE_HOME: /home/runner/work/_temp/deflate-cache
confirm-t	Install official verification toolchain	2026-10-09T10:11:13.0665591Z   UV_CACHE_DIR: /home/runner/work/_temp/deflate-cache/uv
confirm-t	Install official verification toolchain	2026-10-09T10:11:13.0665919Z   XDG_RUNTIME_DIR: /run/user/1001
confirm-t	Install official verification toolchain	2026-10-09T10:11:13.0666218Z   DBUS_SESSION_BUS_ADDRESS: unix:path=/run/user/1001/bus
confirm-t	Install official verification toolchain	2026-10-09T10:11:13.0666539Z   VERIFY_CORPUS: corpus-stage1
confirm-t	Install official verification toolchain	2026-10-09T10:11:13.0666781Z   VERIFY_SANDBOX: bwrap
confirm-t	Install official verification toolchain	2026-10-09T10:11:13.0667004Z   GIT_TERMINAL_PROMPT: 0
confirm-t	Install official verification toolchain	2026-10-09T10:11:13.0667218Z ##[endgroup]
confirm-t	Install official verification toolchain	2026-10-09T10:11:13.6035025Z info: syncing channel updates for nightly-2026-08-18-x86_64-unknown-linux-gnu
confirm-t	Install official verification toolchain	2026-10-09T10:11:14.0539310Z info: latest update on 2026-08-18 for version 1.100.0-nightly (8fa1c96cf 2026-08-17)
confirm-t	Install official verification toolchain	2026-10-09T10:11:14.0539900Z info: downloading 6 components
confirm-t	Install official verification toolchain	2026-10-09T10:11:32.9568536Z 
confirm-t	Install official verification toolchain	2026-10-09T10:11:32.9639360Z   nightly-2026-08-18-x86_64-unknown-linux-gnu installed - rustc 1.100.0-nightly (8fa1c96cf 2026-08-17)
confirm-t	Install official verification toolchain	2026-10-09T10:11:32.9640127Z 
confirm-t	Install official verification toolchain	2026-10-09T10:11:32.9640402Z info: checking for self-update (current version: 1.29.1)
confirm-t	Install official verification toolchain	2026-10-09T10:11:33.0292095Z 
confirm-t	Install official verification toolchain	2026-10-09T10:11:33.0292911Z ^[[1m1/9  System packages^[[0m
confirm-t	Install official verification toolchain	2026-10-09T10:11:33.0297855Z   ^[[32m✓^[[0m cc, curl, python3, git, bubblewrap present
confirm-t	Install official verification toolchain	2026-10-09T10:11:33.0298526Z 
confirm-t	Install official verification toolchain	2026-10-09T10:11:33.0298785Z ^[[1m2/9  just (1.58.0)^[[0m
confirm-t	Install official verification toolchain	2026-10-09T10:11:33.0299306Z   ^[[33m·^[[0m installing into ~/.local/bin
confirm-t	Install official verification toolchain	2026-10-09T10:11:33.4686527Z   ^[[32m✓^[[0m installed ~/.local/bin/just
confirm-t	Install official verification toolchain	2026-10-09T10:11:33.4691945Z 
confirm-t	Install official verification toolchain	2026-10-09T10:11:33.4692270Z ^[[1m3/9  uv (0.12.15)^[[0m
confirm-t	Install official verification toolchain	2026-10-09T10:11:33.4694205Z   ^[[33m·^[[0m installing into ~/.local/bin
confirm-t	Install official verification toolchain	2026-10-09T10:11:34.4158606Z   ^[[32m✓^[[0m installed ~/.local/bin/uv
confirm-t	Install official verification toolchain	2026-10-09T10:11:34.4164012Z 
confirm-t	Install official verification toolchain	2026-10-09T10:11:34.4164522Z ^[[1m4/9  Python environment (.venv, from pyproject.toml)^[[0m
confirm-t	Install official verification toolchain	2026-10-09T10:11:34.4165284Z   ^[[33m·^[[0m syncing .venv from pyproject.toml
confirm-t	Install official verification toolchain	2026-10-09T10:11:36.8757112Z   ^[[32m✓^[[0m .venv ready
confirm-t	Install official verification toolchain	2026-10-09T10:11:36.8933351Z   ^[[33m·^[[0m bittensor SDK absent - miners do not need it; validators run ./setup.sh --chain
confirm-t	Install official verification toolchain	2026-10-09T10:11:36.8934049Z 
confirm-t	Install official verification toolchain	2026-10-09T10:11:36.8934616Z ^[[1m5/9  Trusted-input audit^[[0m
confirm-t	Install official verification toolchain	2026-10-09T10:11:36.8935335Z   ^[[32m✓^[[0m gate worker records observed code and benchmark identities
confirm-t	Install official verification toolchain	2026-10-09T10:11:36.8935755Z 
confirm-t	Install official verification toolchain	2026-10-09T10:11:36.8935911Z ^[[1m6/9  Configuration (.env)^[[0m
confirm-t	Install official verification toolchain	2026-10-09T10:11:36.8950432Z   ^[[32m✓^[[0m created .env from .env.example - edit it for a validator
confirm-t	Install official verification toolchain	2026-10-09T10:11:36.8950950Z 
confirm-t	Install official verification toolchain	2026-10-09T10:11:36.8951359Z ^[[1m7/9  Scoring corpus (corpus-stage1, the benchmark default)^[[0m
confirm-t	Install official verification toolchain	2026-10-09T10:11:36.8952219Z   ^[[33m·^[[0m fetching corpus-stage1 (and corpus-stage2, if reachable)
confirm-t	Install official verification toolchain	2026-10-09T10:11:36.8994747Z bash /home/runner/work/_temp/deflate-upstream/scripts/pull-corpus.sh 
confirm-t	Install official verification toolchain	2026-10-09T10:11:38.1059675Z stage 1  28 files, 15930000 bytes, at 0260078
confirm-t	Install official verification toolchain	2026-10-09T10:11:38.3150861Z stage 2  unavailable (https://github.com/conjectures-io/conjectures-compression-corpus-2) -- skipping the held-out corpus.
confirm-t	Install official verification toolchain	2026-10-09T10:11:38.3161916Z   ^[[32m✓^[[0m data/benchmark/corpus-stage1 ready
confirm-t	Install official verification toolchain	2026-10-09T10:11:41.7616520Z     Updating crates.io index
confirm-t	Install official verification toolchain	2026-10-09T10:11:42.2054164Z  Downloading crates ...
confirm-t	Install official verification toolchain	2026-10-09T10:11:42.3188908Z   Downloaded itoa v1.0.18
confirm-t	Install official verification toolchain	2026-10-09T10:11:42.3417050Z   Downloaded zmij v1.0.23
confirm-t	Install official verification toolchain	2026-10-09T10:11:42.3435780Z   Downloaded quote v1.0.47
confirm-t	Install official verification toolchain	2026-10-09T10:11:42.3680752Z   Downloaded serde_core v1.0.229
confirm-t	Install official verification toolchain	2026-10-09T10:11:42.3867859Z   Downloaded proc-macro2 v1.0.107
confirm-t	Install official verification toolchain	2026-10-09T10:11:42.3897900Z   Downloaded unicode-ident v1.0.26
confirm-t	Install official verification toolchain	2026-10-09T10:11:42.3967194Z   Downloaded memchr v2.8.3
confirm-t	Install official verification toolchain	2026-10-09T10:11:42.4059920Z   Downloaded serde_json v1.0.151
confirm-t	Install official verification toolchain	2026-10-09T10:11:42.4133273Z   Downloaded syn v2.0.119
confirm-t	Install official verification toolchain	2026-10-09T10:11:42.4432512Z    Compiling proc-macro2 v1.0.107
confirm-t	Install official verification toolchain	2026-10-09T10:11:42.4433236Z    Compiling serde_core v1.0.229
confirm-t	Install official verification toolchain	2026-10-09T10:11:42.4436075Z    Compiling zmij v1.0.23
confirm-t	Install official verification toolchain	2026-10-09T10:11:42.4436507Z    Compiling quote v1.0.47
confirm-t	Install official verification toolchain	2026-10-09T10:11:51.1241721Z    Compiling unicode-ident v1.0.26
confirm-t	Install official verification toolchain	2026-10-09T10:11:51.1399812Z    Compiling serde_json v1.0.151
confirm-t	Install official verification toolchain	2026-10-09T10:11:51.4524512Z    Compiling memchr v2.8.3
confirm-t	Install official verification toolchain	2026-10-09T10:11:53.1209437Z    Compiling itoa v1.0.18
confirm-t	Install official verification toolchain	2026-10-09T10:11:53.3689242Z    Compiling syn v2.0.119
confirm-t	Install official verification toolchain	2026-10-09T10:12:02.1489863Z    Compiling submission-precheck v0.1.0 (/home/runner/work/_temp/deflate-upstream/validator/precheck)
confirm-t	Install official verification toolchain	2026-10-09T10:12:03.5751723Z     Finished `release` profile [optimized] target(s) in 24.58s
confirm-t	Install official verification toolchain	2026-10-09T10:12:03.6391406Z 
confirm-t	Install official verification toolchain	2026-10-09T10:12:03.6392512Z ^[[1m8/9  Slot (validator/slot/src/parse.rs is a symlink to generated/, gitignored)^[[0m
confirm-t	Install official verification toolchain	2026-10-09T10:12:03.6422446Z   ^[[32m✓^[[0m seeded validator/slot/generated/parse.rs from miner/template
confirm-t	Install official verification toolchain	2026-10-09T10:12:03.6422999Z 
confirm-t	Install official verification toolchain	2026-10-09T10:12:03.6423238Z ^[[1m9/9  Toolchain: Lean, Aeneas, Charon, Mathlib^[[0m
confirm-t	Install official verification toolchain	2026-10-09T10:12:03.6484775Z 
confirm-t	Install official verification toolchain	2026-10-09T10:12:03.6485199Z ^[[1m1/6  Lean toolchain (leanprover/lean4:v4.31.0)^[[0m
confirm-t	Install official verification toolchain	2026-10-09T10:12:03.6486066Z   ^[[33m·^[[0m elan not found — installing into /home/runner/work/_temp/deflate-upstream/validator/.work/elan
confirm-t	Install official verification toolchain	2026-10-09T10:12:04.1621387Z info: default toolchain set to 'leanprover/lean4:v4.31.0'
confirm-t	Install official verification toolchain	2026-10-09T10:12:04.1679468Z   ^[[32m✓^[[0m installed elan at /home/runner/work/_temp/deflate-upstream/validator/.work/elan
confirm-t	Install official verification toolchain	2026-10-09T10:12:16.1044833Z   ^[[32m✓^[[0m Lean (version 4.31.0, x86_64-unknown-linux-gnu, commit 68218e876d2a38b1985b8590fff244a83c321783, Release)
confirm-t	Install official verification toolchain	2026-10-09T10:12:16.1045495Z 
confirm-t	Install official verification toolchain	2026-10-09T10:12:16.1048054Z ^[[1m2/6  Aeneas + Charon (nightly-2026.08.27-5b9dcf3 release)^[[0m
confirm-t	Install official verification toolchain	2026-10-09T10:12:16.1049519Z   ^[[33m·^[[0m not found — fetching the nightly-2026.08.27-5b9dcf3 release (~120 MB)
confirm-t	Install official verification toolchain	2026-10-09T10:12:19.4848166Z   ^[[32m✓^[[0m installed aeneas and charon at /home/runner/work/_temp/deflate-upstream/validator/.work/aeneas
confirm-t	Install official verification toolchain	2026-10-09T10:12:19.4849260Z 
confirm-t	Install official verification toolchain	2026-10-09T10:12:19.4849895Z ^[[1m3/6  Rust nightly for charon-driver (nightly-2026-08-18 + rustc-dev)^[[0m
confirm-t	Install official verification toolchain	2026-10-09T10:12:19.4929759Z   ^[[32m✓^[[0m nightly-2026-08-18 installed
confirm-t	Install official verification toolchain	2026-10-09T10:12:19.4930153Z 
confirm-t	Install official verification toolchain	2026-10-09T10:12:19.4930502Z ^[[1m4/6  Lean dependencies (Aeneas backend + Mathlib)^[[0m
confirm-t	Install official verification toolchain	2026-10-09T10:12:19.4931313Z   ^[[33m·^[[0m no shared checkout — fetching our own (~7 GB, ~10 min)
confirm-t	Install official verification toolchain	2026-10-09T10:12:19.5331234Z info: aeneas: cloning https://github.com/AeneasVerif/aeneas
confirm-t	Install official verification toolchain	2026-10-09T10:12:22.2205171Z info: aeneas: checking out revision '5b9dcf33dccdb1560ea7203ac57ea202476b6ed3'
confirm-t	Install official verification toolchain	2026-10-09T10:12:22.3066632Z info: toolchain not updated; already up-to-date
confirm-t	Install official verification toolchain	2026-10-09T10:12:22.7522880Z info: mathlib: cloning https://github.com/leanprover-community/mathlib4.git
confirm-t	Install official verification toolchain	2026-10-09T10:12:54.5979241Z info: mathlib: checking out revision 'fabf563a7c95a166b8d7b6efca11c8b4dc9d911f'
confirm-t	Install official verification toolchain	2026-10-09T10:12:56.5217412Z info: plausible: cloning https://github.com/leanprover-community/plausible
confirm-t	Install official verification toolchain	2026-10-09T10:12:57.0657410Z info: plausible: checking out revision '63045536fe95024e6c18fc7b48e03f506701c5bc'
confirm-t	Install official verification toolchain	2026-10-09T10:12:57.0774234Z info: LeanSearchClient: cloning https://github.com/leanprover-community/LeanSearchClient
confirm-t	Install official verification toolchain	2026-10-09T10:12:57.5836584Z info: LeanSearchClient: checking out revision 'c5d5b8fe6e5158def25cd28eb94e4141ad97c843'
confirm-t	Install official verification toolchain	2026-10-09T10:12:57.5941055Z info: importGraph: cloning https://github.com/leanprover-community/import-graph
confirm-t	Install official verification toolchain	2026-10-09T10:12:58.2715505Z info: importGraph: checking out revision '5c7542ed018c78194f1e2b903eaf6a792b74c03d'
confirm-t	Install official verification toolchain	2026-10-09T10:12:58.2873556Z info: proofwidgets: cloning https://github.com/leanprover-community/ProofWidgets4
confirm-t	Install official verification toolchain	2026-10-09T10:12:59.3514404Z info: proofwidgets: checking out revision '24b0d9dc081c5423f8eec7e866c441e5184f29d9'
confirm-t	Install official verification toolchain	2026-10-09T10:13:00.0505214Z info: aesop: cloning https://github.com/leanprover-community/aesop
confirm-t	Install official verification toolchain	2026-10-09T10:13:01.3185909Z info: aesop: checking out revision 'e3cb2f741431ce31bf73549fb52316a57368b06f'
confirm-t	Install official verification toolchain	2026-10-09T10:13:01.3386447Z info: Qq: cloning https://github.com/leanprover-community/quote4
confirm-t	Install official verification toolchain	2026-10-09T10:13:01.9758575Z info: Qq: checking out revision 'f46324995fca5f0483b742e4eb4daec7f4ee50d2'
confirm-t	Install official verification toolchain	2026-10-09T10:13:01.9873748Z info: batteries: cloning https://github.com/leanprover-community/batteries
confirm-t	Install official verification toolchain	2026-10-09T10:13:05.1670693Z info: batteries: checking out revision 'fa08db58b30eb033edcdab331bba000827f9f785'
confirm-t	Install official verification toolchain	2026-10-09T10:13:05.2042074Z info: Cli: cloning https://github.com/leanprover/lean4-cli
confirm-t	Install official verification toolchain	2026-10-09T10:13:05.7371481Z info: Cli: checking out revision '92564e5770e4d09f2d86dfbf8ada1e9c715b384c'
confirm-t	Install official verification toolchain	2026-10-09T10:13:05.7482562Z info: mathlib: running post-update hooks
confirm-t	Install official verification toolchain	2026-10-09T10:13:06.9548785Z ✔ [4/24] Built Batteries.Data.String.Basic (591ms)
confirm-t	Install official verification toolchain	2026-10-09T10:13:07.0520172Z ✔ [5/24] Built Cache.Lean (734ms)
confirm-t	Install official verification toolchain	2026-10-09T10:13:07.1519707Z ✔ [6/24] Built Batteries.Data.String.Basic:c.o (210ms)
confirm-t	Install official verification toolchain	2026-10-09T10:13:07.4579739Z ✔ [7/24] Built Cache.Lean:c.o (263ms)
confirm-t	Install official verification toolchain	2026-10-09T10:13:07.5589617Z ✔ [8/24] Built Batteries.Data.Array.Match (1.2s)
confirm-t	Install official verification toolchain	2026-10-09T10:13:07.5649130Z ✔ [9/24] Built Cache.Init (441ms)
confirm-t	Install official verification toolchain	2026-10-09T10:13:07.6566688Z ✔ [10/24] Built Cache.Init:c.o (131ms)
confirm-t	Install official verification toolchain	2026-10-09T10:13:07.9577634Z ✔ [11/24] Built Batteries.Tactic.OpenPrivate (1.6s)
confirm-t	Install official verification toolchain	2026-10-09T10:13:07.9624038Z ✔ [12/24] Built Batteries.Data.Array.Match:c.o (360ms)
confirm-t	Install official verification toolchain	2026-10-09T10:13:08.1563128Z ✔ [13/24] Built Batteries.Data.String.Matcher (532ms)
confirm-t	Install official verification toolchain	2026-10-09T10:13:08.4579794Z ✔ [14/24] Built Batteries.Data.String.Matcher:c.o (324ms)
confirm-t	Install official verification toolchain	2026-10-09T10:13:09.4585670Z ✔ [15/24] Built Batteries.Tactic.OpenPrivate:c.o (1.5s)
confirm-t	Install official verification toolchain	2026-10-09T10:13:09.5587230Z ✔ [16/24] Built Cache.IO (1.6s)
confirm-t	Install official verification toolchain	2026-10-09T10:13:10.3619564Z ✔ [17/24] Built Cache.Hashing (807ms)
confirm-t	Install official verification toolchain	2026-10-09T10:13:11.0619731Z ✔ [18/24] Built Cache.Hashing:c.o (708ms)
confirm-t	Install official verification toolchain	2026-10-09T10:13:11.5629825Z ✔ [19/24] Built Cache.IO:c.o (1.0s)
confirm-t	Install official verification toolchain	2026-10-09T10:13:12.4639720Z ✔ [20/24] Built Cache.Requests (2.1s)
confirm-t	Install official verification toolchain	2026-10-09T10:13:13.4650587Z ✔ [21/24] Built Cache.Main (988ms)
confirm-t	Install official verification toolchain	2026-10-09T10:13:14.0657995Z ✔ [22/24] Built Cache.Main:c.o (661ms)
confirm-t	Install official verification toolchain	2026-10-09T10:13:14.8666169Z ✔ [23/24] Built Cache.Requests:c.o (2.4s)
confirm-t	Install official verification toolchain	2026-10-09T10:13:15.5691865Z ✔ [24/24] Built cache:exe (688ms)
confirm-t	Install official verification toolchain	2026-10-09T10:13:18.5120286Z Current branch: HEAD
confirm-t	Install official verification toolchain	2026-10-09T10:13:18.5120889Z Using cache (Azure) from origin: (some leanprover-community/mathlib4)
confirm-t	Install official verification toolchain	2026-10-09T10:13:18.5121607Z Attempting to download 8542 file(s) from leanprover-community/mathlib4 cache
confirm-t	Install official verification toolchain	2026-10-09T10:13:19.6939458Z 
confirm-t	Install official verification toolchain	2026-10-09T10:13:19.7981757Z Downloaded: 1 file(s) [attempted 1/8542 = 0%, 15 KB/s], Decompressed: 0
confirm-t	Install official verification toolchain	2026-10-09T10:13:19.9000260Z Downloaded: 137 file(s) [attempted 137/8542 = 1%, 650 KB/s], Decompressed: 8
confirm-t	Install official verification toolchain	2026-10-09T10:13:19.9986928Z Downloaded: 287 file(s) [attempted 287/8542 = 3%, 1975 KB/s], Decompressed: 36
confirm-t	Install official verification toolchain	2026-10-09T10:13:20.0983286Z Downloaded: 442 file(s) [attempted 442/8542 = 5%, 614 KB/s], Decompressed: 36
confirm-t	Install official verification toolchain	2026-10-09T10:13:20.1979880Z Downloaded: 602 file(s) [attempted 602/8542 = 7%, 2828 KB/s], Decompressed: 36
confirm-t	Install official verification toolchain	2026-10-09T10:13:20.3018145Z Downloaded: 729 file(s) [attempted 729/8542 = 8%, 337 KB/s], Decompressed: 36
confirm-t	Install official verification toolchain	2026-10-09T10:13:20.4026062Z Downloaded: 861 file(s) [attempted 861/8542 = 10%, 808 KB/s], Decompressed: 165
confirm-t	Install official verification toolchain	2026-10-09T10:13:20.5120235Z Downloaded: 1011 file(s) [attempted 1011/8542 = 11%, 324 KB/s], Decompressed: 165
confirm-t	Install official verification toolchain	2026-10-09T10:13:20.6249416Z Downloaded: 1161 file(s) [attempted 1161/8542 = 13%, 994 KB/s], Decompressed: 165
confirm-t	Install official verification toolchain	2026-10-09T10:13:20.7280019Z Downloaded: 1306 file(s) [attempted 1306/8542 = 15%, 751 KB/s], Decompressed: 165
confirm-t	Install official verification toolchain	2026-10-09T10:13:20.8274994Z Downloaded: 1463 file(s) [attempted 1463/8542 = 17%, 320 KB/s], Decompressed: 165
confirm-t	Install official verification toolchain	2026-10-09T10:13:20.9277512Z Downloaded: 1611 file(s) [attempted 1611/8542 = 18%, 1051 KB/s], Decompressed: 165
confirm-t	Install official verification toolchain	2026-10-09T10:13:21.0322669Z Downloaded: 1746 file(s) [attempted 1746/8542 = 20%, 2606 KB/s], Decompressed: 165
confirm-t	Install official verification toolchain	2026-10-09T10:13:21.1519472Z Downloaded: 1861 file(s) [attempted 1861/8542 = 21%, 215 KB/s], Decompressed: 165
confirm-t	Install official verification toolchain	2026-10-09T10:13:21.2519678Z Downloaded: 2009 file(s) [attempted 2009/8542 = 23%, 11661 KB/s], Decompressed: 165
confirm-t	Install official verification toolchain	2026-10-09T10:13:21.3689675Z Downloaded: 2156 file(s) [attempted 2156/8542 = 25%, 137 KB/s], Decompressed: 165
confirm-t	Install official verification toolchain	2026-10-09T10:13:21.4771168Z Downloaded: 2308 file(s) [attempted 2308/8542 = 27%, 2076 KB/s], Decompressed: 165
confirm-t	Install official verification toolchain	2026-10-09T10:13:21.5785667Z Downloaded: 2458 file(s) [attempted 2458/8542 = 28%, 780 KB/s], Decompressed: 165
confirm-t	Install official verification toolchain	2026-10-09T10:13:21.6790520Z Downloaded: 2568 file(s) [attempted 2568/8542 = 30%, 1413 KB/s], Decompressed: 165
confirm-t	Install official verification toolchain	2026-10-09T10:13:21.7831895Z Downloaded: 2707 file(s) [attempted 2707/8542 = 31%, 926 KB/s], Decompressed: 165
confirm-t	Install official verification toolchain	2026-10-09T10:13:21.8959478Z Downloaded: 2866 file(s) [attempted 2866/8542 = 33%, 3392 KB/s], Decompressed: 165
confirm-t	Install official verification toolchain	2026-10-09T10:13:21.9950059Z Downloaded: 3020 file(s) [attempted 3020/8542 = 35%, 1029 KB/s], Decompressed: 165
confirm-t	Install official verification toolchain	2026-10-09T10:13:22.0949829Z Downloaded: 3186 file(s) [attempted 3186/8542 = 37%, 939 KB/s], Decompressed: 165
confirm-t	Install official verification toolchain	2026-10-09T10:13:22.2099065Z Downloaded: 3333 file(s) [attempted 3333/8542 = 39%, 2318 KB/s], Decompressed: 758
confirm-t	Install official verification toolchain	2026-10-09T10:13:22.3290205Z Downloaded: 3491 file(s) [attempted 3491/8542 = 40%, 6411 KB/s], Decompressed: 758
confirm-t	Install official verification toolchain	2026-10-09T10:13:22.4326639Z Downloaded: 3638 file(s) [attempted 3638/8542 = 42%, 5533 KB/s], Decompressed: 758
confirm-t	Install official verification toolchain	2026-10-09T10:13:22.5469332Z Downloaded: 3784 file(s) [attempted 3784/8542 = 44%, 2194 KB/s], Decompressed: 758
confirm-t	Install official verification toolchain	2026-10-09T10:13:22.6562737Z Downloaded: 3940 file(s) [attempted 3940/8542 = 46%, 783 KB/s], Decompressed: 758
confirm-t	Install official verification toolchain	2026-10-09T10:13:22.7689942Z Downloaded: 4090 file(s) [attempted 4090/8542 = 47%, 723 KB/s], Decompressed: 758
confirm-t	Install official verification toolchain	2026-10-09T10:13:22.8895030Z Downloaded: 4252 file(s) [attempted 4252/8542 = 49%, 7146 KB/s], Decompressed: 758
confirm-t	Install official verification toolchain	2026-10-09T10:13:22.9953489Z Downloaded: 4399 file(s) [attempted 4399/8542 = 51%, 1031 KB/s], Decompressed: 758
confirm-t	Install official verification toolchain	2026-10-09T10:13:23.0964896Z Downloaded: 4556 file(s) [attempted 4556/8542 = 53%, 1186 KB/s], Decompressed: 758
confirm-t	Install official verification toolchain	2026-10-09T10:13:23.1961885Z Downloaded: 4701 file(s) [attempted 4701/8542 = 55%, 3107 KB/s], Decompressed: 758
confirm-t	Install official verification toolchain	2026-10-09T10:13:23.3012794Z Downloaded: 4818 file(s) [attempted 4818/8542 = 56%, 582 KB/s], Decompressed: 758
confirm-t	Install official verification toolchain	2026-10-09T10:13:23.4069694Z Downloaded: 4945 file(s) [attempted 4945/8542 = 57%, 433 KB/s], Decompressed: 758
confirm-t	Install official verification toolchain	2026-10-09T10:13:23.5219650Z Downloaded: 5083 file(s) [attempted 5083/8542 = 59%, 861 KB/s], Decompressed: 758
confirm-t	Install official verification toolchain	2026-10-09T10:13:23.6382293Z Downloaded: 5205 file(s) [attempted 5205/8542 = 60%, 5043 KB/s], Decompressed: 758
confirm-t	Install official verification toolchain	2026-10-09T10:13:23.7421872Z Downloaded: 5357 file(s) [attempted 5357/8542 = 62%, 394 KB/s], Decompressed: 758
confirm-t	Install official verification toolchain	2026-10-09T10:13:23.8503770Z Downloaded: 5509 file(s) [attempted 5509/8542 = 64%, 1883 KB/s], Decompressed: 758
confirm-t	Install official verification toolchain	2026-10-09T10:13:23.9522119Z Downloaded: 5668 file(s) [attempted 5668/8542 = 66%, 2167 KB/s], Decompressed: 758
confirm-t	Install official verification toolchain	2026-10-09T10:13:24.0532992Z Downloaded: 5811 file(s) [attempted 5811/8542 = 68%, 1304 KB/s], Decompressed: 758
confirm-t	Install official verification toolchain	2026-10-09T10:13:24.1562548Z Downloaded: 5956 file(s) [attempted 5956/8542 = 69%, 569 KB/s], Decompressed: 758
confirm-t	Install official verification toolchain	2026-10-09T10:13:24.2572972Z Downloaded: 6116 file(s) [attempted 6116/8542 = 71%, 12553 KB/s], Decompressed: 758
confirm-t	Install official verification toolchain	2026-10-09T10:13:24.3619452Z Downloaded: 6270 file(s) [attempted 6270/8542 = 73%, 4463 KB/s], Decompressed: 758
confirm-t	Install official verification toolchain	2026-10-09T10:13:24.4599583Z Downloaded: 6373 file(s) [attempted 6373/8542 = 74%, 3192 KB/s], Decompressed: 758
confirm-t	Install official verification toolchain	2026-10-09T10:13:24.5619465Z Downloaded: 6495 file(s) [attempted 6495/8542 = 76%, 3313 KB/s], Decompressed: 758
confirm-t	Install official verification toolchain	2026-10-09T10:13:24.6602601Z Downloaded: 6626 file(s) [attempted 6626/8542 = 77%, 1087 KB/s], Decompressed: 758
confirm-t	Install official verification toolchain	2026-10-09T10:13:24.7740481Z Downloaded: 6787 file(s) [attempted 6787/8542 = 79%, 796 KB/s], Decompressed: 758
confirm-t	Install official verification toolchain	2026-10-09T10:13:24.8725345Z Downloaded: 6937 file(s) [attempted 6937/8542 = 81%, 523 KB/s], Decompressed: 758
confirm-t	Install official verification toolchain	2026-10-09T10:13:24.9859623Z Downloaded: 7088 file(s) [attempted 7088/8542 = 82%, 1070 KB/s], Decompressed: 758
confirm-t	Install official verification toolchain	2026-10-09T10:13:25.0949615Z Downloaded: 7141 file(s) [attempted 7141/8542 = 83%, 171 KB/s], Decompressed: 758
confirm-t	Install official verification toolchain	2026-10-09T10:13:25.1978877Z Downloaded: 7289 file(s) [attempted 7289/8542 = 85%, 4581 KB/s], Decompressed: 758
confirm-t	Install official verification toolchain	2026-10-09T10:13:25.3110444Z Downloaded: 7436 file(s) [attempted 7436/8542 = 87%, 622 KB/s], Decompressed: 758
confirm-t	Install official verification toolchain	2026-10-09T10:13:25.4226870Z Downloaded: 7588 file(s) [attempted 7588/8542 = 88%, 2829 KB/s], Decompressed: 758
confirm-t	Install official verification toolchain	2026-10-09T10:13:25.5254147Z Downloaded: 7738 file(s) [attempted 7738/8542 = 90%, 291 KB/s], Decompressed: 758
confirm-t	Install official verification toolchain	2026-10-09T10:13:25.6346158Z Downloaded: 7890 file(s) [attempted 7890/8542 = 92%, 1531 KB/s], Decompressed: 758
confirm-t	Install official verification toolchain	2026-10-09T10:13:25.7491995Z Downloaded: 8043 file(s) [attempted 8043/8542 = 94%, 861 KB/s], Decompressed: 758
confirm-t	Install official verification toolchain	2026-10-09T10:13:25.8579858Z Downloaded: 8216 file(s) [attempted 8216/8542 = 96%, 879 KB/s], Decompressed: 758
confirm-t	Install official verification toolchain	2026-10-09T10:13:25.9609437Z Downloaded: 8363 file(s) [attempted 8363/8542 = 97%, 5798 KB/s], Decompressed: 758
confirm-t	Install official verification toolchain	2026-10-09T10:13:26.0298147Z Downloaded: 8513 file(s) [attempted 8513/8542 = 99%, 294 KB/s], Decompressed: 758
confirm-t	Install official verification toolchain	2026-10-09T10:13:26.0299537Z Downloaded: 8542 file(s) [attempted 8542/8542 = 100%, 294 KB/s], Decompressed: 758
confirm-t	Install official verification toolchain	2026-10-09T10:13:45.2594545Z Decompressed 8542 file(s)
confirm-t	Install official verification toolchain	2026-10-09T10:13:45.2595069Z Already decompressed 8542 file(s)
confirm-t	Install official verification toolchain	2026-10-09T10:13:46.4412284Z info: plausible: cloning https://github.com/leanprover-community/plausible
confirm-t	Install official verification toolchain	2026-10-09T10:13:47.2149928Z info: plausible: checking out revision '63045536fe95024e6c18fc7b48e03f506701c5bc'
confirm-t	Install official verification toolchain	2026-10-09T10:13:47.2266204Z info: LeanSearchClient: cloning https://github.com/leanprover-community/LeanSearchClient
confirm-t	Install official verification toolchain	2026-10-09T10:13:47.6990620Z info: LeanSearchClient: checking out revision 'c5d5b8fe6e5158def25cd28eb94e4141ad97c843'
confirm-t	Install official verification toolchain	2026-10-09T10:13:47.7094744Z info: importGraph: cloning https://github.com/leanprover-community/import-graph
confirm-t	Install official verification toolchain	2026-10-09T10:13:48.3823462Z info: importGraph: checking out revision '5c7542ed018c78194f1e2b903eaf6a792b74c03d'
confirm-t	Install official verification toolchain	2026-10-09T10:13:48.3981575Z info: proofwidgets: cloning https://github.com/leanprover-community/ProofWidgets4
confirm-t	Install official verification toolchain	2026-10-09T10:13:49.4299912Z info: proofwidgets: checking out revision '24b0d9dc081c5423f8eec7e866c441e5184f29d9'
confirm-t	Install official verification toolchain	2026-10-09T10:13:50.2858725Z info: aesop: cloning https://github.com/leanprover-community/aesop
confirm-t	Install official verification toolchain	2026-10-09T10:13:51.4276291Z info: aesop: checking out revision 'e3cb2f741431ce31bf73549fb52316a57368b06f'
confirm-t	Install official verification toolchain	2026-10-09T10:13:51.4470031Z info: Qq: cloning https://github.com/leanprover-community/quote4
confirm-t	Install official verification toolchain	2026-10-09T10:13:52.0585292Z info: Qq: checking out revision 'f46324995fca5f0483b742e4eb4daec7f4ee50d2'
confirm-t	Install official verification toolchain	2026-10-09T10:13:52.0698830Z info: batteries: cloning https://github.com/leanprover-community/batteries
confirm-t	Install official verification toolchain	2026-10-09T10:13:54.9740037Z info: batteries: checking out revision 'fa08db58b30eb033edcdab331bba000827f9f785'
confirm-t	Install official verification toolchain	2026-10-09T10:13:55.0106979Z info: Cli: cloning https://github.com/leanprover/lean4-cli
confirm-t	Install official verification toolchain	2026-10-09T10:13:55.5412802Z info: Cli: checking out revision '92564e5770e4d09f2d86dfbf8ada1e9c715b384c'
confirm-t	Install official verification toolchain	2026-10-09T10:13:56.4560851Z ✔ [8/24] Built Batteries.Data.String.Basic (456ms)
confirm-t	Install official verification toolchain	2026-10-09T10:13:56.6560954Z ✔ [9/24] Built Batteries.Data.String.Basic:c.o (163ms)
confirm-t	Install official verification toolchain	2026-10-09T10:13:56.8565271Z ✔ [10/24] Built Batteries.Data.Array.Match (914ms)
confirm-t	Install official verification toolchain	2026-10-09T10:13:57.2579787Z ✔ [11/24] Built Batteries.Data.String.Matcher (399ms)
confirm-t	Install official verification toolchain	2026-10-09T10:13:57.2599258Z ✔ [12/24] Built Batteries.Tactic.OpenPrivate (1.3s)
confirm-t	Install official verification toolchain	2026-10-09T10:13:57.2619299Z ✔ [16/24] Built Batteries.Data.Array.Match:c.o (319ms)
confirm-t	Install official verification toolchain	2026-10-09T10:13:57.4579030Z ✔ [22/24] Built Batteries.Data.String.Matcher:c.o (196ms)
confirm-t	Install official verification toolchain	2026-10-09T10:13:58.4589009Z ✔ [23/24] Built Batteries.Tactic.OpenPrivate:c.o (1.2s)
confirm-t	Install official verification toolchain	2026-10-09T10:14:03.0117663Z Decompressing 368 already-cached file(s) (8174 already decompressed)
confirm-t	Install official verification toolchain	2026-10-09T10:14:03.0118116Z Current branch: HEAD
confirm-t	Install official verification toolchain	2026-10-09T10:14:03.0118812Z Using cache (Azure) from origin: (some leanprover-community/mathlib4)
confirm-t	Install official verification toolchain	2026-10-09T10:14:03.0119448Z No files to download
confirm-t	Install official verification toolchain	2026-10-09T10:14:03.0119836Z Decompressed 368 already-cached file(s)
confirm-t	Install official verification toolchain	2026-10-09T10:14:03.0120735Z Completed successfully in 1731 ms!
confirm-t	Install official verification toolchain	2026-10-09T10:14:03.0650170Z   ^[[32m✓^[[0m fetched dependencies into lean/.lake/packages
confirm-t	Install official verification toolchain	2026-10-09T10:14:03.0650513Z 
confirm-t	Install official verification toolchain	2026-10-09T10:14:03.0651093Z ^[[1m5/6  Build^[[0m
confirm-t	Install official verification toolchain	2026-10-09T10:14:16.3147791Z   ^[[32m✓^[[0m contract (lean/Lz77)
confirm-t	Install official verification toolchain	2026-10-09T10:14:51.9306714Z   ^[[32m✓^[[0m slot and measure crates
confirm-t	Install official verification toolchain	2026-10-09T10:14:51.9307727Z   ^[[32m✓^[[0m C compiler for the engine (cc)
confirm-t	Install official verification toolchain	2026-10-09T10:14:53.0610487Z   ^[[32m✓^[[0m python deps in /home/runner/work/_temp/deflate-upstream/.venv/bin/python
confirm-t	Install official verification toolchain	2026-10-09T10:14:53.0613929Z   ^[[32m✓^[[0m bubblewrap for the proof sandbox
confirm-t	Install official verification toolchain	2026-10-09T10:14:53.0614912Z   ^[[32m✓^[[0m systemd-run for the memory cap
confirm-t	Install official verification toolchain	2026-10-09T10:14:53.0615444Z 
confirm-t	Install official verification toolchain	2026-10-09T10:14:53.0615677Z ^[[1m6/6  Self-test^[[0m
confirm-t	Install official verification toolchain	2026-10-09T10:14:54.1197711Z 2026-10-09 10:14:54.119 | DEBUG    | __main__:stage_intake:261 - [gate] parse.rs c756784f2c5bdaf7 -> slot/generated/parse.rs
confirm-t	Install official verification toolchain	2026-10-09T10:14:54.1202022Z 2026-10-09 10:14:54.120 | DEBUG    | __main__:stage_intake:261 - [gate] Parse.lean 1cbccb0f91b22437 -> lean/Proof/Parse.lean
confirm-t	Install official verification toolchain	2026-10-09T10:14:54.1710167Z 2026-10-09 10:14:54.170 | DEBUG    | sandbox.bwrap:run:110 - [bwrap] rustup exit=0 in 0.0s
confirm-t	Install official verification toolchain	2026-10-09T10:14:54.4177962Z 2026-10-09 10:14:54.417 | DEBUG    | sandbox.bwrap:run:110 - [bwrap] extract.sh exit=0 in 0.2s
confirm-t	Install official verification toolchain	2026-10-09T10:14:55.8753473Z 2026-10-09 10:14:55.875 | DEBUG    | sandbox.bwrap:run:110 - [bwrap] extract.sh exit=0 in 1.4s
confirm-t	Install official verification toolchain	2026-10-09T10:14:55.8758200Z 2026-10-09 10:14:55.875 | DEBUG    | __main__:stage_extract:356 - [gate] extracted Types.lean 276d4089d337e0d7, Funs.lean 53b7412ded2ab911, Constants.lean 7f3588b4c89a448d
confirm-t	Install official verification toolchain	2026-10-09T10:14:58.3451105Z 2026-10-09 10:14:58.344 | DEBUG    | sandbox.bwrap:run:110 - [bwrap] lake exit=0 in 2.5s
confirm-t	Install official verification toolchain	2026-10-09T10:15:10.2326650Z 2026-10-09 10:15:10.232 | DEBUG    | sandbox.bwrap:run:110 - [bwrap] lake exit=0 in 11.9s
confirm-t	Install official verification toolchain	2026-10-09T10:15:33.1146896Z 2026-10-09 10:15:33.114 | DEBUG    | sandbox.bwrap:run:110 - [bwrap] lake exit=0 in 22.9s
confirm-t	Install official verification toolchain	2026-10-09T10:15:35.8145352Z 2026-10-09 10:15:35.814 | DEBUG    | sandbox.bwrap:run:110 - [bwrap] lake exit=0 in 2.7s
confirm-t	Install official verification toolchain	2026-10-09T10:15:38.5036259Z 2026-10-09 10:15:38.503 | DEBUG    | sandbox.bwrap:run:110 - [bwrap] lake exit=0 in 2.7s
confirm-t	Install official verification toolchain	2026-10-09T10:15:38.5083009Z 2026-10-09 10:15:38.503 | DEBUG    | __main__:stage_axioms:423 - [gate] axiom query stdout: "'accepted' depends on axioms: [propext, Classical.choice, Quot.sound]"
confirm-t	Install official verification toolchain	2026-10-09T10:15:38.5084741Z 2026-10-09 10:15:38.504 | INFO     | __main__:main:703 - [gate] verification accepted in 44.4s (bwrap, 900s, 16384 MB)
confirm-t	Install official verification toolchain	2026-10-09T10:15:38.5164137Z verifying /home/runner/work/_temp/deflate-upstream/miner/template
confirm-t	Install official verification toolchain	2026-10-09T10:15:38.5165100Z workspace: /home/runner/work/_temp/deflate-upstream/data/verification-workspace/verify-0_8i9itw
confirm-t	Install official verification toolchain	2026-10-09T10:15:38.5165706Z 
confirm-t	Install official verification toolchain	2026-10-09T10:15:38.5166176Z 0 intake      ok — template: parse.rs, Parse.lean
confirm-t	Install official verification toolchain	2026-10-09T10:15:38.5166751Z 1 policy      ok — source prefilters passed
confirm-t	Install official verification toolchain	2026-10-09T10:15:38.5174947Z 2 static      ok — resolved operations: core::num::{impl}::wrapping_add, core::num::{impl}::wrapping_mul, core::slice::{impl}::len
confirm-t	Install official verification toolchain	2026-10-09T10:15:38.5176090Z 3 extract     ok — charon+aeneas re-run by the verifier, no new axioms
confirm-t	Install official verification toolchain	2026-10-09T10:15:38.5176951Z 4 statement   ok — `LZ77.Obligation slot.parse` typechecks (bwrap, 900s, 16384 MB)
confirm-t	Install official verification toolchain	2026-10-09T10:15:38.5177832Z 5 axioms      ok — ['Classical.choice', 'Quot.sound', 'propext']; extraction intact
confirm-t	Install official verification toolchain	2026-10-09T10:15:38.5178524Z 
confirm-t	Install official verification toolchain	2026-10-09T10:15:38.5178678Z proof accepted (scoring skipped)
confirm-t	Install official verification toolchain	2026-10-09T10:15:38.5608495Z 
confirm-t	Install official verification toolchain	2026-10-09T10:15:38.5609265Z ^[[1minit ok.^[[0m Toolchain in use:
confirm-t	Install official verification toolchain	2026-10-09T10:15:38.5610010Z   AENEAS_WORK    /home/runner/work/_temp/deflate-upstream/validator/.work/aeneas
confirm-t	Install official verification toolchain	2026-10-09T10:15:38.5610922Z   CHARON_DIR     /home/runner/work/_temp/deflate-upstream/validator/.work/aeneas
confirm-t	Install official verification toolchain	2026-10-09T10:15:38.5611597Z   ELAN_HOME      /home/runner/work/_temp/deflate-upstream/validator/.work/elan
confirm-t	Install official verification toolchain	2026-10-09T10:15:38.5612054Z   LEAN_PACKAGES  (own checkout under lean/.lake)
confirm-t	Install official verification toolchain	2026-10-09T10:15:38.5612274Z 
confirm-t	Install official verification toolchain	2026-10-09T10:15:38.5612811Z Next:  just smoke
confirm-t	Install official verification toolchain	2026-10-09T10:15:38.5613104Z 
confirm-t	Install official verification toolchain	2026-10-09T10:15:38.5613630Z ^[[1msetup done.^[[0m  Next:  just check miner/template     just --list
confirm-t	Install official verification toolchain	2026-10-09T10:15:38.5811269Z /home/runner/work/_temp/deflate-upstream/setup.sh --check
confirm-t	Install official verification toolchain	2026-10-09T10:15:38.5863199Z 
confirm-t	Install official verification toolchain	2026-10-09T10:15:38.5863687Z ^[[1m1/9  System packages^[[0m
confirm-t	Install official verification toolchain	2026-10-09T10:15:38.5867637Z   ^[[32m✓^[[0m cc, curl, python3, git, bubblewrap present
confirm-t	Install official verification toolchain	2026-10-09T10:15:38.5868096Z 
confirm-t	Install official verification toolchain	2026-10-09T10:15:38.5868567Z ^[[1m2/9  just (1.58.0)^[[0m
confirm-t	Install official verification toolchain	2026-10-09T10:15:38.5950907Z   ^[[32m✓^[[0m just 1.58.0 at /home/runner/.local/bin/just
confirm-t	Install official verification toolchain	2026-10-09T10:15:38.5951364Z 
confirm-t	Install official verification toolchain	2026-10-09T10:15:38.5951587Z ^[[1m3/9  uv (0.12.15)^[[0m
confirm-t	Install official verification toolchain	2026-10-09T10:15:38.6298573Z   ^[[32m✓^[[0m uv 0.12.15 at /home/runner/.local/bin/uv
confirm-t	Install official verification toolchain	2026-10-09T10:15:38.6299057Z 
confirm-t	Install official verification toolchain	2026-10-09T10:15:38.6299436Z ^[[1m4/9  Python environment (.venv, from pyproject.toml)^[[0m
confirm-t	Install official verification toolchain	2026-10-09T10:15:39.7572565Z   ^[[32m✓^[[0m .venv complete
confirm-t	Install official verification toolchain	2026-10-09T10:15:39.7725347Z   ^[[33m·^[[0m bittensor SDK absent - miners do not need it; validators run ./setup.sh --chain
confirm-t	Install official verification toolchain	2026-10-09T10:15:39.7726217Z 
confirm-t	Install official verification toolchain	2026-10-09T10:15:39.7726508Z ^[[1m5/9  Trusted-input audit^[[0m
confirm-t	Install official verification toolchain	2026-10-09T10:15:39.7727604Z   ^[[32m✓^[[0m gate worker records observed code and benchmark identities
confirm-t	Install official verification toolchain	2026-10-09T10:15:39.7728232Z 
confirm-t	Install official verification toolchain	2026-10-09T10:15:39.7728804Z ^[[1m6/9  Configuration (.env)^[[0m
confirm-t	Install official verification toolchain	2026-10-09T10:15:39.7729405Z   ^[[32m✓^[[0m .env present
confirm-t	Install official verification toolchain	2026-10-09T10:15:39.7729708Z 
confirm-t	Install official verification toolchain	2026-10-09T10:15:39.7730206Z ^[[1m7/9  Scoring corpus (corpus-stage1, the benchmark default)^[[0m
confirm-t	Install official verification toolchain	2026-10-09T10:15:39.7746698Z   ^[[32m✓^[[0m data/benchmark/corpus-stage1 present
confirm-t	Install official verification toolchain	2026-10-09T10:15:39.7747434Z 
confirm-t	Install official verification toolchain	2026-10-09T10:15:39.7748021Z ^[[1m8/9  Slot (validator/slot/src/parse.rs is a symlink to generated/, gitignored)^[[0m
confirm-t	Install official verification toolchain	2026-10-09T10:15:39.7749149Z   ^[[32m✓^[[0m validator/slot/generated/parse.rs present
confirm-t	Install official verification toolchain	2026-10-09T10:15:39.7749527Z 
confirm-t	Install official verification toolchain	2026-10-09T10:15:39.7749829Z ^[[1m9/9  Toolchain: Lean, Aeneas, Charon, Mathlib^[[0m
confirm-t	Install official verification toolchain	2026-10-09T10:15:39.7813415Z 
confirm-t	Install official verification toolchain	2026-10-09T10:15:39.7813948Z ^[[1m1/6  Lean toolchain (leanprover/lean4:v4.31.0)^[[0m
confirm-t	Install official verification toolchain	2026-10-09T10:15:39.7814866Z   ^[[32m✓^[[0m elan at /home/runner/work/_temp/deflate-upstream/validator/.work/elan
confirm-t	Install official verification toolchain	2026-10-09T10:15:39.8217228Z   ^[[32m✓^[[0m Lean (version 4.31.0, x86_64-unknown-linux-gnu, commit 68218e876d2a38b1985b8590fff244a83c321783, Release)
confirm-t	Install official verification toolchain	2026-10-09T10:15:39.8218053Z 
confirm-t	Install official verification toolchain	2026-10-09T10:15:39.8218644Z ^[[1m2/6  Aeneas + Charon (nightly-2026.08.27-5b9dcf3 release)^[[0m
confirm-t	Install official verification toolchain	2026-10-09T10:15:39.8219641Z   ^[[32m✓^[[0m aeneas at /home/runner/work/_temp/deflate-upstream/validator/.work/aeneas/aeneas
confirm-t	Install official verification toolchain	2026-10-09T10:15:39.8220751Z   ^[[32m✓^[[0m charon at /home/runner/work/_temp/deflate-upstream/validator/.work/aeneas/charon
confirm-t	Install official verification toolchain	2026-10-09T10:15:39.8221488Z 
confirm-t	Install official verification toolchain	2026-10-09T10:15:39.8221779Z ^[[1m3/6  Rust nightly for charon-driver (nightly-2026-08-18 + rustc-dev)^[[0m
confirm-t	Install official verification toolchain	2026-10-09T10:15:39.8299110Z   ^[[32m✓^[[0m nightly-2026-08-18 installed
confirm-t	Install official verification toolchain	2026-10-09T10:15:39.8299620Z 
confirm-t	Install official verification toolchain	2026-10-09T10:15:39.8300174Z ^[[1m4/6  Lean dependencies (Aeneas backend + Mathlib)^[[0m
confirm-t	Install official verification toolchain	2026-10-09T10:15:39.8300961Z   ^[[32m✓^[[0m lean/.lake/packages present
confirm-t	Install official verification toolchain	2026-10-09T10:15:39.8301319Z 
confirm-t	Install official verification toolchain	2026-10-09T10:15:39.8301521Z ^[[1m5/6  Build^[[0m
confirm-t	Install official verification toolchain	2026-10-09T10:15:39.8306726Z   ^[[32m✓^[[0m contract built
confirm-t	Install official verification toolchain	2026-10-09T10:15:39.8307122Z   ^[[32m✓^[[0m syntax checker built
confirm-t	Install official verification toolchain	2026-10-09T10:15:39.8307407Z   ^[[32m✓^[[0m engine built
confirm-t	Install official verification toolchain	2026-10-09T10:15:39.8307693Z   ^[[32m✓^[[0m C compiler for the engine (cc)
confirm-t	Install official verification toolchain	2026-10-09T10:15:40.2053057Z   ^[[32m✓^[[0m python deps in /home/runner/work/_temp/deflate-upstream/.venv/bin/python
confirm-t	Install official verification toolchain	2026-10-09T10:15:40.2054244Z   ^[[32m✓^[[0m bubblewrap for the proof sandbox
confirm-t	Install official verification toolchain	2026-10-09T10:15:40.2055008Z   ^[[32m✓^[[0m systemd-run for the memory cap
confirm-t	Install official verification toolchain	2026-10-09T10:15:40.2055408Z 
confirm-t	Install official verification toolchain	2026-10-09T10:15:40.2055647Z ^[[1m6/6  Self-test^[[0m
confirm-t	Install official verification toolchain	2026-10-09T10:15:40.2056386Z   ^[[32m✓^[[0m everything present — run without --check to self-test
confirm-t	Install official verification toolchain	2026-10-09T10:15:40.2059519Z 
confirm-t	Install official verification toolchain	2026-10-09T10:15:40.2059813Z ^[[1mready.^[[0m
confirm-t	Install official verification toolchain	2026-10-09T10:15:40.2115730Z /home/runner/work/_temp/deflate-upstream/.venv/bin/python /home/runner/work/_temp/deflate-upstream/validator/verifier/pins.py --check
confirm-t	Install official verification toolchain	2026-10-09T10:15:40.2501911Z pins ok — 70 contract, engine and gate files unchanged
confirm-t	Install official verification toolchain	2026-10-09T10:15:40.2574160Z a356bbff18b60c4527fbcc85d5a28ef9c20214e0
confirm-t	Install official verification toolchain	2026-10-09T10:15:40.2930404Z Lean (version 4.31.0, x86_64-unknown-linux-gnu, commit 68218e876d2a38b1985b8590fff244a83c321783, Release)
confirm-t	Install official verification toolchain	2026-10-09T10:15:40.3063705Z rustc 1.100.0-nightly (8fa1c96cf 2026-08-17)
confirm-t	Install official verification toolchain	2026-10-09T10:15:40.3086587Z just 1.58.0
confirm-t	Install official verification toolchain	2026-10-09T10:15:40.3127669Z uv 0.12.15 (x86_64-unknown-linux-gnu)
confirm-t	Install official verification toolchain	2026-10-09T10:15:40.3142897Z Linux runnervmmprz5 6.17.0-1022-azure #22-Ubuntu SMP Mon Jul 27 17:24:03 UTC 2026 x86_64 x86_64 x86_64 GNU/Linux
confirm-t	Install official verification toolchain	2026-10-09T10:15:40.3183566Z CPU(s):                                  4
confirm-t	Install official verification toolchain	2026-10-09T10:15:40.3184271Z Model name:                              AMD EPYC 7763 64-Core Processor
confirm-t	Install official verification toolchain	2026-10-09T10:15:40.3201650Z c756784f2c5bdaf7b44ad8e0e646d9777557a09974afa1999f69a215fe2b7376  miner/template/parse.rs
confirm-t	Install official verification toolchain	2026-10-09T10:15:40.3202827Z 1cbccb0f91b22437209e785233c0a45d0a0713887c52fbfb8e5fec555c40b7a2  miner/template/Parse.lean
confirm-t	Install official verification toolchain	2026-10-09T10:15:40.3215743Z 37e7b307e925cc855ee2135385e81f9653301024cfdcb7364e48f271a5781fb6  validator/lean/lake-manifest.json
confirm-t	Install official verification toolchain	2026-10-09T10:15:40.3216469Z c6f818ab47f52b8d3161b0ee591e1ddb2ab8491a53d5609f9118730287b61f3b  validator/verifier/PINS.json
confirm-t	Install official verification toolchain	2026-10-09T10:15:40.3260106Z 6d48a129b156a4e032a6378b96d4258f89c9ccd759decdc66fdbf32c312277f4  data/benchmark/corpus-stage1/binary.db.bin
confirm-t	Install official verification toolchain	2026-10-09T10:15:40.3274820Z ada4433d366405395b1a415fbec247ce7e38525c05f4f09e40c111230394353c  data/benchmark/corpus-stage1/bundle.min.js.txt
confirm-t	Install official verification toolchain	2026-10-09T10:15:40.3282889Z 94a0152009cf44a20483a564f8b32d7ef32e4fbbea53843da9848e7b5f43743a  data/benchmark/corpus-stage1/catalog.xml.txt
confirm-t	Install official verification toolchain	2026-10-09T10:15:40.3289694Z dd2679f1b4553beb286ec43eda622e6c40e664b841de3af4887ee89faee223ec  data/benchmark/corpus-stage1/compressed.bin
confirm-t	Install official verification toolchain	2026-10-09T10:15:40.3297120Z 9353520d1b7b493a7f6f90d019e876c1580636732fc0d3197e51ed0766e2d4e2  data/benchmark/corpus-stage1/config.yaml.txt
confirm-t	Install official verification toolchain	2026-10-09T10:15:40.3309927Z 793cb2bc299557521c052defd985cddb934feac72d13b995cf475a0ff16347a5  data/benchmark/corpus-stage1/docs.md.txt
confirm-t	Install official verification toolchain	2026-10-09T10:15:40.3316123Z eb8d600ef976556175ab9410909871582d6845712bba0ad30607a0e79e9e60ba  data/benchmark/corpus-stage1/dump.sql.txt
confirm-t	Install official verification toolchain	2026-10-09T10:15:40.3339581Z 4b01b6b751d82ab6e1b5e5275c3308db25dd58e20afcd5c79b72caab7f8a2baf  data/benchmark/corpus-stage1/genome.fasta
confirm-t	Install official verification toolchain	2026-10-09T10:15:40.3346872Z 4cbc5cc76fe6bf05b5d2d49c5b7c7fe23780e0c8895a503d68f913479ba17254  data/benchmark/corpus-stage1/images.bin
confirm-t	Install official verification toolchain	2026-10-09T10:15:40.3363087Z 30ff2371b060320afcf60fa4e30c6a73855b5b704569e006bccc99262d37548e  data/benchmark/corpus-stage1/lean.txt
confirm-t	Install official verification toolchain	2026-10-09T10:15:40.3372311Z f58b5b1ba7cb2061f5a747ac87f84f2508b287219101f4a9d78c9513cb237204  data/benchmark/corpus-stage1/machine-code.bin
confirm-t	Install official verification toolchain	2026-10-09T10:15:40.3389056Z 4af8e993743404696f1a54e4d67e88f6a509414aed516b602c230b12e533e75c  data/benchmark/corpus-stage1/metrics.csv.txt
confirm-t	Install official verification toolchain	2026-10-09T10:15:40.3405047Z 174352fedf18646ab739edcb5ecea17832e4f8b700aa3f5d4f824e0c6221722e  data/benchmark/corpus-stage1/multibyte.txt
confirm-t	Install official verification toolchain	2026-10-09T10:15:40.3415689Z e2d69618c902e4c1847794b6f18ec67bb965da50ff68cda05305485b566e6ff2  data/benchmark/corpus-stage1/page.html.txt
confirm-t	Install official verification toolchain	2026-10-09T10:15:40.3434703Z 77bcc8ef22132bc4ef34324dc7897870e76e9b97452d1a3610e7f803a4486f17  data/benchmark/corpus-stage1/prose.txt
confirm-t	Install official verification toolchain	2026-10-09T10:15:40.3442409Z 63decf627edee015caecc4a8ab97c8a6d19606fcf115e2a98a9ac837c7ca1646  data/benchmark/corpus-stage1/records.json.txt
confirm-t	Install official verification toolchain	2026-10-09T10:15:40.3449135Z d7f2ee8a39592832c2c46089d07fc33c0bf1f985084577849a6db368d90cb700  data/benchmark/corpus-stage1/server.log
confirm-t	Install official verification toolchain	2026-10-09T10:15:40.3467631Z b04133d396ba4c81be9b5b9cf096402ed61526a85e2918c8553e3c9c15717cc3  data/benchmark/corpus-stage1/source.c.txt
confirm-t	Install official verification toolchain	2026-10-09T10:15:40.3478742Z dd4793f64b001c006b92f74e4488e91d4022893259bd88a2acbdf16cdad7a44b  data/benchmark/corpus-stage1/source.py.txt
confirm-t	Install official verification toolchain	2026-10-09T10:15:40.3490844Z 12edca346da882992b772a5686a191324858e46842626967cd89130d4c70bbd3  data/benchmark/corpus-stage1/source.rs.txt
confirm-t	Install official verification toolchain	2026-10-09T10:15:40.3498198Z 0f7395da91e686b53af9c818b6b96fa0a2eb7ac0b243a42247319341b8e7d522  data/benchmark/corpus-stage1/sourcemap.map.txt
confirm-t	Install official verification toolchain	2026-10-09T10:15:40.3500891Z e5d1db67caf732b985c2226791836f311774b6fe464a5d71e6f3fff3e6725f36  data/benchmark/corpus-stage1/sparse.bin
confirm-t	Install official verification toolchain	2026-10-09T10:15:40.3503384Z 0f806a930a41f56b5c9d85f91e81af6e90edf17ee6c66dabd88dcf63e18acf14  data/benchmark/corpus-stage1/tiny-app.log
confirm-t	Install official verification toolchain	2026-10-09T10:15:40.3505612Z 4ecee10b0b6b41ba5d1693b70ac95cb03de1a05712739e4bc6641b3af6cb0a73  data/benchmark/corpus-stage1/tiny-config.json.txt
confirm-t	Install official verification toolchain	2026-10-09T10:15:40.3513186Z e64e112bd3b2c63509c2dc3e687bb91e7e06dbc4bd13ecbdaac41241d0f03b1f  data/benchmark/corpus-stage1/weights-bf16.bin
confirm-t	Install official verification toolchain	2026-10-09T10:15:40.3519717Z 134a2ec77375f13fab74a200a80bc768dd6c3d4403bfccb473b38941fb2ff955  data/benchmark/corpus-stage1/weights-f16.bin
confirm-t	Install official verification toolchain	2026-10-09T10:15:40.3526765Z cbb1608ac057ef06f7dd2e6bb0ba32fa6a6ce6f91699c0e9c05f5644acc2c74d  data/benchmark/corpus-stage1/weights-f32.bin
confirm-t	Install official verification toolchain	2026-10-09T10:15:40.3533285Z c81adeb809c26ef1dd391c0a640c95b3ad76ebab127d690b5a7fdbe2e412779a  data/benchmark/corpus-stage1/weights-q8.bin
confirm-t	Install official verification toolchain	2026-10-09T10:15:40.4508768Z Filesystem      Size  Used Avail Use% Mounted on
confirm-t	Install official verification toolchain	2026-10-09T10:15:40.4509521Z /dev/root       145G   49G   96G  34% /
confirm-t	Check requested finite equivalence	﻿2026-10-09T10:15:40.4578533Z ##[group]Run export PATH="$HOME/.local/bin:$HOME/.cargo/bin:$ELAN_HOME/bin:$PATH"
confirm-t	Check requested finite equivalence	2026-10-09T10:15:40.4579192Z ^[[36;1mexport PATH="$HOME/.local/bin:$HOME/.cargo/bin:$ELAN_HOME/bin:$PATH"^[[0m
confirm-t	Check requested finite equivalence	2026-10-09T10:15:40.4579693Z ^[[36;1m"$DEFLATE_ROOT/.venv/bin/python" scripts/research-round4.py^[[0m
confirm-t	Check requested finite equivalence	2026-10-09T10:15:40.4691997Z shell: /usr/bin/bash -e {0}
confirm-t	Check requested finite equivalence	2026-10-09T10:15:40.4692249Z env:
confirm-t	Check requested finite equivalence	2026-10-09T10:15:40.4692443Z   ROUND4_SPEC: confirm-t
confirm-t	Check requested finite equivalence	2026-10-09T10:15:40.4692693Z   ROUND4_SPEC_DIR: evidence/round15
confirm-t	Check requested finite equivalence	2026-10-09T10:15:40.4693028Z   DEFLATE_ROOT: /home/runner/work/_temp/deflate-upstream
confirm-t	Check requested finite equivalence	2026-10-09T10:15:40.4693469Z   ELAN_HOME: /home/runner/work/_temp/deflate-upstream/validator/.work/elan
confirm-t	Check requested finite equivalence	2026-10-09T10:15:40.4693912Z   XDG_CACHE_HOME: /home/runner/work/_temp/deflate-cache
confirm-t	Check requested finite equivalence	2026-10-09T10:15:40.4694271Z   UV_CACHE_DIR: /home/runner/work/_temp/deflate-cache/uv
confirm-t	Check requested finite equivalence	2026-10-09T10:15:40.4694581Z   XDG_RUNTIME_DIR: /run/user/1001
confirm-t	Check requested finite equivalence	2026-10-09T10:15:40.4694888Z   DBUS_SESSION_BUS_ADDRESS: unix:path=/run/user/1001/bus
confirm-t	Check requested finite equivalence	2026-10-09T10:15:40.4695247Z   VERIFY_CORPUS: corpus-stage1
confirm-t	Check requested finite equivalence	2026-10-09T10:15:40.4695491Z   VERIFY_SANDBOX: bwrap
confirm-t	Check requested finite equivalence	2026-10-09T10:15:40.4695712Z   GIT_TERMINAL_PROMPT: 0
confirm-t	Check requested finite equivalence	2026-10-09T10:15:40.4695925Z ##[endgroup]
confirm-t	Extract requested research candidates	﻿2026-10-09T10:15:40.5470711Z ##[group]Run export PATH="$HOME/.local/bin:$HOME/.cargo/bin:$ELAN_HOME/bin:$PATH"
confirm-t	Extract requested research candidates	2026-10-09T10:15:40.5471311Z ^[[36;1mexport PATH="$HOME/.local/bin:$HOME/.cargo/bin:$ELAN_HOME/bin:$PATH"^[[0m
confirm-t	Extract requested research candidates	2026-10-09T10:15:40.5471809Z ^[[36;1m"$DEFLATE_ROOT/.venv/bin/python" scripts/research-round5.py^[[0m
confirm-t	Extract requested research candidates	2026-10-09T10:15:40.5531041Z shell: /usr/bin/bash -e {0}
confirm-t	Extract requested research candidates	2026-10-09T10:15:40.5531301Z env:
confirm-t	Extract requested research candidates	2026-10-09T10:15:40.5531496Z   ROUND4_SPEC: confirm-t
confirm-t	Extract requested research candidates	2026-10-09T10:15:40.5531744Z   ROUND4_SPEC_DIR: evidence/round15
confirm-t	Extract requested research candidates	2026-10-09T10:15:40.5532073Z   DEFLATE_ROOT: /home/runner/work/_temp/deflate-upstream
confirm-t	Extract requested research candidates	2026-10-09T10:15:40.5532505Z   ELAN_HOME: /home/runner/work/_temp/deflate-upstream/validator/.work/elan
confirm-t	Extract requested research candidates	2026-10-09T10:15:40.5532930Z   XDG_CACHE_HOME: /home/runner/work/_temp/deflate-cache
confirm-t	Extract requested research candidates	2026-10-09T10:15:40.5533310Z   UV_CACHE_DIR: /home/runner/work/_temp/deflate-cache/uv
confirm-t	Extract requested research candidates	2026-10-09T10:15:40.5533632Z   XDG_RUNTIME_DIR: /run/user/1001
confirm-t	Extract requested research candidates	2026-10-09T10:15:40.5533931Z   DBUS_SESSION_BUS_ADDRESS: unix:path=/run/user/1001/bus
confirm-t	Extract requested research candidates	2026-10-09T10:15:40.5534288Z   VERIFY_CORPUS: corpus-stage1
confirm-t	Extract requested research candidates	2026-10-09T10:15:40.5534531Z   VERIFY_SANDBOX: bwrap
confirm-t	Extract requested research candidates	2026-10-09T10:15:40.5534751Z   GIT_TERMINAL_PROMPT: 0
confirm-t	Extract requested research candidates	2026-10-09T10:15:40.5534966Z ##[endgroup]
confirm-t	Extract requested research candidates	2026-10-09T10:15:40.6098665Z ROUND5_RESEARCH_NOT_REQUESTED
confirm-t	Check Round 14 whole-parser and direct changed-path inputs	﻿2026-10-09T10:15:40.6228782Z ##[group]Run export PATH="$HOME/.local/bin:$HOME/.cargo/bin:$ELAN_HOME/bin:$PATH"
confirm-t	Check Round 14 whole-parser and direct changed-path inputs	2026-10-09T10:15:40.6229405Z ^[[36;1mexport PATH="$HOME/.local/bin:$HOME/.cargo/bin:$ELAN_HOME/bin:$PATH"^[[0m
confirm-t	Check Round 14 whole-parser and direct changed-path inputs	2026-10-09T10:15:40.6229901Z ^[[36;1m"$DEFLATE_ROOT/.venv/bin/python" scripts/research-round14.py^[[0m
confirm-t	Check Round 14 whole-parser and direct changed-path inputs	2026-10-09T10:15:40.6291935Z shell: /usr/bin/bash -e {0}
confirm-t	Check Round 14 whole-parser and direct changed-path inputs	2026-10-09T10:15:40.6292194Z env:
confirm-t	Check Round 14 whole-parser and direct changed-path inputs	2026-10-09T10:15:40.6292389Z   ROUND4_SPEC: confirm-t
confirm-t	Check Round 14 whole-parser and direct changed-path inputs	2026-10-09T10:15:40.6292644Z   ROUND4_SPEC_DIR: evidence/round15
confirm-t	Check Round 14 whole-parser and direct changed-path inputs	2026-10-09T10:15:40.6293146Z   DEFLATE_ROOT: /home/runner/work/_temp/deflate-upstream
confirm-t	Check Round 14 whole-parser and direct changed-path inputs	2026-10-09T10:15:40.6293598Z   ELAN_HOME: /home/runner/work/_temp/deflate-upstream/validator/.work/elan
confirm-t	Check Round 14 whole-parser and direct changed-path inputs	2026-10-09T10:15:40.6294032Z   XDG_CACHE_HOME: /home/runner/work/_temp/deflate-cache
confirm-t	Check Round 14 whole-parser and direct changed-path inputs	2026-10-09T10:15:40.6294390Z   UV_CACHE_DIR: /home/runner/work/_temp/deflate-cache/uv
confirm-t	Check Round 14 whole-parser and direct changed-path inputs	2026-10-09T10:15:40.6294703Z   XDG_RUNTIME_DIR: /run/user/1001
confirm-t	Check Round 14 whole-parser and direct changed-path inputs	2026-10-09T10:15:40.6295004Z   DBUS_SESSION_BUS_ADDRESS: unix:path=/run/user/1001/bus
confirm-t	Check Round 14 whole-parser and direct changed-path inputs	2026-10-09T10:15:40.6295354Z   VERIFY_CORPUS: corpus-stage1
confirm-t	Check Round 14 whole-parser and direct changed-path inputs	2026-10-09T10:15:40.6295595Z   VERIFY_SANDBOX: bwrap
confirm-t	Check Round 14 whole-parser and direct changed-path inputs	2026-10-09T10:15:40.6295814Z   GIT_TERMINAL_PROMPT: 0
confirm-t	Check Round 14 whole-parser and direct changed-path inputs	2026-10-09T10:15:40.6296027Z ##[endgroup]
confirm-t	Diagnose block phases and candidate discovery	﻿2026-10-09T10:15:40.7534941Z ##[group]Run export PATH="$HOME/.local/bin:$HOME/.cargo/bin:$ELAN_HOME/bin:$PATH"
confirm-t	Diagnose block phases and candidate discovery	2026-10-09T10:15:40.7535578Z ^[[36;1mexport PATH="$HOME/.local/bin:$HOME/.cargo/bin:$ELAN_HOME/bin:$PATH"^[[0m
confirm-t	Diagnose block phases and candidate discovery	2026-10-09T10:15:40.7536292Z ^[[36;1mif [[ "$ROUND4_SPEC_DIR" == evidence/round9 ]]; then "$DEFLATE_ROOT/.venv/bin/python" scripts/research-round9-phases.py; fi^[[0m
confirm-t	Diagnose block phases and candidate discovery	2026-10-09T10:15:40.7537171Z ^[[36;1mif [[ "$ROUND4_SPEC_DIR" == evidence/round9 ]]; then "$DEFLATE_ROOT/.venv/bin/python" scripts/research-round9-finder.py; fi^[[0m
confirm-t	Diagnose block phases and candidate discovery	2026-10-09T10:15:40.7538674Z ^[[36;1mif [[ "$ROUND4_SPEC_DIR" == evidence/round10 && -f scripts/research-round10-forward.py ]]; then "$DEFLATE_ROOT/.venv/bin/python" scripts/research-round10-forward.py; fi^[[0m
confirm-t	Diagnose block phases and candidate discovery	2026-10-09T10:15:40.7539979Z ^[[36;1mif [[ "$ROUND4_SPEC_DIR" == evidence/round10 && -f scripts/research-round10-finder.py ]]; then "$DEFLATE_ROOT/.venv/bin/python" scripts/research-round10-finder.py; fi^[[0m
confirm-t	Diagnose block phases and candidate discovery	2026-10-09T10:15:40.7541385Z ^[[36;1mif [[ "$ROUND4_SPEC_DIR" == evidence/round10 && -f scripts/research-round10-endprobe.py ]]; then "$DEFLATE_ROOT/.venv/bin/python" scripts/research-round10-endprobe.py; fi^[[0m
confirm-t	Diagnose block phases and candidate discovery	2026-10-09T10:15:40.7542775Z ^[[36;1mif [[ "$ROUND4_SPEC_DIR" == evidence/round10 && -f scripts/research-round10-costcache.py ]]; then "$DEFLATE_ROOT/.venv/bin/python" scripts/research-round10-costcache.py; fi^[[0m
confirm-t	Diagnose block phases and candidate discovery	2026-10-09T10:15:40.7544176Z ^[[36;1mif [[ "$ROUND4_SPEC_DIR" == evidence/round10 && -f scripts/research-round10-packed.py ]]; then "$DEFLATE_ROOT/.venv/bin/python" scripts/research-round10-packed.py; fi^[[0m
confirm-t	Diagnose block phases and candidate discovery	2026-10-09T10:15:40.7545442Z ^[[36;1mif [[ "$ROUND4_SPEC_DIR" == evidence/round10 && -f scripts/research-round10-prefixmask.py ]]; then "$DEFLATE_ROOT/.venv/bin/python" scripts/research-round10-prefixmask.py; fi^[[0m
confirm-t	Diagnose block phases and candidate discovery	2026-10-09T10:15:40.7546740Z ^[[36;1mif [[ "$ROUND4_SPEC_DIR" == evidence/round11 && -f scripts/research-round11-gap.py ]]; then "$DEFLATE_ROOT/.venv/bin/python" scripts/research-round11-gap.py; fi^[[0m
confirm-t	Diagnose block phases and candidate discovery	2026-10-09T10:15:40.7547988Z ^[[36;1mif [[ "$ROUND4_SPEC_DIR" == evidence/round11 && -f scripts/research-round11-fast.py ]]; then "$DEFLATE_ROOT/.venv/bin/python" scripts/research-round11-fast.py; fi^[[0m
confirm-t	Diagnose block phases and candidate discovery	2026-10-09T10:15:40.7643928Z shell: /usr/bin/bash -e {0}
confirm-t	Diagnose block phases and candidate discovery	2026-10-09T10:15:40.7644342Z env:
confirm-t	Diagnose block phases and candidate discovery	2026-10-09T10:15:40.7644676Z   ROUND4_SPEC: confirm-t
confirm-t	Diagnose block phases and candidate discovery	2026-10-09T10:15:40.7645077Z   ROUND4_SPEC_DIR: evidence/round15
confirm-t	Diagnose block phases and candidate discovery	2026-10-09T10:15:40.7645495Z   DEFLATE_ROOT: /home/runner/work/_temp/deflate-upstream
confirm-t	Diagnose block phases and candidate discovery	2026-10-09T10:15:40.7645966Z   ELAN_HOME: /home/runner/work/_temp/deflate-upstream/validator/.work/elan
confirm-t	Diagnose block phases and candidate discovery	2026-10-09T10:15:40.7646399Z   XDG_CACHE_HOME: /home/runner/work/_temp/deflate-cache
confirm-t	Diagnose block phases and candidate discovery	2026-10-09T10:15:40.7646762Z   UV_CACHE_DIR: /home/runner/work/_temp/deflate-cache/uv
confirm-t	Diagnose block phases and candidate discovery	2026-10-09T10:15:40.7647075Z   XDG_RUNTIME_DIR: /run/user/1001
confirm-t	Diagnose block phases and candidate discovery	2026-10-09T10:15:40.7647371Z   DBUS_SESSION_BUS_ADDRESS: unix:path=/run/user/1001/bus
confirm-t	Diagnose block phases and candidate discovery	2026-10-09T10:15:40.7647692Z   VERIFY_CORPUS: corpus-stage1
confirm-t	Diagnose block phases and candidate discovery	2026-10-09T10:15:40.7647931Z   VERIFY_SANDBOX: bwrap
confirm-t	Diagnose block phases and candidate discovery	2026-10-09T10:15:40.7648147Z   GIT_TERMINAL_PROMPT: 0
confirm-t	Diagnose block phases and candidate discovery	2026-10-09T10:15:40.7648705Z ##[endgroup]
confirm-t	Publish early extraction diagnostics	﻿2026-10-09T10:15:40.7799160Z ##[group]Run actions/upload-artifact@ea165f8d65b6e75b540449e92b4886f43607fa02
confirm-t	Publish early extraction diagnostics	2026-10-09T10:15:40.7799642Z with:
confirm-t	Publish early extraction diagnostics	2026-10-09T10:15:40.7799880Z   name: r15-37915785042-confirm-t-extraction
confirm-t	Publish early extraction diagnostics	2026-10-09T10:15:40.7800419Z   path: /home/runner/work/_temp/round4-receipts/research5/
confirm-t	Publish early extraction diagnostics	2026-10-09T10:15:40.7800757Z   retention-days: 1
confirm-t	Publish early extraction diagnostics	2026-10-09T10:15:40.7800978Z   compression-level: 9
confirm-t	Publish early extraction diagnostics	2026-10-09T10:15:40.7801218Z   if-no-files-found: ignore
confirm-t	Publish early extraction diagnostics	2026-10-09T10:15:40.7801467Z   overwrite: false
confirm-t	Publish early extraction diagnostics	2026-10-09T10:15:40.7801689Z   include-hidden-files: false
confirm-t	Publish early extraction diagnostics	2026-10-09T10:15:40.7801929Z env:
confirm-t	Publish early extraction diagnostics	2026-10-09T10:15:40.7802117Z   ROUND4_SPEC: confirm-t
confirm-t	Publish early extraction diagnostics	2026-10-09T10:15:40.7802362Z   ROUND4_SPEC_DIR: evidence/round15
confirm-t	Publish early extraction diagnostics	2026-10-09T10:15:40.7802677Z   DEFLATE_ROOT: /home/runner/work/_temp/deflate-upstream
confirm-t	Publish early extraction diagnostics	2026-10-09T10:15:40.7803115Z   ELAN_HOME: /home/runner/work/_temp/deflate-upstream/validator/.work/elan
confirm-t	Publish early extraction diagnostics	2026-10-09T10:15:40.7803545Z   XDG_CACHE_HOME: /home/runner/work/_temp/deflate-cache
confirm-t	Publish early extraction diagnostics	2026-10-09T10:15:40.7803923Z   UV_CACHE_DIR: /home/runner/work/_temp/deflate-cache/uv
confirm-t	Publish early extraction diagnostics	2026-10-09T10:15:40.7804281Z   XDG_RUNTIME_DIR: /run/user/1001
confirm-t	Publish early extraction diagnostics	2026-10-09T10:15:40.7804591Z   DBUS_SESSION_BUS_ADDRESS: unix:path=/run/user/1001/bus
confirm-t	Publish early extraction diagnostics	2026-10-09T10:15:40.7804920Z   VERIFY_CORPUS: corpus-stage1
confirm-t	Publish early extraction diagnostics	2026-10-09T10:15:40.7805172Z   VERIFY_SANDBOX: bwrap
confirm-t	Publish early extraction diagnostics	2026-10-09T10:15:40.7805400Z   GIT_TERMINAL_PROMPT: 0
confirm-t	Publish early extraction diagnostics	2026-10-09T10:15:40.7805619Z ##[endgroup]
confirm-t	Publish early extraction diagnostics	2026-10-09T10:15:41.0783369Z (node:5799) [DEP0040] DeprecationWarning: The `punycode` module is deprecated. Please use a userland alternative instead.
confirm-t	Publish early extraction diagnostics	2026-10-09T10:15:41.0784679Z (Use `node --trace-deprecation ...` to show where the warning was created)
confirm-t	Publish early extraction diagnostics	2026-10-09T10:15:41.0810316Z No files were found with the provided path: /home/runner/work/_temp/round4-receipts/research5/. No artifacts will be uploaded.
confirm-t	Screen time and compression axes	﻿2026-10-09T10:15:41.0992947Z ##[group]Run export PATH="$HOME/.local/bin:$HOME/.cargo/bin:$ELAN_HOME/bin:$PATH"
confirm-t	Screen time and compression axes	2026-10-09T10:15:41.0993546Z ^[[36;1mexport PATH="$HOME/.local/bin:$HOME/.cargo/bin:$ELAN_HOME/bin:$PATH"^[[0m
confirm-t	Screen time and compression axes	2026-10-09T10:15:41.0993998Z ^[[36;1mexport PYTHONPATH="$DEFLATE_ROOT/validator"^[[0m
confirm-t	Screen time and compression axes	2026-10-09T10:15:41.0994391Z ^[[36;1m"$DEFLATE_ROOT/.venv/bin/python" scripts/round4.py screen^[[0m
confirm-t	Screen time and compression axes	2026-10-09T10:15:41.1056573Z shell: /usr/bin/bash -e {0}
confirm-t	Screen time and compression axes	2026-10-09T10:15:41.1056831Z env:
confirm-t	Screen time and compression axes	2026-10-09T10:15:41.1057048Z   ROUND4_SPEC: confirm-t
confirm-t	Screen time and compression axes	2026-10-09T10:15:41.1057297Z   ROUND4_SPEC_DIR: evidence/round15
confirm-t	Screen time and compression axes	2026-10-09T10:15:41.1057627Z   DEFLATE_ROOT: /home/runner/work/_temp/deflate-upstream
confirm-t	Screen time and compression axes	2026-10-09T10:15:41.1058061Z   ELAN_HOME: /home/runner/work/_temp/deflate-upstream/validator/.work/elan
confirm-t	Screen time and compression axes	2026-10-09T10:15:41.1058845Z   XDG_CACHE_HOME: /home/runner/work/_temp/deflate-cache
confirm-t	Screen time and compression axes	2026-10-09T10:15:41.1059211Z   UV_CACHE_DIR: /home/runner/work/_temp/deflate-cache/uv
confirm-t	Screen time and compression axes	2026-10-09T10:15:41.1059529Z   XDG_RUNTIME_DIR: /run/user/1001
confirm-t	Screen time and compression axes	2026-10-09T10:15:41.1059863Z   DBUS_SESSION_BUS_ADDRESS: unix:path=/run/user/1001/bus
confirm-t	Screen time and compression axes	2026-10-09T10:15:41.1060179Z   VERIFY_CORPUS: corpus-stage1
confirm-t	Screen time and compression axes	2026-10-09T10:15:41.1060420Z   VERIFY_SANDBOX: bwrap
confirm-t	Screen time and compression axes	2026-10-09T10:15:41.1060639Z   GIT_TERMINAL_PROMPT: 0
confirm-t	Screen time and compression axes	2026-10-09T10:15:41.1060856Z ##[endgroup]
confirm-t	Screen time and compression axes	2026-10-09T10:15:41.7090699Z MEASURE_BEGIN 1 probe3
confirm-t	Screen time and compression axes	2026-10-09T10:15:41.7561372Z ^[[32m2026-10-09 10:15:41.755^[[0m | ^[[34m^[[1mDEBUG   ^[[0m | ^[[36msandbox.bwrap^[[0m:^[[36mrun^[[0m:^[[36m110^[[0m - ^[[34m^[[1m[bwrap] rustc exit=0 in 0.0s^[[0m
confirm-t	Screen time and compression axes	2026-10-09T10:15:44.0002546Z ^[[32m2026-10-09 10:15:43.999^[[0m | ^[[34m^[[1mDEBUG   ^[[0m | ^[[36msandbox.bwrap^[[0m:^[[36mrun^[[0m:^[[36m110^[[0m - ^[[34m^[[1m[bwrap] cargo exit=0 in 2.2s^[[0m
confirm-t	Screen time and compression axes	2026-10-09T10:15:44.0004411Z ^[[32m2026-10-09 10:15:44.000^[[0m | ^[[34m^[[1mDEBUG   ^[[0m | ^[[36mbench.driver^[[0m:^[[36m_build^[[0m:^[[36m295^[[0m - ^[[34m^[[1m[bench] built incumbent in 2.2s exit=0^[[0m
confirm-t	Screen time and compression axes	2026-10-09T10:15:47.2230877Z ^[[32m2026-10-09 10:15:47.222^[[0m | ^[[34m^[[1mDEBUG   ^[[0m | ^[[36msandbox.bwrap^[[0m:^[[36mrun^[[0m:^[[36m110^[[0m - ^[[34m^[[1m[bwrap] cargo exit=0 in 3.2s^[[0m
confirm-t	Screen time and compression axes	2026-10-09T10:15:47.2233323Z ^[[32m2026-10-09 10:15:47.222^[[0m | ^[[34m^[[1mDEBUG   ^[[0m | ^[[36mbench.driver^[[0m:^[[36m_build^[[0m:^[[36m295^[[0m - ^[[34m^[[1m[bench] built probe3 in 3.2s exit=0^[[0m
confirm-t	Screen time and compression axes	2026-10-09T10:16:00.3912477Z ^[[32m2026-10-09 10:16:00.390^[[0m | ^[[34m^[[1mDEBUG   ^[[0m | ^[[36msandbox.bwrap^[[0m:^[[36mrun^[[0m:^[[36m110^[[0m - ^[[34m^[[1m[bwrap] measure exit=0 in 13.2s^[[0m
confirm-t	Screen time and compression axes	2026-10-09T10:16:00.3915307Z ^[[32m2026-10-09 10:16:00.391^[[0m | ^[[34m^[[1mDEBUG   ^[[0m | ^[[36mbench.driver^[[0m:^[[36m_measure^[[0m:^[[36m333^[[0m - ^[[34m^[[1m[bench] measured probe3 in 13.2s exit=0^[[0m
confirm-t	Screen time and compression axes	2026-10-09T10:16:00.4033373Z MEASUREMENT {"candidate": "probe3", "round": 1, "time": 0.4628674989947294, "size_pct": 35.92083771476539, "parse_s": 0.06294641699999999, "total_s": 0.284711531, "output_bytes": 5287026, "source_sha256": "e20ea5a7d2e77821008592faef393855077b9b8ceee244f390a85ac0257e047d"}
confirm-t	Screen time and compression axes	2026-10-09T10:16:00.4035243Z MEASURE_BEGIN 1 r3-432-fast3
confirm-t	Screen time and compression axes	2026-10-09T10:16:00.4513404Z ^[[32m2026-10-09 10:16:00.451^[[0m | ^[[34m^[[1mDEBUG   ^[[0m | ^[[36msandbox.bwrap^[[0m:^[[36mrun^[[0m:^[[36m110^[[0m - ^[[34m^[[1m[bwrap] rustc exit=0 in 0.0s^[[0m
confirm-t	Screen time and compression axes	2026-10-09T10:16:02.6191249Z ^[[32m2026-10-09 10:16:02.618^[[0m | ^[[34m^[[1mDEBUG   ^[[0m | ^[[36msandbox.bwrap^[[0m:^[[36mrun^[[0m:^[[36m110^[[0m - ^[[34m^[[1m[bwrap] cargo exit=0 in 2.2s^[[0m
confirm-t	Screen time and compression axes	2026-10-09T10:16:02.6193099Z ^[[32m2026-10-09 10:16:02.618^[[0m | ^[[34m^[[1mDEBUG   ^[[0m | ^[[36mbench.driver^[[0m:^[[36m_build^[[0m:^[[36m295^[[0m - ^[[34m^[[1m[bench] built incumbent in 2.2s exit=0^[[0m
confirm-t	Screen time and compression axes	2026-10-09T10:16:06.5481432Z ^[[32m2026-10-09 10:16:06.547^[[0m | ^[[34m^[[1mDEBUG   ^[[0m | ^[[36msandbox.bwrap^[[0m:^[[36mrun^[[0m:^[[36m110^[[0m - ^[[34m^[[1m[bwrap] cargo exit=0 in 3.9s^[[0m
confirm-t	Screen time and compression axes	2026-10-09T10:16:06.5483290Z ^[[32m2026-10-09 10:16:06.547^[[0m | ^[[34m^[[1mDEBUG   ^[[0m | ^[[36mbench.driver^[[0m:^[[36m_build^[[0m:^[[36m295^[[0m - ^[[34m^[[1m[bench] built r3-432-fast3 in 3.9s exit=0^[[0m
confirm-t	Screen time and compression axes	2026-10-09T10:16:19.5090177Z ^[[32m2026-10-09 10:16:19.508^[[0m | ^[[34m^[[1mDEBUG   ^[[0m | ^[[36msandbox.bwrap^[[0m:^[[36mrun^[[0m:^[[36m110^[[0m - ^[[34m^[[1m[bwrap] measure exit=0 in 13.0s^[[0m
confirm-t	Screen time and compression axes	2026-10-09T10:16:19.5092797Z ^[[32m2026-10-09 10:16:19.508^[[0m | ^[[34m^[[1mDEBUG   ^[[0m | ^[[36mbench.driver^[[0m:^[[36m_measure^[[0m:^[[36m333^[[0m - ^[[34m^[[1m[bench] measured r3-432-fast3 in 13.0s exit=0^[[0m
confirm-t	Screen time and compression axes	2026-10-09T10:16:19.5195934Z MEASUREMENT {"candidate": "r3-432-fast3", "round": 1, "time": 0.43543628119398914, "size_pct": 36.60213910633018, "parse_s": 0.040945061, "total_s": 0.26559234200000004, "output_bytes": 5410408, "source_sha256": "bae8014121e4710f4a34ce63452578b4bf69121b4f695e1b1356780a019108ef"}
confirm-t	Screen time and compression axes	2026-10-09T10:16:19.5198452Z MEASURE_BEGIN 1 public432
confirm-t	Screen time and compression axes	2026-10-09T10:16:19.5665990Z ^[[32m2026-10-09 10:16:19.566^[[0m | ^[[34m^[[1mDEBUG   ^[[0m | ^[[36msandbox.bwrap^[[0m:^[[36mrun^[[0m:^[[36m110^[[0m - ^[[34m^[[1m[bwrap] rustc exit=0 in 0.0s^[[0m
confirm-t	Screen time and compression axes	2026-10-09T10:16:21.7352435Z ^[[32m2026-10-09 10:16:21.734^[[0m | ^[[34m^[[1mDEBUG   ^[[0m | ^[[36msandbox.bwrap^[[0m:^[[36mrun^[[0m:^[[36m110^[[0m - ^[[34m^[[1m[bwrap] cargo exit=0 in 2.2s^[[0m
confirm-t	Screen time and compression axes	2026-10-09T10:16:21.7354354Z ^[[32m2026-10-09 10:16:21.735^[[0m | ^[[34m^[[1mDEBUG   ^[[0m | ^[[36mbench.driver^[[0m:^[[36m_build^[[0m:^[[36m295^[[0m - ^[[34m^[[1m[bench] built incumbent in 2.2s exit=0^[[0m
confirm-t	Screen time and compression axes	2026-10-09T10:16:25.5826551Z ^[[32m2026-10-09 10:16:25.582^[[0m | ^[[34m^[[1mDEBUG   ^[[0m | ^[[36msandbox.bwrap^[[0m:^[[36mrun^[[0m:^[[36m110^[[0m - ^[[34m^[[1m[bwrap] cargo exit=0 in 3.8s^[[0m
confirm-t	Screen time and compression axes	2026-10-09T10:16:25.5828804Z ^[[32m2026-10-09 10:16:25.582^[[0m | ^[[34m^[[1mDEBUG   ^[[0m | ^[[36mbench.driver^[[0m:^[[36m_build^[[0m:^[[36m295^[[0m - ^[[34m^[[1m[bench] built public432 in 3.8s exit=0^[[0m
confirm-t	Screen time and compression axes	2026-10-09T10:16:38.6282640Z ^[[32m2026-10-09 10:16:38.627^[[0m | ^[[34m^[[1mDEBUG   ^[[0m | ^[[36msandbox.bwrap^[[0m:^[[36mrun^[[0m:^[[36m110^[[0m - ^[[34m^[[1m[bwrap] measure exit=0 in 13.0s^[[0m
confirm-t	Screen time and compression axes	2026-10-09T10:16:38.6289777Z ^[[32m2026-10-09 10:16:38.628^[[0m | ^[[34m^[[1mDEBUG   ^[[0m | ^[[36mbench.driver^[[0m:^[[36m_measure^[[0m:^[[36m333^[[0m - ^[[34m^[[1m[bench] measured public432 in 13.0s exit=0^[[0m
confirm-t	Screen time and compression axes	2026-10-09T10:16:38.6388077Z MEASUREMENT {"candidate": "public432", "round": 1, "time": 0.4409800347862089, "size_pct": 36.52435870548103, "parse_s": 0.04651223499999999, "total_s": 0.27167542299999997, "output_bytes": 5376051, "source_sha256": "160d1b3f9edb307a0f97bde13cd972b5f6f0a426dd669515f639e4bfa24ef054"}
confirm-t	Screen time and compression axes	2026-10-09T10:16:38.6391731Z MEASURE_BEGIN 1 public514
confirm-t	Screen time and compression axes	2026-10-09T10:16:38.6884686Z ^[[32m2026-10-09 10:16:38.688^[[0m | ^[[34m^[[1mDEBUG   ^[[0m | ^[[36msandbox.bwrap^[[0m:^[[36mrun^[[0m:^[[36m110^[[0m - ^[[34m^[[1m[bwrap] rustc exit=0 in 0.0s^[[0m
confirm-t	Screen time and compression axes	2026-10-09T10:16:40.8466093Z ^[[32m2026-10-09 10:16:40.846^[[0m | ^[[34m^[[1mDEBUG   ^[[0m | ^[[36msandbox.bwrap^[[0m:^[[36mrun^[[0m:^[[36m110^[[0m - ^[[34m^[[1m[bwrap] cargo exit=0 in 2.2s^[[0m
confirm-t	Screen time and compression axes	2026-10-09T10:16:40.8468148Z ^[[32m2026-10-09 10:16:40.846^[[0m | ^[[34m^[[1mDEBUG   ^[[0m | ^[[36mbench.driver^[[0m:^[[36m_build^[[0m:^[[36m295^[[0m - ^[[34m^[[1m[bench] built incumbent in 2.2s exit=0^[[0m
confirm-t	Screen time and compression axes	2026-10-09T10:16:44.8604880Z ^[[32m2026-10-09 10:16:44.860^[[0m | ^[[34m^[[1mDEBUG   ^[[0m | ^[[36msandbox.bwrap^[[0m:^[[36mrun^[[0m:^[[36m110^[[0m - ^[[34m^[[1m[bwrap] cargo exit=0 in 4.0s^[[0m
confirm-t	Screen time and compression axes	2026-10-09T10:16:44.8606629Z ^[[32m2026-10-09 10:16:44.860^[[0m | ^[[34m^[[1mDEBUG   ^[[0m | ^[[36mbench.driver^[[0m:^[[36m_build^[[0m:^[[36m295^[[0m - ^[[34m^[[1m[bench] built public514 in 4.0s exit=0^[[0m
confirm-t	Screen time and compression axes	2026-10-09T10:16:57.6477858Z ^[[32m2026-10-09 10:16:57.647^[[0m | ^[[34m^[[1mDEBUG   ^[[0m | ^[[36msandbox.bwrap^[[0m:^[[36mrun^[[0m:^[[36m110^[[0m - ^[[34m^[[1m[bwrap] measure exit=0 in 12.8s^[[0m
confirm-t	Screen time and compression axes	2026-10-09T10:16:57.6480380Z ^[[32m2026-10-09 10:16:57.647^[[0m | ^[[34m^[[1mDEBUG   ^[[0m | ^[[36mbench.driver^[[0m:^[[36m_measure^[[0m:^[[36m333^[[0m - ^[[34m^[[1m[bench] measured public514 in 12.8s exit=0^[[0m
confirm-t	Screen time and compression axes	2026-10-09T10:16:57.6594618Z MEASUREMENT {"candidate": "public514", "round": 1, "time": 0.4306676036237168, "size_pct": 36.20314548923299, "parse_s": 0.04903556500000001, "total_s": 0.260290869, "output_bytes": 5340006, "source_sha256": "e337b70b9bd81a1f189a05a37fcd26ca13b1a741a3b6bd8c89705e30896b004a"}
confirm-t	Screen time and compression axes	2026-10-09T10:16:57.6597029Z MEASURE_BEGIN 1 public514-shadow
confirm-t	Screen time and compression axes	2026-10-09T10:16:57.7157574Z ^[[32m2026-10-09 10:16:57.715^[[0m | ^[[34m^[[1mDEBUG   ^[[0m | ^[[36msandbox.bwrap^[[0m:^[[36mrun^[[0m:^[[36m110^[[0m - ^[[34m^[[1m[bwrap] rustc exit=0 in 0.0s^[[0m
confirm-t	Screen time and compression axes	2026-10-09T10:16:59.8867115Z ^[[32m2026-10-09 10:16:59.886^[[0m | ^[[34m^[[1mDEBUG   ^[[0m | ^[[36msandbox.bwrap^[[0m:^[[36mrun^[[0m:^[[36m110^[[0m - ^[[34m^[[1m[bwrap] cargo exit=0 in 2.2s^[[0m
confirm-t	Screen time and compression axes	2026-10-09T10:16:59.8868556Z ^[[32m2026-10-09 10:16:59.886^[[0m | ^[[34m^[[1mDEBUG   ^[[0m | ^[[36mbench.driver^[[0m:^[[36m_build^[[0m:^[[36m295^[[0m - ^[[34m^[[1m[bench] built incumbent in 2.2s exit=0^[[0m
confirm-t	Screen time and compression axes	2026-10-09T10:17:03.8645793Z ^[[32m2026-10-09 10:17:03.864^[[0m | ^[[34m^[[1mDEBUG   ^[[0m | ^[[36msandbox.bwrap^[[0m:^[[36mrun^[[0m:^[[36m110^[[0m - ^[[34m^[[1m[bwrap] cargo exit=0 in 4.0s^[[0m
confirm-t	Screen time and compression axes	2026-10-09T10:17:03.8647908Z ^[[32m2026-10-09 10:17:03.864^[[0m | ^[[34m^[[1mDEBUG   ^[[0m | ^[[36mbench.driver^[[0m:^[[36m_build^[[0m:^[[36m295^[[0m - ^[[34m^[[1m[bench] built public514-shadow in 4.0s exit=0^[[0m
confirm-t	Screen time and compression axes	2026-10-09T10:17:16.7129409Z ^[[32m2026-10-09 10:17:16.712^[[0m | ^[[34m^[[1mDEBUG   ^[[0m | ^[[36msandbox.bwrap^[[0m:^[[36mrun^[[0m:^[[36m110^[[0m - ^[[34m^[[1m[bwrap] measure exit=0 in 12.8s^[[0m
confirm-t	Screen time and compression axes	2026-10-09T10:17:16.7131543Z ^[[32m2026-10-09 10:17:16.712^[[0m | ^[[34m^[[1mDEBUG   ^[[0m | ^[[36mbench.driver^[[0m:^[[36m_measure^[[0m:^[[36m333^[[0m - ^[[34m^[[1m[bench] measured public514-shadow in 12.8s exit=0^[[0m
confirm-t	Screen time and compression axes	2026-10-09T10:17:16.7244207Z MEASUREMENT {"candidate": "public514-shadow", "round": 1, "time": 0.4300832367929402, "size_pct": 36.20314548923299, "parse_s": 0.04949489, "total_s": 0.261264836, "output_bytes": 5340006, "source_sha256": "e337b70b9bd81a1f189a05a37fcd26ca13b1a741a3b6bd8c89705e30896b004a"}
confirm-t	Screen time and compression axes	2026-10-09T10:17:16.7246807Z MEASURE_BEGIN 1 r14-514-hash32
confirm-t	Screen time and compression axes	2026-10-09T10:17:16.7805215Z ^[[32m2026-10-09 10:17:16.779^[[0m | ^[[34m^[[1mDEBUG   ^[[0m | ^[[36msandbox.bwrap^[[0m:^[[36mrun^[[0m:^[[36m110^[[0m - ^[[34m^[[1m[bwrap] rustc exit=0 in 0.0s^[[0m
confirm-t	Screen time and compression axes	2026-10-09T10:17:18.9509405Z ^[[32m2026-10-09 10:17:18.949^[[0m | ^[[34m^[[1mDEBUG   ^[[0m | ^[[36msandbox.bwrap^[[0m:^[[36mrun^[[0m:^[[36m110^[[0m - ^[[34m^[[1m[bwrap] cargo exit=0 in 2.2s^[[0m
confirm-t	Screen time and compression axes	2026-10-09T10:17:18.9511240Z ^[[32m2026-10-09 10:17:18.950^[[0m | ^[[34m^[[1mDEBUG   ^[[0m | ^[[36mbench.driver^[[0m:^[[36m_build^[[0m:^[[36m295^[[0m - ^[[34m^[[1m[bench] built incumbent in 2.2s exit=0^[[0m
confirm-t	Screen time and compression axes	2026-10-09T10:17:22.9351641Z ^[[32m2026-10-09 10:17:22.934^[[0m | ^[[34m^[[1mDEBUG   ^[[0m | ^[[36msandbox.bwrap^[[0m:^[[36mrun^[[0m:^[[36m110^[[0m - ^[[34m^[[1m[bwrap] cargo exit=0 in 4.0s^[[0m
confirm-t	Screen time and compression axes	2026-10-09T10:17:22.9353546Z ^[[32m2026-10-09 10:17:22.935^[[0m | ^[[34m^[[1mDEBUG   ^[[0m | ^[[36mbench.driver^[[0m:^[[36m_build^[[0m:^[[36m295^[[0m - ^[[34m^[[1m[bench] built r14-514-hash32 in 4.0s exit=0^[[0m
confirm-t	Screen time and compression axes	2026-10-09T10:17:35.7131604Z ^[[32m2026-10-09 10:17:35.712^[[0m | ^[[34m^[[1mDEBUG   ^[[0m | ^[[36msandbox.bwrap^[[0m:^[[36mrun^[[0m:^[[36m110^[[0m - ^[[34m^[[1m[bwrap] measure exit=0 in 12.8s^[[0m
confirm-t	Screen time and compression axes	2026-10-09T10:17:35.7133641Z ^[[32m2026-10-09 10:17:35.713^[[0m | ^[[34m^[[1mDEBUG   ^[[0m | ^[[36mbench.driver^[[0m:^[[36m_measure^[[0m:^[[36m333^[[0m - ^[[34m^[[1m[bench] measured r14-514-hash32 in 12.8s exit=0^[[0m
confirm-t	Screen time and compression axes	2026-10-09T10:17:35.7243267Z MEASUREMENT {"candidate": "r14-514-hash32", "round": 1, "time": 0.4309307686802201, "size_pct": 36.21069208341262, "parse_s": 0.04910134, "total_s": 0.26000476000000006, "output_bytes": 5340676, "source_sha256": "0db4e862fc012a11d76140ebf9599aab2acf0ac9c5859d0a7cdee843ec2a6b82"}
confirm-t	Screen time and compression axes	2026-10-09T10:17:35.7246616Z MEASURE_BEGIN 1 r15-hash32-chain-depth2
confirm-t	Screen time and compression axes	2026-10-09T10:17:35.7735320Z ^[[32m2026-10-09 10:17:35.773^[[0m | ^[[34m^[[1mDEBUG   ^[[0m | ^[[36msandbox.bwrap^[[0m:^[[36mrun^[[0m:^[[36m110^[[0m - ^[[34m^[[1m[bwrap] rustc exit=0 in 0.0s^[[0m
confirm-t	Screen time and compression axes	2026-10-09T10:17:37.9492517Z ^[[32m2026-10-09 10:17:37.948^[[0m | ^[[34m^[[1mDEBUG   ^[[0m | ^[[36msandbox.bwrap^[[0m:^[[36mrun^[[0m:^[[36m110^[[0m - ^[[34m^[[1m[bwrap] cargo exit=0 in 2.2s^[[0m
confirm-t	Screen time and compression axes	2026-10-09T10:17:37.9494529Z ^[[32m2026-10-09 10:17:37.948^[[0m | ^[[34m^[[1mDEBUG   ^[[0m | ^[[36mbench.driver^[[0m:^[[36m_build^[[0m:^[[36m295^[[0m - ^[[34m^[[1m[bench] built incumbent in 2.2s exit=0^[[0m
confirm-t	Screen time and compression axes	2026-10-09T10:17:41.9285011Z ^[[32m2026-10-09 10:17:41.928^[[0m | ^[[34m^[[1mDEBUG   ^[[0m | ^[[36msandbox.bwrap^[[0m:^[[36mrun^[[0m:^[[36m110^[[0m - ^[[34m^[[1m[bwrap] cargo exit=0 in 4.0s^[[0m
confirm-t	Screen time and compression axes	2026-10-09T10:17:41.9287334Z ^[[32m2026-10-09 10:17:41.928^[[0m | ^[[34m^[[1mDEBUG   ^[[0m | ^[[36mbench.driver^[[0m:^[[36m_build^[[0m:^[[36m295^[[0m - ^[[34m^[[1m[bench] built r15-hash32-chain-depth2 in 4.0s exit=0^[[0m
confirm-t	Screen time and compression axes	2026-10-09T10:17:54.8337693Z ^[[32m2026-10-09 10:17:54.833^[[0m | ^[[34m^[[1mDEBUG   ^[[0m | ^[[36msandbox.bwrap^[[0m:^[[36mrun^[[0m:^[[36m110^[[0m - ^[[34m^[[1m[bwrap] measure exit=0 in 12.9s^[[0m
confirm-t	Screen time and compression axes	2026-10-09T10:17:54.8340721Z ^[[32m2026-10-09 10:17:54.833^[[0m | ^[[34m^[[1mDEBUG   ^[[0m | ^[[36mbench.driver^[[0m:^[[36m_measure^[[0m:^[[36m333^[[0m - ^[[34m^[[1m[bench] measured r15-hash32-chain-depth2 in 12.9s exit=0^[[0m
confirm-t	Screen time and compression axes	2026-10-09T10:17:54.8451779Z MEASUREMENT {"candidate": "r15-hash32-chain-depth2", "round": 1, "time": 0.4328922096967636, "size_pct": 36.11687097178615, "parse_s": 0.05245201000000001, "total_s": 0.26314445100000006, "output_bytes": 5318677, "source_sha256": "79170abebc9b372ef563fa9286952fce1cfbe349d3a61d637f2811159d4ccb7b"}
confirm-t	Screen time and compression axes	2026-10-09T10:17:54.8455080Z MEASURE_BEGIN 1 r15-hash32-chain-depth3
confirm-t	Screen time and compression axes	2026-10-09T10:17:54.8964169Z ^[[32m2026-10-09 10:17:54.896^[[0m | ^[[34m^[[1mDEBUG   ^[[0m | ^[[36msandbox.bwrap^[[0m:^[[36mrun^[[0m:^[[36m110^[[0m - ^[[34m^[[1m[bwrap] rustc exit=0 in 0.0s^[[0m
confirm-t	Screen time and compression axes	2026-10-09T10:17:57.0835507Z ^[[32m2026-10-09 10:17:57.083^[[0m | ^[[34m^[[1mDEBUG   ^[[0m | ^[[36msandbox.bwrap^[[0m:^[[36mrun^[[0m:^[[36m110^[[0m - ^[[34m^[[1m[bwrap] cargo exit=0 in 2.2s^[[0m
confirm-t	Screen time and compression axes	2026-10-09T10:17:57.0837562Z ^[[32m2026-10-09 10:17:57.083^[[0m | ^[[34m^[[1mDEBUG   ^[[0m | ^[[36mbench.driver^[[0m:^[[36m_build^[[0m:^[[36m295^[[0m - ^[[34m^[[1m[bench] built incumbent in 2.2s exit=0^[[0m
confirm-t	Screen time and compression axes	2026-10-09T10:18:01.0823735Z ^[[32m2026-10-09 10:18:01.082^[[0m | ^[[34m^[[1mDEBUG   ^[[0m | ^[[36msandbox.bwrap^[[0m:^[[36mrun^[[0m:^[[36m110^[[0m - ^[[34m^[[1m[bwrap] cargo exit=0 in 4.0s^[[0m
confirm-t	Screen time and compression axes	2026-10-09T10:18:01.0825986Z ^[[32m2026-10-09 10:18:01.082^[[0m | ^[[34m^[[1mDEBUG   ^[[0m | ^[[36mbench.driver^[[0m:^[[36m_build^[[0m:^[[36m295^[[0m - ^[[34m^[[1m[bench] built r15-hash32-chain-depth3 in 4.0s exit=0^[[0m
confirm-t	Screen time and compression axes	2026-10-09T10:18:13.9557467Z ^[[32m2026-10-09 10:18:13.955^[[0m | ^[[34m^[[1mDEBUG   ^[[0m | ^[[36msandbox.bwrap^[[0m:^[[36mrun^[[0m:^[[36m110^[[0m - ^[[34m^[[1m[bwrap] measure exit=0 in 12.9s^[[0m
confirm-t	Screen time and compression axes	2026-10-09T10:18:13.9559789Z ^[[32m2026-10-09 10:18:13.955^[[0m | ^[[34m^[[1mDEBUG   ^[[0m | ^[[36mbench.driver^[[0m:^[[36m_measure^[[0m:^[[36m333^[[0m - ^[[34m^[[1m[bench] measured r15-hash32-chain-depth3 in 12.9s exit=0^[[0m
confirm-t	Screen time and compression axes	2026-10-09T10:18:13.9672147Z MEASUREMENT {"candidate": "r15-hash32-chain-depth3", "round": 1, "time": 0.4360517216078857, "size_pct": 36.06880599420421, "parse_s": 0.055428321, "total_s": 0.265873702, "output_bytes": 5306879, "source_sha256": "30f60ffa6e3eb6f1546e3fccce38bd78a9cc0d8042e97bd1c6c781438865481d"}
confirm-t	Screen time and compression axes	2026-10-09T10:18:13.9677147Z MEASURE_BEGIN 2 r15-hash32-chain-depth3
confirm-t	Screen time and compression axes	2026-10-09T10:18:14.0250940Z ^[[32m2026-10-09 10:18:14.024^[[0m | ^[[34m^[[1mDEBUG   ^[[0m | ^[[36msandbox.bwrap^[[0m:^[[36mrun^[[0m:^[[36m110^[[0m - ^[[34m^[[1m[bwrap] rustc exit=0 in 0.0s^[[0m
confirm-t	Screen time and compression axes	2026-10-09T10:18:16.1932418Z ^[[32m2026-10-09 10:18:16.192^[[0m | ^[[34m^[[1mDEBUG   ^[[0m | ^[[36msandbox.bwrap^[[0m:^[[36mrun^[[0m:^[[36m110^[[0m - ^[[34m^[[1m[bwrap] cargo exit=0 in 2.2s^[[0m
confirm-t	Screen time and compression axes	2026-10-09T10:18:16.1939006Z ^[[32m2026-10-09 10:18:16.192^[[0m | ^[[34m^[[1mDEBUG   ^[[0m | ^[[36mbench.driver^[[0m:^[[36m_build^[[0m:^[[36m295^[[0m - ^[[34m^[[1m[bench] built incumbent in 2.2s exit=0^[[0m
confirm-t	Screen time and compression axes	2026-10-09T10:18:20.2009407Z ^[[32m2026-10-09 10:18:20.200^[[0m | ^[[34m^[[1mDEBUG   ^[[0m | ^[[36msandbox.bwrap^[[0m:^[[36mrun^[[0m:^[[36m110^[[0m - ^[[34m^[[1m[bwrap] cargo exit=0 in 4.0s^[[0m
confirm-t	Screen time and compression axes	2026-10-09T10:18:20.2010974Z ^[[32m2026-10-09 10:18:20.200^[[0m | ^[[34m^[[1mDEBUG   ^[[0m | ^[[36mbench.driver^[[0m:^[[36m_build^[[0m:^[[36m295^[[0m - ^[[34m^[[1m[bench] built r15-hash32-chain-depth3 in 4.0s exit=0^[[0m
confirm-t	Screen time and compression axes	2026-10-09T10:18:33.0577973Z ^[[32m2026-10-09 10:18:33.056^[[0m | ^[[34m^[[1mDEBUG   ^[[0m | ^[[36msandbox.bwrap^[[0m:^[[36mrun^[[0m:^[[36m110^[[0m - ^[[34m^[[1m[bwrap] measure exit=0 in 12.9s^[[0m
confirm-t	Screen time and compression axes	2026-10-09T10:18:33.0580519Z ^[[32m2026-10-09 10:18:33.057^[[0m | ^[[34m^[[1mDEBUG   ^[[0m | ^[[36mbench.driver^[[0m:^[[36m_measure^[[0m:^[[36m333^[[0m - ^[[34m^[[1m[bench] measured r15-hash32-chain-depth3 in 12.9s exit=0^[[0m
confirm-t	Screen time and compression axes	2026-10-09T10:18:33.0706930Z MEASUREMENT {"candidate": "r15-hash32-chain-depth3", "round": 2, "time": 0.434552774779913, "size_pct": 36.06880599420421, "parse_s": 0.055520828000000015, "total_s": 0.264466483, "output_bytes": 5306879, "source_sha256": "30f60ffa6e3eb6f1546e3fccce38bd78a9cc0d8042e97bd1c6c781438865481d"}
confirm-t	Screen time and compression axes	2026-10-09T10:18:33.0711813Z MEASURE_BEGIN 2 r15-hash32-chain-depth2
confirm-t	Screen time and compression axes	2026-10-09T10:18:33.1253348Z ^[[32m2026-10-09 10:18:33.124^[[0m | ^[[34m^[[1mDEBUG   ^[[0m | ^[[36msandbox.bwrap^[[0m:^[[36mrun^[[0m:^[[36m110^[[0m - ^[[34m^[[1m[bwrap] rustc exit=0 in 0.0s^[[0m
confirm-t	Screen time and compression axes	2026-10-09T10:18:35.3123770Z ^[[32m2026-10-09 10:18:35.312^[[0m | ^[[34m^[[1mDEBUG   ^[[0m | ^[[36msandbox.bwrap^[[0m:^[[36mrun^[[0m:^[[36m110^[[0m - ^[[34m^[[1m[bwrap] cargo exit=0 in 2.2s^[[0m
confirm-t	Screen time and compression axes	2026-10-09T10:18:35.3126235Z ^[[32m2026-10-09 10:18:35.312^[[0m | ^[[34m^[[1mDEBUG   ^[[0m | ^[[36mbench.driver^[[0m:^[[36m_build^[[0m:^[[36m295^[[0m - ^[[34m^[[1m[bench] built incumbent in 2.2s exit=0^[[0m
confirm-t	Screen time and compression axes	2026-10-09T10:18:39.3456472Z ^[[32m2026-10-09 10:18:39.345^[[0m | ^[[34m^[[1mDEBUG   ^[[0m | ^[[36msandbox.bwrap^[[0m:^[[36mrun^[[0m:^[[36m110^[[0m - ^[[34m^[[1m[bwrap] cargo exit=0 in 4.0s^[[0m
confirm-t	Screen time and compression axes	2026-10-09T10:18:39.3458909Z ^[[32m2026-10-09 10:18:39.345^[[0m | ^[[34m^[[1mDEBUG   ^[[0m | ^[[36mbench.driver^[[0m:^[[36m_build^[[0m:^[[36m295^[[0m - ^[[34m^[[1m[bench] built r15-hash32-chain-depth2 in 4.0s exit=0^[[0m
confirm-t	Screen time and compression axes	2026-10-09T10:18:52.2346885Z ^[[32m2026-10-09 10:18:52.233^[[0m | ^[[34m^[[1mDEBUG   ^[[0m | ^[[36msandbox.bwrap^[[0m:^[[36mrun^[[0m:^[[36m110^[[0m - ^[[34m^[[1m[bwrap] measure exit=0 in 12.9s^[[0m
confirm-t	Screen time and compression axes	2026-10-09T10:18:52.2348717Z ^[[32m2026-10-09 10:18:52.233^[[0m | ^[[34m^[[1mDEBUG   ^[[0m | ^[[36mbench.driver^[[0m:^[[36m_measure^[[0m:^[[36m333^[[0m - ^[[34m^[[1m[bench] measured r15-hash32-chain-depth2 in 12.9s exit=0^[[0m
confirm-t	Screen time and compression axes	2026-10-09T10:18:52.2478437Z MEASUREMENT {"candidate": "r15-hash32-chain-depth2", "round": 2, "time": 0.43350291927607376, "size_pct": 36.11687097178615, "parse_s": 0.052691672, "total_s": 0.263795616, "output_bytes": 5318677, "source_sha256": "79170abebc9b372ef563fa9286952fce1cfbe349d3a61d637f2811159d4ccb7b"}
confirm-t	Screen time and compression axes	2026-10-09T10:18:52.2482150Z MEASURE_BEGIN 2 r14-514-hash32
confirm-t	Screen time and compression axes	2026-10-09T10:18:52.3107495Z ^[[32m2026-10-09 10:18:52.310^[[0m | ^[[34m^[[1mDEBUG   ^[[0m | ^[[36msandbox.bwrap^[[0m:^[[36mrun^[[0m:^[[36m110^[[0m - ^[[34m^[[1m[bwrap] rustc exit=0 in 0.0s^[[0m
confirm-t	Screen time and compression axes	2026-10-09T10:18:54.4718098Z ^[[32m2026-10-09 10:18:54.471^[[0m | ^[[34m^[[1mDEBUG   ^[[0m | ^[[36msandbox.bwrap^[[0m:^[[36mrun^[[0m:^[[36m110^[[0m - ^[[34m^[[1m[bwrap] cargo exit=0 in 2.2s^[[0m
confirm-t	Screen time and compression axes	2026-10-09T10:18:54.4720101Z ^[[32m2026-10-09 10:18:54.471^[[0m | ^[[34m^[[1mDEBUG   ^[[0m | ^[[36mbench.driver^[[0m:^[[36m_build^[[0m:^[[36m295^[[0m - ^[[34m^[[1m[bench] built incumbent in 2.2s exit=0^[[0m
confirm-t	Screen time and compression axes	2026-10-09T10:18:58.4401700Z ^[[32m2026-10-09 10:18:58.439^[[0m | ^[[34m^[[1mDEBUG   ^[[0m | ^[[36msandbox.bwrap^[[0m:^[[36mrun^[[0m:^[[36m110^[[0m - ^[[34m^[[1m[bwrap] cargo exit=0 in 4.0s^[[0m
confirm-t	Screen time and compression axes	2026-10-09T10:18:58.4403109Z ^[[32m2026-10-09 10:18:58.440^[[0m | ^[[34m^[[1mDEBUG   ^[[0m | ^[[36mbench.driver^[[0m:^[[36m_build^[[0m:^[[36m295^[[0m - ^[[34m^[[1m[bench] built r14-514-hash32 in 4.0s exit=0^[[0m
confirm-t	Screen time and compression axes	2026-10-09T10:19:11.2634535Z ^[[32m2026-10-09 10:19:11.263^[[0m | ^[[34m^[[1mDEBUG   ^[[0m | ^[[36msandbox.bwrap^[[0m:^[[36mrun^[[0m:^[[36m110^[[0m - ^[[34m^[[1m[bwrap] measure exit=0 in 12.8s^[[0m
confirm-t	Screen time and compression axes	2026-10-09T10:19:11.2636567Z ^[[32m2026-10-09 10:19:11.263^[[0m | ^[[34m^[[1mDEBUG   ^[[0m | ^[[36mbench.driver^[[0m:^[[36m_measure^[[0m:^[[36m333^[[0m - ^[[34m^[[1m[bench] measured r14-514-hash32 in 12.8s exit=0^[[0m
confirm-t	Screen time and compression axes	2026-10-09T10:19:11.2765559Z MEASUREMENT {"candidate": "r14-514-hash32", "round": 2, "time": 0.43017779390291083, "size_pct": 36.21069208341262, "parse_s": 0.049240903, "total_s": 0.26033063700000003, "output_bytes": 5340676, "source_sha256": "0db4e862fc012a11d76140ebf9599aab2acf0ac9c5859d0a7cdee843ec2a6b82"}
confirm-t	Screen time and compression axes	2026-10-09T10:19:11.2768937Z MEASURE_BEGIN 2 public514-shadow
confirm-t	Screen time and compression axes	2026-10-09T10:19:11.3292478Z ^[[32m2026-10-09 10:19:11.328^[[0m | ^[[34m^[[1mDEBUG   ^[[0m | ^[[36msandbox.bwrap^[[0m:^[[36mrun^[[0m:^[[36m110^[[0m - ^[[34m^[[1m[bwrap] rustc exit=0 in 0.0s^[[0m
confirm-t	Screen time and compression axes	2026-10-09T10:19:13.4860183Z ^[[32m2026-10-09 10:19:13.485^[[0m | ^[[34m^[[1mDEBUG   ^[[0m | ^[[36msandbox.bwrap^[[0m:^[[36mrun^[[0m:^[[36m110^[[0m - ^[[34m^[[1m[bwrap] cargo exit=0 in 2.2s^[[0m
confirm-t	Screen time and compression axes	2026-10-09T10:19:13.4862344Z ^[[32m2026-10-09 10:19:13.485^[[0m | ^[[34m^[[1mDEBUG   ^[[0m | ^[[36mbench.driver^[[0m:^[[36m_build^[[0m:^[[36m295^[[0m - ^[[34m^[[1m[bench] built incumbent in 2.2s exit=0^[[0m
confirm-t	Screen time and compression axes	2026-10-09T10:19:17.4469563Z ^[[32m2026-10-09 10:19:17.446^[[0m | ^[[34m^[[1mDEBUG   ^[[0m | ^[[36msandbox.bwrap^[[0m:^[[36mrun^[[0m:^[[36m110^[[0m - ^[[34m^[[1m[bwrap] cargo exit=0 in 4.0s^[[0m
confirm-t	Screen time and compression axes	2026-10-09T10:19:17.4471503Z ^[[32m2026-10-09 10:19:17.446^[[0m | ^[[34m^[[1mDEBUG   ^[[0m | ^[[36mbench.driver^[[0m:^[[36m_build^[[0m:^[[36m295^[[0m - ^[[34m^[[1m[bench] built public514-shadow in 4.0s exit=0^[[0m
confirm-t	Screen time and compression axes	2026-10-09T10:19:30.2677912Z ^[[32m2026-10-09 10:19:30.267^[[0m | ^[[34m^[[1mDEBUG   ^[[0m | ^[[36msandbox.bwrap^[[0m:^[[36mrun^[[0m:^[[36m110^[[0m - ^[[34m^[[1m[bwrap] measure exit=0 in 12.8s^[[0m
confirm-t	Screen time and compression axes	2026-10-09T10:19:30.2700035Z ^[[32m2026-10-09 10:19:30.267^[[0m | ^[[34m^[[1mDEBUG   ^[[0m | ^[[36mbench.driver^[[0m:^[[36m_measure^[[0m:^[[36m333^[[0m - ^[[34m^[[1m[bench] measured public514-shadow in 12.8s exit=0^[[0m
confirm-t	Screen time and compression axes	2026-10-09T10:19:30.2807768Z MEASUREMENT {"candidate": "public514-shadow", "round": 2, "time": 0.4301591115497512, "size_pct": 36.20314548923299, "parse_s": 0.049205796, "total_s": 0.260942852, "output_bytes": 5340006, "source_sha256": "e337b70b9bd81a1f189a05a37fcd26ca13b1a741a3b6bd8c89705e30896b004a"}
confirm-t	Screen time and compression axes	2026-10-09T10:19:30.2812041Z MEASURE_BEGIN 2 public514
confirm-t	Screen time and compression axes	2026-10-09T10:19:30.3340549Z ^[[32m2026-10-09 10:19:30.333^[[0m | ^[[34m^[[1mDEBUG   ^[[0m | ^[[36msandbox.bwrap^[[0m:^[[36mrun^[[0m:^[[36m110^[[0m - ^[[34m^[[1m[bwrap] rustc exit=0 in 0.0s^[[0m
confirm-t	Screen time and compression axes	2026-10-09T10:19:32.4949531Z ^[[32m2026-10-09 10:19:32.494^[[0m | ^[[34m^[[1mDEBUG   ^[[0m | ^[[36msandbox.bwrap^[[0m:^[[36mrun^[[0m:^[[36m110^[[0m - ^[[34m^[[1m[bwrap] cargo exit=0 in 2.2s^[[0m
confirm-t	Screen time and compression axes	2026-10-09T10:19:32.4953314Z ^[[32m2026-10-09 10:19:32.494^[[0m | ^[[34m^[[1mDEBUG   ^[[0m | ^[[36mbench.driver^[[0m:^[[36m_build^[[0m:^[[36m295^[[0m - ^[[34m^[[1m[bench] built incumbent in 2.2s exit=0^[[0m
confirm-t	Screen time and compression axes	2026-10-09T10:19:36.4546284Z ^[[32m2026-10-09 10:19:36.454^[[0m | ^[[34m^[[1mDEBUG   ^[[0m | ^[[36msandbox.bwrap^[[0m:^[[36mrun^[[0m:^[[36m110^[[0m - ^[[34m^[[1m[bwrap] cargo exit=0 in 4.0s^[[0m
confirm-t	Screen time and compression axes	2026-10-09T10:19:36.4548514Z ^[[32m2026-10-09 10:19:36.454^[[0m | ^[[34m^[[1mDEBUG   ^[[0m | ^[[36mbench.driver^[[0m:^[[36m_build^[[0m:^[[36m295^[[0m - ^[[34m^[[1m[bench] built public514 in 4.0s exit=0^[[0m
confirm-t	Screen time and compression axes	2026-10-09T10:19:49.3989021Z ^[[32m2026-10-09 10:19:49.398^[[0m | ^[[34m^[[1mDEBUG   ^[[0m | ^[[36msandbox.bwrap^[[0m:^[[36mrun^[[0m:^[[36m110^[[0m - ^[[34m^[[1m[bwrap] measure exit=0 in 12.9s^[[0m
confirm-t	Screen time and compression axes	2026-10-09T10:19:49.4010012Z ^[[32m2026-10-09 10:19:49.398^[[0m | ^[[34m^[[1mDEBUG   ^[[0m | ^[[36mbench.driver^[[0m:^[[36m_measure^[[0m:^[[36m333^[[0m - ^[[34m^[[1m[bench] measured public514 in 12.9s exit=0^[[0m
confirm-t	Screen time and compression axes	2026-10-09T10:19:49.4118611Z MEASUREMENT {"candidate": "public514", "round": 2, "time": 0.4308269805954135, "size_pct": 36.20314548923299, "parse_s": 0.050038172, "total_s": 0.26486349200000003, "output_bytes": 5340006, "source_sha256": "e337b70b9bd81a1f189a05a37fcd26ca13b1a741a3b6bd8c89705e30896b004a"}
confirm-t	Screen time and compression axes	2026-10-09T10:19:49.4123326Z MEASURE_BEGIN 2 public432
confirm-t	Screen time and compression axes	2026-10-09T10:19:49.4619227Z ^[[32m2026-10-09 10:19:49.461^[[0m | ^[[34m^[[1mDEBUG   ^[[0m | ^[[36msandbox.bwrap^[[0m:^[[36mrun^[[0m:^[[36m110^[[0m - ^[[34m^[[1m[bwrap] rustc exit=0 in 0.0s^[[0m
confirm-t	Screen time and compression axes	2026-10-09T10:19:51.6270297Z ^[[32m2026-10-09 10:19:51.626^[[0m | ^[[34m^[[1mDEBUG   ^[[0m | ^[[36msandbox.bwrap^[[0m:^[[36mrun^[[0m:^[[36m110^[[0m - ^[[34m^[[1m[bwrap] cargo exit=0 in 2.2s^[[0m
confirm-t	Screen time and compression axes	2026-10-09T10:19:51.6272089Z ^[[32m2026-10-09 10:19:51.626^[[0m | ^[[34m^[[1mDEBUG   ^[[0m | ^[[36mbench.driver^[[0m:^[[36m_build^[[0m:^[[36m295^[[0m - ^[[34m^[[1m[bench] built incumbent in 2.2s exit=0^[[0m
confirm-t	Screen time and compression axes	2026-10-09T10:19:55.4867784Z ^[[32m2026-10-09 10:19:55.486^[[0m | ^[[34m^[[1mDEBUG   ^[[0m | ^[[36msandbox.bwrap^[[0m:^[[36mrun^[[0m:^[[36m110^[[0m - ^[[34m^[[1m[bwrap] cargo exit=0 in 3.9s^[[0m
confirm-t	Screen time and compression axes	2026-10-09T10:19:55.4876496Z ^[[32m2026-10-09 10:19:55.486^[[0m | ^[[34m^[[1mDEBUG   ^[[0m | ^[[36mbench.driver^[[0m:^[[36m_build^[[0m:^[[36m295^[[0m - ^[[34m^[[1m[bench] built public432 in 3.9s exit=0^[[0m
confirm-t	Screen time and compression axes	2026-10-09T10:20:08.5431523Z ^[[32m2026-10-09 10:20:08.542^[[0m | ^[[34m^[[1mDEBUG   ^[[0m | ^[[36msandbox.bwrap^[[0m:^[[36mrun^[[0m:^[[36m110^[[0m - ^[[34m^[[1m[bwrap] measure exit=0 in 13.1s^[[0m
confirm-t	Screen time and compression axes	2026-10-09T10:20:08.5450036Z ^[[32m2026-10-09 10:20:08.542^[[0m | ^[[34m^[[1mDEBUG   ^[[0m | ^[[36mbench.driver^[[0m:^[[36m_measure^[[0m:^[[36m333^[[0m - ^[[34m^[[1m[bench] measured public432 in 13.1s exit=0^[[0m
confirm-t	Screen time and compression axes	2026-10-09T10:20:08.5555568Z MEASUREMENT {"candidate": "public432", "round": 2, "time": 0.43751796107245555, "size_pct": 36.52435870548103, "parse_s": 0.04701538399999999, "total_s": 0.269751977, "output_bytes": 5376051, "source_sha256": "160d1b3f9edb307a0f97bde13cd972b5f6f0a426dd669515f639e4bfa24ef054"}
confirm-t	Screen time and compression axes	2026-10-09T10:20:08.5560274Z MEASURE_BEGIN 2 r3-432-fast3
confirm-t	Screen time and compression axes	2026-10-09T10:20:08.6039397Z ^[[32m2026-10-09 10:20:08.603^[[0m | ^[[34m^[[1mDEBUG   ^[[0m | ^[[36msandbox.bwrap^[[0m:^[[36mrun^[[0m:^[[36m110^[[0m - ^[[34m^[[1m[bwrap] rustc exit=0 in 0.0s^[[0m
confirm-t	Screen time and compression axes	2026-10-09T10:20:10.8039538Z ^[[32m2026-10-09 10:20:10.803^[[0m | ^[[34m^[[1mDEBUG   ^[[0m | ^[[36msandbox.bwrap^[[0m:^[[36mrun^[[0m:^[[36m110^[[0m - ^[[34m^[[1m[bwrap] cargo exit=0 in 2.2s^[[0m
confirm-t	Screen time and compression axes	2026-10-09T10:20:10.8041455Z ^[[32m2026-10-09 10:20:10.803^[[0m | ^[[34m^[[1mDEBUG   ^[[0m | ^[[36mbench.driver^[[0m:^[[36m_build^[[0m:^[[36m295^[[0m - ^[[34m^[[1m[bench] built incumbent in 2.2s exit=0^[[0m
confirm-t	Screen time and compression axes	2026-10-09T10:20:14.7862738Z ^[[32m2026-10-09 10:20:14.785^[[0m | ^[[34m^[[1mDEBUG   ^[[0m | ^[[36msandbox.bwrap^[[0m:^[[36mrun^[[0m:^[[36m110^[[0m - ^[[34m^[[1m[bwrap] cargo exit=0 in 4.0s^[[0m
confirm-t	Screen time and compression axes	2026-10-09T10:20:14.7864901Z ^[[32m2026-10-09 10:20:14.786^[[0m | ^[[34m^[[1mDEBUG   ^[[0m | ^[[36mbench.driver^[[0m:^[[36m_build^[[0m:^[[36m295^[[0m - ^[[34m^[[1m[bench] built r3-432-fast3 in 4.0s exit=0^[[0m
confirm-t	Screen time and compression axes	2026-10-09T10:20:27.7507305Z ^[[32m2026-10-09 10:20:27.750^[[0m | ^[[34m^[[1mDEBUG   ^[[0m | ^[[36msandbox.bwrap^[[0m:^[[36mrun^[[0m:^[[36m110^[[0m - ^[[34m^[[1m[bwrap] measure exit=0 in 13.0s^[[0m
confirm-t	Screen time and compression axes	2026-10-09T10:20:27.7519616Z ^[[32m2026-10-09 10:20:27.750^[[0m | ^[[34m^[[1mDEBUG   ^[[0m | ^[[36mbench.driver^[[0m:^[[36m_measure^[[0m:^[[36m333^[[0m - ^[[34m^[[1m[bench] measured r3-432-fast3 in 13.0s exit=0^[[0m
confirm-t	Screen time and compression axes	2026-10-09T10:20:27.7631575Z MEASUREMENT {"candidate": "r3-432-fast3", "round": 2, "time": 0.4344476488769468, "size_pct": 36.60213910633018, "parse_s": 0.04114664, "total_s": 0.265966731, "output_bytes": 5410408, "source_sha256": "bae8014121e4710f4a34ce63452578b4bf69121b4f695e1b1356780a019108ef"}
confirm-t	Screen time and compression axes	2026-10-09T10:20:27.7635120Z MEASURE_BEGIN 2 probe3
confirm-t	Screen time and compression axes	2026-10-09T10:20:27.8106186Z ^[[32m2026-10-09 10:20:27.810^[[0m | ^[[34m^[[1mDEBUG   ^[[0m | ^[[36msandbox.bwrap^[[0m:^[[36mrun^[[0m:^[[36m110^[[0m - ^[[34m^[[1m[bwrap] rustc exit=0 in 0.0s^[[0m
confirm-t	Screen time and compression axes	2026-10-09T10:20:29.9765650Z ^[[32m2026-10-09 10:20:29.976^[[0m | ^[[34m^[[1mDEBUG   ^[[0m | ^[[36msandbox.bwrap^[[0m:^[[36mrun^[[0m:^[[36m110^[[0m - ^[[34m^[[1m[bwrap] cargo exit=0 in 2.2s^[[0m
confirm-t	Screen time and compression axes	2026-10-09T10:20:29.9769907Z ^[[32m2026-10-09 10:20:29.976^[[0m | ^[[34m^[[1mDEBUG   ^[[0m | ^[[36mbench.driver^[[0m:^[[36m_build^[[0m:^[[36m295^[[0m - ^[[34m^[[1m[bench] built incumbent in 2.2s exit=0^[[0m
confirm-t	Screen time and compression axes	2026-10-09T10:20:33.1954679Z ^[[32m2026-10-09 10:20:33.195^[[0m | ^[[34m^[[1mDEBUG   ^[[0m | ^[[36msandbox.bwrap^[[0m:^[[36mrun^[[0m:^[[36m110^[[0m - ^[[34m^[[1m[bwrap] cargo exit=0 in 3.2s^[[0m
confirm-t	Screen time and compression axes	2026-10-09T10:20:33.1956925Z ^[[32m2026-10-09 10:20:33.195^[[0m | ^[[34m^[[1mDEBUG   ^[[0m | ^[[36mbench.driver^[[0m:^[[36m_build^[[0m:^[[36m295^[[0m - ^[[34m^[[1m[bench] built probe3 in 3.2s exit=0^[[0m
confirm-t	Screen time and compression axes	2026-10-09T10:20:46.4095147Z ^[[32m2026-10-09 10:20:46.409^[[0m | ^[[34m^[[1mDEBUG   ^[[0m | ^[[36msandbox.bwrap^[[0m:^[[36mrun^[[0m:^[[36m110^[[0m - ^[[34m^[[1m[bwrap] measure exit=0 in 13.2s^[[0m
confirm-t	Screen time and compression axes	2026-10-09T10:20:46.4096987Z ^[[32m2026-10-09 10:20:46.409^[[0m | ^[[34m^[[1mDEBUG   ^[[0m | ^[[36mbench.driver^[[0m:^[[36m_measure^[[0m:^[[36m333^[[0m - ^[[34m^[[1m[bench] measured probe3 in 13.2s exit=0^[[0m
confirm-t	Screen time and compression axes	2026-10-09T10:20:46.4217195Z MEASUREMENT {"candidate": "probe3", "round": 2, "time": 0.46371113376716777, "size_pct": 35.92083771476539, "parse_s": 0.06361542399999999, "total_s": 0.28587458199999993, "output_bytes": 5287026, "source_sha256": "e20ea5a7d2e77821008592faef393855077b9b8ceee244f390a85ac0257e047d"}
confirm-t	Screen time and compression axes	2026-10-09T10:20:46.4223742Z MEASURE_BEGIN 3 public514
confirm-t	Screen time and compression axes	2026-10-09T10:20:46.4696329Z ^[[32m2026-10-09 10:20:46.469^[[0m | ^[[34m^[[1mDEBUG   ^[[0m | ^[[36msandbox.bwrap^[[0m:^[[36mrun^[[0m:^[[36m110^[[0m - ^[[34m^[[1m[bwrap] rustc exit=0 in 0.0s^[[0m
confirm-t	Screen time and compression axes	2026-10-09T10:20:48.6371123Z ^[[32m2026-10-09 10:20:48.636^[[0m | ^[[34m^[[1mDEBUG   ^[[0m | ^[[36msandbox.bwrap^[[0m:^[[36mrun^[[0m:^[[36m110^[[0m - ^[[34m^[[1m[bwrap] cargo exit=0 in 2.2s^[[0m
confirm-t	Screen time and compression axes	2026-10-09T10:20:48.6373513Z ^[[32m2026-10-09 10:20:48.636^[[0m | ^[[34m^[[1mDEBUG   ^[[0m | ^[[36mbench.driver^[[0m:^[[36m_build^[[0m:^[[36m295^[[0m - ^[[34m^[[1m[bench] built incumbent in 2.2s exit=0^[[0m
confirm-t	Screen time and compression axes	2026-10-09T10:20:52.5883882Z ^[[32m2026-10-09 10:20:52.588^[[0m | ^[[34m^[[1mDEBUG   ^[[0m | ^[[36msandbox.bwrap^[[0m:^[[36mrun^[[0m:^[[36m110^[[0m - ^[[34m^[[1m[bwrap] cargo exit=0 in 4.0s^[[0m
confirm-t	Screen time and compression axes	2026-10-09T10:20:52.5886038Z ^[[32m2026-10-09 10:20:52.588^[[0m | ^[[34m^[[1mDEBUG   ^[[0m | ^[[36mbench.driver^[[0m:^[[36m_build^[[0m:^[[36m295^[[0m - ^[[34m^[[1m[bench] built public514 in 4.0s exit=0^[[0m
confirm-t	Screen time and compression axes	2026-10-09T10:21:05.3605994Z ^[[32m2026-10-09 10:21:05.360^[[0m | ^[[34m^[[1mDEBUG   ^[[0m | ^[[36msandbox.bwrap^[[0m:^[[36mrun^[[0m:^[[36m110^[[0m - ^[[34m^[[1m[bwrap] measure exit=0 in 12.8s^[[0m
confirm-t	Screen time and compression axes	2026-10-09T10:21:05.3607407Z ^[[32m2026-10-09 10:21:05.360^[[0m | ^[[34m^[[1mDEBUG   ^[[0m | ^[[36mbench.driver^[[0m:^[[36m_measure^[[0m:^[[36m333^[[0m - ^[[34m^[[1m[bench] measured public514 in 12.8s exit=0^[[0m
confirm-t	Screen time and compression axes	2026-10-09T10:21:05.3731307Z MEASUREMENT {"candidate": "public514", "round": 3, "time": 0.430464400512106, "size_pct": 36.20314548923299, "parse_s": 0.04947516899999999, "total_s": 0.259972449, "output_bytes": 5340006, "source_sha256": "e337b70b9bd81a1f189a05a37fcd26ca13b1a741a3b6bd8c89705e30896b004a"}
confirm-t	Screen time and compression axes	2026-10-09T10:21:05.3735102Z MEASURE_BEGIN 3 public514-shadow
confirm-t	Screen time and compression axes	2026-10-09T10:21:05.4309870Z ^[[32m2026-10-09 10:21:05.430^[[0m | ^[[34m^[[1mDEBUG   ^[[0m | ^[[36msandbox.bwrap^[[0m:^[[36mrun^[[0m:^[[36m110^[[0m - ^[[34m^[[1m[bwrap] rustc exit=0 in 0.0s^[[0m
confirm-t	Screen time and compression axes	2026-10-09T10:21:07.6010190Z ^[[32m2026-10-09 10:21:07.600^[[0m | ^[[34m^[[1mDEBUG   ^[[0m | ^[[36msandbox.bwrap^[[0m:^[[36mrun^[[0m:^[[36m110^[[0m - ^[[34m^[[1m[bwrap] cargo exit=0 in 2.2s^[[0m
confirm-t	Screen time and compression axes	2026-10-09T10:21:07.6011270Z ^[[32m2026-10-09 10:21:07.600^[[0m | ^[[34m^[[1mDEBUG   ^[[0m | ^[[36mbench.driver^[[0m:^[[36m_build^[[0m:^[[36m295^[[0m - ^[[34m^[[1m[bench] built incumbent in 2.2s exit=0^[[0m
confirm-t	Screen time and compression axes	2026-10-09T10:21:11.5981234Z ^[[32m2026-10-09 10:21:11.597^[[0m | ^[[34m^[[1mDEBUG   ^[[0m | ^[[36msandbox.bwrap^[[0m:^[[36mrun^[[0m:^[[36m110^[[0m - ^[[34m^[[1m[bwrap] cargo exit=0 in 4.0s^[[0m
confirm-t	Screen time and compression axes	2026-10-09T10:21:11.5983575Z ^[[32m2026-10-09 10:21:11.598^[[0m | ^[[34m^[[1mDEBUG   ^[[0m | ^[[36mbench.driver^[[0m:^[[36m_build^[[0m:^[[36m295^[[0m - ^[[34m^[[1m[bench] built public514-shadow in 4.0s exit=0^[[0m
confirm-t	Screen time and compression axes	2026-10-09T10:21:24.4252710Z ^[[32m2026-10-09 10:21:24.424^[[0m | ^[[34m^[[1mDEBUG   ^[[0m | ^[[36msandbox.bwrap^[[0m:^[[36mrun^[[0m:^[[36m110^[[0m - ^[[34m^[[1m[bwrap] measure exit=0 in 12.8s^[[0m
confirm-t	Screen time and compression axes	2026-10-09T10:21:24.4255596Z ^[[32m2026-10-09 10:21:24.425^[[0m | ^[[34m^[[1mDEBUG   ^[[0m | ^[[36mbench.driver^[[0m:^[[36m_measure^[[0m:^[[36m333^[[0m - ^[[34m^[[1m[bench] measured public514-shadow in 12.8s exit=0^[[0m
confirm-t	Screen time and compression axes	2026-10-09T10:21:24.4383992Z MEASUREMENT {"candidate": "public514-shadow", "round": 3, "time": 0.42910407672621936, "size_pct": 36.20314548923299, "parse_s": 0.049559816, "total_s": 0.26039924300000006, "output_bytes": 5340006, "source_sha256": "e337b70b9bd81a1f189a05a37fcd26ca13b1a741a3b6bd8c89705e30896b004a"}
confirm-t	Screen time and compression axes	2026-10-09T10:21:24.4387261Z MEASURE_BEGIN 3 r14-514-hash32
confirm-t	Screen time and compression axes	2026-10-09T10:21:24.4920388Z ^[[32m2026-10-09 10:21:24.491^[[0m | ^[[34m^[[1mDEBUG   ^[[0m | ^[[36msandbox.bwrap^[[0m:^[[36mrun^[[0m:^[[36m110^[[0m - ^[[34m^[[1m[bwrap] rustc exit=0 in 0.0s^[[0m
confirm-t	Screen time and compression axes	2026-10-09T10:21:26.6557944Z ^[[32m2026-10-09 10:21:26.655^[[0m | ^[[34m^[[1mDEBUG   ^[[0m | ^[[36msandbox.bwrap^[[0m:^[[36mrun^[[0m:^[[36m110^[[0m - ^[[34m^[[1m[bwrap] cargo exit=0 in 2.2s^[[0m
confirm-t	Screen time and compression axes	2026-10-09T10:21:26.6561325Z ^[[32m2026-10-09 10:21:26.655^[[0m | ^[[34m^[[1mDEBUG   ^[[0m | ^[[36mbench.driver^[[0m:^[[36m_build^[[0m:^[[36m295^[[0m - ^[[34m^[[1m[bench] built incumbent in 2.2s exit=0^[[0m
confirm-t	Screen time and compression axes	2026-10-09T10:21:30.6862849Z ^[[32m2026-10-09 10:21:30.685^[[0m | ^[[34m^[[1mDEBUG   ^[[0m | ^[[36msandbox.bwrap^[[0m:^[[36mrun^[[0m:^[[36m110^[[0m - ^[[34m^[[1m[bwrap] cargo exit=0 in 4.0s^[[0m
confirm-t	Screen time and compression axes	2026-10-09T10:21:30.6864725Z ^[[32m2026-10-09 10:21:30.686^[[0m | ^[[34m^[[1mDEBUG   ^[[0m | ^[[36mbench.driver^[[0m:^[[36m_build^[[0m:^[[36m295^[[0m - ^[[34m^[[1m[bench] built r14-514-hash32 in 4.0s exit=0^[[0m
confirm-t	Screen time and compression axes	2026-10-09T10:21:43.5431699Z ^[[32m2026-10-09 10:21:43.542^[[0m | ^[[34m^[[1mDEBUG   ^[[0m | ^[[36msandbox.bwrap^[[0m:^[[36mrun^[[0m:^[[36m110^[[0m - ^[[34m^[[1m[bwrap] measure exit=0 in 12.9s^[[0m
confirm-t	Screen time and compression axes	2026-10-09T10:21:43.5434183Z ^[[32m2026-10-09 10:21:43.542^[[0m | ^[[34m^[[1mDEBUG   ^[[0m | ^[[36mbench.driver^[[0m:^[[36m_measure^[[0m:^[[36m333^[[0m - ^[[34m^[[1m[bench] measured r14-514-hash32 in 12.9s exit=0^[[0m
confirm-t	Screen time and compression axes	2026-10-09T10:21:43.5564249Z MEASUREMENT {"candidate": "r14-514-hash32", "round": 3, "time": 0.42815737505809726, "size_pct": 36.21069208341262, "parse_s": 0.05009169399999999, "total_s": 0.26072751499999997, "output_bytes": 5340676, "source_sha256": "0db4e862fc012a11d76140ebf9599aab2acf0ac9c5859d0a7cdee843ec2a6b82"}
confirm-t	Screen time and compression axes	2026-10-09T10:21:43.5568069Z MEASURE_BEGIN 3 r15-hash32-chain-depth2
confirm-t	Screen time and compression axes	2026-10-09T10:21:43.6059799Z ^[[32m2026-10-09 10:21:43.605^[[0m | ^[[34m^[[1mDEBUG   ^[[0m | ^[[36msandbox.bwrap^[[0m:^[[36mrun^[[0m:^[[36m110^[[0m - ^[[34m^[[1m[bwrap] rustc exit=0 in 0.0s^[[0m
confirm-t	Screen time and compression axes	2026-10-09T10:21:45.7806499Z ^[[32m2026-10-09 10:21:45.780^[[0m | ^[[34m^[[1mDEBUG   ^[[0m | ^[[36msandbox.bwrap^[[0m:^[[36mrun^[[0m:^[[36m110^[[0m - ^[[34m^[[1m[bwrap] cargo exit=0 in 2.2s^[[0m
confirm-t	Screen time and compression axes	2026-10-09T10:21:45.7813317Z ^[[32m2026-10-09 10:21:45.780^[[0m | ^[[34m^[[1mDEBUG   ^[[0m | ^[[36mbench.driver^[[0m:^[[36m_build^[[0m:^[[36m295^[[0m - ^[[34m^[[1m[bench] built incumbent in 2.2s exit=0^[[0m
confirm-t	Screen time and compression axes	2026-10-09T10:21:49.7674208Z ^[[32m2026-10-09 10:21:49.767^[[0m | ^[[34m^[[1mDEBUG   ^[[0m | ^[[36msandbox.bwrap^[[0m:^[[36mrun^[[0m:^[[36m110^[[0m - ^[[34m^[[1m[bwrap] cargo exit=0 in 4.0s^[[0m
confirm-t	Screen time and compression axes	2026-10-09T10:21:49.7676632Z ^[[32m2026-10-09 10:21:49.767^[[0m | ^[[34m^[[1mDEBUG   ^[[0m | ^[[36mbench.driver^[[0m:^[[36m_build^[[0m:^[[36m295^[[0m - ^[[34m^[[1m[bench] built r15-hash32-chain-depth2 in 4.0s exit=0^[[0m
confirm-t	Screen time and compression axes	2026-10-09T10:22:02.6352630Z ^[[32m2026-10-09 10:22:02.634^[[0m | ^[[34m^[[1mDEBUG   ^[[0m | ^[[36msandbox.bwrap^[[0m:^[[36mrun^[[0m:^[[36m110^[[0m - ^[[34m^[[1m[bwrap] measure exit=0 in 12.9s^[[0m
confirm-t	Screen time and compression axes	2026-10-09T10:22:02.6356215Z ^[[32m2026-10-09 10:22:02.635^[[0m | ^[[34m^[[1mDEBUG   ^[[0m | ^[[36mbench.driver^[[0m:^[[36m_measure^[[0m:^[[36m333^[[0m - ^[[34m^[[1m[bench] measured r15-hash32-chain-depth2 in 12.9s exit=0^[[0m
confirm-t	Screen time and compression axes	2026-10-09T10:22:02.6481635Z MEASUREMENT {"candidate": "r15-hash32-chain-depth2", "round": 3, "time": 0.43394705361072206, "size_pct": 36.11687097178615, "parse_s": 0.052508171, "total_s": 0.263866008, "output_bytes": 5318677, "source_sha256": "79170abebc9b372ef563fa9286952fce1cfbe349d3a61d637f2811159d4ccb7b"}
confirm-t	Screen time and compression axes	2026-10-09T10:22:02.6486300Z MEASURE_BEGIN 3 r15-hash32-chain-depth3
confirm-t	Screen time and compression axes	2026-10-09T10:22:02.6969319Z ^[[32m2026-10-09 10:22:02.696^[[0m | ^[[34m^[[1mDEBUG   ^[[0m | ^[[36msandbox.bwrap^[[0m:^[[36mrun^[[0m:^[[36m110^[[0m - ^[[34m^[[1m[bwrap] rustc exit=0 in 0.0s^[[0m
confirm-t	Screen time and compression axes	2026-10-09T10:22:04.8633561Z ^[[32m2026-10-09 10:22:04.862^[[0m | ^[[34m^[[1mDEBUG   ^[[0m | ^[[36msandbox.bwrap^[[0m:^[[36mrun^[[0m:^[[36m110^[[0m - ^[[34m^[[1m[bwrap] cargo exit=0 in 2.2s^[[0m
confirm-t	Screen time and compression axes	2026-10-09T10:22:04.8637731Z ^[[32m2026-10-09 10:22:04.863^[[0m | ^[[34m^[[1mDEBUG   ^[[0m | ^[[36mbench.driver^[[0m:^[[36m_build^[[0m:^[[36m295^[[0m - ^[[34m^[[1m[bench] built incumbent in 2.2s exit=0^[[0m
confirm-t	Screen time and compression axes	2026-10-09T10:22:09.0574573Z ^[[32m2026-10-09 10:22:09.057^[[0m | ^[[34m^[[1mDEBUG   ^[[0m | ^[[36msandbox.bwrap^[[0m:^[[36mrun^[[0m:^[[36m110^[[0m - ^[[34m^[[1m[bwrap] cargo exit=0 in 4.2s^[[0m
confirm-t	Screen time and compression axes	2026-10-09T10:22:09.0580107Z ^[[32m2026-10-09 10:22:09.057^[[0m | ^[[34m^[[1mDEBUG   ^[[0m | ^[[36mbench.driver^[[0m:^[[36m_build^[[0m:^[[36m295^[[0m - ^[[34m^[[1m[bench] built r15-hash32-chain-depth3 in 4.2s exit=0^[[0m
confirm-t	Screen time and compression axes	2026-10-09T10:22:22.0338817Z ^[[32m2026-10-09 10:22:22.033^[[0m | ^[[34m^[[1mDEBUG   ^[[0m | ^[[36msandbox.bwrap^[[0m:^[[36mrun^[[0m:^[[36m110^[[0m - ^[[34m^[[1m[bwrap] measure exit=0 in 13.0s^[[0m
confirm-t	Screen time and compression axes	2026-10-09T10:22:22.0341465Z ^[[32m2026-10-09 10:22:22.033^[[0m | ^[[34m^[[1mDEBUG   ^[[0m | ^[[36mbench.driver^[[0m:^[[36m_measure^[[0m:^[[36m333^[[0m - ^[[34m^[[1m[bench] measured r15-hash32-chain-depth3 in 13.0s exit=0^[[0m
confirm-t	Screen time and compression axes	2026-10-09T10:22:22.0471957Z MEASUREMENT {"candidate": "r15-hash32-chain-depth3", "round": 3, "time": 0.4373412181805418, "size_pct": 36.06880599420421, "parse_s": 0.05603346099999999, "total_s": 0.268119904, "output_bytes": 5306879, "source_sha256": "30f60ffa6e3eb6f1546e3fccce38bd78a9cc0d8042e97bd1c6c781438865481d"}
confirm-t	Screen time and compression axes	2026-10-09T10:22:22.0476265Z MEASURE_BEGIN 3 probe3
confirm-t	Screen time and compression axes	2026-10-09T10:22:22.1095980Z ^[[32m2026-10-09 10:22:22.109^[[0m | ^[[34m^[[1mDEBUG   ^[[0m | ^[[36msandbox.bwrap^[[0m:^[[36mrun^[[0m:^[[36m110^[[0m - ^[[34m^[[1m[bwrap] rustc exit=0 in 0.0s^[[0m
confirm-t	Screen time and compression axes	2026-10-09T10:22:24.3789395Z ^[[32m2026-10-09 10:22:24.378^[[0m | ^[[34m^[[1mDEBUG   ^[[0m | ^[[36msandbox.bwrap^[[0m:^[[36mrun^[[0m:^[[36m110^[[0m - ^[[34m^[[1m[bwrap] cargo exit=0 in 2.3s^[[0m
confirm-t	Screen time and compression axes	2026-10-09T10:22:24.3791275Z ^[[32m2026-10-09 10:22:24.378^[[0m | ^[[34m^[[1mDEBUG   ^[[0m | ^[[36mbench.driver^[[0m:^[[36m_build^[[0m:^[[36m295^[[0m - ^[[34m^[[1m[bench] built incumbent in 2.3s exit=0^[[0m
confirm-t	Screen time and compression axes	2026-10-09T10:22:27.7415139Z ^[[32m2026-10-09 10:22:27.741^[[0m | ^[[34m^[[1mDEBUG   ^[[0m | ^[[36msandbox.bwrap^[[0m:^[[36mrun^[[0m:^[[36m110^[[0m - ^[[34m^[[1m[bwrap] cargo exit=0 in 3.4s^[[0m
confirm-t	Screen time and compression axes	2026-10-09T10:22:27.7416523Z ^[[32m2026-10-09 10:22:27.741^[[0m | ^[[34m^[[1mDEBUG   ^[[0m | ^[[36mbench.driver^[[0m:^[[36m_build^[[0m:^[[36m295^[[0m - ^[[34m^[[1m[bench] built probe3 in 3.4s exit=0^[[0m
confirm-t	Screen time and compression axes	2026-10-09T10:22:40.9960466Z ^[[32m2026-10-09 10:22:40.995^[[0m | ^[[34m^[[1mDEBUG   ^[[0m | ^[[36msandbox.bwrap^[[0m:^[[36mrun^[[0m:^[[36m110^[[0m - ^[[34m^[[1m[bwrap] measure exit=0 in 13.3s^[[0m
confirm-t	Screen time and compression axes	2026-10-09T10:22:40.9962300Z ^[[32m2026-10-09 10:22:40.995^[[0m | ^[[34m^[[1mDEBUG   ^[[0m | ^[[36mbench.driver^[[0m:^[[36m_measure^[[0m:^[[36m333^[[0m - ^[[34m^[[1m[bench] measured probe3 in 13.3s exit=0^[[0m
confirm-t	Screen time and compression axes	2026-10-09T10:22:41.0083129Z MEASUREMENT {"candidate": "probe3", "round": 3, "time": 0.46524954281876435, "size_pct": 35.92083771476539, "parse_s": 0.06355100500000001, "total_s": 0.28743674100000005, "output_bytes": 5287026, "source_sha256": "e20ea5a7d2e77821008592faef393855077b9b8ceee244f390a85ac0257e047d"}
confirm-t	Screen time and compression axes	2026-10-09T10:22:41.0087800Z MEASURE_BEGIN 3 r3-432-fast3
confirm-t	Screen time and compression axes	2026-10-09T10:22:41.0649178Z ^[[32m2026-10-09 10:22:41.064^[[0m | ^[[34m^[[1mDEBUG   ^[[0m | ^[[36msandbox.bwrap^[[0m:^[[36mrun^[[0m:^[[36m110^[[0m - ^[[34m^[[1m[bwrap] rustc exit=0 in 0.0s^[[0m
confirm-t	Screen time and compression axes	2026-10-09T10:22:43.3328869Z ^[[32m2026-10-09 10:22:43.332^[[0m | ^[[34m^[[1mDEBUG   ^[[0m | ^[[36msandbox.bwrap^[[0m:^[[36mrun^[[0m:^[[36m110^[[0m - ^[[34m^[[1m[bwrap] cargo exit=0 in 2.3s^[[0m
confirm-t	Screen time and compression axes	2026-10-09T10:22:43.3331274Z ^[[32m2026-10-09 10:22:43.332^[[0m | ^[[34m^[[1mDEBUG   ^[[0m | ^[[36mbench.driver^[[0m:^[[36m_build^[[0m:^[[36m295^[[0m - ^[[34m^[[1m[bench] built incumbent in 2.3s exit=0^[[0m
confirm-t	Screen time and compression axes	2026-10-09T10:22:47.3534238Z ^[[32m2026-10-09 10:22:47.352^[[0m | ^[[34m^[[1mDEBUG   ^[[0m | ^[[36msandbox.bwrap^[[0m:^[[36mrun^[[0m:^[[36m110^[[0m - ^[[34m^[[1m[bwrap] cargo exit=0 in 4.0s^[[0m
confirm-t	Screen time and compression axes	2026-10-09T10:22:47.3536400Z ^[[32m2026-10-09 10:22:47.352^[[0m | ^[[34m^[[1mDEBUG   ^[[0m | ^[[36mbench.driver^[[0m:^[[36m_build^[[0m:^[[36m295^[[0m - ^[[34m^[[1m[bench] built r3-432-fast3 in 4.0s exit=0^[[0m
confirm-t	Screen time and compression axes	2026-10-09T10:23:00.3881808Z ^[[32m2026-10-09 10:23:00.387^[[0m | ^[[34m^[[1mDEBUG   ^[[0m | ^[[36msandbox.bwrap^[[0m:^[[36mrun^[[0m:^[[36m110^[[0m - ^[[34m^[[1m[bwrap] measure exit=0 in 13.0s^[[0m
confirm-t	Screen time and compression axes	2026-10-09T10:23:00.3883732Z ^[[32m2026-10-09 10:23:00.388^[[0m | ^[[34m^[[1mDEBUG   ^[[0m | ^[[36mbench.driver^[[0m:^[[36m_measure^[[0m:^[[36m333^[[0m - ^[[34m^[[1m[bench] measured r3-432-fast3 in 13.0s exit=0^[[0m
confirm-t	Screen time and compression axes	2026-10-09T10:23:00.4006714Z MEASUREMENT {"candidate": "r3-432-fast3", "round": 3, "time": 0.4350140625083012, "size_pct": 36.60213910633018, "parse_s": 0.041204639999999994, "total_s": 0.266178034, "output_bytes": 5410408, "source_sha256": "bae8014121e4710f4a34ce63452578b4bf69121b4f695e1b1356780a019108ef"}
confirm-t	Screen time and compression axes	2026-10-09T10:23:00.4011514Z MEASURE_BEGIN 3 public432
confirm-t	Screen time and compression axes	2026-10-09T10:23:00.4479515Z ^[[32m2026-10-09 10:23:00.447^[[0m | ^[[34m^[[1mDEBUG   ^[[0m | ^[[36msandbox.bwrap^[[0m:^[[36mrun^[[0m:^[[36m110^[[0m - ^[[34m^[[1m[bwrap] rustc exit=0 in 0.0s^[[0m
confirm-t	Screen time and compression axes	2026-10-09T10:23:02.6365878Z ^[[32m2026-10-09 10:23:02.636^[[0m | ^[[34m^[[1mDEBUG   ^[[0m | ^[[36msandbox.bwrap^[[0m:^[[36mrun^[[0m:^[[36m110^[[0m - ^[[34m^[[1m[bwrap] cargo exit=0 in 2.2s^[[0m
confirm-t	Screen time and compression axes	2026-10-09T10:23:02.6372903Z ^[[32m2026-10-09 10:23:02.636^[[0m | ^[[34m^[[1mDEBUG   ^[[0m | ^[[36mbench.driver^[[0m:^[[36m_build^[[0m:^[[36m295^[[0m - ^[[34m^[[1m[bench] built incumbent in 2.2s exit=0^[[0m
confirm-t	Screen time and compression axes	2026-10-09T10:23:06.5076459Z ^[[32m2026-10-09 10:23:06.507^[[0m | ^[[34m^[[1mDEBUG   ^[[0m | ^[[36msandbox.bwrap^[[0m:^[[36mrun^[[0m:^[[36m110^[[0m - ^[[34m^[[1m[bwrap] cargo exit=0 in 3.9s^[[0m
confirm-t	Screen time and compression axes	2026-10-09T10:23:06.5079534Z ^[[32m2026-10-09 10:23:06.507^[[0m | ^[[34m^[[1mDEBUG   ^[[0m | ^[[36mbench.driver^[[0m:^[[36m_build^[[0m:^[[36m295^[[0m - ^[[34m^[[1m[bench] built public432 in 3.9s exit=0^[[0m
confirm-t	Screen time and compression axes	2026-10-09T10:23:19.7636386Z ^[[32m2026-10-09 10:23:19.763^[[0m | ^[[34m^[[1mDEBUG   ^[[0m | ^[[36msandbox.bwrap^[[0m:^[[36mrun^[[0m:^[[36m110^[[0m - ^[[34m^[[1m[bwrap] measure exit=0 in 13.3s^[[0m
confirm-t	Screen time and compression axes	2026-10-09T10:23:19.7649868Z ^[[32m2026-10-09 10:23:19.763^[[0m | ^[[34m^[[1mDEBUG   ^[[0m | ^[[36mbench.driver^[[0m:^[[36m_measure^[[0m:^[[36m333^[[0m - ^[[34m^[[1m[bench] measured public432 in 13.3s exit=0^[[0m
confirm-t	Screen time and compression axes	2026-10-09T10:23:19.7763684Z MEASUREMENT {"candidate": "public432", "round": 3, "time": 0.4366670407109298, "size_pct": 36.52435870548103, "parse_s": 0.04695988900000001, "total_s": 0.270194499, "output_bytes": 5376051, "source_sha256": "160d1b3f9edb307a0f97bde13cd972b5f6f0a426dd669515f639e4bfa24ef054"}
confirm-t	Screen time and compression axes	2026-10-09T10:23:19.7769922Z MEASURE_BEGIN 4 public432
confirm-t	Screen time and compression axes	2026-10-09T10:23:19.8248989Z ^[[32m2026-10-09 10:23:19.824^[[0m | ^[[34m^[[1mDEBUG   ^[[0m | ^[[36msandbox.bwrap^[[0m:^[[36mrun^[[0m:^[[36m110^[[0m - ^[[34m^[[1m[bwrap] rustc exit=0 in 0.0s^[[0m
confirm-t	Screen time and compression axes	2026-10-09T10:23:22.0041718Z ^[[32m2026-10-09 10:23:22.003^[[0m | ^[[34m^[[1mDEBUG   ^[[0m | ^[[36msandbox.bwrap^[[0m:^[[36mrun^[[0m:^[[36m110^[[0m - ^[[34m^[[1m[bwrap] cargo exit=0 in 2.2s^[[0m
confirm-t	Screen time and compression axes	2026-10-09T10:23:22.0047115Z ^[[32m2026-10-09 10:23:22.003^[[0m | ^[[34m^[[1mDEBUG   ^[[0m | ^[[36mbench.driver^[[0m:^[[36m_build^[[0m:^[[36m295^[[0m - ^[[34m^[[1m[bench] built incumbent in 2.2s exit=0^[[0m
confirm-t	Screen time and compression axes	2026-10-09T10:23:25.8954498Z ^[[32m2026-10-09 10:23:25.895^[[0m | ^[[34m^[[1mDEBUG   ^[[0m | ^[[36msandbox.bwrap^[[0m:^[[36mrun^[[0m:^[[36m110^[[0m - ^[[34m^[[1m[bwrap] cargo exit=0 in 3.9s^[[0m
confirm-t	Screen time and compression axes	2026-10-09T10:23:25.8956310Z ^[[32m2026-10-09 10:23:25.895^[[0m | ^[[34m^[[1mDEBUG   ^[[0m | ^[[36mbench.driver^[[0m:^[[36m_build^[[0m:^[[36m295^[[0m - ^[[34m^[[1m[bench] built public432 in 3.9s exit=0^[[0m
confirm-t	Screen time and compression axes	2026-10-09T10:23:38.9042949Z ^[[32m2026-10-09 10:23:38.903^[[0m | ^[[34m^[[1mDEBUG   ^[[0m | ^[[36msandbox.bwrap^[[0m:^[[36mrun^[[0m:^[[36m110^[[0m - ^[[34m^[[1m[bwrap] measure exit=0 in 13.0s^[[0m
confirm-t	Screen time and compression axes	2026-10-09T10:23:38.9045300Z ^[[32m2026-10-09 10:23:38.904^[[0m | ^[[34m^[[1mDEBUG   ^[[0m | ^[[36mbench.driver^[[0m:^[[36m_measure^[[0m:^[[36m333^[[0m - ^[[34m^[[1m[bench] measured public432 in 13.0s exit=0^[[0m
confirm-t	Screen time and compression axes	2026-10-09T10:23:38.9162437Z MEASUREMENT {"candidate": "public432", "round": 4, "time": 0.4372398703835264, "size_pct": 36.52435870548103, "parse_s": 0.046841608, "total_s": 0.269075402, "output_bytes": 5376051, "source_sha256": "160d1b3f9edb307a0f97bde13cd972b5f6f0a426dd669515f639e4bfa24ef054"}
confirm-t	Screen time and compression axes	2026-10-09T10:23:38.9167671Z MEASURE_BEGIN 4 r3-432-fast3
confirm-t	Screen time and compression axes	2026-10-09T10:23:38.9645926Z ^[[32m2026-10-09 10:23:38.964^[[0m | ^[[34m^[[1mDEBUG   ^[[0m | ^[[36msandbox.bwrap^[[0m:^[[36mrun^[[0m:^[[36m110^[[0m - ^[[34m^[[1m[bwrap] rustc exit=0 in 0.0s^[[0m
confirm-t	Screen time and compression axes	2026-10-09T10:23:41.1664954Z ^[[32m2026-10-09 10:23:41.166^[[0m | ^[[34m^[[1mDEBUG   ^[[0m | ^[[36msandbox.bwrap^[[0m:^[[36mrun^[[0m:^[[36m110^[[0m - ^[[34m^[[1m[bwrap] cargo exit=0 in 2.2s^[[0m
confirm-t	Screen time and compression axes	2026-10-09T10:23:41.1667341Z ^[[32m2026-10-09 10:23:41.166^[[0m | ^[[34m^[[1mDEBUG   ^[[0m | ^[[36mbench.driver^[[0m:^[[36m_build^[[0m:^[[36m295^[[0m - ^[[34m^[[1m[bench] built incumbent in 2.2s exit=0^[[0m
confirm-t	Screen time and compression axes	2026-10-09T10:23:45.1645092Z ^[[32m2026-10-09 10:23:45.163^[[0m | ^[[34m^[[1mDEBUG   ^[[0m | ^[[36msandbox.bwrap^[[0m:^[[36mrun^[[0m:^[[36m110^[[0m - ^[[34m^[[1m[bwrap] cargo exit=0 in 4.0s^[[0m
confirm-t	Screen time and compression axes	2026-10-09T10:23:45.1648860Z ^[[32m2026-10-09 10:23:45.163^[[0m | ^[[34m^[[1mDEBUG   ^[[0m | ^[[36mbench.driver^[[0m:^[[36m_build^[[0m:^[[36m295^[[0m - ^[[34m^[[1m[bench] built r3-432-fast3 in 4.0s exit=0^[[0m
confirm-t	Screen time and compression axes	2026-10-09T10:23:58.1982901Z ^[[32m2026-10-09 10:23:58.197^[[0m | ^[[34m^[[1mDEBUG   ^[[0m | ^[[36msandbox.bwrap^[[0m:^[[36mrun^[[0m:^[[36m110^[[0m - ^[[34m^[[1m[bwrap] measure exit=0 in 13.0s^[[0m
confirm-t	Screen time and compression axes	2026-10-09T10:23:58.1986487Z ^[[32m2026-10-09 10:23:58.198^[[0m | ^[[34m^[[1mDEBUG   ^[[0m | ^[[36mbench.driver^[[0m:^[[36m_measure^[[0m:^[[36m333^[[0m - ^[[34m^[[1m[bench] measured r3-432-fast3 in 13.0s exit=0^[[0m
confirm-t	Screen time and compression axes	2026-10-09T10:23:58.2109380Z MEASUREMENT {"candidate": "r3-432-fast3", "round": 4, "time": 0.43258699060264466, "size_pct": 36.60213910633018, "parse_s": 0.041309512, "total_s": 0.265931792, "output_bytes": 5410408, "source_sha256": "bae8014121e4710f4a34ce63452578b4bf69121b4f695e1b1356780a019108ef"}
confirm-t	Screen time and compression axes	2026-10-09T10:23:58.2115179Z MEASURE_BEGIN 4 probe3
confirm-t	Screen time and compression axes	2026-10-09T10:23:58.2714146Z ^[[32m2026-10-09 10:23:58.271^[[0m | ^[[34m^[[1mDEBUG   ^[[0m | ^[[36msandbox.bwrap^[[0m:^[[36mrun^[[0m:^[[36m110^[[0m - ^[[34m^[[1m[bwrap] rustc exit=0 in 0.0s^[[0m
confirm-t	Screen time and compression axes	2026-10-09T10:24:00.4592449Z ^[[32m2026-10-09 10:24:00.458^[[0m | ^[[34m^[[1mDEBUG   ^[[0m | ^[[36msandbox.bwrap^[[0m:^[[36mrun^[[0m:^[[36m110^[[0m - ^[[34m^[[1m[bwrap] cargo exit=0 in 2.2s^[[0m
confirm-t	Screen time and compression axes	2026-10-09T10:24:00.4594308Z ^[[32m2026-10-09 10:24:00.459^[[0m | ^[[34m^[[1mDEBUG   ^[[0m | ^[[36mbench.driver^[[0m:^[[36m_build^[[0m:^[[36m295^[[0m - ^[[34m^[[1m[bench] built incumbent in 2.2s exit=0^[[0m
confirm-t	Screen time and compression axes	2026-10-09T10:24:03.7092498Z ^[[32m2026-10-09 10:24:03.708^[[0m | ^[[34m^[[1mDEBUG   ^[[0m | ^[[36msandbox.bwrap^[[0m:^[[36mrun^[[0m:^[[36m110^[[0m - ^[[34m^[[1m[bwrap] cargo exit=0 in 3.2s^[[0m
confirm-t	Screen time and compression axes	2026-10-09T10:24:03.7098177Z ^[[32m2026-10-09 10:24:03.709^[[0m | ^[[34m^[[1mDEBUG   ^[[0m | ^[[36mbench.driver^[[0m:^[[36m_build^[[0m:^[[36m295^[[0m - ^[[34m^[[1m[bench] built probe3 in 3.2s exit=0^[[0m
confirm-t	Screen time and compression axes	2026-10-09T10:24:16.9713379Z ^[[32m2026-10-09 10:24:16.970^[[0m | ^[[34m^[[1mDEBUG   ^[[0m | ^[[36msandbox.bwrap^[[0m:^[[36mrun^[[0m:^[[36m110^[[0m - ^[[34m^[[1m[bwrap] measure exit=0 in 13.3s^[[0m
confirm-t	Screen time and compression axes	2026-10-09T10:24:16.9719204Z ^[[32m2026-10-09 10:24:16.971^[[0m | ^[[34m^[[1mDEBUG   ^[[0m | ^[[36mbench.driver^[[0m:^[[36m_measure^[[0m:^[[36m333^[[0m - ^[[34m^[[1m[bench] measured probe3 in 13.3s exit=0^[[0m
confirm-t	Screen time and compression axes	2026-10-09T10:24:16.9840459Z MEASUREMENT {"candidate": "probe3", "round": 4, "time": 0.4642556225750271, "size_pct": 35.92083771476539, "parse_s": 0.063201324, "total_s": 0.285798231, "output_bytes": 5287026, "source_sha256": "e20ea5a7d2e77821008592faef393855077b9b8ceee244f390a85ac0257e047d"}
confirm-t	Screen time and compression axes	2026-10-09T10:24:16.9845873Z MEASURE_BEGIN 4 r15-hash32-chain-depth3
confirm-t	Screen time and compression axes	2026-10-09T10:24:17.0503503Z ^[[32m2026-10-09 10:24:17.049^[[0m | ^[[34m^[[1mDEBUG   ^[[0m | ^[[36msandbox.bwrap^[[0m:^[[36mrun^[[0m:^[[36m110^[[0m - ^[[34m^[[1m[bwrap] rustc exit=0 in 0.0s^[[0m
confirm-t	Screen time and compression axes	2026-10-09T10:24:19.2647762Z ^[[32m2026-10-09 10:24:19.264^[[0m | ^[[34m^[[1mDEBUG   ^[[0m | ^[[36msandbox.bwrap^[[0m:^[[36mrun^[[0m:^[[36m110^[[0m - ^[[34m^[[1m[bwrap] cargo exit=0 in 2.2s^[[0m
confirm-t	Screen time and compression axes	2026-10-09T10:24:19.2655890Z ^[[32m2026-10-09 10:24:19.264^[[0m | ^[[34m^[[1mDEBUG   ^[[0m | ^[[36mbench.driver^[[0m:^[[36m_build^[[0m:^[[36m295^[[0m - ^[[34m^[[1m[bench] built incumbent in 2.2s exit=0^[[0m
confirm-t	Screen time and compression axes	2026-10-09T10:24:23.3038643Z ^[[32m2026-10-09 10:24:23.303^[[0m | ^[[34m^[[1mDEBUG   ^[[0m | ^[[36msandbox.bwrap^[[0m:^[[36mrun^[[0m:^[[36m110^[[0m - ^[[34m^[[1m[bwrap] cargo exit=0 in 4.0s^[[0m
confirm-t	Screen time and compression axes	2026-10-09T10:24:23.3041071Z ^[[32m2026-10-09 10:24:23.303^[[0m | ^[[34m^[[1mDEBUG   ^[[0m | ^[[36mbench.driver^[[0m:^[[36m_build^[[0m:^[[36m295^[[0m - ^[[34m^[[1m[bench] built r15-hash32-chain-depth3 in 4.0s exit=0^[[0m
confirm-t	Screen time and compression axes	2026-10-09T10:24:36.2239488Z ^[[32m2026-10-09 10:24:36.223^[[0m | ^[[34m^[[1mDEBUG   ^[[0m | ^[[36msandbox.bwrap^[[0m:^[[36mrun^[[0m:^[[36m110^[[0m - ^[[34m^[[1m[bwrap] measure exit=0 in 12.9s^[[0m
confirm-t	Screen time and compression axes	2026-10-09T10:24:36.2249905Z ^[[32m2026-10-09 10:24:36.223^[[0m | ^[[34m^[[1mDEBUG   ^[[0m | ^[[36mbench.driver^[[0m:^[[36m_measure^[[0m:^[[36m333^[[0m - ^[[34m^[[1m[bench] measured r15-hash32-chain-depth3 in 12.9s exit=0^[[0m
confirm-t	Screen time and compression axes	2026-10-09T10:24:36.2367202Z MEASUREMENT {"candidate": "r15-hash32-chain-depth3", "round": 4, "time": 0.43766250093175263, "size_pct": 36.06880599420421, "parse_s": 0.055807161999999993, "total_s": 0.26699712800000003, "output_bytes": 5306879, "source_sha256": "30f60ffa6e3eb6f1546e3fccce38bd78a9cc0d8042e97bd1c6c781438865481d"}
confirm-t	Screen time and compression axes	2026-10-09T10:24:36.2371835Z MEASURE_BEGIN 4 r15-hash32-chain-depth2
confirm-t	Screen time and compression axes	2026-10-09T10:24:36.2853161Z ^[[32m2026-10-09 10:24:36.285^[[0m | ^[[34m^[[1mDEBUG   ^[[0m | ^[[36msandbox.bwrap^[[0m:^[[36mrun^[[0m:^[[36m110^[[0m - ^[[34m^[[1m[bwrap] rustc exit=0 in 0.0s^[[0m
confirm-t	Screen time and compression axes	2026-10-09T10:24:38.4898053Z ^[[32m2026-10-09 10:24:38.489^[[0m | ^[[34m^[[1mDEBUG   ^[[0m | ^[[36msandbox.bwrap^[[0m:^[[36mrun^[[0m:^[[36m110^[[0m - ^[[34m^[[1m[bwrap] cargo exit=0 in 2.2s^[[0m
confirm-t	Screen time and compression axes	2026-10-09T10:24:38.4903892Z ^[[32m2026-10-09 10:24:38.489^[[0m | ^[[34m^[[1mDEBUG   ^[[0m | ^[[36mbench.driver^[[0m:^[[36m_build^[[0m:^[[36m295^[[0m - ^[[34m^[[1m[bench] built incumbent in 2.2s exit=0^[[0m
confirm-t	Screen time and compression axes	2026-10-09T10:24:42.5587308Z ^[[32m2026-10-09 10:24:42.557^[[0m | ^[[34m^[[1mDEBUG   ^[[0m | ^[[36msandbox.bwrap^[[0m:^[[36mrun^[[0m:^[[36m110^[[0m - ^[[34m^[[1m[bwrap] cargo exit=0 in 4.1s^[[0m
confirm-t	Screen time and compression axes	2026-10-09T10:24:42.5590365Z ^[[32m2026-10-09 10:24:42.557^[[0m | ^[[34m^[[1mDEBUG   ^[[0m | ^[[36mbench.driver^[[0m:^[[36m_build^[[0m:^[[36m295^[[0m - ^[[34m^[[1m[bench] built r15-hash32-chain-depth2 in 4.1s exit=0^[[0m
confirm-t	Screen time and compression axes	2026-10-09T10:24:55.4586076Z ^[[32m2026-10-09 10:24:55.458^[[0m | ^[[34m^[[1mDEBUG   ^[[0m | ^[[36msandbox.bwrap^[[0m:^[[36mrun^[[0m:^[[36m110^[[0m - ^[[34m^[[1m[bwrap] measure exit=0 in 12.9s^[[0m
confirm-t	Screen time and compression axes	2026-10-09T10:24:55.4587553Z ^[[32m2026-10-09 10:24:55.458^[[0m | ^[[34m^[[1mDEBUG   ^[[0m | ^[[36mbench.driver^[[0m:^[[36m_measure^[[0m:^[[36m333^[[0m - ^[[34m^[[1m[bench] measured r15-hash32-chain-depth2 in 12.9s exit=0^[[0m
confirm-t	Screen time and compression axes	2026-10-09T10:24:55.4719334Z MEASUREMENT {"candidate": "r15-hash32-chain-depth2", "round": 4, "time": 0.4346686744162935, "size_pct": 36.11687097178615, "parse_s": 0.05244210699999998, "total_s": 0.26563272000000004, "output_bytes": 5318677, "source_sha256": "79170abebc9b372ef563fa9286952fce1cfbe349d3a61d637f2811159d4ccb7b"}
confirm-t	Screen time and compression axes	2026-10-09T10:24:55.4724533Z MEASURE_BEGIN 4 r14-514-hash32
confirm-t	Screen time and compression axes	2026-10-09T10:24:55.5198652Z ^[[32m2026-10-09 10:24:55.519^[[0m | ^[[34m^[[1mDEBUG   ^[[0m | ^[[36msandbox.bwrap^[[0m:^[[36mrun^[[0m:^[[36m110^[[0m - ^[[34m^[[1m[bwrap] rustc exit=0 in 0.0s^[[0m
confirm-t	Screen time and compression axes	2026-10-09T10:24:57.7215678Z ^[[32m2026-10-09 10:24:57.721^[[0m | ^[[34m^[[1mDEBUG   ^[[0m | ^[[36msandbox.bwrap^[[0m:^[[36mrun^[[0m:^[[36m110^[[0m - ^[[34m^[[1m[bwrap] cargo exit=0 in 2.2s^[[0m
confirm-t	Screen time and compression axes	2026-10-09T10:24:57.7217657Z ^[[32m2026-10-09 10:24:57.721^[[0m | ^[[34m^[[1mDEBUG   ^[[0m | ^[[36mbench.driver^[[0m:^[[36m_build^[[0m:^[[36m295^[[0m - ^[[34m^[[1m[bench] built incumbent in 2.2s exit=0^[[0m
confirm-t	Screen time and compression axes	2026-10-09T10:25:01.7309712Z ^[[32m2026-10-09 10:25:01.730^[[0m | ^[[34m^[[1mDEBUG   ^[[0m | ^[[36msandbox.bwrap^[[0m:^[[36mrun^[[0m:^[[36m110^[[0m - ^[[34m^[[1m[bwrap] cargo exit=0 in 4.0s^[[0m
confirm-t	Screen time and compression axes	2026-10-09T10:25:01.7311524Z ^[[32m2026-10-09 10:25:01.730^[[0m | ^[[34m^[[1mDEBUG   ^[[0m | ^[[36mbench.driver^[[0m:^[[36m_build^[[0m:^[[36m295^[[0m - ^[[34m^[[1m[bench] built r14-514-hash32 in 4.0s exit=0^[[0m
confirm-t	Screen time and compression axes	2026-10-09T10:25:14.5567930Z ^[[32m2026-10-09 10:25:14.556^[[0m | ^[[34m^[[1mDEBUG   ^[[0m | ^[[36msandbox.bwrap^[[0m:^[[36mrun^[[0m:^[[36m110^[[0m - ^[[34m^[[1m[bwrap] measure exit=0 in 12.8s^[[0m
confirm-t	Screen time and compression axes	2026-10-09T10:25:14.5570982Z ^[[32m2026-10-09 10:25:14.556^[[0m | ^[[34m^[[1mDEBUG   ^[[0m | ^[[36mbench.driver^[[0m:^[[36m_measure^[[0m:^[[36m333^[[0m - ^[[34m^[[1m[bench] measured r14-514-hash32 in 12.8s exit=0^[[0m
confirm-t	Screen time and compression axes	2026-10-09T10:25:14.5735014Z MEASUREMENT {"candidate": "r14-514-hash32", "round": 4, "time": 0.43098136702367035, "size_pct": 36.21069208341262, "parse_s": 0.04921052600000001, "total_s": 0.2604044490000001, "output_bytes": 5340676, "source_sha256": "0db4e862fc012a11d76140ebf9599aab2acf0ac9c5859d0a7cdee843ec2a6b82"}
confirm-t	Screen time and compression axes	2026-10-09T10:25:14.5741260Z MEASURE_BEGIN 4 public514-shadow
confirm-t	Screen time and compression axes	2026-10-09T10:25:14.6279322Z ^[[32m2026-10-09 10:25:14.627^[[0m | ^[[34m^[[1mDEBUG   ^[[0m | ^[[36msandbox.bwrap^[[0m:^[[36mrun^[[0m:^[[36m110^[[0m - ^[[34m^[[1m[bwrap] rustc exit=0 in 0.0s^[[0m
confirm-t	Screen time and compression axes	2026-10-09T10:25:16.8624278Z ^[[32m2026-10-09 10:25:16.861^[[0m | ^[[34m^[[1mDEBUG   ^[[0m | ^[[36msandbox.bwrap^[[0m:^[[36mrun^[[0m:^[[36m110^[[0m - ^[[34m^[[1m[bwrap] cargo exit=0 in 2.2s^[[0m
confirm-t	Screen time and compression axes	2026-10-09T10:25:16.8627003Z ^[[32m2026-10-09 10:25:16.861^[[0m | ^[[34m^[[1mDEBUG   ^[[0m | ^[[36mbench.driver^[[0m:^[[36m_build^[[0m:^[[36m295^[[0m - ^[[34m^[[1m[bench] built incumbent in 2.2s exit=0^[[0m
confirm-t	Screen time and compression axes	2026-10-09T10:25:20.9374993Z ^[[32m2026-10-09 10:25:20.936^[[0m | ^[[34m^[[1mDEBUG   ^[[0m | ^[[36msandbox.bwrap^[[0m:^[[36mrun^[[0m:^[[36m110^[[0m - ^[[34m^[[1m[bwrap] cargo exit=0 in 4.1s^[[0m
confirm-t	Screen time and compression axes	2026-10-09T10:25:20.9376946Z ^[[32m2026-10-09 10:25:20.936^[[0m | ^[[34m^[[1mDEBUG   ^[[0m | ^[[36mbench.driver^[[0m:^[[36m_build^[[0m:^[[36m295^[[0m - ^[[34m^[[1m[bench] built public514-shadow in 4.1s exit=0^[[0m
confirm-t	Screen time and compression axes	2026-10-09T10:25:33.8153459Z ^[[32m2026-10-09 10:25:33.815^[[0m | ^[[34m^[[1mDEBUG   ^[[0m | ^[[36msandbox.bwrap^[[0m:^[[36mrun^[[0m:^[[36m110^[[0m - ^[[34m^[[1m[bwrap] measure exit=0 in 12.9s^[[0m
confirm-t	Screen time and compression axes	2026-10-09T10:25:33.8156420Z ^[[32m2026-10-09 10:25:33.815^[[0m | ^[[34m^[[1mDEBUG   ^[[0m | ^[[36mbench.driver^[[0m:^[[36m_measure^[[0m:^[[36m333^[[0m - ^[[34m^[[1m[bench] measured public514-shadow in 12.9s exit=0^[[0m
confirm-t	Screen time and compression axes	2026-10-09T10:25:33.8283012Z MEASUREMENT {"candidate": "public514-shadow", "round": 4, "time": 0.4296281492509293, "size_pct": 36.20314548923299, "parse_s": 0.049785879, "total_s": 0.261535876, "output_bytes": 5340006, "source_sha256": "e337b70b9bd81a1f189a05a37fcd26ca13b1a741a3b6bd8c89705e30896b004a"}
confirm-t	Screen time and compression axes	2026-10-09T10:25:33.8287516Z MEASURE_BEGIN 4 public514
confirm-t	Screen time and compression axes	2026-10-09T10:25:33.8759728Z ^[[32m2026-10-09 10:25:33.875^[[0m | ^[[34m^[[1mDEBUG   ^[[0m | ^[[36msandbox.bwrap^[[0m:^[[36mrun^[[0m:^[[36m110^[[0m - ^[[34m^[[1m[bwrap] rustc exit=0 in 0.0s^[[0m
confirm-t	Screen time and compression axes	2026-10-09T10:25:36.0542709Z ^[[32m2026-10-09 10:25:36.053^[[0m | ^[[34m^[[1mDEBUG   ^[[0m | ^[[36msandbox.bwrap^[[0m:^[[36mrun^[[0m:^[[36m110^[[0m - ^[[34m^[[1m[bwrap] cargo exit=0 in 2.2s^[[0m
confirm-t	Screen time and compression axes	2026-10-09T10:25:36.0544871Z ^[[32m2026-10-09 10:25:36.054^[[0m | ^[[34m^[[1mDEBUG   ^[[0m | ^[[36mbench.driver^[[0m:^[[36m_build^[[0m:^[[36m295^[[0m - ^[[34m^[[1m[bench] built incumbent in 2.2s exit=0^[[0m
confirm-t	Screen time and compression axes	2026-10-09T10:25:40.0339627Z ^[[32m2026-10-09 10:25:40.033^[[0m | ^[[34m^[[1mDEBUG   ^[[0m | ^[[36msandbox.bwrap^[[0m:^[[36mrun^[[0m:^[[36m110^[[0m - ^[[34m^[[1m[bwrap] cargo exit=0 in 4.0s^[[0m
confirm-t	Screen time and compression axes	2026-10-09T10:25:40.0341258Z ^[[32m2026-10-09 10:25:40.033^[[0m | ^[[34m^[[1mDEBUG   ^[[0m | ^[[36mbench.driver^[[0m:^[[36m_build^[[0m:^[[36m295^[[0m - ^[[34m^[[1m[bench] built public514 in 4.0s exit=0^[[0m
confirm-t	Screen time and compression axes	2026-10-09T10:25:52.8542246Z ^[[32m2026-10-09 10:25:52.853^[[0m | ^[[34m^[[1mDEBUG   ^[[0m | ^[[36msandbox.bwrap^[[0m:^[[36mrun^[[0m:^[[36m110^[[0m - ^[[34m^[[1m[bwrap] measure exit=0 in 12.8s^[[0m
confirm-t	Screen time and compression axes	2026-10-09T10:25:52.8543745Z ^[[32m2026-10-09 10:25:52.854^[[0m | ^[[34m^[[1mDEBUG   ^[[0m | ^[[36mbench.driver^[[0m:^[[36m_measure^[[0m:^[[36m333^[[0m - ^[[34m^[[1m[bench] measured public514 in 12.8s exit=0^[[0m
confirm-t	Screen time and compression axes	2026-10-09T10:25:52.8672811Z MEASUREMENT {"candidate": "public514", "round": 4, "time": 0.4306297812210868, "size_pct": 36.20314548923299, "parse_s": 0.04937173200000001, "total_s": 0.2609637530000001, "output_bytes": 5340006, "source_sha256": "e337b70b9bd81a1f189a05a37fcd26ca13b1a741a3b6bd8c89705e30896b004a"}
confirm-t	Screen time and compression axes	2026-10-09T10:25:52.8758708Z ROUND4_PHASE {"phase": "screen", "summary": [{"candidate": "r14-514-hash32", "control": true, "blocks": [1, 2, 3, 4], "time": 0.4300618261662246, "size_pct": 36.21069208341262, "own_anchor": {"time": 0.43168046212259337, "size_pct": 36.65822577147737, "on_frontier": true, "dominating_ids": [], "conditional_geometry_weight": 0.18520601421545216, "size_gap_pp": 0}, "fixed_427": {"time": 0.4362559598795381, "size_pct": 36.465173531918914, "on_frontier": true, "dominating_ids": [], "conditional_geometry_weight": 0.010265692523659938, "size_gap_pp": 0}, "stress_1pct": {"time": 0.4369473430622724, "size_pct": 36.65822577147737, "on_frontier": false, "dominating_ids": ["535", "539"], "conditional_geometry_weight": 0, "size_gap_pp": 0.08280720041549472}, "time_change_pct_vs_fast3": [-1.0347122434112843, -0.9828238189511729, -1.5761990338124088, -0.37116779141636025], "size_change_pp_vs_fast3": -0.3914470229175606, "equivalence": null}, {"candidate": "r15-hash32-chain-depth2", "control": true, "blocks": [1, 2, 3, 4], "time": 0.4337527142499632, "size_pct": 36.11687097178615, "own_anchor": {"time": 0.4353855260422055, "size_pct": 36.56324510984816, "on_frontier": true, "dominating_ids": [], "conditional_geometry_weight": 0.002961921581490919, "size_gap_pp": 0}, "fixed_427": {"time": 0.4400000074229649, "size_pct": 36.370693064422305, "on_frontier": true, "dominating_ids": [], "conditional_geometry_weight": 0.01285653245569121, "size_gap_pp": 0}, "stress_1pct": {"time": 0.4406856930039117, "size_pct": 36.56324510984816, "on_frontier": false, "dominating_ids": ["481", "511", "555"], "conditional_geometry_weight": 0, "size_gap_pp": 0.048772263002547334}, "time_change_pct_vs_fast3": [-0.5842580435074352, -0.21745533744174095, -0.24528147237971032, 0.48121738722395335], "size_change_pp_vs_fast3": -0.48526813454402884, "equivalence": null}, {"candidate": "public514-shadow", "control": true, "blocks": [1, 2, 3, 4], "time": 0.42974364357996003, "size_pct": 36.20314548923299, "own_anchor": {"time": 0.4313611810392431, "size_pct": 36.65058590774305, "on_frontier": true, "dominating_ids": [], "conditional_geometry_weight": 0.00011431803672639395, "size_gap_pp": 0}, "fixed_427": {"time": 0.4359331945440857, "size_pct": 36.45757390179582, "on_frontier": true, "dominating_ids": [], "conditional_geometry_weight": 0.011747364722870978, "size_gap_pp": 0}, "stress_1pct": {"time": 0.43599848628276733, "size_pct": 36.65058590774305, "on_frontier": false, "dominating_ids": ["535", "539"], "conditional_geometry_weight": 0, "size_gap_pp": 0.07516733668117581}, "time_change_pct_vs_fast3": [-1.2293519470565561, -0.9871240731262998, -1.3585735017403233, -0.6839875946323182], "size_change_pp_vs_fast3": -0.39899361709719017, "equivalence": null}, {"candidate": "r15-hash32-chain-depth3", "control": false, "blocks": [1, 2, 3, 4], "time": 0.4364020538750233, "size_pct": 36.06880599420421, "own_anchor": {"time": 0.4380450826872387, "size_pct": 36.51458608958307, "on_frontier": true, "dominating_ids": [], "conditional_geometry_weight": 0.006699291704019096, "size_gap_pp": 0}, "fixed_427": {"time": 0.44268750519853073, "size_pct": 36.322290295861684, "on_frontier": false, "dominating_ids": ["546"], "conditional_geometry_weight": 0, "size_gap_pp": 0.14641675476983806}, "stress_1pct": {"time": 0.4437209623719431, "size_pct": 36.51458608958307, "on_frontier": false, "dominating_ids": ["546", "555"], "conditional_geometry_weight": 0, "size_gap_pp": 0.33871254849122323}, "time_change_pct_vs_fast3": [0.1413387998374871, 0.024197599696518246, 0.5349610214488543, 1.1732924103975417], "size_change_pp_vs_fast3": -0.5333331121259661, "equivalence": null}, {"candidate": "public514", "control": true, "blocks": [1, 2, 3, 4], "time": 0.4306471914880808, "size_pct": 36.20314548923299, "own_anchor": {"time": 0.4322682082556498, "size_pct": 36.65058590774305, "on_frontier": false, "dominating_ids": ["539"], "conditional_geometry_weight": 0, "size_gap_pp": 0.014138503906806932}, "fixed_427": {"time": 0.4368497561544668, "size_pct": 36.45757390179582, "on_frontier": true, "dominating_ids": [], "conditional_geometry_weight": 0.00997003283337525, "size_gap_pp": 0}, "stress_1pct": {"time": 0.43659089033820636, "size_pct": 36.65058590774305, "on_frontier": false, "dominating_ids": ["535", "539"], "conditional_geometry_weight": 0, "size_gap_pp": 0.07516733668117581}, "time_change_pct_vs_fast3": [-1.0951493424471548, -0.8333957591651786, -1.045865499143117, -0.45244295923722033], "size_change_pp_vs_fast3": -0.39899361709719017, "equivalence": null}, {"candidate": "r3-432-fast3", "control": true, "blocks": [1, 2, 3, 4], "time": 0.4343712457954705, "size_pct": 36.60213910633018, "own_anchor": {"time": 0.43787345819892, "size_pct": 36.999728556810254, "on_frontier": false, "dominating_ids": ["535", "539"], "conditional_geometry_weight": 0, "size_gap_pp": 0.42430998574837986}, "fixed_427": {"time": 0.44062744761105727, "size_pct": 36.859371565647756, "on_frontier": false, "dominating_ids": ["481", "511", "535", "539", "555"], "conditional_geometry_weight": 0, "size_gap_pp": 0.34489871880214196}, "stress_1pct": {"time": 0.4422521927809092, "size_pct": 36.999728556810254, "on_frontier": false, "dominating_ids": ["481", "511", "535", "539", "546", "555"], "conditional_geometry_weight": 0, "size_gap_pp": 0.8238550157184079}, "time_change_pct_vs_fast3": [0.0, 0.0, 0.0, 0.0], "size_change_pp_vs_fast3": 0.0, "equivalence": null}, {"candidate": "probe3", "control": true, "blocks": [1, 2, 3, 4], "time": 0.46402094953892215, "size_pct": 35.92083771476539, "own_anchor": {"time": 0.46614327772931885, "size_pct": 36.173282125166494, "on_frontier": false, "dominating_ids": ["464", "498", "525", "528", "534", "543"], "conditional_geometry_weight": 0, "size_gap_pp": 0.47576138697611725}, "fixed_427": {"time": 0.4707041928131388, "size_pct": 36.173282125166494, "on_frontier": false, "dominating_ids": ["464", "498", "525", "528", "534", "543"], "conditional_geometry_weight": 0, "size_gap_pp": 0.47576138697611725}, "stress_1pct": {"time": 0.47080471050661205, "size_pct": 36.173282125166494, "on_frontier": false, "dominating_ids": ["464", "498", "525", "528", "534", "543"], "conditional_geometry_weight": 0, "size_gap_pp": 0.47576138697611725}, "time_change_pct_vs_fast3": [6.299708817446814, 6.735790829083199, 6.950460437100503, 7.320754590484646], "size_change_pp_vs_fast3": -0.6813013915647872, "equivalence": null}, {"candidate": "public432", "control": true, "blocks": [1, 2, 3, 4], "time": 0.43810122673828017, "size_pct": 36.52435870548103, "own_anchor": {"time": 0.4413850574969763, "size_pct": 36.91273515631194, "on_frontier": false, "dominating_ids": ["481", "511", "535", "539", "546", "555"], "conditional_geometry_weight": 0, "size_gap_pp": 0.7368616152200929}, "fixed_427": {"time": 0.44441115106375306, "size_pct": 36.781044539812044, "on_frontier": false, "dominating_ids": ["481", "511", "535", "539", "546", "555"], "conditional_geometry_weight": 0, "size_gap_pp": 0.6051709987201974}, "stress_1pct": {"time": 0.44579890807194616, "size_pct": 36.91273515631194, "on_frontier": false, "dominating_ids": ["481", "511", "535", "539", "543", "546", "555"], "conditional_geometry_weight": 0, "size_gap_pp": 0.8773504757643167}, "time_change_pct_vs_fast3": [1.273149214167102, 0.7067162645362446, 0.37998270517911603, 1.0755940150672938], "size_change_pp_vs_fast3": -0.07778040084915006, "equivalence": null}], "gates": {}, "failures": []}
confirm-t	Publish early paired measurement receipt	﻿2026-10-09T10:25:52.8968071Z ##[group]Run actions/upload-artifact@ea165f8d65b6e75b540449e92b4886f43607fa02
confirm-t	Publish early paired measurement receipt	2026-10-09T10:25:52.8968759Z with:
confirm-t	Publish early paired measurement receipt	2026-10-09T10:25:52.8968966Z   name: r15-37915785042-confirm-t-screen
confirm-t	Publish early paired measurement receipt	2026-10-09T10:25:52.8969272Z   path: /home/runner/work/_temp/round4-receipts/
confirm-t	Publish early paired measurement receipt	2026-10-09T10:25:52.8969568Z   retention-days: 1
confirm-t	Publish early paired measurement receipt	2026-10-09T10:25:52.8969779Z   compression-level: 9
confirm-t	Publish early paired measurement receipt	2026-10-09T10:25:52.8970003Z   if-no-files-found: ignore
confirm-t	Publish early paired measurement receipt	2026-10-09T10:25:52.8970228Z   overwrite: false
confirm-t	Publish early paired measurement receipt	2026-10-09T10:25:52.8970442Z   include-hidden-files: false
confirm-t	Publish early paired measurement receipt	2026-10-09T10:25:52.8970673Z env:
confirm-t	Publish early paired measurement receipt	2026-10-09T10:25:52.8970863Z   ROUND4_SPEC: confirm-t
confirm-t	Publish early paired measurement receipt	2026-10-09T10:25:52.8971097Z   ROUND4_SPEC_DIR: evidence/round15
confirm-t	Publish early paired measurement receipt	2026-10-09T10:25:52.8971402Z   DEFLATE_ROOT: /home/runner/work/_temp/deflate-upstream
confirm-t	Publish early paired measurement receipt	2026-10-09T10:25:52.8971822Z   ELAN_HOME: /home/runner/work/_temp/deflate-upstream/validator/.work/elan
confirm-t	Publish early paired measurement receipt	2026-10-09T10:25:52.8972433Z   XDG_CACHE_HOME: /home/runner/work/_temp/deflate-cache
confirm-t	Publish early paired measurement receipt	2026-10-09T10:25:52.8972786Z   UV_CACHE_DIR: /home/runner/work/_temp/deflate-cache/uv
confirm-t	Publish early paired measurement receipt	2026-10-09T10:25:52.8973121Z   XDG_RUNTIME_DIR: /run/user/1001
confirm-t	Publish early paired measurement receipt	2026-10-09T10:25:52.8973418Z   DBUS_SESSION_BUS_ADDRESS: unix:path=/run/user/1001/bus
confirm-t	Publish early paired measurement receipt	2026-10-09T10:25:52.8973732Z   VERIFY_CORPUS: corpus-stage1
confirm-t	Publish early paired measurement receipt	2026-10-09T10:25:52.8973971Z   VERIFY_SANDBOX: bwrap
confirm-t	Publish early paired measurement receipt	2026-10-09T10:25:52.8974188Z   GIT_TERMINAL_PROMPT: 0
confirm-t	Publish early paired measurement receipt	2026-10-09T10:25:52.8974400Z ##[endgroup]
confirm-t	Publish early paired measurement receipt	2026-10-09T10:25:53.0621539Z (node:8535) [DEP0040] DeprecationWarning: The `punycode` module is deprecated. Please use a userland alternative instead.
confirm-t	Publish early paired measurement receipt	2026-10-09T10:25:53.0622432Z (Use `node --trace-deprecation ...` to show where the warning was created)
confirm-t	Publish early paired measurement receipt	2026-10-09T10:25:53.0735923Z With the provided path, there will be 36 files uploaded
confirm-t	Publish early paired measurement receipt	2026-10-09T10:25:53.0741933Z Artifact name is valid!
confirm-t	Publish early paired measurement receipt	2026-10-09T10:25:53.0742588Z Root directory input is valid!
confirm-t	Publish early paired measurement receipt	2026-10-09T10:25:53.4205629Z Beginning upload of artifact content to blob storage
confirm-t	Publish early paired measurement receipt	2026-10-09T10:25:53.6565707Z (node:8535) [DEP0169] DeprecationWarning: `url.parse()` behavior is not standardized and prone to errors that have security implications. Use the WHATWG URL API instead. CVEs are not issued for `url.parse()` vulnerabilities.
confirm-t	Publish early paired measurement receipt	2026-10-09T10:25:54.0940972Z Uploaded bytes 653789
confirm-t	Publish early paired measurement receipt	2026-10-09T10:25:54.1544366Z Finished uploading artifact content to blob storage!
confirm-t	Publish early paired measurement receipt	2026-10-09T10:25:54.1545668Z SHA256 digest of uploaded artifact zip is 31df10591727365b6712d2017aafd59f3bb2d02af9c144b2bd2e9c51c5b18efd
confirm-t	Publish early paired measurement receipt	2026-10-09T10:25:54.1546844Z Finalizing artifact upload
confirm-t	Publish early paired measurement receipt	2026-10-09T10:25:54.4105370Z Artifact r15-37915785042-confirm-t-screen.zip successfully finalized. Artifact ID 11610516751
confirm-t	Publish early paired measurement receipt	2026-10-09T10:25:54.4106754Z Artifact r15-37915785042-confirm-t-screen has been successfully uploaded! Final size is 653789 bytes. Artifact ID is 11610516751
confirm-t	Publish early paired measurement receipt	2026-10-09T10:25:54.4112702Z Artifact download URL: https://github.com/HuanHuanHuanFFF/Miner/actions/runs/37915785042/artifacts/11610516751
confirm-t	Refine shortlisted candidates	﻿2026-10-09T10:25:54.4244420Z ##[group]Run export PATH="$HOME/.local/bin:$HOME/.cargo/bin:$ELAN_HOME/bin:$PATH"
confirm-t	Refine shortlisted candidates	2026-10-09T10:25:54.4245000Z ^[[36;1mexport PATH="$HOME/.local/bin:$HOME/.cargo/bin:$ELAN_HOME/bin:$PATH"^[[0m
confirm-t	Refine shortlisted candidates	2026-10-09T10:25:54.4245435Z ^[[36;1mexport PYTHONPATH="$DEFLATE_ROOT/validator"^[[0m
confirm-t	Refine shortlisted candidates	2026-10-09T10:25:54.4245827Z ^[[36;1m"$DEFLATE_ROOT/.venv/bin/python" scripts/round4.py refine^[[0m
confirm-t	Refine shortlisted candidates	2026-10-09T10:25:54.4305268Z shell: /usr/bin/bash -e {0}
confirm-t	Refine shortlisted candidates	2026-10-09T10:25:54.4305527Z env:
confirm-t	Refine shortlisted candidates	2026-10-09T10:25:54.4305722Z   ROUND4_SPEC: confirm-t
confirm-t	Refine shortlisted candidates	2026-10-09T10:25:54.4305979Z   ROUND4_SPEC_DIR: evidence/round15
confirm-t	Refine shortlisted candidates	2026-10-09T10:25:54.4306307Z   DEFLATE_ROOT: /home/runner/work/_temp/deflate-upstream
confirm-t	Refine shortlisted candidates	2026-10-09T10:25:54.4306751Z   ELAN_HOME: /home/runner/work/_temp/deflate-upstream/validator/.work/elan
confirm-t	Refine shortlisted candidates	2026-10-09T10:25:54.4307194Z   XDG_CACHE_HOME: /home/runner/work/_temp/deflate-cache
confirm-t	Refine shortlisted candidates	2026-10-09T10:25:54.4307556Z   UV_CACHE_DIR: /home/runner/work/_temp/deflate-cache/uv
confirm-t	Refine shortlisted candidates	2026-10-09T10:25:54.4307873Z   XDG_RUNTIME_DIR: /run/user/1001
confirm-t	Refine shortlisted candidates	2026-10-09T10:25:54.4308461Z   DBUS_SESSION_BUS_ADDRESS: unix:path=/run/user/1001/bus
confirm-t	Refine shortlisted candidates	2026-10-09T10:25:54.4308813Z   VERIFY_CORPUS: corpus-stage1
confirm-t	Refine shortlisted candidates	2026-10-09T10:25:54.4309063Z   VERIFY_SANDBOX: bwrap
confirm-t	Refine shortlisted candidates	2026-10-09T10:25:54.4309289Z   GIT_TERMINAL_PROMPT: 0
confirm-t	Refine shortlisted candidates	2026-10-09T10:25:54.4309505Z ##[endgroup]
confirm-t	Refine shortlisted candidates	2026-10-09T10:25:54.5626065Z ROUND4_PHASE {"phase": "refine", "summary": [{"candidate": "r14-514-hash32", "control": true, "blocks": [1, 2, 3, 4], "time": 0.4300618261662246, "size_pct": 36.21069208341262, "own_anchor": {"time": 0.43168046212259337, "size_pct": 36.65822577147737, "on_frontier": true, "dominating_ids": [], "conditional_geometry_weight": 0.18520601421545216, "size_gap_pp": 0}, "fixed_427": {"time": 0.4362559598795381, "size_pct": 36.465173531918914, "on_frontier": true, "dominating_ids": [], "conditional_geometry_weight": 0.010265692523659938, "size_gap_pp": 0}, "stress_1pct": {"time": 0.4369473430622724, "size_pct": 36.65822577147737, "on_frontier": false, "dominating_ids": ["535", "539"], "conditional_geometry_weight": 0, "size_gap_pp": 0.08280720041549472}, "time_change_pct_vs_fast3": [-1.0347122434112843, -0.9828238189511729, -1.5761990338124088, -0.37116779141636025], "size_change_pp_vs_fast3": -0.3914470229175606, "equivalence": null}, {"candidate": "r15-hash32-chain-depth2", "control": true, "blocks": [1, 2, 3, 4], "time": 0.4337527142499632, "size_pct": 36.11687097178615, "own_anchor": {"time": 0.4353855260422055, "size_pct": 36.56324510984816, "on_frontier": true, "dominating_ids": [], "conditional_geometry_weight": 0.002961921581490919, "size_gap_pp": 0}, "fixed_427": {"time": 0.4400000074229649, "size_pct": 36.370693064422305, "on_frontier": true, "dominating_ids": [], "conditional_geometry_weight": 0.01285653245569121, "size_gap_pp": 0}, "stress_1pct": {"time": 0.4406856930039117, "size_pct": 36.56324510984816, "on_frontier": false, "dominating_ids": ["481", "511", "555"], "conditional_geometry_weight": 0, "size_gap_pp": 0.048772263002547334}, "time_change_pct_vs_fast3": [-0.5842580435074352, -0.21745533744174095, -0.24528147237971032, 0.48121738722395335], "size_change_pp_vs_fast3": -0.48526813454402884, "equivalence": null}, {"candidate": "public514-shadow", "control": true, "blocks": [1, 2, 3, 4], "time": 0.42974364357996003, "size_pct": 36.20314548923299, "own_anchor": {"time": 0.4313611810392431, "size_pct": 36.65058590774305, "on_frontier": true, "dominating_ids": [], "conditional_geometry_weight": 0.00011431803672639395, "size_gap_pp": 0}, "fixed_427": {"time": 0.4359331945440857, "size_pct": 36.45757390179582, "on_frontier": true, "dominating_ids": [], "conditional_geometry_weight": 0.011747364722870978, "size_gap_pp": 0}, "stress_1pct": {"time": 0.43599848628276733, "size_pct": 36.65058590774305, "on_frontier": false, "dominating_ids": ["535", "539"], "conditional_geometry_weight": 0, "size_gap_pp": 0.07516733668117581}, "time_change_pct_vs_fast3": [-1.2293519470565561, -0.9871240731262998, -1.3585735017403233, -0.6839875946323182], "size_change_pp_vs_fast3": -0.39899361709719017, "equivalence": null}, {"candidate": "r15-hash32-chain-depth3", "control": false, "blocks": [1, 2, 3, 4], "time": 0.4364020538750233, "size_pct": 36.06880599420421, "own_anchor": {"time": 0.4380450826872387, "size_pct": 36.51458608958307, "on_frontier": true, "dominating_ids": [], "conditional_geometry_weight": 0.006699291704019096, "size_gap_pp": 0}, "fixed_427": {"time": 0.44268750519853073, "size_pct": 36.322290295861684, "on_frontier": false, "dominating_ids": ["546"], "conditional_geometry_weight": 0, "size_gap_pp": 0.14641675476983806}, "stress_1pct": {"time": 0.4437209623719431, "size_pct": 36.51458608958307, "on_frontier": false, "dominating_ids": ["546", "555"], "conditional_geometry_weight": 0, "size_gap_pp": 0.33871254849122323}, "time_change_pct_vs_fast3": [0.1413387998374871, 0.024197599696518246, 0.5349610214488543, 1.1732924103975417], "size_change_pp_vs_fast3": -0.5333331121259661, "equivalence": null}, {"candidate": "public514", "control": true, "blocks": [1, 2, 3, 4], "time": 0.4306471914880808, "size_pct": 36.20314548923299, "own_anchor": {"time": 0.4322682082556498, "size_pct": 36.65058590774305, "on_frontier": false, "dominating_ids": ["539"], "conditional_geometry_weight": 0, "size_gap_pp": 0.014138503906806932}, "fixed_427": {"time": 0.4368497561544668, "size_pct": 36.45757390179582, "on_frontier": true, "dominating_ids": [], "conditional_geometry_weight": 0.00997003283337525, "size_gap_pp": 0}, "stress_1pct": {"time": 0.43659089033820636, "size_pct": 36.65058590774305, "on_frontier": false, "dominating_ids": ["535", "539"], "conditional_geometry_weight": 0, "size_gap_pp": 0.07516733668117581}, "time_change_pct_vs_fast3": [-1.0951493424471548, -0.8333957591651786, -1.045865499143117, -0.45244295923722033], "size_change_pp_vs_fast3": -0.39899361709719017, "equivalence": null}, {"candidate": "r3-432-fast3", "control": true, "blocks": [1, 2, 3, 4], "time": 0.4343712457954705, "size_pct": 36.60213910633018, "own_anchor": {"time": 0.43787345819892, "size_pct": 36.999728556810254, "on_frontier": false, "dominating_ids": ["535", "539"], "conditional_geometry_weight": 0, "size_gap_pp": 0.42430998574837986}, "fixed_427": {"time": 0.44062744761105727, "size_pct": 36.859371565647756, "on_frontier": false, "dominating_ids": ["481", "511", "535", "539", "555"], "conditional_geometry_weight": 0, "size_gap_pp": 0.34489871880214196}, "stress_1pct": {"time": 0.4422521927809092, "size_pct": 36.999728556810254, "on_frontier": false, "dominating_ids": ["481", "511", "535", "539", "546", "555"], "conditional_geometry_weight": 0, "size_gap_pp": 0.8238550157184079}, "time_change_pct_vs_fast3": [0.0, 0.0, 0.0, 0.0], "size_change_pp_vs_fast3": 0.0, "equivalence": null}, {"candidate": "probe3", "control": true, "blocks": [1, 2, 3, 4], "time": 0.46402094953892215, "size_pct": 35.92083771476539, "own_anchor": {"time": 0.46614327772931885, "size_pct": 36.173282125166494, "on_frontier": false, "dominating_ids": ["464", "498", "525", "528", "534", "543"], "conditional_geometry_weight": 0, "size_gap_pp": 0.47576138697611725}, "fixed_427": {"time": 0.4707041928131388, "size_pct": 36.173282125166494, "on_frontier": false, "dominating_ids": ["464", "498", "525", "528", "534", "543"], "conditional_geometry_weight": 0, "size_gap_pp": 0.47576138697611725}, "stress_1pct": {"time": 0.47080471050661205, "size_pct": 36.173282125166494, "on_frontier": false, "dominating_ids": ["464", "498", "525", "528", "534", "543"], "conditional_geometry_weight": 0, "size_gap_pp": 0.47576138697611725}, "time_change_pct_vs_fast3": [6.299708817446814, 6.735790829083199, 6.950460437100503, 7.320754590484646], "size_change_pp_vs_fast3": -0.6813013915647872, "equivalence": null}, {"candidate": "public432", "control": true, "blocks": [1, 2, 3, 4], "time": 0.43810122673828017, "size_pct": 36.52435870548103, "own_anchor": {"time": 0.4413850574969763, "size_pct": 36.91273515631194, "on_frontier": false, "dominating_ids": ["481", "511", "535", "539", "546", "555"], "conditional_geometry_weight": 0, "size_gap_pp": 0.7368616152200929}, "fixed_427": {"time": 0.44441115106375306, "size_pct": 36.781044539812044, "on_frontier": false, "dominating_ids": ["481", "511", "535", "539", "546", "555"], "conditional_geometry_weight": 0, "size_gap_pp": 0.6051709987201974}, "stress_1pct": {"time": 0.44579890807194616, "size_pct": 36.91273515631194, "on_frontier": false, "dominating_ids": ["481", "511", "535", "539", "543", "546", "555"], "conditional_geometry_weight": 0, "size_gap_pp": 0.8773504757643167}, "time_change_pct_vs_fast3": [1.273149214167102, 0.7067162645362446, 0.37998270517911603, 1.0755940150672938], "size_change_pp_vs_fast3": -0.07778040084915006, "equivalence": null}], "gates": {}, "failures": []}
confirm-t	Run selected fresh official gate	﻿2026-10-09T10:25:54.5811141Z ##[group]Run export PATH="$HOME/.local/bin:$HOME/.cargo/bin:$ELAN_HOME/bin:$PATH"
confirm-t	Run selected fresh official gate	2026-10-09T10:25:54.5811777Z ^[[36;1mexport PATH="$HOME/.local/bin:$HOME/.cargo/bin:$ELAN_HOME/bin:$PATH"^[[0m
confirm-t	Run selected fresh official gate	2026-10-09T10:25:54.5812237Z ^[[36;1mexport PYTHONPATH="$DEFLATE_ROOT/validator"^[[0m
confirm-t	Run selected fresh official gate	2026-10-09T10:25:54.5812645Z ^[[36;1m"$DEFLATE_ROOT/.venv/bin/python" scripts/round4.py gate^[[0m
confirm-t	Run selected fresh official gate	2026-10-09T10:25:54.5875670Z shell: /usr/bin/bash -e {0}
confirm-t	Run selected fresh official gate	2026-10-09T10:25:54.5875928Z env:
confirm-t	Run selected fresh official gate	2026-10-09T10:25:54.5876127Z   ROUND4_SPEC: confirm-t
confirm-t	Run selected fresh official gate	2026-10-09T10:25:54.5876381Z   ROUND4_SPEC_DIR: evidence/round15
confirm-t	Run selected fresh official gate	2026-10-09T10:25:54.5876715Z   DEFLATE_ROOT: /home/runner/work/_temp/deflate-upstream
confirm-t	Run selected fresh official gate	2026-10-09T10:25:54.5877185Z   ELAN_HOME: /home/runner/work/_temp/deflate-upstream/validator/.work/elan
confirm-t	Run selected fresh official gate	2026-10-09T10:25:54.5877634Z   XDG_CACHE_HOME: /home/runner/work/_temp/deflate-cache
confirm-t	Run selected fresh official gate	2026-10-09T10:25:54.5878026Z   UV_CACHE_DIR: /home/runner/work/_temp/deflate-cache/uv
confirm-t	Run selected fresh official gate	2026-10-09T10:25:54.5878544Z   XDG_RUNTIME_DIR: /run/user/1001
confirm-t	Run selected fresh official gate	2026-10-09T10:25:54.5878891Z   DBUS_SESSION_BUS_ADDRESS: unix:path=/run/user/1001/bus
confirm-t	Run selected fresh official gate	2026-10-09T10:25:54.5879216Z   VERIFY_CORPUS: corpus-stage1
confirm-t	Run selected fresh official gate	2026-10-09T10:25:54.5879462Z   VERIFY_SANDBOX: bwrap
confirm-t	Run selected fresh official gate	2026-10-09T10:25:54.5879684Z   GIT_TERMINAL_PROMPT: 0
confirm-t	Run selected fresh official gate	2026-10-09T10:25:54.5879908Z ##[endgroup]
confirm-t	Run selected fresh official gate	2026-10-09T10:25:54.7175426Z SHARE_GATE_CONFIRMATION [{"candidate": "r15-hash32-chain-depth3", "run_id": "37915785042", "minimum_pool_fraction": 0.01, "calibrations": {"public514": {"block_time_coordinates": [0.4376723366703963, 0.436006466185172, 0.43917384237661106, 0.4393276855167753], "block_pool_fractions": [0.007218431816182141, 0.009711748099578954, 0.002467527745396952, 0.001819041706615982], "center_time_coordinate": 0.4380450826872387, "center_pool_fraction": 0.006699291704019096, "blocks_at_least_target": 0}, "public514-shadow": {"block_time_coordinates": [0.43826701503592813, 0.43668341388813847, 0.44056608881827164, 0.44035193091586317], "block_pool_fractions": [0.006396882531068725, 0.008664232237195738, 0.0, 0.0], "center_time_coordinate": 0.43896711216455037, "center_pool_fraction": 0.007334431970209062, "blocks_at_least_target": 0}}, "projected_size_pct": 36.51458608958307, "checks": {"public514_center_at_least_target": false, "public514-shadow_center_at_least_target": false, "public514_three_blocks_at_least_target": false, "public514-shadow_three_blocks_at_least_target": false}, "full_gate_allocated": false, "scope": "Four fresh blocks only, both original anchor and identical-source shadow transfer. Allows real speed/size tradeoffs; does not require faster-than-parent when compression improves. Conditional geometry is not private admission or actual payment."}]
confirm-t	Run selected fresh official gate	2026-10-09T10:25:54.7277296Z ROUND4_PHASE {"phase": "gate", "summary": [{"candidate": "r14-514-hash32", "control": true, "blocks": [1, 2, 3, 4], "time": 0.4300618261662246, "size_pct": 36.21069208341262, "own_anchor": {"time": 0.43168046212259337, "size_pct": 36.65822577147737, "on_frontier": true, "dominating_ids": [], "conditional_geometry_weight": 0.18520601421545216, "size_gap_pp": 0}, "fixed_427": {"time": 0.4362559598795381, "size_pct": 36.465173531918914, "on_frontier": true, "dominating_ids": [], "conditional_geometry_weight": 0.010265692523659938, "size_gap_pp": 0}, "stress_1pct": {"time": 0.4369473430622724, "size_pct": 36.65822577147737, "on_frontier": false, "dominating_ids": ["535", "539"], "conditional_geometry_weight": 0, "size_gap_pp": 0.08280720041549472}, "time_change_pct_vs_fast3": [-1.0347122434112843, -0.9828238189511729, -1.5761990338124088, -0.37116779141636025], "size_change_pp_vs_fast3": -0.3914470229175606, "equivalence": null}, {"candidate": "r15-hash32-chain-depth2", "control": true, "blocks": [1, 2, 3, 4], "time": 0.4337527142499632, "size_pct": 36.11687097178615, "own_anchor": {"time": 0.4353855260422055, "size_pct": 36.56324510984816, "on_frontier": true, "dominating_ids": [], "conditional_geometry_weight": 0.002961921581490919, "size_gap_pp": 0}, "fixed_427": {"time": 0.4400000074229649, "size_pct": 36.370693064422305, "on_frontier": true, "dominating_ids": [], "conditional_geometry_weight": 0.01285653245569121, "size_gap_pp": 0}, "stress_1pct": {"time": 0.4406856930039117, "size_pct": 36.56324510984816, "on_frontier": false, "dominating_ids": ["481", "511", "555"], "conditional_geometry_weight": 0, "size_gap_pp": 0.048772263002547334}, "time_change_pct_vs_fast3": [-0.5842580435074352, -0.21745533744174095, -0.24528147237971032, 0.48121738722395335], "size_change_pp_vs_fast3": -0.48526813454402884, "equivalence": null}, {"candidate": "public514-shadow", "control": true, "blocks": [1, 2, 3, 4], "time": 0.42974364357996003, "size_pct": 36.20314548923299, "own_anchor": {"time": 0.4313611810392431, "size_pct": 36.65058590774305, "on_frontier": true, "dominating_ids": [], "conditional_geometry_weight": 0.00011431803672639395, "size_gap_pp": 0}, "fixed_427": {"time": 0.4359331945440857, "size_pct": 36.45757390179582, "on_frontier": true, "dominating_ids": [], "conditional_geometry_weight": 0.011747364722870978, "size_gap_pp": 0}, "stress_1pct": {"time": 0.43599848628276733, "size_pct": 36.65058590774305, "on_frontier": false, "dominating_ids": ["535", "539"], "conditional_geometry_weight": 0, "size_gap_pp": 0.07516733668117581}, "time_change_pct_vs_fast3": [-1.2293519470565561, -0.9871240731262998, -1.3585735017403233, -0.6839875946323182], "size_change_pp_vs_fast3": -0.39899361709719017, "equivalence": null}, {"candidate": "r15-hash32-chain-depth3", "control": false, "blocks": [1, 2, 3, 4], "time": 0.4364020538750233, "size_pct": 36.06880599420421, "own_anchor": {"time": 0.4380450826872387, "size_pct": 36.51458608958307, "on_frontier": true, "dominating_ids": [], "conditional_geometry_weight": 0.006699291704019096, "size_gap_pp": 0}, "fixed_427": {"time": 0.44268750519853073, "size_pct": 36.322290295861684, "on_frontier": false, "dominating_ids": ["546"], "conditional_geometry_weight": 0, "size_gap_pp": 0.14641675476983806}, "stress_1pct": {"time": 0.4437209623719431, "size_pct": 36.51458608958307, "on_frontier": false, "dominating_ids": ["546", "555"], "conditional_geometry_weight": 0, "size_gap_pp": 0.33871254849122323}, "time_change_pct_vs_fast3": [0.1413387998374871, 0.024197599696518246, 0.5349610214488543, 1.1732924103975417], "size_change_pp_vs_fast3": -0.5333331121259661, "equivalence": null}, {"candidate": "public514", "control": true, "blocks": [1, 2, 3, 4], "time": 0.4306471914880808, "size_pct": 36.20314548923299, "own_anchor": {"time": 0.4322682082556498, "size_pct": 36.65058590774305, "on_frontier": false, "dominating_ids": ["539"], "conditional_geometry_weight": 0, "size_gap_pp": 0.014138503906806932}, "fixed_427": {"time": 0.4368497561544668, "size_pct": 36.45757390179582, "on_frontier": true, "dominating_ids": [], "conditional_geometry_weight": 0.00997003283337525, "size_gap_pp": 0}, "stress_1pct": {"time": 0.43659089033820636, "size_pct": 36.65058590774305, "on_frontier": false, "dominating_ids": ["535", "539"], "conditional_geometry_weight": 0, "size_gap_pp": 0.07516733668117581}, "time_change_pct_vs_fast3": [-1.0951493424471548, -0.8333957591651786, -1.045865499143117, -0.45244295923722033], "size_change_pp_vs_fast3": -0.39899361709719017, "equivalence": null}, {"candidate": "r3-432-fast3", "control": true, "blocks": [1, 2, 3, 4], "time": 0.4343712457954705, "size_pct": 36.60213910633018, "own_anchor": {"time": 0.43787345819892, "size_pct": 36.999728556810254, "on_frontier": false, "dominating_ids": ["535", "539"], "conditional_geometry_weight": 0, "size_gap_pp": 0.42430998574837986}, "fixed_427": {"time": 0.44062744761105727, "size_pct": 36.859371565647756, "on_frontier": false, "dominating_ids": ["481", "511", "535", "539", "555"], "conditional_geometry_weight": 0, "size_gap_pp": 0.34489871880214196}, "stress_1pct": {"time": 0.4422521927809092, "size_pct": 36.999728556810254, "on_frontier": false, "dominating_ids": ["481", "511", "535", "539", "546", "555"], "conditional_geometry_weight": 0, "size_gap_pp": 0.8238550157184079}, "time_change_pct_vs_fast3": [0.0, 0.0, 0.0, 0.0], "size_change_pp_vs_fast3": 0.0, "equivalence": null}, {"candidate": "probe3", "control": true, "blocks": [1, 2, 3, 4], "time": 0.46402094953892215, "size_pct": 35.92083771476539, "own_anchor": {"time": 0.46614327772931885, "size_pct": 36.173282125166494, "on_frontier": false, "dominating_ids": ["464", "498", "525", "528", "534", "543"], "conditional_geometry_weight": 0, "size_gap_pp": 0.47576138697611725}, "fixed_427": {"time": 0.4707041928131388, "size_pct": 36.173282125166494, "on_frontier": false, "dominating_ids": ["464", "498", "525", "528", "534", "543"], "conditional_geometry_weight": 0, "size_gap_pp": 0.47576138697611725}, "stress_1pct": {"time": 0.47080471050661205, "size_pct": 36.173282125166494, "on_frontier": false, "dominating_ids": ["464", "498", "525", "528", "534", "543"], "conditional_geometry_weight": 0, "size_gap_pp": 0.47576138697611725}, "time_change_pct_vs_fast3": [6.299708817446814, 6.735790829083199, 6.950460437100503, 7.320754590484646], "size_change_pp_vs_fast3": -0.6813013915647872, "equivalence": null}, {"candidate": "public432", "control": true, "blocks": [1, 2, 3, 4], "time": 0.43810122673828017, "size_pct": 36.52435870548103, "own_anchor": {"time": 0.4413850574969763, "size_pct": 36.91273515631194, "on_frontier": false, "dominating_ids": ["481", "511", "535", "539", "546", "555"], "conditional_geometry_weight": 0, "size_gap_pp": 0.7368616152200929}, "fixed_427": {"time": 0.44441115106375306, "size_pct": 36.781044539812044, "on_frontier": false, "dominating_ids": ["481", "511", "535", "539", "546", "555"], "conditional_geometry_weight": 0, "size_gap_pp": 0.6051709987201974}, "stress_1pct": {"time": 0.44579890807194616, "size_pct": 36.91273515631194, "on_frontier": false, "dominating_ids": ["481", "511", "535", "539", "543", "546", "555"], "conditional_geometry_weight": 0, "size_gap_pp": 0.8773504757643167}, "time_change_pct_vs_fast3": [1.273149214167102, 0.7067162645362446, 0.37998270517911603, 1.0755940150672938], "size_change_pp_vs_fast3": -0.07778040084915006, "equivalence": null}], "gates": {}, "failures": []}
confirm-t	Publish final evidence without toolchains or binaries	﻿2026-10-09T10:25:54.7521651Z ##[group]Run actions/upload-artifact@ea165f8d65b6e75b540449e92b4886f43607fa02
confirm-t	Publish final evidence without toolchains or binaries	2026-10-09T10:25:54.7522099Z with:
confirm-t	Publish final evidence without toolchains or binaries	2026-10-09T10:25:54.7522317Z   name: r15-37915785042-confirm-t-gate
confirm-t	Publish final evidence without toolchains or binaries	2026-10-09T10:25:54.7522642Z   path: /home/runner/work/_temp/round4-receipts/
confirm-t	Publish final evidence without toolchains or binaries	2026-10-09T10:25:54.7523004Z   retention-days: 1
confirm-t	Publish final evidence without toolchains or binaries	2026-10-09T10:25:54.7523251Z   compression-level: 9
confirm-t	Publish final evidence without toolchains or binaries	2026-10-09T10:25:54.7523534Z   if-no-files-found: ignore
confirm-t	Publish final evidence without toolchains or binaries	2026-10-09T10:25:54.7523772Z   overwrite: false
confirm-t	Publish final evidence without toolchains or binaries	2026-10-09T10:25:54.7524001Z   include-hidden-files: false
confirm-t	Publish final evidence without toolchains or binaries	2026-10-09T10:25:54.7524232Z env:
confirm-t	Publish final evidence without toolchains or binaries	2026-10-09T10:25:54.7524420Z   ROUND4_SPEC: confirm-t
confirm-t	Publish final evidence without toolchains or binaries	2026-10-09T10:25:54.7524666Z   ROUND4_SPEC_DIR: evidence/round15
confirm-t	Publish final evidence without toolchains or binaries	2026-10-09T10:25:54.7524985Z   DEFLATE_ROOT: /home/runner/work/_temp/deflate-upstream
confirm-t	Publish final evidence without toolchains or binaries	2026-10-09T10:25:54.7525439Z   ELAN_HOME: /home/runner/work/_temp/deflate-upstream/validator/.work/elan
confirm-t	Publish final evidence without toolchains or binaries	2026-10-09T10:25:54.7525895Z   XDG_CACHE_HOME: /home/runner/work/_temp/deflate-cache
confirm-t	Publish final evidence without toolchains or binaries	2026-10-09T10:25:54.7526271Z   UV_CACHE_DIR: /home/runner/work/_temp/deflate-cache/uv
confirm-t	Publish final evidence without toolchains or binaries	2026-10-09T10:25:54.7526611Z   XDG_RUNTIME_DIR: /run/user/1001
confirm-t	Publish final evidence without toolchains or binaries	2026-10-09T10:25:54.7526927Z   DBUS_SESSION_BUS_ADDRESS: unix:path=/run/user/1001/bus
confirm-t	Publish final evidence without toolchains or binaries	2026-10-09T10:25:54.7527265Z   VERIFY_CORPUS: corpus-stage1
confirm-t	Publish final evidence without toolchains or binaries	2026-10-09T10:25:54.7527515Z   VERIFY_SANDBOX: bwrap
confirm-t	Publish final evidence without toolchains or binaries	2026-10-09T10:25:54.7527740Z   GIT_TERMINAL_PROMPT: 0
confirm-t	Publish final evidence without toolchains or binaries	2026-10-09T10:25:54.7527966Z ##[endgroup]
confirm-t	Publish final evidence without toolchains or binaries	2026-10-09T10:25:54.9160132Z (node:8553) [DEP0040] DeprecationWarning: The `punycode` module is deprecated. Please use a userland alternative instead.
confirm-t	Publish final evidence without toolchains or binaries	2026-10-09T10:25:54.9161458Z (Use `node --trace-deprecation ...` to show where the warning was created)
confirm-t	Publish final evidence without toolchains or binaries	2026-10-09T10:25:54.9278964Z With the provided path, there will be 38 files uploaded
confirm-t	Publish final evidence without toolchains or binaries	2026-10-09T10:25:54.9283090Z Artifact name is valid!
confirm-t	Publish final evidence without toolchains or binaries	2026-10-09T10:25:54.9283731Z Root directory input is valid!
confirm-t	Publish final evidence without toolchains or binaries	2026-10-09T10:25:55.2527633Z Beginning upload of artifact content to blob storage
confirm-t	Publish final evidence without toolchains or binaries	2026-10-09T10:25:55.4843551Z (node:8553) [DEP0169] DeprecationWarning: `url.parse()` behavior is not standardized and prone to errors that have security implications. Use the WHATWG URL API instead. CVEs are not issued for `url.parse()` vulnerabilities.
confirm-t	Publish final evidence without toolchains or binaries	2026-10-09T10:25:55.9187407Z Uploaded bytes 664026
confirm-t	Publish final evidence without toolchains or binaries	2026-10-09T10:25:55.9763113Z Finished uploading artifact content to blob storage!
confirm-t	Publish final evidence without toolchains or binaries	2026-10-09T10:25:55.9763814Z SHA256 digest of uploaded artifact zip is 053c022e3b70eac89f827c242a88830e0ee6f0a3d9894578b675f5ef69e529a8
confirm-t	Publish final evidence without toolchains or binaries	2026-10-09T10:25:55.9765772Z Finalizing artifact upload
confirm-t	Publish final evidence without toolchains or binaries	2026-10-09T10:25:56.2425131Z Artifact r15-37915785042-confirm-t-gate.zip successfully finalized. Artifact ID 11610646462
confirm-t	Publish final evidence without toolchains or binaries	2026-10-09T10:25:56.2426207Z Artifact r15-37915785042-confirm-t-gate has been successfully uploaded! Final size is 664026 bytes. Artifact ID is 11610646462
confirm-t	Publish final evidence without toolchains or binaries	2026-10-09T10:25:56.2432885Z Artifact download URL: https://github.com/HuanHuanHuanFFF/Miner/actions/runs/37915785042/artifacts/11610646462
confirm-t	Post Run actions/checkout@11d5960a326750d5838078e36cf38b85af677262	﻿2026-10-09T10:25:56.2626510Z Post job cleanup.
confirm-t	Post Run actions/checkout@11d5960a326750d5838078e36cf38b85af677262	2026-10-09T10:25:56.3497300Z [command]/usr/bin/git version
confirm-t	Post Run actions/checkout@11d5960a326750d5838078e36cf38b85af677262	2026-10-09T10:25:56.3543507Z git version 2.55.0
confirm-t	Post Run actions/checkout@11d5960a326750d5838078e36cf38b85af677262	2026-10-09T10:25:56.3581984Z Temporarily overriding HOME='/home/runner/work/_temp/62141b93-1f0a-4825-90a6-0fcc1a9979fc' before making global git config changes
confirm-t	Post Run actions/checkout@11d5960a326750d5838078e36cf38b85af677262	2026-10-09T10:25:56.3583580Z Adding repository directory to the temporary git global config as a safe directory
confirm-t	Post Run actions/checkout@11d5960a326750d5838078e36cf38b85af677262	2026-10-09T10:25:56.3587386Z [command]/usr/bin/git config --global --add safe.directory /home/runner/work/Miner/Miner
confirm-t	Post Run actions/checkout@11d5960a326750d5838078e36cf38b85af677262	2026-10-09T10:25:56.3626668Z [command]/usr/bin/git config --local --name-only --get-regexp core\.sshCommand
confirm-t	Post Run actions/checkout@11d5960a326750d5838078e36cf38b85af677262	2026-10-09T10:25:56.3661294Z [command]/usr/bin/git submodule foreach --recursive sh -c "git config --local --name-only --get-regexp 'core\.sshCommand' && git config --local --unset-all 'core.sshCommand' || :"
confirm-t	Post Run actions/checkout@11d5960a326750d5838078e36cf38b85af677262	2026-10-09T10:25:56.3943552Z [command]/usr/bin/git config --local --name-only --get-regexp http\.https\:\/\/github\.com\/\.extraheader
confirm-t	Post Run actions/checkout@11d5960a326750d5838078e36cf38b85af677262	2026-10-09T10:25:56.3981049Z [command]/usr/bin/git submodule foreach --recursive sh -c "git config --local --name-only --get-regexp 'http\.https\:\/\/github\.com\/\.extraheader' && git config --local --unset-all 'http.https://github.com/.extraheader' || :"
confirm-t	Post Run actions/checkout@11d5960a326750d5838078e36cf38b85af677262	2026-10-09T10:25:56.4254093Z [command]/usr/bin/git config --local --name-only --get-regexp ^includeIf\.gitdir:
confirm-t	Post Run actions/checkout@11d5960a326750d5838078e36cf38b85af677262	2026-10-09T10:25:56.4323940Z [command]/usr/bin/git submodule foreach --recursive git config --local --show-origin --name-only --get-regexp remote.origin.url
confirm-t	Complete job	﻿2026-10-09T10:25:56.4752567Z Cleaning up orphan processes
confirm-t	Complete job	2026-10-09T10:25:56.5180955Z ##[warning]Node.js 20 is deprecated. The following actions target Node.js 20 but are being forced to run on Node.js 24: actions/checkout@11d5960a326750d5838078e36cf38b85af677262, actions/upload-artifact@ea165f8d65b6e75b540449e92b4886f43607fa02. For more information see: https://github.blog/changelog/2025-09-19-deprecation-of-node-20-on-github-actions-runners/
