repair-r	Set up job	﻿2026-10-09T00:21:55.3947181Z Current runner version: '2.337.0'
repair-r	Set up job	2026-10-09T00:21:55.3981053Z ##[group]Runner Image Provisioner
repair-r	Set up job	2026-10-09T00:21:55.3982543Z Hosted Compute Agent
repair-r	Set up job	2026-10-09T00:21:55.3983517Z Version: 20261002.596
repair-r	Set up job	2026-10-09T00:21:55.3985064Z Commit: c3d12f3313a95f25162a1503be624f3b0617f8c0
repair-r	Set up job	2026-10-09T00:21:55.3986337Z Build Date: 2026-10-02T22:28:27Z
repair-r	Set up job	2026-10-09T00:21:55.3987508Z Worker ID: {261a98b6-6595-4126-a6fd-5d89e8ffbab6}
repair-r	Set up job	2026-10-09T00:21:55.3988762Z Region: eastus
repair-r	Set up job	2026-10-09T00:21:55.3989738Z Cloud: Azure
repair-r	Set up job	2026-10-09T00:21:55.3990672Z ##[endgroup]
repair-r	Set up job	2026-10-09T00:21:55.3992944Z ##[group]Operating System
repair-r	Set up job	2026-10-09T00:21:55.3994336Z Ubuntu
repair-r	Set up job	2026-10-09T00:21:55.3995268Z 24.04.5
repair-r	Set up job	2026-10-09T00:21:55.3996165Z LTS
repair-r	Set up job	2026-10-09T00:21:55.3997150Z ##[endgroup]
repair-r	Set up job	2026-10-09T00:21:55.3998027Z ##[group]Runner Image
repair-r	Set up job	2026-10-09T00:21:55.3999119Z Image: ubuntu-24.04
repair-r	Set up job	2026-10-09T00:21:55.4000083Z Version: 20261004.327.1
repair-r	Set up job	2026-10-09T00:21:55.4002028Z Included Software: https://github.com/actions/runner-images/blob/ubuntu24/20261004.327/images/ubuntu/Ubuntu2404-Readme.md
repair-r	Set up job	2026-10-09T00:21:55.4005427Z Image Release: https://github.com/actions/runner-images/releases/tag/ubuntu24%2F20261004.327
repair-r	Set up job	2026-10-09T00:21:55.4007209Z ##[endgroup]
repair-r	Set up job	2026-10-09T00:21:55.4009045Z ##[group]GITHUB_TOKEN Permissions
repair-r	Set up job	2026-10-09T00:21:55.4011986Z Contents: read
repair-r	Set up job	2026-10-09T00:21:55.4013049Z Metadata: read
repair-r	Set up job	2026-10-09T00:21:55.4014429Z ##[endgroup]
repair-r	Set up job	2026-10-09T00:21:55.4017733Z Secret source: Actions
repair-r	Set up job	2026-10-09T00:21:55.4019330Z Cache mode: write
repair-r	Set up job	2026-10-09T00:21:55.4020547Z Prepare workflow directory
repair-r	Set up job	2026-10-09T00:21:55.4809547Z Prepare all required actions
repair-r	Set up job	2026-10-09T00:21:55.4883243Z Getting action download info
repair-r	Set up job	2026-10-09T00:21:55.6685699Z Download action repository 'actions/checkout@11d5960a326750d5838078e36cf38b85af677262' (SHA:11d5960a326750d5838078e36cf38b85af677262)
repair-r	Set up job	2026-10-09T00:21:55.8147414Z Download action repository 'actions/upload-artifact@ea165f8d65b6e75b540449e92b4886f43607fa02' (SHA:ea165f8d65b6e75b540449e92b4886f43607fa02)
repair-r	Set up job	2026-10-09T00:21:56.1373059Z Complete job name: repair-r
repair-r	Run actions/checkout@11d5960a326750d5838078e36cf38b85af677262	﻿2026-10-09T00:21:56.2118922Z ##[group]Run actions/checkout@11d5960a326750d5838078e36cf38b85af677262
repair-r	Run actions/checkout@11d5960a326750d5838078e36cf38b85af677262	2026-10-09T00:21:56.2120015Z with:
repair-r	Run actions/checkout@11d5960a326750d5838078e36cf38b85af677262	2026-10-09T00:21:56.2120487Z   persist-credentials: false
repair-r	Run actions/checkout@11d5960a326750d5838078e36cf38b85af677262	2026-10-09T00:21:56.2121043Z   repository: HuanHuanHuanFFF/Miner
repair-r	Run actions/checkout@11d5960a326750d5838078e36cf38b85af677262	2026-10-09T00:21:56.2124957Z   token: ***
repair-r	Run actions/checkout@11d5960a326750d5838078e36cf38b85af677262	2026-10-09T00:21:56.2125414Z   ssh-strict: true
repair-r	Run actions/checkout@11d5960a326750d5838078e36cf38b85af677262	2026-10-09T00:21:56.2125877Z   ssh-user: git
repair-r	Run actions/checkout@11d5960a326750d5838078e36cf38b85af677262	2026-10-09T00:21:56.2126317Z   clean: true
repair-r	Run actions/checkout@11d5960a326750d5838078e36cf38b85af677262	2026-10-09T00:21:56.2126786Z   sparse-checkout-cone-mode: true
repair-r	Run actions/checkout@11d5960a326750d5838078e36cf38b85af677262	2026-10-09T00:21:56.2127338Z   fetch-depth: 1
repair-r	Run actions/checkout@11d5960a326750d5838078e36cf38b85af677262	2026-10-09T00:21:56.2127798Z   fetch-tags: false
repair-r	Run actions/checkout@11d5960a326750d5838078e36cf38b85af677262	2026-10-09T00:21:56.2128271Z   show-progress: true
repair-r	Run actions/checkout@11d5960a326750d5838078e36cf38b85af677262	2026-10-09T00:21:56.2128735Z   lfs: false
repair-r	Run actions/checkout@11d5960a326750d5838078e36cf38b85af677262	2026-10-09T00:21:56.2129189Z   submodules: false
repair-r	Run actions/checkout@11d5960a326750d5838078e36cf38b85af677262	2026-10-09T00:21:56.2129654Z   set-safe-directory: true
repair-r	Run actions/checkout@11d5960a326750d5838078e36cf38b85af677262	2026-10-09T00:21:56.2130188Z   allow-unsafe-pr-checkout: false
repair-r	Run actions/checkout@11d5960a326750d5838078e36cf38b85af677262	2026-10-09T00:21:56.2130974Z env:
repair-r	Run actions/checkout@11d5960a326750d5838078e36cf38b85af677262	2026-10-09T00:21:56.2131417Z   ROUND4_SPEC: repair-r
repair-r	Run actions/checkout@11d5960a326750d5838078e36cf38b85af677262	2026-10-09T00:21:56.2131927Z   ROUND4_SPEC_DIR: evidence/round13
repair-r	Run actions/checkout@11d5960a326750d5838078e36cf38b85af677262	2026-10-09T00:21:56.2132508Z ##[endgroup]
repair-r	Run actions/checkout@11d5960a326750d5838078e36cf38b85af677262	2026-10-09T00:21:56.3321857Z Syncing repository: HuanHuanHuanFFF/Miner
repair-r	Run actions/checkout@11d5960a326750d5838078e36cf38b85af677262	2026-10-09T00:21:56.3325081Z ##[group]Getting Git version info
repair-r	Run actions/checkout@11d5960a326750d5838078e36cf38b85af677262	2026-10-09T00:21:56.3326238Z Working directory is '/home/runner/work/Miner/Miner'
repair-r	Run actions/checkout@11d5960a326750d5838078e36cf38b85af677262	2026-10-09T00:21:56.3327982Z [command]/usr/bin/git version
repair-r	Run actions/checkout@11d5960a326750d5838078e36cf38b85af677262	2026-10-09T00:21:56.3468048Z git version 2.55.0
repair-r	Run actions/checkout@11d5960a326750d5838078e36cf38b85af677262	2026-10-09T00:21:56.3498232Z ##[endgroup]
repair-r	Run actions/checkout@11d5960a326750d5838078e36cf38b85af677262	2026-10-09T00:21:56.3515353Z Temporarily overriding HOME='/home/runner/work/_temp/34137641-7411-402f-8b8a-9424b1a33c23' before making global git config changes
repair-r	Run actions/checkout@11d5960a326750d5838078e36cf38b85af677262	2026-10-09T00:21:56.3517993Z Adding repository directory to the temporary git global config as a safe directory
repair-r	Run actions/checkout@11d5960a326750d5838078e36cf38b85af677262	2026-10-09T00:21:56.3524742Z [command]/usr/bin/git config --global --add safe.directory /home/runner/work/Miner/Miner
repair-r	Run actions/checkout@11d5960a326750d5838078e36cf38b85af677262	2026-10-09T00:21:56.3628923Z Deleting the contents of '/home/runner/work/Miner/Miner'
repair-r	Run actions/checkout@11d5960a326750d5838078e36cf38b85af677262	2026-10-09T00:21:56.3631581Z ##[group]Initializing the repository
repair-r	Run actions/checkout@11d5960a326750d5838078e36cf38b85af677262	2026-10-09T00:21:56.3633654Z [command]/usr/bin/git init /home/runner/work/Miner/Miner
repair-r	Run actions/checkout@11d5960a326750d5838078e36cf38b85af677262	2026-10-09T00:21:56.3742937Z hint: Using 'master' as the name for the initial branch. This default branch name
repair-r	Run actions/checkout@11d5960a326750d5838078e36cf38b85af677262	2026-10-09T00:21:56.3746996Z hint: will change to "main" in Git 3.0. To configure the initial branch name
repair-r	Run actions/checkout@11d5960a326750d5838078e36cf38b85af677262	2026-10-09T00:21:56.3748007Z hint: to use in all of your new repositories, which will suppress this warning,
repair-r	Run actions/checkout@11d5960a326750d5838078e36cf38b85af677262	2026-10-09T00:21:56.3748741Z hint: call:
repair-r	Run actions/checkout@11d5960a326750d5838078e36cf38b85af677262	2026-10-09T00:21:56.3749153Z hint:
repair-r	Run actions/checkout@11d5960a326750d5838078e36cf38b85af677262	2026-10-09T00:21:56.3749704Z hint: 	git config --global init.defaultBranch <name>
repair-r	Run actions/checkout@11d5960a326750d5838078e36cf38b85af677262	2026-10-09T00:21:56.3750347Z hint:
repair-r	Run actions/checkout@11d5960a326750d5838078e36cf38b85af677262	2026-10-09T00:21:56.3750938Z hint: Names commonly chosen instead of 'master' are 'main', 'trunk' and
repair-r	Run actions/checkout@11d5960a326750d5838078e36cf38b85af677262	2026-10-09T00:21:56.3751860Z hint: 'development'. The just-created branch can be renamed via this command:
repair-r	Run actions/checkout@11d5960a326750d5838078e36cf38b85af677262	2026-10-09T00:21:56.3752608Z hint:
repair-r	Run actions/checkout@11d5960a326750d5838078e36cf38b85af677262	2026-10-09T00:21:56.3753054Z hint: 	git branch -m <name>
repair-r	Run actions/checkout@11d5960a326750d5838078e36cf38b85af677262	2026-10-09T00:21:56.3753575Z hint:
repair-r	Run actions/checkout@11d5960a326750d5838078e36cf38b85af677262	2026-10-09T00:21:56.3754555Z hint: Disable this message with "git config set advice.defaultBranchName false"
repair-r	Run actions/checkout@11d5960a326750d5838078e36cf38b85af677262	2026-10-09T00:21:56.3768211Z Initialized empty Git repository in /home/runner/work/Miner/Miner/.git/
repair-r	Run actions/checkout@11d5960a326750d5838078e36cf38b85af677262	2026-10-09T00:21:56.3791111Z [command]/usr/bin/git remote add origin https://github.com/HuanHuanHuanFFF/Miner
repair-r	Run actions/checkout@11d5960a326750d5838078e36cf38b85af677262	2026-10-09T00:21:56.3847756Z ##[endgroup]
repair-r	Run actions/checkout@11d5960a326750d5838078e36cf38b85af677262	2026-10-09T00:21:56.3848962Z ##[group]Disabling automatic garbage collection
repair-r	Run actions/checkout@11d5960a326750d5838078e36cf38b85af677262	2026-10-09T00:21:56.3857542Z [command]/usr/bin/git config --local gc.auto 0
repair-r	Run actions/checkout@11d5960a326750d5838078e36cf38b85af677262	2026-10-09T00:21:56.3935524Z ##[endgroup]
repair-r	Run actions/checkout@11d5960a326750d5838078e36cf38b85af677262	2026-10-09T00:21:56.3945667Z ##[group]Setting up auth
repair-r	Run actions/checkout@11d5960a326750d5838078e36cf38b85af677262	2026-10-09T00:21:56.3955592Z [command]/usr/bin/git config --local --name-only --get-regexp core\.sshCommand
repair-r	Run actions/checkout@11d5960a326750d5838078e36cf38b85af677262	2026-10-09T00:21:56.4068717Z [command]/usr/bin/git submodule foreach --recursive sh -c "git config --local --name-only --get-regexp 'core\.sshCommand' && git config --local --unset-all 'core.sshCommand' || :"
repair-r	Run actions/checkout@11d5960a326750d5838078e36cf38b85af677262	2026-10-09T00:21:56.4540666Z [command]/usr/bin/git config --local --name-only --get-regexp http\.https\:\/\/github\.com\/\.extraheader
repair-r	Run actions/checkout@11d5960a326750d5838078e36cf38b85af677262	2026-10-09T00:21:56.4614756Z [command]/usr/bin/git submodule foreach --recursive sh -c "git config --local --name-only --get-regexp 'http\.https\:\/\/github\.com\/\.extraheader' && git config --local --unset-all 'http.https://github.com/.extraheader' || :"
repair-r	Run actions/checkout@11d5960a326750d5838078e36cf38b85af677262	2026-10-09T00:21:56.4893496Z [command]/usr/bin/git config --local --name-only --get-regexp ^includeIf\.gitdir:
repair-r	Run actions/checkout@11d5960a326750d5838078e36cf38b85af677262	2026-10-09T00:21:56.4930317Z [command]/usr/bin/git submodule foreach --recursive git config --local --show-origin --name-only --get-regexp remote.origin.url
repair-r	Run actions/checkout@11d5960a326750d5838078e36cf38b85af677262	2026-10-09T00:21:56.5162573Z [command]/usr/bin/git config --local http.https://github.com/.extraheader AUTHORIZATION: basic ***
repair-r	Run actions/checkout@11d5960a326750d5838078e36cf38b85af677262	2026-10-09T00:21:56.5203592Z ##[endgroup]
repair-r	Run actions/checkout@11d5960a326750d5838078e36cf38b85af677262	2026-10-09T00:21:56.5205525Z ##[group]Fetching the repository
repair-r	Run actions/checkout@11d5960a326750d5838078e36cf38b85af677262	2026-10-09T00:21:56.5214370Z [command]/usr/bin/git -c protocol.version=2 fetch --no-tags --prune --no-recurse-submodules --depth=1 origin +1e3b20a5659b9480ace625c9fde93276f3f136b8:refs/remotes/origin/codex/round13-chat-integration
repair-r	Run actions/checkout@11d5960a326750d5838078e36cf38b85af677262	2026-10-09T00:22:09.4982493Z From https://github.com/HuanHuanHuanFFF/Miner
repair-r	Run actions/checkout@11d5960a326750d5838078e36cf38b85af677262	2026-10-09T00:22:09.4985820Z  * [new ref]         1e3b20a5659b9480ace625c9fde93276f3f136b8 -> origin/codex/round13-chat-integration
repair-r	Run actions/checkout@11d5960a326750d5838078e36cf38b85af677262	2026-10-09T00:22:09.4998436Z ##[endgroup]
repair-r	Run actions/checkout@11d5960a326750d5838078e36cf38b85af677262	2026-10-09T00:22:09.5000782Z ##[group]Determining the checkout info
repair-r	Run actions/checkout@11d5960a326750d5838078e36cf38b85af677262	2026-10-09T00:22:09.5003040Z ##[endgroup]
repair-r	Run actions/checkout@11d5960a326750d5838078e36cf38b85af677262	2026-10-09T00:22:09.5005102Z [command]/usr/bin/git sparse-checkout disable
repair-r	Run actions/checkout@11d5960a326750d5838078e36cf38b85af677262	2026-10-09T00:22:09.6145418Z [command]/usr/bin/git config --local --unset-all extensions.worktreeConfig
repair-r	Run actions/checkout@11d5960a326750d5838078e36cf38b85af677262	2026-10-09T00:22:09.6606524Z ##[group]Checking out the ref
repair-r	Run actions/checkout@11d5960a326750d5838078e36cf38b85af677262	2026-10-09T00:22:09.6611031Z [command]/usr/bin/git checkout --progress --force -B codex/round13-chat-integration refs/remotes/origin/codex/round13-chat-integration
repair-r	Run actions/checkout@11d5960a326750d5838078e36cf38b85af677262	2026-10-09T00:22:10.7743661Z Updating files:  57% (4432/7720)
repair-r	Run actions/checkout@11d5960a326750d5838078e36cf38b85af677262	2026-10-09T00:22:10.8380213Z Updating files:  58% (4478/7720)
repair-r	Run actions/checkout@11d5960a326750d5838078e36cf38b85af677262	2026-10-09T00:22:10.8922251Z Updating files:  59% (4555/7720)
repair-r	Run actions/checkout@11d5960a326750d5838078e36cf38b85af677262	2026-10-09T00:22:10.9316259Z Updating files:  60% (4632/7720)
repair-r	Run actions/checkout@11d5960a326750d5838078e36cf38b85af677262	2026-10-09T00:22:10.9478350Z Updating files:  61% (4710/7720)
repair-r	Run actions/checkout@11d5960a326750d5838078e36cf38b85af677262	2026-10-09T00:22:10.9801402Z Updating files:  62% (4787/7720)
repair-r	Run actions/checkout@11d5960a326750d5838078e36cf38b85af677262	2026-10-09T00:22:10.9978941Z Updating files:  63% (4864/7720)
repair-r	Run actions/checkout@11d5960a326750d5838078e36cf38b85af677262	2026-10-09T00:22:11.0176185Z Updating files:  64% (4941/7720)
repair-r	Run actions/checkout@11d5960a326750d5838078e36cf38b85af677262	2026-10-09T00:22:11.0488773Z Updating files:  65% (5018/7720)
repair-r	Run actions/checkout@11d5960a326750d5838078e36cf38b85af677262	2026-10-09T00:22:11.0725651Z Updating files:  66% (5096/7720)
repair-r	Run actions/checkout@11d5960a326750d5838078e36cf38b85af677262	2026-10-09T00:22:11.0906017Z Updating files:  67% (5173/7720)
repair-r	Run actions/checkout@11d5960a326750d5838078e36cf38b85af677262	2026-10-09T00:22:11.1098760Z Updating files:  68% (5250/7720)
repair-r	Run actions/checkout@11d5960a326750d5838078e36cf38b85af677262	2026-10-09T00:22:11.1252003Z Updating files:  69% (5327/7720)
repair-r	Run actions/checkout@11d5960a326750d5838078e36cf38b85af677262	2026-10-09T00:22:11.1416382Z Updating files:  70% (5404/7720)
repair-r	Run actions/checkout@11d5960a326750d5838078e36cf38b85af677262	2026-10-09T00:22:11.1609595Z Updating files:  71% (5482/7720)
repair-r	Run actions/checkout@11d5960a326750d5838078e36cf38b85af677262	2026-10-09T00:22:11.1821985Z Updating files:  72% (5559/7720)
repair-r	Run actions/checkout@11d5960a326750d5838078e36cf38b85af677262	2026-10-09T00:22:11.1934215Z Updating files:  73% (5636/7720)
repair-r	Run actions/checkout@11d5960a326750d5838078e36cf38b85af677262	2026-10-09T00:22:11.2097568Z Updating files:  74% (5713/7720)
repair-r	Run actions/checkout@11d5960a326750d5838078e36cf38b85af677262	2026-10-09T00:22:11.2249548Z Updating files:  75% (5790/7720)
repair-r	Run actions/checkout@11d5960a326750d5838078e36cf38b85af677262	2026-10-09T00:22:11.2405192Z Updating files:  76% (5868/7720)
repair-r	Run actions/checkout@11d5960a326750d5838078e36cf38b85af677262	2026-10-09T00:22:11.2595333Z Updating files:  77% (5945/7720)
repair-r	Run actions/checkout@11d5960a326750d5838078e36cf38b85af677262	2026-10-09T00:22:11.2730854Z Updating files:  78% (6022/7720)
repair-r	Run actions/checkout@11d5960a326750d5838078e36cf38b85af677262	2026-10-09T00:22:11.2836949Z Updating files:  79% (6099/7720)
repair-r	Run actions/checkout@11d5960a326750d5838078e36cf38b85af677262	2026-10-09T00:22:11.3136487Z Updating files:  80% (6176/7720)
repair-r	Run actions/checkout@11d5960a326750d5838078e36cf38b85af677262	2026-10-09T00:22:11.3517612Z Updating files:  81% (6254/7720)
repair-r	Run actions/checkout@11d5960a326750d5838078e36cf38b85af677262	2026-10-09T00:22:11.3771123Z Updating files:  82% (6331/7720)
repair-r	Run actions/checkout@11d5960a326750d5838078e36cf38b85af677262	2026-10-09T00:22:11.3975651Z Updating files:  83% (6408/7720)
repair-r	Run actions/checkout@11d5960a326750d5838078e36cf38b85af677262	2026-10-09T00:22:11.4174187Z Updating files:  84% (6485/7720)
repair-r	Run actions/checkout@11d5960a326750d5838078e36cf38b85af677262	2026-10-09T00:22:11.4381299Z Updating files:  85% (6562/7720)
repair-r	Run actions/checkout@11d5960a326750d5838078e36cf38b85af677262	2026-10-09T00:22:11.4579342Z Updating files:  86% (6640/7720)
repair-r	Run actions/checkout@11d5960a326750d5838078e36cf38b85af677262	2026-10-09T00:22:11.4862179Z Updating files:  87% (6717/7720)
repair-r	Run actions/checkout@11d5960a326750d5838078e36cf38b85af677262	2026-10-09T00:22:11.5032442Z Updating files:  88% (6794/7720)
repair-r	Run actions/checkout@11d5960a326750d5838078e36cf38b85af677262	2026-10-09T00:22:11.5459535Z Updating files:  89% (6871/7720)
repair-r	Run actions/checkout@11d5960a326750d5838078e36cf38b85af677262	2026-10-09T00:22:11.5645846Z Updating files:  90% (6948/7720)
repair-r	Run actions/checkout@11d5960a326750d5838078e36cf38b85af677262	2026-10-09T00:22:11.5827998Z Updating files:  91% (7026/7720)
repair-r	Run actions/checkout@11d5960a326750d5838078e36cf38b85af677262	2026-10-09T00:22:11.5945584Z Updating files:  92% (7103/7720)
repair-r	Run actions/checkout@11d5960a326750d5838078e36cf38b85af677262	2026-10-09T00:22:11.6089578Z Updating files:  93% (7180/7720)
repair-r	Run actions/checkout@11d5960a326750d5838078e36cf38b85af677262	2026-10-09T00:22:11.6203104Z Updating files:  94% (7257/7720)
repair-r	Run actions/checkout@11d5960a326750d5838078e36cf38b85af677262	2026-10-09T00:22:11.6309588Z Updating files:  95% (7334/7720)
repair-r	Run actions/checkout@11d5960a326750d5838078e36cf38b85af677262	2026-10-09T00:22:11.6524489Z Updating files:  96% (7412/7720)
repair-r	Run actions/checkout@11d5960a326750d5838078e36cf38b85af677262	2026-10-09T00:22:11.6678096Z Updating files:  97% (7489/7720)
repair-r	Run actions/checkout@11d5960a326750d5838078e36cf38b85af677262	2026-10-09T00:22:11.6726409Z Updating files:  98% (7566/7720)
repair-r	Run actions/checkout@11d5960a326750d5838078e36cf38b85af677262	2026-10-09T00:22:11.6784952Z Updating files:  99% (7643/7720)
repair-r	Run actions/checkout@11d5960a326750d5838078e36cf38b85af677262	2026-10-09T00:22:11.6785516Z Updating files: 100% (7720/7720)
repair-r	Run actions/checkout@11d5960a326750d5838078e36cf38b85af677262	2026-10-09T00:22:11.6786010Z Updating files: 100% (7720/7720), done.
repair-r	Run actions/checkout@11d5960a326750d5838078e36cf38b85af677262	2026-10-09T00:22:11.6876216Z Switched to a new branch 'codex/round13-chat-integration'
repair-r	Run actions/checkout@11d5960a326750d5838078e36cf38b85af677262	2026-10-09T00:22:11.6882599Z branch 'codex/round13-chat-integration' set up to track 'origin/codex/round13-chat-integration'.
repair-r	Run actions/checkout@11d5960a326750d5838078e36cf38b85af677262	2026-10-09T00:22:11.6965005Z ##[endgroup]
repair-r	Run actions/checkout@11d5960a326750d5838078e36cf38b85af677262	2026-10-09T00:22:11.7013533Z [command]/usr/bin/git log -1 --format=%H
repair-r	Run actions/checkout@11d5960a326750d5838078e36cf38b85af677262	2026-10-09T00:22:11.7043864Z 1e3b20a5659b9480ace625c9fde93276f3f136b8
repair-r	Run actions/checkout@11d5960a326750d5838078e36cf38b85af677262	2026-10-09T00:22:11.7054471Z ##[group]Removing auth
repair-r	Run actions/checkout@11d5960a326750d5838078e36cf38b85af677262	2026-10-09T00:22:11.7097446Z [command]/usr/bin/git config --local --name-only --get-regexp core\.sshCommand
repair-r	Run actions/checkout@11d5960a326750d5838078e36cf38b85af677262	2026-10-09T00:22:11.7134804Z [command]/usr/bin/git submodule foreach --recursive sh -c "git config --local --name-only --get-regexp 'core\.sshCommand' && git config --local --unset-all 'core.sshCommand' || :"
repair-r	Run actions/checkout@11d5960a326750d5838078e36cf38b85af677262	2026-10-09T00:22:11.7389003Z [command]/usr/bin/git config --local --name-only --get-regexp http\.https\:\/\/github\.com\/\.extraheader
repair-r	Run actions/checkout@11d5960a326750d5838078e36cf38b85af677262	2026-10-09T00:22:11.7423323Z http.https://github.com/.extraheader
repair-r	Run actions/checkout@11d5960a326750d5838078e36cf38b85af677262	2026-10-09T00:22:11.7430603Z [command]/usr/bin/git config --local --unset-all http.https://github.com/.extraheader
repair-r	Run actions/checkout@11d5960a326750d5838078e36cf38b85af677262	2026-10-09T00:22:11.7466030Z [command]/usr/bin/git submodule foreach --recursive sh -c "git config --local --name-only --get-regexp 'http\.https\:\/\/github\.com\/\.extraheader' && git config --local --unset-all 'http.https://github.com/.extraheader' || :"
repair-r	Run actions/checkout@11d5960a326750d5838078e36cf38b85af677262	2026-10-09T00:22:11.7698741Z [command]/usr/bin/git config --local --name-only --get-regexp ^includeIf\.gitdir:
repair-r	Run actions/checkout@11d5960a326750d5838078e36cf38b85af677262	2026-10-09T00:22:11.7730395Z [command]/usr/bin/git submodule foreach --recursive git config --local --show-origin --name-only --get-regexp remote.origin.url
repair-r	Run actions/checkout@11d5960a326750d5838078e36cf38b85af677262	2026-10-09T00:22:11.7956398Z ##[endgroup]
repair-r	Validate batch and exact candidate bytes	﻿2026-10-09T00:22:11.8156675Z ##[group]Run python3 scripts/round4.py preflight
repair-r	Validate batch and exact candidate bytes	2026-10-09T00:22:11.8157383Z ^[[36;1mpython3 scripts/round4.py preflight^[[0m
repair-r	Validate batch and exact candidate bytes	2026-10-09T00:22:11.8434453Z shell: /usr/bin/bash -e {0}
repair-r	Validate batch and exact candidate bytes	2026-10-09T00:22:11.8434741Z env:
repair-r	Validate batch and exact candidate bytes	2026-10-09T00:22:11.8434944Z   ROUND4_SPEC: repair-r
repair-r	Validate batch and exact candidate bytes	2026-10-09T00:22:11.8435195Z   ROUND4_SPEC_DIR: evidence/round13
repair-r	Validate batch and exact candidate bytes	2026-10-09T00:22:11.8435462Z ##[endgroup]
repair-r	Validate batch and exact candidate bytes	2026-10-09T00:22:11.9291685Z PREFLIGHT repair-r 7 hash-bound source/proof pairs
repair-r	Prepare isolated runner and pinned source	﻿2026-10-09T00:22:11.9402399Z ##[group]Run bash scripts/ci-prepare.sh
repair-r	Prepare isolated runner and pinned source	2026-10-09T00:22:11.9402765Z ^[[36;1mbash scripts/ci-prepare.sh^[[0m
repair-r	Prepare isolated runner and pinned source	2026-10-09T00:22:11.9467197Z shell: /usr/bin/bash -e {0}
repair-r	Prepare isolated runner and pinned source	2026-10-09T00:22:11.9467466Z env:
repair-r	Prepare isolated runner and pinned source	2026-10-09T00:22:11.9467678Z   ROUND4_SPEC: repair-r
repair-r	Prepare isolated runner and pinned source	2026-10-09T00:22:11.9467934Z   ROUND4_SPEC_DIR: evidence/round13
repair-r	Prepare isolated runner and pinned source	2026-10-09T00:22:11.9468201Z ##[endgroup]
repair-r	Prepare isolated runner and pinned source	2026-10-09T00:22:11.9687101Z Filesystem      Size  Used Avail Use% Mounted on
repair-r	Prepare isolated runner and pinned source	2026-10-09T00:22:11.9687792Z /dev/root       145G   60G   85G  42% /
repair-r	Prepare isolated runner and pinned source	2026-10-09T00:24:22.5314629Z Reading package lists...
repair-r	Prepare isolated runner and pinned source	2026-10-09T00:24:22.6971746Z Building dependency tree...
repair-r	Prepare isolated runner and pinned source	2026-10-09T00:24:22.6978928Z Reading state information...
repair-r	Prepare isolated runner and pinned source	2026-10-09T00:24:22.8491888Z curl is already the newest version (8.5.0-2ubuntu10.15).
repair-r	Prepare isolated runner and pinned source	2026-10-09T00:24:22.8492375Z python3 is already the newest version (3.12.3-0ubuntu2.1).
repair-r	Prepare isolated runner and pinned source	2026-10-09T00:24:22.8492790Z python3-venv is already the newest version (3.12.3-0ubuntu2.1).
repair-r	Prepare isolated runner and pinned source	2026-10-09T00:24:22.8493231Z git is already the newest version (1:2.55.0-0ppa1~ubuntu24.04.2).
repair-r	Prepare isolated runner and pinned source	2026-10-09T00:24:22.8493655Z git set to manually installed.
repair-r	Prepare isolated runner and pinned source	2026-10-09T00:24:22.8493983Z pkg-config is already the newest version (1.8.1-2build1).
repair-r	Prepare isolated runner and pinned source	2026-10-09T00:24:22.8494665Z libssl-dev is already the newest version (3.0.13-0ubuntu3.16).
repair-r	Prepare isolated runner and pinned source	2026-10-09T00:24:22.8495091Z zlib1g-dev is already the newest version (1:1.3.dfsg-3.1ubuntu2.2).
repair-r	Prepare isolated runner and pinned source	2026-10-09T00:24:22.8495539Z dbus-user-session is already the newest version (1.14.10-4ubuntu4.1).
repair-r	Prepare isolated runner and pinned source	2026-10-09T00:24:22.8495934Z dbus-user-session set to manually installed.
repair-r	Prepare isolated runner and pinned source	2026-10-09T00:24:22.8496246Z The following NEW packages will be installed:
repair-r	Prepare isolated runner and pinned source	2026-10-09T00:24:22.8497274Z   bubblewrap build-essential
repair-r	Prepare isolated runner and pinned source	2026-10-09T00:24:22.8659898Z 0 upgraded, 2 newly installed, 0 to remove and 23 not upgraded.
repair-r	Prepare isolated runner and pinned source	2026-10-09T00:24:22.8660685Z Need to get 55.4 kB of archives.
repair-r	Prepare isolated runner and pinned source	2026-10-09T00:24:22.8661746Z After this operation, 151 kB of additional disk space will be used.
repair-r	Prepare isolated runner and pinned source	2026-10-09T00:24:22.8662218Z Get:1 file:/etc/apt/apt-mirrors.txt Mirrorlist [144 B]
repair-r	Prepare isolated runner and pinned source	2026-10-09T00:24:22.9661764Z Get:2 http://azure.archive.ubuntu.com/ubuntu noble-updates/main amd64 bubblewrap amd64 0.9.0-1ubuntu0.3 [50.4 kB]
repair-r	Prepare isolated runner and pinned source	2026-10-09T00:24:23.0486056Z Get:3 http://azure.archive.ubuntu.com/ubuntu noble/main amd64 build-essential amd64 12.10ubuntu1 [4928 B]
repair-r	Prepare isolated runner and pinned source	2026-10-09T00:24:23.2904401Z Fetched 55.4 kB in 0s (287 kB/s)
repair-r	Prepare isolated runner and pinned source	2026-10-09T00:24:23.3114014Z Selecting previously unselected package bubblewrap.
repair-r	Prepare isolated runner and pinned source	2026-10-09T00:24:23.3407680Z (Reading database ... 
repair-r	Prepare isolated runner and pinned source	2026-10-09T00:24:23.3408436Z (Reading database ... 5%
repair-r	Prepare isolated runner and pinned source	2026-10-09T00:24:23.3408975Z (Reading database ... 10%
repair-r	Prepare isolated runner and pinned source	2026-10-09T00:24:23.3409414Z (Reading database ... 15%
repair-r	Prepare isolated runner and pinned source	2026-10-09T00:24:23.3409770Z (Reading database ... 20%
repair-r	Prepare isolated runner and pinned source	2026-10-09T00:24:23.3410001Z (Reading database ... 25%
repair-r	Prepare isolated runner and pinned source	2026-10-09T00:24:23.3410229Z (Reading database ... 30%
repair-r	Prepare isolated runner and pinned source	2026-10-09T00:24:23.3410589Z (Reading database ... 35%
repair-r	Prepare isolated runner and pinned source	2026-10-09T00:24:23.3410888Z (Reading database ... 40%
repair-r	Prepare isolated runner and pinned source	2026-10-09T00:24:23.3411220Z (Reading database ... 45%
repair-r	Prepare isolated runner and pinned source	2026-10-09T00:24:23.3411478Z (Reading database ... 50%
repair-r	Prepare isolated runner and pinned source	2026-10-09T00:24:23.3461382Z (Reading database ... 55%
repair-r	Prepare isolated runner and pinned source	2026-10-09T00:24:23.5040163Z (Reading database ... 60%
repair-r	Prepare isolated runner and pinned source	2026-10-09T00:24:23.7079673Z (Reading database ... 65%
repair-r	Prepare isolated runner and pinned source	2026-10-09T00:24:23.8967575Z (Reading database ... 70%
repair-r	Prepare isolated runner and pinned source	2026-10-09T00:24:24.0622699Z (Reading database ... 75%
repair-r	Prepare isolated runner and pinned source	2026-10-09T00:24:24.2576383Z (Reading database ... 80%
repair-r	Prepare isolated runner and pinned source	2026-10-09T00:24:24.4426181Z (Reading database ... 85%
repair-r	Prepare isolated runner and pinned source	2026-10-09T00:24:24.6112520Z (Reading database ... 90%
repair-r	Prepare isolated runner and pinned source	2026-10-09T00:24:24.7575150Z (Reading database ... 95%
repair-r	Prepare isolated runner and pinned source	2026-10-09T00:24:24.7575766Z (Reading database ... 100%
repair-r	Prepare isolated runner and pinned source	2026-10-09T00:24:24.7576492Z (Reading database ... 203191 files and directories currently installed.)
repair-r	Prepare isolated runner and pinned source	2026-10-09T00:24:24.7616355Z Preparing to unpack .../bubblewrap_0.9.0-1ubuntu0.3_amd64.deb ...
repair-r	Prepare isolated runner and pinned source	2026-10-09T00:24:24.7642778Z Unpacking bubblewrap (0.9.0-1ubuntu0.3) ...
repair-r	Prepare isolated runner and pinned source	2026-10-09T00:24:24.7893433Z Selecting previously unselected package build-essential.
repair-r	Prepare isolated runner and pinned source	2026-10-09T00:24:24.8015563Z Preparing to unpack .../build-essential_12.10ubuntu1_amd64.deb ...
repair-r	Prepare isolated runner and pinned source	2026-10-09T00:24:24.8022348Z Unpacking build-essential (12.10ubuntu1) ...
repair-r	Prepare isolated runner and pinned source	2026-10-09T00:24:24.8372165Z Setting up bubblewrap (0.9.0-1ubuntu0.3) ...
repair-r	Prepare isolated runner and pinned source	2026-10-09T00:24:24.8412255Z Setting up build-essential (12.10ubuntu1) ...
repair-r	Prepare isolated runner and pinned source	2026-10-09T00:24:24.8434520Z Processing triggers for man-db (2.12.0-4build2) ...
repair-r	Prepare isolated runner and pinned source	2026-10-09T00:24:24.8453266Z Not building database; man-db/auto-update is not 'true'.
repair-r	Prepare isolated runner and pinned source	2026-10-09T00:24:25.4712520Z 
repair-r	Prepare isolated runner and pinned source	2026-10-09T00:24:25.4713119Z Running kernel seems to be up-to-date.
repair-r	Prepare isolated runner and pinned source	2026-10-09T00:24:25.4713628Z 
repair-r	Prepare isolated runner and pinned source	2026-10-09T00:24:25.4713868Z No services need to be restarted.
repair-r	Prepare isolated runner and pinned source	2026-10-09T00:24:25.4714500Z 
repair-r	Prepare isolated runner and pinned source	2026-10-09T00:24:25.4714827Z No containers need to be restarted.
repair-r	Prepare isolated runner and pinned source	2026-10-09T00:24:25.4715219Z 
repair-r	Prepare isolated runner and pinned source	2026-10-09T00:24:25.4715489Z No user sessions are running outdated binaries.
repair-r	Prepare isolated runner and pinned source	2026-10-09T00:24:25.4715941Z 
repair-r	Prepare isolated runner and pinned source	2026-10-09T00:24:25.4716376Z No VM guests are running outdated hypervisor (qemu) binaries on this host.
repair-r	Prepare isolated runner and pinned source	2026-10-09T00:24:26.3005658Z kernel.apparmor_restrict_unprivileged_userns = 0
repair-r	Prepare isolated runner and pinned source	2026-10-09T00:24:26.3289413Z hint: Using 'master' as the name for the initial branch. This default branch name
repair-r	Prepare isolated runner and pinned source	2026-10-09T00:24:26.3290059Z hint: will change to "main" in Git 3.0. To configure the initial branch name
repair-r	Prepare isolated runner and pinned source	2026-10-09T00:24:26.3290592Z hint: to use in all of your new repositories, which will suppress this warning,
repair-r	Prepare isolated runner and pinned source	2026-10-09T00:24:26.3290974Z hint: call:
repair-r	Prepare isolated runner and pinned source	2026-10-09T00:24:26.3291204Z hint:
repair-r	Prepare isolated runner and pinned source	2026-10-09T00:24:26.3291612Z hint: 	git config --global init.defaultBranch <name>
repair-r	Prepare isolated runner and pinned source	2026-10-09T00:24:26.3292118Z hint:
repair-r	Prepare isolated runner and pinned source	2026-10-09T00:24:26.3292596Z hint: Names commonly chosen instead of 'master' are 'main', 'trunk' and
repair-r	Prepare isolated runner and pinned source	2026-10-09T00:24:26.3293444Z hint: 'development'. The just-created branch can be renamed via this command:
repair-r	Prepare isolated runner and pinned source	2026-10-09T00:24:26.3294363Z hint:
repair-r	Prepare isolated runner and pinned source	2026-10-09T00:24:26.3294702Z hint: 	git branch -m <name>
repair-r	Prepare isolated runner and pinned source	2026-10-09T00:24:26.3295096Z hint:
repair-r	Prepare isolated runner and pinned source	2026-10-09T00:24:26.3295653Z hint: Disable this message with "git config set advice.defaultBranchName false"
repair-r	Prepare isolated runner and pinned source	2026-10-09T00:24:26.3296274Z Initialized empty Git repository in /home/runner/work/_temp/deflate-upstream/.git/
repair-r	Prepare isolated runner and pinned source	2026-10-09T00:24:26.6571827Z From https://github.com/conjectures-io/conjectures-optimisation-deflate
repair-r	Prepare isolated runner and pinned source	2026-10-09T00:24:26.6572875Z  * branch            a356bbff18b60c4527fbcc85d5a28ef9c20214e0 -> FETCH_HEAD
repair-r	Prepare isolated runner and pinned source	2026-10-09T00:24:26.7122957Z HEAD is now at a356bbf make the pins telemetry instead of blocking (#30)
repair-r	Prepare isolated runner and pinned source	2026-10-09T00:24:26.7397851Z Official pinned source files: 70/70 match
repair-r	Prepare isolated runner and pinned source	2026-10-09T00:24:26.7736240Z Running as unit: run-u0.service; invocation ID: 5eb67bfb57c54ce3aa703860a31cf0b5
repair-r	Prepare isolated runner and pinned source	2026-10-09T00:24:26.7790318Z Finished with result: success
repair-r	Prepare isolated runner and pinned source	2026-10-09T00:24:26.7791049Z Main processes terminated with: code=exited/status=0
repair-r	Prepare isolated runner and pinned source	2026-10-09T00:24:26.7791545Z Service runtime: 4ms
repair-r	Prepare isolated runner and pinned source	2026-10-09T00:24:26.7791792Z CPU time consumed: 4ms
repair-r	Prepare isolated runner and pinned source	2026-10-09T00:24:26.7792149Z Memory peak: 256.0K
repair-r	Prepare isolated runner and pinned source	2026-10-09T00:24:26.7792664Z Memory swap peak: 0B
repair-r	Install official verification toolchain	﻿2026-10-09T00:24:26.7875195Z ##[group]Run bash scripts/ci-setup.sh
repair-r	Install official verification toolchain	2026-10-09T00:24:26.7875676Z ^[[36;1mbash scripts/ci-setup.sh^[[0m
repair-r	Install official verification toolchain	2026-10-09T00:24:26.7939374Z shell: /usr/bin/bash -e {0}
repair-r	Install official verification toolchain	2026-10-09T00:24:26.7939644Z env:
repair-r	Install official verification toolchain	2026-10-09T00:24:26.7939843Z   ROUND4_SPEC: repair-r
repair-r	Install official verification toolchain	2026-10-09T00:24:26.7940096Z   ROUND4_SPEC_DIR: evidence/round13
repair-r	Install official verification toolchain	2026-10-09T00:24:26.7940422Z   DEFLATE_ROOT: /home/runner/work/_temp/deflate-upstream
repair-r	Install official verification toolchain	2026-10-09T00:24:26.7940858Z   ELAN_HOME: /home/runner/work/_temp/deflate-upstream/validator/.work/elan
repair-r	Install official verification toolchain	2026-10-09T00:24:26.7941284Z   XDG_CACHE_HOME: /home/runner/work/_temp/deflate-cache
repair-r	Install official verification toolchain	2026-10-09T00:24:26.7941663Z   UV_CACHE_DIR: /home/runner/work/_temp/deflate-cache/uv
repair-r	Install official verification toolchain	2026-10-09T00:24:26.7942000Z   XDG_RUNTIME_DIR: /run/user/1001
repair-r	Install official verification toolchain	2026-10-09T00:24:26.7942301Z   DBUS_SESSION_BUS_ADDRESS: unix:path=/run/user/1001/bus
repair-r	Install official verification toolchain	2026-10-09T00:24:26.7942801Z   VERIFY_CORPUS: corpus-stage1
repair-r	Install official verification toolchain	2026-10-09T00:24:26.7943058Z   VERIFY_SANDBOX: bwrap
repair-r	Install official verification toolchain	2026-10-09T00:24:26.7943281Z   GIT_TERMINAL_PROMPT: 0
repair-r	Install official verification toolchain	2026-10-09T00:24:26.7943501Z ##[endgroup]
repair-r	Install official verification toolchain	2026-10-09T00:24:26.8417204Z info: syncing channel updates for nightly-2026-08-18-x86_64-unknown-linux-gnu
repair-r	Install official verification toolchain	2026-10-09T00:24:26.9622592Z info: latest update on 2026-08-18 for version 1.100.0-nightly (8fa1c96cf 2026-08-17)
repair-r	Install official verification toolchain	2026-10-09T00:24:26.9623130Z info: downloading 6 components
repair-r	Install official verification toolchain	2026-10-09T00:24:46.5001305Z 
repair-r	Install official verification toolchain	2026-10-09T00:24:46.5068293Z   nightly-2026-08-18-x86_64-unknown-linux-gnu installed - rustc 1.100.0-nightly (8fa1c96cf 2026-08-17)
repair-r	Install official verification toolchain	2026-10-09T00:24:46.5068894Z 
repair-r	Install official verification toolchain	2026-10-09T00:24:46.5069174Z info: checking for self-update (current version: 1.29.1)
repair-r	Install official verification toolchain	2026-10-09T00:24:46.5222843Z 
repair-r	Install official verification toolchain	2026-10-09T00:24:46.5225475Z ^[[1m1/9  System packages^[[0m
repair-r	Install official verification toolchain	2026-10-09T00:24:46.5228467Z   ^[[32m✓^[[0m cc, curl, python3, git, bubblewrap present
repair-r	Install official verification toolchain	2026-10-09T00:24:46.5228940Z 
repair-r	Install official verification toolchain	2026-10-09T00:24:46.5229216Z ^[[1m2/9  just (1.58.0)^[[0m
repair-r	Install official verification toolchain	2026-10-09T00:24:46.5230730Z   ^[[33m·^[[0m installing into ~/.local/bin
repair-r	Install official verification toolchain	2026-10-09T00:24:46.7180058Z   ^[[32m✓^[[0m installed ~/.local/bin/just
repair-r	Install official verification toolchain	2026-10-09T00:24:46.7186015Z 
repair-r	Install official verification toolchain	2026-10-09T00:24:46.7186339Z ^[[1m3/9  uv (0.12.15)^[[0m
repair-r	Install official verification toolchain	2026-10-09T00:24:46.7188292Z   ^[[33m·^[[0m installing into ~/.local/bin
repair-r	Install official verification toolchain	2026-10-09T00:24:47.3306593Z   ^[[32m✓^[[0m installed ~/.local/bin/uv
repair-r	Install official verification toolchain	2026-10-09T00:24:47.3312407Z 
repair-r	Install official verification toolchain	2026-10-09T00:24:47.3313035Z ^[[1m4/9  Python environment (.venv, from pyproject.toml)^[[0m
repair-r	Install official verification toolchain	2026-10-09T00:24:47.3313772Z   ^[[33m·^[[0m syncing .venv from pyproject.toml
repair-r	Install official verification toolchain	2026-10-09T00:24:48.5702091Z   ^[[32m✓^[[0m .venv ready
repair-r	Install official verification toolchain	2026-10-09T00:24:48.5876120Z   ^[[33m·^[[0m bittensor SDK absent - miners do not need it; validators run ./setup.sh --chain
repair-r	Install official verification toolchain	2026-10-09T00:24:48.5876801Z 
repair-r	Install official verification toolchain	2026-10-09T00:24:48.5877077Z ^[[1m5/9  Trusted-input audit^[[0m
repair-r	Install official verification toolchain	2026-10-09T00:24:48.5877826Z   ^[[32m✓^[[0m gate worker records observed code and benchmark identities
repair-r	Install official verification toolchain	2026-10-09T00:24:48.5878359Z 
repair-r	Install official verification toolchain	2026-10-09T00:24:48.5878657Z ^[[1m6/9  Configuration (.env)^[[0m
repair-r	Install official verification toolchain	2026-10-09T00:24:48.5897198Z   ^[[32m✓^[[0m created .env from .env.example - edit it for a validator
repair-r	Install official verification toolchain	2026-10-09T00:24:48.5897728Z 
repair-r	Install official verification toolchain	2026-10-09T00:24:48.5898160Z ^[[1m7/9  Scoring corpus (corpus-stage1, the benchmark default)^[[0m
repair-r	Install official verification toolchain	2026-10-09T00:24:48.5899110Z   ^[[33m·^[[0m fetching corpus-stage1 (and corpus-stage2, if reachable)
repair-r	Install official verification toolchain	2026-10-09T00:24:48.5943789Z bash /home/runner/work/_temp/deflate-upstream/scripts/pull-corpus.sh 
repair-r	Install official verification toolchain	2026-10-09T00:24:48.9590729Z stage 1  28 files, 15930000 bytes, at 0260078
repair-r	Install official verification toolchain	2026-10-09T00:24:49.0378772Z stage 2  unavailable (https://github.com/conjectures-io/conjectures-compression-corpus-2) -- skipping the held-out corpus.
repair-r	Install official verification toolchain	2026-10-09T00:24:49.0389581Z   ^[[32m✓^[[0m data/benchmark/corpus-stage1 ready
repair-r	Install official verification toolchain	2026-10-09T00:24:49.2499490Z     Updating crates.io index
repair-r	Install official verification toolchain	2026-10-09T00:24:49.3331939Z  Downloading crates ...
repair-r	Install official verification toolchain	2026-10-09T00:24:49.4643515Z   Downloaded itoa v1.0.18
repair-r	Install official verification toolchain	2026-10-09T00:24:49.4849016Z   Downloaded serde_core v1.0.229
repair-r	Install official verification toolchain	2026-10-09T00:24:49.4983429Z   Downloaded unicode-ident v1.0.26
repair-r	Install official verification toolchain	2026-10-09T00:24:49.5116154Z   Downloaded quote v1.0.47
repair-r	Install official verification toolchain	2026-10-09T00:24:49.5144386Z   Downloaded zmij v1.0.23
repair-r	Install official verification toolchain	2026-10-09T00:24:49.5231263Z   Downloaded proc-macro2 v1.0.107
repair-r	Install official verification toolchain	2026-10-09T00:24:49.5307227Z   Downloaded memchr v2.8.3
repair-r	Install official verification toolchain	2026-10-09T00:24:49.5370188Z   Downloaded serde_json v1.0.151
repair-r	Install official verification toolchain	2026-10-09T00:24:49.5443159Z   Downloaded syn v2.0.119
repair-r	Install official verification toolchain	2026-10-09T00:24:49.5702058Z    Compiling proc-macro2 v1.0.107
repair-r	Install official verification toolchain	2026-10-09T00:24:49.5702801Z    Compiling quote v1.0.47
repair-r	Install official verification toolchain	2026-10-09T00:24:49.5703274Z    Compiling serde_core v1.0.229
repair-r	Install official verification toolchain	2026-10-09T00:24:49.5704837Z    Compiling zmij v1.0.23
repair-r	Install official verification toolchain	2026-10-09T00:24:50.3311615Z    Compiling unicode-ident v1.0.26
repair-r	Install official verification toolchain	2026-10-09T00:24:50.3462917Z    Compiling serde_json v1.0.151
repair-r	Install official verification toolchain	2026-10-09T00:24:50.6345643Z    Compiling memchr v2.8.3
repair-r	Install official verification toolchain	2026-10-09T00:24:52.2125156Z    Compiling itoa v1.0.18
repair-r	Install official verification toolchain	2026-10-09T00:24:52.4895805Z    Compiling syn v2.0.119
repair-r	Install official verification toolchain	2026-10-09T00:25:01.2745729Z    Compiling submission-precheck v0.1.0 (/home/runner/work/_temp/deflate-upstream/validator/precheck)
repair-r	Install official verification toolchain	2026-10-09T00:25:03.2469424Z     Finished `release` profile [optimized] target(s) in 14.14s
repair-r	Install official verification toolchain	2026-10-09T00:25:03.2930675Z 
repair-r	Install official verification toolchain	2026-10-09T00:25:03.2931561Z ^[[1m8/9  Slot (validator/slot/src/parse.rs is a symlink to generated/, gitignored)^[[0m
repair-r	Install official verification toolchain	2026-10-09T00:25:03.2961420Z   ^[[32m✓^[[0m seeded validator/slot/generated/parse.rs from miner/template
repair-r	Install official verification toolchain	2026-10-09T00:25:03.2961978Z 
repair-r	Install official verification toolchain	2026-10-09T00:25:03.3026910Z ^[[1m9/9  Toolchain: Lean, Aeneas, Charon, Mathlib^[[0m
repair-r	Install official verification toolchain	2026-10-09T00:25:03.3027337Z 
repair-r	Install official verification toolchain	2026-10-09T00:25:03.3027706Z ^[[1m1/6  Lean toolchain (leanprover/lean4:v4.31.0)^[[0m
repair-r	Install official verification toolchain	2026-10-09T00:25:03.3028798Z   ^[[33m·^[[0m elan not found — installing into /home/runner/work/_temp/deflate-upstream/validator/.work/elan
repair-r	Install official verification toolchain	2026-10-09T00:25:03.6107562Z info: default toolchain set to 'leanprover/lean4:v4.31.0'
repair-r	Install official verification toolchain	2026-10-09T00:25:03.6186829Z   ^[[32m✓^[[0m installed elan at /home/runner/work/_temp/deflate-upstream/validator/.work/elan
repair-r	Install official verification toolchain	2026-10-09T00:25:14.1781073Z   ^[[32m✓^[[0m Lean (version 4.31.0, x86_64-unknown-linux-gnu, commit 68218e876d2a38b1985b8590fff244a83c321783, Release)
repair-r	Install official verification toolchain	2026-10-09T00:25:14.1781900Z 
repair-r	Install official verification toolchain	2026-10-09T00:25:14.1782180Z ^[[1m2/6  Aeneas + Charon (nightly-2026.08.27-5b9dcf3 release)^[[0m
repair-r	Install official verification toolchain	2026-10-09T00:25:14.1782784Z   ^[[33m·^[[0m not found — fetching the nightly-2026.08.27-5b9dcf3 release (~120 MB)
repair-r	Install official verification toolchain	2026-10-09T00:25:17.4280296Z   ^[[32m✓^[[0m installed aeneas and charon at /home/runner/work/_temp/deflate-upstream/validator/.work/aeneas
repair-r	Install official verification toolchain	2026-10-09T00:25:17.4280765Z 
repair-r	Install official verification toolchain	2026-10-09T00:25:17.4281053Z ^[[1m3/6  Rust nightly for charon-driver (nightly-2026-08-18 + rustc-dev)^[[0m
repair-r	Install official verification toolchain	2026-10-09T00:25:17.4358515Z   ^[[32m✓^[[0m nightly-2026-08-18 installed
repair-r	Install official verification toolchain	2026-10-09T00:25:17.4358919Z 
repair-r	Install official verification toolchain	2026-10-09T00:25:17.4359186Z ^[[1m4/6  Lean dependencies (Aeneas backend + Mathlib)^[[0m
repair-r	Install official verification toolchain	2026-10-09T00:25:17.4360151Z   ^[[33m·^[[0m no shared checkout — fetching our own (~7 GB, ~10 min)
repair-r	Install official verification toolchain	2026-10-09T00:25:17.4812444Z info: aeneas: cloning https://github.com/AeneasVerif/aeneas
repair-r	Install official verification toolchain	2026-10-09T00:25:19.6186298Z info: aeneas: checking out revision '5b9dcf33dccdb1560ea7203ac57ea202476b6ed3'
repair-r	Install official verification toolchain	2026-10-09T00:25:19.7056857Z info: toolchain not updated; already up-to-date
repair-r	Install official verification toolchain	2026-10-09T00:25:20.1535234Z info: mathlib: cloning https://github.com/leanprover-community/mathlib4.git
repair-r	Install official verification toolchain	2026-10-09T00:25:51.5306971Z info: mathlib: checking out revision 'fabf563a7c95a166b8d7b6efca11c8b4dc9d911f'
repair-r	Install official verification toolchain	2026-10-09T00:25:53.4234342Z info: plausible: cloning https://github.com/leanprover-community/plausible
repair-r	Install official verification toolchain	2026-10-09T00:25:53.5834910Z info: plausible: checking out revision '63045536fe95024e6c18fc7b48e03f506701c5bc'
repair-r	Install official verification toolchain	2026-10-09T00:25:53.5952917Z info: LeanSearchClient: cloning https://github.com/leanprover-community/LeanSearchClient
repair-r	Install official verification toolchain	2026-10-09T00:25:53.7493379Z info: LeanSearchClient: checking out revision 'c5d5b8fe6e5158def25cd28eb94e4141ad97c843'
repair-r	Install official verification toolchain	2026-10-09T00:25:53.7600553Z info: importGraph: cloning https://github.com/leanprover-community/import-graph
repair-r	Install official verification toolchain	2026-10-09T00:25:53.9854971Z info: importGraph: checking out revision '5c7542ed018c78194f1e2b903eaf6a792b74c03d'
repair-r	Install official verification toolchain	2026-10-09T00:25:54.0014283Z info: proofwidgets: cloning https://github.com/leanprover-community/ProofWidgets4
repair-r	Install official verification toolchain	2026-10-09T00:25:54.3243898Z info: proofwidgets: checking out revision '24b0d9dc081c5423f8eec7e866c441e5184f29d9'
repair-r	Install official verification toolchain	2026-10-09T00:25:55.0345390Z info: aesop: cloning https://github.com/leanprover-community/aesop
repair-r	Install official verification toolchain	2026-10-09T00:25:55.4562335Z info: aesop: checking out revision 'e3cb2f741431ce31bf73549fb52316a57368b06f'
repair-r	Install official verification toolchain	2026-10-09T00:25:55.4759204Z info: Qq: cloning https://github.com/leanprover-community/quote4
repair-r	Install official verification toolchain	2026-10-09T00:25:55.7009025Z info: Qq: checking out revision 'f46324995fca5f0483b742e4eb4daec7f4ee50d2'
repair-r	Install official verification toolchain	2026-10-09T00:25:55.7125574Z info: batteries: cloning https://github.com/leanprover-community/batteries
repair-r	Install official verification toolchain	2026-10-09T00:25:57.9599694Z info: batteries: checking out revision 'fa08db58b30eb033edcdab331bba000827f9f785'
repair-r	Install official verification toolchain	2026-10-09T00:25:57.9966243Z info: Cli: cloning https://github.com/leanprover/lean4-cli
repair-r	Install official verification toolchain	2026-10-09T00:25:58.1622701Z info: Cli: checking out revision '92564e5770e4d09f2d86dfbf8ada1e9c715b384c'
repair-r	Install official verification toolchain	2026-10-09T00:25:58.1736506Z info: mathlib: running post-update hooks
repair-r	Install official verification toolchain	2026-10-09T00:25:59.3805469Z ✔ [4/24] Built Batteries.Data.String.Basic (503ms)
repair-r	Install official verification toolchain	2026-10-09T00:25:59.4835278Z ✔ [5/24] Built Cache.Lean (647ms)
repair-r	Install official verification toolchain	2026-10-09T00:25:59.5815788Z ✔ [6/24] Built Batteries.Data.String.Basic:c.o (266ms)
repair-r	Install official verification toolchain	2026-10-09T00:26:00.0784633Z ✔ [7/24] Built Cache.Init (537ms)
repair-r	Install official verification toolchain	2026-10-09T00:26:00.0786268Z ✔ [8/24] Built Cache.Lean:c.o (440ms)
repair-r	Install official verification toolchain	2026-10-09T00:26:00.1779047Z ✔ [9/24] Built Cache.Init:c.o (145ms)
repair-r	Install official verification toolchain	2026-10-09T00:26:00.2805902Z ✔ [10/24] Built Batteries.Data.Array.Match (1.4s)
repair-r	Install official verification toolchain	2026-10-09T00:26:00.4795401Z ✔ [11/24] Built Batteries.Tactic.OpenPrivate (1.6s)
repair-r	Install official verification toolchain	2026-10-09T00:26:00.5787835Z ✔ [12/24] Built Batteries.Data.Array.Match:c.o (339ms)
repair-r	Install official verification toolchain	2026-10-09T00:26:00.6788917Z ✔ [13/24] Built Batteries.Data.String.Matcher (460ms)
repair-r	Install official verification toolchain	2026-10-09T00:26:01.0794918Z ✔ [14/24] Built Batteries.Data.String.Matcher:c.o (331ms)
repair-r	Install official verification toolchain	2026-10-09T00:26:02.0815203Z ✔ [15/24] Built Batteries.Tactic.OpenPrivate:c.o (1.7s)
repair-r	Install official verification toolchain	2026-10-09T00:26:02.1816737Z ✔ [16/24] Built Cache.IO (1.7s)
repair-r	Install official verification toolchain	2026-10-09T00:26:02.9816885Z ✔ [17/24] Built Cache.Hashing (835ms)
repair-r	Install official verification toolchain	2026-10-09T00:26:03.4823522Z ✔ [18/24] Built Cache.Hashing:c.o (459ms)
repair-r	Install official verification toolchain	2026-10-09T00:26:04.0839777Z ✔ [19/24] Built Cache.IO:c.o (1.9s)
repair-r	Install official verification toolchain	2026-10-09T00:26:05.1850788Z ✔ [20/24] Built Cache.Requests (2.2s)
repair-r	Install official verification toolchain	2026-10-09T00:26:06.1852382Z ✔ [21/24] Built Cache.Main (964ms)
repair-r	Install official verification toolchain	2026-10-09T00:26:06.8861260Z ✔ [22/24] Built Cache.Main:c.o (661ms)
repair-r	Install official verification toolchain	2026-10-09T00:26:07.6870049Z ✔ [23/24] Built Cache.Requests:c.o (2.4s)
repair-r	Install official verification toolchain	2026-10-09T00:26:08.2881343Z ✔ [24/24] Built cache:exe (684ms)
repair-r	Install official verification toolchain	2026-10-09T00:26:11.3089570Z Current branch: HEAD
repair-r	Install official verification toolchain	2026-10-09T00:26:11.3111115Z Using cache (Azure) from origin: (some leanprover-community/mathlib4)
repair-r	Install official verification toolchain	2026-10-09T00:26:11.3111728Z Attempting to download 8542 file(s) from leanprover-community/mathlib4 cache
repair-r	Install official verification toolchain	2026-10-09T00:26:12.5503376Z 
repair-r	Install official verification toolchain	2026-10-09T00:26:12.6502297Z Downloaded: 1 file(s) [attempted 1/8542 = 0%, 14 KB/s], Decompressed: 0
repair-r	Install official verification toolchain	2026-10-09T00:26:12.7531380Z Downloaded: 82 file(s) [attempted 82/8542 = 0%, 1601 KB/s], Decompressed: 14
repair-r	Install official verification toolchain	2026-10-09T00:26:12.8564659Z Downloaded: 196 file(s) [attempted 196/8542 = 2%, 623 KB/s], Decompressed: 46
repair-r	Install official verification toolchain	2026-10-09T00:26:12.9567710Z Downloaded: 329 file(s) [attempted 329/8542 = 3%, 561 KB/s], Decompressed: 46
repair-r	Install official verification toolchain	2026-10-09T00:26:13.0584530Z Downloaded: 449 file(s) [attempted 449/8542 = 5%, 2837 KB/s], Decompressed: 46
repair-r	Install official verification toolchain	2026-10-09T00:26:13.1597219Z Downloaded: 575 file(s) [attempted 575/8542 = 6%, 154 KB/s], Decompressed: 46
repair-r	Install official verification toolchain	2026-10-09T00:26:13.2600246Z Downloaded: 718 file(s) [attempted 718/8542 = 8%, 577 KB/s], Decompressed: 46
repair-r	Install official verification toolchain	2026-10-09T00:26:13.3615293Z Downloaded: 864 file(s) [attempted 864/8542 = 10%, 959 KB/s], Decompressed: 46
repair-r	Install official verification toolchain	2026-10-09T00:26:13.4615264Z Downloaded: 995 file(s) [attempted 995/8542 = 11%, 284 KB/s], Decompressed: 171
repair-r	Install official verification toolchain	2026-10-09T00:26:13.5625767Z Downloaded: 1126 file(s) [attempted 1126/8542 = 13%, 1997 KB/s], Decompressed: 171
repair-r	Install official verification toolchain	2026-10-09T00:26:13.6611741Z Downloaded: 1253 file(s) [attempted 1253/8542 = 14%, 803 KB/s], Decompressed: 171
repair-r	Install official verification toolchain	2026-10-09T00:26:13.7640502Z Downloaded: 1334 file(s) [attempted 1334/8542 = 15%, 248 KB/s], Decompressed: 171
repair-r	Install official verification toolchain	2026-10-09T00:26:13.8648929Z Downloaded: 1459 file(s) [attempted 1459/8542 = 17%, 798 KB/s], Decompressed: 171
repair-r	Install official verification toolchain	2026-10-09T00:26:13.9652783Z Downloaded: 1597 file(s) [attempted 1597/8542 = 18%, 548 KB/s], Decompressed: 171
repair-r	Install official verification toolchain	2026-10-09T00:26:14.0715086Z Downloaded: 1731 file(s) [attempted 1731/8542 = 20%, 785 KB/s], Decompressed: 171
repair-r	Install official verification toolchain	2026-10-09T00:26:14.1715519Z Downloaded: 1868 file(s) [attempted 1868/8542 = 21%, 2446 KB/s], Decompressed: 171
repair-r	Install official verification toolchain	2026-10-09T00:26:14.2755418Z Downloaded: 1997 file(s) [attempted 1997/8542 = 23%, 169 KB/s], Decompressed: 171
repair-r	Install official verification toolchain	2026-10-09T00:26:14.3764573Z Downloaded: 2121 file(s) [attempted 2121/8542 = 24%, 598 KB/s], Decompressed: 171
repair-r	Install official verification toolchain	2026-10-09T00:26:14.4758730Z Downloaded: 2236 file(s) [attempted 2236/8542 = 26%, 1786 KB/s], Decompressed: 171
repair-r	Install official verification toolchain	2026-10-09T00:26:14.5755130Z Downloaded: 2348 file(s) [attempted 2348/8542 = 27%, 136 KB/s], Decompressed: 171
repair-r	Install official verification toolchain	2026-10-09T00:26:14.6747354Z Downloaded: 2451 file(s) [attempted 2451/8542 = 28%, 5675 KB/s], Decompressed: 171
repair-r	Install official verification toolchain	2026-10-09T00:26:14.7797549Z Downloaded: 2590 file(s) [attempted 2590/8542 = 30%, 521 KB/s], Decompressed: 171
repair-r	Install official verification toolchain	2026-10-09T00:26:14.8821478Z Downloaded: 2709 file(s) [attempted 2709/8542 = 31%, 1300 KB/s], Decompressed: 171
repair-r	Install official verification toolchain	2026-10-09T00:26:14.9937833Z Downloaded: 2835 file(s) [attempted 2835/8542 = 33%, 612 KB/s], Decompressed: 171
repair-r	Install official verification toolchain	2026-10-09T00:26:15.0936200Z Downloaded: 2971 file(s) [attempted 2971/8542 = 34%, 858 KB/s], Decompressed: 171
repair-r	Install official verification toolchain	2026-10-09T00:26:15.1930877Z Downloaded: 3118 file(s) [attempted 3118/8542 = 36%, 772 KB/s], Decompressed: 171
repair-r	Install official verification toolchain	2026-10-09T00:26:15.2937467Z Downloaded: 3225 file(s) [attempted 3225/8542 = 37%, 631 KB/s], Decompressed: 171
repair-r	Install official verification toolchain	2026-10-09T00:26:15.3937728Z Downloaded: 3345 file(s) [attempted 3345/8542 = 39%, 614 KB/s], Decompressed: 171
repair-r	Install official verification toolchain	2026-10-09T00:26:15.4999366Z Downloaded: 3465 file(s) [attempted 3465/8542 = 40%, 240 KB/s], Decompressed: 171
repair-r	Install official verification toolchain	2026-10-09T00:26:15.6166396Z Downloaded: 3585 file(s) [attempted 3585/8542 = 41%, 1462 KB/s], Decompressed: 171
repair-r	Install official verification toolchain	2026-10-09T00:26:15.7163252Z Downloaded: 3697 file(s) [attempted 3697/8542 = 43%, 3714 KB/s], Decompressed: 171
repair-r	Install official verification toolchain	2026-10-09T00:26:15.8215297Z Downloaded: 3819 file(s) [attempted 3819/8542 = 44%, 219 KB/s], Decompressed: 171
repair-r	Install official verification toolchain	2026-10-09T00:26:15.9186467Z Downloaded: 3945 file(s) [attempted 3945/8542 = 46%, 3771 KB/s], Decompressed: 171
repair-r	Install official verification toolchain	2026-10-09T00:26:16.0192017Z Downloaded: 4082 file(s) [attempted 4082/8542 = 47%, 529 KB/s], Decompressed: 171
repair-r	Install official verification toolchain	2026-10-09T00:26:16.1235777Z Downloaded: 4208 file(s) [attempted 4208/8542 = 49%, 1219 KB/s], Decompressed: 171
repair-r	Install official verification toolchain	2026-10-09T00:26:16.2226429Z Downloaded: 4343 file(s) [attempted 4343/8542 = 50%, 1619 KB/s], Decompressed: 171
repair-r	Install official verification toolchain	2026-10-09T00:26:16.3246691Z Downloaded: 4486 file(s) [attempted 4486/8542 = 52%, 3531 KB/s], Decompressed: 171
repair-r	Install official verification toolchain	2026-10-09T00:26:16.4245333Z Downloaded: 4605 file(s) [attempted 4605/8542 = 53%, 256 KB/s], Decompressed: 875
repair-r	Install official verification toolchain	2026-10-09T00:26:16.5295813Z Downloaded: 4723 file(s) [attempted 4723/8542 = 55%, 183 KB/s], Decompressed: 875
repair-r	Install official verification toolchain	2026-10-09T00:26:16.6317402Z Downloaded: 4875 file(s) [attempted 4875/8542 = 57%, 1191 KB/s], Decompressed: 875
repair-r	Install official verification toolchain	2026-10-09T00:26:16.7287548Z Downloaded: 5029 file(s) [attempted 5029/8542 = 58%, 6277 KB/s], Decompressed: 875
repair-r	Install official verification toolchain	2026-10-09T00:26:16.8297553Z Downloaded: 5168 file(s) [attempted 5168/8542 = 60%, 259 KB/s], Decompressed: 875
repair-r	Install official verification toolchain	2026-10-09T00:26:16.9298727Z Downloaded: 5313 file(s) [attempted 5313/8542 = 62%, 107 KB/s], Decompressed: 875
repair-r	Install official verification toolchain	2026-10-09T00:26:17.0298625Z Downloaded: 5464 file(s) [attempted 5464/8542 = 63%, 235 KB/s], Decompressed: 875
repair-r	Install official verification toolchain	2026-10-09T00:26:17.1322334Z Downloaded: 5593 file(s) [attempted 5593/8542 = 65%, 2148 KB/s], Decompressed: 875
repair-r	Install official verification toolchain	2026-10-09T00:26:17.2329434Z Downloaded: 5716 file(s) [attempted 5716/8542 = 66%, 171 KB/s], Decompressed: 875
repair-r	Install official verification toolchain	2026-10-09T00:26:17.3339013Z Downloaded: 5863 file(s) [attempted 5863/8542 = 68%, 846 KB/s], Decompressed: 875
repair-r	Install official verification toolchain	2026-10-09T00:26:17.4330246Z Downloaded: 5969 file(s) [attempted 5969/8542 = 69%, 657 KB/s], Decompressed: 875
repair-r	Install official verification toolchain	2026-10-09T00:26:17.5348153Z Downloaded: 6086 file(s) [attempted 6086/8542 = 71%, 666 KB/s], Decompressed: 875
repair-r	Install official verification toolchain	2026-10-09T00:26:17.6344912Z Downloaded: 6207 file(s) [attempted 6207/8542 = 72%, 4225 KB/s], Decompressed: 875
repair-r	Install official verification toolchain	2026-10-09T00:26:17.7356912Z Downloaded: 6350 file(s) [attempted 6350/8542 = 74%, 191 KB/s], Decompressed: 875
repair-r	Install official verification toolchain	2026-10-09T00:26:17.8607428Z Downloaded: 6474 file(s) [attempted 6474/8542 = 75%, 916 KB/s], Decompressed: 875
repair-r	Install official verification toolchain	2026-10-09T00:26:17.9608401Z Downloaded: 6584 file(s) [attempted 6584/8542 = 77%, 218 KB/s], Decompressed: 875
repair-r	Install official verification toolchain	2026-10-09T00:26:18.0636686Z Downloaded: 6713 file(s) [attempted 6713/8542 = 78%, 936 KB/s], Decompressed: 875
repair-r	Install official verification toolchain	2026-10-09T00:26:18.1627893Z Downloaded: 6861 file(s) [attempted 6861/8542 = 80%, 729 KB/s], Decompressed: 875
repair-r	Install official verification toolchain	2026-10-09T00:26:18.2815462Z Downloaded: 6985 file(s) [attempted 6985/8542 = 81%, 339 KB/s], Decompressed: 875
repair-r	Install official verification toolchain	2026-10-09T00:26:18.3800019Z Downloaded: 7102 file(s) [attempted 7102/8542 = 83%, 690 KB/s], Decompressed: 875
repair-r	Install official verification toolchain	2026-10-09T00:26:18.4827874Z Downloaded: 7237 file(s) [attempted 7237/8542 = 84%, 4403 KB/s], Decompressed: 875
repair-r	Install official verification toolchain	2026-10-09T00:26:18.5865163Z Downloaded: 7345 file(s) [attempted 7345/8542 = 85%, 268 KB/s], Decompressed: 875
repair-r	Install official verification toolchain	2026-10-09T00:26:18.6875850Z Downloaded: 7463 file(s) [attempted 7463/8542 = 87%, 1312 KB/s], Decompressed: 875
repair-r	Install official verification toolchain	2026-10-09T00:26:18.7926145Z Downloaded: 7608 file(s) [attempted 7608/8542 = 89%, 4409 KB/s], Decompressed: 875
repair-r	Install official verification toolchain	2026-10-09T00:26:18.8927331Z Downloaded: 7736 file(s) [attempted 7736/8542 = 90%, 1902 KB/s], Decompressed: 875
repair-r	Install official verification toolchain	2026-10-09T00:26:18.9928487Z Downloaded: 7879 file(s) [attempted 7879/8542 = 92%, 4184 KB/s], Decompressed: 875
repair-r	Install official verification toolchain	2026-10-09T00:26:19.0938328Z Downloaded: 8022 file(s) [attempted 8022/8542 = 93%, 176 KB/s], Decompressed: 875
repair-r	Install official verification toolchain	2026-10-09T00:26:19.1947138Z Downloaded: 8151 file(s) [attempted 8151/8542 = 95%, 1945 KB/s], Decompressed: 875
repair-r	Install official verification toolchain	2026-10-09T00:26:19.2980028Z Downloaded: 8298 file(s) [attempted 8298/8542 = 97%, 784 KB/s], Decompressed: 875
repair-r	Install official verification toolchain	2026-10-09T00:26:19.4488451Z Downloaded: 8435 file(s) [attempted 8435/8542 = 98%, 1027 KB/s], Decompressed: 875
repair-r	Install official verification toolchain	2026-10-09T00:26:19.4535098Z Downloaded: 8542 file(s) [attempted 8542/8542 = 100%, 2645 KB/s], Decompressed: 875
repair-r	Install official verification toolchain	2026-10-09T00:26:19.4549816Z Downloaded: 8542 file(s) [attempted 8542/8542 = 100%, 2645 KB/s], Decompressed: 875
repair-r	Install official verification toolchain	2026-10-09T00:26:39.7987267Z Decompressed 8542 file(s)
repair-r	Install official verification toolchain	2026-10-09T00:26:39.7987632Z Already decompressed 8542 file(s)
repair-r	Install official verification toolchain	2026-10-09T00:26:40.8816504Z info: plausible: cloning https://github.com/leanprover-community/plausible
repair-r	Install official verification toolchain	2026-10-09T00:26:41.1386337Z info: plausible: checking out revision '63045536fe95024e6c18fc7b48e03f506701c5bc'
repair-r	Install official verification toolchain	2026-10-09T00:26:41.1503185Z info: LeanSearchClient: cloning https://github.com/leanprover-community/LeanSearchClient
repair-r	Install official verification toolchain	2026-10-09T00:26:41.3666600Z info: LeanSearchClient: checking out revision 'c5d5b8fe6e5158def25cd28eb94e4141ad97c843'
repair-r	Install official verification toolchain	2026-10-09T00:26:41.3771241Z info: importGraph: cloning https://github.com/leanprover-community/import-graph
repair-r	Install official verification toolchain	2026-10-09T00:26:41.6170552Z info: importGraph: checking out revision '5c7542ed018c78194f1e2b903eaf6a792b74c03d'
repair-r	Install official verification toolchain	2026-10-09T00:26:41.6328782Z info: proofwidgets: cloning https://github.com/leanprover-community/ProofWidgets4
repair-r	Install official verification toolchain	2026-10-09T00:26:41.9782176Z info: proofwidgets: checking out revision '24b0d9dc081c5423f8eec7e866c441e5184f29d9'
repair-r	Install official verification toolchain	2026-10-09T00:26:42.7035146Z info: aesop: cloning https://github.com/leanprover-community/aesop
repair-r	Install official verification toolchain	2026-10-09T00:26:43.1528660Z info: aesop: checking out revision 'e3cb2f741431ce31bf73549fb52316a57368b06f'
repair-r	Install official verification toolchain	2026-10-09T00:26:43.1722844Z info: Qq: cloning https://github.com/leanprover-community/quote4
repair-r	Install official verification toolchain	2026-10-09T00:26:43.3781646Z info: Qq: checking out revision 'f46324995fca5f0483b742e4eb4daec7f4ee50d2'
repair-r	Install official verification toolchain	2026-10-09T00:26:43.3896257Z info: batteries: cloning https://github.com/leanprover-community/batteries
repair-r	Install official verification toolchain	2026-10-09T00:26:45.8692538Z info: batteries: checking out revision 'fa08db58b30eb033edcdab331bba000827f9f785'
repair-r	Install official verification toolchain	2026-10-09T00:26:45.9605412Z info: Cli: cloning https://github.com/leanprover/lean4-cli
repair-r	Install official verification toolchain	2026-10-09T00:26:46.3519289Z info: Cli: checking out revision '92564e5770e4d09f2d86dfbf8ada1e9c715b384c'
repair-r	Install official verification toolchain	2026-10-09T00:26:47.2000565Z ✔ [8/24] Built Batteries.Data.String.Basic (477ms)
repair-r	Install official verification toolchain	2026-10-09T00:26:47.3989227Z ✔ [9/24] Built Batteries.Data.String.Basic:c.o (214ms)
repair-r	Install official verification toolchain	2026-10-09T00:26:47.6005486Z ✔ [10/24] Built Batteries.Data.Array.Match (884ms)
repair-r	Install official verification toolchain	2026-10-09T00:26:47.9002073Z ✔ [11/24] Built Batteries.Tactic.OpenPrivate (1.2s)
repair-r	Install official verification toolchain	2026-10-09T00:26:47.9003237Z ✔ [14/24] Built Batteries.Data.Array.Match:c.o (370ms)
repair-r	Install official verification toolchain	2026-10-09T00:26:48.0008389Z ✔ [17/24] Built Batteries.Data.String.Matcher (474ms)
repair-r	Install official verification toolchain	2026-10-09T00:26:48.2007196Z ✔ [22/24] Built Batteries.Data.String.Matcher:c.o (200ms)
repair-r	Install official verification toolchain	2026-10-09T00:26:49.2017629Z ✔ [23/24] Built Batteries.Tactic.OpenPrivate:c.o (1.3s)
repair-r	Install official verification toolchain	2026-10-09T00:26:53.7736176Z Decompressing 368 already-cached file(s) (8174 already decompressed)
repair-r	Install official verification toolchain	2026-10-09T00:26:53.7736732Z Current branch: HEAD
repair-r	Install official verification toolchain	2026-10-09T00:26:53.7737332Z Using cache (Azure) from origin: (some leanprover-community/mathlib4)
repair-r	Install official verification toolchain	2026-10-09T00:26:53.7737958Z No files to download
repair-r	Install official verification toolchain	2026-10-09T00:26:53.7738695Z Decompressed 368 already-cached file(s)
repair-r	Install official verification toolchain	2026-10-09T00:26:53.7741472Z Completed successfully in 1737 ms!
repair-r	Install official verification toolchain	2026-10-09T00:26:53.8268565Z   ^[[32m✓^[[0m fetched dependencies into lean/.lake/packages
repair-r	Install official verification toolchain	2026-10-09T00:26:53.8268949Z 
repair-r	Install official verification toolchain	2026-10-09T00:26:53.8269075Z ^[[1m5/6  Build^[[0m
repair-r	Install official verification toolchain	2026-10-09T00:27:07.0486321Z   ^[[32m✓^[[0m contract (lean/Lz77)
repair-r	Install official verification toolchain	2026-10-09T00:27:47.1288275Z   ^[[32m✓^[[0m slot and measure crates
repair-r	Install official verification toolchain	2026-10-09T00:27:47.1288978Z   ^[[32m✓^[[0m C compiler for the engine (cc)
repair-r	Install official verification toolchain	2026-10-09T00:27:48.4055585Z   ^[[32m✓^[[0m python deps in /home/runner/work/_temp/deflate-upstream/.venv/bin/python
repair-r	Install official verification toolchain	2026-10-09T00:27:48.4059006Z   ^[[32m✓^[[0m bubblewrap for the proof sandbox
repair-r	Install official verification toolchain	2026-10-09T00:27:48.4060142Z   ^[[32m✓^[[0m systemd-run for the memory cap
repair-r	Install official verification toolchain	2026-10-09T00:27:48.4060531Z 
repair-r	Install official verification toolchain	2026-10-09T00:27:48.4060772Z ^[[1m6/6  Self-test^[[0m
repair-r	Install official verification toolchain	2026-10-09T00:27:49.4726192Z 2026-10-09 00:27:49.472 | DEBUG    | __main__:stage_intake:261 - [gate] parse.rs c756784f2c5bdaf7 -> slot/generated/parse.rs
repair-r	Install official verification toolchain	2026-10-09T00:27:49.4730328Z 2026-10-09 00:27:49.472 | DEBUG    | __main__:stage_intake:261 - [gate] Parse.lean 1cbccb0f91b22437 -> lean/Proof/Parse.lean
repair-r	Install official verification toolchain	2026-10-09T00:27:49.5227901Z 2026-10-09 00:27:49.522 | DEBUG    | sandbox.bwrap:run:110 - [bwrap] rustup exit=0 in 0.0s
repair-r	Install official verification toolchain	2026-10-09T00:27:49.7743551Z 2026-10-09 00:27:49.773 | DEBUG    | sandbox.bwrap:run:110 - [bwrap] extract.sh exit=0 in 0.2s
repair-r	Install official verification toolchain	2026-10-09T00:27:51.1556846Z 2026-10-09 00:27:51.155 | DEBUG    | sandbox.bwrap:run:110 - [bwrap] extract.sh exit=0 in 1.4s
repair-r	Install official verification toolchain	2026-10-09T00:27:51.1563214Z 2026-10-09 00:27:51.155 | DEBUG    | __main__:stage_extract:356 - [gate] extracted Types.lean 276d4089d337e0d7, Funs.lean a9a179578358cbad, Constants.lean 7f3588b4c89a448d
repair-r	Install official verification toolchain	2026-10-09T00:27:53.5673251Z 2026-10-09 00:27:53.567 | DEBUG    | sandbox.bwrap:run:110 - [bwrap] lake exit=0 in 2.4s
repair-r	Install official verification toolchain	2026-10-09T00:28:05.4162625Z 2026-10-09 00:28:05.415 | DEBUG    | sandbox.bwrap:run:110 - [bwrap] lake exit=0 in 11.8s
repair-r	Install official verification toolchain	2026-10-09T00:28:28.5903285Z 2026-10-09 00:28:28.589 | DEBUG    | sandbox.bwrap:run:110 - [bwrap] lake exit=0 in 23.2s
repair-r	Install official verification toolchain	2026-10-09T00:28:31.2495187Z 2026-10-09 00:28:31.249 | DEBUG    | sandbox.bwrap:run:110 - [bwrap] lake exit=0 in 2.6s
repair-r	Install official verification toolchain	2026-10-09T00:28:33.9045060Z 2026-10-09 00:28:33.904 | DEBUG    | sandbox.bwrap:run:110 - [bwrap] lake exit=0 in 2.6s
repair-r	Install official verification toolchain	2026-10-09T00:28:33.9051080Z 2026-10-09 00:28:33.904 | DEBUG    | __main__:stage_axioms:423 - [gate] axiom query stdout: "'accepted' depends on axioms: [propext, Classical.choice, Quot.sound]"
repair-r	Install official verification toolchain	2026-10-09T00:28:33.9052551Z 2026-10-09 00:28:33.904 | INFO     | __main__:main:703 - [gate] verification accepted in 44.5s (bwrap, 900s, 16384 MB)
repair-r	Install official verification toolchain	2026-10-09T00:28:33.9195600Z verifying /home/runner/work/_temp/deflate-upstream/miner/template
repair-r	Install official verification toolchain	2026-10-09T00:28:33.9196597Z workspace: /home/runner/work/_temp/deflate-upstream/data/verification-workspace/verify-zg65_y9b
repair-r	Install official verification toolchain	2026-10-09T00:28:33.9197227Z 
repair-r	Install official verification toolchain	2026-10-09T00:28:33.9197776Z 0 intake      ok — template: parse.rs, Parse.lean
repair-r	Install official verification toolchain	2026-10-09T00:28:33.9198351Z 1 policy      ok — source prefilters passed
repair-r	Install official verification toolchain	2026-10-09T00:28:33.9206169Z 2 static      ok — resolved operations: core::num::{impl}::wrapping_add, core::num::{impl}::wrapping_mul, core::slice::{impl}::len
repair-r	Install official verification toolchain	2026-10-09T00:28:33.9207283Z 3 extract     ok — charon+aeneas re-run by the verifier, no new axioms
repair-r	Install official verification toolchain	2026-10-09T00:28:33.9208466Z 4 statement   ok — `LZ77.Obligation slot.parse` typechecks (bwrap, 900s, 16384 MB)
repair-r	Install official verification toolchain	2026-10-09T00:28:33.9209373Z 5 axioms      ok — ['Classical.choice', 'Quot.sound', 'propext']; extraction intact
repair-r	Install official verification toolchain	2026-10-09T00:28:33.9209853Z 
repair-r	Install official verification toolchain	2026-10-09T00:28:33.9210003Z proof accepted (scoring skipped)
repair-r	Install official verification toolchain	2026-10-09T00:28:33.9753375Z 
repair-r	Install official verification toolchain	2026-10-09T00:28:33.9754491Z ^[[1minit ok.^[[0m Toolchain in use:
repair-r	Install official verification toolchain	2026-10-09T00:28:33.9755240Z   AENEAS_WORK    /home/runner/work/_temp/deflate-upstream/validator/.work/aeneas
repair-r	Install official verification toolchain	2026-10-09T00:28:33.9755843Z   CHARON_DIR     /home/runner/work/_temp/deflate-upstream/validator/.work/aeneas
repair-r	Install official verification toolchain	2026-10-09T00:28:33.9756349Z   ELAN_HOME      /home/runner/work/_temp/deflate-upstream/validator/.work/elan
repair-r	Install official verification toolchain	2026-10-09T00:28:33.9756781Z   LEAN_PACKAGES  (own checkout under lean/.lake)
repair-r	Install official verification toolchain	2026-10-09T00:28:33.9757456Z 
repair-r	Install official verification toolchain	2026-10-09T00:28:33.9757546Z Next:  just smoke
repair-r	Install official verification toolchain	2026-10-09T00:28:33.9758785Z 
repair-r	Install official verification toolchain	2026-10-09T00:28:33.9759311Z ^[[1msetup done.^[[0m  Next:  just check miner/template     just --list
repair-r	Install official verification toolchain	2026-10-09T00:28:33.9965291Z /home/runner/work/_temp/deflate-upstream/setup.sh --check
repair-r	Install official verification toolchain	2026-10-09T00:28:34.0017617Z 
repair-r	Install official verification toolchain	2026-10-09T00:28:34.0017889Z ^[[1m1/9  System packages^[[0m
repair-r	Install official verification toolchain	2026-10-09T00:28:34.0021842Z   ^[[32m✓^[[0m cc, curl, python3, git, bubblewrap present
repair-r	Install official verification toolchain	2026-10-09T00:28:34.0022249Z 
repair-r	Install official verification toolchain	2026-10-09T00:28:34.0022458Z ^[[1m2/9  just (1.58.0)^[[0m
repair-r	Install official verification toolchain	2026-10-09T00:28:34.0109051Z   ^[[32m✓^[[0m just 1.58.0 at /home/runner/.local/bin/just
repair-r	Install official verification toolchain	2026-10-09T00:28:34.0109388Z 
repair-r	Install official verification toolchain	2026-10-09T00:28:34.0109523Z ^[[1m3/9  uv (0.12.15)^[[0m
repair-r	Install official verification toolchain	2026-10-09T00:28:34.0476628Z   ^[[32m✓^[[0m uv 0.12.15 at /home/runner/.local/bin/uv
repair-r	Install official verification toolchain	2026-10-09T00:28:34.0476949Z 
repair-r	Install official verification toolchain	2026-10-09T00:28:34.0477176Z ^[[1m4/9  Python environment (.venv, from pyproject.toml)^[[0m
repair-r	Install official verification toolchain	2026-10-09T00:28:35.2290447Z   ^[[32m✓^[[0m .venv complete
repair-r	Install official verification toolchain	2026-10-09T00:28:35.2440716Z   ^[[33m·^[[0m bittensor SDK absent - miners do not need it; validators run ./setup.sh --chain
repair-r	Install official verification toolchain	2026-10-09T00:28:35.2441139Z 
repair-r	Install official verification toolchain	2026-10-09T00:28:35.2441303Z ^[[1m5/9  Trusted-input audit^[[0m
repair-r	Install official verification toolchain	2026-10-09T00:28:35.2441719Z   ^[[32m✓^[[0m gate worker records observed code and benchmark identities
repair-r	Install official verification toolchain	2026-10-09T00:28:35.2442037Z 
repair-r	Install official verification toolchain	2026-10-09T00:28:35.2442167Z ^[[1m6/9  Configuration (.env)^[[0m
repair-r	Install official verification toolchain	2026-10-09T00:28:35.2443927Z   ^[[32m✓^[[0m .env present
repair-r	Install official verification toolchain	2026-10-09T00:28:35.2444414Z 
repair-r	Install official verification toolchain	2026-10-09T00:28:35.2444699Z ^[[1m7/9  Scoring corpus (corpus-stage1, the benchmark default)^[[0m
repair-r	Install official verification toolchain	2026-10-09T00:28:35.2462373Z   ^[[32m✓^[[0m data/benchmark/corpus-stage1 present
repair-r	Install official verification toolchain	2026-10-09T00:28:35.2463115Z 
repair-r	Install official verification toolchain	2026-10-09T00:28:35.2463716Z ^[[1m8/9  Slot (validator/slot/src/parse.rs is a symlink to generated/, gitignored)^[[0m
repair-r	Install official verification toolchain	2026-10-09T00:28:35.2465364Z   ^[[32m✓^[[0m validator/slot/generated/parse.rs present
repair-r	Install official verification toolchain	2026-10-09T00:28:35.2465771Z 
repair-r	Install official verification toolchain	2026-10-09T00:28:35.2466089Z ^[[1m9/9  Toolchain: Lean, Aeneas, Charon, Mathlib^[[0m
repair-r	Install official verification toolchain	2026-10-09T00:28:35.2528746Z 
repair-r	Install official verification toolchain	2026-10-09T00:28:35.2529309Z ^[[1m1/6  Lean toolchain (leanprover/lean4:v4.31.0)^[[0m
repair-r	Install official verification toolchain	2026-10-09T00:28:35.2530087Z   ^[[32m✓^[[0m elan at /home/runner/work/_temp/deflate-upstream/validator/.work/elan
repair-r	Install official verification toolchain	2026-10-09T00:28:35.2928672Z   ^[[32m✓^[[0m Lean (version 4.31.0, x86_64-unknown-linux-gnu, commit 68218e876d2a38b1985b8590fff244a83c321783, Release)
repair-r	Install official verification toolchain	2026-10-09T00:28:35.2929623Z 
repair-r	Install official verification toolchain	2026-10-09T00:28:35.2930063Z ^[[1m2/6  Aeneas + Charon (nightly-2026.08.27-5b9dcf3 release)^[[0m
repair-r	Install official verification toolchain	2026-10-09T00:28:35.2931848Z   ^[[32m✓^[[0m aeneas at /home/runner/work/_temp/deflate-upstream/validator/.work/aeneas/aeneas
repair-r	Install official verification toolchain	2026-10-09T00:28:35.2933057Z   ^[[32m✓^[[0m charon at /home/runner/work/_temp/deflate-upstream/validator/.work/aeneas/charon
repair-r	Install official verification toolchain	2026-10-09T00:28:35.2933689Z 
repair-r	Install official verification toolchain	2026-10-09T00:28:35.2934449Z ^[[1m3/6  Rust nightly for charon-driver (nightly-2026-08-18 + rustc-dev)^[[0m
repair-r	Install official verification toolchain	2026-10-09T00:28:35.3009080Z   ^[[32m✓^[[0m nightly-2026-08-18 installed
repair-r	Install official verification toolchain	2026-10-09T00:28:35.3009472Z 
repair-r	Install official verification toolchain	2026-10-09T00:28:35.3010043Z ^[[1m4/6  Lean dependencies (Aeneas backend + Mathlib)^[[0m
repair-r	Install official verification toolchain	2026-10-09T00:28:35.3010626Z   ^[[32m✓^[[0m lean/.lake/packages present
repair-r	Install official verification toolchain	2026-10-09T00:28:35.3010844Z 
repair-r	Install official verification toolchain	2026-10-09T00:28:35.3010959Z ^[[1m5/6  Build^[[0m
repair-r	Install official verification toolchain	2026-10-09T00:28:35.3011567Z   ^[[32m✓^[[0m contract built
repair-r	Install official verification toolchain	2026-10-09T00:28:35.3012621Z   ^[[32m✓^[[0m syntax checker built
repair-r	Install official verification toolchain	2026-10-09T00:28:35.3012905Z   ^[[32m✓^[[0m engine built
repair-r	Install official verification toolchain	2026-10-09T00:28:35.3013896Z   ^[[32m✓^[[0m C compiler for the engine (cc)
repair-r	Install official verification toolchain	2026-10-09T00:28:35.6781242Z   ^[[32m✓^[[0m python deps in /home/runner/work/_temp/deflate-upstream/.venv/bin/python
repair-r	Install official verification toolchain	2026-10-09T00:28:35.6782506Z   ^[[32m✓^[[0m bubblewrap for the proof sandbox
repair-r	Install official verification toolchain	2026-10-09T00:28:35.6783305Z   ^[[32m✓^[[0m systemd-run for the memory cap
repair-r	Install official verification toolchain	2026-10-09T00:28:35.6804445Z 
repair-r	Install official verification toolchain	2026-10-09T00:28:35.6804757Z ^[[1m6/6  Self-test^[[0m
repair-r	Install official verification toolchain	2026-10-09T00:28:35.6805945Z   ^[[32m✓^[[0m everything present — run without --check to self-test
repair-r	Install official verification toolchain	2026-10-09T00:28:35.6806441Z 
repair-r	Install official verification toolchain	2026-10-09T00:28:35.6806579Z ^[[1mready.^[[0m
repair-r	Install official verification toolchain	2026-10-09T00:28:35.6848046Z /home/runner/work/_temp/deflate-upstream/.venv/bin/python /home/runner/work/_temp/deflate-upstream/validator/verifier/pins.py --check
repair-r	Install official verification toolchain	2026-10-09T00:28:35.7238443Z pins ok — 70 contract, engine and gate files unchanged
repair-r	Install official verification toolchain	2026-10-09T00:28:35.7309797Z a356bbff18b60c4527fbcc85d5a28ef9c20214e0
repair-r	Install official verification toolchain	2026-10-09T00:28:35.7764911Z Lean (version 4.31.0, x86_64-unknown-linux-gnu, commit 68218e876d2a38b1985b8590fff244a83c321783, Release)
repair-r	Install official verification toolchain	2026-10-09T00:28:35.7907967Z rustc 1.100.0-nightly (8fa1c96cf 2026-08-17)
repair-r	Install official verification toolchain	2026-10-09T00:28:35.7930513Z just 1.58.0
repair-r	Install official verification toolchain	2026-10-09T00:28:35.7971948Z uv 0.12.15 (x86_64-unknown-linux-gnu)
repair-r	Install official verification toolchain	2026-10-09T00:28:35.7986886Z Linux runnervmmprz5 6.17.0-1022-azure #22-Ubuntu SMP Mon Jul 27 17:24:03 UTC 2026 x86_64 x86_64 x86_64 GNU/Linux
repair-r	Install official verification toolchain	2026-10-09T00:28:35.8028873Z CPU(s):                                  4
repair-r	Install official verification toolchain	2026-10-09T00:28:35.8029288Z Model name:                              AMD EPYC 7763 64-Core Processor
repair-r	Install official verification toolchain	2026-10-09T00:28:35.8047693Z c756784f2c5bdaf7b44ad8e0e646d9777557a09974afa1999f69a215fe2b7376  miner/template/parse.rs
repair-r	Install official verification toolchain	2026-10-09T00:28:35.8048976Z 1cbccb0f91b22437209e785233c0a45d0a0713887c52fbfb8e5fec555c40b7a2  miner/template/Parse.lean
repair-r	Install official verification toolchain	2026-10-09T00:28:35.8062655Z 37e7b307e925cc855ee2135385e81f9653301024cfdcb7364e48f271a5781fb6  validator/lean/lake-manifest.json
repair-r	Install official verification toolchain	2026-10-09T00:28:35.8063409Z c6f818ab47f52b8d3161b0ee591e1ddb2ab8491a53d5609f9118730287b61f3b  validator/verifier/PINS.json
repair-r	Install official verification toolchain	2026-10-09T00:28:35.8106896Z 6d48a129b156a4e032a6378b96d4258f89c9ccd759decdc66fdbf32c312277f4  data/benchmark/corpus-stage1/binary.db.bin
repair-r	Install official verification toolchain	2026-10-09T00:28:35.8123512Z ada4433d366405395b1a415fbec247ce7e38525c05f4f09e40c111230394353c  data/benchmark/corpus-stage1/bundle.min.js.txt
repair-r	Install official verification toolchain	2026-10-09T00:28:35.8132470Z 94a0152009cf44a20483a564f8b32d7ef32e4fbbea53843da9848e7b5f43743a  data/benchmark/corpus-stage1/catalog.xml.txt
repair-r	Install official verification toolchain	2026-10-09T00:28:35.8139102Z dd2679f1b4553beb286ec43eda622e6c40e664b841de3af4887ee89faee223ec  data/benchmark/corpus-stage1/compressed.bin
repair-r	Install official verification toolchain	2026-10-09T00:28:35.8147138Z 9353520d1b7b493a7f6f90d019e876c1580636732fc0d3197e51ed0766e2d4e2  data/benchmark/corpus-stage1/config.yaml.txt
repair-r	Install official verification toolchain	2026-10-09T00:28:35.8161731Z 793cb2bc299557521c052defd985cddb934feac72d13b995cf475a0ff16347a5  data/benchmark/corpus-stage1/docs.md.txt
repair-r	Install official verification toolchain	2026-10-09T00:28:35.8166964Z eb8d600ef976556175ab9410909871582d6845712bba0ad30607a0e79e9e60ba  data/benchmark/corpus-stage1/dump.sql.txt
repair-r	Install official verification toolchain	2026-10-09T00:28:35.8181667Z 4b01b6b751d82ab6e1b5e5275c3308db25dd58e20afcd5c79b72caab7f8a2baf  data/benchmark/corpus-stage1/genome.fasta
repair-r	Install official verification toolchain	2026-10-09T00:28:35.8188920Z 4cbc5cc76fe6bf05b5d2d49c5b7c7fe23780e0c8895a503d68f913479ba17254  data/benchmark/corpus-stage1/images.bin
repair-r	Install official verification toolchain	2026-10-09T00:28:35.8204833Z 30ff2371b060320afcf60fa4e30c6a73855b5b704569e006bccc99262d37548e  data/benchmark/corpus-stage1/lean.txt
repair-r	Install official verification toolchain	2026-10-09T00:28:35.8214324Z f58b5b1ba7cb2061f5a747ac87f84f2508b287219101f4a9d78c9513cb237204  data/benchmark/corpus-stage1/machine-code.bin
repair-r	Install official verification toolchain	2026-10-09T00:28:35.8232177Z 4af8e993743404696f1a54e4d67e88f6a509414aed516b602c230b12e533e75c  data/benchmark/corpus-stage1/metrics.csv.txt
repair-r	Install official verification toolchain	2026-10-09T00:28:35.8249001Z 174352fedf18646ab739edcb5ecea17832e4f8b700aa3f5d4f824e0c6221722e  data/benchmark/corpus-stage1/multibyte.txt
repair-r	Install official verification toolchain	2026-10-09T00:28:35.8259216Z e2d69618c902e4c1847794b6f18ec67bb965da50ff68cda05305485b566e6ff2  data/benchmark/corpus-stage1/page.html.txt
repair-r	Install official verification toolchain	2026-10-09T00:28:35.8281457Z 77bcc8ef22132bc4ef34324dc7897870e76e9b97452d1a3610e7f803a4486f17  data/benchmark/corpus-stage1/prose.txt
repair-r	Install official verification toolchain	2026-10-09T00:28:35.8290422Z 63decf627edee015caecc4a8ab97c8a6d19606fcf115e2a98a9ac837c7ca1646  data/benchmark/corpus-stage1/records.json.txt
repair-r	Install official verification toolchain	2026-10-09T00:28:35.8296669Z d7f2ee8a39592832c2c46089d07fc33c0bf1f985084577849a6db368d90cb700  data/benchmark/corpus-stage1/server.log
repair-r	Install official verification toolchain	2026-10-09T00:28:35.8316037Z b04133d396ba4c81be9b5b9cf096402ed61526a85e2918c8553e3c9c15717cc3  data/benchmark/corpus-stage1/source.c.txt
repair-r	Install official verification toolchain	2026-10-09T00:28:35.8326111Z dd4793f64b001c006b92f74e4488e91d4022893259bd88a2acbdf16cdad7a44b  data/benchmark/corpus-stage1/source.py.txt
repair-r	Install official verification toolchain	2026-10-09T00:28:35.8338549Z 12edca346da882992b772a5686a191324858e46842626967cd89130d4c70bbd3  data/benchmark/corpus-stage1/source.rs.txt
repair-r	Install official verification toolchain	2026-10-09T00:28:35.8346450Z 0f7395da91e686b53af9c818b6b96fa0a2eb7ac0b243a42247319341b8e7d522  data/benchmark/corpus-stage1/sourcemap.map.txt
repair-r	Install official verification toolchain	2026-10-09T00:28:35.8348098Z e5d1db67caf732b985c2226791836f311774b6fe464a5d71e6f3fff3e6725f36  data/benchmark/corpus-stage1/sparse.bin
repair-r	Install official verification toolchain	2026-10-09T00:28:35.8350607Z 0f806a930a41f56b5c9d85f91e81af6e90edf17ee6c66dabd88dcf63e18acf14  data/benchmark/corpus-stage1/tiny-app.log
repair-r	Install official verification toolchain	2026-10-09T00:28:35.8352250Z 4ecee10b0b6b41ba5d1693b70ac95cb03de1a05712739e4bc6641b3af6cb0a73  data/benchmark/corpus-stage1/tiny-config.json.txt
repair-r	Install official verification toolchain	2026-10-09T00:28:35.8361660Z e64e112bd3b2c63509c2dc3e687bb91e7e06dbc4bd13ecbdaac41241d0f03b1f  data/benchmark/corpus-stage1/weights-bf16.bin
repair-r	Install official verification toolchain	2026-10-09T00:28:35.8368526Z 134a2ec77375f13fab74a200a80bc768dd6c3d4403bfccb473b38941fb2ff955  data/benchmark/corpus-stage1/weights-f16.bin
repair-r	Install official verification toolchain	2026-10-09T00:28:35.8375900Z cbb1608ac057ef06f7dd2e6bb0ba32fa6a6ce6f91699c0e9c05f5644acc2c74d  data/benchmark/corpus-stage1/weights-f32.bin
repair-r	Install official verification toolchain	2026-10-09T00:28:35.8381418Z c81adeb809c26ef1dd391c0a640c95b3ad76ebab127d690b5a7fdbe2e412779a  data/benchmark/corpus-stage1/weights-q8.bin
repair-r	Install official verification toolchain	2026-10-09T00:28:35.9345236Z Filesystem      Size  Used Avail Use% Mounted on
repair-r	Install official verification toolchain	2026-10-09T00:28:35.9345727Z /dev/root       145G   49G   97G  34% /
repair-r	Check requested finite equivalence	﻿2026-10-09T00:28:35.9428436Z ##[group]Run export PATH="$HOME/.local/bin:$HOME/.cargo/bin:$ELAN_HOME/bin:$PATH"
repair-r	Check requested finite equivalence	2026-10-09T00:28:35.9429094Z ^[[36;1mexport PATH="$HOME/.local/bin:$HOME/.cargo/bin:$ELAN_HOME/bin:$PATH"^[[0m
repair-r	Check requested finite equivalence	2026-10-09T00:28:35.9429596Z ^[[36;1m"$DEFLATE_ROOT/.venv/bin/python" scripts/research-round4.py^[[0m
repair-r	Check requested finite equivalence	2026-10-09T00:28:36.0179480Z shell: /usr/bin/bash -e {0}
repair-r	Check requested finite equivalence	2026-10-09T00:28:36.0179765Z env:
repair-r	Check requested finite equivalence	2026-10-09T00:28:36.0179970Z   ROUND4_SPEC: repair-r
repair-r	Check requested finite equivalence	2026-10-09T00:28:36.0180229Z   ROUND4_SPEC_DIR: evidence/round13
repair-r	Check requested finite equivalence	2026-10-09T00:28:36.0180567Z   DEFLATE_ROOT: /home/runner/work/_temp/deflate-upstream
repair-r	Check requested finite equivalence	2026-10-09T00:28:36.0180999Z   ELAN_HOME: /home/runner/work/_temp/deflate-upstream/validator/.work/elan
repair-r	Check requested finite equivalence	2026-10-09T00:28:36.0181428Z   XDG_CACHE_HOME: /home/runner/work/_temp/deflate-cache
repair-r	Check requested finite equivalence	2026-10-09T00:28:36.0181804Z   UV_CACHE_DIR: /home/runner/work/_temp/deflate-cache/uv
repair-r	Check requested finite equivalence	2026-10-09T00:28:36.0182123Z   XDG_RUNTIME_DIR: /run/user/1001
repair-r	Check requested finite equivalence	2026-10-09T00:28:36.0182428Z   DBUS_SESSION_BUS_ADDRESS: unix:path=/run/user/1001/bus
repair-r	Check requested finite equivalence	2026-10-09T00:28:36.0182790Z   VERIFY_CORPUS: corpus-stage1
repair-r	Check requested finite equivalence	2026-10-09T00:28:36.0183045Z   VERIFY_SANDBOX: bwrap
repair-r	Check requested finite equivalence	2026-10-09T00:28:36.0183271Z   GIT_TERMINAL_PROMPT: 0
repair-r	Check requested finite equivalence	2026-10-09T00:28:36.0183494Z ##[endgroup]
repair-r	Extract requested research candidates	﻿2026-10-09T00:28:36.0946276Z ##[group]Run export PATH="$HOME/.local/bin:$HOME/.cargo/bin:$ELAN_HOME/bin:$PATH"
repair-r	Extract requested research candidates	2026-10-09T00:28:36.0946901Z ^[[36;1mexport PATH="$HOME/.local/bin:$HOME/.cargo/bin:$ELAN_HOME/bin:$PATH"^[[0m
repair-r	Extract requested research candidates	2026-10-09T00:28:36.0947435Z ^[[36;1m"$DEFLATE_ROOT/.venv/bin/python" scripts/research-round5.py^[[0m
repair-r	Extract requested research candidates	2026-10-09T00:28:36.1008277Z shell: /usr/bin/bash -e {0}
repair-r	Extract requested research candidates	2026-10-09T00:28:36.1008543Z env:
repair-r	Extract requested research candidates	2026-10-09T00:28:36.1008744Z   ROUND4_SPEC: repair-r
repair-r	Extract requested research candidates	2026-10-09T00:28:36.1008995Z   ROUND4_SPEC_DIR: evidence/round13
repair-r	Extract requested research candidates	2026-10-09T00:28:36.1009339Z   DEFLATE_ROOT: /home/runner/work/_temp/deflate-upstream
repair-r	Extract requested research candidates	2026-10-09T00:28:36.1009787Z   ELAN_HOME: /home/runner/work/_temp/deflate-upstream/validator/.work/elan
repair-r	Extract requested research candidates	2026-10-09T00:28:36.1010242Z   XDG_CACHE_HOME: /home/runner/work/_temp/deflate-cache
repair-r	Extract requested research candidates	2026-10-09T00:28:36.1010616Z   UV_CACHE_DIR: /home/runner/work/_temp/deflate-cache/uv
repair-r	Extract requested research candidates	2026-10-09T00:28:36.1010935Z   XDG_RUNTIME_DIR: /run/user/1001
repair-r	Extract requested research candidates	2026-10-09T00:28:36.1011238Z   DBUS_SESSION_BUS_ADDRESS: unix:path=/run/user/1001/bus
repair-r	Extract requested research candidates	2026-10-09T00:28:36.1011603Z   VERIFY_CORPUS: corpus-stage1
repair-r	Extract requested research candidates	2026-10-09T00:28:36.1011851Z   VERIFY_SANDBOX: bwrap
repair-r	Extract requested research candidates	2026-10-09T00:28:36.1012078Z   GIT_TERMINAL_PROMPT: 0
repair-r	Extract requested research candidates	2026-10-09T00:28:36.1012308Z ##[endgroup]
repair-r	Extract requested research candidates	2026-10-09T00:28:37.0624021Z RESEARCH_EXTRACTION r13-542-abs15-isolated 1 PROOF_NOT_RUN
repair-r	Check Round 13 imported and search-changing native sources	﻿2026-10-09T00:28:37.0770116Z ##[group]Run export PATH="$HOME/.local/bin:$HOME/.cargo/bin:$ELAN_HOME/bin:$PATH"
repair-r	Check Round 13 imported and search-changing native sources	2026-10-09T00:28:37.0770731Z ^[[36;1mexport PATH="$HOME/.local/bin:$HOME/.cargo/bin:$ELAN_HOME/bin:$PATH"^[[0m
repair-r	Check Round 13 imported and search-changing native sources	2026-10-09T00:28:37.0771387Z ^[[36;1m"$DEFLATE_ROOT/.venv/bin/python" scripts/research-round13.py^[[0m
repair-r	Check Round 13 imported and search-changing native sources	2026-10-09T00:28:37.0831354Z shell: /usr/bin/bash -e {0}
repair-r	Check Round 13 imported and search-changing native sources	2026-10-09T00:28:37.0831620Z env:
repair-r	Check Round 13 imported and search-changing native sources	2026-10-09T00:28:37.0831820Z   ROUND4_SPEC: repair-r
repair-r	Check Round 13 imported and search-changing native sources	2026-10-09T00:28:37.0832070Z   ROUND4_SPEC_DIR: evidence/round13
repair-r	Check Round 13 imported and search-changing native sources	2026-10-09T00:28:37.0832422Z   DEFLATE_ROOT: /home/runner/work/_temp/deflate-upstream
repair-r	Check Round 13 imported and search-changing native sources	2026-10-09T00:28:37.0832871Z   ELAN_HOME: /home/runner/work/_temp/deflate-upstream/validator/.work/elan
repair-r	Check Round 13 imported and search-changing native sources	2026-10-09T00:28:37.0833299Z   XDG_CACHE_HOME: /home/runner/work/_temp/deflate-cache
repair-r	Check Round 13 imported and search-changing native sources	2026-10-09T00:28:37.0833662Z   UV_CACHE_DIR: /home/runner/work/_temp/deflate-cache/uv
repair-r	Check Round 13 imported and search-changing native sources	2026-10-09T00:28:37.0833989Z   XDG_RUNTIME_DIR: /run/user/1001
repair-r	Check Round 13 imported and search-changing native sources	2026-10-09T00:28:37.0834543Z   DBUS_SESSION_BUS_ADDRESS: unix:path=/run/user/1001/bus
repair-r	Check Round 13 imported and search-changing native sources	2026-10-09T00:28:37.0834900Z   VERIFY_CORPUS: corpus-stage1
repair-r	Check Round 13 imported and search-changing native sources	2026-10-09T00:28:37.0835150Z   VERIFY_SANDBOX: bwrap
repair-r	Check Round 13 imported and search-changing native sources	2026-10-09T00:28:37.0835385Z   GIT_TERMINAL_PROMPT: 0
repair-r	Check Round 13 imported and search-changing native sources	2026-10-09T00:28:37.0835607Z ##[endgroup]
repair-r	Check Round 13 imported and search-changing native sources	2026-10-09T00:28:37.4538362Z Traceback (most recent call last):
repair-r	Check Round 13 imported and search-changing native sources	2026-10-09T00:28:37.4539288Z   File "/home/runner/work/Miner/Miner/scripts/research-round13.py", line 40, in <module>
repair-r	Check Round 13 imported and search-changing native sources	2026-10-09T00:28:37.4539871Z     if __name__=='__main__':main()
repair-r	Check Round 13 imported and search-changing native sources	2026-10-09T00:28:37.4540180Z                             ^^^^^^
repair-r	Check Round 13 imported and search-changing native sources	2026-10-09T00:28:37.4540694Z   File "/home/runner/work/Miner/Miner/scripts/research-round13.py", line 28, in main
repair-r	Check Round 13 imported and search-changing native sources	2026-10-09T00:28:37.4541361Z     exec(main_source,namespace);namespace['main']()
repair-r	Check Round 13 imported and search-changing native sources	2026-10-09T00:28:37.4541951Z                                 ^^^^^^^^^^^^^^^^^^^
repair-r	Check Round 13 imported and search-changing native sources	2026-10-09T00:28:37.4542563Z   File "<string>", line 8, in main
repair-r	Check Round 13 imported and search-changing native sources	2026-10-09T00:28:37.4542983Z AssertionError
repair-r	Check Round 13 imported and search-changing native sources	2026-10-09T00:28:37.4630531Z ##[error]Process completed with exit code 1.
repair-r	Publish early mechanism diagnostics	﻿2026-10-09T00:28:37.4749849Z ##[group]Run actions/upload-artifact@ea165f8d65b6e75b540449e92b4886f43607fa02
repair-r	Publish early mechanism diagnostics	2026-10-09T00:28:37.4750272Z with:
repair-r	Publish early mechanism diagnostics	2026-10-09T00:28:37.4750497Z   name: r13-37864386007-repair-r-diagnostics
repair-r	Publish early mechanism diagnostics	2026-10-09T00:28:37.4751454Z   path: /home/runner/work/_temp/round4-receipts/gap-diagnostics/
repair-r	Publish early mechanism diagnostics	/home/runner/work/_temp/round4-receipts/fast-diagnostics/
repair-r	Publish early mechanism diagnostics	/home/runner/work/_temp/round4-receipts/r13-pc-counts/
repair-r	Publish early mechanism diagnostics	/home/runner/work/_temp/round4-receipts/r13-ef-counts/
repair-r	Publish early mechanism diagnostics	
repair-r	Publish early mechanism diagnostics	2026-10-09T00:28:37.4752404Z   retention-days: 1
repair-r	Publish early mechanism diagnostics	2026-10-09T00:28:37.4752619Z   compression-level: 9
repair-r	Publish early mechanism diagnostics	2026-10-09T00:28:37.4752842Z   if-no-files-found: ignore
repair-r	Publish early mechanism diagnostics	2026-10-09T00:28:37.4753076Z   overwrite: false
repair-r	Publish early mechanism diagnostics	2026-10-09T00:28:37.4753291Z   include-hidden-files: false
repair-r	Publish early mechanism diagnostics	2026-10-09T00:28:37.4753524Z env:
repair-r	Publish early mechanism diagnostics	2026-10-09T00:28:37.4753710Z   ROUND4_SPEC: repair-r
repair-r	Publish early mechanism diagnostics	2026-10-09T00:28:37.4753938Z   ROUND4_SPEC_DIR: evidence/round13
repair-r	Publish early mechanism diagnostics	2026-10-09T00:28:37.4754607Z   DEFLATE_ROOT: /home/runner/work/_temp/deflate-upstream
repair-r	Publish early mechanism diagnostics	2026-10-09T00:28:37.4755051Z   ELAN_HOME: /home/runner/work/_temp/deflate-upstream/validator/.work/elan
repair-r	Publish early mechanism diagnostics	2026-10-09T00:28:37.4755518Z   XDG_CACHE_HOME: /home/runner/work/_temp/deflate-cache
repair-r	Publish early mechanism diagnostics	2026-10-09T00:28:37.4755882Z   UV_CACHE_DIR: /home/runner/work/_temp/deflate-cache/uv
repair-r	Publish early mechanism diagnostics	2026-10-09T00:28:37.4756201Z   XDG_RUNTIME_DIR: /run/user/1001
repair-r	Publish early mechanism diagnostics	2026-10-09T00:28:37.4756498Z   DBUS_SESSION_BUS_ADDRESS: unix:path=/run/user/1001/bus
repair-r	Publish early mechanism diagnostics	2026-10-09T00:28:37.4756814Z   VERIFY_CORPUS: corpus-stage1
repair-r	Publish early mechanism diagnostics	2026-10-09T00:28:37.4757059Z   VERIFY_SANDBOX: bwrap
repair-r	Publish early mechanism diagnostics	2026-10-09T00:28:37.4757288Z   GIT_TERMINAL_PROMPT: 0
repair-r	Publish early mechanism diagnostics	2026-10-09T00:28:37.4757506Z ##[endgroup]
repair-r	Publish early mechanism diagnostics	2026-10-09T00:28:37.7811917Z (node:5833) [DEP0040] DeprecationWarning: The `punycode` module is deprecated. Please use a userland alternative instead.
repair-r	Publish early mechanism diagnostics	2026-10-09T00:28:37.7812705Z (Use `node --trace-deprecation ...` to show where the warning was created)
repair-r	Publish early mechanism diagnostics	2026-10-09T00:28:37.7871226Z Multiple search paths detected. Calculating the least common ancestor of all paths
repair-r	Publish early mechanism diagnostics	2026-10-09T00:28:37.7874650Z The least common ancestor is /home/runner/work/_temp/round4-receipts. This will be the root directory of the artifact
repair-r	Publish early mechanism diagnostics	2026-10-09T00:28:37.7875959Z No files were found with the provided path: /home/runner/work/_temp/round4-receipts/gap-diagnostics/
repair-r	Publish early mechanism diagnostics	2026-10-09T00:28:37.7876518Z /home/runner/work/_temp/round4-receipts/fast-diagnostics/
repair-r	Publish early mechanism diagnostics	2026-10-09T00:28:37.7877666Z /home/runner/work/_temp/round4-receipts/r13-pc-counts/
repair-r	Publish early mechanism diagnostics	2026-10-09T00:28:37.7878509Z /home/runner/work/_temp/round4-receipts/r13-ef-counts/. No artifacts will be uploaded.
repair-r	Publish early extraction diagnostics	﻿2026-10-09T00:28:37.8087424Z ##[group]Run actions/upload-artifact@ea165f8d65b6e75b540449e92b4886f43607fa02
repair-r	Publish early extraction diagnostics	2026-10-09T00:28:37.8087855Z with:
repair-r	Publish early extraction diagnostics	2026-10-09T00:28:37.8088083Z   name: r13-37864386007-repair-r-extraction
repair-r	Publish early extraction diagnostics	2026-10-09T00:28:37.8088435Z   path: /home/runner/work/_temp/round4-receipts/research5/
repair-r	Publish early extraction diagnostics	2026-10-09T00:28:37.8088772Z   retention-days: 1
repair-r	Publish early extraction diagnostics	2026-10-09T00:28:37.8088991Z   compression-level: 9
repair-r	Publish early extraction diagnostics	2026-10-09T00:28:37.8089219Z   if-no-files-found: ignore
repair-r	Publish early extraction diagnostics	2026-10-09T00:28:37.8089457Z   overwrite: false
repair-r	Publish early extraction diagnostics	2026-10-09T00:28:37.8089679Z   include-hidden-files: false
repair-r	Publish early extraction diagnostics	2026-10-09T00:28:37.8089918Z env:
repair-r	Publish early extraction diagnostics	2026-10-09T00:28:37.8090103Z   ROUND4_SPEC: repair-r
repair-r	Publish early extraction diagnostics	2026-10-09T00:28:37.8090337Z   ROUND4_SPEC_DIR: evidence/round13
repair-r	Publish early extraction diagnostics	2026-10-09T00:28:37.8090648Z   DEFLATE_ROOT: /home/runner/work/_temp/deflate-upstream
repair-r	Publish early extraction diagnostics	2026-10-09T00:28:37.8091093Z   ELAN_HOME: /home/runner/work/_temp/deflate-upstream/validator/.work/elan
repair-r	Publish early extraction diagnostics	2026-10-09T00:28:37.8091520Z   XDG_CACHE_HOME: /home/runner/work/_temp/deflate-cache
repair-r	Publish early extraction diagnostics	2026-10-09T00:28:37.8091876Z   UV_CACHE_DIR: /home/runner/work/_temp/deflate-cache/uv
repair-r	Publish early extraction diagnostics	2026-10-09T00:28:37.8092221Z   XDG_RUNTIME_DIR: /run/user/1001
repair-r	Publish early extraction diagnostics	2026-10-09T00:28:37.8092517Z   DBUS_SESSION_BUS_ADDRESS: unix:path=/run/user/1001/bus
repair-r	Publish early extraction diagnostics	2026-10-09T00:28:37.8092836Z   VERIFY_CORPUS: corpus-stage1
repair-r	Publish early extraction diagnostics	2026-10-09T00:28:37.8093079Z   VERIFY_SANDBOX: bwrap
repair-r	Publish early extraction diagnostics	2026-10-09T00:28:37.8093299Z   GIT_TERMINAL_PROMPT: 0
repair-r	Publish early extraction diagnostics	2026-10-09T00:28:37.8093514Z ##[endgroup]
repair-r	Publish early extraction diagnostics	2026-10-09T00:28:37.9823754Z (node:5845) [DEP0040] DeprecationWarning: The `punycode` module is deprecated. Please use a userland alternative instead.
repair-r	Publish early extraction diagnostics	2026-10-09T00:28:37.9825305Z (Use `node --trace-deprecation ...` to show where the warning was created)
repair-r	Publish early extraction diagnostics	2026-10-09T00:28:37.9905797Z With the provided path, there will be 4 files uploaded
repair-r	Publish early extraction diagnostics	2026-10-09T00:28:37.9911305Z Artifact name is valid!
repair-r	Publish early extraction diagnostics	2026-10-09T00:28:37.9912159Z Root directory input is valid!
repair-r	Publish early extraction diagnostics	2026-10-09T00:28:38.2083322Z Beginning upload of artifact content to blob storage
repair-r	Publish early extraction diagnostics	2026-10-09T00:28:38.2355103Z (node:5845) [DEP0169] DeprecationWarning: `url.parse()` behavior is not standardized and prone to errors that have security implications. Use the WHATWG URL API instead. CVEs are not issued for `url.parse()` vulnerabilities.
repair-r	Publish early extraction diagnostics	2026-10-09T00:28:38.2749701Z Uploaded bytes 4488
repair-r	Publish early extraction diagnostics	2026-10-09T00:28:38.2923845Z Finished uploading artifact content to blob storage!
repair-r	Publish early extraction diagnostics	2026-10-09T00:28:38.2925525Z SHA256 digest of uploaded artifact zip is 0df5285d45de3a3dd3ec4db9910e2c7d5383a66699452bd8dbae8b18ba2b85dd
repair-r	Publish early extraction diagnostics	2026-10-09T00:28:38.2927498Z Finalizing artifact upload
repair-r	Publish early extraction diagnostics	2026-10-09T00:28:38.5020052Z Artifact r13-37864386007-repair-r-extraction.zip successfully finalized. Artifact ID 11587808408
repair-r	Publish early extraction diagnostics	2026-10-09T00:28:38.5021356Z Artifact r13-37864386007-repair-r-extraction has been successfully uploaded! Final size is 4488 bytes. Artifact ID is 11587808408
repair-r	Publish early extraction diagnostics	2026-10-09T00:28:38.5028219Z Artifact download URL: https://github.com/HuanHuanHuanFFF/Miner/actions/runs/37864386007/artifacts/11587808408
repair-r	Publish early paired measurement receipt	﻿2026-10-09T00:28:38.5181036Z ##[group]Run actions/upload-artifact@ea165f8d65b6e75b540449e92b4886f43607fa02
repair-r	Publish early paired measurement receipt	2026-10-09T00:28:38.5181475Z with:
repair-r	Publish early paired measurement receipt	2026-10-09T00:28:38.5181692Z   name: r13-37864386007-repair-r-screen
repair-r	Publish early paired measurement receipt	2026-10-09T00:28:38.5182019Z   path: /home/runner/work/_temp/round4-receipts/
repair-r	Publish early paired measurement receipt	2026-10-09T00:28:38.5182325Z   retention-days: 1
repair-r	Publish early paired measurement receipt	2026-10-09T00:28:38.5182543Z   compression-level: 9
repair-r	Publish early paired measurement receipt	2026-10-09T00:28:38.5182781Z   if-no-files-found: ignore
repair-r	Publish early paired measurement receipt	2026-10-09T00:28:38.5183017Z   overwrite: false
repair-r	Publish early paired measurement receipt	2026-10-09T00:28:38.5183237Z   include-hidden-files: false
repair-r	Publish early paired measurement receipt	2026-10-09T00:28:38.5183474Z env:
repair-r	Publish early paired measurement receipt	2026-10-09T00:28:38.5183671Z   ROUND4_SPEC: repair-r
repair-r	Publish early paired measurement receipt	2026-10-09T00:28:38.5183908Z   ROUND4_SPEC_DIR: evidence/round13
repair-r	Publish early paired measurement receipt	2026-10-09T00:28:38.5184576Z   DEFLATE_ROOT: /home/runner/work/_temp/deflate-upstream
repair-r	Publish early paired measurement receipt	2026-10-09T00:28:38.5185019Z   ELAN_HOME: /home/runner/work/_temp/deflate-upstream/validator/.work/elan
repair-r	Publish early paired measurement receipt	2026-10-09T00:28:38.5185648Z   XDG_CACHE_HOME: /home/runner/work/_temp/deflate-cache
repair-r	Publish early paired measurement receipt	2026-10-09T00:28:38.5186011Z   UV_CACHE_DIR: /home/runner/work/_temp/deflate-cache/uv
repair-r	Publish early paired measurement receipt	2026-10-09T00:28:38.5186358Z   XDG_RUNTIME_DIR: /run/user/1001
repair-r	Publish early paired measurement receipt	2026-10-09T00:28:38.5186665Z   DBUS_SESSION_BUS_ADDRESS: unix:path=/run/user/1001/bus
repair-r	Publish early paired measurement receipt	2026-10-09T00:28:38.5186983Z   VERIFY_CORPUS: corpus-stage1
repair-r	Publish early paired measurement receipt	2026-10-09T00:28:38.5187236Z   VERIFY_SANDBOX: bwrap
repair-r	Publish early paired measurement receipt	2026-10-09T00:28:38.5187461Z   GIT_TERMINAL_PROMPT: 0
repair-r	Publish early paired measurement receipt	2026-10-09T00:28:38.5187681Z ##[endgroup]
repair-r	Publish early paired measurement receipt	2026-10-09T00:28:38.6900166Z (node:5857) [DEP0040] DeprecationWarning: The `punycode` module is deprecated. Please use a userland alternative instead.
repair-r	Publish early paired measurement receipt	2026-10-09T00:28:38.6901393Z (Use `node --trace-deprecation ...` to show where the warning was created)
repair-r	Publish early paired measurement receipt	2026-10-09T00:28:38.6977183Z With the provided path, there will be 6 files uploaded
repair-r	Publish early paired measurement receipt	2026-10-09T00:28:38.6984910Z Artifact name is valid!
repair-r	Publish early paired measurement receipt	2026-10-09T00:28:38.6985677Z Root directory input is valid!
repair-r	Publish early paired measurement receipt	2026-10-09T00:28:38.9154511Z Beginning upload of artifact content to blob storage
repair-r	Publish early paired measurement receipt	2026-10-09T00:28:38.9435107Z (node:5857) [DEP0169] DeprecationWarning: `url.parse()` behavior is not standardized and prone to errors that have security implications. Use the WHATWG URL API instead. CVEs are not issued for `url.parse()` vulnerabilities.
repair-r	Publish early paired measurement receipt	2026-10-09T00:28:38.9849254Z Uploaded bytes 6370
repair-r	Publish early paired measurement receipt	2026-10-09T00:28:39.0022018Z Finished uploading artifact content to blob storage!
repair-r	Publish early paired measurement receipt	2026-10-09T00:28:39.0025500Z SHA256 digest of uploaded artifact zip is 59ef4211c48ec5f5a63dd88d2d67c2abd28af932be19b299d45caa67a75a9640
repair-r	Publish early paired measurement receipt	2026-10-09T00:28:39.0026521Z Finalizing artifact upload
repair-r	Publish early paired measurement receipt	2026-10-09T00:28:39.2012164Z Artifact r13-37864386007-repair-r-screen.zip successfully finalized. Artifact ID 11587783451
repair-r	Publish early paired measurement receipt	2026-10-09T00:28:39.2013762Z Artifact r13-37864386007-repair-r-screen has been successfully uploaded! Final size is 6370 bytes. Artifact ID is 11587783451
repair-r	Publish early paired measurement receipt	2026-10-09T00:28:39.2020893Z Artifact download URL: https://github.com/HuanHuanHuanFFF/Miner/actions/runs/37864386007/artifacts/11587783451
repair-r	Publish final evidence without toolchains or binaries	﻿2026-10-09T00:28:39.2162955Z ##[group]Run actions/upload-artifact@ea165f8d65b6e75b540449e92b4886f43607fa02
repair-r	Publish final evidence without toolchains or binaries	2026-10-09T00:28:39.2163391Z with:
repair-r	Publish final evidence without toolchains or binaries	2026-10-09T00:28:39.2163604Z   name: r13-37864386007-repair-r-gate
repair-r	Publish final evidence without toolchains or binaries	2026-10-09T00:28:39.2163921Z   path: /home/runner/work/_temp/round4-receipts/
repair-r	Publish final evidence without toolchains or binaries	2026-10-09T00:28:39.2164621Z   retention-days: 1
repair-r	Publish final evidence without toolchains or binaries	2026-10-09T00:28:39.2164920Z   compression-level: 9
repair-r	Publish final evidence without toolchains or binaries	2026-10-09T00:28:39.2165163Z   if-no-files-found: ignore
repair-r	Publish final evidence without toolchains or binaries	2026-10-09T00:28:39.2165414Z   overwrite: false
repair-r	Publish final evidence without toolchains or binaries	2026-10-09T00:28:39.2165641Z   include-hidden-files: false
repair-r	Publish final evidence without toolchains or binaries	2026-10-09T00:28:39.2165892Z env:
repair-r	Publish final evidence without toolchains or binaries	2026-10-09T00:28:39.2166089Z   ROUND4_SPEC: repair-r
repair-r	Publish final evidence without toolchains or binaries	2026-10-09T00:28:39.2166332Z   ROUND4_SPEC_DIR: evidence/round13
repair-r	Publish final evidence without toolchains or binaries	2026-10-09T00:28:39.2166666Z   DEFLATE_ROOT: /home/runner/work/_temp/deflate-upstream
repair-r	Publish final evidence without toolchains or binaries	2026-10-09T00:28:39.2167116Z   ELAN_HOME: /home/runner/work/_temp/deflate-upstream/validator/.work/elan
repair-r	Publish final evidence without toolchains or binaries	2026-10-09T00:28:39.2167557Z   XDG_CACHE_HOME: /home/runner/work/_temp/deflate-cache
repair-r	Publish final evidence without toolchains or binaries	2026-10-09T00:28:39.2167951Z   UV_CACHE_DIR: /home/runner/work/_temp/deflate-cache/uv
repair-r	Publish final evidence without toolchains or binaries	2026-10-09T00:28:39.2168307Z   XDG_RUNTIME_DIR: /run/user/1001
repair-r	Publish final evidence without toolchains or binaries	2026-10-09T00:28:39.2168619Z   DBUS_SESSION_BUS_ADDRESS: unix:path=/run/user/1001/bus
repair-r	Publish final evidence without toolchains or binaries	2026-10-09T00:28:39.2168956Z   VERIFY_CORPUS: corpus-stage1
repair-r	Publish final evidence without toolchains or binaries	2026-10-09T00:28:39.2169216Z   VERIFY_SANDBOX: bwrap
repair-r	Publish final evidence without toolchains or binaries	2026-10-09T00:28:39.2169465Z   GIT_TERMINAL_PROMPT: 0
repair-r	Publish final evidence without toolchains or binaries	2026-10-09T00:28:39.2169694Z ##[endgroup]
repair-r	Publish final evidence without toolchains or binaries	2026-10-09T00:28:39.3865713Z (node:5870) [DEP0040] DeprecationWarning: The `punycode` module is deprecated. Please use a userland alternative instead.
repair-r	Publish final evidence without toolchains or binaries	2026-10-09T00:28:39.3867207Z (Use `node --trace-deprecation ...` to show where the warning was created)
repair-r	Publish final evidence without toolchains or binaries	2026-10-09T00:28:39.3969824Z With the provided path, there will be 6 files uploaded
repair-r	Publish final evidence without toolchains or binaries	2026-10-09T00:28:39.3971258Z Artifact name is valid!
repair-r	Publish final evidence without toolchains or binaries	2026-10-09T00:28:39.3971798Z Root directory input is valid!
repair-r	Publish final evidence without toolchains or binaries	2026-10-09T00:28:39.5901951Z Beginning upload of artifact content to blob storage
repair-r	Publish final evidence without toolchains or binaries	2026-10-09T00:28:39.6225113Z (node:5870) [DEP0169] DeprecationWarning: `url.parse()` behavior is not standardized and prone to errors that have security implications. Use the WHATWG URL API instead. CVEs are not issued for `url.parse()` vulnerabilities.
repair-r	Publish final evidence without toolchains or binaries	2026-10-09T00:28:39.6697042Z Uploaded bytes 6370
repair-r	Publish final evidence without toolchains or binaries	2026-10-09T00:28:39.6866053Z Finished uploading artifact content to blob storage!
repair-r	Publish final evidence without toolchains or binaries	2026-10-09T00:28:39.6867202Z SHA256 digest of uploaded artifact zip is d3009da726dc03bd3c14fb019ce9d6b06a4b1d94cb52d9f2226e0bb340ca9bc7
repair-r	Publish final evidence without toolchains or binaries	2026-10-09T00:28:39.6869210Z Finalizing artifact upload
repair-r	Publish final evidence without toolchains or binaries	2026-10-09T00:28:39.8992920Z Artifact r13-37864386007-repair-r-gate.zip successfully finalized. Artifact ID 11587524328
repair-r	Publish final evidence without toolchains or binaries	2026-10-09T00:28:39.8993973Z Artifact r13-37864386007-repair-r-gate has been successfully uploaded! Final size is 6370 bytes. Artifact ID is 11587524328
repair-r	Publish final evidence without toolchains or binaries	2026-10-09T00:28:39.9000268Z Artifact download URL: https://github.com/HuanHuanHuanFFF/Miner/actions/runs/37864386007/artifacts/11587524328
repair-r	Post Run actions/checkout@11d5960a326750d5838078e36cf38b85af677262	﻿2026-10-09T00:28:39.9189154Z Post job cleanup.
repair-r	Post Run actions/checkout@11d5960a326750d5838078e36cf38b85af677262	2026-10-09T00:28:40.0050986Z [command]/usr/bin/git version
repair-r	Post Run actions/checkout@11d5960a326750d5838078e36cf38b85af677262	2026-10-09T00:28:40.0119424Z git version 2.55.0
repair-r	Post Run actions/checkout@11d5960a326750d5838078e36cf38b85af677262	2026-10-09T00:28:40.0159511Z Temporarily overriding HOME='/home/runner/work/_temp/f743d30f-190b-4356-b6fe-7a45728f8e9d' before making global git config changes
repair-r	Post Run actions/checkout@11d5960a326750d5838078e36cf38b85af677262	2026-10-09T00:28:40.0160992Z Adding repository directory to the temporary git global config as a safe directory
repair-r	Post Run actions/checkout@11d5960a326750d5838078e36cf38b85af677262	2026-10-09T00:28:40.0166369Z [command]/usr/bin/git config --global --add safe.directory /home/runner/work/Miner/Miner
repair-r	Post Run actions/checkout@11d5960a326750d5838078e36cf38b85af677262	2026-10-09T00:28:40.0206022Z [command]/usr/bin/git config --local --name-only --get-regexp core\.sshCommand
repair-r	Post Run actions/checkout@11d5960a326750d5838078e36cf38b85af677262	2026-10-09T00:28:40.0246381Z [command]/usr/bin/git submodule foreach --recursive sh -c "git config --local --name-only --get-regexp 'core\.sshCommand' && git config --local --unset-all 'core.sshCommand' || :"
repair-r	Post Run actions/checkout@11d5960a326750d5838078e36cf38b85af677262	2026-10-09T00:28:40.0528384Z [command]/usr/bin/git config --local --name-only --get-regexp http\.https\:\/\/github\.com\/\.extraheader
repair-r	Post Run actions/checkout@11d5960a326750d5838078e36cf38b85af677262	2026-10-09T00:28:40.0579598Z [command]/usr/bin/git submodule foreach --recursive sh -c "git config --local --name-only --get-regexp 'http\.https\:\/\/github\.com\/\.extraheader' && git config --local --unset-all 'http.https://github.com/.extraheader' || :"
repair-r	Post Run actions/checkout@11d5960a326750d5838078e36cf38b85af677262	2026-10-09T00:28:40.0861579Z [command]/usr/bin/git config --local --name-only --get-regexp ^includeIf\.gitdir:
repair-r	Post Run actions/checkout@11d5960a326750d5838078e36cf38b85af677262	2026-10-09T00:28:40.0901715Z [command]/usr/bin/git submodule foreach --recursive git config --local --show-origin --name-only --get-regexp remote.origin.url
repair-r	Complete job	﻿2026-10-09T00:28:40.1341477Z Cleaning up orphan processes
repair-r	Complete job	2026-10-09T00:28:40.1879226Z ##[warning]Node.js 20 is deprecated. The following actions target Node.js 20 but are being forced to run on Node.js 24: actions/checkout@11d5960a326750d5838078e36cf38b85af677262, actions/upload-artifact@ea165f8d65b6e75b540449e92b4886f43607fa02. For more information see: https://github.blog/changelog/2025-09-19-deprecation-of-node-20-on-github-actions-runners/
