round18	Set up job	﻿2026-10-09T19:11:17.1984981Z Current runner version: '2.337.0'
round18	Set up job	2026-10-09T19:11:17.2011213Z ##[group]Runner Image Provisioner
round18	Set up job	2026-10-09T19:11:17.2012263Z Hosted Compute Agent
round18	Set up job	2026-10-09T19:11:17.2012894Z Version: 20261002.596
round18	Set up job	2026-10-09T19:11:17.2013704Z Commit: c3d12f3313a95f25162a1503be624f3b0617f8c0
round18	Set up job	2026-10-09T19:11:17.2014478Z Build Date: 2026-10-02T22:28:27Z
round18	Set up job	2026-10-09T19:11:17.2015216Z Worker ID: {050d2ab6-178a-4696-9873-5970d55fe914}
round18	Set up job	2026-10-09T19:11:17.2016038Z Region: westcentralus
round18	Set up job	2026-10-09T19:11:17.2016652Z Cloud: Azure
round18	Set up job	2026-10-09T19:11:17.2017245Z ##[endgroup]
round18	Set up job	2026-10-09T19:11:17.2018756Z ##[group]Operating System
round18	Set up job	2026-10-09T19:11:17.2019456Z Ubuntu
round18	Set up job	2026-10-09T19:11:17.2020075Z 24.04.5
round18	Set up job	2026-10-09T19:11:17.2020781Z LTS
round18	Set up job	2026-10-09T19:11:17.2021417Z ##[endgroup]
round18	Set up job	2026-10-09T19:11:17.2022016Z ##[group]Runner Image
round18	Set up job	2026-10-09T19:11:17.2022685Z Image: ubuntu-24.04
round18	Set up job	2026-10-09T19:11:17.2023345Z Version: 20261004.327.1
round18	Set up job	2026-10-09T19:11:17.2024469Z Included Software: https://github.com/actions/runner-images/blob/ubuntu24/20261004.327/images/ubuntu/Ubuntu2404-Readme.md
round18	Set up job	2026-10-09T19:11:17.2026417Z Image Release: https://github.com/actions/runner-images/releases/tag/ubuntu24%2F20261004.327
round18	Set up job	2026-10-09T19:11:17.2027467Z ##[endgroup]
round18	Set up job	2026-10-09T19:11:17.2028996Z ##[group]GITHUB_TOKEN Permissions
round18	Set up job	2026-10-09T19:11:17.2031479Z Contents: read
round18	Set up job	2026-10-09T19:11:17.2032218Z Metadata: read
round18	Set up job	2026-10-09T19:11:17.2032850Z ##[endgroup]
round18	Set up job	2026-10-09T19:11:17.2034930Z Secret source: Actions
round18	Set up job	2026-10-09T19:11:17.2036052Z Cache mode: write
round18	Set up job	2026-10-09T19:11:17.2036975Z Prepare workflow directory
round18	Set up job	2026-10-09T19:11:17.2587320Z Prepare all required actions
round18	Set up job	2026-10-09T19:11:17.2635895Z Getting action download info
round18	Set up job	2026-10-09T19:11:17.5926854Z Download action repository 'actions/checkout@11d5960a326750d5838078e36cf38b85af677262' (SHA:11d5960a326750d5838078e36cf38b85af677262)
round18	Set up job	2026-10-09T19:11:17.6757236Z Download action repository 'actions/upload-artifact@ea165f8d65b6e75b540449e92b4886f43607fa02' (SHA:ea165f8d65b6e75b540449e92b4886f43607fa02)
round18	Set up job	2026-10-09T19:11:17.9512896Z Complete job name: round18
round18	Run actions/checkout@11d5960a326750d5838078e36cf38b85af677262	﻿2026-10-09T19:11:18.0233432Z ##[group]Run actions/checkout@11d5960a326750d5838078e36cf38b85af677262
round18	Run actions/checkout@11d5960a326750d5838078e36cf38b85af677262	2026-10-09T19:11:18.0234511Z with:
round18	Run actions/checkout@11d5960a326750d5838078e36cf38b85af677262	2026-10-09T19:11:18.0235014Z   persist-credentials: false
round18	Run actions/checkout@11d5960a326750d5838078e36cf38b85af677262	2026-10-09T19:11:18.0235616Z   repository: HuanHuanHuanFFF/Miner
round18	Run actions/checkout@11d5960a326750d5838078e36cf38b85af677262	2026-10-09T19:11:18.0239899Z   token: ***
round18	Run actions/checkout@11d5960a326750d5838078e36cf38b85af677262	2026-10-09T19:11:18.0240390Z   ssh-strict: true
round18	Run actions/checkout@11d5960a326750d5838078e36cf38b85af677262	2026-10-09T19:11:18.0241067Z   ssh-user: git
round18	Run actions/checkout@11d5960a326750d5838078e36cf38b85af677262	2026-10-09T19:11:18.0241548Z   clean: true
round18	Run actions/checkout@11d5960a326750d5838078e36cf38b85af677262	2026-10-09T19:11:18.0242052Z   sparse-checkout-cone-mode: true
round18	Run actions/checkout@11d5960a326750d5838078e36cf38b85af677262	2026-10-09T19:11:18.0242634Z   fetch-depth: 1
round18	Run actions/checkout@11d5960a326750d5838078e36cf38b85af677262	2026-10-09T19:11:18.0243123Z   fetch-tags: false
round18	Run actions/checkout@11d5960a326750d5838078e36cf38b85af677262	2026-10-09T19:11:18.0243626Z   show-progress: true
round18	Run actions/checkout@11d5960a326750d5838078e36cf38b85af677262	2026-10-09T19:11:18.0244147Z   lfs: false
round18	Run actions/checkout@11d5960a326750d5838078e36cf38b85af677262	2026-10-09T19:11:18.0244624Z   submodules: false
round18	Run actions/checkout@11d5960a326750d5838078e36cf38b85af677262	2026-10-09T19:11:18.0245132Z   set-safe-directory: true
round18	Run actions/checkout@11d5960a326750d5838078e36cf38b85af677262	2026-10-09T19:11:18.0245692Z   allow-unsafe-pr-checkout: false
round18	Run actions/checkout@11d5960a326750d5838078e36cf38b85af677262	2026-10-09T19:11:18.0246454Z env:
round18	Run actions/checkout@11d5960a326750d5838078e36cf38b85af677262	2026-10-09T19:11:18.0246927Z   ROUND4_SPEC: screen-t
round18	Run actions/checkout@11d5960a326750d5838078e36cf38b85af677262	2026-10-09T19:11:18.0247472Z   ROUND4_SPEC_DIR: evidence/round18
round18	Run actions/checkout@11d5960a326750d5838078e36cf38b85af677262	2026-10-09T19:11:18.0248086Z   ROUND18_MODE: standard
round18	Run actions/checkout@11d5960a326750d5838078e36cf38b85af677262	2026-10-09T19:11:18.0248648Z ##[endgroup]
round18	Run actions/checkout@11d5960a326750d5838078e36cf38b85af677262	2026-10-09T19:11:18.1320443Z Syncing repository: HuanHuanHuanFFF/Miner
round18	Run actions/checkout@11d5960a326750d5838078e36cf38b85af677262	2026-10-09T19:11:18.1322569Z ##[group]Getting Git version info
round18	Run actions/checkout@11d5960a326750d5838078e36cf38b85af677262	2026-10-09T19:11:18.1323325Z Working directory is '/home/runner/work/Miner/Miner'
round18	Run actions/checkout@11d5960a326750d5838078e36cf38b85af677262	2026-10-09T19:11:18.1324495Z [command]/usr/bin/git version
round18	Run actions/checkout@11d5960a326750d5838078e36cf38b85af677262	2026-10-09T19:11:18.1360864Z git version 2.55.0
round18	Run actions/checkout@11d5960a326750d5838078e36cf38b85af677262	2026-10-09T19:11:18.1391681Z ##[endgroup]
round18	Run actions/checkout@11d5960a326750d5838078e36cf38b85af677262	2026-10-09T19:11:18.1408264Z Temporarily overriding HOME='/home/runner/work/_temp/fcfa18bd-75a7-4aef-a049-73d8f37f2917' before making global git config changes
round18	Run actions/checkout@11d5960a326750d5838078e36cf38b85af677262	2026-10-09T19:11:18.1411246Z Adding repository directory to the temporary git global config as a safe directory
round18	Run actions/checkout@11d5960a326750d5838078e36cf38b85af677262	2026-10-09T19:11:18.1414655Z [command]/usr/bin/git config --global --add safe.directory /home/runner/work/Miner/Miner
round18	Run actions/checkout@11d5960a326750d5838078e36cf38b85af677262	2026-10-09T19:11:18.1476882Z Deleting the contents of '/home/runner/work/Miner/Miner'
round18	Run actions/checkout@11d5960a326750d5838078e36cf38b85af677262	2026-10-09T19:11:18.1482755Z ##[group]Initializing the repository
round18	Run actions/checkout@11d5960a326750d5838078e36cf38b85af677262	2026-10-09T19:11:18.1487865Z [command]/usr/bin/git init /home/runner/work/Miner/Miner
round18	Run actions/checkout@11d5960a326750d5838078e36cf38b85af677262	2026-10-09T19:11:18.1567730Z hint: Using 'master' as the name for the initial branch. This default branch name
round18	Run actions/checkout@11d5960a326750d5838078e36cf38b85af677262	2026-10-09T19:11:18.1569182Z hint: will change to "main" in Git 3.0. To configure the initial branch name
round18	Run actions/checkout@11d5960a326750d5838078e36cf38b85af677262	2026-10-09T19:11:18.1570842Z hint: to use in all of your new repositories, which will suppress this warning,
round18	Run actions/checkout@11d5960a326750d5838078e36cf38b85af677262	2026-10-09T19:11:18.1571603Z hint: call:
round18	Run actions/checkout@11d5960a326750d5838078e36cf38b85af677262	2026-10-09T19:11:18.1572319Z hint:
round18	Run actions/checkout@11d5960a326750d5838078e36cf38b85af677262	2026-10-09T19:11:18.1572846Z hint: 	git config --global init.defaultBranch <name>
round18	Run actions/checkout@11d5960a326750d5838078e36cf38b85af677262	2026-10-09T19:11:18.1573479Z hint:
round18	Run actions/checkout@11d5960a326750d5838078e36cf38b85af677262	2026-10-09T19:11:18.1574063Z hint: Names commonly chosen instead of 'master' are 'main', 'trunk' and
round18	Run actions/checkout@11d5960a326750d5838078e36cf38b85af677262	2026-10-09T19:11:18.1574984Z hint: 'development'. The just-created branch can be renamed via this command:
round18	Run actions/checkout@11d5960a326750d5838078e36cf38b85af677262	2026-10-09T19:11:18.1575721Z hint:
round18	Run actions/checkout@11d5960a326750d5838078e36cf38b85af677262	2026-10-09T19:11:18.1576141Z hint: 	git branch -m <name>
round18	Run actions/checkout@11d5960a326750d5838078e36cf38b85af677262	2026-10-09T19:11:18.1576619Z hint:
round18	Run actions/checkout@11d5960a326750d5838078e36cf38b85af677262	2026-10-09T19:11:18.1577242Z hint: Disable this message with "git config set advice.defaultBranchName false"
round18	Run actions/checkout@11d5960a326750d5838078e36cf38b85af677262	2026-10-09T19:11:18.1583501Z Initialized empty Git repository in /home/runner/work/Miner/Miner/.git/
round18	Run actions/checkout@11d5960a326750d5838078e36cf38b85af677262	2026-10-09T19:11:18.1602165Z [command]/usr/bin/git remote add origin https://github.com/HuanHuanHuanFFF/Miner
round18	Run actions/checkout@11d5960a326750d5838078e36cf38b85af677262	2026-10-09T19:11:18.1642514Z ##[endgroup]
round18	Run actions/checkout@11d5960a326750d5838078e36cf38b85af677262	2026-10-09T19:11:18.1643738Z ##[group]Disabling automatic garbage collection
round18	Run actions/checkout@11d5960a326750d5838078e36cf38b85af677262	2026-10-09T19:11:18.1653029Z [command]/usr/bin/git config --local gc.auto 0
round18	Run actions/checkout@11d5960a326750d5838078e36cf38b85af677262	2026-10-09T19:11:18.1717405Z ##[endgroup]
round18	Run actions/checkout@11d5960a326750d5838078e36cf38b85af677262	2026-10-09T19:11:18.1718646Z ##[group]Setting up auth
round18	Run actions/checkout@11d5960a326750d5838078e36cf38b85af677262	2026-10-09T19:11:18.1725934Z [command]/usr/bin/git config --local --name-only --get-regexp core\.sshCommand
round18	Run actions/checkout@11d5960a326750d5838078e36cf38b85af677262	2026-10-09T19:11:18.1770406Z [command]/usr/bin/git submodule foreach --recursive sh -c "git config --local --name-only --get-regexp 'core\.sshCommand' && git config --local --unset-all 'core.sshCommand' || :"
round18	Run actions/checkout@11d5960a326750d5838078e36cf38b85af677262	2026-10-09T19:11:18.2112876Z [command]/usr/bin/git config --local --name-only --get-regexp http\.https\:\/\/github\.com\/\.extraheader
round18	Run actions/checkout@11d5960a326750d5838078e36cf38b85af677262	2026-10-09T19:11:18.2154286Z [command]/usr/bin/git submodule foreach --recursive sh -c "git config --local --name-only --get-regexp 'http\.https\:\/\/github\.com\/\.extraheader' && git config --local --unset-all 'http.https://github.com/.extraheader' || :"
round18	Run actions/checkout@11d5960a326750d5838078e36cf38b85af677262	2026-10-09T19:11:18.2416407Z [command]/usr/bin/git config --local --name-only --get-regexp ^includeIf\.gitdir:
round18	Run actions/checkout@11d5960a326750d5838078e36cf38b85af677262	2026-10-09T19:11:18.2462475Z [command]/usr/bin/git submodule foreach --recursive git config --local --show-origin --name-only --get-regexp remote.origin.url
round18	Run actions/checkout@11d5960a326750d5838078e36cf38b85af677262	2026-10-09T19:11:18.2728980Z [command]/usr/bin/git config --local http.https://github.com/.extraheader AUTHORIZATION: basic ***
round18	Run actions/checkout@11d5960a326750d5838078e36cf38b85af677262	2026-10-09T19:11:18.2774212Z ##[endgroup]
round18	Run actions/checkout@11d5960a326750d5838078e36cf38b85af677262	2026-10-09T19:11:18.2775441Z ##[group]Fetching the repository
round18	Run actions/checkout@11d5960a326750d5838078e36cf38b85af677262	2026-10-09T19:11:18.2786105Z [command]/usr/bin/git -c protocol.version=2 fetch --no-tags --prune --no-recurse-submodules --depth=1 origin +ed204cc6abbc2929f306e811f33c69d7fcbe7365:refs/remotes/origin/codex/round18-frontier
round18	Run actions/checkout@11d5960a326750d5838078e36cf38b85af677262	2026-10-09T19:11:29.9019566Z From https://github.com/HuanHuanHuanFFF/Miner
round18	Run actions/checkout@11d5960a326750d5838078e36cf38b85af677262	2026-10-09T19:11:29.9022398Z  * [new ref]         ed204cc6abbc2929f306e811f33c69d7fcbe7365 -> origin/codex/round18-frontier
round18	Run actions/checkout@11d5960a326750d5838078e36cf38b85af677262	2026-10-09T19:11:29.9027269Z ##[endgroup]
round18	Run actions/checkout@11d5960a326750d5838078e36cf38b85af677262	2026-10-09T19:11:29.9028922Z ##[group]Determining the checkout info
round18	Run actions/checkout@11d5960a326750d5838078e36cf38b85af677262	2026-10-09T19:11:29.9030192Z ##[endgroup]
round18	Run actions/checkout@11d5960a326750d5838078e36cf38b85af677262	2026-10-09T19:11:29.9033108Z [command]/usr/bin/git sparse-checkout disable
round18	Run actions/checkout@11d5960a326750d5838078e36cf38b85af677262	2026-10-09T19:11:29.9085738Z [command]/usr/bin/git config --local --unset-all extensions.worktreeConfig
round18	Run actions/checkout@11d5960a326750d5838078e36cf38b85af677262	2026-10-09T19:11:29.9122372Z ##[group]Checking out the ref
round18	Run actions/checkout@11d5960a326750d5838078e36cf38b85af677262	2026-10-09T19:11:29.9127571Z [command]/usr/bin/git checkout --progress --force -B codex/round18-frontier refs/remotes/origin/codex/round18-frontier
round18	Run actions/checkout@11d5960a326750d5838078e36cf38b85af677262	2026-10-09T19:11:30.9340486Z Updating files:  38% (4219/10936)
round18	Run actions/checkout@11d5960a326750d5838078e36cf38b85af677262	2026-10-09T19:11:30.9643618Z Updating files:  39% (4266/10936)
round18	Run actions/checkout@11d5960a326750d5838078e36cf38b85af677262	2026-10-09T19:11:31.0049212Z Updating files:  40% (4375/10936)
round18	Run actions/checkout@11d5960a326750d5838078e36cf38b85af677262	2026-10-09T19:11:31.0158376Z Updating files:  41% (4484/10936)
round18	Run actions/checkout@11d5960a326750d5838078e36cf38b85af677262	2026-10-09T19:11:31.0373591Z Updating files:  42% (4594/10936)
round18	Run actions/checkout@11d5960a326750d5838078e36cf38b85af677262	2026-10-09T19:11:31.0567080Z Updating files:  43% (4703/10936)
round18	Run actions/checkout@11d5960a326750d5838078e36cf38b85af677262	2026-10-09T19:11:31.0808947Z Updating files:  44% (4812/10936)
round18	Run actions/checkout@11d5960a326750d5838078e36cf38b85af677262	2026-10-09T19:11:31.1066520Z Updating files:  45% (4922/10936)
round18	Run actions/checkout@11d5960a326750d5838078e36cf38b85af677262	2026-10-09T19:11:31.1281404Z Updating files:  46% (5031/10936)
round18	Run actions/checkout@11d5960a326750d5838078e36cf38b85af677262	2026-10-09T19:11:31.1430178Z Updating files:  47% (5140/10936)
round18	Run actions/checkout@11d5960a326750d5838078e36cf38b85af677262	2026-10-09T19:11:31.1637669Z Updating files:  48% (5250/10936)
round18	Run actions/checkout@11d5960a326750d5838078e36cf38b85af677262	2026-10-09T19:11:31.1855796Z Updating files:  49% (5359/10936)
round18	Run actions/checkout@11d5960a326750d5838078e36cf38b85af677262	2026-10-09T19:11:31.2063977Z Updating files:  50% (5468/10936)
round18	Run actions/checkout@11d5960a326750d5838078e36cf38b85af677262	2026-10-09T19:11:31.2289018Z Updating files:  51% (5578/10936)
round18	Run actions/checkout@11d5960a326750d5838078e36cf38b85af677262	2026-10-09T19:11:31.2560346Z Updating files:  52% (5687/10936)
round18	Run actions/checkout@11d5960a326750d5838078e36cf38b85af677262	2026-10-09T19:11:31.2757064Z Updating files:  53% (5797/10936)
round18	Run actions/checkout@11d5960a326750d5838078e36cf38b85af677262	2026-10-09T19:11:31.2912773Z Updating files:  54% (5906/10936)
round18	Run actions/checkout@11d5960a326750d5838078e36cf38b85af677262	2026-10-09T19:11:31.3091705Z Updating files:  55% (6015/10936)
round18	Run actions/checkout@11d5960a326750d5838078e36cf38b85af677262	2026-10-09T19:11:31.3338059Z Updating files:  56% (6125/10936)
round18	Run actions/checkout@11d5960a326750d5838078e36cf38b85af677262	2026-10-09T19:11:31.3572049Z Updating files:  57% (6234/10936)
round18	Run actions/checkout@11d5960a326750d5838078e36cf38b85af677262	2026-10-09T19:11:31.3831154Z Updating files:  58% (6343/10936)
round18	Run actions/checkout@11d5960a326750d5838078e36cf38b85af677262	2026-10-09T19:11:31.4002645Z Updating files:  59% (6453/10936)
round18	Run actions/checkout@11d5960a326750d5838078e36cf38b85af677262	2026-10-09T19:11:31.4225114Z Updating files:  60% (6562/10936)
round18	Run actions/checkout@11d5960a326750d5838078e36cf38b85af677262	2026-10-09T19:11:31.4441588Z Updating files:  61% (6671/10936)
round18	Run actions/checkout@11d5960a326750d5838078e36cf38b85af677262	2026-10-09T19:11:31.4606643Z Updating files:  62% (6781/10936)
round18	Run actions/checkout@11d5960a326750d5838078e36cf38b85af677262	2026-10-09T19:11:31.4839450Z Updating files:  63% (6890/10936)
round18	Run actions/checkout@11d5960a326750d5838078e36cf38b85af677262	2026-10-09T19:11:31.5163190Z Updating files:  64% (7000/10936)
round18	Run actions/checkout@11d5960a326750d5838078e36cf38b85af677262	2026-10-09T19:11:31.5375427Z Updating files:  65% (7109/10936)
round18	Run actions/checkout@11d5960a326750d5838078e36cf38b85af677262	2026-10-09T19:11:31.5613982Z Updating files:  66% (7218/10936)
round18	Run actions/checkout@11d5960a326750d5838078e36cf38b85af677262	2026-10-09T19:11:31.6286132Z Updating files:  67% (7328/10936)
round18	Run actions/checkout@11d5960a326750d5838078e36cf38b85af677262	2026-10-09T19:11:31.6807883Z Updating files:  68% (7437/10936)
round18	Run actions/checkout@11d5960a326750d5838078e36cf38b85af677262	2026-10-09T19:11:31.7601334Z Updating files:  69% (7546/10936)
round18	Run actions/checkout@11d5960a326750d5838078e36cf38b85af677262	2026-10-09T19:11:31.8352923Z Updating files:  70% (7656/10936)
round18	Run actions/checkout@11d5960a326750d5838078e36cf38b85af677262	2026-10-09T19:11:31.8877469Z Updating files:  71% (7765/10936)
round18	Run actions/checkout@11d5960a326750d5838078e36cf38b85af677262	2026-10-09T19:11:31.9275894Z Updating files:  72% (7874/10936)
round18	Run actions/checkout@11d5960a326750d5838078e36cf38b85af677262	2026-10-09T19:11:31.9295163Z Updating files:  72% (7969/10936)
round18	Run actions/checkout@11d5960a326750d5838078e36cf38b85af677262	2026-10-09T19:11:31.9556879Z Updating files:  73% (7984/10936)
round18	Run actions/checkout@11d5960a326750d5838078e36cf38b85af677262	2026-10-09T19:11:32.0001704Z Updating files:  74% (8093/10936)
round18	Run actions/checkout@11d5960a326750d5838078e36cf38b85af677262	2026-10-09T19:11:32.0331113Z Updating files:  75% (8202/10936)
round18	Run actions/checkout@11d5960a326750d5838078e36cf38b85af677262	2026-10-09T19:11:32.0670339Z Updating files:  76% (8312/10936)
round18	Run actions/checkout@11d5960a326750d5838078e36cf38b85af677262	2026-10-09T19:11:32.0919960Z Updating files:  77% (8421/10936)
round18	Run actions/checkout@11d5960a326750d5838078e36cf38b85af677262	2026-10-09T19:11:32.1147346Z Updating files:  78% (8531/10936)
round18	Run actions/checkout@11d5960a326750d5838078e36cf38b85af677262	2026-10-09T19:11:32.1435694Z Updating files:  79% (8640/10936)
round18	Run actions/checkout@11d5960a326750d5838078e36cf38b85af677262	2026-10-09T19:11:32.1627017Z Updating files:  80% (8749/10936)
round18	Run actions/checkout@11d5960a326750d5838078e36cf38b85af677262	2026-10-09T19:11:32.1893535Z Updating files:  81% (8859/10936)
round18	Run actions/checkout@11d5960a326750d5838078e36cf38b85af677262	2026-10-09T19:11:32.2124453Z Updating files:  82% (8968/10936)
round18	Run actions/checkout@11d5960a326750d5838078e36cf38b85af677262	2026-10-09T19:11:32.2375066Z Updating files:  83% (9077/10936)
round18	Run actions/checkout@11d5960a326750d5838078e36cf38b85af677262	2026-10-09T19:11:32.2529323Z Updating files:  84% (9187/10936)
round18	Run actions/checkout@11d5960a326750d5838078e36cf38b85af677262	2026-10-09T19:11:32.3084426Z Updating files:  85% (9296/10936)
round18	Run actions/checkout@11d5960a326750d5838078e36cf38b85af677262	2026-10-09T19:11:32.3468742Z Updating files:  86% (9405/10936)
round18	Run actions/checkout@11d5960a326750d5838078e36cf38b85af677262	2026-10-09T19:11:32.3857889Z Updating files:  87% (9515/10936)
round18	Run actions/checkout@11d5960a326750d5838078e36cf38b85af677262	2026-10-09T19:11:32.4106531Z Updating files:  88% (9624/10936)
round18	Run actions/checkout@11d5960a326750d5838078e36cf38b85af677262	2026-10-09T19:11:32.4462401Z Updating files:  89% (9734/10936)
round18	Run actions/checkout@11d5960a326750d5838078e36cf38b85af677262	2026-10-09T19:11:32.4705387Z Updating files:  90% (9843/10936)
round18	Run actions/checkout@11d5960a326750d5838078e36cf38b85af677262	2026-10-09T19:11:32.5298054Z Updating files:  91% (9952/10936)
round18	Run actions/checkout@11d5960a326750d5838078e36cf38b85af677262	2026-10-09T19:11:32.5597777Z Updating files:  92% (10062/10936)
round18	Run actions/checkout@11d5960a326750d5838078e36cf38b85af677262	2026-10-09T19:11:32.5811053Z Updating files:  93% (10171/10936)
round18	Run actions/checkout@11d5960a326750d5838078e36cf38b85af677262	2026-10-09T19:11:32.6056076Z Updating files:  94% (10280/10936)
round18	Run actions/checkout@11d5960a326750d5838078e36cf38b85af677262	2026-10-09T19:11:32.6198313Z Updating files:  95% (10390/10936)
round18	Run actions/checkout@11d5960a326750d5838078e36cf38b85af677262	2026-10-09T19:11:32.6500483Z Updating files:  96% (10499/10936)
round18	Run actions/checkout@11d5960a326750d5838078e36cf38b85af677262	2026-10-09T19:11:32.6763452Z Updating files:  97% (10608/10936)
round18	Run actions/checkout@11d5960a326750d5838078e36cf38b85af677262	2026-10-09T19:11:32.6830845Z Updating files:  98% (10718/10936)
round18	Run actions/checkout@11d5960a326750d5838078e36cf38b85af677262	2026-10-09T19:11:32.6913751Z Updating files:  99% (10827/10936)
round18	Run actions/checkout@11d5960a326750d5838078e36cf38b85af677262	2026-10-09T19:11:32.6914421Z Updating files: 100% (10936/10936)
round18	Run actions/checkout@11d5960a326750d5838078e36cf38b85af677262	2026-10-09T19:11:32.6914849Z Updating files: 100% (10936/10936), done.
round18	Run actions/checkout@11d5960a326750d5838078e36cf38b85af677262	2026-10-09T19:11:32.7041211Z Switched to a new branch 'codex/round18-frontier'
round18	Run actions/checkout@11d5960a326750d5838078e36cf38b85af677262	2026-10-09T19:11:32.7046193Z branch 'codex/round18-frontier' set up to track 'origin/codex/round18-frontier'.
round18	Run actions/checkout@11d5960a326750d5838078e36cf38b85af677262	2026-10-09T19:11:32.7157680Z ##[endgroup]
round18	Run actions/checkout@11d5960a326750d5838078e36cf38b85af677262	2026-10-09T19:11:32.7206556Z [command]/usr/bin/git log -1 --format=%H
round18	Run actions/checkout@11d5960a326750d5838078e36cf38b85af677262	2026-10-09T19:11:32.7242268Z ed204cc6abbc2929f306e811f33c69d7fcbe7365
round18	Run actions/checkout@11d5960a326750d5838078e36cf38b85af677262	2026-10-09T19:11:32.7252014Z ##[group]Removing auth
round18	Run actions/checkout@11d5960a326750d5838078e36cf38b85af677262	2026-10-09T19:11:32.7255463Z [command]/usr/bin/git config --local --name-only --get-regexp core\.sshCommand
round18	Run actions/checkout@11d5960a326750d5838078e36cf38b85af677262	2026-10-09T19:11:32.7291484Z [command]/usr/bin/git submodule foreach --recursive sh -c "git config --local --name-only --get-regexp 'core\.sshCommand' && git config --local --unset-all 'core.sshCommand' || :"
round18	Run actions/checkout@11d5960a326750d5838078e36cf38b85af677262	2026-10-09T19:11:32.7555149Z [command]/usr/bin/git config --local --name-only --get-regexp http\.https\:\/\/github\.com\/\.extraheader
round18	Run actions/checkout@11d5960a326750d5838078e36cf38b85af677262	2026-10-09T19:11:32.7585345Z http.https://github.com/.extraheader
round18	Run actions/checkout@11d5960a326750d5838078e36cf38b85af677262	2026-10-09T19:11:32.7592088Z [command]/usr/bin/git config --local --unset-all http.https://github.com/.extraheader
round18	Run actions/checkout@11d5960a326750d5838078e36cf38b85af677262	2026-10-09T19:11:32.7627607Z [command]/usr/bin/git submodule foreach --recursive sh -c "git config --local --name-only --get-regexp 'http\.https\:\/\/github\.com\/\.extraheader' && git config --local --unset-all 'http.https://github.com/.extraheader' || :"
round18	Run actions/checkout@11d5960a326750d5838078e36cf38b85af677262	2026-10-09T19:11:32.7881400Z [command]/usr/bin/git config --local --name-only --get-regexp ^includeIf\.gitdir:
round18	Run actions/checkout@11d5960a326750d5838078e36cf38b85af677262	2026-10-09T19:11:32.7919857Z [command]/usr/bin/git submodule foreach --recursive git config --local --show-origin --name-only --get-regexp remote.origin.url
round18	Run actions/checkout@11d5960a326750d5838078e36cf38b85af677262	2026-10-09T19:11:32.8171217Z ##[endgroup]
round18	Validate frozen inputs and workflow route	﻿2026-10-09T19:11:32.8383022Z ##[group]Run python3 scripts/round18-preflight.py
round18	Validate frozen inputs and workflow route	2026-10-09T19:11:32.8383484Z ^[[36;1mpython3 scripts/round18-preflight.py^[[0m
round18	Validate frozen inputs and workflow route	2026-10-09T19:11:32.8611163Z shell: /usr/bin/bash -e {0}
round18	Validate frozen inputs and workflow route	2026-10-09T19:11:32.8611476Z env:
round18	Validate frozen inputs and workflow route	2026-10-09T19:11:32.8611704Z   ROUND4_SPEC: screen-t
round18	Validate frozen inputs and workflow route	2026-10-09T19:11:32.8611967Z   ROUND4_SPEC_DIR: evidence/round18
round18	Validate frozen inputs and workflow route	2026-10-09T19:11:32.8612236Z   ROUND18_MODE: standard
round18	Validate frozen inputs and workflow route	2026-10-09T19:11:32.8612464Z ##[endgroup]
round18	Validate frozen inputs and workflow route	2026-10-09T19:11:32.9449402Z R18_PREFLIGHT standard 8 hash-bound pairs
round18	Prepare original full validation environment	﻿2026-10-09T19:11:32.9585487Z ##[group]Run bash scripts/ci-prepare.sh
round18	Prepare original full validation environment	2026-10-09T19:11:32.9585842Z ^[[36;1mbash scripts/ci-prepare.sh^[[0m
round18	Prepare original full validation environment	2026-10-09T19:11:32.9656675Z shell: /usr/bin/bash -e {0}
round18	Prepare original full validation environment	2026-10-09T19:11:32.9656936Z env:
round18	Prepare original full validation environment	2026-10-09T19:11:32.9657148Z   ROUND4_SPEC: screen-t
round18	Prepare original full validation environment	2026-10-09T19:11:32.9657415Z   ROUND4_SPEC_DIR: evidence/round18
round18	Prepare original full validation environment	2026-10-09T19:11:32.9657685Z   ROUND18_MODE: standard
round18	Prepare original full validation environment	2026-10-09T19:11:32.9657910Z ##[endgroup]
round18	Prepare original full validation environment	2026-10-09T19:11:32.9885172Z Filesystem      Size  Used Avail Use% Mounted on
round18	Prepare original full validation environment	2026-10-09T19:11:32.9885617Z /dev/root       145G   60G   85G  42% /
round18	Prepare original full validation environment	2026-10-09T19:13:20.4358546Z Reading package lists...
round18	Prepare original full validation environment	2026-10-09T19:13:20.6365462Z Building dependency tree...
round18	Prepare original full validation environment	2026-10-09T19:13:20.6372555Z Reading state information...
round18	Prepare original full validation environment	2026-10-09T19:13:20.8193395Z curl is already the newest version (8.5.0-2ubuntu10.15).
round18	Prepare original full validation environment	2026-10-09T19:13:20.8194137Z python3 is already the newest version (3.12.3-0ubuntu2.1).
round18	Prepare original full validation environment	2026-10-09T19:13:20.8194788Z python3-venv is already the newest version (3.12.3-0ubuntu2.1).
round18	Prepare original full validation environment	2026-10-09T19:13:20.8195431Z git is already the newest version (1:2.55.0-0ppa1~ubuntu24.04.2).
round18	Prepare original full validation environment	2026-10-09T19:13:20.8196057Z git set to manually installed.
round18	Prepare original full validation environment	2026-10-09T19:13:20.8196555Z pkg-config is already the newest version (1.8.1-2build1).
round18	Prepare original full validation environment	2026-10-09T19:13:20.8197077Z libssl-dev is already the newest version (3.0.13-0ubuntu3.16).
round18	Prepare original full validation environment	2026-10-09T19:13:20.8197490Z zlib1g-dev is already the newest version (1:1.3.dfsg-3.1ubuntu2.2).
round18	Prepare original full validation environment	2026-10-09T19:13:20.8197924Z dbus-user-session is already the newest version (1.14.10-4ubuntu4.1).
round18	Prepare original full validation environment	2026-10-09T19:13:20.8198400Z dbus-user-session set to manually installed.
round18	Prepare original full validation environment	2026-10-09T19:13:20.8198880Z The following NEW packages will be installed:
round18	Prepare original full validation environment	2026-10-09T19:13:20.8199342Z   bubblewrap build-essential
round18	Prepare original full validation environment	2026-10-09T19:13:20.8375272Z 0 upgraded, 2 newly installed, 0 to remove and 23 not upgraded.
round18	Prepare original full validation environment	2026-10-09T19:13:20.8375890Z Need to get 55.4 kB of archives.
round18	Prepare original full validation environment	2026-10-09T19:13:20.8376295Z After this operation, 151 kB of additional disk space will be used.
round18	Prepare original full validation environment	2026-10-09T19:13:20.8376717Z Get:1 file:/etc/apt/apt-mirrors.txt Mirrorlist [144 B]
round18	Prepare original full validation environment	2026-10-09T19:13:20.9026693Z Get:2 http://azure.archive.ubuntu.com/ubuntu noble-updates/main amd64 bubblewrap amd64 0.9.0-1ubuntu0.3 [50.4 kB]
round18	Prepare original full validation environment	2026-10-09T19:13:20.9512052Z Get:3 http://azure.archive.ubuntu.com/ubuntu noble/main amd64 build-essential amd64 12.10ubuntu1 [4928 B]
round18	Prepare original full validation environment	2026-10-09T19:13:21.2256433Z Fetched 55.4 kB in 0s (444 kB/s)
round18	Prepare original full validation environment	2026-10-09T19:13:21.2659608Z Selecting previously unselected package bubblewrap.
round18	Prepare original full validation environment	2026-10-09T19:13:21.3293359Z (Reading database ... 
round18	Prepare original full validation environment	2026-10-09T19:13:21.3294010Z (Reading database ... 5%
round18	Prepare original full validation environment	2026-10-09T19:13:21.3294399Z (Reading database ... 10%
round18	Prepare original full validation environment	2026-10-09T19:13:21.3294718Z (Reading database ... 15%
round18	Prepare original full validation environment	2026-10-09T19:13:21.3294961Z (Reading database ... 20%
round18	Prepare original full validation environment	2026-10-09T19:13:21.3295184Z (Reading database ... 25%
round18	Prepare original full validation environment	2026-10-09T19:13:21.3295624Z (Reading database ... 30%
round18	Prepare original full validation environment	2026-10-09T19:13:21.3296026Z (Reading database ... 35%
round18	Prepare original full validation environment	2026-10-09T19:13:21.3296452Z (Reading database ... 40%
round18	Prepare original full validation environment	2026-10-09T19:13:21.3296849Z (Reading database ... 45%
round18	Prepare original full validation environment	2026-10-09T19:13:21.3297167Z (Reading database ... 50%
round18	Prepare original full validation environment	2026-10-09T19:13:21.3786888Z (Reading database ... 55%
round18	Prepare original full validation environment	2026-10-09T19:13:21.7684296Z (Reading database ... 60%
round18	Prepare original full validation environment	2026-10-09T19:13:22.0737332Z (Reading database ... 65%
round18	Prepare original full validation environment	2026-10-09T19:13:22.3999968Z (Reading database ... 70%
round18	Prepare original full validation environment	2026-10-09T19:13:22.7753049Z (Reading database ... 75%
round18	Prepare original full validation environment	2026-10-09T19:13:23.1931856Z (Reading database ... 80%
round18	Prepare original full validation environment	2026-10-09T19:13:23.6435536Z (Reading database ... 85%
round18	Prepare original full validation environment	2026-10-09T19:13:24.1819380Z (Reading database ... 90%
round18	Prepare original full validation environment	2026-10-09T19:13:24.8615606Z (Reading database ... 95%
round18	Prepare original full validation environment	2026-10-09T19:13:24.8616093Z (Reading database ... 100%
round18	Prepare original full validation environment	2026-10-09T19:13:24.8616578Z (Reading database ... 203191 files and directories currently installed.)
round18	Prepare original full validation environment	2026-10-09T19:13:24.8663191Z Preparing to unpack .../bubblewrap_0.9.0-1ubuntu0.3_amd64.deb ...
round18	Prepare original full validation environment	2026-10-09T19:13:24.8687334Z Unpacking bubblewrap (0.9.0-1ubuntu0.3) ...
round18	Prepare original full validation environment	2026-10-09T19:13:24.9028900Z Selecting previously unselected package build-essential.
round18	Prepare original full validation environment	2026-10-09T19:13:24.9157187Z Preparing to unpack .../build-essential_12.10ubuntu1_amd64.deb ...
round18	Prepare original full validation environment	2026-10-09T19:13:24.9165328Z Unpacking build-essential (12.10ubuntu1) ...
round18	Prepare original full validation environment	2026-10-09T19:13:24.9533855Z Setting up bubblewrap (0.9.0-1ubuntu0.3) ...
round18	Prepare original full validation environment	2026-10-09T19:13:24.9580381Z Setting up build-essential (12.10ubuntu1) ...
round18	Prepare original full validation environment	2026-10-09T19:13:24.9597288Z Processing triggers for man-db (2.12.0-4build2) ...
round18	Prepare original full validation environment	2026-10-09T19:13:24.9615027Z Not building database; man-db/auto-update is not 'true'.
round18	Prepare original full validation environment	2026-10-09T19:13:26.2290257Z 
round18	Prepare original full validation environment	2026-10-09T19:13:26.2291073Z Running kernel seems to be up-to-date.
round18	Prepare original full validation environment	2026-10-09T19:13:26.2291449Z 
round18	Prepare original full validation environment	2026-10-09T19:13:26.2291612Z No services need to be restarted.
round18	Prepare original full validation environment	2026-10-09T19:13:26.2291816Z 
round18	Prepare original full validation environment	2026-10-09T19:13:26.2291924Z No containers need to be restarted.
round18	Prepare original full validation environment	2026-10-09T19:13:26.2292112Z 
round18	Prepare original full validation environment	2026-10-09T19:13:26.2292247Z No user sessions are running outdated binaries.
round18	Prepare original full validation environment	2026-10-09T19:13:26.2292461Z 
round18	Prepare original full validation environment	2026-10-09T19:13:26.2292684Z No VM guests are running outdated hypervisor (qemu) binaries on this host.
round18	Prepare original full validation environment	2026-10-09T19:13:27.2012977Z kernel.apparmor_restrict_unprivileged_userns = 0
round18	Prepare original full validation environment	2026-10-09T19:13:27.2323851Z hint: Using 'master' as the name for the initial branch. This default branch name
round18	Prepare original full validation environment	2026-10-09T19:13:27.2324813Z hint: will change to "main" in Git 3.0. To configure the initial branch name
round18	Prepare original full validation environment	2026-10-09T19:13:27.2325562Z hint: to use in all of your new repositories, which will suppress this warning,
round18	Prepare original full validation environment	2026-10-09T19:13:27.2326158Z hint: call:
round18	Prepare original full validation environment	2026-10-09T19:13:27.2326428Z hint:
round18	Prepare original full validation environment	2026-10-09T19:13:27.2326785Z hint: 	git config --global init.defaultBranch <name>
round18	Prepare original full validation environment	2026-10-09T19:13:27.2327229Z hint:
round18	Prepare original full validation environment	2026-10-09T19:13:27.2327655Z hint: Names commonly chosen instead of 'master' are 'main', 'trunk' and
round18	Prepare original full validation environment	2026-10-09T19:13:27.2328496Z hint: 'development'. The just-created branch can be renamed via this command:
round18	Prepare original full validation environment	2026-10-09T19:13:27.2329264Z hint:
round18	Prepare original full validation environment	2026-10-09T19:13:27.2329513Z hint: 	git branch -m <name>
round18	Prepare original full validation environment	2026-10-09T19:13:27.2329744Z hint:
round18	Prepare original full validation environment	2026-10-09T19:13:27.2330057Z hint: Disable this message with "git config set advice.defaultBranchName false"
round18	Prepare original full validation environment	2026-10-09T19:13:27.2330795Z Initialized empty Git repository in /home/runner/work/_temp/deflate-upstream/.git/
round18	Prepare original full validation environment	2026-10-09T19:13:28.4721294Z From https://github.com/conjectures-io/conjectures-optimisation-deflate
round18	Prepare original full validation environment	2026-10-09T19:13:28.4722289Z  * branch            a356bbff18b60c4527fbcc85d5a28ef9c20214e0 -> FETCH_HEAD
round18	Prepare original full validation environment	2026-10-09T19:13:28.5315771Z HEAD is now at a356bbf make the pins telemetry instead of blocking (#30)
round18	Prepare original full validation environment	2026-10-09T19:13:28.5603043Z Official pinned source files: 70/70 match
round18	Prepare original full validation environment	2026-10-09T19:13:28.6018934Z Running as unit: run-u0.service; invocation ID: af573cbb884f4696852c121c3c635e4a
round18	Prepare original full validation environment	2026-10-09T19:13:28.6077049Z Finished with result: success
round18	Prepare original full validation environment	2026-10-09T19:13:28.6077602Z Main processes terminated with: code=exited/status=0
round18	Prepare original full validation environment	2026-10-09T19:13:28.6078097Z Service runtime: 4ms
round18	Prepare original full validation environment	2026-10-09T19:13:28.6078539Z CPU time consumed: 4ms
round18	Prepare original full validation environment	2026-10-09T19:13:28.6078945Z Memory peak: 256.0K
round18	Prepare original full validation environment	2026-10-09T19:13:28.6079354Z Memory swap peak: 0B
round18	Install original verification toolchain	﻿2026-10-09T19:13:28.6167497Z ##[group]Run bash scripts/ci-setup.sh
round18	Install original verification toolchain	2026-10-09T19:13:28.6167814Z ^[[36;1mbash scripts/ci-setup.sh^[[0m
round18	Install original verification toolchain	2026-10-09T19:13:28.6237104Z shell: /usr/bin/bash -e {0}
round18	Install original verification toolchain	2026-10-09T19:13:28.6237471Z env:
round18	Install original verification toolchain	2026-10-09T19:13:28.6237754Z   ROUND4_SPEC: screen-t
round18	Install original verification toolchain	2026-10-09T19:13:28.6238109Z   ROUND4_SPEC_DIR: evidence/round18
round18	Install original verification toolchain	2026-10-09T19:13:28.6238487Z   ROUND18_MODE: standard
round18	Install original verification toolchain	2026-10-09T19:13:28.6238941Z   DEFLATE_ROOT: /home/runner/work/_temp/deflate-upstream
round18	Install original verification toolchain	2026-10-09T19:13:28.6239555Z   ELAN_HOME: /home/runner/work/_temp/deflate-upstream/validator/.work/elan
round18	Install original verification toolchain	2026-10-09T19:13:28.6240180Z   XDG_CACHE_HOME: /home/runner/work/_temp/deflate-cache
round18	Install original verification toolchain	2026-10-09T19:13:28.6240935Z   UV_CACHE_DIR: /home/runner/work/_temp/deflate-cache/uv
round18	Install original verification toolchain	2026-10-09T19:13:28.6241400Z   XDG_RUNTIME_DIR: /run/user/1001
round18	Install original verification toolchain	2026-10-09T19:13:28.6241870Z   DBUS_SESSION_BUS_ADDRESS: unix:path=/run/user/1001/bus
round18	Install original verification toolchain	2026-10-09T19:13:28.6242349Z   VERIFY_CORPUS: corpus-stage1
round18	Install original verification toolchain	2026-10-09T19:13:28.6242738Z   VERIFY_SANDBOX: bwrap
round18	Install original verification toolchain	2026-10-09T19:13:28.6243089Z   GIT_TERMINAL_PROMPT: 0
round18	Install original verification toolchain	2026-10-09T19:13:28.6243477Z ##[endgroup]
round18	Install original verification toolchain	2026-10-09T19:13:29.2134291Z info: syncing channel updates for nightly-2026-08-18-x86_64-unknown-linux-gnu
round18	Install original verification toolchain	2026-10-09T19:13:29.6432462Z info: latest update on 2026-08-18 for version 1.100.0-nightly (8fa1c96cf 2026-08-17)
round18	Install original verification toolchain	2026-10-09T19:13:29.6433024Z info: downloading 6 components
round18	Install original verification toolchain	2026-10-09T19:13:51.1289620Z 
round18	Install original verification toolchain	2026-10-09T19:13:51.1364642Z   nightly-2026-08-18-x86_64-unknown-linux-gnu installed - rustc 1.100.0-nightly (8fa1c96cf 2026-08-17)
round18	Install original verification toolchain	2026-10-09T19:13:51.1365125Z 
round18	Install original verification toolchain	2026-10-09T19:13:51.1365753Z info: checking for self-update (current version: 1.29.1)
round18	Install original verification toolchain	2026-10-09T19:13:51.2032330Z 
round18	Install original verification toolchain	2026-10-09T19:13:51.2032967Z ^[[1m1/9  System packages^[[0m
round18	Install original verification toolchain	2026-10-09T19:13:51.2038070Z   ^[[32m✓^[[0m cc, curl, python3, git, bubblewrap present
round18	Install original verification toolchain	2026-10-09T19:13:51.2038496Z 
round18	Install original verification toolchain	2026-10-09T19:13:51.2038694Z ^[[1m2/9  just (1.58.0)^[[0m
round18	Install original verification toolchain	2026-10-09T19:13:51.2039269Z   ^[[33m·^[[0m installing into ~/.local/bin
round18	Install original verification toolchain	2026-10-09T19:13:51.6809638Z   ^[[32m✓^[[0m installed ~/.local/bin/just
round18	Install original verification toolchain	2026-10-09T19:13:51.6815616Z 
round18	Install original verification toolchain	2026-10-09T19:13:51.6815946Z ^[[1m3/9  uv (0.12.15)^[[0m
round18	Install original verification toolchain	2026-10-09T19:13:51.6818067Z   ^[[33m·^[[0m installing into ~/.local/bin
round18	Install original verification toolchain	2026-10-09T19:13:52.6908877Z   ^[[32m✓^[[0m installed ~/.local/bin/uv
round18	Install original verification toolchain	2026-10-09T19:13:52.6915183Z 
round18	Install original verification toolchain	2026-10-09T19:13:52.6915599Z ^[[1m4/9  Python environment (.venv, from pyproject.toml)^[[0m
round18	Install original verification toolchain	2026-10-09T19:13:52.6916267Z   ^[[33m·^[[0m syncing .venv from pyproject.toml
round18	Install original verification toolchain	2026-10-09T19:13:55.0135919Z   ^[[32m✓^[[0m .venv ready
round18	Install original verification toolchain	2026-10-09T19:13:55.0321956Z   ^[[33m·^[[0m bittensor SDK absent - miners do not need it; validators run ./setup.sh --chain
round18	Install original verification toolchain	2026-10-09T19:13:55.0322447Z 
round18	Install original verification toolchain	2026-10-09T19:13:55.0322608Z ^[[1m5/9  Trusted-input audit^[[0m
round18	Install original verification toolchain	2026-10-09T19:13:55.0323064Z   ^[[32m✓^[[0m gate worker records observed code and benchmark identities
round18	Install original verification toolchain	2026-10-09T19:13:55.0323356Z 
round18	Install original verification toolchain	2026-10-09T19:13:55.0323491Z ^[[1m6/9  Configuration (.env)^[[0m
round18	Install original verification toolchain	2026-10-09T19:13:55.0342461Z   ^[[32m✓^[[0m created .env from .env.example - edit it for a validator
round18	Install original verification toolchain	2026-10-09T19:13:55.0342951Z 
round18	Install original verification toolchain	2026-10-09T19:13:55.0343362Z ^[[1m7/9  Scoring corpus (corpus-stage1, the benchmark default)^[[0m
round18	Install original verification toolchain	2026-10-09T19:13:55.0344039Z   ^[[33m·^[[0m fetching corpus-stage1 (and corpus-stage2, if reachable)
round18	Install original verification toolchain	2026-10-09T19:13:55.0390170Z bash /home/runner/work/_temp/deflate-upstream/scripts/pull-corpus.sh 
round18	Install original verification toolchain	2026-10-09T19:13:56.4186257Z stage 1  28 files, 15930000 bytes, at 0260078
round18	Install original verification toolchain	2026-10-09T19:13:56.6384015Z stage 2  unavailable (https://github.com/conjectures-io/conjectures-compression-corpus-2) -- skipping the held-out corpus.
round18	Install original verification toolchain	2026-10-09T19:13:56.6395198Z   ^[[32m✓^[[0m data/benchmark/corpus-stage1 ready
round18	Install original verification toolchain	2026-10-09T19:14:00.5298761Z     Updating crates.io index
round18	Install original verification toolchain	2026-10-09T19:14:01.1525602Z  Downloading crates ...
round18	Install original verification toolchain	2026-10-09T19:14:01.2810750Z   Downloaded zmij v1.0.23
round18	Install original verification toolchain	2026-10-09T19:14:01.3014645Z   Downloaded itoa v1.0.18
round18	Install original verification toolchain	2026-10-09T19:14:01.3181200Z   Downloaded quote v1.0.47
round18	Install original verification toolchain	2026-10-09T19:14:01.3259488Z   Downloaded unicode-ident v1.0.26
round18	Install original verification toolchain	2026-10-09T19:14:01.3328922Z   Downloaded proc-macro2 v1.0.107
round18	Install original verification toolchain	2026-10-09T19:14:01.3407351Z   Downloaded serde_core v1.0.229
round18	Install original verification toolchain	2026-10-09T19:14:01.3436236Z   Downloaded memchr v2.8.3
round18	Install original verification toolchain	2026-10-09T19:14:01.3514196Z   Downloaded serde_json v1.0.151
round18	Install original verification toolchain	2026-10-09T19:14:01.3590800Z   Downloaded syn v2.0.119
round18	Install original verification toolchain	2026-10-09T19:14:01.3917652Z    Compiling proc-macro2 v1.0.107
round18	Install original verification toolchain	2026-10-09T19:14:01.3921651Z    Compiling serde_core v1.0.229
round18	Install original verification toolchain	2026-10-09T19:14:01.3922106Z    Compiling zmij v1.0.23
round18	Install original verification toolchain	2026-10-09T19:14:01.3922474Z    Compiling quote v1.0.47
round18	Install original verification toolchain	2026-10-09T19:14:07.2062325Z    Compiling unicode-ident v1.0.26
round18	Install original verification toolchain	2026-10-09T19:14:07.2226083Z    Compiling serde_json v1.0.151
round18	Install original verification toolchain	2026-10-09T19:14:07.5650451Z    Compiling memchr v2.8.3
round18	Install original verification toolchain	2026-10-09T19:14:09.2382613Z    Compiling itoa v1.0.18
round18	Install original verification toolchain	2026-10-09T19:14:09.2772020Z    Compiling syn v2.0.119
round18	Install original verification toolchain	2026-10-09T19:14:18.0107240Z    Compiling submission-precheck v0.1.0 (/home/runner/work/_temp/deflate-upstream/validator/precheck)
round18	Install original verification toolchain	2026-10-09T19:14:19.2865624Z     Finished `release` profile [optimized] target(s) in 22.11s
round18	Install original verification toolchain	2026-10-09T19:14:19.3128988Z 
round18	Install original verification toolchain	2026-10-09T19:14:19.3129876Z ^[[1m8/9  Slot (validator/slot/src/parse.rs is a symlink to generated/, gitignored)^[[0m
round18	Install original verification toolchain	2026-10-09T19:14:19.3163558Z   ^[[32m✓^[[0m seeded validator/slot/generated/parse.rs from miner/template
round18	Install original verification toolchain	2026-10-09T19:14:19.3163908Z 
round18	Install original verification toolchain	2026-10-09T19:14:19.3164114Z ^[[1m9/9  Toolchain: Lean, Aeneas, Charon, Mathlib^[[0m
round18	Install original verification toolchain	2026-10-09T19:14:19.3231808Z 
round18	Install original verification toolchain	2026-10-09T19:14:19.3232166Z ^[[1m1/6  Lean toolchain (leanprover/lean4:v4.31.0)^[[0m
round18	Install original verification toolchain	2026-10-09T19:14:19.3232965Z   ^[[33m·^[[0m elan not found — installing into /home/runner/work/_temp/deflate-upstream/validator/.work/elan
round18	Install original verification toolchain	2026-10-09T19:14:19.9027111Z info: default toolchain set to 'leanprover/lean4:v4.31.0'
round18	Install original verification toolchain	2026-10-09T19:14:19.9084740Z   ^[[32m✓^[[0m installed elan at /home/runner/work/_temp/deflate-upstream/validator/.work/elan
round18	Install original verification toolchain	2026-10-09T19:14:32.2560396Z   ^[[32m✓^[[0m Lean (version 4.31.0, x86_64-unknown-linux-gnu, commit 68218e876d2a38b1985b8590fff244a83c321783, Release)
round18	Install original verification toolchain	2026-10-09T19:14:32.2561113Z 
round18	Install original verification toolchain	2026-10-09T19:14:32.2561361Z ^[[1m2/6  Aeneas + Charon (nightly-2026.08.27-5b9dcf3 release)^[[0m
round18	Install original verification toolchain	2026-10-09T19:14:32.2562016Z   ^[[33m·^[[0m not found — fetching the nightly-2026.08.27-5b9dcf3 release (~120 MB)
round18	Install original verification toolchain	2026-10-09T19:14:36.3496901Z   ^[[32m✓^[[0m installed aeneas and charon at /home/runner/work/_temp/deflate-upstream/validator/.work/aeneas
round18	Install original verification toolchain	2026-10-09T19:14:36.3497623Z 
round18	Install original verification toolchain	2026-10-09T19:14:36.3498131Z ^[[1m3/6  Rust nightly for charon-driver (nightly-2026-08-18 + rustc-dev)^[[0m
round18	Install original verification toolchain	2026-10-09T19:14:36.3582276Z   ^[[32m✓^[[0m nightly-2026-08-18 installed
round18	Install original verification toolchain	2026-10-09T19:14:36.3582620Z 
round18	Install original verification toolchain	2026-10-09T19:14:36.3582844Z ^[[1m4/6  Lean dependencies (Aeneas backend + Mathlib)^[[0m
round18	Install original verification toolchain	2026-10-09T19:14:36.3583522Z   ^[[33m·^[[0m no shared checkout — fetching our own (~7 GB, ~10 min)
round18	Install original verification toolchain	2026-10-09T19:14:36.4051687Z info: aeneas: cloning https://github.com/AeneasVerif/aeneas
round18	Install original verification toolchain	2026-10-09T19:14:39.4812290Z info: aeneas: checking out revision '5b9dcf33dccdb1560ea7203ac57ea202476b6ed3'
round18	Install original verification toolchain	2026-10-09T19:14:39.5723083Z info: toolchain not updated; already up-to-date
round18	Install original verification toolchain	2026-10-09T19:14:40.0470954Z info: mathlib: cloning https://github.com/leanprover-community/mathlib4.git
round18	Install original verification toolchain	2026-10-09T19:15:12.9254302Z info: mathlib: checking out revision 'fabf563a7c95a166b8d7b6efca11c8b4dc9d911f'
round18	Install original verification toolchain	2026-10-09T19:15:15.0064838Z info: plausible: cloning https://github.com/leanprover-community/plausible
round18	Install original verification toolchain	2026-10-09T19:15:15.5395326Z info: plausible: checking out revision '63045536fe95024e6c18fc7b48e03f506701c5bc'
round18	Install original verification toolchain	2026-10-09T19:15:15.5528488Z info: LeanSearchClient: cloning https://github.com/leanprover-community/LeanSearchClient
round18	Install original verification toolchain	2026-10-09T19:15:16.0853968Z info: LeanSearchClient: checking out revision 'c5d5b8fe6e5158def25cd28eb94e4141ad97c843'
round18	Install original verification toolchain	2026-10-09T19:15:16.0970341Z info: importGraph: cloning https://github.com/leanprover-community/import-graph
round18	Install original verification toolchain	2026-10-09T19:15:16.7924416Z info: importGraph: checking out revision '5c7542ed018c78194f1e2b903eaf6a792b74c03d'
round18	Install original verification toolchain	2026-10-09T19:15:16.8097585Z info: proofwidgets: cloning https://github.com/leanprover-community/ProofWidgets4
round18	Install original verification toolchain	2026-10-09T19:15:17.9049832Z info: proofwidgets: checking out revision '24b0d9dc081c5423f8eec7e866c441e5184f29d9'
round18	Install original verification toolchain	2026-10-09T19:15:18.5728510Z info: aesop: cloning https://github.com/leanprover-community/aesop
round18	Install original verification toolchain	2026-10-09T19:15:19.7821325Z info: aesop: checking out revision 'e3cb2f741431ce31bf73549fb52316a57368b06f'
round18	Install original verification toolchain	2026-10-09T19:15:19.8032002Z info: Qq: cloning https://github.com/leanprover-community/quote4
round18	Install original verification toolchain	2026-10-09T19:15:20.4022217Z info: Qq: checking out revision 'f46324995fca5f0483b742e4eb4daec7f4ee50d2'
round18	Install original verification toolchain	2026-10-09T19:15:20.4176188Z info: batteries: cloning https://github.com/leanprover-community/batteries
round18	Install original verification toolchain	2026-10-09T19:15:28.5200462Z info: batteries: checking out revision 'fa08db58b30eb033edcdab331bba000827f9f785'
round18	Install original verification toolchain	2026-10-09T19:15:28.5586526Z info: Cli: cloning https://github.com/leanprover/lean4-cli
round18	Install original verification toolchain	2026-10-09T19:15:29.1174668Z info: Cli: checking out revision '92564e5770e4d09f2d86dfbf8ada1e9c715b384c'
round18	Install original verification toolchain	2026-10-09T19:15:29.1303747Z info: mathlib: running post-update hooks
round18	Install original verification toolchain	2026-10-09T19:15:30.2371949Z ✔ [4/24] Built Batteries.Data.String.Basic (507ms)
round18	Install original verification toolchain	2026-10-09T19:15:30.3381833Z ✔ [5/24] Built Cache.Lean (618ms)
round18	Install original verification toolchain	2026-10-09T19:15:30.4454420Z ✔ [6/24] Built Batteries.Data.String.Basic:c.o (170ms)
round18	Install original verification toolchain	2026-10-09T19:15:30.6472324Z ✔ [7/24] Built Cache.Init (470ms)
round18	Install original verification toolchain	2026-10-09T19:15:30.7437743Z ✔ [8/24] Built Cache.Lean:c.o (277ms)
round18	Install original verification toolchain	2026-10-09T19:15:30.7451900Z ✔ [9/24] Built Cache.Init:c.o (129ms)
round18	Install original verification toolchain	2026-10-09T19:15:30.9462255Z ✔ [10/24] Built Batteries.Data.Array.Match (1.3s)
round18	Install original verification toolchain	2026-10-09T19:15:31.2443670Z ✔ [11/24] Built Batteries.Tactic.OpenPrivate (1.5s)
round18	Install original verification toolchain	2026-10-09T19:15:31.3462077Z ✔ [12/24] Built Batteries.Data.Array.Match:c.o (373ms)
round18	Install original verification toolchain	2026-10-09T19:15:31.4443677Z ✔ [13/24] Built Batteries.Data.String.Matcher (504ms)
round18	Install original verification toolchain	2026-10-09T19:15:31.7449952Z ✔ [14/24] Built Batteries.Data.String.Matcher:c.o (246ms)
round18	Install original verification toolchain	2026-10-09T19:15:32.5455181Z ✔ [15/24] Built Batteries.Tactic.OpenPrivate:c.o (1.4s)
round18	Install original verification toolchain	2026-10-09T19:15:32.9458863Z ✔ [16/24] Built Cache.IO (1.7s)
round18	Install original verification toolchain	2026-10-09T19:15:33.7482064Z ✔ [17/24] Built Cache.Hashing (832ms)
round18	Install original verification toolchain	2026-10-09T19:15:34.2479402Z ✔ [18/24] Built Cache.Hashing:c.o (563ms)
round18	Install original verification toolchain	2026-10-09T19:15:34.4481394Z ✔ [19/24] Built Cache.IO:c.o (1.5s)
round18	Install original verification toolchain	2026-10-09T19:15:35.8502886Z ✔ [20/24] Built Cache.Requests (2.1s)
round18	Install original verification toolchain	2026-10-09T19:15:36.7530951Z ✔ [21/24] Built Cache.Main (963ms)
round18	Install original verification toolchain	2026-10-09T19:15:37.3537625Z ✔ [22/24] Built Cache.Main:c.o (593ms)
round18	Install original verification toolchain	2026-10-09T19:15:38.0545291Z ✔ [23/24] Built Cache.Requests:c.o (2.2s)
round18	Install original verification toolchain	2026-10-09T19:15:38.7559169Z ✔ [24/24] Built cache:exe (709ms)
round18	Install original verification toolchain	2026-10-09T19:15:42.1300915Z Current branch: HEAD
round18	Install original verification toolchain	2026-10-09T19:15:42.1301657Z Using cache (Azure) from origin: (some leanprover-community/mathlib4)
round18	Install original verification toolchain	2026-10-09T19:15:42.1302480Z Attempting to download 8542 file(s) from leanprover-community/mathlib4 cache
round18	Install original verification toolchain	2026-10-09T19:15:43.2700783Z 
round18	Install original verification toolchain	2026-10-09T19:15:43.3708233Z Downloaded: 1 file(s) [attempted 1/8542 = 0%, 16 KB/s], Decompressed: 0
round18	Install original verification toolchain	2026-10-09T19:15:43.4751952Z Downloaded: 104 file(s) [attempted 104/8542 = 1%, 1474 KB/s], Decompressed: 7
round18	Install original verification toolchain	2026-10-09T19:15:43.5786891Z Downloaded: 249 file(s) [attempted 249/8542 = 2%, 987 KB/s], Decompressed: 34
round18	Install original verification toolchain	2026-10-09T19:15:43.6792427Z Downloaded: 397 file(s) [attempted 397/8542 = 4%, 3581 KB/s], Decompressed: 34
round18	Install original verification toolchain	2026-10-09T19:15:43.7886929Z Downloaded: 538 file(s) [attempted 538/8542 = 6%, 1249 KB/s], Decompressed: 34
round18	Install original verification toolchain	2026-10-09T19:15:43.8898215Z Downloaded: 655 file(s) [attempted 655/8542 = 7%, 4736 KB/s], Decompressed: 34
round18	Install original verification toolchain	2026-10-09T19:15:44.0011907Z Downloaded: 807 file(s) [attempted 807/8542 = 9%, 1937 KB/s], Decompressed: 34
round18	Install original verification toolchain	2026-10-09T19:15:44.0962800Z Downloaded: 962 file(s) [attempted 962/8542 = 11%, 1153 KB/s], Decompressed: 174
round18	Install original verification toolchain	2026-10-09T19:15:44.2041808Z Downloaded: 1091 file(s) [attempted 1091/8542 = 12%, 1351 KB/s], Decompressed: 174
round18	Install original verification toolchain	2026-10-09T19:15:44.3041829Z Downloaded: 1229 file(s) [attempted 1229/8542 = 14%, 2776 KB/s], Decompressed: 174
round18	Install original verification toolchain	2026-10-09T19:15:44.4021769Z Downloaded: 1358 file(s) [attempted 1358/8542 = 15%, 617 KB/s], Decompressed: 174
round18	Install original verification toolchain	2026-10-09T19:15:44.5035816Z Downloaded: 1447 file(s) [attempted 1447/8542 = 16%, 2531 KB/s], Decompressed: 174
round18	Install original verification toolchain	2026-10-09T19:15:44.6041818Z Downloaded: 1562 file(s) [attempted 1562/8542 = 18%, 809 KB/s], Decompressed: 174
round18	Install original verification toolchain	2026-10-09T19:15:44.7011483Z Downloaded: 1708 file(s) [attempted 1708/8542 = 19%, 4308 KB/s], Decompressed: 174
round18	Install original verification toolchain	2026-10-09T19:15:44.8191984Z Downloaded: 1852 file(s) [attempted 1852/8542 = 21%, 293 KB/s], Decompressed: 174
round18	Install original verification toolchain	2026-10-09T19:15:44.9256378Z Downloaded: 1997 file(s) [attempted 1997/8542 = 23%, 11228 KB/s], Decompressed: 174
round18	Install original verification toolchain	2026-10-09T19:15:45.0274801Z Downloaded: 2163 file(s) [attempted 2163/8542 = 25%, 679 KB/s], Decompressed: 174
round18	Install original verification toolchain	2026-10-09T19:15:45.1282090Z Downloaded: 2327 file(s) [attempted 2327/8542 = 27%, 847 KB/s], Decompressed: 174
round18	Install original verification toolchain	2026-10-09T19:15:45.2260481Z Downloaded: 2440 file(s) [attempted 2440/8542 = 28%, 2352 KB/s], Decompressed: 174
round18	Install original verification toolchain	2026-10-09T19:15:45.3392407Z Downloaded: 2571 file(s) [attempted 2571/8542 = 30%, 329 KB/s], Decompressed: 174
round18	Install original verification toolchain	2026-10-09T19:15:45.4411699Z Downloaded: 2685 file(s) [attempted 2685/8542 = 31%, 329 KB/s], Decompressed: 174
round18	Install original verification toolchain	2026-10-09T19:15:45.5482085Z Downloaded: 2835 file(s) [attempted 2835/8542 = 33%, 4984 KB/s], Decompressed: 174
round18	Install original verification toolchain	2026-10-09T19:15:45.6472046Z Downloaded: 2994 file(s) [attempted 2994/8542 = 35%, 1858 KB/s], Decompressed: 174
round18	Install original verification toolchain	2026-10-09T19:15:45.7471238Z Downloaded: 3161 file(s) [attempted 3161/8542 = 37%, 1878 KB/s], Decompressed: 174
round18	Install original verification toolchain	2026-10-09T19:15:45.8537253Z Downloaded: 3287 file(s) [attempted 3287/8542 = 38%, 1653 KB/s], Decompressed: 174
round18	Install original verification toolchain	2026-10-09T19:15:45.9611567Z Downloaded: 3428 file(s) [attempted 3428/8542 = 40%, 514 KB/s], Decompressed: 174
round18	Install original verification toolchain	2026-10-09T19:15:46.0598969Z Downloaded: 3577 file(s) [attempted 3577/8542 = 41%, 162 KB/s], Decompressed: 174
round18	Install original verification toolchain	2026-10-09T19:15:46.1621908Z Downloaded: 3739 file(s) [attempted 3739/8542 = 43%, 7250 KB/s], Decompressed: 174
round18	Install original verification toolchain	2026-10-09T19:15:46.2757424Z Downloaded: 3854 file(s) [attempted 3854/8542 = 45%, 2605 KB/s], Decompressed: 174
round18	Install original verification toolchain	2026-10-09T19:15:46.3764505Z Downloaded: 4004 file(s) [attempted 4004/8542 = 46%, 1685 KB/s], Decompressed: 174
round18	Install original verification toolchain	2026-10-09T19:15:46.4769807Z Downloaded: 4153 file(s) [attempted 4153/8542 = 48%, 704 KB/s], Decompressed: 174
round18	Install original verification toolchain	2026-10-09T19:15:46.5771735Z Downloaded: 4308 file(s) [attempted 4308/8542 = 50%, 506 KB/s], Decompressed: 174
round18	Install original verification toolchain	2026-10-09T19:15:46.6776697Z Downloaded: 4411 file(s) [attempted 4411/8542 = 51%, 2575 KB/s], Decompressed: 174
round18	Install original verification toolchain	2026-10-09T19:15:46.7811881Z Downloaded: 4599 file(s) [attempted 4599/8542 = 53%, 2410 KB/s], Decompressed: 911
round18	Install original verification toolchain	2026-10-09T19:15:46.8851664Z Downloaded: 4758 file(s) [attempted 4758/8542 = 55%, 158 KB/s], Decompressed: 911
round18	Install original verification toolchain	2026-10-09T19:15:46.9874553Z Downloaded: 4924 file(s) [attempted 4924/8542 = 57%, 2604 KB/s], Decompressed: 911
round18	Install original verification toolchain	2026-10-09T19:15:47.0890388Z Downloaded: 5088 file(s) [attempted 5088/8542 = 59%, 2549 KB/s], Decompressed: 911
round18	Install original verification toolchain	2026-10-09T19:15:47.1926588Z Downloaded: 5265 file(s) [attempted 5265/8542 = 61%, 1018 KB/s], Decompressed: 911
round18	Install original verification toolchain	2026-10-09T19:15:47.2961966Z Downloaded: 5423 file(s) [attempted 5423/8542 = 63%, 557 KB/s], Decompressed: 911
round18	Install original verification toolchain	2026-10-09T19:15:47.3942925Z Downloaded: 5582 file(s) [attempted 5582/8542 = 65%, 713 KB/s], Decompressed: 911
round18	Install original verification toolchain	2026-10-09T19:15:47.4981730Z Downloaded: 5711 file(s) [attempted 5711/8542 = 66%, 315 KB/s], Decompressed: 911
round18	Install original verification toolchain	2026-10-09T19:15:47.5938309Z Downloaded: 5894 file(s) [attempted 5894/8542 = 69%, 260 KB/s], Decompressed: 911
round18	Install original verification toolchain	2026-10-09T19:15:47.6935015Z Downloaded: 6059 file(s) [attempted 6059/8542 = 70%, 1697 KB/s], Decompressed: 911
round18	Install original verification toolchain	2026-10-09T19:15:47.8083353Z Downloaded: 6212 file(s) [attempted 6212/8542 = 72%, 255 KB/s], Decompressed: 911
round18	Install original verification toolchain	2026-10-09T19:15:47.9096474Z Downloaded: 6340 file(s) [attempted 6340/8542 = 74%, 1385 KB/s], Decompressed: 911
round18	Install original verification toolchain	2026-10-09T19:15:48.0136363Z Downloaded: 6438 file(s) [attempted 6438/8542 = 75%, 6060 KB/s], Decompressed: 911
round18	Install original verification toolchain	2026-10-09T19:15:48.1157456Z Downloaded: 6596 file(s) [attempted 6596/8542 = 77%, 2890 KB/s], Decompressed: 911
round18	Install original verification toolchain	2026-10-09T19:15:48.2221809Z Downloaded: 6764 file(s) [attempted 6764/8542 = 79%, 566 KB/s], Decompressed: 911
round18	Install original verification toolchain	2026-10-09T19:15:48.3255644Z Downloaded: 6900 file(s) [attempted 6900/8542 = 80%, 617 KB/s], Decompressed: 911
round18	Install original verification toolchain	2026-10-09T19:15:48.4270391Z Downloaded: 7059 file(s) [attempted 7059/8542 = 82%, 247 KB/s], Decompressed: 911
round18	Install original verification toolchain	2026-10-09T19:15:48.5330330Z Downloaded: 7216 file(s) [attempted 7216/8542 = 84%, 3703 KB/s], Decompressed: 911
round18	Install original verification toolchain	2026-10-09T19:15:48.6263893Z Downloaded: 7326 file(s) [attempted 7326/8542 = 85%, 4920 KB/s], Decompressed: 911
round18	Install original verification toolchain	2026-10-09T19:15:48.7301865Z Downloaded: 7508 file(s) [attempted 7508/8542 = 87%, 426 KB/s], Decompressed: 911
round18	Install original verification toolchain	2026-10-09T19:15:48.8322107Z Downloaded: 7650 file(s) [attempted 7650/8542 = 89%, 878 KB/s], Decompressed: 911
round18	Install original verification toolchain	2026-10-09T19:15:48.9325118Z Downloaded: 7771 file(s) [attempted 7771/8542 = 90%, 1532 KB/s], Decompressed: 911
round18	Install original verification toolchain	2026-10-09T19:15:49.0602132Z Downloaded: 7926 file(s) [attempted 7926/8542 = 92%, 334 KB/s], Decompressed: 911
round18	Install original verification toolchain	2026-10-09T19:15:49.1610721Z Downloaded: 8078 file(s) [attempted 8078/8542 = 94%, 1708 KB/s], Decompressed: 911
round18	Install original verification toolchain	2026-10-09T19:15:49.2613963Z Downloaded: 8242 file(s) [attempted 8242/8542 = 96%, 3985 KB/s], Decompressed: 911
round18	Install original verification toolchain	2026-10-09T19:15:49.3626124Z Downloaded: 8380 file(s) [attempted 8380/8542 = 98%, 2668 KB/s], Decompressed: 911
round18	Install original verification toolchain	2026-10-09T19:15:49.4813414Z Downloaded: 8445 file(s) [attempted 8445/8542 = 98%, 2229 KB/s], Decompressed: 911
round18	Install original verification toolchain	2026-10-09T19:15:49.4854142Z Downloaded: 8541 file(s) [attempted 8541/8542 = 99%, 419 KB/s], Decompressed: 911
round18	Install original verification toolchain	2026-10-09T19:15:49.4854872Z Downloaded: 8542 file(s) [attempted 8542/8542 = 100%, 419 KB/s], Decompressed: 911
round18	Install original verification toolchain	2026-10-09T19:16:09.4362929Z Decompressed 8542 file(s)
round18	Install original verification toolchain	2026-10-09T19:16:09.4363440Z Already decompressed 8542 file(s)
round18	Install original verification toolchain	2026-10-09T19:16:10.5481958Z info: plausible: cloning https://github.com/leanprover-community/plausible
round18	Install original verification toolchain	2026-10-09T19:16:11.1166503Z info: plausible: checking out revision '63045536fe95024e6c18fc7b48e03f506701c5bc'
round18	Install original verification toolchain	2026-10-09T19:16:11.1296596Z info: LeanSearchClient: cloning https://github.com/leanprover-community/LeanSearchClient
round18	Install original verification toolchain	2026-10-09T19:16:11.7198409Z info: LeanSearchClient: checking out revision 'c5d5b8fe6e5158def25cd28eb94e4141ad97c843'
round18	Install original verification toolchain	2026-10-09T19:16:11.7312278Z info: importGraph: cloning https://github.com/leanprover-community/import-graph
round18	Install original verification toolchain	2026-10-09T19:16:12.4163592Z info: importGraph: checking out revision '5c7542ed018c78194f1e2b903eaf6a792b74c03d'
round18	Install original verification toolchain	2026-10-09T19:16:12.4346871Z info: proofwidgets: cloning https://github.com/leanprover-community/ProofWidgets4
round18	Install original verification toolchain	2026-10-09T19:16:13.5292160Z info: proofwidgets: checking out revision '24b0d9dc081c5423f8eec7e866c441e5184f29d9'
round18	Install original verification toolchain	2026-10-09T19:16:14.2245527Z info: aesop: cloning https://github.com/leanprover-community/aesop
round18	Install original verification toolchain	2026-10-09T19:16:15.7373411Z info: aesop: checking out revision 'e3cb2f741431ce31bf73549fb52316a57368b06f'
round18	Install original verification toolchain	2026-10-09T19:16:15.7868215Z info: Qq: cloning https://github.com/leanprover-community/quote4
round18	Install original verification toolchain	2026-10-09T19:16:16.3455001Z info: Qq: checking out revision 'f46324995fca5f0483b742e4eb4daec7f4ee50d2'
round18	Install original verification toolchain	2026-10-09T19:16:16.3579834Z info: batteries: cloning https://github.com/leanprover-community/batteries
round18	Install original verification toolchain	2026-10-09T19:16:27.5929311Z info: batteries: checking out revision 'fa08db58b30eb033edcdab331bba000827f9f785'
round18	Install original verification toolchain	2026-10-09T19:16:27.6311958Z info: Cli: cloning https://github.com/leanprover/lean4-cli
round18	Install original verification toolchain	2026-10-09T19:16:28.1629162Z info: Cli: checking out revision '92564e5770e4d09f2d86dfbf8ada1e9c715b384c'
round18	Install original verification toolchain	2026-10-09T19:16:29.2841901Z ✔ [8/24] Built Batteries.Data.String.Basic (499ms)
round18	Install original verification toolchain	2026-10-09T19:16:29.4815074Z ✔ [9/24] Built Batteries.Data.String.Basic:c.o (167ms)
round18	Install original verification toolchain	2026-10-09T19:16:29.6842196Z ✔ [10/24] Built Batteries.Data.Array.Match (873ms)
round18	Install original verification toolchain	2026-10-09T19:16:29.9865739Z ✔ [11/24] Built Batteries.Tactic.OpenPrivate (1.2s)
round18	Install original verification toolchain	2026-10-09T19:16:29.9866753Z ✔ [14/24] Built Batteries.Data.Array.Match:c.o (312ms)
round18	Install original verification toolchain	2026-10-09T19:16:30.1834617Z ✔ [17/24] Built Batteries.Data.String.Matcher (459ms)
round18	Install original verification toolchain	2026-10-09T19:16:30.2835646Z ✔ [22/24] Built Batteries.Data.String.Matcher:c.o (180ms)
round18	Install original verification toolchain	2026-10-09T19:16:31.1836490Z ✔ [23/24] Built Batteries.Tactic.OpenPrivate:c.o (1.1s)
round18	Install original verification toolchain	2026-10-09T19:16:36.2101596Z Decompressing 368 already-cached file(s) (8174 already decompressed)
round18	Install original verification toolchain	2026-10-09T19:16:36.2102083Z Current branch: HEAD
round18	Install original verification toolchain	2026-10-09T19:16:36.2102425Z Using cache (Azure) from origin: (some leanprover-community/mathlib4)
round18	Install original verification toolchain	2026-10-09T19:16:36.2103160Z No files to download
round18	Install original verification toolchain	2026-10-09T19:16:36.2103399Z Decompressed 368 already-cached file(s)
round18	Install original verification toolchain	2026-10-09T19:16:36.2103779Z Completed successfully in 1853 ms!
round18	Install original verification toolchain	2026-10-09T19:16:36.2701157Z   ^[[32m✓^[[0m fetched dependencies into lean/.lake/packages
round18	Install original verification toolchain	2026-10-09T19:16:36.2701634Z 
round18	Install original verification toolchain	2026-10-09T19:16:36.2701818Z ^[[1m5/6  Build^[[0m
round18	Install original verification toolchain	2026-10-09T19:16:50.3096476Z   ^[[32m✓^[[0m contract (lean/Lz77)
round18	Install original verification toolchain	2026-10-09T19:17:22.8806357Z   ^[[32m✓^[[0m slot and measure crates
round18	Install original verification toolchain	2026-10-09T19:17:22.8807094Z   ^[[32m✓^[[0m C compiler for the engine (cc)
round18	Install original verification toolchain	2026-10-09T19:17:23.9837234Z   ^[[32m✓^[[0m python deps in /home/runner/work/_temp/deflate-upstream/.venv/bin/python
round18	Install original verification toolchain	2026-10-09T19:17:23.9838414Z   ^[[32m✓^[[0m bubblewrap for the proof sandbox
round18	Install original verification toolchain	2026-10-09T19:17:23.9839089Z   ^[[32m✓^[[0m systemd-run for the memory cap
round18	Install original verification toolchain	2026-10-09T19:17:23.9839497Z 
round18	Install original verification toolchain	2026-10-09T19:17:23.9839858Z ^[[1m6/6  Self-test^[[0m
round18	Install original verification toolchain	2026-10-09T19:17:25.0705157Z 2026-10-09 19:17:25.070 | DEBUG    | __main__:stage_intake:261 - [gate] parse.rs c756784f2c5bdaf7 -> slot/generated/parse.rs
round18	Install original verification toolchain	2026-10-09T19:17:25.0708460Z 2026-10-09 19:17:25.070 | DEBUG    | __main__:stage_intake:261 - [gate] Parse.lean 1cbccb0f91b22437 -> lean/Proof/Parse.lean
round18	Install original verification toolchain	2026-10-09T19:17:25.1231309Z 2026-10-09 19:17:25.122 | DEBUG    | sandbox.bwrap:run:110 - [bwrap] rustup exit=0 in 0.0s
round18	Install original verification toolchain	2026-10-09T19:17:25.3824627Z 2026-10-09 19:17:25.382 | DEBUG    | sandbox.bwrap:run:110 - [bwrap] extract.sh exit=0 in 0.2s
round18	Install original verification toolchain	2026-10-09T19:17:26.8149462Z 2026-10-09 19:17:26.814 | DEBUG    | sandbox.bwrap:run:110 - [bwrap] extract.sh exit=0 in 1.4s
round18	Install original verification toolchain	2026-10-09T19:17:26.8156176Z 2026-10-09 19:17:26.815 | DEBUG    | __main__:stage_extract:356 - [gate] extracted Types.lean 276d4089d337e0d7, Funs.lean 9decae92c81987a2, Constants.lean 7f3588b4c89a448d
round18	Install original verification toolchain	2026-10-09T19:17:29.1046174Z 2026-10-09 19:17:29.103 | DEBUG    | sandbox.bwrap:run:110 - [bwrap] lake exit=0 in 2.3s
round18	Install original verification toolchain	2026-10-09T19:17:41.2928002Z 2026-10-09 19:17:41.292 | DEBUG    | sandbox.bwrap:run:110 - [bwrap] lake exit=0 in 12.2s
round18	Install original verification toolchain	2026-10-09T19:18:01.8132179Z 2026-10-09 19:18:01.812 | DEBUG    | sandbox.bwrap:run:110 - [bwrap] lake exit=0 in 20.5s
round18	Install original verification toolchain	2026-10-09T19:18:04.5357758Z 2026-10-09 19:18:04.535 | DEBUG    | sandbox.bwrap:run:110 - [bwrap] lake exit=0 in 2.7s
round18	Install original verification toolchain	2026-10-09T19:18:07.2482158Z 2026-10-09 19:18:07.247 | DEBUG    | sandbox.bwrap:run:110 - [bwrap] lake exit=0 in 2.7s
round18	Install original verification toolchain	2026-10-09T19:18:07.2489340Z 2026-10-09 19:18:07.248 | DEBUG    | __main__:stage_axioms:423 - [gate] axiom query stdout: "'accepted' depends on axioms: [propext, Classical.choice, Quot.sound]"
round18	Install original verification toolchain	2026-10-09T19:18:07.2490493Z 2026-10-09 19:18:07.248 | INFO     | __main__:main:703 - [gate] verification accepted in 42.2s (bwrap, 900s, 16384 MB)
round18	Install original verification toolchain	2026-10-09T19:18:07.2570948Z verifying /home/runner/work/_temp/deflate-upstream/miner/template
round18	Install original verification toolchain	2026-10-09T19:18:07.2571862Z workspace: /home/runner/work/_temp/deflate-upstream/data/verification-workspace/verify-7fzjfenm
round18	Install original verification toolchain	2026-10-09T19:18:07.2572255Z 
round18	Install original verification toolchain	2026-10-09T19:18:07.2572735Z 0 intake      ok — template: parse.rs, Parse.lean
round18	Install original verification toolchain	2026-10-09T19:18:07.2573150Z 1 policy      ok — source prefilters passed
round18	Install original verification toolchain	2026-10-09T19:18:07.2581999Z 2 static      ok — resolved operations: core::num::{impl}::wrapping_add, core::num::{impl}::wrapping_mul, core::slice::{impl}::len
round18	Install original verification toolchain	2026-10-09T19:18:07.2582750Z 3 extract     ok — charon+aeneas re-run by the verifier, no new axioms
round18	Install original verification toolchain	2026-10-09T19:18:07.2583348Z 4 statement   ok — `LZ77.Obligation slot.parse` typechecks (bwrap, 900s, 16384 MB)
round18	Install original verification toolchain	2026-10-09T19:18:07.2584236Z 5 axioms      ok — ['Classical.choice', 'Quot.sound', 'propext']; extraction intact
round18	Install original verification toolchain	2026-10-09T19:18:07.2584547Z 
round18	Install original verification toolchain	2026-10-09T19:18:07.2584662Z proof accepted (scoring skipped)
round18	Install original verification toolchain	2026-10-09T19:18:07.3105984Z 
round18	Install original verification toolchain	2026-10-09T19:18:07.3106886Z ^[[1minit ok.^[[0m Toolchain in use:
round18	Install original verification toolchain	2026-10-09T19:18:07.3107618Z   AENEAS_WORK    /home/runner/work/_temp/deflate-upstream/validator/.work/aeneas
round18	Install original verification toolchain	2026-10-09T19:18:07.3108447Z   CHARON_DIR     /home/runner/work/_temp/deflate-upstream/validator/.work/aeneas
round18	Install original verification toolchain	2026-10-09T19:18:07.3109147Z   ELAN_HOME      /home/runner/work/_temp/deflate-upstream/validator/.work/elan
round18	Install original verification toolchain	2026-10-09T19:18:07.3110019Z   LEAN_PACKAGES  (own checkout under lean/.lake)
round18	Install original verification toolchain	2026-10-09T19:18:07.3110227Z 
round18	Install original verification toolchain	2026-10-09T19:18:07.3110316Z Next:  just smoke
round18	Install original verification toolchain	2026-10-09T19:18:07.3110853Z 
round18	Install original verification toolchain	2026-10-09T19:18:07.3111310Z ^[[1msetup done.^[[0m  Next:  just check miner/template     just --list
round18	Install original verification toolchain	2026-10-09T19:18:07.3254169Z /home/runner/work/_temp/deflate-upstream/setup.sh --check
round18	Install original verification toolchain	2026-10-09T19:18:07.3311427Z 
round18	Install original verification toolchain	2026-10-09T19:18:07.3311809Z ^[[1m1/9  System packages^[[0m
round18	Install original verification toolchain	2026-10-09T19:18:07.3316164Z   ^[[32m✓^[[0m cc, curl, python3, git, bubblewrap present
round18	Install original verification toolchain	2026-10-09T19:18:07.3316568Z 
round18	Install original verification toolchain	2026-10-09T19:18:07.3316753Z ^[[1m2/9  just (1.58.0)^[[0m
round18	Install original verification toolchain	2026-10-09T19:18:07.3414749Z   ^[[32m✓^[[0m just 1.58.0 at /home/runner/.local/bin/just
round18	Install original verification toolchain	2026-10-09T19:18:07.3415145Z 
round18	Install original verification toolchain	2026-10-09T19:18:07.3415331Z ^[[1m3/9  uv (0.12.15)^[[0m
round18	Install original verification toolchain	2026-10-09T19:18:07.3725095Z   ^[[32m✓^[[0m uv 0.12.15 at /home/runner/.local/bin/uv
round18	Install original verification toolchain	2026-10-09T19:18:07.3725525Z 
round18	Install original verification toolchain	2026-10-09T19:18:07.3725897Z ^[[1m4/9  Python environment (.venv, from pyproject.toml)^[[0m
round18	Install original verification toolchain	2026-10-09T19:18:08.4981728Z   ^[[32m✓^[[0m .venv complete
round18	Install original verification toolchain	2026-10-09T19:18:08.5141392Z   ^[[33m·^[[0m bittensor SDK absent - miners do not need it; validators run ./setup.sh --chain
round18	Install original verification toolchain	2026-10-09T19:18:08.5142948Z 
round18	Install original verification toolchain	2026-10-09T19:18:08.5143504Z ^[[1m5/9  Trusted-input audit^[[0m
round18	Install original verification toolchain	2026-10-09T19:18:08.5144233Z   ^[[32m✓^[[0m gate worker records observed code and benchmark identities
round18	Install original verification toolchain	2026-10-09T19:18:08.5144719Z 
round18	Install original verification toolchain	2026-10-09T19:18:08.5144922Z ^[[1m6/9  Configuration (.env)^[[0m
round18	Install original verification toolchain	2026-10-09T19:18:08.5145342Z   ^[[32m✓^[[0m .env present
round18	Install original verification toolchain	2026-10-09T19:18:08.5145559Z 
round18	Install original verification toolchain	2026-10-09T19:18:08.5145894Z ^[[1m7/9  Scoring corpus (corpus-stage1, the benchmark default)^[[0m
round18	Install original verification toolchain	2026-10-09T19:18:08.5166402Z   ^[[32m✓^[[0m data/benchmark/corpus-stage1 present
round18	Install original verification toolchain	2026-10-09T19:18:08.5167223Z 
round18	Install original verification toolchain	2026-10-09T19:18:08.5167716Z ^[[1m8/9  Slot (validator/slot/src/parse.rs is a symlink to generated/, gitignored)^[[0m
round18	Install original verification toolchain	2026-10-09T19:18:08.5168509Z   ^[[32m✓^[[0m validator/slot/generated/parse.rs present
round18	Install original verification toolchain	2026-10-09T19:18:08.5168859Z 
round18	Install original verification toolchain	2026-10-09T19:18:08.5169083Z ^[[1m9/9  Toolchain: Lean, Aeneas, Charon, Mathlib^[[0m
round18	Install original verification toolchain	2026-10-09T19:18:08.5237694Z 
round18	Install original verification toolchain	2026-10-09T19:18:08.5238168Z ^[[1m1/6  Lean toolchain (leanprover/lean4:v4.31.0)^[[0m
round18	Install original verification toolchain	2026-10-09T19:18:08.5238848Z   ^[[32m✓^[[0m elan at /home/runner/work/_temp/deflate-upstream/validator/.work/elan
round18	Install original verification toolchain	2026-10-09T19:18:08.5659547Z   ^[[32m✓^[[0m Lean (version 4.31.0, x86_64-unknown-linux-gnu, commit 68218e876d2a38b1985b8590fff244a83c321783, Release)
round18	Install original verification toolchain	2026-10-09T19:18:08.5660366Z 
round18	Install original verification toolchain	2026-10-09T19:18:08.5660917Z ^[[1m2/6  Aeneas + Charon (nightly-2026.08.27-5b9dcf3 release)^[[0m
round18	Install original verification toolchain	2026-10-09T19:18:08.5661793Z   ^[[32m✓^[[0m aeneas at /home/runner/work/_temp/deflate-upstream/validator/.work/aeneas/aeneas
round18	Install original verification toolchain	2026-10-09T19:18:08.5662977Z   ^[[32m✓^[[0m charon at /home/runner/work/_temp/deflate-upstream/validator/.work/aeneas/charon
round18	Install original verification toolchain	2026-10-09T19:18:08.5663611Z 
round18	Install original verification toolchain	2026-10-09T19:18:08.5663883Z ^[[1m3/6  Rust nightly for charon-driver (nightly-2026-08-18 + rustc-dev)^[[0m
round18	Install original verification toolchain	2026-10-09T19:18:08.5749562Z   ^[[32m✓^[[0m nightly-2026-08-18 installed
round18	Install original verification toolchain	2026-10-09T19:18:08.5749990Z 
round18	Install original verification toolchain	2026-10-09T19:18:08.5750322Z ^[[1m4/6  Lean dependencies (Aeneas backend + Mathlib)^[[0m
round18	Install original verification toolchain	2026-10-09T19:18:08.5756113Z   ^[[32m✓^[[0m lean/.lake/packages present
round18	Install original verification toolchain	2026-10-09T19:18:08.5756359Z 
round18	Install original verification toolchain	2026-10-09T19:18:08.5756475Z ^[[1m5/6  Build^[[0m
round18	Install original verification toolchain	2026-10-09T19:18:08.5756729Z   ^[[32m✓^[[0m contract built
round18	Install original verification toolchain	2026-10-09T19:18:08.5757026Z   ^[[32m✓^[[0m syntax checker built
round18	Install original verification toolchain	2026-10-09T19:18:08.5757923Z   ^[[32m✓^[[0m engine built
round18	Install original verification toolchain	2026-10-09T19:18:08.5758207Z   ^[[32m✓^[[0m C compiler for the engine (cc)
round18	Install original verification toolchain	2026-10-09T19:18:08.9481204Z   ^[[32m✓^[[0m python deps in /home/runner/work/_temp/deflate-upstream/.venv/bin/python
round18	Install original verification toolchain	2026-10-09T19:18:08.9482176Z   ^[[32m✓^[[0m bubblewrap for the proof sandbox
round18	Install original verification toolchain	2026-10-09T19:18:08.9485442Z   ^[[32m✓^[[0m systemd-run for the memory cap
round18	Install original verification toolchain	2026-10-09T19:18:08.9485755Z 
round18	Install original verification toolchain	2026-10-09T19:18:08.9485927Z ^[[1m6/6  Self-test^[[0m
round18	Install original verification toolchain	2026-10-09T19:18:08.9486490Z   ^[[32m✓^[[0m everything present — run without --check to self-test
round18	Install original verification toolchain	2026-10-09T19:18:08.9489711Z 
round18	Install original verification toolchain	2026-10-09T19:18:08.9490006Z ^[[1mready.^[[0m
round18	Install original verification toolchain	2026-10-09T19:18:08.9551316Z /home/runner/work/_temp/deflate-upstream/.venv/bin/python /home/runner/work/_temp/deflate-upstream/validator/verifier/pins.py --check
round18	Install original verification toolchain	2026-10-09T19:18:08.9942326Z pins ok — 70 contract, engine and gate files unchanged
round18	Install original verification toolchain	2026-10-09T19:18:09.0019505Z a356bbff18b60c4527fbcc85d5a28ef9c20214e0
round18	Install original verification toolchain	2026-10-09T19:18:09.0378961Z Lean (version 4.31.0, x86_64-unknown-linux-gnu, commit 68218e876d2a38b1985b8590fff244a83c321783, Release)
round18	Install original verification toolchain	2026-10-09T19:18:09.0537232Z rustc 1.100.0-nightly (8fa1c96cf 2026-08-17)
round18	Install original verification toolchain	2026-10-09T19:18:09.0562039Z just 1.58.0
round18	Install original verification toolchain	2026-10-09T19:18:09.0606946Z uv 0.12.15 (x86_64-unknown-linux-gnu)
round18	Install original verification toolchain	2026-10-09T19:18:09.0623435Z Linux runnervmmprz5 6.17.0-1022-azure #22-Ubuntu SMP Mon Jul 27 17:24:03 UTC 2026 x86_64 x86_64 x86_64 GNU/Linux
round18	Install original verification toolchain	2026-10-09T19:18:09.0669226Z CPU(s):                                  4
round18	Install original verification toolchain	2026-10-09T19:18:09.0669817Z Model name:                              AMD EPYC 9V74 80-Core Processor
round18	Install original verification toolchain	2026-10-09T19:18:09.0688287Z c756784f2c5bdaf7b44ad8e0e646d9777557a09974afa1999f69a215fe2b7376  miner/template/parse.rs
round18	Install original verification toolchain	2026-10-09T19:18:09.0689414Z 1cbccb0f91b22437209e785233c0a45d0a0713887c52fbfb8e5fec555c40b7a2  miner/template/Parse.lean
round18	Install original verification toolchain	2026-10-09T19:18:09.0705103Z 37e7b307e925cc855ee2135385e81f9653301024cfdcb7364e48f271a5781fb6  validator/lean/lake-manifest.json
round18	Install original verification toolchain	2026-10-09T19:18:09.0706269Z c6f818ab47f52b8d3161b0ee591e1ddb2ab8491a53d5609f9118730287b61f3b  validator/verifier/PINS.json
round18	Install original verification toolchain	2026-10-09T19:18:09.0748946Z 6d48a129b156a4e032a6378b96d4258f89c9ccd759decdc66fdbf32c312277f4  data/benchmark/corpus-stage1/binary.db.bin
round18	Install original verification toolchain	2026-10-09T19:18:09.0761656Z ada4433d366405395b1a415fbec247ce7e38525c05f4f09e40c111230394353c  data/benchmark/corpus-stage1/bundle.min.js.txt
round18	Install original verification toolchain	2026-10-09T19:18:09.0769549Z 94a0152009cf44a20483a564f8b32d7ef32e4fbbea53843da9848e7b5f43743a  data/benchmark/corpus-stage1/catalog.xml.txt
round18	Install original verification toolchain	2026-10-09T19:18:09.0774655Z dd2679f1b4553beb286ec43eda622e6c40e664b841de3af4887ee89faee223ec  data/benchmark/corpus-stage1/compressed.bin
round18	Install original verification toolchain	2026-10-09T19:18:09.0780996Z 9353520d1b7b493a7f6f90d019e876c1580636732fc0d3197e51ed0766e2d4e2  data/benchmark/corpus-stage1/config.yaml.txt
round18	Install original verification toolchain	2026-10-09T19:18:09.0791678Z 793cb2bc299557521c052defd985cddb934feac72d13b995cf475a0ff16347a5  data/benchmark/corpus-stage1/docs.md.txt
round18	Install original verification toolchain	2026-10-09T19:18:09.0795106Z eb8d600ef976556175ab9410909871582d6845712bba0ad30607a0e79e9e60ba  data/benchmark/corpus-stage1/dump.sql.txt
round18	Install original verification toolchain	2026-10-09T19:18:09.0806521Z 4b01b6b751d82ab6e1b5e5275c3308db25dd58e20afcd5c79b72caab7f8a2baf  data/benchmark/corpus-stage1/genome.fasta
round18	Install original verification toolchain	2026-10-09T19:18:09.0811504Z 4cbc5cc76fe6bf05b5d2d49c5b7c7fe23780e0c8895a503d68f913479ba17254  data/benchmark/corpus-stage1/images.bin
round18	Install original verification toolchain	2026-10-09T19:18:09.0823529Z 30ff2371b060320afcf60fa4e30c6a73855b5b704569e006bccc99262d37548e  data/benchmark/corpus-stage1/lean.txt
round18	Install original verification toolchain	2026-10-09T19:18:09.0831885Z f58b5b1ba7cb2061f5a747ac87f84f2508b287219101f4a9d78c9513cb237204  data/benchmark/corpus-stage1/machine-code.bin
round18	Install original verification toolchain	2026-10-09T19:18:09.0846170Z 4af8e993743404696f1a54e4d67e88f6a509414aed516b602c230b12e533e75c  data/benchmark/corpus-stage1/metrics.csv.txt
round18	Install original verification toolchain	2026-10-09T19:18:09.0859832Z 174352fedf18646ab739edcb5ecea17832e4f8b700aa3f5d4f824e0c6221722e  data/benchmark/corpus-stage1/multibyte.txt
round18	Install original verification toolchain	2026-10-09T19:18:09.0869450Z e2d69618c902e4c1847794b6f18ec67bb965da50ff68cda05305485b566e6ff2  data/benchmark/corpus-stage1/page.html.txt
round18	Install original verification toolchain	2026-10-09T19:18:09.0887918Z 77bcc8ef22132bc4ef34324dc7897870e76e9b97452d1a3610e7f803a4486f17  data/benchmark/corpus-stage1/prose.txt
round18	Install original verification toolchain	2026-10-09T19:18:09.0894652Z 63decf627edee015caecc4a8ab97c8a6d19606fcf115e2a98a9ac837c7ca1646  data/benchmark/corpus-stage1/records.json.txt
round18	Install original verification toolchain	2026-10-09T19:18:09.0900158Z d7f2ee8a39592832c2c46089d07fc33c0bf1f985084577849a6db368d90cb700  data/benchmark/corpus-stage1/server.log
round18	Install original verification toolchain	2026-10-09T19:18:09.0916510Z b04133d396ba4c81be9b5b9cf096402ed61526a85e2918c8553e3c9c15717cc3  data/benchmark/corpus-stage1/source.c.txt
round18	Install original verification toolchain	2026-10-09T19:18:09.0924607Z dd4793f64b001c006b92f74e4488e91d4022893259bd88a2acbdf16cdad7a44b  data/benchmark/corpus-stage1/source.py.txt
round18	Install original verification toolchain	2026-10-09T19:18:09.0934520Z 12edca346da882992b772a5686a191324858e46842626967cd89130d4c70bbd3  data/benchmark/corpus-stage1/source.rs.txt
round18	Install original verification toolchain	2026-10-09T19:18:09.0941348Z 0f7395da91e686b53af9c818b6b96fa0a2eb7ac0b243a42247319341b8e7d522  data/benchmark/corpus-stage1/sourcemap.map.txt
round18	Install original verification toolchain	2026-10-09T19:18:09.0943240Z e5d1db67caf732b985c2226791836f311774b6fe464a5d71e6f3fff3e6725f36  data/benchmark/corpus-stage1/sparse.bin
round18	Install original verification toolchain	2026-10-09T19:18:09.0945269Z 0f806a930a41f56b5c9d85f91e81af6e90edf17ee6c66dabd88dcf63e18acf14  data/benchmark/corpus-stage1/tiny-app.log
round18	Install original verification toolchain	2026-10-09T19:18:09.0947011Z 4ecee10b0b6b41ba5d1693b70ac95cb03de1a05712739e4bc6641b3af6cb0a73  data/benchmark/corpus-stage1/tiny-config.json.txt
round18	Install original verification toolchain	2026-10-09T19:18:09.0954028Z e64e112bd3b2c63509c2dc3e687bb91e7e06dbc4bd13ecbdaac41241d0f03b1f  data/benchmark/corpus-stage1/weights-bf16.bin
round18	Install original verification toolchain	2026-10-09T19:18:09.0959392Z 134a2ec77375f13fab74a200a80bc768dd6c3d4403bfccb473b38941fb2ff955  data/benchmark/corpus-stage1/weights-f16.bin
round18	Install original verification toolchain	2026-10-09T19:18:09.0965178Z cbb1608ac057ef06f7dd2e6bb0ba32fa6a6ce6f91699c0e9c05f5644acc2c74d  data/benchmark/corpus-stage1/weights-f32.bin
round18	Install original verification toolchain	2026-10-09T19:18:09.0969763Z c81adeb809c26ef1dd391c0a640c95b3ad76ebab127d690b5a7fdbe2e412779a  data/benchmark/corpus-stage1/weights-q8.bin
round18	Install original verification toolchain	2026-10-09T19:18:09.1912221Z Filesystem      Size  Used Avail Use% Mounted on
round18	Install original verification toolchain	2026-10-09T19:18:09.1912692Z /dev/root       145G   49G   96G  34% /
round18	Run standard candidate checks and paired measurements	﻿2026-10-09T19:18:09.1979061Z ##[group]Run export PATH="$HOME/.local/bin:$HOME/.cargo/bin:$ELAN_HOME/bin:$PATH"
round18	Run standard candidate checks and paired measurements	2026-10-09T19:18:09.1979672Z ^[[36;1mexport PATH="$HOME/.local/bin:$HOME/.cargo/bin:$ELAN_HOME/bin:$PATH"^[[0m
round18	Run standard candidate checks and paired measurements	2026-10-09T19:18:09.1980095Z ^[[36;1mexport PYTHONPATH="$DEFLATE_ROOT/validator"^[[0m
round18	Run standard candidate checks and paired measurements	2026-10-09T19:18:09.1980503Z ^[[36;1m"$DEFLATE_ROOT/.venv/bin/python" scripts/research-round4.py^[[0m
round18	Run standard candidate checks and paired measurements	2026-10-09T19:18:09.1981478Z ^[[36;1m"$DEFLATE_ROOT/.venv/bin/python" scripts/research-round5.py^[[0m
round18	Run standard candidate checks and paired measurements	2026-10-09T19:18:09.1981903Z ^[[36;1m"$DEFLATE_ROOT/.venv/bin/python" scripts/research-round14.py^[[0m
round18	Run standard candidate checks and paired measurements	2026-10-09T19:18:09.1982319Z ^[[36;1m"$DEFLATE_ROOT/.venv/bin/python" scripts/round4.py screen^[[0m
round18	Run standard candidate checks and paired measurements	2026-10-09T19:18:09.1982716Z ^[[36;1m"$DEFLATE_ROOT/.venv/bin/python" scripts/round4.py refine^[[0m
round18	Run standard candidate checks and paired measurements	2026-10-09T19:18:09.1983097Z ^[[36;1m"$DEFLATE_ROOT/.venv/bin/python" scripts/round4.py gate^[[0m
round18	Run standard candidate checks and paired measurements	2026-10-09T19:18:09.2345162Z shell: /usr/bin/bash -e {0}
round18	Run standard candidate checks and paired measurements	2026-10-09T19:18:09.2345463Z env:
round18	Run standard candidate checks and paired measurements	2026-10-09T19:18:09.2345673Z   ROUND4_SPEC: screen-t
round18	Run standard candidate checks and paired measurements	2026-10-09T19:18:09.2345978Z   ROUND4_SPEC_DIR: evidence/round18
round18	Run standard candidate checks and paired measurements	2026-10-09T19:18:09.2346251Z   ROUND18_MODE: standard
round18	Run standard candidate checks and paired measurements	2026-10-09T19:18:09.2346530Z   DEFLATE_ROOT: /home/runner/work/_temp/deflate-upstream
round18	Run standard candidate checks and paired measurements	2026-10-09T19:18:09.2346954Z   ELAN_HOME: /home/runner/work/_temp/deflate-upstream/validator/.work/elan
round18	Run standard candidate checks and paired measurements	2026-10-09T19:18:09.2347371Z   XDG_CACHE_HOME: /home/runner/work/_temp/deflate-cache
round18	Run standard candidate checks and paired measurements	2026-10-09T19:18:09.2347722Z   UV_CACHE_DIR: /home/runner/work/_temp/deflate-cache/uv
round18	Run standard candidate checks and paired measurements	2026-10-09T19:18:09.2348038Z   XDG_RUNTIME_DIR: /run/user/1001
round18	Run standard candidate checks and paired measurements	2026-10-09T19:18:09.2348333Z   DBUS_SESSION_BUS_ADDRESS: unix:path=/run/user/1001/bus
round18	Run standard candidate checks and paired measurements	2026-10-09T19:18:09.2348646Z   VERIFY_CORPUS: corpus-stage1
round18	Run standard candidate checks and paired measurements	2026-10-09T19:18:09.2348892Z   VERIFY_SANDBOX: bwrap
round18	Run standard candidate checks and paired measurements	2026-10-09T19:18:09.2349113Z   GIT_TERMINAL_PROMPT: 0
round18	Run standard candidate checks and paired measurements	2026-10-09T19:18:09.2349355Z ##[endgroup]
round18	Run standard candidate checks and paired measurements	2026-10-09T19:19:48.5761304Z RESEARCH_EXTRACTION r18-586-selective-rf 0 PROOF_NOT_RUN
round18	Run standard candidate checks and paired measurements	2026-10-09T19:20:12.1629305Z {"status": "VERIFIED_FINITE_NATIVE_DECODE_ONLY", "cases": [{"candidate": "r18-586-selective-rf", "reference": "public586", "cases": 540, "decode_or_panic_failures": 0, "token_changes": 28}]}
round18	Run standard candidate checks and paired measurements	2026-10-09T19:20:12.1630727Z R13_NATIVE_DECODE expected540 finite cases; not original gate
round18	Run standard candidate checks and paired measurements	2026-10-09T19:20:12.8955144Z MEASURE_BEGIN 1 probe3
round18	Run standard candidate checks and paired measurements	2026-10-09T19:20:12.9468222Z ^[[32m2026-10-09 19:20:12.946^[[0m | ^[[34m^[[1mDEBUG   ^[[0m | ^[[36msandbox.bwrap^[[0m:^[[36mrun^[[0m:^[[36m110^[[0m - ^[[34m^[[1m[bwrap] rustc exit=0 in 0.0s^[[0m
round18	Run standard candidate checks and paired measurements	2026-10-09T19:20:15.2156635Z ^[[32m2026-10-09 19:20:15.215^[[0m | ^[[34m^[[1mDEBUG   ^[[0m | ^[[36msandbox.bwrap^[[0m:^[[36mrun^[[0m:^[[36m110^[[0m - ^[[34m^[[1m[bwrap] cargo exit=0 in 2.3s^[[0m
round18	Run standard candidate checks and paired measurements	2026-10-09T19:20:15.2158316Z ^[[32m2026-10-09 19:20:15.215^[[0m | ^[[34m^[[1mDEBUG   ^[[0m | ^[[36mbench.driver^[[0m:^[[36m_build^[[0m:^[[36m295^[[0m - ^[[34m^[[1m[bench] built incumbent in 2.3s exit=0^[[0m
round18	Run standard candidate checks and paired measurements	2026-10-09T19:20:18.5701422Z ^[[32m2026-10-09 19:20:18.569^[[0m | ^[[34m^[[1mDEBUG   ^[[0m | ^[[36msandbox.bwrap^[[0m:^[[36mrun^[[0m:^[[36m110^[[0m - ^[[34m^[[1m[bwrap] cargo exit=0 in 3.4s^[[0m
round18	Run standard candidate checks and paired measurements	2026-10-09T19:20:18.5705358Z ^[[32m2026-10-09 19:20:18.569^[[0m | ^[[34m^[[1mDEBUG   ^[[0m | ^[[36mbench.driver^[[0m:^[[36m_build^[[0m:^[[36m295^[[0m - ^[[34m^[[1m[bench] built probe3 in 3.4s exit=0^[[0m
round18	Run standard candidate checks and paired measurements	2026-10-09T19:20:32.9713111Z ^[[32m2026-10-09 19:20:32.970^[[0m | ^[[34m^[[1mDEBUG   ^[[0m | ^[[36msandbox.bwrap^[[0m:^[[36mrun^[[0m:^[[36m110^[[0m - ^[[34m^[[1m[bwrap] measure exit=0 in 14.4s^[[0m
round18	Run standard candidate checks and paired measurements	2026-10-09T19:20:32.9715026Z ^[[32m2026-10-09 19:20:32.971^[[0m | ^[[34m^[[1mDEBUG   ^[[0m | ^[[36mbench.driver^[[0m:^[[36m_measure^[[0m:^[[36m333^[[0m - ^[[34m^[[1m[bench] measured probe3 in 14.4s exit=0^[[0m
round18	Run standard candidate checks and paired measurements	2026-10-09T19:20:32.9838330Z MEASUREMENT {"candidate": "probe3", "round": 1, "time": 0.4584937539604196, "size_pct": 35.92083771476539, "parse_s": 0.06850470599999998, "total_s": 0.30889469, "output_bytes": 5287026, "source_sha256": "e20ea5a7d2e77821008592faef393855077b9b8ceee244f390a85ac0257e047d"}
round18	Run standard candidate checks and paired measurements	2026-10-09T19:20:32.9841438Z MEASURE_BEGIN 1 r3-432-fast3
round18	Run standard candidate checks and paired measurements	2026-10-09T19:20:33.0415698Z ^[[32m2026-10-09 19:20:33.041^[[0m | ^[[34m^[[1mDEBUG   ^[[0m | ^[[36msandbox.bwrap^[[0m:^[[36mrun^[[0m:^[[36m110^[[0m - ^[[34m^[[1m[bwrap] rustc exit=0 in 0.0s^[[0m
round18	Run standard candidate checks and paired measurements	2026-10-09T19:20:35.3399100Z ^[[32m2026-10-09 19:20:35.339^[[0m | ^[[34m^[[1mDEBUG   ^[[0m | ^[[36msandbox.bwrap^[[0m:^[[36mrun^[[0m:^[[36m110^[[0m - ^[[34m^[[1m[bwrap] cargo exit=0 in 2.3s^[[0m
round18	Run standard candidate checks and paired measurements	2026-10-09T19:20:35.3402248Z ^[[32m2026-10-09 19:20:35.339^[[0m | ^[[34m^[[1mDEBUG   ^[[0m | ^[[36mbench.driver^[[0m:^[[36m_build^[[0m:^[[36m295^[[0m - ^[[34m^[[1m[bench] built incumbent in 2.3s exit=0^[[0m
round18	Run standard candidate checks and paired measurements	2026-10-09T19:20:39.4257188Z ^[[32m2026-10-09 19:20:39.425^[[0m | ^[[34m^[[1mDEBUG   ^[[0m | ^[[36msandbox.bwrap^[[0m:^[[36mrun^[[0m:^[[36m110^[[0m - ^[[34m^[[1m[bwrap] cargo exit=0 in 4.1s^[[0m
round18	Run standard candidate checks and paired measurements	2026-10-09T19:20:39.4262171Z ^[[32m2026-10-09 19:20:39.425^[[0m | ^[[34m^[[1mDEBUG   ^[[0m | ^[[36mbench.driver^[[0m:^[[36m_build^[[0m:^[[36m295^[[0m - ^[[34m^[[1m[bench] built r3-432-fast3 in 4.1s exit=0^[[0m
round18	Run standard candidate checks and paired measurements	2026-10-09T19:20:53.5942737Z ^[[32m2026-10-09 19:20:53.593^[[0m | ^[[34m^[[1mDEBUG   ^[[0m | ^[[36msandbox.bwrap^[[0m:^[[36mrun^[[0m:^[[36m110^[[0m - ^[[34m^[[1m[bwrap] measure exit=0 in 14.2s^[[0m
round18	Run standard candidate checks and paired measurements	2026-10-09T19:20:53.5972555Z ^[[32m2026-10-09 19:20:53.593^[[0m | ^[[34m^[[1mDEBUG   ^[[0m | ^[[36mbench.driver^[[0m:^[[36m_measure^[[0m:^[[36m333^[[0m - ^[[34m^[[1m[bench] measured r3-432-fast3 in 14.2s exit=0^[[0m
round18	Run standard candidate checks and paired measurements	2026-10-09T19:20:53.6056455Z MEASUREMENT {"candidate": "r3-432-fast3", "round": 1, "time": 0.4281615572512078, "size_pct": 36.60213910633018, "parse_s": 0.043840789, "total_s": 0.287057616, "output_bytes": 5410408, "source_sha256": "bae8014121e4710f4a34ce63452578b4bf69121b4f695e1b1356780a019108ef"}
round18	Run standard candidate checks and paired measurements	2026-10-09T19:20:53.6058218Z MEASURE_BEGIN 1 public432
round18	Run standard candidate checks and paired measurements	2026-10-09T19:20:53.6562629Z ^[[32m2026-10-09 19:20:53.655^[[0m | ^[[34m^[[1mDEBUG   ^[[0m | ^[[36msandbox.bwrap^[[0m:^[[36mrun^[[0m:^[[36m110^[[0m - ^[[34m^[[1m[bwrap] rustc exit=0 in 0.0s^[[0m
round18	Run standard candidate checks and paired measurements	2026-10-09T19:20:55.9301568Z ^[[32m2026-10-09 19:20:55.929^[[0m | ^[[34m^[[1mDEBUG   ^[[0m | ^[[36msandbox.bwrap^[[0m:^[[36mrun^[[0m:^[[36m110^[[0m - ^[[34m^[[1m[bwrap] cargo exit=0 in 2.3s^[[0m
round18	Run standard candidate checks and paired measurements	2026-10-09T19:20:55.9303227Z ^[[32m2026-10-09 19:20:55.929^[[0m | ^[[34m^[[1mDEBUG   ^[[0m | ^[[36mbench.driver^[[0m:^[[36m_build^[[0m:^[[36m295^[[0m - ^[[34m^[[1m[bench] built incumbent in 2.3s exit=0^[[0m
round18	Run standard candidate checks and paired measurements	2026-10-09T19:20:59.9789015Z ^[[32m2026-10-09 19:20:59.978^[[0m | ^[[34m^[[1mDEBUG   ^[[0m | ^[[36msandbox.bwrap^[[0m:^[[36mrun^[[0m:^[[36m110^[[0m - ^[[34m^[[1m[bwrap] cargo exit=0 in 4.0s^[[0m
round18	Run standard candidate checks and paired measurements	2026-10-09T19:20:59.9790233Z ^[[32m2026-10-09 19:20:59.978^[[0m | ^[[34m^[[1mDEBUG   ^[[0m | ^[[36mbench.driver^[[0m:^[[36m_build^[[0m:^[[36m295^[[0m - ^[[34m^[[1m[bench] built public432 in 4.0s exit=0^[[0m
round18	Run standard candidate checks and paired measurements	2026-10-09T19:21:14.2033182Z ^[[32m2026-10-09 19:21:14.202^[[0m | ^[[34m^[[1mDEBUG   ^[[0m | ^[[36msandbox.bwrap^[[0m:^[[36mrun^[[0m:^[[36m110^[[0m - ^[[34m^[[1m[bwrap] measure exit=0 in 14.2s^[[0m
round18	Run standard candidate checks and paired measurements	2026-10-09T19:21:14.2035125Z ^[[32m2026-10-09 19:21:14.203^[[0m | ^[[34m^[[1mDEBUG   ^[[0m | ^[[36mbench.driver^[[0m:^[[36m_measure^[[0m:^[[36m333^[[0m - ^[[34m^[[1m[bench] measured public432 in 14.2s exit=0^[[0m
round18	Run standard candidate checks and paired measurements	2026-10-09T19:21:14.2138822Z MEASUREMENT {"candidate": "public432", "round": 1, "time": 0.433625471358571, "size_pct": 36.52435870548103, "parse_s": 0.050217078, "total_s": 0.29227845399999997, "output_bytes": 5376051, "source_sha256": "160d1b3f9edb307a0f97bde13cd972b5f6f0a426dd669515f639e4bfa24ef054"}
round18	Run standard candidate checks and paired measurements	2026-10-09T19:21:14.2141490Z MEASURE_BEGIN 1 public514
round18	Run standard candidate checks and paired measurements	2026-10-09T19:21:14.2639363Z ^[[32m2026-10-09 19:21:14.263^[[0m | ^[[34m^[[1mDEBUG   ^[[0m | ^[[36msandbox.bwrap^[[0m:^[[36mrun^[[0m:^[[36m110^[[0m - ^[[34m^[[1m[bwrap] rustc exit=0 in 0.0s^[[0m
round18	Run standard candidate checks and paired measurements	2026-10-09T19:21:16.5381938Z ^[[32m2026-10-09 19:21:16.537^[[0m | ^[[34m^[[1mDEBUG   ^[[0m | ^[[36msandbox.bwrap^[[0m:^[[36mrun^[[0m:^[[36m110^[[0m - ^[[34m^[[1m[bwrap] cargo exit=0 in 2.3s^[[0m
round18	Run standard candidate checks and paired measurements	2026-10-09T19:21:16.5383642Z ^[[32m2026-10-09 19:21:16.537^[[0m | ^[[34m^[[1mDEBUG   ^[[0m | ^[[36mbench.driver^[[0m:^[[36m_build^[[0m:^[[36m295^[[0m - ^[[34m^[[1m[bench] built incumbent in 2.3s exit=0^[[0m
round18	Run standard candidate checks and paired measurements	2026-10-09T19:21:20.6576526Z ^[[32m2026-10-09 19:21:20.657^[[0m | ^[[34m^[[1mDEBUG   ^[[0m | ^[[36msandbox.bwrap^[[0m:^[[36mrun^[[0m:^[[36m110^[[0m - ^[[34m^[[1m[bwrap] cargo exit=0 in 4.1s^[[0m
round18	Run standard candidate checks and paired measurements	2026-10-09T19:21:20.6577652Z ^[[32m2026-10-09 19:21:20.657^[[0m | ^[[34m^[[1mDEBUG   ^[[0m | ^[[36mbench.driver^[[0m:^[[36m_build^[[0m:^[[36m295^[[0m - ^[[34m^[[1m[bench] built public514 in 4.1s exit=0^[[0m
round18	Run standard candidate checks and paired measurements	2026-10-09T19:21:34.5920151Z ^[[32m2026-10-09 19:21:34.591^[[0m | ^[[34m^[[1mDEBUG   ^[[0m | ^[[36msandbox.bwrap^[[0m:^[[36mrun^[[0m:^[[36m110^[[0m - ^[[34m^[[1m[bwrap] measure exit=0 in 13.9s^[[0m
round18	Run standard candidate checks and paired measurements	2026-10-09T19:21:34.5924478Z ^[[32m2026-10-09 19:21:34.591^[[0m | ^[[34m^[[1mDEBUG   ^[[0m | ^[[36mbench.driver^[[0m:^[[36m_measure^[[0m:^[[36m333^[[0m - ^[[34m^[[1m[bench] measured public514 in 13.9s exit=0^[[0m
round18	Run standard candidate checks and paired measurements	2026-10-09T19:21:34.6031109Z MEASUREMENT {"candidate": "public514", "round": 1, "time": 0.4256095209694842, "size_pct": 36.20314548923299, "parse_s": 0.05267117, "total_s": 0.281597254, "output_bytes": 5340006, "source_sha256": "e337b70b9bd81a1f189a05a37fcd26ca13b1a741a3b6bd8c89705e30896b004a"}
round18	Run standard candidate checks and paired measurements	2026-10-09T19:21:34.6033923Z MEASURE_BEGIN 1 public586
round18	Run standard candidate checks and paired measurements	2026-10-09T19:21:34.6551660Z ^[[32m2026-10-09 19:21:34.654^[[0m | ^[[34m^[[1mDEBUG   ^[[0m | ^[[36msandbox.bwrap^[[0m:^[[36mrun^[[0m:^[[36m110^[[0m - ^[[34m^[[1m[bwrap] rustc exit=0 in 0.0s^[[0m
round18	Run standard candidate checks and paired measurements	2026-10-09T19:21:36.9249773Z ^[[32m2026-10-09 19:21:36.924^[[0m | ^[[34m^[[1mDEBUG   ^[[0m | ^[[36msandbox.bwrap^[[0m:^[[36mrun^[[0m:^[[36m110^[[0m - ^[[34m^[[1m[bwrap] cargo exit=0 in 2.3s^[[0m
round18	Run standard candidate checks and paired measurements	2026-10-09T19:21:36.9255086Z ^[[32m2026-10-09 19:21:36.924^[[0m | ^[[34m^[[1mDEBUG   ^[[0m | ^[[36mbench.driver^[[0m:^[[36m_build^[[0m:^[[36m295^[[0m - ^[[34m^[[1m[bench] built incumbent in 2.3s exit=0^[[0m
round18	Run standard candidate checks and paired measurements	2026-10-09T19:21:42.1143915Z ^[[32m2026-10-09 19:21:42.113^[[0m | ^[[34m^[[1mDEBUG   ^[[0m | ^[[36msandbox.bwrap^[[0m:^[[36mrun^[[0m:^[[36m110^[[0m - ^[[34m^[[1m[bwrap] cargo exit=0 in 5.2s^[[0m
round18	Run standard candidate checks and paired measurements	2026-10-09T19:21:42.1149156Z ^[[32m2026-10-09 19:21:42.114^[[0m | ^[[34m^[[1mDEBUG   ^[[0m | ^[[36mbench.driver^[[0m:^[[36m_build^[[0m:^[[36m295^[[0m - ^[[34m^[[1m[bench] built public586 in 5.2s exit=0^[[0m
round18	Run standard candidate checks and paired measurements	2026-10-09T19:22:52.3166747Z ^[[32m2026-10-09 19:22:52.316^[[0m | ^[[34m^[[1mDEBUG   ^[[0m | ^[[36msandbox.bwrap^[[0m:^[[36mrun^[[0m:^[[36m110^[[0m - ^[[34m^[[1m[bwrap] measure exit=0 in 70.2s^[[0m
round18	Run standard candidate checks and paired measurements	2026-10-09T19:22:52.3168560Z ^[[32m2026-10-09 19:22:52.316^[[0m | ^[[34m^[[1mDEBUG   ^[[0m | ^[[36mbench.driver^[[0m:^[[36m_measure^[[0m:^[[36m333^[[0m - ^[[34m^[[1m[bench] measured public586 in 70.2s exit=0^[[0m
round18	Run standard candidate checks and paired measurements	2026-10-09T19:22:52.3278305Z MEASUREMENT {"candidate": "public586", "round": 1, "time": 6.2234218196393485, "size_pct": 33.83321359176538, "parse_s": 4.733693548000001, "total_s": 4.965743375000001, "output_bytes": 4864855, "source_sha256": "61e085b27e545b3db1dccae2a8ad95d38d23c9211bbdc8dcb6d3db905dc2f112"}
round18	Run standard candidate checks and paired measurements	2026-10-09T19:22:52.3281271Z MEASURE_BEGIN 1 base586
round18	Run standard candidate checks and paired measurements	2026-10-09T19:22:52.3788107Z ^[[32m2026-10-09 19:22:52.378^[[0m | ^[[34m^[[1mDEBUG   ^[[0m | ^[[36msandbox.bwrap^[[0m:^[[36mrun^[[0m:^[[36m110^[[0m - ^[[34m^[[1m[bwrap] rustc exit=0 in 0.0s^[[0m
round18	Run standard candidate checks and paired measurements	2026-10-09T19:22:54.6491606Z ^[[32m2026-10-09 19:22:54.648^[[0m | ^[[34m^[[1mDEBUG   ^[[0m | ^[[36msandbox.bwrap^[[0m:^[[36mrun^[[0m:^[[36m110^[[0m - ^[[34m^[[1m[bwrap] cargo exit=0 in 2.3s^[[0m
round18	Run standard candidate checks and paired measurements	2026-10-09T19:22:59.3487711Z ^[[32m2026-10-09 19:22:54.648^[[0m | ^[[34m^[[1mDEBUG   ^[[0m | ^[[36mbench.driver^[[0m:^[[36m_build^[[0m:^[[36m295^[[0m - ^[[34m^[[1m[bench] built incumbent in 2.3s exit=0^[[0m
round18	Run standard candidate checks and paired measurements	2026-10-09T19:22:59.3489253Z ^[[32m2026-10-09 19:22:59.348^[[0m | ^[[34m^[[1mDEBUG   ^[[0m | ^[[36msandbox.bwrap^[[0m:^[[36mrun^[[0m:^[[36m110^[[0m - ^[[34m^[[1m[bwrap] cargo exit=0 in 4.7s^[[0m
round18	Run standard candidate checks and paired measurements	2026-10-09T19:22:59.3491223Z ^[[32m2026-10-09 19:22:59.348^[[0m | ^[[34m^[[1mDEBUG   ^[[0m | ^[[36mbench.driver^[[0m:^[[36m_build^[[0m:^[[36m295^[[0m - ^[[34m^[[1m[bench] built base586 in 4.7s exit=0^[[0m
round18	Run standard candidate checks and paired measurements	2026-10-09T19:23:41.9523376Z ^[[32m2026-10-09 19:23:41.951^[[0m | ^[[34m^[[1mDEBUG   ^[[0m | ^[[36msandbox.bwrap^[[0m:^[[36mrun^[[0m:^[[36m110^[[0m - ^[[34m^[[1m[bwrap] measure exit=0 in 42.6s^[[0m
round18	Run standard candidate checks and paired measurements	2026-10-09T19:23:41.9525113Z ^[[32m2026-10-09 19:23:41.952^[[0m | ^[[34m^[[1mDEBUG   ^[[0m | ^[[36mbench.driver^[[0m:^[[36m_measure^[[0m:^[[36m333^[[0m - ^[[34m^[[1m[bench] measured base586 in 42.6s exit=0^[[0m
round18	Run standard candidate checks and paired measurements	2026-10-09T19:23:41.9631291Z MEASUREMENT {"candidate": "base586", "round": 1, "time": 3.658892328087168, "size_pct": 33.84288035119642, "parse_s": 2.437452784, "total_s": 2.665434002999999, "output_bytes": 4866595, "source_sha256": "6fc29727deab52c5564f8e4e413918e1429f2dbff81284e257df611f6301ffbd"}
round18	Run standard candidate checks and paired measurements	2026-10-09T19:23:41.9633932Z MEASURE_BEGIN 1 r18-586-selective-rf
round18	Run standard candidate checks and paired measurements	2026-10-09T19:23:42.0142672Z ^[[32m2026-10-09 19:23:42.013^[[0m | ^[[34m^[[1mDEBUG   ^[[0m | ^[[36msandbox.bwrap^[[0m:^[[36mrun^[[0m:^[[36m110^[[0m - ^[[34m^[[1m[bwrap] rustc exit=0 in 0.0s^[[0m
round18	Run standard candidate checks and paired measurements	2026-10-09T19:23:44.3030731Z ^[[32m2026-10-09 19:23:44.302^[[0m | ^[[34m^[[1mDEBUG   ^[[0m | ^[[36msandbox.bwrap^[[0m:^[[36mrun^[[0m:^[[36m110^[[0m - ^[[34m^[[1m[bwrap] cargo exit=0 in 2.3s^[[0m
round18	Run standard candidate checks and paired measurements	2026-10-09T19:23:44.3032813Z ^[[32m2026-10-09 19:23:44.302^[[0m | ^[[34m^[[1mDEBUG   ^[[0m | ^[[36mbench.driver^[[0m:^[[36m_build^[[0m:^[[36m295^[[0m - ^[[34m^[[1m[bench] built incumbent in 2.3s exit=0^[[0m
round18	Run standard candidate checks and paired measurements	2026-10-09T19:23:49.5089368Z ^[[32m2026-10-09 19:23:49.508^[[0m | ^[[34m^[[1mDEBUG   ^[[0m | ^[[36msandbox.bwrap^[[0m:^[[36mrun^[[0m:^[[36m110^[[0m - ^[[34m^[[1m[bwrap] cargo exit=0 in 5.2s^[[0m
round18	Run standard candidate checks and paired measurements	2026-10-09T19:23:49.5091523Z ^[[32m2026-10-09 19:23:49.508^[[0m | ^[[34m^[[1mDEBUG   ^[[0m | ^[[36mbench.driver^[[0m:^[[36m_build^[[0m:^[[36m295^[[0m - ^[[34m^[[1m[bench] built r18-586-selective-rf in 5.2s exit=0^[[0m
round18	Run standard candidate checks and paired measurements	2026-10-09T19:24:37.0802655Z ^[[32m2026-10-09 19:24:37.079^[[0m | ^[[34m^[[1mDEBUG   ^[[0m | ^[[36msandbox.bwrap^[[0m:^[[36mrun^[[0m:^[[36m110^[[0m - ^[[34m^[[1m[bwrap] measure exit=0 in 47.6s^[[0m
round18	Run standard candidate checks and paired measurements	2026-10-09T19:24:37.0805043Z ^[[32m2026-10-09 19:24:37.079^[[0m | ^[[34m^[[1mDEBUG   ^[[0m | ^[[36mbench.driver^[[0m:^[[36m_measure^[[0m:^[[36m333^[[0m - ^[[34m^[[1m[bench] measured r18-586-selective-rf in 47.6s exit=0^[[0m
round18	Run standard candidate checks and paired measurements	2026-10-09T19:24:37.0906832Z MEASUREMENT {"candidate": "r18-586-selective-rf", "round": 1, "time": 4.079935525830198, "size_pct": 33.83695542850007, "parse_s": 2.8522658720000003, "total_s": 3.080853263999999, "output_bytes": 4865533, "source_sha256": "b03af48fe3916b5b82dd563a4a69dbcc6e3e424579bd98ed0a11add6ef8b1bc6"}
round18	Run standard candidate checks and paired measurements	2026-10-09T19:24:37.0909363Z MEASURE_BEGIN 1 public586-shadow
round18	Run standard candidate checks and paired measurements	2026-10-09T19:24:37.1429856Z ^[[32m2026-10-09 19:24:37.142^[[0m | ^[[34m^[[1mDEBUG   ^[[0m | ^[[36msandbox.bwrap^[[0m:^[[36mrun^[[0m:^[[36m110^[[0m - ^[[34m^[[1m[bwrap] rustc exit=0 in 0.0s^[[0m
round18	Run standard candidate checks and paired measurements	2026-10-09T19:24:39.4026770Z ^[[32m2026-10-09 19:24:39.402^[[0m | ^[[34m^[[1mDEBUG   ^[[0m | ^[[36msandbox.bwrap^[[0m:^[[36mrun^[[0m:^[[36m110^[[0m - ^[[34m^[[1m[bwrap] cargo exit=0 in 2.3s^[[0m
round18	Run standard candidate checks and paired measurements	2026-10-09T19:24:39.4028639Z ^[[32m2026-10-09 19:24:39.402^[[0m | ^[[34m^[[1mDEBUG   ^[[0m | ^[[36mbench.driver^[[0m:^[[36m_build^[[0m:^[[36m295^[[0m - ^[[34m^[[1m[bench] built incumbent in 2.3s exit=0^[[0m
round18	Run standard candidate checks and paired measurements	2026-10-09T19:24:44.6131553Z ^[[32m2026-10-09 19:24:44.612^[[0m | ^[[34m^[[1mDEBUG   ^[[0m | ^[[36msandbox.bwrap^[[0m:^[[36mrun^[[0m:^[[36m110^[[0m - ^[[34m^[[1m[bwrap] cargo exit=0 in 5.2s^[[0m
round18	Run standard candidate checks and paired measurements	2026-10-09T19:24:44.6135587Z ^[[32m2026-10-09 19:24:44.612^[[0m | ^[[34m^[[1mDEBUG   ^[[0m | ^[[36mbench.driver^[[0m:^[[36m_build^[[0m:^[[36m295^[[0m - ^[[34m^[[1m[bench] built public586-shadow in 5.2s exit=0^[[0m
round18	Run standard candidate checks and paired measurements	2026-10-09T19:25:54.7705553Z ^[[32m2026-10-09 19:25:54.770^[[0m | ^[[34m^[[1mDEBUG   ^[[0m | ^[[36msandbox.bwrap^[[0m:^[[36mrun^[[0m:^[[36m110^[[0m - ^[[34m^[[1m[bwrap] measure exit=0 in 70.2s^[[0m
round18	Run standard candidate checks and paired measurements	2026-10-09T19:25:54.7707640Z ^[[32m2026-10-09 19:25:54.770^[[0m | ^[[34m^[[1mDEBUG   ^[[0m | ^[[36mbench.driver^[[0m:^[[36m_measure^[[0m:^[[36m333^[[0m - ^[[34m^[[1m[bench] measured public586-shadow in 70.2s exit=0^[[0m
round18	Run standard candidate checks and paired measurements	2026-10-09T19:25:54.7815119Z MEASUREMENT {"candidate": "public586-shadow", "round": 1, "time": 6.218207012295889, "size_pct": 33.83321359176538, "parse_s": 4.731639351, "total_s": 4.963364988999997, "output_bytes": 4864855, "source_sha256": "61e085b27e545b3db1dccae2a8ad95d38d23c9211bbdc8dcb6d3db905dc2f112"}
round18	Run standard candidate checks and paired measurements	2026-10-09T19:25:54.7819639Z MEASURE_BEGIN 2 public586-shadow
round18	Run standard candidate checks and paired measurements	2026-10-09T19:25:54.8328247Z ^[[32m2026-10-09 19:25:54.832^[[0m | ^[[34m^[[1mDEBUG   ^[[0m | ^[[36msandbox.bwrap^[[0m:^[[36mrun^[[0m:^[[36m110^[[0m - ^[[34m^[[1m[bwrap] rustc exit=0 in 0.0s^[[0m
round18	Run standard candidate checks and paired measurements	2026-10-09T19:25:57.1204913Z ^[[32m2026-10-09 19:25:57.120^[[0m | ^[[34m^[[1mDEBUG   ^[[0m | ^[[36msandbox.bwrap^[[0m:^[[36mrun^[[0m:^[[36m110^[[0m - ^[[34m^[[1m[bwrap] cargo exit=0 in 2.3s^[[0m
round18	Run standard candidate checks and paired measurements	2026-10-09T19:25:57.1206029Z ^[[32m2026-10-09 19:25:57.120^[[0m | ^[[34m^[[1mDEBUG   ^[[0m | ^[[36mbench.driver^[[0m:^[[36m_build^[[0m:^[[36m295^[[0m - ^[[34m^[[1m[bench] built incumbent in 2.3s exit=0^[[0m
round18	Run standard candidate checks and paired measurements	2026-10-09T19:26:02.3681199Z ^[[32m2026-10-09 19:26:02.367^[[0m | ^[[34m^[[1mDEBUG   ^[[0m | ^[[36msandbox.bwrap^[[0m:^[[36mrun^[[0m:^[[36m110^[[0m - ^[[34m^[[1m[bwrap] cargo exit=0 in 5.2s^[[0m
round18	Run standard candidate checks and paired measurements	2026-10-09T19:26:02.3682944Z ^[[32m2026-10-09 19:26:02.367^[[0m | ^[[34m^[[1mDEBUG   ^[[0m | ^[[36mbench.driver^[[0m:^[[36m_build^[[0m:^[[36m295^[[0m - ^[[34m^[[1m[bench] built public586-shadow in 5.2s exit=0^[[0m
round18	Run standard candidate checks and paired measurements	2026-10-09T19:27:12.6235170Z ^[[32m2026-10-09 19:27:12.623^[[0m | ^[[34m^[[1mDEBUG   ^[[0m | ^[[36msandbox.bwrap^[[0m:^[[36mrun^[[0m:^[[36m110^[[0m - ^[[34m^[[1m[bwrap] measure exit=0 in 70.3s^[[0m
round18	Run standard candidate checks and paired measurements	2026-10-09T19:27:12.6236942Z ^[[32m2026-10-09 19:27:12.623^[[0m | ^[[34m^[[1mDEBUG   ^[[0m | ^[[36mbench.driver^[[0m:^[[36m_measure^[[0m:^[[36m333^[[0m - ^[[34m^[[1m[bench] measured public586-shadow in 70.3s exit=0^[[0m
round18	Run standard candidate checks and paired measurements	2026-10-09T19:27:12.6358938Z MEASUREMENT {"candidate": "public586-shadow", "round": 2, "time": 6.243817164099533, "size_pct": 33.83321359176538, "parse_s": 4.7387261689999995, "total_s": 4.970763673999998, "output_bytes": 4864855, "source_sha256": "61e085b27e545b3db1dccae2a8ad95d38d23c9211bbdc8dcb6d3db905dc2f112"}
round18	Run standard candidate checks and paired measurements	2026-10-09T19:27:12.6362164Z MEASURE_BEGIN 2 r18-586-selective-rf
round18	Run standard candidate checks and paired measurements	2026-10-09T19:27:12.6888676Z ^[[32m2026-10-09 19:27:12.688^[[0m | ^[[34m^[[1mDEBUG   ^[[0m | ^[[36msandbox.bwrap^[[0m:^[[36mrun^[[0m:^[[36m110^[[0m - ^[[34m^[[1m[bwrap] rustc exit=0 in 0.0s^[[0m
round18	Run standard candidate checks and paired measurements	2026-10-09T19:27:14.9582456Z ^[[32m2026-10-09 19:27:14.957^[[0m | ^[[34m^[[1mDEBUG   ^[[0m | ^[[36msandbox.bwrap^[[0m:^[[36mrun^[[0m:^[[36m110^[[0m - ^[[34m^[[1m[bwrap] cargo exit=0 in 2.3s^[[0m
round18	Run standard candidate checks and paired measurements	2026-10-09T19:27:14.9588092Z ^[[32m2026-10-09 19:27:14.958^[[0m | ^[[34m^[[1mDEBUG   ^[[0m | ^[[36mbench.driver^[[0m:^[[36m_build^[[0m:^[[36m295^[[0m - ^[[34m^[[1m[bench] built incumbent in 2.3s exit=0^[[0m
round18	Run standard candidate checks and paired measurements	2026-10-09T19:27:20.1084158Z ^[[32m2026-10-09 19:27:20.108^[[0m | ^[[34m^[[1mDEBUG   ^[[0m | ^[[36msandbox.bwrap^[[0m:^[[36mrun^[[0m:^[[36m110^[[0m - ^[[34m^[[1m[bwrap] cargo exit=0 in 5.1s^[[0m
round18	Run standard candidate checks and paired measurements	2026-10-09T19:27:20.1085298Z ^[[32m2026-10-09 19:27:20.108^[[0m | ^[[34m^[[1mDEBUG   ^[[0m | ^[[36mbench.driver^[[0m:^[[36m_build^[[0m:^[[36m295^[[0m - ^[[34m^[[1m[bench] built r18-586-selective-rf in 5.1s exit=0^[[0m
round18	Run standard candidate checks and paired measurements	2026-10-09T19:28:07.7312761Z ^[[32m2026-10-09 19:28:07.730^[[0m | ^[[34m^[[1mDEBUG   ^[[0m | ^[[36msandbox.bwrap^[[0m:^[[36mrun^[[0m:^[[36m110^[[0m - ^[[34m^[[1m[bwrap] measure exit=0 in 47.6s^[[0m
round18	Run standard candidate checks and paired measurements	2026-10-09T19:28:07.7315185Z ^[[32m2026-10-09 19:28:07.731^[[0m | ^[[34m^[[1mDEBUG   ^[[0m | ^[[36mbench.driver^[[0m:^[[36m_measure^[[0m:^[[36m333^[[0m - ^[[34m^[[1m[bench] measured r18-586-selective-rf in 47.6s exit=0^[[0m
round18	Run standard candidate checks and paired measurements	2026-10-09T19:28:07.7489808Z MEASUREMENT {"candidate": "r18-586-selective-rf", "round": 2, "time": 4.092432827642756, "size_pct": 33.83695542850007, "parse_s": 2.8558202490000006, "total_s": 3.0842126509999996, "output_bytes": 4865533, "source_sha256": "b03af48fe3916b5b82dd563a4a69dbcc6e3e424579bd98ed0a11add6ef8b1bc6"}
round18	Run standard candidate checks and paired measurements	2026-10-09T19:28:07.7491669Z MEASURE_BEGIN 2 base586
round18	Run standard candidate checks and paired measurements	2026-10-09T19:28:07.7981187Z ^[[32m2026-10-09 19:28:07.797^[[0m | ^[[34m^[[1mDEBUG   ^[[0m | ^[[36msandbox.bwrap^[[0m:^[[36mrun^[[0m:^[[36m110^[[0m - ^[[34m^[[1m[bwrap] rustc exit=0 in 0.0s^[[0m
round18	Run standard candidate checks and paired measurements	2026-10-09T19:28:10.1003344Z ^[[32m2026-10-09 19:28:10.099^[[0m | ^[[34m^[[1mDEBUG   ^[[0m | ^[[36msandbox.bwrap^[[0m:^[[36mrun^[[0m:^[[36m110^[[0m - ^[[34m^[[1m[bwrap] cargo exit=0 in 2.3s^[[0m
round18	Run standard candidate checks and paired measurements	2026-10-09T19:28:10.1005134Z ^[[32m2026-10-09 19:28:10.100^[[0m | ^[[34m^[[1mDEBUG   ^[[0m | ^[[36mbench.driver^[[0m:^[[36m_build^[[0m:^[[36m295^[[0m - ^[[34m^[[1m[bench] built incumbent in 2.3s exit=0^[[0m
round18	Run standard candidate checks and paired measurements	2026-10-09T19:28:14.7835378Z ^[[32m2026-10-09 19:28:14.783^[[0m | ^[[34m^[[1mDEBUG   ^[[0m | ^[[36msandbox.bwrap^[[0m:^[[36mrun^[[0m:^[[36m110^[[0m - ^[[34m^[[1m[bwrap] cargo exit=0 in 4.7s^[[0m
round18	Run standard candidate checks and paired measurements	2026-10-09T19:28:14.7837044Z ^[[32m2026-10-09 19:28:14.783^[[0m | ^[[34m^[[1mDEBUG   ^[[0m | ^[[36mbench.driver^[[0m:^[[36m_build^[[0m:^[[36m295^[[0m - ^[[34m^[[1m[bench] built base586 in 4.7s exit=0^[[0m
round18	Run standard candidate checks and paired measurements	2026-10-09T19:28:57.3116800Z ^[[32m2026-10-09 19:28:57.311^[[0m | ^[[34m^[[1mDEBUG   ^[[0m | ^[[36msandbox.bwrap^[[0m:^[[36mrun^[[0m:^[[36m110^[[0m - ^[[34m^[[1m[bwrap] measure exit=0 in 42.5s^[[0m
round18	Run standard candidate checks and paired measurements	2026-10-09T19:28:57.3117941Z ^[[32m2026-10-09 19:28:57.311^[[0m | ^[[34m^[[1mDEBUG   ^[[0m | ^[[36mbench.driver^[[0m:^[[36m_measure^[[0m:^[[36m333^[[0m - ^[[34m^[[1m[bench] measured base586 in 42.5s exit=0^[[0m
round18	Run standard candidate checks and paired measurements	2026-10-09T19:28:57.3249347Z MEASUREMENT {"candidate": "base586", "round": 2, "time": 3.6584902165920505, "size_pct": 33.84288035119642, "parse_s": 2.434089076, "total_s": 2.6613999669999995, "output_bytes": 4866595, "source_sha256": "6fc29727deab52c5564f8e4e413918e1429f2dbff81284e257df611f6301ffbd"}
round18	Run standard candidate checks and paired measurements	2026-10-09T19:28:57.3252709Z MEASURE_BEGIN 2 public586
round18	Run standard candidate checks and paired measurements	2026-10-09T19:28:57.3745932Z ^[[32m2026-10-09 19:28:57.374^[[0m | ^[[34m^[[1mDEBUG   ^[[0m | ^[[36msandbox.bwrap^[[0m:^[[36mrun^[[0m:^[[36m110^[[0m - ^[[34m^[[1m[bwrap] rustc exit=0 in 0.0s^[[0m
round18	Run standard candidate checks and paired measurements	2026-10-09T19:28:59.6420049Z ^[[32m2026-10-09 19:28:59.641^[[0m | ^[[34m^[[1mDEBUG   ^[[0m | ^[[36msandbox.bwrap^[[0m:^[[36mrun^[[0m:^[[36m110^[[0m - ^[[34m^[[1m[bwrap] cargo exit=0 in 2.3s^[[0m
round18	Run standard candidate checks and paired measurements	2026-10-09T19:28:59.6421986Z ^[[32m2026-10-09 19:28:59.641^[[0m | ^[[34m^[[1mDEBUG   ^[[0m | ^[[36mbench.driver^[[0m:^[[36m_build^[[0m:^[[36m295^[[0m - ^[[34m^[[1m[bench] built incumbent in 2.3s exit=0^[[0m
round18	Run standard candidate checks and paired measurements	2026-10-09T19:29:04.8229686Z ^[[32m2026-10-09 19:29:04.822^[[0m | ^[[34m^[[1mDEBUG   ^[[0m | ^[[36msandbox.bwrap^[[0m:^[[36mrun^[[0m:^[[36m110^[[0m - ^[[34m^[[1m[bwrap] cargo exit=0 in 5.2s^[[0m
round18	Run standard candidate checks and paired measurements	2026-10-09T19:29:04.8231747Z ^[[32m2026-10-09 19:29:04.822^[[0m | ^[[34m^[[1mDEBUG   ^[[0m | ^[[36mbench.driver^[[0m:^[[36m_build^[[0m:^[[36m295^[[0m - ^[[34m^[[1m[bench] built public586 in 5.2s exit=0^[[0m
round18	Run standard candidate checks and paired measurements	2026-10-09T19:30:15.1158888Z ^[[32m2026-10-09 19:30:15.115^[[0m | ^[[34m^[[1mDEBUG   ^[[0m | ^[[36msandbox.bwrap^[[0m:^[[36mrun^[[0m:^[[36m110^[[0m - ^[[34m^[[1m[bwrap] measure exit=0 in 70.3s^[[0m
round18	Run standard candidate checks and paired measurements	2026-10-09T19:30:15.1161183Z ^[[32m2026-10-09 19:30:15.115^[[0m | ^[[34m^[[1mDEBUG   ^[[0m | ^[[36mbench.driver^[[0m:^[[36m_measure^[[0m:^[[36m333^[[0m - ^[[34m^[[1m[bench] measured public586 in 70.3s exit=0^[[0m
round18	Run standard candidate checks and paired measurements	2026-10-09T19:30:15.1300402Z MEASUREMENT {"candidate": "public586", "round": 2, "time": 6.231803530370605, "size_pct": 33.83321359176538, "parse_s": 4.738995225000001, "total_s": 4.971974730999998, "output_bytes": 4864855, "source_sha256": "61e085b27e545b3db1dccae2a8ad95d38d23c9211bbdc8dcb6d3db905dc2f112"}
round18	Run standard candidate checks and paired measurements	2026-10-09T19:30:15.1304191Z MEASURE_BEGIN 2 public514
round18	Run standard candidate checks and paired measurements	2026-10-09T19:30:15.1898489Z ^[[32m2026-10-09 19:30:15.189^[[0m | ^[[34m^[[1mDEBUG   ^[[0m | ^[[36msandbox.bwrap^[[0m:^[[36mrun^[[0m:^[[36m110^[[0m - ^[[34m^[[1m[bwrap] rustc exit=0 in 0.0s^[[0m
round18	Run standard candidate checks and paired measurements	2026-10-09T19:30:17.4689082Z ^[[32m2026-10-09 19:30:17.468^[[0m | ^[[34m^[[1mDEBUG   ^[[0m | ^[[36msandbox.bwrap^[[0m:^[[36mrun^[[0m:^[[36m110^[[0m - ^[[34m^[[1m[bwrap] cargo exit=0 in 2.3s^[[0m
round18	Run standard candidate checks and paired measurements	2026-10-09T19:30:17.4690176Z ^[[32m2026-10-09 19:30:17.468^[[0m | ^[[34m^[[1mDEBUG   ^[[0m | ^[[36mbench.driver^[[0m:^[[36m_build^[[0m:^[[36m295^[[0m - ^[[34m^[[1m[bench] built incumbent in 2.3s exit=0^[[0m
round18	Run standard candidate checks and paired measurements	2026-10-09T19:30:21.5881109Z ^[[32m2026-10-09 19:30:21.587^[[0m | ^[[34m^[[1mDEBUG   ^[[0m | ^[[36msandbox.bwrap^[[0m:^[[36mrun^[[0m:^[[36m110^[[0m - ^[[34m^[[1m[bwrap] cargo exit=0 in 4.1s^[[0m
round18	Run standard candidate checks and paired measurements	2026-10-09T19:30:21.5882848Z ^[[32m2026-10-09 19:30:21.587^[[0m | ^[[34m^[[1mDEBUG   ^[[0m | ^[[36mbench.driver^[[0m:^[[36m_build^[[0m:^[[36m295^[[0m - ^[[34m^[[1m[bench] built public514 in 4.1s exit=0^[[0m
round18	Run standard candidate checks and paired measurements	2026-10-09T19:30:35.5642152Z ^[[32m2026-10-09 19:30:35.563^[[0m | ^[[34m^[[1mDEBUG   ^[[0m | ^[[36msandbox.bwrap^[[0m:^[[36mrun^[[0m:^[[36m110^[[0m - ^[[34m^[[1m[bwrap] measure exit=0 in 14.0s^[[0m
round18	Run standard candidate checks and paired measurements	2026-10-09T19:30:35.5643533Z ^[[32m2026-10-09 19:30:35.564^[[0m | ^[[34m^[[1mDEBUG   ^[[0m | ^[[36mbench.driver^[[0m:^[[36m_measure^[[0m:^[[36m333^[[0m - ^[[34m^[[1m[bench] measured public514 in 14.0s exit=0^[[0m
round18	Run standard candidate checks and paired measurements	2026-10-09T19:30:35.5774419Z MEASUREMENT {"candidate": "public514", "round": 2, "time": 0.4253348298212481, "size_pct": 36.20314548923299, "parse_s": 0.05255511999999999, "total_s": 0.28158355, "output_bytes": 5340006, "source_sha256": "e337b70b9bd81a1f189a05a37fcd26ca13b1a741a3b6bd8c89705e30896b004a"}
round18	Run standard candidate checks and paired measurements	2026-10-09T19:30:35.5777997Z MEASURE_BEGIN 2 public432
round18	Run standard candidate checks and paired measurements	2026-10-09T19:30:35.6288109Z ^[[32m2026-10-09 19:30:35.628^[[0m | ^[[34m^[[1mDEBUG   ^[[0m | ^[[36msandbox.bwrap^[[0m:^[[36mrun^[[0m:^[[36m110^[[0m - ^[[34m^[[1m[bwrap] rustc exit=0 in 0.0s^[[0m
round18	Run standard candidate checks and paired measurements	2026-10-09T19:30:37.9350305Z ^[[32m2026-10-09 19:30:37.933^[[0m | ^[[34m^[[1mDEBUG   ^[[0m | ^[[36msandbox.bwrap^[[0m:^[[36mrun^[[0m:^[[36m110^[[0m - ^[[34m^[[1m[bwrap] cargo exit=0 in 2.3s^[[0m
round18	Run standard candidate checks and paired measurements	2026-10-09T19:30:37.9352107Z ^[[32m2026-10-09 19:30:37.934^[[0m | ^[[34m^[[1mDEBUG   ^[[0m | ^[[36mbench.driver^[[0m:^[[36m_build^[[0m:^[[36m295^[[0m - ^[[34m^[[1m[bench] built incumbent in 2.3s exit=0^[[0m
round18	Run standard candidate checks and paired measurements	2026-10-09T19:30:41.9665843Z ^[[32m2026-10-09 19:30:41.966^[[0m | ^[[34m^[[1mDEBUG   ^[[0m | ^[[36msandbox.bwrap^[[0m:^[[36mrun^[[0m:^[[36m110^[[0m - ^[[34m^[[1m[bwrap] cargo exit=0 in 4.0s^[[0m
round18	Run standard candidate checks and paired measurements	2026-10-09T19:30:41.9667636Z ^[[32m2026-10-09 19:30:41.966^[[0m | ^[[34m^[[1mDEBUG   ^[[0m | ^[[36mbench.driver^[[0m:^[[36m_build^[[0m:^[[36m295^[[0m - ^[[34m^[[1m[bench] built public432 in 4.0s exit=0^[[0m
round18	Run standard candidate checks and paired measurements	2026-10-09T19:30:56.1951123Z ^[[32m2026-10-09 19:30:56.194^[[0m | ^[[34m^[[1mDEBUG   ^[[0m | ^[[36msandbox.bwrap^[[0m:^[[36mrun^[[0m:^[[36m110^[[0m - ^[[34m^[[1m[bwrap] measure exit=0 in 14.2s^[[0m
round18	Run standard candidate checks and paired measurements	2026-10-09T19:30:56.1972021Z ^[[32m2026-10-09 19:30:56.194^[[0m | ^[[34m^[[1mDEBUG   ^[[0m | ^[[36mbench.driver^[[0m:^[[36m_measure^[[0m:^[[36m333^[[0m - ^[[34m^[[1m[bench] measured public432 in 14.2s exit=0^[[0m
round18	Run standard candidate checks and paired measurements	2026-10-09T19:30:56.2077396Z MEASUREMENT {"candidate": "public432", "round": 2, "time": 0.43123170539164496, "size_pct": 36.52435870548103, "parse_s": 0.050261922, "total_s": 0.291221728, "output_bytes": 5376051, "source_sha256": "160d1b3f9edb307a0f97bde13cd972b5f6f0a426dd669515f639e4bfa24ef054"}
round18	Run standard candidate checks and paired measurements	2026-10-09T19:30:56.2081764Z MEASURE_BEGIN 2 r3-432-fast3
round18	Run standard candidate checks and paired measurements	2026-10-09T19:30:56.2857226Z ^[[32m2026-10-09 19:30:56.285^[[0m | ^[[34m^[[1mDEBUG   ^[[0m | ^[[36msandbox.bwrap^[[0m:^[[36mrun^[[0m:^[[36m110^[[0m - ^[[34m^[[1m[bwrap] rustc exit=0 in 0.0s^[[0m
round18	Run standard candidate checks and paired measurements	2026-10-09T19:30:58.5662209Z ^[[32m2026-10-09 19:30:58.565^[[0m | ^[[34m^[[1mDEBUG   ^[[0m | ^[[36msandbox.bwrap^[[0m:^[[36mrun^[[0m:^[[36m110^[[0m - ^[[34m^[[1m[bwrap] cargo exit=0 in 2.3s^[[0m
round18	Run standard candidate checks and paired measurements	2026-10-09T19:30:58.5663307Z ^[[32m2026-10-09 19:30:58.565^[[0m | ^[[34m^[[1mDEBUG   ^[[0m | ^[[36mbench.driver^[[0m:^[[36m_build^[[0m:^[[36m295^[[0m - ^[[34m^[[1m[bench] built incumbent in 2.3s exit=0^[[0m
round18	Run standard candidate checks and paired measurements	2026-10-09T19:31:02.6740206Z ^[[32m2026-10-09 19:31:02.673^[[0m | ^[[34m^[[1mDEBUG   ^[[0m | ^[[36msandbox.bwrap^[[0m:^[[36mrun^[[0m:^[[36m110^[[0m - ^[[34m^[[1m[bwrap] cargo exit=0 in 4.1s^[[0m
round18	Run standard candidate checks and paired measurements	2026-10-09T19:31:02.6742103Z ^[[32m2026-10-09 19:31:02.673^[[0m | ^[[34m^[[1mDEBUG   ^[[0m | ^[[36mbench.driver^[[0m:^[[36m_build^[[0m:^[[36m295^[[0m - ^[[34m^[[1m[bench] built r3-432-fast3 in 4.1s exit=0^[[0m
round18	Run standard candidate checks and paired measurements	2026-10-09T19:31:16.8581232Z ^[[32m2026-10-09 19:31:16.857^[[0m | ^[[34m^[[1mDEBUG   ^[[0m | ^[[36msandbox.bwrap^[[0m:^[[36mrun^[[0m:^[[36m110^[[0m - ^[[34m^[[1m[bwrap] measure exit=0 in 14.2s^[[0m
round18	Run standard candidate checks and paired measurements	2026-10-09T19:31:16.8583022Z ^[[32m2026-10-09 19:31:16.857^[[0m | ^[[34m^[[1mDEBUG   ^[[0m | ^[[36mbench.driver^[[0m:^[[36m_measure^[[0m:^[[36m333^[[0m - ^[[34m^[[1m[bench] measured r3-432-fast3 in 14.2s exit=0^[[0m
round18	Run standard candidate checks and paired measurements	2026-10-09T19:31:16.8707959Z MEASUREMENT {"candidate": "r3-432-fast3", "round": 2, "time": 0.42768080965994104, "size_pct": 36.60213910633018, "parse_s": 0.043859184, "total_s": 0.287008528, "output_bytes": 5410408, "source_sha256": "bae8014121e4710f4a34ce63452578b4bf69121b4f695e1b1356780a019108ef"}
round18	Run standard candidate checks and paired measurements	2026-10-09T19:31:16.8711652Z MEASURE_BEGIN 2 probe3
round18	Run standard candidate checks and paired measurements	2026-10-09T19:31:16.9240719Z ^[[32m2026-10-09 19:31:16.923^[[0m | ^[[34m^[[1mDEBUG   ^[[0m | ^[[36msandbox.bwrap^[[0m:^[[36mrun^[[0m:^[[36m110^[[0m - ^[[34m^[[1m[bwrap] rustc exit=0 in 0.0s^[[0m
round18	Run standard candidate checks and paired measurements	2026-10-09T19:31:19.2252355Z ^[[32m2026-10-09 19:31:19.224^[[0m | ^[[34m^[[1mDEBUG   ^[[0m | ^[[36msandbox.bwrap^[[0m:^[[36mrun^[[0m:^[[36m110^[[0m - ^[[34m^[[1m[bwrap] cargo exit=0 in 2.3s^[[0m
round18	Run standard candidate checks and paired measurements	2026-10-09T19:31:19.2260942Z ^[[32m2026-10-09 19:31:19.225^[[0m | ^[[34m^[[1mDEBUG   ^[[0m | ^[[36mbench.driver^[[0m:^[[36m_build^[[0m:^[[36m295^[[0m - ^[[34m^[[1m[bench] built incumbent in 2.3s exit=0^[[0m
round18	Run standard candidate checks and paired measurements	2026-10-09T19:31:22.6110739Z ^[[32m2026-10-09 19:31:22.610^[[0m | ^[[34m^[[1mDEBUG   ^[[0m | ^[[36msandbox.bwrap^[[0m:^[[36mrun^[[0m:^[[36m110^[[0m - ^[[34m^[[1m[bwrap] cargo exit=0 in 3.4s^[[0m
round18	Run standard candidate checks and paired measurements	2026-10-09T19:31:22.6112138Z ^[[32m2026-10-09 19:31:22.610^[[0m | ^[[34m^[[1mDEBUG   ^[[0m | ^[[36mbench.driver^[[0m:^[[36m_build^[[0m:^[[36m295^[[0m - ^[[34m^[[1m[bench] built probe3 in 3.4s exit=0^[[0m
round18	Run standard candidate checks and paired measurements	2026-10-09T19:31:36.9898556Z ^[[32m2026-10-09 19:31:36.989^[[0m | ^[[34m^[[1mDEBUG   ^[[0m | ^[[36msandbox.bwrap^[[0m:^[[36mrun^[[0m:^[[36m110^[[0m - ^[[34m^[[1m[bwrap] measure exit=0 in 14.4s^[[0m
round18	Run standard candidate checks and paired measurements	2026-10-09T19:31:36.9900354Z ^[[32m2026-10-09 19:31:36.989^[[0m | ^[[34m^[[1mDEBUG   ^[[0m | ^[[36mbench.driver^[[0m:^[[36m_measure^[[0m:^[[36m333^[[0m - ^[[34m^[[1m[bench] measured probe3 in 14.4s exit=0^[[0m
round18	Run standard candidate checks and paired measurements	2026-10-09T19:31:37.0024229Z MEASUREMENT {"candidate": "probe3", "round": 2, "time": 0.4590755588909384, "size_pct": 35.92083771476539, "parse_s": 0.068605926, "total_s": 0.308538717, "output_bytes": 5287026, "source_sha256": "e20ea5a7d2e77821008592faef393855077b9b8ceee244f390a85ac0257e047d"}
round18	Run standard candidate checks and paired measurements	2026-10-09T19:31:37.0111929Z ROUND4_PHASE {"phase": "screen", "summary": [{"candidate": "r18-586-selective-rf", "control": false, "blocks": [1, 2], "time": 4.086184176736477, "size_pct": 33.83695542850007, "own_anchor": {"time": 4.146276576660306, "size_pct": 34.09894646185279, "on_frontier": true, "dominating_ids": [], "conditional_geometry_weight": 0.02436602090105101, "size_gap_pp": 0}, "fixed_427": {"time": 4.145037043064001, "size_pct": 34.07475473403812, "on_frontier": true, "dominating_ids": [], "conditional_geometry_weight": 0.0017431811785998397, "size_gap_pp": 0}, "stress_1pct": {"time": 4.191325168587114, "size_pct": 34.09894646185279, "on_frontier": true, "dominating_ids": [], "conditional_geometry_weight": 0.021579301185540047, "size_gap_pp": 0}, "time_change_pct_vs_fast3": [852.8962740193997, 856.8895155470605], "size_change_pp_vs_fast3": -2.765183677830109, "equivalence": null}, {"candidate": "public586", "control": true, "blocks": [1, 2], "time": 6.227612675004977, "size_pct": 33.83321359176538, "own_anchor": {"time": 6.319201074876348, "size_pct": 34.09517565301762, "on_frontier": false, "dominating_ids": ["588"], "conditional_geometry_weight": 0, "size_gap_pp": 9.0739072433621e-05}, "fixed_427": {"time": 6.317308303114031, "size_pct": 34.07098660042873, "on_frontier": true, "dominating_ids": [], "conditional_geometry_weight": 0.001570492312042662, "size_gap_pp": 0}, "stress_1pct": {"time": 6.382393085625112, "size_pct": 34.09517565301762, "on_frontier": false, "dominating_ids": ["588"], "conditional_geometry_weight": 0, "size_gap_pp": 9.0739072433621e-05}, "time_change_pct_vs_fast3": [1353.521857402062, 1357.1155379465488], "size_change_pp_vs_fast3": -2.768925514564799, "equivalence": null}, {"candidate": "public586-shadow", "control": true, "blocks": [1, 2], "time": 6.231012088197711, "size_pct": 33.83321359176538, "own_anchor": {"time": 6.3226446020270295, "size_pct": 34.09517565301762, "on_frontier": false, "dominating_ids": ["588"], "conditional_geometry_weight": 0, "size_gap_pp": 9.0739072433621e-05}, "fixed_427": {"time": 6.320756677685297, "size_pct": 34.07098660042873, "on_frontier": true, "dominating_ids": [], "conditional_geometry_weight": 0.0015704660447178134, "size_gap_pp": 0}, "stress_1pct": {"time": 6.39469702500174, "size_pct": 34.09517565301762, "on_frontier": false, "dominating_ids": ["588"], "conditional_geometry_weight": 0, "size_gap_pp": 9.0739072433621e-05}, "time_change_pct_vs_fast3": [1352.3039042123974, 1359.9245566019522], "size_change_pp_vs_fast3": -2.768925514564799, "equivalence": null}, {"candidate": "base586", "control": true, "blocks": [1, 2], "time": 3.6586912723396092, "size_pct": 33.84288035119642, "own_anchor": {"time": 3.712500817316103, "size_pct": 34.104917259735025, "on_frontier": false, "dominating_ids": ["472", "532"], "conditional_geometry_weight": 0, "size_gap_pp": 0.002060264944098833}, "fixed_427": {"time": 3.7113870048546946, "size_pct": 34.080721295897476, "on_frontier": true, "dominating_ids": [], "conditional_geometry_weight": 0.0014576365536579099, "size_gap_pp": 0}, "stress_1pct": {"time": 3.752355178968666, "size_pct": 34.104917259735025, "on_frontier": false, "dominating_ids": ["472", "532"], "conditional_geometry_weight": 0, "size_gap_pp": 0.002060264944098833}, "time_change_pct_vs_fast3": [754.5588145692515, 755.4253859323268], "size_change_pp_vs_fast3": -2.7592587551337573, "equivalence": null}, {"candidate": "public514", "control": true, "blocks": [1, 2], "time": 0.42547217539536614, "size_pct": 36.20314548923299, "own_anchor": {"time": 0.4322682082556498, "size_pct": 36.65058590774305, "on_frontier": false, "dominating_ids": ["539"], "conditional_geometry_weight": 0, "size_gap_pp": 0.014138503906806932}, "fixed_427": {"time": 0.43160020486774864, "size_pct": 36.45757390179582, "on_frontier": true, "dominating_ids": [], "conditional_geometry_weight": 0.26011368470844526, "size_gap_pp": 0}, "stress_1pct": {"time": 0.4365908903382063, "size_pct": 36.65058590774305, "on_frontier": false, "dominating_ids": ["539", "575", "578"], "conditional_geometry_weight": 0, "size_gap_pp": 0.10025321598044457}, "time_change_pct_vs_fast3": [-0.5960451699838831, -0.5485352126410104], "size_change_pp_vs_fast3": -0.39899361709719017, "equivalence": null}, {"candidate": "r3-432-fast3", "control": true, "blocks": [1, 2], "time": 0.4279211834555744, "size_pct": 36.60213910633018, "own_anchor": {"time": 0.43787345819892, "size_pct": 36.999728556810254, "on_frontier": false, "dominating_ids": ["539", "575", "578"], "conditional_geometry_weight": 0, "size_gap_pp": 0.4493958650476486}, "fixed_427": {"time": 0.4340844857247199, "size_pct": 36.859371565647756, "on_frontier": false, "dominating_ids": ["539", "575", "578"], "conditional_geometry_weight": 0, "size_gap_pp": 0.30903887388515017}, "stress_1pct": {"time": 0.4422521927809092, "size_pct": 36.999728556810254, "on_frontier": false, "dominating_ids": ["511", "539", "546", "555", "575", "578"], "conditional_geometry_weight": 0, "size_gap_pp": 0.8238550157184079}, "time_change_pct_vs_fast3": [0.0, 0.0], "size_change_pp_vs_fast3": 0.0, "equivalence": null}, {"candidate": "probe3", "control": true, "blocks": [1, 2], "time": 0.458784656425679, "size_pct": 35.92083771476539, "own_anchor": {"time": 0.46614327772931885, "size_pct": 36.173282125166494, "on_frontier": false, "dominating_ids": ["464", "528", "534", "543", "580"], "conditional_geometry_weight": 0, "size_gap_pp": 0.47576138697611725}, "fixed_427": {"time": 0.4653924819396293, "size_pct": 36.173282125166494, "on_frontier": false, "dominating_ids": ["464", "534", "543", "580"], "conditional_geometry_weight": 0, "size_gap_pp": 0.4163487968876325}, "stress_1pct": {"time": 0.47080471050661205, "size_pct": 36.173282125166494, "on_frontier": false, "dominating_ids": ["464", "528", "534", "543", "580"], "conditional_geometry_weight": 0, "size_gap_pp": 0.47576138697611725}, "time_change_pct_vs_fast3": [7.084287740343642, 7.340696267377544], "size_change_pp_vs_fast3": -0.6813013915647872, "equivalence": null}, {"candidate": "public432", "control": true, "blocks": [1, 2], "time": 0.432428588375108, "size_pct": 36.52435870548103, "own_anchor": {"time": 0.4413850574969763, "size_pct": 36.91273515631194, "on_frontier": false, "dominating_ids": ["511", "539", "546", "555", "575", "578"], "conditional_geometry_weight": 0, "size_gap_pp": 0.7368616152200929}, "fixed_427": {"time": 0.43865681030713205, "size_pct": 36.781044539812044, "on_frontier": false, "dominating_ids": ["539", "575", "578"], "conditional_geometry_weight": 0, "size_gap_pp": 0.23071184804943812}, "stress_1pct": {"time": 0.4457989080719461, "size_pct": 36.91273515631194, "on_frontier": false, "dominating_ids": ["511", "539", "543", "546", "555", "575", "578"], "conditional_geometry_weight": 0, "size_gap_pp": 0.8773504757643167}, "time_change_pct_vs_fast3": [1.2761337431696163, 0.8302677257198798], "size_change_pp_vs_fast3": -0.07778040084915006, "equivalence": null}], "gates": {}, "failures": []}
round18	Run standard candidate checks and paired measurements	2026-10-09T19:31:37.1521742Z ROUND4_PHASE {"phase": "refine", "summary": [{"candidate": "r18-586-selective-rf", "control": false, "blocks": [1, 2], "time": 4.086184176736477, "size_pct": 33.83695542850007, "own_anchor": {"time": 4.146276576660306, "size_pct": 34.09894646185279, "on_frontier": true, "dominating_ids": [], "conditional_geometry_weight": 0.02436602090105101, "size_gap_pp": 0}, "fixed_427": {"time": 4.145037043064001, "size_pct": 34.07475473403812, "on_frontier": true, "dominating_ids": [], "conditional_geometry_weight": 0.0017431811785998397, "size_gap_pp": 0}, "stress_1pct": {"time": 4.191325168587114, "size_pct": 34.09894646185279, "on_frontier": true, "dominating_ids": [], "conditional_geometry_weight": 0.021579301185540047, "size_gap_pp": 0}, "time_change_pct_vs_fast3": [852.8962740193997, 856.8895155470605], "size_change_pp_vs_fast3": -2.765183677830109, "equivalence": null}, {"candidate": "public586", "control": true, "blocks": [1, 2], "time": 6.227612675004977, "size_pct": 33.83321359176538, "own_anchor": {"time": 6.319201074876348, "size_pct": 34.09517565301762, "on_frontier": false, "dominating_ids": ["588"], "conditional_geometry_weight": 0, "size_gap_pp": 9.0739072433621e-05}, "fixed_427": {"time": 6.317308303114031, "size_pct": 34.07098660042873, "on_frontier": true, "dominating_ids": [], "conditional_geometry_weight": 0.001570492312042662, "size_gap_pp": 0}, "stress_1pct": {"time": 6.382393085625112, "size_pct": 34.09517565301762, "on_frontier": false, "dominating_ids": ["588"], "conditional_geometry_weight": 0, "size_gap_pp": 9.0739072433621e-05}, "time_change_pct_vs_fast3": [1353.521857402062, 1357.1155379465488], "size_change_pp_vs_fast3": -2.768925514564799, "equivalence": null}, {"candidate": "public586-shadow", "control": true, "blocks": [1, 2], "time": 6.231012088197711, "size_pct": 33.83321359176538, "own_anchor": {"time": 6.3226446020270295, "size_pct": 34.09517565301762, "on_frontier": false, "dominating_ids": ["588"], "conditional_geometry_weight": 0, "size_gap_pp": 9.0739072433621e-05}, "fixed_427": {"time": 6.320756677685297, "size_pct": 34.07098660042873, "on_frontier": true, "dominating_ids": [], "conditional_geometry_weight": 0.0015704660447178134, "size_gap_pp": 0}, "stress_1pct": {"time": 6.39469702500174, "size_pct": 34.09517565301762, "on_frontier": false, "dominating_ids": ["588"], "conditional_geometry_weight": 0, "size_gap_pp": 9.0739072433621e-05}, "time_change_pct_vs_fast3": [1352.3039042123974, 1359.9245566019522], "size_change_pp_vs_fast3": -2.768925514564799, "equivalence": null}, {"candidate": "base586", "control": true, "blocks": [1, 2], "time": 3.6586912723396092, "size_pct": 33.84288035119642, "own_anchor": {"time": 3.712500817316103, "size_pct": 34.104917259735025, "on_frontier": false, "dominating_ids": ["472", "532"], "conditional_geometry_weight": 0, "size_gap_pp": 0.002060264944098833}, "fixed_427": {"time": 3.7113870048546946, "size_pct": 34.080721295897476, "on_frontier": true, "dominating_ids": [], "conditional_geometry_weight": 0.0014576365536579099, "size_gap_pp": 0}, "stress_1pct": {"time": 3.752355178968666, "size_pct": 34.104917259735025, "on_frontier": false, "dominating_ids": ["472", "532"], "conditional_geometry_weight": 0, "size_gap_pp": 0.002060264944098833}, "time_change_pct_vs_fast3": [754.5588145692515, 755.4253859323268], "size_change_pp_vs_fast3": -2.7592587551337573, "equivalence": null}, {"candidate": "public514", "control": true, "blocks": [1, 2], "time": 0.42547217539536614, "size_pct": 36.20314548923299, "own_anchor": {"time": 0.4322682082556498, "size_pct": 36.65058590774305, "on_frontier": false, "dominating_ids": ["539"], "conditional_geometry_weight": 0, "size_gap_pp": 0.014138503906806932}, "fixed_427": {"time": 0.43160020486774864, "size_pct": 36.45757390179582, "on_frontier": true, "dominating_ids": [], "conditional_geometry_weight": 0.26011368470844526, "size_gap_pp": 0}, "stress_1pct": {"time": 0.4365908903382063, "size_pct": 36.65058590774305, "on_frontier": false, "dominating_ids": ["539", "575", "578"], "conditional_geometry_weight": 0, "size_gap_pp": 0.10025321598044457}, "time_change_pct_vs_fast3": [-0.5960451699838831, -0.5485352126410104], "size_change_pp_vs_fast3": -0.39899361709719017, "equivalence": null}, {"candidate": "r3-432-fast3", "control": true, "blocks": [1, 2], "time": 0.4279211834555744, "size_pct": 36.60213910633018, "own_anchor": {"time": 0.43787345819892, "size_pct": 36.999728556810254, "on_frontier": false, "dominating_ids": ["539", "575", "578"], "conditional_geometry_weight": 0, "size_gap_pp": 0.4493958650476486}, "fixed_427": {"time": 0.4340844857247199, "size_pct": 36.859371565647756, "on_frontier": false, "dominating_ids": ["539", "575", "578"], "conditional_geometry_weight": 0, "size_gap_pp": 0.30903887388515017}, "stress_1pct": {"time": 0.4422521927809092, "size_pct": 36.999728556810254, "on_frontier": false, "dominating_ids": ["511", "539", "546", "555", "575", "578"], "conditional_geometry_weight": 0, "size_gap_pp": 0.8238550157184079}, "time_change_pct_vs_fast3": [0.0, 0.0], "size_change_pp_vs_fast3": 0.0, "equivalence": null}, {"candidate": "probe3", "control": true, "blocks": [1, 2], "time": 0.458784656425679, "size_pct": 35.92083771476539, "own_anchor": {"time": 0.46614327772931885, "size_pct": 36.173282125166494, "on_frontier": false, "dominating_ids": ["464", "528", "534", "543", "580"], "conditional_geometry_weight": 0, "size_gap_pp": 0.47576138697611725}, "fixed_427": {"time": 0.4653924819396293, "size_pct": 36.173282125166494, "on_frontier": false, "dominating_ids": ["464", "534", "543", "580"], "conditional_geometry_weight": 0, "size_gap_pp": 0.4163487968876325}, "stress_1pct": {"time": 0.47080471050661205, "size_pct": 36.173282125166494, "on_frontier": false, "dominating_ids": ["464", "528", "534", "543", "580"], "conditional_geometry_weight": 0, "size_gap_pp": 0.47576138697611725}, "time_change_pct_vs_fast3": [7.084287740343642, 7.340696267377544], "size_change_pp_vs_fast3": -0.6813013915647872, "equivalence": null}, {"candidate": "public432", "control": true, "blocks": [1, 2], "time": 0.432428588375108, "size_pct": 36.52435870548103, "own_anchor": {"time": 0.4413850574969763, "size_pct": 36.91273515631194, "on_frontier": false, "dominating_ids": ["511", "539", "546", "555", "575", "578"], "conditional_geometry_weight": 0, "size_gap_pp": 0.7368616152200929}, "fixed_427": {"time": 0.43865681030713205, "size_pct": 36.781044539812044, "on_frontier": false, "dominating_ids": ["539", "575", "578"], "conditional_geometry_weight": 0, "size_gap_pp": 0.23071184804943812}, "stress_1pct": {"time": 0.4457989080719461, "size_pct": 36.91273515631194, "on_frontier": false, "dominating_ids": ["511", "539", "543", "546", "555", "575", "578"], "conditional_geometry_weight": 0, "size_gap_pp": 0.8773504757643167}, "time_change_pct_vs_fast3": [1.2761337431696163, 0.8302677257198798], "size_change_pp_vs_fast3": -0.07778040084915006, "equivalence": null}], "gates": {}, "failures": []}
round18	Run standard candidate checks and paired measurements	2026-10-09T19:31:37.2953963Z ROUND4_PHASE {"phase": "gate", "summary": [{"candidate": "r18-586-selective-rf", "control": false, "blocks": [1, 2], "time": 4.086184176736477, "size_pct": 33.83695542850007, "own_anchor": {"time": 4.146276576660306, "size_pct": 34.09894646185279, "on_frontier": true, "dominating_ids": [], "conditional_geometry_weight": 0.02436602090105101, "size_gap_pp": 0}, "fixed_427": {"time": 4.145037043064001, "size_pct": 34.07475473403812, "on_frontier": true, "dominating_ids": [], "conditional_geometry_weight": 0.0017431811785998397, "size_gap_pp": 0}, "stress_1pct": {"time": 4.191325168587114, "size_pct": 34.09894646185279, "on_frontier": true, "dominating_ids": [], "conditional_geometry_weight": 0.021579301185540047, "size_gap_pp": 0}, "time_change_pct_vs_fast3": [852.8962740193997, 856.8895155470605], "size_change_pp_vs_fast3": -2.765183677830109, "equivalence": null}, {"candidate": "public586", "control": true, "blocks": [1, 2], "time": 6.227612675004977, "size_pct": 33.83321359176538, "own_anchor": {"time": 6.319201074876348, "size_pct": 34.09517565301762, "on_frontier": false, "dominating_ids": ["588"], "conditional_geometry_weight": 0, "size_gap_pp": 9.0739072433621e-05}, "fixed_427": {"time": 6.317308303114031, "size_pct": 34.07098660042873, "on_frontier": true, "dominating_ids": [], "conditional_geometry_weight": 0.001570492312042662, "size_gap_pp": 0}, "stress_1pct": {"time": 6.382393085625112, "size_pct": 34.09517565301762, "on_frontier": false, "dominating_ids": ["588"], "conditional_geometry_weight": 0, "size_gap_pp": 9.0739072433621e-05}, "time_change_pct_vs_fast3": [1353.521857402062, 1357.1155379465488], "size_change_pp_vs_fast3": -2.768925514564799, "equivalence": null}, {"candidate": "public586-shadow", "control": true, "blocks": [1, 2], "time": 6.231012088197711, "size_pct": 33.83321359176538, "own_anchor": {"time": 6.3226446020270295, "size_pct": 34.09517565301762, "on_frontier": false, "dominating_ids": ["588"], "conditional_geometry_weight": 0, "size_gap_pp": 9.0739072433621e-05}, "fixed_427": {"time": 6.320756677685297, "size_pct": 34.07098660042873, "on_frontier": true, "dominating_ids": [], "conditional_geometry_weight": 0.0015704660447178134, "size_gap_pp": 0}, "stress_1pct": {"time": 6.39469702500174, "size_pct": 34.09517565301762, "on_frontier": false, "dominating_ids": ["588"], "conditional_geometry_weight": 0, "size_gap_pp": 9.0739072433621e-05}, "time_change_pct_vs_fast3": [1352.3039042123974, 1359.9245566019522], "size_change_pp_vs_fast3": -2.768925514564799, "equivalence": null}, {"candidate": "base586", "control": true, "blocks": [1, 2], "time": 3.6586912723396092, "size_pct": 33.84288035119642, "own_anchor": {"time": 3.712500817316103, "size_pct": 34.104917259735025, "on_frontier": false, "dominating_ids": ["472", "532"], "conditional_geometry_weight": 0, "size_gap_pp": 0.002060264944098833}, "fixed_427": {"time": 3.7113870048546946, "size_pct": 34.080721295897476, "on_frontier": true, "dominating_ids": [], "conditional_geometry_weight": 0.0014576365536579099, "size_gap_pp": 0}, "stress_1pct": {"time": 3.752355178968666, "size_pct": 34.104917259735025, "on_frontier": false, "dominating_ids": ["472", "532"], "conditional_geometry_weight": 0, "size_gap_pp": 0.002060264944098833}, "time_change_pct_vs_fast3": [754.5588145692515, 755.4253859323268], "size_change_pp_vs_fast3": -2.7592587551337573, "equivalence": null}, {"candidate": "public514", "control": true, "blocks": [1, 2], "time": 0.42547217539536614, "size_pct": 36.20314548923299, "own_anchor": {"time": 0.4322682082556498, "size_pct": 36.65058590774305, "on_frontier": false, "dominating_ids": ["539"], "conditional_geometry_weight": 0, "size_gap_pp": 0.014138503906806932}, "fixed_427": {"time": 0.43160020486774864, "size_pct": 36.45757390179582, "on_frontier": true, "dominating_ids": [], "conditional_geometry_weight": 0.26011368470844526, "size_gap_pp": 0}, "stress_1pct": {"time": 0.4365908903382063, "size_pct": 36.65058590774305, "on_frontier": false, "dominating_ids": ["539", "575", "578"], "conditional_geometry_weight": 0, "size_gap_pp": 0.10025321598044457}, "time_change_pct_vs_fast3": [-0.5960451699838831, -0.5485352126410104], "size_change_pp_vs_fast3": -0.39899361709719017, "equivalence": null}, {"candidate": "r3-432-fast3", "control": true, "blocks": [1, 2], "time": 0.4279211834555744, "size_pct": 36.60213910633018, "own_anchor": {"time": 0.43787345819892, "size_pct": 36.999728556810254, "on_frontier": false, "dominating_ids": ["539", "575", "578"], "conditional_geometry_weight": 0, "size_gap_pp": 0.4493958650476486}, "fixed_427": {"time": 0.4340844857247199, "size_pct": 36.859371565647756, "on_frontier": false, "dominating_ids": ["539", "575", "578"], "conditional_geometry_weight": 0, "size_gap_pp": 0.30903887388515017}, "stress_1pct": {"time": 0.4422521927809092, "size_pct": 36.999728556810254, "on_frontier": false, "dominating_ids": ["511", "539", "546", "555", "575", "578"], "conditional_geometry_weight": 0, "size_gap_pp": 0.8238550157184079}, "time_change_pct_vs_fast3": [0.0, 0.0], "size_change_pp_vs_fast3": 0.0, "equivalence": null}, {"candidate": "probe3", "control": true, "blocks": [1, 2], "time": 0.458784656425679, "size_pct": 35.92083771476539, "own_anchor": {"time": 0.46614327772931885, "size_pct": 36.173282125166494, "on_frontier": false, "dominating_ids": ["464", "528", "534", "543", "580"], "conditional_geometry_weight": 0, "size_gap_pp": 0.47576138697611725}, "fixed_427": {"time": 0.4653924819396293, "size_pct": 36.173282125166494, "on_frontier": false, "dominating_ids": ["464", "534", "543", "580"], "conditional_geometry_weight": 0, "size_gap_pp": 0.4163487968876325}, "stress_1pct": {"time": 0.47080471050661205, "size_pct": 36.173282125166494, "on_frontier": false, "dominating_ids": ["464", "528", "534", "543", "580"], "conditional_geometry_weight": 0, "size_gap_pp": 0.47576138697611725}, "time_change_pct_vs_fast3": [7.084287740343642, 7.340696267377544], "size_change_pp_vs_fast3": -0.6813013915647872, "equivalence": null}, {"candidate": "public432", "control": true, "blocks": [1, 2], "time": 0.432428588375108, "size_pct": 36.52435870548103, "own_anchor": {"time": 0.4413850574969763, "size_pct": 36.91273515631194, "on_frontier": false, "dominating_ids": ["511", "539", "546", "555", "575", "578"], "conditional_geometry_weight": 0, "size_gap_pp": 0.7368616152200929}, "fixed_427": {"time": 0.43865681030713205, "size_pct": 36.781044539812044, "on_frontier": false, "dominating_ids": ["539", "575", "578"], "conditional_geometry_weight": 0, "size_gap_pp": 0.23071184804943812}, "stress_1pct": {"time": 0.4457989080719461, "size_pct": 36.91273515631194, "on_frontier": false, "dominating_ids": ["511", "539", "543", "546", "555", "575", "578"], "conditional_geometry_weight": 0, "size_gap_pp": 0.8773504757643167}, "time_change_pct_vs_fast3": [1.2761337431696163, 0.8302677257198798], "size_change_pp_vs_fast3": -0.07778040084915006, "equivalence": null}], "gates": {}, "failures": []}
round18	Preserve all original text evidence	﻿2026-10-09T19:31:37.3207621Z ##[group]Run actions/upload-artifact@ea165f8d65b6e75b540449e92b4886f43607fa02
round18	Preserve all original text evidence	2026-10-09T19:31:37.3208041Z with:
round18	Preserve all original text evidence	2026-10-09T19:31:37.3208258Z   name: r18-37978486384-screen-t-gate
round18	Preserve all original text evidence	2026-10-09T19:31:37.3208556Z   path: /home/runner/work/_temp/round4-receipts/
round18	Preserve all original text evidence	2026-10-09T19:31:37.3208850Z   retention-days: 1
round18	Preserve all original text evidence	2026-10-09T19:31:37.3209067Z   compression-level: 9
round18	Preserve all original text evidence	2026-10-09T19:31:37.3209299Z   if-no-files-found: warn
round18	Preserve all original text evidence	2026-10-09T19:31:37.3209526Z   overwrite: false
round18	Preserve all original text evidence	2026-10-09T19:31:37.3209752Z   include-hidden-files: false
round18	Preserve all original text evidence	2026-10-09T19:31:37.3209988Z env:
round18	Preserve all original text evidence	2026-10-09T19:31:37.3210179Z   ROUND4_SPEC: screen-t
round18	Preserve all original text evidence	2026-10-09T19:31:37.3210415Z   ROUND4_SPEC_DIR: evidence/round18
round18	Preserve all original text evidence	2026-10-09T19:31:37.3210834Z   ROUND18_MODE: standard
round18	Preserve all original text evidence	2026-10-09T19:31:37.3211117Z   DEFLATE_ROOT: /home/runner/work/_temp/deflate-upstream
round18	Preserve all original text evidence	2026-10-09T19:31:37.3211538Z   ELAN_HOME: /home/runner/work/_temp/deflate-upstream/validator/.work/elan
round18	Preserve all original text evidence	2026-10-09T19:31:37.3211952Z   XDG_CACHE_HOME: /home/runner/work/_temp/deflate-cache
round18	Preserve all original text evidence	2026-10-09T19:31:37.3212552Z   UV_CACHE_DIR: /home/runner/work/_temp/deflate-cache/uv
round18	Preserve all original text evidence	2026-10-09T19:31:37.3212863Z   XDG_RUNTIME_DIR: /run/user/1001
round18	Preserve all original text evidence	2026-10-09T19:31:37.3213161Z   DBUS_SESSION_BUS_ADDRESS: unix:path=/run/user/1001/bus
round18	Preserve all original text evidence	2026-10-09T19:31:37.3213468Z   VERIFY_CORPUS: corpus-stage1
round18	Preserve all original text evidence	2026-10-09T19:31:37.3213715Z   VERIFY_SANDBOX: bwrap
round18	Preserve all original text evidence	2026-10-09T19:31:37.3213938Z   GIT_TERMINAL_PROMPT: 0
round18	Preserve all original text evidence	2026-10-09T19:31:37.3214155Z ##[endgroup]
round18	Preserve all original text evidence	2026-10-09T19:31:37.5994092Z (node:7451) [DEP0040] DeprecationWarning: The `punycode` module is deprecated. Please use a userland alternative instead.
round18	Preserve all original text evidence	2026-10-09T19:31:37.5994842Z (Use `node --trace-deprecation ...` to show where the warning was created)
round18	Preserve all original text evidence	2026-10-09T19:31:37.6135405Z With the provided path, there will be 33 files uploaded
round18	Preserve all original text evidence	2026-10-09T19:31:37.6161133Z Artifact name is valid!
round18	Preserve all original text evidence	2026-10-09T19:31:37.6161523Z Root directory input is valid!
round18	Preserve all original text evidence	2026-10-09T19:31:37.9510266Z Beginning upload of artifact content to blob storage
round18	Preserve all original text evidence	2026-10-09T19:31:38.1716755Z (node:7451) [DEP0169] DeprecationWarning: `url.parse()` behavior is not standardized and prone to errors that have security implications. Use the WHATWG URL API instead. CVEs are not issued for `url.parse()` vulnerabilities.
round18	Preserve all original text evidence	2026-10-09T19:31:38.5748812Z Uploaded bytes 489757
round18	Preserve all original text evidence	2026-10-09T19:31:38.6292170Z Finished uploading artifact content to blob storage!
round18	Preserve all original text evidence	2026-10-09T19:31:38.6293343Z SHA256 digest of uploaded artifact zip is c4b8e72a77a14a7590a186196e18a36a0a6395469275f6f312b5ee24c35dac94
round18	Preserve all original text evidence	2026-10-09T19:31:38.6295336Z Finalizing artifact upload
round18	Preserve all original text evidence	2026-10-09T19:31:38.8904037Z Artifact r18-37978486384-screen-t-gate.zip successfully finalized. Artifact ID 11640053780
round18	Preserve all original text evidence	2026-10-09T19:31:38.8905738Z Artifact r18-37978486384-screen-t-gate has been successfully uploaded! Final size is 489757 bytes. Artifact ID is 11640053780
round18	Preserve all original text evidence	2026-10-09T19:31:38.8911783Z Artifact download URL: https://github.com/HuanHuanHuanFFF/Miner/actions/runs/37978486384/artifacts/11640053780
round18	Post Run actions/checkout@11d5960a326750d5838078e36cf38b85af677262	﻿2026-10-09T19:31:38.9171404Z Post job cleanup.
round18	Post Run actions/checkout@11d5960a326750d5838078e36cf38b85af677262	2026-10-09T19:31:39.0102860Z [command]/usr/bin/git version
round18	Post Run actions/checkout@11d5960a326750d5838078e36cf38b85af677262	2026-10-09T19:31:39.0149279Z git version 2.55.0
round18	Post Run actions/checkout@11d5960a326750d5838078e36cf38b85af677262	2026-10-09T19:31:39.0187597Z Temporarily overriding HOME='/home/runner/work/_temp/be81f847-84ad-4aa8-bc7d-6659edf93abc' before making global git config changes
round18	Post Run actions/checkout@11d5960a326750d5838078e36cf38b85af677262	2026-10-09T19:31:39.0189300Z Adding repository directory to the temporary git global config as a safe directory
round18	Post Run actions/checkout@11d5960a326750d5838078e36cf38b85af677262	2026-10-09T19:31:39.0193246Z [command]/usr/bin/git config --global --add safe.directory /home/runner/work/Miner/Miner
round18	Post Run actions/checkout@11d5960a326750d5838078e36cf38b85af677262	2026-10-09T19:31:39.0237318Z [command]/usr/bin/git config --local --name-only --get-regexp core\.sshCommand
round18	Post Run actions/checkout@11d5960a326750d5838078e36cf38b85af677262	2026-10-09T19:31:39.0274483Z [command]/usr/bin/git submodule foreach --recursive sh -c "git config --local --name-only --get-regexp 'core\.sshCommand' && git config --local --unset-all 'core.sshCommand' || :"
round18	Post Run actions/checkout@11d5960a326750d5838078e36cf38b85af677262	2026-10-09T19:31:39.0570136Z [command]/usr/bin/git config --local --name-only --get-regexp http\.https\:\/\/github\.com\/\.extraheader
round18	Post Run actions/checkout@11d5960a326750d5838078e36cf38b85af677262	2026-10-09T19:31:39.0614586Z [command]/usr/bin/git submodule foreach --recursive sh -c "git config --local --name-only --get-regexp 'http\.https\:\/\/github\.com\/\.extraheader' && git config --local --unset-all 'http.https://github.com/.extraheader' || :"
round18	Post Run actions/checkout@11d5960a326750d5838078e36cf38b85af677262	2026-10-09T19:31:39.0913721Z [command]/usr/bin/git config --local --name-only --get-regexp ^includeIf\.gitdir:
round18	Post Run actions/checkout@11d5960a326750d5838078e36cf38b85af677262	2026-10-09T19:31:39.0952753Z [command]/usr/bin/git submodule foreach --recursive git config --local --show-origin --name-only --get-regexp remote.origin.url
round18	Complete job	﻿2026-10-09T19:31:39.1403254Z Cleaning up orphan processes
round18	Complete job	2026-10-09T19:31:39.1858523Z ##[warning]Node.js 20 is deprecated. The following actions target Node.js 20 but are being forced to run on Node.js 24: actions/checkout@11d5960a326750d5838078e36cf38b85af677262, actions/upload-artifact@ea165f8d65b6e75b540449e92b4886f43607fa02. For more information see: https://github.blog/changelog/2025-09-19-deprecation-of-node-20-on-github-actions-runners/
